  0
SECTION
  2
HEADER
  9
$ANGBASE
  50
0.0
  9
$ANGDIR
  70
1
  9
$MEASUREMENT
  70
0
  0
ENDSEC
  0
SECTION
  2
TABLES
  0
TABLE
  2
LTYPE
  70
4
  0
LTYPE
  5
40F
  2
CONTINUOUS
  70
0
  3
Solid line
  72
65
  73
0
  40
0.0
  0
LTYPE
  5
410
  2
DASHDOT
 70
0
  3
Dash Dot ____ _ ____ _
 72
65
 73
4
 40
2.0
 49
1.25
 49
-0.25
 49
0.25
 49
-0.25
  0
LTYPE
  5
411
  2
DASHED
 70
0
  3
Dashed __ __ __ __ __
 72
65
 73
2
 40
0.75
 49
0.5
 49
-0.25
  0
LTYPE
  5
43B
  2
DOTTED
 70
0
  3
Dotted .  .  .  .
 72
65
 73
2
 40
0.2
 49
0.0
 49
-0.2
  0
ENDTAB
  0
TABLE
  2
STYLE
  70
4
  0
STYLE
  2
KICAD
  70
0
  40
0
  41
1
  42
1
  50
0
  71
0
  3
isocp.shx
  0
STYLE
  2
KICADB
  70
0
  40
0
  41
1
  42
1
  50
0
  71
0
  3
isocp.shx
  0
STYLE
  2
KICADI
  70
0
  40
0
  41
1
  42
1
  50
15
  71
0
  3
isocp.shx
  0
STYLE
  2
KICADBI
  70
0
  40
0
  41
1
  42
1
  50
15
  71
0
  3
isocp.shx
  0
ENDTAB
  0
TABLE
  2
LAYER
  70
1
  0
LAYER
  2
BLACK
  70
0
  62
7
  6
CONTINUOUS
  0
ENDTAB
  0
ENDSEC
  0
SECTION
  2
ENTITIES
0
LINE
8
BLACK
6
CONTINUOUS
10
0.6335456692913386
20
0.2244492125984252
11
0.6418316929133858
21
0.2222289763779527
0
LINE
8
BLACK
6
CONTINUOUS
10
0.6418316929133858
20
0.2222289763779527
11
0.6496062992125984
21
0.2186036220472441
0
LINE
8
BLACK
6
CONTINUOUS
10
0.6496062992125984
20
0.2186036220472441
11
0.6566332677165354
21
0.2136833070866142
0
LINE
8
BLACK
6
CONTINUOUS
10
0.6566332677165354
20
0.2136833070866142
11
0.6626990551181102
21
0.2076175196850394
0
LINE
8
BLACK
6
CONTINUOUS
10
0.6626990551181102
20
0.2076175196850394
11
0.6676193700787402
21
0.2005905511811024
0
LINE
8
BLACK
6
CONTINUOUS
10
0.6676193700787402
20
0.2005905511811024
11
0.6712447244094488
21
0.1928159448818898
0
LINE
8
BLACK
6
CONTINUOUS
10
0.6712447244094488
20
0.1928159448818898
11
0.6734649606299212
21
0.1845299212598425
0
LINE
8
BLACK
6
CONTINUOUS
10
0.6734649606299212
20
0.1845299212598425
11
0.6742125984251969
21
0.1759842519685039
0
LINE
8
BLACK
6
CONTINUOUS
10
0.6742125984251969
20
0.1759842519685039
11
0.6734649606299212
21
0.1674385826771654
0
LINE
8
BLACK
6
CONTINUOUS
10
0.6734649606299212
20
0.1674385826771654
11
0.6712447244094488
21
0.1591525590551181
0
LINE
8
BLACK
6
CONTINUOUS
10
0.6712447244094488
20
0.1591525590551181
11
0.6676193700787402
21
0.1513779527559055
0
LINE
8
BLACK
6
CONTINUOUS
10
0.6676193700787402
20
0.1513779527559055
11
0.6626990551181102
21
0.1443509842519685
0
LINE
8
BLACK
6
CONTINUOUS
10
0.6626990551181102
20
0.1443509842519685
11
0.6566332677165354
21
0.1382851968503937
0
LINE
8
BLACK
6
CONTINUOUS
10
0.6566332677165354
20
0.1382851968503937
11
0.6496062992125984
21
0.1333648818897638
0
LINE
8
BLACK
6
CONTINUOUS
10
0.6496062992125984
20
0.1333648818897638
11
0.6418316929133858
21
0.1297395275590551
0
LINE
8
BLACK
6
CONTINUOUS
10
0.6418316929133858
20
0.1297395275590551
11
0.6335456692913386
21
0.1275192913385827
0
LINE
8
BLACK
6
CONTINUOUS
10
0.6335456692913386
20
0.1275192913385827
11
0.625
21
0.1267716535433071
0
LINE
8
BLACK
6
CONTINUOUS
10
0.625
20
0.1267716535433071
11
0.6164543307086614
21
0.1275192913385827
0
LINE
8
BLACK
6
CONTINUOUS
10
0.6164543307086614
20
0.1275192913385827
11
0.6081683070866142
21
0.1297395275590551
0
LINE
8
BLACK
6
CONTINUOUS
10
0.6081683070866142
20
0.1297395275590551
11
0.6003937007874015
21
0.1333648818897638
0
LINE
8
BLACK
6
CONTINUOUS
10
0.6003937007874015
20
0.1333648818897638
11
0.5933667322834646
21
0.1382851968503937
0
LINE
8
BLACK
6
CONTINUOUS
10
0.5933667322834646
20
0.1382851968503937
11
0.5873009448818898
21
0.1443509842519685
0
LINE
8
BLACK
6
CONTINUOUS
10
0.5873009448818898
20
0.1443509842519685
11
0.5823806299212598
21
0.1513779527559055
0
LINE
8
BLACK
6
CONTINUOUS
10
0.5823806299212598
20
0.1513779527559055
11
0.5787552755905512
21
0.1591525590551181
0
LINE
8
BLACK
6
CONTINUOUS
10
0.5787552755905512
20
0.1591525590551181
11
0.5765350393700788
21
0.1674385826771654
0
LINE
8
BLACK
6
CONTINUOUS
10
0.5765350393700788
20
0.1674385826771654
11
0.5757874015748031
21
0.1759842519685039
0
LINE
8
BLACK
6
CONTINUOUS
10
0.5757874015748031
20
0.1759842519685039
11
0.5765350393700788
21
0.1845299212598425
0
LINE
8
BLACK
6
CONTINUOUS
10
0.5765350393700788
20
0.1845299212598425
11
0.5787552755905512
21
0.1928159448818898
0
LINE
8
BLACK
6
CONTINUOUS
10
0.5787552755905512
20
0.1928159448818898
11
0.5823806299212598
21
0.2005905511811024
0
LINE
8
BLACK
6
CONTINUOUS
10
0.5823806299212598
20
0.2005905511811024
11
0.5873009448818898
21
0.2076175196850394
0
LINE
8
BLACK
6
CONTINUOUS
10
0.5873009448818898
20
0.2076175196850394
11
0.5933667322834646
21
0.2136833070866142
0
LINE
8
BLACK
6
CONTINUOUS
10
0.5933667322834646
20
0.2136833070866142
11
0.6003937007874015
21
0.2186036220472441
0
LINE
8
BLACK
6
CONTINUOUS
10
0.6003937007874015
20
0.2186036220472441
11
0.6081683070866142
21
0.2222289763779527
0
LINE
8
BLACK
6
CONTINUOUS
10
0.6081683070866142
20
0.2222289763779527
11
0.6164543307086614
21
0.2244492125984252
0
LINE
8
BLACK
6
CONTINUOUS
10
0.6164543307086614
20
0.2244492125984252
11
0.625
21
0.2251968503937008
0
LINE
8
BLACK
6
CONTINUOUS
10
0.625
20
0.2251968503937008
11
0.6335456692913386
21
0.2244492125984252
0
LINE
8
BLACK
6
CONTINUOUS
10
1.1835456692913386
20
0.2244492125984252
11
1.1918316929133859
21
0.2222289763779527
0
LINE
8
BLACK
6
CONTINUOUS
10
1.1918316929133859
20
0.2222289763779527
11
1.1996062992125984
21
0.2186036220472441
0
LINE
8
BLACK
6
CONTINUOUS
10
1.1996062992125984
20
0.2186036220472441
11
1.2066332677165355
21
0.2136833070866142
0
LINE
8
BLACK
6
CONTINUOUS
10
1.2066332677165355
20
0.2136833070866142
11
1.2126990551181103
21
0.2076175196850394
0
LINE
8
BLACK
6
CONTINUOUS
10
1.2126990551181103
20
0.2076175196850394
11
1.2176193700787401
21
0.2005905511811024
0
LINE
8
BLACK
6
CONTINUOUS
10
1.2176193700787401
20
0.2005905511811024
11
1.2212447244094489
21
0.1928159448818898
0
LINE
8
BLACK
6
CONTINUOUS
10
1.2212447244094489
20
0.1928159448818898
11
1.2234649606299213
21
0.1845299212598425
0
LINE
8
BLACK
6
CONTINUOUS
10
1.2234649606299213
20
0.1845299212598425
11
1.2242125984251968
21
0.1759842519685039
0
LINE
8
BLACK
6
CONTINUOUS
10
1.2242125984251968
20
0.1759842519685039
11
1.2234649606299213
21
0.1674385826771654
0
LINE
8
BLACK
6
CONTINUOUS
10
1.2234649606299213
20
0.1674385826771654
11
1.2212447244094489
21
0.1591525590551181
0
LINE
8
BLACK
6
CONTINUOUS
10
1.2212447244094489
20
0.1591525590551181
11
1.2176193700787401
21
0.1513779527559055
0
LINE
8
BLACK
6
CONTINUOUS
10
1.2176193700787401
20
0.1513779527559055
11
1.2126990551181103
21
0.1443509842519685
0
LINE
8
BLACK
6
CONTINUOUS
10
1.2126990551181103
20
0.1443509842519685
11
1.2066332677165355
21
0.1382851968503937
0
LINE
8
BLACK
6
CONTINUOUS
10
1.2066332677165355
20
0.1382851968503937
11
1.1996062992125984
21
0.1333648818897638
0
LINE
8
BLACK
6
CONTINUOUS
10
1.1996062992125984
20
0.1333648818897638
11
1.1918316929133859
21
0.1297395275590551
0
LINE
8
BLACK
6
CONTINUOUS
10
1.1918316929133859
20
0.1297395275590551
11
1.1835456692913386
21
0.1275192913385827
0
LINE
8
BLACK
6
CONTINUOUS
10
1.1835456692913386
20
0.1275192913385827
11
1.175
21
0.1267716535433071
0
LINE
8
BLACK
6
CONTINUOUS
10
1.175
20
0.1267716535433071
11
1.1664543307086614
21
0.1275192913385827
0
LINE
8
BLACK
6
CONTINUOUS
10
1.1664543307086614
20
0.1275192913385827
11
1.1581683070866142
21
0.1297395275590551
0
LINE
8
BLACK
6
CONTINUOUS
10
1.1581683070866142
20
0.1297395275590551
11
1.1503937007874014
21
0.1333648818897638
0
LINE
8
BLACK
6
CONTINUOUS
10
1.1503937007874014
20
0.1333648818897638
11
1.1433667322834646
21
0.1382851968503937
0
LINE
8
BLACK
6
CONTINUOUS
10
1.1433667322834646
20
0.1382851968503937
11
1.1373009448818898
21
0.1443509842519685
0
LINE
8
BLACK
6
CONTINUOUS
10
1.1373009448818898
20
0.1443509842519685
11
1.1323806299212598
21
0.1513779527559055
0
LINE
8
BLACK
6
CONTINUOUS
10
1.1323806299212598
20
0.1513779527559055
11
1.1287552755905512
21
0.1591525590551181
0
LINE
8
BLACK
6
CONTINUOUS
10
1.1287552755905512
20
0.1591525590551181
11
1.1265350393700788
21
0.1674385826771654
0
LINE
8
BLACK
6
CONTINUOUS
10
1.1265350393700788
20
0.1674385826771654
11
1.1257874015748031
21
0.1759842519685039
0
LINE
8
BLACK
6
CONTINUOUS
10
1.1257874015748031
20
0.1759842519685039
11
1.1265350393700788
21
0.1845299212598425
0
LINE
8
BLACK
6
CONTINUOUS
10
1.1265350393700788
20
0.1845299212598425
11
1.1287552755905512
21
0.1928159448818898
0
LINE
8
BLACK
6
CONTINUOUS
10
1.1287552755905512
20
0.1928159448818898
11
1.1323806299212598
21
0.2005905511811024
0
LINE
8
BLACK
6
CONTINUOUS
10
1.1323806299212598
20
0.2005905511811024
11
1.1373009448818898
21
0.2076175196850394
0
LINE
8
BLACK
6
CONTINUOUS
10
1.1373009448818898
20
0.2076175196850394
11
1.1433667322834646
21
0.2136833070866142
0
LINE
8
BLACK
6
CONTINUOUS
10
1.1433667322834646
20
0.2136833070866142
11
1.1503937007874014
21
0.2186036220472441
0
LINE
8
BLACK
6
CONTINUOUS
10
1.1503937007874014
20
0.2186036220472441
11
1.1581683070866142
21
0.2222289763779527
0
LINE
8
BLACK
6
CONTINUOUS
10
1.1581683070866142
20
0.2222289763779527
11
1.1664543307086614
21
0.2244492125984252
0
LINE
8
BLACK
6
CONTINUOUS
10
1.1664543307086614
20
0.2244492125984252
11
1.175
21
0.2251968503937008
0
LINE
8
BLACK
6
CONTINUOUS
10
1.175
20
0.2251968503937008
11
1.1835456692913386
21
0.2244492125984252
0
LINE
8
BLACK
6
CONTINUOUS
10
1.7702755905511811
20
0.1307086614173228
11
1.6797244094488188
21
0.1307086614173228
0
LINE
8
BLACK
6
CONTINUOUS
10
1.6797244094488188
20
0.1307086614173228
11
1.6797244094488188
21
0.221259842519685
0
LINE
8
BLACK
6
CONTINUOUS
10
1.6797244094488188
20
0.221259842519685
11
1.7702755905511811
21
0.221259842519685
0
LINE
8
BLACK
6
CONTINUOUS
10
1.7702755905511811
20
0.221259842519685
11
1.7702755905511811
21
0.1307086614173228
0
LINE
8
BLACK
6
CONTINUOUS
10
1.828280905511811
20
0.2290901968503937
11
1.8299101968503937
21
0.227460905511811
0
LINE
8
BLACK
6
CONTINUOUS
10
1.8299101968503937
20
0.227460905511811
11
1.8307920078740156
21
0.2253320866141732
0
LINE
8
BLACK
6
CONTINUOUS
10
1.8307920078740156
20
0.2253320866141732
11
1.8308388976377952
21
0.2000443700787402
0
LINE
8
BLACK
6
CONTINUOUS
10
1.8308388976377952
20
0.2000443700787402
11
1.8549962204724408
21
0.2000892125984252
0
LINE
8
BLACK
6
CONTINUOUS
10
1.8549962204724408
20
0.2000892125984252
11
1.8561483464566928
21
0.1999757480314961
0
LINE
8
BLACK
6
CONTINUOUS
10
1.8561483464566928
20
0.1999757480314961
11
1.8582771653543306
21
0.199093937007874
0
LINE
8
BLACK
6
CONTINUOUS
10
1.8582771653543306
20
0.199093937007874
11
1.8599064566929133
21
0.1974646456692913
0
LINE
8
BLACK
6
CONTINUOUS
10
1.8599064566929133
20
0.1974646456692913
11
1.8607882677165355
21
0.1953358267716535
0
LINE
8
BLACK
6
CONTINUOUS
10
1.8607882677165355
20
0.1953358267716535
11
1.8607882677165355
21
0.1930315748031496
0
LINE
8
BLACK
6
CONTINUOUS
10
1.8607882677165355
20
0.1930315748031496
11
1.8599064566929133
21
0.1909027559055118
0
LINE
8
BLACK
6
CONTINUOUS
10
1.8599064566929133
20
0.1909027559055118
11
1.8582771653543306
21
0.1892734645669291
0
LINE
8
BLACK
6
CONTINUOUS
10
1.8582771653543306
20
0.1892734645669291
11
1.8561483464566928
21
0.1883916535433071
0
LINE
8
BLACK
6
CONTINUOUS
10
1.8561483464566928
20
0.1883916535433071
11
1.8308606299212598
21
0.1883447244094488
0
LINE
8
BLACK
6
CONTINUOUS
10
1.8308606299212598
20
0.1883447244094488
11
1.8309054724409448
21
0.1641874409448819
0
LINE
8
BLACK
6
CONTINUOUS
10
1.8309054724409448
20
0.1641874409448819
11
1.8307920078740156
21
0.1630353149606299
0
LINE
8
BLACK
6
CONTINUOUS
10
1.8307920078740156
20
0.1630353149606299
11
1.8299101968503937
21
0.1609064960629921
0
LINE
8
BLACK
6
CONTINUOUS
10
1.8299101968503937
20
0.1609064960629921
11
1.828280905511811
21
0.1592772047244095
0
LINE
8
BLACK
6
CONTINUOUS
10
1.828280905511811
20
0.1592772047244095
11
1.8261520866141732
21
0.1583953937007874
0
LINE
8
BLACK
6
CONTINUOUS
10
1.8261520866141732
20
0.1583953937007874
11
1.8238478346456692
21
0.1583953937007874
0
LINE
8
BLACK
6
CONTINUOUS
10
1.8238478346456692
20
0.1583953937007874
11
1.8217190157480314
21
0.1592772047244095
0
LINE
8
BLACK
6
CONTINUOUS
10
1.8217190157480314
20
0.1592772047244095
11
1.8200897244094487
21
0.1609064960629921
0
LINE
8
BLACK
6
CONTINUOUS
10
1.8200897244094487
20
0.1609064960629921
11
1.8192079133858268
21
0.1630353149606299
0
LINE
8
BLACK
6
CONTINUOUS
10
1.8192079133858268
20
0.1630353149606299
11
1.8191609842519685
21
0.1883229921259842
0
LINE
8
BLACK
6
CONTINUOUS
10
1.8191609842519685
20
0.1883229921259842
11
1.7950037401574803
21
0.1882781889763779
0
LINE
8
BLACK
6
CONTINUOUS
10
1.7950037401574803
20
0.1882781889763779
11
1.7938516141732284
21
0.1883916535433071
0
LINE
8
BLACK
6
CONTINUOUS
10
1.7938516141732284
20
0.1883916535433071
11
1.7917227952755905
21
0.1892734645669291
0
LINE
8
BLACK
6
CONTINUOUS
10
1.7917227952755905
20
0.1892734645669291
11
1.7900935039370078
21
0.1909027559055118
0
LINE
8
BLACK
6
CONTINUOUS
10
1.7900935039370078
20
0.1909027559055118
11
1.7892116929133859
21
0.1930315748031496
0
LINE
8
BLACK
6
CONTINUOUS
10
1.7892116929133859
20
0.1930315748031496
11
1.7892116929133859
21
0.1953358267716535
0
LINE
8
BLACK
6
CONTINUOUS
10
1.7892116929133859
20
0.1953358267716535
11
1.7900935039370078
21
0.1974646456692913
0
LINE
8
BLACK
6
CONTINUOUS
10
1.7900935039370078
20
0.1974646456692913
11
1.7917227952755905
21
0.199093937007874
0
LINE
8
BLACK
6
CONTINUOUS
10
1.7917227952755905
20
0.199093937007874
11
1.7938516141732284
21
0.1999757480314961
0
LINE
8
BLACK
6
CONTINUOUS
10
1.7938516141732284
20
0.1999757480314961
11
1.8191392519685039
21
0.2000226377952756
0
LINE
8
BLACK
6
CONTINUOUS
10
1.8191392519685039
20
0.2000226377952756
11
1.8190944488188976
21
0.2241799606299213
0
LINE
8
BLACK
6
CONTINUOUS
10
1.8190944488188976
20
0.2241799606299213
11
1.8192079133858268
21
0.2253320866141732
0
LINE
8
BLACK
6
CONTINUOUS
10
1.8192079133858268
20
0.2253320866141732
11
1.8200897244094487
21
0.227460905511811
0
LINE
8
BLACK
6
CONTINUOUS
10
1.8200897244094487
20
0.227460905511811
11
1.8217190157480314
21
0.2290901968503937
0
LINE
8
BLACK
6
CONTINUOUS
10
1.8217190157480314
20
0.2290901968503937
11
1.8238478346456692
21
0.2299720078740158
0
LINE
8
BLACK
6
CONTINUOUS
10
1.8238478346456692
20
0.2299720078740158
11
1.8261520866141732
21
0.2299720078740158
0
LINE
8
BLACK
6
CONTINUOUS
10
1.8261520866141732
20
0.2299720078740158
11
1.828280905511811
21
0.2290901968503937
0
LINE
8
BLACK
6
CONTINUOUS
10
0.164762874015748
20
0.4631412992125984
11
0.1668916929133858
21
0.4622594881889764
0
LINE
8
BLACK
6
CONTINUOUS
10
0.1668916929133858
20
0.4622594881889764
11
0.1685209842519685
21
0.4606301968503937
0
LINE
8
BLACK
6
CONTINUOUS
10
0.1685209842519685
20
0.4606301968503937
11
0.1694027952755905
21
0.4585013779527559
0
LINE
8
BLACK
6
CONTINUOUS
10
0.1694027952755905
20
0.4585013779527559
11
0.1694027952755905
21
0.4561971259842519
0
LINE
8
BLACK
6
CONTINUOUS
10
0.1694027952755905
20
0.4561971259842519
11
0.1685209842519685
21
0.4540683070866142
0
LINE
8
BLACK
6
CONTINUOUS
10
0.1685209842519685
20
0.4540683070866142
11
0.1668916929133858
21
0.4524390157480315
0
LINE
8
BLACK
6
CONTINUOUS
10
0.1668916929133858
20
0.4524390157480315
11
0.164762874015748
21
0.4515572047244094
0
LINE
8
BLACK
6
CONTINUOUS
10
0.164762874015748
20
0.4515572047244094
11
0.1351413385826772
21
0.4514742519685039
0
LINE
8
BLACK
6
CONTINUOUS
10
0.1351413385826772
20
0.4514742519685039
11
0.1685244488188976
21
0.4015699212598425
0
LINE
8
BLACK
6
CONTINUOUS
10
0.1685244488188976
20
0.4015699212598425
11
0.1690691338582677
21
0.4005483464566929
0
LINE
8
BLACK
6
CONTINUOUS
10
0.1690691338582677
20
0.4005483464566929
11
0.1691814173228346
21
0.3999806692913386
0
LINE
8
BLACK
6
CONTINUOUS
10
0.1691814173228346
20
0.3999806692913386
11
0.1694027952755905
21
0.3994462598425197
0
LINE
8
BLACK
6
CONTINUOUS
10
0.1694027952755905
20
0.3994462598425197
11
0.1694027952755905
21
0.3988614960629921
0
LINE
8
BLACK
6
CONTINUOUS
10
0.1694027952755905
20
0.3988614960629921
11
0.1695162598425197
21
0.3982879133858268
0
LINE
8
BLACK
6
CONTINUOUS
10
0.1695162598425197
20
0.3982879133858268
11
0.1694027952755905
21
0.3977205905511811
0
LINE
8
BLACK
6
CONTINUOUS
10
0.1694027952755905
20
0.3977205905511811
11
0.1694027952755905
21
0.3971420078740157
0
LINE
8
BLACK
6
CONTINUOUS
10
0.1694027952755905
20
0.3971420078740157
11
0.1691790157480315
21
0.396601811023622
0
LINE
8
BLACK
6
CONTINUOUS
10
0.1691790157480315
20
0.396601811023622
11
0.1690643700787401
21
0.3960285039370079
0
LINE
8
BLACK
6
CONTINUOUS
10
0.1690643700787401
20
0.3960285039370079
11
0.1687423622047244
21
0.3955476771653543
0
LINE
8
BLACK
6
CONTINUOUS
10
0.1687423622047244
20
0.3955476771653543
11
0.1685209842519685
21
0.3950131889763779
0
LINE
8
BLACK
6
CONTINUOUS
10
0.1685209842519685
20
0.3950131889763779
11
0.1681076377952756
21
0.3945998425196851
0
LINE
8
BLACK
6
CONTINUOUS
10
0.1681076377952756
20
0.3945998425196851
11
0.1677822440944882
21
0.394113937007874
0
LINE
8
BLACK
6
CONTINUOUS
10
0.1677822440944882
20
0.394113937007874
11
0.1673007086614173
21
0.3937929133858268
0
LINE
8
BLACK
6
CONTINUOUS
10
0.1673007086614173
20
0.3937929133858268
11
0.1668916929133858
21
0.3933838976377952
0
LINE
8
BLACK
6
CONTINUOUS
10
0.1668916929133858
20
0.3933838976377952
11
0.1663515748031496
21
0.393160157480315
0
LINE
8
BLACK
6
CONTINUOUS
10
0.1663515748031496
20
0.393160157480315
11
0.1658649606299213
21
0.3928357480314961
0
LINE
8
BLACK
6
CONTINUOUS
10
0.1658649606299213
20
0.3928357480314961
11
0.1652972834645669
21
0.3927234251968504
0
LINE
8
BLACK
6
CONTINUOUS
10
0.1652972834645669
20
0.3927234251968504
11
0.164762874015748
21
0.3925020866141732
0
LINE
8
BLACK
6
CONTINUOUS
10
0.164762874015748
20
0.3925020866141732
11
0.1641697637795275
21
0.3925003937007874
0
LINE
8
BLACK
6
CONTINUOUS
10
0.1641697637795275
20
0.3925003937007874
11
0.1636045669291339
21
0.3923886220472441
0
LINE
8
BLACK
6
CONTINUOUS
10
0.1636045669291339
20
0.3923886220472441
11
0.163061062992126
21
0.3924972834645669
0
LINE
8
BLACK
6
CONTINUOUS
10
0.163061062992126
20
0.3924972834645669
11
0.1242406692913386
21
0.3923886220472441
0
LINE
8
BLACK
6
CONTINUOUS
10
0.1242406692913386
20
0.3923886220472441
11
0.1230885433070866
21
0.3925020866141732
0
LINE
8
BLACK
6
CONTINUOUS
10
0.1230885433070866
20
0.3925020866141732
11
0.1209597244094488
21
0.3933838976377952
0
LINE
8
BLACK
6
CONTINUOUS
10
0.1209597244094488
20
0.3933838976377952
11
0.1193304330708661
21
0.3950131889763779
0
LINE
8
BLACK
6
CONTINUOUS
10
0.1193304330708661
20
0.3950131889763779
11
0.1184486220472441
21
0.3971420078740157
0
LINE
8
BLACK
6
CONTINUOUS
10
0.1184486220472441
20
0.3971420078740157
11
0.1184486220472441
21
0.3994462598425197
0
LINE
8
BLACK
6
CONTINUOUS
10
0.1184486220472441
20
0.3994462598425197
11
0.1193304330708661
21
0.4015750787401575
0
LINE
8
BLACK
6
CONTINUOUS
10
0.1193304330708661
20
0.4015750787401575
11
0.1209597244094488
21
0.4032043700787402
0
LINE
8
BLACK
6
CONTINUOUS
10
0.1209597244094488
20
0.4032043700787402
11
0.1230885433070866
21
0.4040861811023622
0
LINE
8
BLACK
6
CONTINUOUS
10
0.1230885433070866
20
0.4040861811023622
11
0.1527100393700787
21
0.4041690944881889
0
LINE
8
BLACK
6
CONTINUOUS
10
0.1527100393700787
20
0.4041690944881889
11
0.119326968503937
21
0.4540734645669291
0
LINE
8
BLACK
6
CONTINUOUS
10
0.119326968503937
20
0.4540734645669291
11
0.1187823228346457
21
0.4550950393700787
0
LINE
8
BLACK
6
CONTINUOUS
10
0.1187823228346457
20
0.4550950393700787
11
0.1186700393700787
21
0.4556625196850393
0
LINE
8
BLACK
6
CONTINUOUS
10
0.1186700393700787
20
0.4556625196850393
11
0.1184486220472441
21
0.4561971259842519
0
LINE
8
BLACK
6
CONTINUOUS
10
0.1184486220472441
20
0.4561971259842519
11
0.1184486220472441
21
0.4567818897637795
0
LINE
8
BLACK
6
CONTINUOUS
10
0.1184486220472441
20
0.4567818897637795
11
0.118335157480315
21
0.4573554724409449
0
LINE
8
BLACK
6
CONTINUOUS
10
0.118335157480315
20
0.4573554724409449
11
0.1184486220472441
21
0.4579227559055118
0
LINE
8
BLACK
6
CONTINUOUS
10
0.1184486220472441
20
0.4579227559055118
11
0.1184486220472441
21
0.4585013779527559
0
LINE
8
BLACK
6
CONTINUOUS
10
0.1184486220472441
20
0.4585013779527559
11
0.1186723622047244
21
0.4590415354330709
0
LINE
8
BLACK
6
CONTINUOUS
10
0.1186723622047244
20
0.4590415354330709
11
0.1187870472440945
21
0.4596148818897638
0
LINE
8
BLACK
6
CONTINUOUS
10
0.1187870472440945
20
0.4596148818897638
11
0.1191090157480315
21
0.4600956692913385
0
LINE
8
BLACK
6
CONTINUOUS
10
0.1191090157480315
20
0.4600956692913385
11
0.1193304330708661
21
0.4606301968503937
0
LINE
8
BLACK
6
CONTINUOUS
10
0.1193304330708661
20
0.4606301968503937
11
0.1197437401574803
21
0.4610435039370079
0
LINE
8
BLACK
6
CONTINUOUS
10
0.1197437401574803
20
0.4610435039370079
11
0.1200691732283465
21
0.4615294488188976
0
LINE
8
BLACK
6
CONTINUOUS
10
0.1200691732283465
20
0.4615294488188976
11
0.1205506692913386
21
0.4618504330708662
0
LINE
8
BLACK
6
CONTINUOUS
10
0.1205506692913386
20
0.4618504330708662
11
0.1209597244094488
21
0.4622594881889764
0
LINE
8
BLACK
6
CONTINUOUS
10
0.1209597244094488
20
0.4622594881889764
11
0.1214999212598425
21
0.4624832283464567
0
LINE
8
BLACK
6
CONTINUOUS
10
0.1214999212598425
20
0.4624832283464567
11
0.1219864566929134
21
0.4628075984251969
0
LINE
8
BLACK
6
CONTINUOUS
10
0.1219864566929134
20
0.4628075984251969
11
0.122553937007874
21
0.462919842519685
0
LINE
8
BLACK
6
CONTINUOUS
10
0.122553937007874
20
0.462919842519685
11
0.1230885433070866
21
0.4631412992125984
0
LINE
8
BLACK
6
CONTINUOUS
10
0.1230885433070866
20
0.4631412992125984
11
0.1236816929133858
21
0.4631429527559055
0
LINE
8
BLACK
6
CONTINUOUS
10
0.1236816929133858
20
0.4631429527559055
11
0.1242468897637795
21
0.4632547637795276
0
LINE
8
BLACK
6
CONTINUOUS
10
0.1242468897637795
20
0.4632547637795276
11
0.1247903543307087
21
0.463146062992126
0
LINE
8
BLACK
6
CONTINUOUS
10
0.1247903543307087
20
0.463146062992126
11
0.1636107480314961
21
0.4632547637795276
0
LINE
8
BLACK
6
CONTINUOUS
10
0.1636107480314961
20
0.4632547637795276
11
0.164762874015748
21
0.4631412992125984
0
LINE
8
BLACK
6
CONTINUOUS
10
0.2007517716535433
20
0.4631973228346457
11
0.2009072834645669
21
0.4632083858267717
0
LINE
8
BLACK
6
CONTINUOUS
10
0.2009072834645669
20
0.4632083858267717
11
0.2010258267716535
21
0.4631703149606299
0
LINE
8
BLACK
6
CONTINUOUS
10
0.2010258267716535
20
0.4631703149606299
11
0.2013207874015748
21
0.4631412992125984
0
LINE
8
BLACK
6
CONTINUOUS
10
0.2013207874015748
20
0.4631412992125984
11
0.2020229133858268
21
0.4628504330708662
0
LINE
8
BLACK
6
CONTINUOUS
10
0.2020229133858268
20
0.4628504330708662
11
0.2104725984251968
21
0.4601395669291338
0
LINE
8
BLACK
6
CONTINUOUS
10
0.2104725984251968
20
0.4601395669291338
11
0.2115297244094488
21
0.4596675590551181
0
LINE
8
BLACK
6
CONTINUOUS
10
0.2115297244094488
20
0.4596675590551181
11
0.2116899606299213
21
0.4595285433070866
0
LINE
8
BLACK
6
CONTINUOUS
10
0.2116899606299213
20
0.4595285433070866
11
0.2118860236220472
21
0.4594473622047244
0
LINE
8
BLACK
6
CONTINUOUS
10
0.2118860236220472
20
0.4594473622047244
11
0.2127078346456693
21
0.458645748031496
0
LINE
8
BLACK
6
CONTINUOUS
10
0.2127078346456693
20
0.458645748031496
11
0.2132704330708661
21
0.4581578346456693
0
LINE
8
BLACK
6
CONTINUOUS
10
0.2132704330708661
20
0.4581578346456693
11
0.2133297637795276
21
0.4580391338582677
0
LINE
8
BLACK
6
CONTINUOUS
10
0.2133297637795276
20
0.4580391338582677
11
0.2184052362204724
21
0.4530886220472441
0
LINE
8
BLACK
6
CONTINUOUS
10
0.2184052362204724
20
0.4530886220472441
11
0.2187768897637795
21
0.452635748031496
0
LINE
8
BLACK
6
CONTINUOUS
10
0.2187768897637795
20
0.452635748031496
11
0.2188947244094488
21
0.4525335826771654
0
LINE
8
BLACK
6
CONTINUOUS
10
0.2188947244094488
20
0.4525335826771654
11
0.2189531889763779
21
0.4524209448818898
0
LINE
8
BLACK
6
CONTINUOUS
10
0.2189531889763779
20
0.4524209448818898
11
0.2191396850393701
21
0.4521937401574803
0
LINE
8
BLACK
6
CONTINUOUS
10
0.2191396850393701
20
0.4521937401574803
11
0.2194098818897638
21
0.4515413385826771
0
LINE
8
BLACK
6
CONTINUOUS
10
0.2194098818897638
20
0.4515413385826771
11
0.2223236220472441
21
0.4459295669291338
0
LINE
8
BLACK
6
CONTINUOUS
10
0.2223236220472441
20
0.4459295669291338
11
0.2223558661417323
21
0.4458451968503937
0
LINE
8
BLACK
6
CONTINUOUS
10
0.2223558661417323
20
0.4458451968503937
11
0.2223812598425197
21
0.4458109842519685
0
LINE
8
BLACK
6
CONTINUOUS
10
0.2223812598425197
20
0.4458109842519685
11
0.2224070866141732
21
0.4457114173228346
0
LINE
8
BLACK
6
CONTINUOUS
10
0.2224070866141732
20
0.4457114173228346
11
0.2227373622047244
21
0.4448483070866142
0
LINE
8
BLACK
6
CONTINUOUS
10
0.2227373622047244
20
0.4448483070866142
11
0.2227774409448819
21
0.4442840157480315
0
LINE
8
BLACK
6
CONTINUOUS
10
0.2227774409448819
20
0.4442840157480315
11
0.225582874015748
21
0.4334722047244094
0
LINE
8
BLACK
6
CONTINUOUS
10
0.225582874015748
20
0.4334722047244094
11
0.2256123622047244
21
0.4332725196850394
0
LINE
8
BLACK
6
CONTINUOUS
10
0.2256123622047244
20
0.4332725196850394
11
0.2256457480314961
21
0.4331920472440945
0
LINE
8
BLACK
6
CONTINUOUS
10
0.2256457480314961
20
0.4331920472440945
11
0.2256475984251969
21
0.4330344488188976
0
LINE
8
BLACK
6
CONTINUOUS
10
0.2256475984251969
20
0.4330344488188976
11
0.2257522440944882
21
0.432326968503937
0
LINE
8
BLACK
6
CONTINUOUS
10
0.2257522440944882
20
0.432326968503937
11
0.2256630708661417
21
0.4317277559055118
0
LINE
8
BLACK
6
CONTINUOUS
10
0.2256630708661417
20
0.4317277559055118
11
0.2257592125984252
21
0.4236034645669291
0
LINE
8
BLACK
6
CONTINUOUS
10
0.2257592125984252
20
0.4236034645669291
11
0.2257394094488189
21
0.4234025196850393
0
LINE
8
BLACK
6
CONTINUOUS
10
0.2257394094488189
20
0.4234025196850393
11
0.2257522440944882
21
0.4233164173228346
0
LINE
8
BLACK
6
CONTINUOUS
10
0.2257522440944882
20
0.4233164173228346
11
0.2257161417322835
21
0.4231664960629921
0
LINE
8
BLACK
6
CONTINUOUS
10
0.2257161417322835
20
0.4231664960629921
11
0.2256457480314961
21
0.4224513385826771
0
LINE
8
BLACK
6
CONTINUOUS
10
0.2256457480314961
20
0.4224513385826771
11
0.2254033464566929
21
0.4218662204724409
0
LINE
8
BLACK
6
CONTINUOUS
10
0.2254033464566929
20
0.4218662204724409
11
0.222770748031496
21
0.4109225984251968
0
LINE
8
BLACK
6
CONTINUOUS
10
0.222770748031496
20
0.4109225984251968
11
0.2227403543307087
21
0.4108375984251968
0
LINE
8
BLACK
6
CONTINUOUS
10
0.2227403543307087
20
0.4108375984251968
11
0.2227373622047244
21
0.4107950787401575
0
LINE
8
BLACK
6
CONTINUOUS
10
0.2227373622047244
20
0.4107950787401575
11
0.2226900393700787
21
0.4106967322834645
0
LINE
8
BLACK
6
CONTINUOUS
10
0.2226900393700787
20
0.4106967322834645
11
0.2223812598425197
21
0.4098324015748032
0
LINE
8
BLACK
6
CONTINUOUS
10
0.2223812598425197
20
0.4098324015748032
11
0.2220761023622047
21
0.4094205511811024
0
LINE
8
BLACK
6
CONTINUOUS
10
0.2220761023622047
20
0.4094205511811024
11
0.2195114566929134
21
0.4040895669291338
0
LINE
8
BLACK
6
CONTINUOUS
10
0.2195114566929134
20
0.4040895669291338
11
0.2191993700787402
21
0.4035938188976378
0
LINE
8
BLACK
6
CONTINUOUS
10
0.2191993700787402
20
0.4035938188976378
11
0.2191396850393701
21
0.4034496456692913
0
LINE
8
BLACK
6
CONTINUOUS
10
0.2191396850393701
20
0.4034496456692913
11
0.219052125984252
21
0.4033598818897638
0
LINE
8
BLACK
6
CONTINUOUS
10
0.219052125984252
20
0.4033598818897638
11
0.2188947244094488
21
0.4031098031496063
0
LINE
8
BLACK
6
CONTINUOUS
10
0.2188947244094488
20
0.4031098031496063
11
0.2183331102362205
21
0.4026227165354331
0
LINE
8
BLACK
6
CONTINUOUS
10
0.2183331102362205
20
0.4026227165354331
11
0.2127809448818898
21
0.3969304724409449
0
LINE
8
BLACK
6
CONTINUOUS
10
0.2127809448818898
20
0.3969304724409449
11
0.2118860236220472
21
0.3961960236220473
0
LINE
8
BLACK
6
CONTINUOUS
10
0.2118860236220472
20
0.3961960236220473
11
0.2116899606299213
21
0.3961148031496063
0
LINE
8
BLACK
6
CONTINUOUS
10
0.2116899606299213
20
0.3961148031496063
11
0.2115297244094488
21
0.3959758267716535
0
LINE
8
BLACK
6
CONTINUOUS
10
0.2115297244094488
20
0.3959758267716535
11
0.2104661417322835
21
0.395607874015748
0
LINE
8
BLACK
6
CONTINUOUS
10
0.2104661417322835
20
0.395607874015748
11
0.2097572047244095
21
0.3953142519685039
0
LINE
8
BLACK
6
CONTINUOUS
10
0.2097572047244095
20
0.3953142519685039
11
0.2096172834645669
21
0.3953142519685039
0
LINE
8
BLACK
6
CONTINUOUS
10
0.2096172834645669
20
0.3953142519685039
11
0.2020361417322835
21
0.3926916929133858
0
LINE
8
BLACK
6
CONTINUOUS
10
0.2020361417322835
20
0.3926916929133858
11
0.2014649606299213
21
0.392561811023622
0
LINE
8
BLACK
6
CONTINUOUS
10
0.2014649606299213
20
0.392561811023622
11
0.2013207874015748
21
0.3925020866141732
0
LINE
8
BLACK
6
CONTINUOUS
10
0.2013207874015748
20
0.3925020866141732
11
0.201192874015748
21
0.3924999212598425
0
LINE
8
BLACK
6
CONTINUOUS
10
0.201192874015748
20
0.3924999212598425
11
0.2009072834645669
21
0.392435
0
LINE
8
BLACK
6
CONTINUOUS
10
0.2009072834645669
20
0.392435
11
0.200222125984252
21
0.3924836614173228
0
LINE
8
BLACK
6
CONTINUOUS
10
0.200222125984252
20
0.3924836614173228
11
0.1945443700787401
21
0.3923886220472441
0
LINE
8
BLACK
6
CONTINUOUS
10
0.1945443700787401
20
0.3923886220472441
11
0.1939612204724409
21
0.3924460236220472
0
LINE
8
BLACK
6
CONTINUOUS
10
0.1939612204724409
20
0.3924460236220472
11
0.1938057480314961
21
0.392435
0
LINE
8
BLACK
6
CONTINUOUS
10
0.1938057480314961
20
0.392435
11
0.1936871653543307
21
0.392473031496063
0
LINE
8
BLACK
6
CONTINUOUS
10
0.1936871653543307
20
0.392473031496063
11
0.1933922440944882
21
0.3925020866141732
0
LINE
8
BLACK
6
CONTINUOUS
10
0.1933922440944882
20
0.3925020866141732
11
0.1926900393700787
21
0.3927929133858268
0
LINE
8
BLACK
6
CONTINUOUS
10
0.1926900393700787
20
0.3927929133858268
11
0.1842404330708661
21
0.3955038582677165
0
LINE
8
BLACK
6
CONTINUOUS
10
0.1842404330708661
20
0.3955038582677165
11
0.1831833070866142
21
0.3959758267716535
0
LINE
8
BLACK
6
CONTINUOUS
10
0.1831833070866142
20
0.3959758267716535
11
0.183023031496063
21
0.3961147637795275
0
LINE
8
BLACK
6
CONTINUOUS
10
0.183023031496063
20
0.3961147637795275
11
0.182826968503937
21
0.3961960236220473
0
LINE
8
BLACK
6
CONTINUOUS
10
0.182826968503937
20
0.3961960236220473
11
0.1818331496062992
21
0.3971467716535433
0
LINE
8
BLACK
6
CONTINUOUS
10
0.1818331496062992
20
0.3971467716535433
11
0.1814425590551181
21
0.3974855905511811
0
LINE
8
BLACK
6
CONTINUOUS
10
0.1814425590551181
20
0.3974855905511811
11
0.1814090551181102
21
0.3975525196850394
0
LINE
8
BLACK
6
CONTINUOUS
10
0.1814090551181102
20
0.3975525196850394
11
0.1791199606299212
21
0.3997425984251968
0
LINE
8
BLACK
6
CONTINUOUS
10
0.1791199606299212
20
0.3997425984251968
11
0.1783855118110236
21
0.4006375196850394
0
LINE
8
BLACK
6
CONTINUOUS
10
0.1783855118110236
20
0.4006375196850394
11
0.1775037401574803
21
0.4027663385826771
0
LINE
8
BLACK
6
CONTINUOUS
10
0.1775037401574803
20
0.4027663385826771
11
0.1775037401574803
21
0.4050705118110236
0
LINE
8
BLACK
6
CONTINUOUS
10
0.1775037401574803
20
0.4050705118110236
11
0.1783855118110236
21
0.4071993307086614
0
LINE
8
BLACK
6
CONTINUOUS
10
0.1783855118110236
20
0.4071993307086614
11
0.1800148818897638
21
0.4088287007874016
0
LINE
8
BLACK
6
CONTINUOUS
10
0.1800148818897638
20
0.4088287007874016
11
0.1821437007874016
21
0.4097104724409449
0
LINE
8
BLACK
6
CONTINUOUS
10
0.1821437007874016
20
0.4097104724409449
11
0.184447874015748
21
0.4097104724409449
0
LINE
8
BLACK
6
CONTINUOUS
10
0.184447874015748
20
0.4097104724409449
11
0.1865766929133858
21
0.4088287007874016
0
LINE
8
BLACK
6
CONTINUOUS
10
0.1865766929133858
20
0.4088287007874016
11
0.1893707480314961
21
0.4061555905511811
0
LINE
8
BLACK
6
CONTINUOUS
10
0.1893707480314961
20
0.4061555905511811
11
0.1957005118110236
21
0.4041248031496063
0
LINE
8
BLACK
6
CONTINUOUS
10
0.1957005118110236
20
0.4041248031496063
11
0.1994496456692913
21
0.4041875984251969
0
LINE
8
BLACK
6
CONTINUOUS
10
0.1994496456692913
20
0.4041875984251969
11
0.2055628346456693
21
0.4063023228346457
0
LINE
8
BLACK
6
CONTINUOUS
10
0.2055628346456693
20
0.4063023228346457
11
0.2095376771653543
21
0.4103774803149606
0
LINE
8
BLACK
6
CONTINUOUS
10
0.2095376771653543
20
0.4103774803149606
11
0.2116590551181102
21
0.4147870866141732
0
LINE
8
BLACK
6
CONTINUOUS
10
0.2116590551181102
20
0.4147870866141732
11
0.2140354330708661
21
0.4246654724409449
0
LINE
8
BLACK
6
CONTINUOUS
10
0.2140354330708661
20
0.4246654724409449
11
0.2139524015748031
21
0.4316817322834646
0
LINE
8
BLACK
6
CONTINUOUS
10
0.2139524015748031
20
0.4316817322834646
11
0.2113847637795276
21
0.4415773228346457
0
LINE
8
BLACK
6
CONTINUOUS
10
0.2113847637795276
20
0.4415773228346457
11
0.2092812204724409
21
0.4456287007874016
0
LINE
8
BLACK
6
CONTINUOUS
10
0.2092812204724409
20
0.4456287007874016
11
0.2053161811023622
21
0.4494961417322835
0
LINE
8
BLACK
6
CONTINUOUS
10
0.2053161811023622
20
0.4494961417322835
11
0.1990125984251968
21
0.4515185433070866
0
LINE
8
BLACK
6
CONTINUOUS
10
0.1990125984251968
20
0.4515185433070866
11
0.1952633070866142
21
0.4514557480314961
0
LINE
8
BLACK
6
CONTINUOUS
10
0.1952633070866142
20
0.4514557480314961
11
0.1892036614173228
21
0.4493595275590551
0
LINE
8
BLACK
6
CONTINUOUS
10
0.1892036614173228
20
0.4493595275590551
11
0.1874716141732283
21
0.4475491338582677
0
LINE
8
BLACK
6
CONTINUOUS
10
0.1874716141732283
20
0.4475491338582677
11
0.1865766929133858
21
0.4468146850393701
0
LINE
8
BLACK
6
CONTINUOUS
10
0.1865766929133858
20
0.4468146850393701
11
0.184447874015748
21
0.4459329133858267
0
LINE
8
BLACK
6
CONTINUOUS
10
0.184447874015748
20
0.4459329133858267
11
0.1821437007874016
21
0.4459329133858267
0
LINE
8
BLACK
6
CONTINUOUS
10
0.1821437007874016
20
0.4459329133858267
11
0.1800148818897638
21
0.4468146850393701
0
LINE
8
BLACK
6
CONTINUOUS
10
0.1800148818897638
20
0.4468146850393701
11
0.1783855118110236
21
0.4484440551181103
0
LINE
8
BLACK
6
CONTINUOUS
10
0.1783855118110236
20
0.4484440551181103
11
0.1775037401574803
21
0.450572874015748
0
LINE
8
BLACK
6
CONTINUOUS
10
0.1775037401574803
20
0.450572874015748
11
0.1775037401574803
21
0.4528770472440945
0
LINE
8
BLACK
6
CONTINUOUS
10
0.1775037401574803
20
0.4528770472440945
11
0.1783855118110236
21
0.4550058661417323
0
LINE
8
BLACK
6
CONTINUOUS
10
0.1783855118110236
20
0.4550058661417323
11
0.1819320866141732
21
0.4587129133858268
0
LINE
8
BLACK
6
CONTINUOUS
10
0.1819320866141732
20
0.4587129133858268
11
0.182826968503937
21
0.4594473622047244
0
LINE
8
BLACK
6
CONTINUOUS
10
0.182826968503937
20
0.4594473622047244
11
0.183023031496063
21
0.4595285826771653
0
LINE
8
BLACK
6
CONTINUOUS
10
0.183023031496063
20
0.4595285826771653
11
0.1831833070866142
21
0.4596675590551181
0
LINE
8
BLACK
6
CONTINUOUS
10
0.1831833070866142
20
0.4596675590551181
11
0.1842471653543307
21
0.4600355905511811
0
LINE
8
BLACK
6
CONTINUOUS
10
0.1842471653543307
20
0.4600355905511811
11
0.1849558267716535
21
0.460329094488189
0
LINE
8
BLACK
6
CONTINUOUS
10
0.1849558267716535
20
0.460329094488189
11
0.1850956299212598
21
0.460329094488189
0
LINE
8
BLACK
6
CONTINUOUS
10
0.1850956299212598
20
0.460329094488189
11
0.1926768503937008
21
0.4629516929133858
0
LINE
8
BLACK
6
CONTINUOUS
10
0.1926768503937008
20
0.4629516929133858
11
0.1932480708661417
21
0.4630815748031496
0
LINE
8
BLACK
6
CONTINUOUS
10
0.1932480708661417
20
0.4630815748031496
11
0.1933922440944882
21
0.4631412992125984
0
LINE
8
BLACK
6
CONTINUOUS
10
0.1933922440944882
20
0.4631412992125984
11
0.1935201181102362
21
0.4631434251968504
0
LINE
8
BLACK
6
CONTINUOUS
10
0.1935201181102362
20
0.4631434251968504
11
0.1938057480314961
21
0.4632083858267717
0
LINE
8
BLACK
6
CONTINUOUS
10
0.1938057480314961
20
0.4632083858267717
11
0.1944908661417323
21
0.4631596850393701
0
LINE
8
BLACK
6
CONTINUOUS
10
0.1944908661417323
20
0.4631596850393701
11
0.2001686614173228
21
0.4632547637795276
0
LINE
8
BLACK
6
CONTINUOUS
10
0.2001686614173228
20
0.4632547637795276
11
0.2007517716535433
21
0.4631973228346457
0
LINE
8
BLACK
6
CONTINUOUS
10
0.3053703149606299
20
0.4631412992125984
11
0.3074991338582677
21
0.4622594881889764
0
LINE
8
BLACK
6
CONTINUOUS
10
0.3074991338582677
20
0.4622594881889764
11
0.3091284251968504
21
0.4606301968503937
0
LINE
8
BLACK
6
CONTINUOUS
10
0.3091284251968504
20
0.4606301968503937
11
0.3100102362204724
21
0.4585013779527559
0
LINE
8
BLACK
6
CONTINUOUS
10
0.3100102362204724
20
0.4585013779527559
11
0.3101237007874016
21
0.3982941338582677
0
LINE
8
BLACK
6
CONTINUOUS
10
0.3101237007874016
20
0.3982941338582677
11
0.3100102362204724
21
0.3971420472440945
0
LINE
8
BLACK
6
CONTINUOUS
10
0.3100102362204724
20
0.3971420472440945
11
0.3100102362204724
21
0.3971420078740157
0
LINE
8
BLACK
6
CONTINUOUS
10
0.3100102362204724
20
0.3971420078740157
11
0.3091284251968504
21
0.3950131889763779
0
LINE
8
BLACK
6
CONTINUOUS
10
0.3091284251968504
20
0.3950131889763779
11
0.3074991338582677
21
0.3933838976377952
0
LINE
8
BLACK
6
CONTINUOUS
10
0.3074991338582677
20
0.3933838976377952
11
0.3053703149606299
21
0.3925020866141732
0
LINE
8
BLACK
6
CONTINUOUS
10
0.3053703149606299
20
0.3925020866141732
11
0.2817209842519685
21
0.3923886220472441
0
LINE
8
BLACK
6
CONTINUOUS
10
0.2817209842519685
20
0.3923886220472441
11
0.2805688582677165
21
0.3925020866141732
0
LINE
8
BLACK
6
CONTINUOUS
10
0.2805688582677165
20
0.3925020866141732
11
0.2803727559055118
21
0.3925833070866142
0
LINE
8
BLACK
6
CONTINUOUS
10
0.2803727559055118
20
0.3925833070866142
11
0.2801611811023622
21
0.3925983464566929
0
LINE
8
BLACK
6
CONTINUOUS
10
0.2801611811023622
20
0.3925983464566929
11
0.2790751181102362
21
0.3931208267716536
0
LINE
8
BLACK
6
CONTINUOUS
10
0.2790751181102362
20
0.3931208267716536
11
0.2784400393700787
21
0.3933838976377952
0
LINE
8
BLACK
6
CONTINUOUS
10
0.2784400393700787
20
0.3933838976377952
11
0.2783581889763779
21
0.3934657086614173
0
LINE
8
BLACK
6
CONTINUOUS
10
0.2783581889763779
20
0.3934657086614173
11
0.2734556692913386
21
0.3958242519685039
0
LINE
8
BLACK
6
CONTINUOUS
10
0.2734556692913386
20
0.3958242519685039
11
0.272959842519685
21
0.3961363385826772
0
LINE
8
BLACK
6
CONTINUOUS
10
0.272959842519685
20
0.3961363385826772
11
0.2728157874015748
21
0.3961960236220473
0
LINE
8
BLACK
6
CONTINUOUS
10
0.2728157874015748
20
0.3961960236220473
11
0.2727209842519685
21
0.3962866929133858
0
LINE
8
BLACK
6
CONTINUOUS
10
0.2727209842519685
20
0.3962866929133858
11
0.272475905511811
21
0.3964409842519685
0
LINE
8
BLACK
6
CONTINUOUS
10
0.272475905511811
20
0.3964409842519685
11
0.2720673622047244
21
0.3969120078740158
0
LINE
8
BLACK
6
CONTINUOUS
10
0.2720673622047244
20
0.3969120078740158
11
0.2691087401574803
21
0.3997425590551181
0
LINE
8
BLACK
6
CONTINUOUS
10
0.2691087401574803
20
0.3997425590551181
11
0.2687370866141732
21
0.4001953937007874
0
LINE
8
BLACK
6
CONTINUOUS
10
0.2687370866141732
20
0.4001953937007874
11
0.2686192125984252
21
0.4002976377952756
0
LINE
8
BLACK
6
CONTINUOUS
10
0.2686192125984252
20
0.4002976377952756
11
0.2685606692913386
21
0.4004103543307087
0
LINE
8
BLACK
6
CONTINUOUS
10
0.2685606692913386
20
0.4004103543307087
11
0.2683742913385826
21
0.4006374803149606
0
LINE
8
BLACK
6
CONTINUOUS
10
0.2683742913385826
20
0.4006374803149606
11
0.2681040944881889
21
0.4012897244094488
0
LINE
8
BLACK
6
CONTINUOUS
10
0.2681040944881889
20
0.4012897244094488
11
0.2651903543307086
21
0.4069016929133858
0
LINE
8
BLACK
6
CONTINUOUS
10
0.2651903543307086
20
0.4069016929133858
11
0.2647765748031496
21
0.4079829527559055
0
LINE
8
BLACK
6
CONTINUOUS
10
0.2647765748031496
20
0.4079829527559055
11
0.2647615354330708
21
0.4081945669291339
0
LINE
8
BLACK
6
CONTINUOUS
10
0.2647615354330708
20
0.4081945669291339
11
0.2646803543307086
21
0.4083905905511811
0
LINE
8
BLACK
6
CONTINUOUS
10
0.2646803543307086
20
0.4083905905511811
11
0.2646668897637795
21
0.4095262992125984
0
LINE
8
BLACK
6
CONTINUOUS
10
0.2646668897637795
20
0.4095262992125984
11
0.2646132677165354
21
0.4102813779527559
0
LINE
8
BLACK
6
CONTINUOUS
10
0.2646132677165354
20
0.4102813779527559
11
0.2646564173228346
21
0.410410905511811
0
LINE
8
BLACK
6
CONTINUOUS
10
0.2646564173228346
20
0.410410905511811
11
0.2645668897637795
21
0.4179791732283464
0
LINE
8
BLACK
6
CONTINUOUS
10
0.2645668897637795
20
0.4179791732283464
11
0.2646803543307086
21
0.4191312992125984
0
LINE
8
BLACK
6
CONTINUOUS
10
0.2646803543307086
20
0.4191312992125984
11
0.2647615354330708
21
0.4193272834645669
0
LINE
8
BLACK
6
CONTINUOUS
10
0.2647615354330708
20
0.4193272834645669
11
0.2647765748031496
21
0.419538937007874
0
LINE
8
BLACK
6
CONTINUOUS
10
0.2647765748031496
20
0.419538937007874
11
0.2652992125984252
21
0.4206253543307086
0
LINE
8
BLACK
6
CONTINUOUS
10
0.2652992125984252
20
0.4206253543307086
11
0.2655621653543307
21
0.4212601181102362
0
LINE
8
BLACK
6
CONTINUOUS
10
0.2655621653543307
20
0.4212601181102362
11
0.265643937007874
21
0.4213418897637795
0
LINE
8
BLACK
6
CONTINUOUS
10
0.265643937007874
20
0.4213418897637795
11
0.2680024803149606
21
0.4262444881889764
0
LINE
8
BLACK
6
CONTINUOUS
10
0.2680024803149606
20
0.4262444881889764
11
0.2683145669291339
21
0.4267402755905512
0
LINE
8
BLACK
6
CONTINUOUS
10
0.2683145669291339
20
0.4267402755905512
11
0.268374251968504
21
0.4268843700787401
0
LINE
8
BLACK
6
CONTINUOUS
10
0.268374251968504
20
0.4268843700787401
11
0.2684649212598425
21
0.4269791338582677
0
LINE
8
BLACK
6
CONTINUOUS
10
0.2684649212598425
20
0.4269791338582677
11
0.2686192125984252
21
0.4272242519685039
0
LINE
8
BLACK
6
CONTINUOUS
10
0.2686192125984252
20
0.4272242519685039
11
0.2690902362204725
21
0.4276327559055118
0
LINE
8
BLACK
6
CONTINUOUS
10
0.2690902362204725
20
0.4276327559055118
11
0.2719208661417323
21
0.4305914566929134
0
LINE
8
BLACK
6
CONTINUOUS
10
0.2719208661417323
20
0.4305914566929134
11
0.2719685433070866
21
0.4306305905511811
0
LINE
8
BLACK
6
CONTINUOUS
10
0.2719685433070866
20
0.4306305905511811
11
0.271920905511811
21
0.4306761811023622
0
LINE
8
BLACK
6
CONTINUOUS
10
0.271920905511811
20
0.4306761811023622
11
0.2715492519685039
21
0.4311290157480315
0
LINE
8
BLACK
6
CONTINUOUS
10
0.2715492519685039
20
0.4311290157480315
11
0.2714313779527559
21
0.4312312598425197
0
LINE
8
BLACK
6
CONTINUOUS
10
0.2714313779527559
20
0.4312312598425197
11
0.2713728346456693
21
0.4313439763779527
0
LINE
8
BLACK
6
CONTINUOUS
10
0.2713728346456693
20
0.4313439763779527
11
0.2711864566929134
21
0.4315711023622047
0
LINE
8
BLACK
6
CONTINUOUS
10
0.2711864566929134
20
0.4315711023622047
11
0.2709162598425197
21
0.4322233070866142
0
LINE
8
BLACK
6
CONTINUOUS
10
0.2709162598425197
20
0.4322233070866142
11
0.2680024803149606
21
0.4378353543307086
0
LINE
8
BLACK
6
CONTINUOUS
10
0.2680024803149606
20
0.4378353543307086
11
0.2675887007874015
21
0.4389165748031496
0
LINE
8
BLACK
6
CONTINUOUS
10
0.2675887007874015
20
0.4389165748031496
11
0.2675736220472441
21
0.4391282677165354
0
LINE
8
BLACK
6
CONTINUOUS
10
0.2675736220472441
20
0.4391282677165354
11
0.2674924803149606
21
0.4393242519685039
0
LINE
8
BLACK
6
CONTINUOUS
10
0.2674924803149606
20
0.4393242519685039
11
0.2674717322834645
21
0.4405626771653543
0
LINE
8
BLACK
6
CONTINUOUS
10
0.2674717322834645
20
0.4405626771653543
11
0.2674253937007874
21
0.4412150393700787
0
LINE
8
BLACK
6
CONTINUOUS
10
0.2674253937007874
20
0.4412150393700787
11
0.267459094488189
21
0.441316220472441
0
LINE
8
BLACK
6
CONTINUOUS
10
0.267459094488189
20
0.441316220472441
11
0.2673790157480315
21
0.4461006692913386
0
LINE
8
BLACK
6
CONTINUOUS
10
0.2673790157480315
20
0.4461006692913386
11
0.2674924803149606
21
0.4472527952755905
0
LINE
8
BLACK
6
CONTINUOUS
10
0.2674924803149606
20
0.4472527952755905
11
0.2675737007874016
21
0.4474488582677165
0
LINE
8
BLACK
6
CONTINUOUS
10
0.2675737007874016
20
0.4474488582677165
11
0.2675887401574803
21
0.4476604724409449
0
LINE
8
BLACK
6
CONTINUOUS
10
0.2675887401574803
20
0.4476604724409449
11
0.268111220472441
21
0.4487464960629921
0
LINE
8
BLACK
6
CONTINUOUS
10
0.268111220472441
20
0.4487464960629921
11
0.2683742913385826
21
0.4493816141732284
0
LINE
8
BLACK
6
CONTINUOUS
10
0.2683742913385826
20
0.4493816141732284
11
0.2684561023622047
21
0.4494634251968504
0
LINE
8
BLACK
6
CONTINUOUS
10
0.2684561023622047
20
0.4494634251968504
11
0.2708146456692913
21
0.4543659842519685
0
LINE
8
BLACK
6
CONTINUOUS
10
0.2708146456692913
20
0.4543659842519685
11
0.2711267716535433
21
0.4548618503937008
0
LINE
8
BLACK
6
CONTINUOUS
10
0.2711267716535433
20
0.4548618503937008
11
0.2711864566929134
21
0.455005905511811
0
LINE
8
BLACK
6
CONTINUOUS
10
0.2711864566929134
20
0.455005905511811
11
0.2712770866141732
21
0.4551006299212598
0
LINE
8
BLACK
6
CONTINUOUS
10
0.2712770866141732
20
0.4551006299212598
11
0.2714313779527559
21
0.4553457480314961
0
LINE
8
BLACK
6
CONTINUOUS
10
0.2714313779527559
20
0.4553457480314961
11
0.2719024409448819
21
0.4557542913385826
0
LINE
8
BLACK
6
CONTINUOUS
10
0.2719024409448819
20
0.4557542913385826
11
0.2747330708661417
21
0.4587129527559055
0
LINE
8
BLACK
6
CONTINUOUS
10
0.2747330708661417
20
0.4587129527559055
11
0.2751858267716535
21
0.4590845275590551
0
LINE
8
BLACK
6
CONTINUOUS
10
0.2751858267716535
20
0.4590845275590551
11
0.2752880708661417
21
0.4592024015748031
0
LINE
8
BLACK
6
CONTINUOUS
10
0.2752880708661417
20
0.4592024015748031
11
0.2754007480314961
21
0.459260905511811
0
LINE
8
BLACK
6
CONTINUOUS
10
0.2754007480314961
20
0.459260905511811
11
0.2756279527559055
21
0.4594473622047244
0
LINE
8
BLACK
6
CONTINUOUS
10
0.2756279527559055
20
0.4594473622047244
11
0.2762801181102362
21
0.4597174803149606
0
LINE
8
BLACK
6
CONTINUOUS
10
0.2762801181102362
20
0.4597174803149606
11
0.2818920866141732
21
0.4626312992125984
0
LINE
8
BLACK
6
CONTINUOUS
10
0.2818920866141732
20
0.4626312992125984
11
0.2829733464566929
21
0.4630450393700787
0
LINE
8
BLACK
6
CONTINUOUS
10
0.2829733464566929
20
0.4630450393700787
11
0.2831849212598425
21
0.4630600393700787
0
LINE
8
BLACK
6
CONTINUOUS
10
0.2831849212598425
20
0.4630600393700787
11
0.2833810236220473
21
0.4631412992125984
0
LINE
8
BLACK
6
CONTINUOUS
10
0.2833810236220473
20
0.4631412992125984
11
0.2844063385826772
21
0.4631468503937008
0
LINE
8
BLACK
6
CONTINUOUS
10
0.2844063385826772
20
0.4631468503937008
11
0.2852717716535433
21
0.4632083858267717
0
LINE
8
BLACK
6
CONTINUOUS
10
0.2852717716535433
20
0.4632083858267717
11
0.2854393700787402
21
0.4631524803149606
0
LINE
8
BLACK
6
CONTINUOUS
10
0.2854393700787402
20
0.4631524803149606
11
0.3042181889763779
21
0.4632547637795276
0
LINE
8
BLACK
6
CONTINUOUS
10
0.3042181889763779
20
0.4632547637795276
11
0.3053703149606299
21
0.4631412992125984
0
LINE
8
BLACK
6
CONTINUOUS
10
0.2852283464566929
20
0.4233260236220472
11
0.2791923622047244
21
0.4212379921259842
0
LINE
8
BLACK
6
CONTINUOUS
10
0.2791923622047244
20
0.4212379921259842
11
0.2779862598425197
21
0.4199773228346457
0
LINE
8
BLACK
6
CONTINUOUS
10
0.2779862598425197
20
0.4199773228346457
11
0.2762959842519685
21
0.4164638582677165
0
LINE
8
BLACK
6
CONTINUOUS
10
0.2762959842519685
20
0.4164638582677165
11
0.2763629921259843
21
0.4108035433070866
0
LINE
8
BLACK
6
CONTINUOUS
10
0.2763629921259843
20
0.4108035433070866
11
0.2782005511811024
21
0.4072643307086614
0
LINE
8
BLACK
6
CONTINUOUS
10
0.2782005511811024
20
0.4072643307086614
11
0.2797227952755905
21
0.4058079921259842
0
LINE
8
BLACK
6
CONTINUOUS
10
0.2797227952755905
20
0.4058079921259842
11
0.2832748818897638
21
0.4040991338582677
0
LINE
8
BLACK
6
CONTINUOUS
10
0.2832748818897638
20
0.4040991338582677
11
0.298412874015748
21
0.4041717716535433
0
LINE
8
BLACK
6
CONTINUOUS
10
0.298412874015748
20
0.4041717716535433
11
0.2983766535433071
21
0.4233975984251969
0
LINE
8
BLACK
6
CONTINUOUS
10
0.2983766535433071
20
0.4233975984251969
11
0.2852283464566929
21
0.4233260236220472
0
LINE
8
BLACK
6
CONTINUOUS
10
0.2857783464566929
20
0.4514505118110236
11
0.2822546850393701
21
0.4496209842519685
0
LINE
8
BLACK
6
CONTINUOUS
10
0.2822546850393701
20
0.4496209842519685
11
0.2807983858267716
21
0.4480987795275591
0
LINE
8
BLACK
6
CONTINUOUS
10
0.2807983858267716
20
0.4480987795275591
11
0.2791207874015748
21
0.4446116535433071
0
LINE
8
BLACK
6
CONTINUOUS
10
0.2791207874015748
20
0.4446116535433071
11
0.2791687007874016
21
0.4417495669291339
0
LINE
8
BLACK
6
CONTINUOUS
10
0.2791687007874016
20
0.4417495669291339
11
0.2810127559055118
21
0.4381979133858268
0
LINE
8
BLACK
6
CONTINUOUS
10
0.2810127559055118
20
0.4381979133858268
11
0.2825349606299212
21
0.4367416141732283
0
LINE
8
BLACK
6
CONTINUOUS
10
0.2825349606299212
20
0.4367416141732283
11
0.2860834645669291
21
0.4350344881889764
0
LINE
8
BLACK
6
CONTINUOUS
10
0.2860834645669291
20
0.4350344881889764
11
0.2983545669291339
21
0.4351013385826771
0
LINE
8
BLACK
6
CONTINUOUS
10
0.2983545669291339
20
0.4351013385826771
11
0.2983236614173228
21
0.4515188188976378
0
LINE
8
BLACK
6
CONTINUOUS
10
0.2983236614173228
20
0.4515188188976378
11
0.2857783464566929
21
0.4514505118110236
0
LINE
8
BLACK
6
CONTINUOUS
10
0.3447272440944882
20
0.4630749212598425
11
0.3451480708661417
21
0.4630450393700787
0
LINE
8
BLACK
6
CONTINUOUS
10
0.3451480708661417
20
0.4630450393700787
11
0.3458103149606299
21
0.4627138976377952
0
LINE
8
BLACK
6
CONTINUOUS
10
0.3458103149606299
20
0.4627138976377952
11
0.3465128346456693
21
0.4624797244094488
0
LINE
8
BLACK
6
CONTINUOUS
10
0.3465128346456693
20
0.4624797244094488
11
0.3468315748031496
21
0.4622032283464567
0
LINE
8
BLACK
6
CONTINUOUS
10
0.3468315748031496
20
0.4622032283464567
11
0.3472089763779527
21
0.4620145669291338
0
LINE
8
BLACK
6
CONTINUOUS
10
0.3472089763779527
20
0.4620145669291338
11
0.3476941338582677
21
0.461455157480315
0
LINE
8
BLACK
6
CONTINUOUS
10
0.3476941338582677
20
0.461455157480315
11
0.3482535433070866
21
0.46097
0
LINE
8
BLACK
6
CONTINUOUS
10
0.3482535433070866
20
0.46097
11
0.3484422047244095
21
0.4605925984251968
0
LINE
8
BLACK
6
CONTINUOUS
10
0.3484422047244095
20
0.4605925984251968
11
0.3487187007874016
21
0.4602738582677166
0
LINE
8
BLACK
6
CONTINUOUS
10
0.3487187007874016
20
0.4602738582677166
11
0.3489570866141732
21
0.4595629133858268
0
LINE
8
BLACK
6
CONTINUOUS
10
0.3489570866141732
20
0.4595629133858268
11
0.3492840157480315
21
0.458909094488189
0
LINE
8
BLACK
6
CONTINUOUS
10
0.3492840157480315
20
0.458909094488189
11
0.3493129527559055
21
0.4585015748031496
0
LINE
8
BLACK
6
CONTINUOUS
10
0.3493129527559055
20
0.4585015748031496
11
0.368875748031496
21
0.4001616141732283
0
LINE
8
BLACK
6
CONTINUOUS
10
0.368875748031496
20
0.4001616141732283
11
0.3689290157480315
21
0.3999271653543307
0
LINE
8
BLACK
6
CONTINUOUS
10
0.3689290157480315
20
0.3999271653543307
11
0.3696116535433071
21
0.4015750787401575
0
LINE
8
BLACK
6
CONTINUOUS
10
0.3696116535433071
20
0.4015750787401575
11
0.3712409448818897
21
0.4032043700787402
0
LINE
8
BLACK
6
CONTINUOUS
10
0.3712409448818897
20
0.4032043700787402
11
0.3733697637795276
21
0.4040861811023622
0
LINE
8
BLACK
6
CONTINUOUS
10
0.3733697637795276
20
0.4040861811023622
11
0.3968380708661417
21
0.404177125984252
0
LINE
8
BLACK
6
CONTINUOUS
10
0.3968380708661417
20
0.404177125984252
11
0.396737874015748
21
0.4573492519685039
0
LINE
8
BLACK
6
CONTINUOUS
10
0.396737874015748
20
0.4573492519685039
11
0.3968513385826772
21
0.4585013779527559
0
LINE
8
BLACK
6
CONTINUOUS
10
0.3968513385826772
20
0.4585013779527559
11
0.3977331496062992
21
0.4606301968503937
0
LINE
8
BLACK
6
CONTINUOUS
10
0.3977331496062992
20
0.4606301968503937
11
0.3993624409448819
21
0.4622594881889764
0
LINE
8
BLACK
6
CONTINUOUS
10
0.3993624409448819
20
0.4622594881889764
11
0.4014912598425197
21
0.4631412992125984
0
LINE
8
BLACK
6
CONTINUOUS
10
0.4014912598425197
20
0.4631412992125984
11
0.4037955118110236
21
0.4631412992125984
0
LINE
8
BLACK
6
CONTINUOUS
10
0.4037955118110236
20
0.4631412992125984
11
0.4059243307086614
21
0.4622594881889764
0
LINE
8
BLACK
6
CONTINUOUS
10
0.4059243307086614
20
0.4622594881889764
11
0.4075536220472441
21
0.4606301968503937
0
LINE
8
BLACK
6
CONTINUOUS
10
0.4075536220472441
20
0.4606301968503937
11
0.4084354330708661
21
0.4585013779527559
0
LINE
8
BLACK
6
CONTINUOUS
10
0.4084354330708661
20
0.4585013779527559
11
0.4085488976377953
21
0.3982941338582677
0
LINE
8
BLACK
6
CONTINUOUS
10
0.4085488976377953
20
0.3982941338582677
11
0.4084354330708661
21
0.3971420472440945
0
LINE
8
BLACK
6
CONTINUOUS
10
0.4084354330708661
20
0.3971420472440945
11
0.4084354330708661
21
0.3971420078740157
0
LINE
8
BLACK
6
CONTINUOUS
10
0.4084354330708661
20
0.3971420078740157
11
0.4075536220472441
21
0.3950131889763779
0
LINE
8
BLACK
6
CONTINUOUS
10
0.4075536220472441
20
0.3950131889763779
11
0.4059243307086614
21
0.3933838976377952
0
LINE
8
BLACK
6
CONTINUOUS
10
0.4059243307086614
20
0.3933838976377952
11
0.4037955118110236
21
0.3925020866141732
0
LINE
8
BLACK
6
CONTINUOUS
10
0.4037955118110236
20
0.3925020866141732
11
0.3745218897637795
21
0.3923886220472441
0
LINE
8
BLACK
6
CONTINUOUS
10
0.3745218897637795
20
0.3923886220472441
11
0.3733697637795276
21
0.3925020866141732
0
LINE
8
BLACK
6
CONTINUOUS
10
0.3733697637795276
20
0.3925020866141732
11
0.3712409448818897
21
0.3933838976377952
0
LINE
8
BLACK
6
CONTINUOUS
10
0.3712409448818897
20
0.3933838976377952
11
0.3696116535433071
21
0.3950131889763779
0
LINE
8
BLACK
6
CONTINUOUS
10
0.3696116535433071
20
0.3950131889763779
11
0.3689305905511811
21
0.3966573622047244
0
LINE
8
BLACK
6
CONTINUOUS
10
0.3689305905511811
20
0.3966573622047244
11
0.3679385826771653
21
0.3946733858267716
0
LINE
8
BLACK
6
CONTINUOUS
10
0.3679385826771653
20
0.3946733858267716
11
0.366197874015748
21
0.3931636614173228
0
LINE
8
BLACK
6
CONTINUOUS
10
0.366197874015748
20
0.3931636614173228
11
0.3640118897637795
21
0.3924349606299212
0
LINE
8
BLACK
6
CONTINUOUS
10
0.3640118897637795
20
0.3924349606299212
11
0.3617134645669291
21
0.3925983464566929
0
LINE
8
BLACK
6
CONTINUOUS
10
0.3617134645669291
20
0.3925983464566929
11
0.3596525196850394
21
0.393628779527559
0
LINE
8
BLACK
6
CONTINUOUS
10
0.3596525196850394
20
0.393628779527559
11
0.3581427952755906
21
0.3953695275590551
0
LINE
8
BLACK
6
CONTINUOUS
10
0.3581427952755906
20
0.3953695275590551
11
0.3534533858267717
21
0.4093542125984252
0
LINE
8
BLACK
6
CONTINUOUS
10
0.3534533858267717
20
0.4093542125984252
11
0.3337638188976378
21
0.4092779133858268
0
LINE
8
BLACK
6
CONTINUOUS
10
0.3337638188976378
20
0.4092779133858268
11
0.3295056299212598
21
0.3964266535433071
0
LINE
8
BLACK
6
CONTINUOUS
10
0.3295056299212598
20
0.3964266535433071
11
0.3290336614173228
21
0.3953695275590551
0
LINE
8
BLACK
6
CONTINUOUS
10
0.3290336614173228
20
0.3953695275590551
11
0.327523937007874
21
0.3936288188976378
0
LINE
8
BLACK
6
CONTINUOUS
10
0.327523937007874
20
0.3936288188976378
11
0.325463031496063
21
0.3925983464566929
0
LINE
8
BLACK
6
CONTINUOUS
10
0.325463031496063
20
0.3925983464566929
11
0.3231645669291339
21
0.392435
0
LINE
8
BLACK
6
CONTINUOUS
10
0.3231645669291339
20
0.392435
11
0.3209785826771653
21
0.3931636614173228
0
LINE
8
BLACK
6
CONTINUOUS
10
0.3209785826771653
20
0.3931636614173228
11
0.319237874015748
21
0.3946733858267716
0
LINE
8
BLACK
6
CONTINUOUS
10
0.319237874015748
20
0.3946733858267716
11
0.3182074015748032
21
0.3967342913385827
0
LINE
8
BLACK
6
CONTINUOUS
10
0.3182074015748032
20
0.3967342913385827
11
0.3180440551181102
21
0.3990327559055118
0
LINE
8
BLACK
6
CONTINUOUS
10
0.3180440551181102
20
0.3990327559055118
11
0.3237354724409449
21
0.4162093700787401
0
LINE
8
BLACK
6
CONTINUOUS
10
0.3237354724409449
20
0.4162093700787401
11
0.3237354724409449
21
0.4163191338582677
0
LINE
8
BLACK
6
CONTINUOUS
10
0.3237354724409449
20
0.4163191338582677
11
0.3239171653543307
21
0.4167577952755905
0
LINE
8
BLACK
6
CONTINUOUS
10
0.3239171653543307
20
0.4167577952755905
11
0.3379857874015748
21
0.4592167322834645
0
LINE
8
BLACK
6
CONTINUOUS
10
0.3379857874015748
20
0.4592167322834645
11
0.3384577559055118
21
0.4602738582677166
0
LINE
8
BLACK
6
CONTINUOUS
10
0.3384577559055118
20
0.4602738582677166
11
0.3387342125984252
21
0.4605926377952756
0
LINE
8
BLACK
6
CONTINUOUS
10
0.3387342125984252
20
0.4605926377952756
11
0.3389229133858268
21
0.46097
0
LINE
8
BLACK
6
CONTINUOUS
10
0.3389229133858268
20
0.46097
11
0.3394822047244094
21
0.4614550787401575
0
LINE
8
BLACK
6
CONTINUOUS
10
0.3394822047244094
20
0.4614550787401575
11
0.3399674803149606
21
0.4620146062992126
0
LINE
8
BLACK
6
CONTINUOUS
10
0.3399674803149606
20
0.4620146062992126
11
0.3403449212598425
21
0.4622033070866142
0
LINE
8
BLACK
6
CONTINUOUS
10
0.3403449212598425
20
0.4622033070866142
11
0.3406636220472441
21
0.4624797244094488
0
LINE
8
BLACK
6
CONTINUOUS
10
0.3406636220472441
20
0.4624797244094488
11
0.341366062992126
21
0.4627138582677165
0
LINE
8
BLACK
6
CONTINUOUS
10
0.341366062992126
20
0.4627138582677165
11
0.3420284251968504
21
0.4630450393700787
0
LINE
8
BLACK
6
CONTINUOUS
10
0.3420284251968504
20
0.4630450393700787
11
0.3424492913385827
21
0.4630749212598425
0
LINE
8
BLACK
6
CONTINUOUS
10
0.3424492913385827
20
0.4630749212598425
11
0.3428496062992126
21
0.4632083858267717
0
LINE
8
BLACK
6
CONTINUOUS
10
0.3428496062992126
20
0.4632083858267717
11
0.343588031496063
21
0.463155905511811
0
LINE
8
BLACK
6
CONTINUOUS
10
0.343588031496063
20
0.463155905511811
11
0.3443268503937008
21
0.4632084251968504
0
LINE
8
BLACK
6
CONTINUOUS
10
0.3443268503937008
20
0.4632084251968504
11
0.3447272440944882
21
0.4630749212598425
0
LINE
8
BLACK
6
CONTINUOUS
10
0.3376462598425197
20
0.4209949606299213
11
0.3495345275590551
21
0.421041062992126
0
LINE
8
BLACK
6
CONTINUOUS
10
0.3495345275590551
20
0.421041062992126
11
0.3435625984251968
21
0.4388504724409449
0
LINE
8
BLACK
6
CONTINUOUS
10
0.3435625984251968
20
0.4388504724409449
11
0.3376462598425197
21
0.4209949606299213
0
LINE
8
BLACK
6
CONTINUOUS
10
0.2469895275590551
20
0.4094311417322835
11
0.2484439763779528
21
0.4088287007874016
0
LINE
8
BLACK
6
CONTINUOUS
10
0.2484439763779528
20
0.4088287007874016
11
0.2521510236220472
21
0.405282125984252
0
LINE
8
BLACK
6
CONTINUOUS
10
0.2521510236220472
20
0.405282125984252
11
0.2528854724409449
21
0.4043872440944882
0
LINE
8
BLACK
6
CONTINUOUS
10
0.2528854724409449
20
0.4043872440944882
11
0.2532841732283465
21
0.4034246062992126
0
LINE
8
BLACK
6
CONTINUOUS
10
0.2532841732283465
20
0.4034246062992126
11
0.2537672047244094
21
0.4022584251968504
0
LINE
8
BLACK
6
CONTINUOUS
10
0.2537672047244094
20
0.4022584251968504
11
0.2537672440944882
21
0.3999542519685039
0
LINE
8
BLACK
6
CONTINUOUS
10
0.2537672440944882
20
0.3999542519685039
11
0.2528854724409449
21
0.3978253937007874
0
LINE
8
BLACK
6
CONTINUOUS
10
0.2528854724409449
20
0.3978253937007874
11
0.249338937007874
21
0.3941183464566929
0
LINE
8
BLACK
6
CONTINUOUS
10
0.249338937007874
20
0.3941183464566929
11
0.2484440157480315
21
0.3933838976377952
0
LINE
8
BLACK
6
CONTINUOUS
10
0.2484440157480315
20
0.3933838976377952
11
0.2484439763779528
21
0.3933838582677165
0
LINE
8
BLACK
6
CONTINUOUS
10
0.2484439763779528
20
0.3933838582677165
11
0.247196968503937
21
0.3928673228346456
0
LINE
8
BLACK
6
CONTINUOUS
10
0.247196968503937
20
0.3928673228346456
11
0.2463151968503937
21
0.3925020866141732
0
LINE
8
BLACK
6
CONTINUOUS
10
0.2463151968503937
20
0.3925020866141732
11
0.2440110236220472
21
0.3925020866141732
0
LINE
8
BLACK
6
CONTINUOUS
10
0.2440110236220472
20
0.3925020866141732
11
0.2440109842519685
21
0.3925020866141732
0
LINE
8
BLACK
6
CONTINUOUS
10
0.2440109842519685
20
0.3925020866141732
11
0.2440109448818898
21
0.3925020866141732
0
LINE
8
BLACK
6
CONTINUOUS
10
0.2440109448818898
20
0.3925020866141732
11
0.2431291732283465
21
0.3928673228346456
0
LINE
8
BLACK
6
CONTINUOUS
10
0.2431291732283465
20
0.3928673228346456
11
0.2418821653543307
21
0.3933838582677165
0
LINE
8
BLACK
6
CONTINUOUS
10
0.2418821653543307
20
0.3933838582677165
11
0.2381750787401575
21
0.3969304724409449
0
LINE
8
BLACK
6
CONTINUOUS
10
0.2381750787401575
20
0.3969304724409449
11
0.2374406299212598
21
0.3978253937007874
0
LINE
8
BLACK
6
CONTINUOUS
10
0.2374406299212598
20
0.3978253937007874
11
0.2365588582677165
21
0.3999542125984252
0
LINE
8
BLACK
6
CONTINUOUS
10
0.2365588582677165
20
0.3999542125984252
11
0.2365588582677165
21
0.4022583858267716
0
LINE
8
BLACK
6
CONTINUOUS
10
0.2365588582677165
20
0.4022583858267716
11
0.2367277559055118
21
0.4026661023622047
0
LINE
8
BLACK
6
CONTINUOUS
10
0.2367277559055118
20
0.4026661023622047
11
0.2370522834645669
21
0.4034496456692913
0
LINE
8
BLACK
6
CONTINUOUS
10
0.2370522834645669
20
0.4034496456692913
11
0.2374406299212598
21
0.4043872047244094
0
LINE
8
BLACK
6
CONTINUOUS
10
0.2374406299212598
20
0.4043872047244094
11
0.2374406692913386
21
0.4043872440944882
0
LINE
8
BLACK
6
CONTINUOUS
10
0.2374406692913386
20
0.4043872440944882
11
0.2409872834645669
21
0.4080942913385827
0
LINE
8
BLACK
6
CONTINUOUS
10
0.2409872834645669
20
0.4080942913385827
11
0.2418821653543307
21
0.4088287007874016
0
LINE
8
BLACK
6
CONTINUOUS
10
0.2418821653543307
20
0.4088287007874016
11
0.2429270472440945
21
0.4092614960629921
0
LINE
8
BLACK
6
CONTINUOUS
10
0.2429270472440945
20
0.4092614960629921
11
0.2433366141732283
21
0.4094311417322835
0
LINE
8
BLACK
6
CONTINUOUS
10
0.2433366141732283
20
0.4094311417322835
11
0.2440109448818898
21
0.4097104724409449
0
LINE
8
BLACK
6
CONTINUOUS
10
0.2440109448818898
20
0.4097104724409449
11
0.2463151968503937
21
0.4097104724409449
0
LINE
8
BLACK
6
CONTINUOUS
10
0.2463151968503937
20
0.4097104724409449
11
0.2469895275590551
21
0.4094311417322835
0
LINE
8
BLACK
6
CONTINUOUS
10
0.4702625196850393
20
0.4631412992125984
11
0.4712870866141732
21
0.4631412992125984
0
LINE
8
BLACK
6
CONTINUOUS
10
0.4712870866141732
20
0.4631412992125984
11
0.4714086220472441
21
0.463090905511811
0
LINE
8
BLACK
6
CONTINUOUS
10
0.4714086220472441
20
0.463090905511811
11
0.4715403149606299
21
0.4630851574803149
0
LINE
8
BLACK
6
CONTINUOUS
10
0.4715403149606299
20
0.4630851574803149
11
0.4724698031496063
21
0.4626513385826772
0
LINE
8
BLACK
6
CONTINUOUS
10
0.4724698031496063
20
0.4626513385826772
11
0.473415905511811
21
0.4622594881889764
0
LINE
8
BLACK
6
CONTINUOUS
10
0.473415905511811
20
0.4622594881889764
11
0.473508937007874
21
0.4621664173228346
0
LINE
8
BLACK
6
CONTINUOUS
10
0.473508937007874
20
0.4621664173228346
11
0.4736283858267716
21
0.4621107086614173
0
LINE
8
BLACK
6
CONTINUOUS
10
0.4736283858267716
20
0.4621107086614173
11
0.4743208661417323
21
0.4613544881889763
0
LINE
8
BLACK
6
CONTINUOUS
10
0.4743208661417323
20
0.4613544881889763
11
0.4750451968503937
21
0.4606301968503937
0
LINE
8
BLACK
6
CONTINUOUS
10
0.4750451968503937
20
0.4606301968503937
11
0.4750955905511811
21
0.4605085039370079
0
LINE
8
BLACK
6
CONTINUOUS
10
0.4750955905511811
20
0.4605085039370079
11
0.4751845669291339
21
0.4604113779527559
0
LINE
8
BLACK
6
CONTINUOUS
10
0.4751845669291339
20
0.4604113779527559
11
0.475534842519685
21
0.459448031496063
0
LINE
8
BLACK
6
CONTINUOUS
10
0.475534842519685
20
0.459448031496063
11
0.4759270078740158
21
0.4585013779527559
0
LINE
8
BLACK
6
CONTINUOUS
10
0.4759270078740158
20
0.4585013779527559
11
0.4759272440944882
21
0.4583689763779528
0
LINE
8
BLACK
6
CONTINUOUS
10
0.4759272440944882
20
0.4583689763779528
11
0.4759720078740157
21
0.4582459448818897
0
LINE
8
BLACK
6
CONTINUOUS
10
0.4759720078740157
20
0.4582459448818897
11
0.4759292913385827
21
0.4572747244094488
0
LINE
8
BLACK
6
CONTINUOUS
10
0.4759292913385827
20
0.4572747244094488
11
0.4760404724409449
21
0.3982941338582677
0
LINE
8
BLACK
6
CONTINUOUS
10
0.4760404724409449
20
0.3982941338582677
11
0.4759270078740158
21
0.3971420078740157
0
LINE
8
BLACK
6
CONTINUOUS
10
0.4759270078740158
20
0.3971420078740157
11
0.4750451968503937
21
0.3950131889763779
0
LINE
8
BLACK
6
CONTINUOUS
10
0.4750451968503937
20
0.3950131889763779
11
0.473415905511811
21
0.3933838976377952
0
LINE
8
BLACK
6
CONTINUOUS
10
0.473415905511811
20
0.3933838976377952
11
0.4712870866141732
21
0.3925020866141732
0
LINE
8
BLACK
6
CONTINUOUS
10
0.4712870866141732
20
0.3925020866141732
11
0.4689828346456693
21
0.3925020866141732
0
LINE
8
BLACK
6
CONTINUOUS
10
0.4689828346456693
20
0.3925020866141732
11
0.4668540157480315
21
0.3933838976377952
0
LINE
8
BLACK
6
CONTINUOUS
10
0.4668540157480315
20
0.3933838976377952
11
0.4652247244094488
21
0.3950131889763779
0
LINE
8
BLACK
6
CONTINUOUS
10
0.4652247244094488
20
0.3950131889763779
11
0.4643429133858268
21
0.3971420078740157
0
LINE
8
BLACK
6
CONTINUOUS
10
0.4643429133858268
20
0.3971420078740157
11
0.4642791732283464
21
0.4309497244094488
0
LINE
8
BLACK
6
CONTINUOUS
10
0.4642791732283464
20
0.4309497244094488
11
0.4558013779527559
21
0.4126696456692913
0
LINE
8
BLACK
6
CONTINUOUS
10
0.4558013779527559
20
0.4126696456692913
11
0.4555514566929134
21
0.4122477559055118
0
LINE
8
BLACK
6
CONTINUOUS
10
0.4555514566929134
20
0.4122477559055118
11
0.4554995275590551
21
0.4121048818897638
0
LINE
8
BLACK
6
CONTINUOUS
10
0.4554995275590551
20
0.4121048818897638
11
0.455406968503937
21
0.4120038188976378
0
LINE
8
BLACK
6
CONTINUOUS
10
0.455406968503937
20
0.4120038188976378
11
0.4552113779527559
21
0.4116735826771654
0
LINE
8
BLACK
6
CONTINUOUS
10
0.4552113779527559
20
0.4116735826771654
11
0.4545494488188976
21
0.4110674409448819
0
LINE
8
BLACK
6
CONTINUOUS
10
0.4545494488188976
20
0.4110674409448819
11
0.4539433464566929
21
0.4104055511811023
0
LINE
8
BLACK
6
CONTINUOUS
10
0.4539433464566929
20
0.4104055511811023
11
0.4537054724409449
21
0.4102945275590551
0
LINE
8
BLACK
6
CONTINUOUS
10
0.4537054724409449
20
0.4102945275590551
11
0.4535120472440945
21
0.4101174015748031
0
LINE
8
BLACK
6
CONTINUOUS
10
0.4535120472440945
20
0.4101174015748031
11
0.452668937007874
21
0.4098107874015748
0
LINE
8
BLACK
6
CONTINUOUS
10
0.452668937007874
20
0.4098107874015748
11
0.4518552755905512
21
0.4094311023622047
0
LINE
8
BLACK
6
CONTINUOUS
10
0.4518552755905512
20
0.4094311023622047
11
0.4515929921259842
21
0.4094195669291338
0
LINE
8
BLACK
6
CONTINUOUS
10
0.4515929921259842
20
0.4094195669291338
11
0.4513465748031496
21
0.4093299606299213
0
LINE
8
BLACK
6
CONTINUOUS
10
0.4513465748031496
20
0.4093299606299213
11
0.4504500787401575
21
0.4093693307086614
0
LINE
8
BLACK
6
CONTINUOUS
10
0.4504500787401575
20
0.4093693307086614
11
0.4495532677165354
21
0.4093299606299213
0
LINE
8
BLACK
6
CONTINUOUS
10
0.4495532677165354
20
0.4093299606299213
11
0.4493066929133858
21
0.4094196062992126
0
LINE
8
BLACK
6
CONTINUOUS
10
0.4493066929133858
20
0.4094196062992126
11
0.4490446062992126
21
0.4094311417322835
0
LINE
8
BLACK
6
CONTINUOUS
10
0.4490446062992126
20
0.4094311417322835
11
0.4482311417322835
21
0.4098107086614173
0
LINE
8
BLACK
6
CONTINUOUS
10
0.4482311417322835
20
0.4098107086614173
11
0.4473878346456693
21
0.4101174015748031
0
LINE
8
BLACK
6
CONTINUOUS
10
0.4473878346456693
20
0.4101174015748031
11
0.4471944094488189
21
0.4102944881889763
0
LINE
8
BLACK
6
CONTINUOUS
10
0.4471944094488189
20
0.4102944881889763
11
0.4469564960629921
21
0.4104055511811023
0
LINE
8
BLACK
6
CONTINUOUS
10
0.4469564960629921
20
0.4104055511811023
11
0.4463501181102362
21
0.4110676377952756
0
LINE
8
BLACK
6
CONTINUOUS
10
0.4463501181102362
20
0.4110676377952756
11
0.4456885039370079
21
0.4116735826771654
0
LINE
8
BLACK
6
CONTINUOUS
10
0.4456885039370079
20
0.4116735826771654
11
0.4455761023622047
21
0.411912874015748
0
LINE
8
BLACK
6
CONTINUOUS
10
0.4455761023622047
20
0.411912874015748
11
0.4454003149606299
21
0.4121048818897638
0
LINE
8
BLACK
6
CONTINUOUS
10
0.4454003149606299
20
0.4121048818897638
11
0.4451062204724409
21
0.4129135433070866
0
LINE
8
BLACK
6
CONTINUOUS
10
0.4451062204724409
20
0.4129135433070866
11
0.4366087007874015
21
0.4310100393700788
0
LINE
8
BLACK
6
CONTINUOUS
10
0.4366087007874015
20
0.4310100393700788
11
0.4366703937007874
21
0.3982941338582677
0
LINE
8
BLACK
6
CONTINUOUS
10
0.4366703937007874
20
0.3982941338582677
11
0.4365569291338582
21
0.3971420078740157
0
LINE
8
BLACK
6
CONTINUOUS
10
0.4365569291338582
20
0.3971420078740157
11
0.4356751181102362
21
0.3950131889763779
0
LINE
8
BLACK
6
CONTINUOUS
10
0.4356751181102362
20
0.3950131889763779
11
0.4340458267716535
21
0.3933838976377952
0
LINE
8
BLACK
6
CONTINUOUS
10
0.4340458267716535
20
0.3933838976377952
11
0.4319170078740157
21
0.3925020866141732
0
LINE
8
BLACK
6
CONTINUOUS
10
0.4319170078740157
20
0.3925020866141732
11
0.4296127559055118
21
0.3925020866141732
0
LINE
8
BLACK
6
CONTINUOUS
10
0.4296127559055118
20
0.3925020866141732
11
0.427483937007874
21
0.3933838976377952
0
LINE
8
BLACK
6
CONTINUOUS
10
0.427483937007874
20
0.3933838976377952
11
0.4258546456692913
21
0.3950131889763779
0
LINE
8
BLACK
6
CONTINUOUS
10
0.4258546456692913
20
0.3950131889763779
11
0.4249728346456693
21
0.3971420078740157
0
LINE
8
BLACK
6
CONTINUOUS
10
0.4249728346456693
20
0.3971420078740157
11
0.4248593700787401
21
0.4573492519685039
0
LINE
8
BLACK
6
CONTINUOUS
10
0.4248593700787401
20
0.4573492519685039
11
0.424933937007874
21
0.4581065748031496
0
LINE
8
BLACK
6
CONTINUOUS
10
0.424933937007874
20
0.4581065748031496
11
0.4249278346456693
21
0.458245905511811
0
LINE
8
BLACK
6
CONTINUOUS
10
0.4249278346456693
20
0.458245905511811
11
0.4249550393700787
21
0.4583207086614173
0
LINE
8
BLACK
6
CONTINUOUS
10
0.4249550393700787
20
0.4583207086614173
11
0.4249728346456693
21
0.4585013779527559
0
LINE
8
BLACK
6
CONTINUOUS
10
0.4249728346456693
20
0.4585013779527559
11
0.425365
21
0.4594481496062992
0
LINE
8
BLACK
6
CONTINUOUS
10
0.425365
20
0.4594481496062992
11
0.4257152755905512
21
0.4604113779527559
0
LINE
8
BLACK
6
CONTINUOUS
10
0.4257152755905512
20
0.4604113779527559
11
0.4258042125984252
21
0.4605085039370079
0
LINE
8
BLACK
6
CONTINUOUS
10
0.4258042125984252
20
0.4605085039370079
11
0.4258546456692913
21
0.4606301968503937
0
LINE
8
BLACK
6
CONTINUOUS
10
0.4258546456692913
20
0.4606301968503937
11
0.426578937007874
21
0.4613544881889763
0
LINE
8
BLACK
6
CONTINUOUS
10
0.426578937007874
20
0.4613544881889763
11
0.4272714566929134
21
0.4621107086614173
0
LINE
8
BLACK
6
CONTINUOUS
10
0.4272714566929134
20
0.4621107086614173
11
0.4273908661417323
21
0.4621664173228346
0
LINE
8
BLACK
6
CONTINUOUS
10
0.4273908661417323
20
0.4621664173228346
11
0.427483937007874
21
0.4622594881889764
0
LINE
8
BLACK
6
CONTINUOUS
10
0.427483937007874
20
0.4622594881889764
11
0.4284305905511811
21
0.4626516141732283
0
LINE
8
BLACK
6
CONTINUOUS
10
0.4284305905511811
20
0.4626516141732283
11
0.4293595669291339
21
0.4630851181102362
0
LINE
8
BLACK
6
CONTINUOUS
10
0.4293595669291339
20
0.4630851181102362
11
0.429491062992126
21
0.4630908661417323
0
LINE
8
BLACK
6
CONTINUOUS
10
0.429491062992126
20
0.4630908661417323
11
0.4296127559055118
21
0.4631412992125984
0
LINE
8
BLACK
6
CONTINUOUS
10
0.4296127559055118
20
0.4631412992125984
11
0.4306377559055118
21
0.4631412992125984
0
LINE
8
BLACK
6
CONTINUOUS
10
0.4306377559055118
20
0.4631412992125984
11
0.4316615354330708
21
0.4631862992125984
0
LINE
8
BLACK
6
CONTINUOUS
10
0.4316615354330708
20
0.4631862992125984
11
0.4317852755905512
21
0.4631412992125984
0
LINE
8
BLACK
6
CONTINUOUS
10
0.4317852755905512
20
0.4631412992125984
11
0.4319170078740157
21
0.4631412992125984
0
LINE
8
BLACK
6
CONTINUOUS
10
0.4319170078740157
20
0.4631412992125984
11
0.4328637795275591
21
0.462749094488189
0
LINE
8
BLACK
6
CONTINUOUS
10
0.4328637795275591
20
0.462749094488189
11
0.4338270078740157
21
0.4623988582677165
0
LINE
8
BLACK
6
CONTINUOUS
10
0.4338270078740157
20
0.4623988582677165
11
0.4339241338582677
21
0.4623098818897638
0
LINE
8
BLACK
6
CONTINUOUS
10
0.4339241338582677
20
0.4623098818897638
11
0.4340458267716535
21
0.4622594881889764
0
LINE
8
BLACK
6
CONTINUOUS
10
0.4340458267716535
20
0.4622594881889764
11
0.4347701181102362
21
0.4615351574803149
0
LINE
8
BLACK
6
CONTINUOUS
10
0.4347701181102362
20
0.4615351574803149
11
0.4355263385826771
21
0.4608426771653543
0
LINE
8
BLACK
6
CONTINUOUS
10
0.4355263385826771
20
0.4608426771653543
11
0.4355827165354331
21
0.4607225590551181
0
LINE
8
BLACK
6
CONTINUOUS
10
0.4355827165354331
20
0.4607225590551181
11
0.4356751181102362
21
0.4606301968503937
0
LINE
8
BLACK
6
CONTINUOUS
10
0.4356751181102362
20
0.4606301968503937
11
0.4360419291338583
21
0.4597446456692914
0
LINE
8
BLACK
6
CONTINUOUS
10
0.4360419291338583
20
0.4597446456692914
11
0.4504781102362205
21
0.4290009448818898
0
LINE
8
BLACK
6
CONTINUOUS
10
0.4504781102362205
20
0.4290009448818898
11
0.4647835039370078
21
0.4598466141732284
0
LINE
8
BLACK
6
CONTINUOUS
10
0.4647835039370078
20
0.4598466141732284
11
0.4651713385826772
21
0.4605013385826772
0
LINE
8
BLACK
6
CONTINUOUS
10
0.4651713385826772
20
0.4605013385826772
11
0.4652247244094488
21
0.4606301968503937
0
LINE
8
BLACK
6
CONTINUOUS
10
0.4652247244094488
20
0.4606301968503937
11
0.4652810236220472
21
0.4606864960629921
0
LINE
8
BLACK
6
CONTINUOUS
10
0.4652810236220472
20
0.4606864960629921
11
0.4653735433070866
21
0.4608426771653543
0
LINE
8
BLACK
6
CONTINUOUS
10
0.4653735433070866
20
0.4608426771653543
11
0.4661292519685039
21
0.4615347244094488
0
LINE
8
BLACK
6
CONTINUOUS
10
0.4661292519685039
20
0.4615347244094488
11
0.4668540157480315
21
0.4622594881889764
0
LINE
8
BLACK
6
CONTINUOUS
10
0.4668540157480315
20
0.4622594881889764
11
0.4669757086614173
21
0.4623098818897638
0
LINE
8
BLACK
6
CONTINUOUS
10
0.4669757086614173
20
0.4623098818897638
11
0.467072874015748
21
0.4623988582677165
0
LINE
8
BLACK
6
CONTINUOUS
10
0.467072874015748
20
0.4623988582677165
11
0.4680358661417323
21
0.4627490157480315
0
LINE
8
BLACK
6
CONTINUOUS
10
0.4680358661417323
20
0.4627490157480315
11
0.4689828346456693
21
0.4631412992125984
0
LINE
8
BLACK
6
CONTINUOUS
10
0.4689828346456693
20
0.4631412992125984
11
0.4691145669291338
21
0.4631412992125984
0
LINE
8
BLACK
6
CONTINUOUS
10
0.4691145669291338
20
0.4631412992125984
11
0.4692383070866142
21
0.4631862992125984
0
LINE
8
BLACK
6
CONTINUOUS
10
0.4692383070866142
20
0.4631862992125984
11
0.4702625196850393
21
0.4631412992125984
0
LINE
8
BLACK
6
CONTINUOUS
10
0.6702755905511811
20
1.3787401574803149
11
0.5797244094488189
21
1.3787401574803149
0
LINE
8
BLACK
6
CONTINUOUS
10
0.5797244094488189
20
1.3787401574803149
11
0.5797244094488189
21
1.4692913385826771
0
LINE
8
BLACK
6
CONTINUOUS
10
0.5797244094488189
20
1.4692913385826771
11
0.6702755905511811
21
1.4692913385826771
0
LINE
8
BLACK
6
CONTINUOUS
10
0.6702755905511811
20
1.4692913385826771
11
0.6702755905511811
21
1.3787401574803149
0
LINE
8
BLACK
6
CONTINUOUS
10
0.728280905511811
20
1.4540901968503936
11
0.7299101968503937
21
1.452460905511811
0
LINE
8
BLACK
6
CONTINUOUS
10
0.7299101968503937
20
1.452460905511811
11
0.7307920078740158
21
1.4503320866141731
0
LINE
8
BLACK
6
CONTINUOUS
10
0.7307920078740158
20
1.4503320866141731
11
0.7308388976377953
21
1.4250443700787401
0
LINE
8
BLACK
6
CONTINUOUS
10
0.7308388976377953
20
1.4250443700787401
11
0.754996220472441
21
1.4250892125984251
0
LINE
8
BLACK
6
CONTINUOUS
10
0.754996220472441
20
1.4250892125984251
11
0.7561483464566929
21
1.424975748031496
0
LINE
8
BLACK
6
CONTINUOUS
10
0.7561483464566929
20
1.424975748031496
11
0.7582771653543307
21
1.424093937007874
0
LINE
8
BLACK
6
CONTINUOUS
10
0.7582771653543307
20
1.424093937007874
11
0.7599064566929133
21
1.4224646456692913
0
LINE
8
BLACK
6
CONTINUOUS
10
0.7599064566929133
20
1.4224646456692913
11
0.7607882677165354
21
1.4203358267716535
0
LINE
8
BLACK
6
CONTINUOUS
10
0.7607882677165354
20
1.4203358267716535
11
0.7607882677165354
21
1.4180315748031496
0
LINE
8
BLACK
6
CONTINUOUS
10
0.7607882677165354
20
1.4180315748031496
11
0.7599064566929133
21
1.4159027559055117
0
LINE
8
BLACK
6
CONTINUOUS
10
0.7599064566929133
20
1.4159027559055117
11
0.7582771653543307
21
1.414273464566929
0
LINE
8
BLACK
6
CONTINUOUS
10
0.7582771653543307
20
1.414273464566929
11
0.7561483464566929
21
1.4133916535433071
0
LINE
8
BLACK
6
CONTINUOUS
10
0.7561483464566929
20
1.4133916535433071
11
0.7308606299212598
21
1.4133447244094488
0
LINE
8
BLACK
6
CONTINUOUS
10
0.7308606299212598
20
1.4133447244094488
11
0.7309054724409448
21
1.3891874409448819
0
LINE
8
BLACK
6
CONTINUOUS
10
0.7309054724409448
20
1.3891874409448819
11
0.7307920078740158
21
1.3880353149606299
0
LINE
8
BLACK
6
CONTINUOUS
10
0.7307920078740158
20
1.3880353149606299
11
0.7299101968503937
21
1.3859064960629921
0
LINE
8
BLACK
6
CONTINUOUS
10
0.7299101968503937
20
1.3859064960629921
11
0.728280905511811
21
1.3842772047244094
0
LINE
8
BLACK
6
CONTINUOUS
10
0.728280905511811
20
1.3842772047244094
11
0.7261520866141732
21
1.3833953937007875
0
LINE
8
BLACK
6
CONTINUOUS
10
0.7261520866141732
20
1.3833953937007875
11
0.7238478346456693
21
1.3833953937007875
0
LINE
8
BLACK
6
CONTINUOUS
10
0.7238478346456693
20
1.3833953937007875
11
0.7217190157480314
21
1.3842772047244094
0
LINE
8
BLACK
6
CONTINUOUS
10
0.7217190157480314
20
1.3842772047244094
11
0.7200897244094489
21
1.3859064960629921
0
LINE
8
BLACK
6
CONTINUOUS
10
0.7200897244094489
20
1.3859064960629921
11
0.7192079133858268
21
1.3880353149606299
0
LINE
8
BLACK
6
CONTINUOUS
10
0.7192079133858268
20
1.3880353149606299
11
0.7191609842519685
21
1.4133229921259842
0
LINE
8
BLACK
6
CONTINUOUS
10
0.7191609842519685
20
1.4133229921259842
11
0.6950037401574803
21
1.4132781889763779
0
LINE
8
BLACK
6
CONTINUOUS
10
0.6950037401574803
20
1.4132781889763779
11
0.6938516141732284
21
1.4133916535433071
0
LINE
8
BLACK
6
CONTINUOUS
10
0.6938516141732284
20
1.4133916535433071
11
0.6917227952755906
21
1.414273464566929
0
LINE
8
BLACK
6
CONTINUOUS
10
0.6917227952755906
20
1.414273464566929
11
0.6900935039370079
21
1.4159027559055117
0
LINE
8
BLACK
6
CONTINUOUS
10
0.6900935039370079
20
1.4159027559055117
11
0.6892116929133858
21
1.4180315748031496
0
LINE
8
BLACK
6
CONTINUOUS
10
0.6892116929133858
20
1.4180315748031496
11
0.6892116929133858
21
1.4203358267716535
0
LINE
8
BLACK
6
CONTINUOUS
10
0.6892116929133858
20
1.4203358267716535
11
0.6900935039370079
21
1.4224646456692913
0
LINE
8
BLACK
6
CONTINUOUS
10
0.6900935039370079
20
1.4224646456692913
11
0.6917227952755906
21
1.424093937007874
0
LINE
8
BLACK
6
CONTINUOUS
10
0.6917227952755906
20
1.424093937007874
11
0.6938516141732284
21
1.424975748031496
0
LINE
8
BLACK
6
CONTINUOUS
10
0.6938516141732284
20
1.424975748031496
11
0.7191392519685039
21
1.4250226377952755
0
LINE
8
BLACK
6
CONTINUOUS
10
0.7191392519685039
20
1.4250226377952755
11
0.7190944488188976
21
1.4491799606299212
0
LINE
8
BLACK
6
CONTINUOUS
10
0.7190944488188976
20
1.4491799606299212
11
0.7192079133858268
21
1.4503320866141731
0
LINE
8
BLACK
6
CONTINUOUS
10
0.7192079133858268
20
1.4503320866141731
11
0.7200897244094489
21
1.452460905511811
0
LINE
8
BLACK
6
CONTINUOUS
10
0.7200897244094489
20
1.452460905511811
11
0.7217190157480314
21
1.4540901968503936
0
LINE
8
BLACK
6
CONTINUOUS
10
0.7217190157480314
20
1.4540901968503936
11
0.7238478346456693
21
1.4549720078740158
0
LINE
8
BLACK
6
CONTINUOUS
10
0.7238478346456693
20
1.4549720078740158
11
0.7261520866141732
21
1.4549720078740158
0
LINE
8
BLACK
6
CONTINUOUS
10
0.7261520866141732
20
1.4549720078740158
11
0.728280905511811
21
1.4540901968503936
0
LINE
8
BLACK
6
CONTINUOUS
10
2.0813076771653543
20
0.4776357480314961
11
2.0872990551181103
21
0.4755392913385827
0
LINE
8
BLACK
6
CONTINUOUS
10
2.0872990551181103
20
0.4755392913385827
11
2.0926737401574802
21
0.4721621653543307
0
LINE
8
BLACK
6
CONTINUOUS
10
2.0926737401574802
20
0.4721621653543307
11
2.0971621653543306
21
0.4676737401574803
0
LINE
8
BLACK
6
CONTINUOUS
10
2.0971621653543306
20
0.4676737401574803
11
2.1005392913385825
21
0.4622990551181102
0
LINE
8
BLACK
6
CONTINUOUS
10
2.1005392913385825
20
0.4622990551181102
11
2.1026357480314961
21
0.4563076771653543
0
LINE
8
BLACK
6
CONTINUOUS
10
2.1026357480314961
20
0.4563076771653543
11
2.1033464566929134
21
0.45
0
LINE
8
BLACK
6
CONTINUOUS
10
2.1033464566929134
20
0.45
11
2.1026357480314961
21
0.4436923228346457
0
LINE
8
BLACK
6
CONTINUOUS
10
2.1026357480314961
20
0.4436923228346457
11
2.1005392913385825
21
0.4377009448818898
0
LINE
8
BLACK
6
CONTINUOUS
10
2.1005392913385825
20
0.4377009448818898
11
2.0971621653543306
21
0.4323262598425197
0
LINE
8
BLACK
6
CONTINUOUS
10
2.0971621653543306
20
0.4323262598425197
11
2.0926737401574802
21
0.4278378346456693
0
LINE
8
BLACK
6
CONTINUOUS
10
2.0926737401574802
20
0.4278378346456693
11
2.0872990551181103
21
0.4244607086614173
0
LINE
8
BLACK
6
CONTINUOUS
10
2.0872990551181103
20
0.4244607086614173
11
2.0813076771653543
21
0.4223642519685039
0
LINE
8
BLACK
6
CONTINUOUS
10
2.0813076771653543
20
0.4223642519685039
11
2.0749999999999997
21
0.4216535433070866
0
LINE
8
BLACK
6
CONTINUOUS
10
2.0749999999999997
20
0.4216535433070866
11
2.0686923228346457
21
0.4223642519685039
0
LINE
8
BLACK
6
CONTINUOUS
10
2.0686923228346457
20
0.4223642519685039
11
2.0627009448818896
21
0.4244607086614173
0
LINE
8
BLACK
6
CONTINUOUS
10
2.0627009448818896
20
0.4244607086614173
11
2.0573262598425197
21
0.4278378346456693
0
LINE
8
BLACK
6
CONTINUOUS
10
2.0573262598425197
20
0.4278378346456693
11
2.0528378346456693
21
0.4323262598425197
0
LINE
8
BLACK
6
CONTINUOUS
10
2.0528378346456693
20
0.4323262598425197
11
2.0494607086614174
21
0.4377009448818898
0
LINE
8
BLACK
6
CONTINUOUS
10
2.0494607086614174
20
0.4377009448818898
11
2.0473642519685038
21
0.4436923228346457
0
LINE
8
BLACK
6
CONTINUOUS
10
2.0473642519685038
20
0.4436923228346457
11
2.0466535433070865
21
0.45
0
LINE
8
BLACK
6
CONTINUOUS
10
2.0466535433070865
20
0.45
11
2.0473642519685038
21
0.4563076771653543
0
LINE
8
BLACK
6
CONTINUOUS
10
2.0473642519685038
20
0.4563076771653543
11
2.0494607086614174
21
0.4622990551181102
0
LINE
8
BLACK
6
CONTINUOUS
10
2.0494607086614174
20
0.4622990551181102
11
2.0528378346456693
21
0.4676737401574803
0
LINE
8
BLACK
6
CONTINUOUS
10
2.0528378346456693
20
0.4676737401574803
11
2.0573262598425197
21
0.4721621653543307
0
LINE
8
BLACK
6
CONTINUOUS
10
2.0573262598425197
20
0.4721621653543307
11
2.0627009448818896
21
0.4755392913385827
0
LINE
8
BLACK
6
CONTINUOUS
10
2.0627009448818896
20
0.4755392913385827
11
2.0686923228346457
21
0.4776357480314961
0
LINE
8
BLACK
6
CONTINUOUS
10
2.0686923228346457
20
0.4776357480314961
11
2.0749999999999997
21
0.4783464566929134
0
LINE
8
BLACK
6
CONTINUOUS
10
2.0749999999999997
20
0.4783464566929134
11
2.0813076771653543
21
0.4776357480314961
0
LINE
8
BLACK
6
CONTINUOUS
10
2.1813076771653543
20
0.4776357480314961
11
2.1872990551181104
21
0.4755392913385827
0
LINE
8
BLACK
6
CONTINUOUS
10
2.1872990551181104
20
0.4755392913385827
11
2.1926737401574803
21
0.4721621653543307
0
LINE
8
BLACK
6
CONTINUOUS
10
2.1926737401574803
20
0.4721621653543307
11
2.1971621653543307
21
0.4676737401574803
0
LINE
8
BLACK
6
CONTINUOUS
10
2.1971621653543307
20
0.4676737401574803
11
2.2005392913385826
21
0.4622990551181102
0
LINE
8
BLACK
6
CONTINUOUS
10
2.2005392913385826
20
0.4622990551181102
11
2.2026357480314962
21
0.4563076771653543
0
LINE
8
BLACK
6
CONTINUOUS
10
2.2026357480314962
20
0.4563076771653543
11
2.2033464566929135
21
0.45
0
LINE
8
BLACK
6
CONTINUOUS
10
2.2033464566929135
20
0.45
11
2.2026357480314962
21
0.4436923228346457
0
LINE
8
BLACK
6
CONTINUOUS
10
2.2026357480314962
20
0.4436923228346457
11
2.2005392913385826
21
0.4377009448818898
0
LINE
8
BLACK
6
CONTINUOUS
10
2.2005392913385826
20
0.4377009448818898
11
2.1971621653543307
21
0.4323262598425197
0
LINE
8
BLACK
6
CONTINUOUS
10
2.1971621653543307
20
0.4323262598425197
11
2.1926737401574803
21
0.4278378346456693
0
LINE
8
BLACK
6
CONTINUOUS
10
2.1926737401574803
20
0.4278378346456693
11
2.1872990551181104
21
0.4244607086614173
0
LINE
8
BLACK
6
CONTINUOUS
10
2.1872990551181104
20
0.4244607086614173
11
2.1813076771653543
21
0.4223642519685039
0
LINE
8
BLACK
6
CONTINUOUS
10
2.1813076771653543
20
0.4223642519685039
11
2.1749999999999998
21
0.4216535433070866
0
LINE
8
BLACK
6
CONTINUOUS
10
2.1749999999999998
20
0.4216535433070866
11
2.1686923228346457
21
0.4223642519685039
0
LINE
8
BLACK
6
CONTINUOUS
10
2.1686923228346457
20
0.4223642519685039
11
2.1627009448818897
21
0.4244607086614173
0
LINE
8
BLACK
6
CONTINUOUS
10
2.1627009448818897
20
0.4244607086614173
11
2.1573262598425198
21
0.4278378346456693
0
LINE
8
BLACK
6
CONTINUOUS
10
2.1573262598425198
20
0.4278378346456693
11
2.1528378346456694
21
0.4323262598425197
0
LINE
8
BLACK
6
CONTINUOUS
10
2.1528378346456694
20
0.4323262598425197
11
2.1494607086614175
21
0.4377009448818898
0
LINE
8
BLACK
6
CONTINUOUS
10
2.1494607086614175
20
0.4377009448818898
11
2.1473642519685039
21
0.4436923228346457
0
LINE
8
BLACK
6
CONTINUOUS
10
2.1473642519685039
20
0.4436923228346457
11
2.1466535433070866
21
0.45
0
LINE
8
BLACK
6
CONTINUOUS
10
2.1466535433070866
20
0.45
11
2.1473642519685039
21
0.4563076771653543
0
LINE
8
BLACK
6
CONTINUOUS
10
2.1473642519685039
20
0.4563076771653543
11
2.1494607086614175
21
0.4622990551181102
0
LINE
8
BLACK
6
CONTINUOUS
10
2.1494607086614175
20
0.4622990551181102
11
2.1528378346456694
21
0.4676737401574803
0
LINE
8
BLACK
6
CONTINUOUS
10
2.1528378346456694
20
0.4676737401574803
11
2.1573262598425198
21
0.4721621653543307
0
LINE
8
BLACK
6
CONTINUOUS
10
2.1573262598425198
20
0.4721621653543307
11
2.1627009448818897
21
0.4755392913385827
0
LINE
8
BLACK
6
CONTINUOUS
10
2.1627009448818897
20
0.4755392913385827
11
2.1686923228346457
21
0.4776357480314961
0
LINE
8
BLACK
6
CONTINUOUS
10
2.1686923228346457
20
0.4776357480314961
11
2.1749999999999998
21
0.4783464566929134
0
LINE
8
BLACK
6
CONTINUOUS
10
2.1749999999999998
20
0.4783464566929134
11
2.1813076771653543
21
0.4776357480314961
0
LINE
8
BLACK
6
CONTINUOUS
10
2.2925
20
0.5224409448818897
11
2.2906524015748029
21
0.5224409448818897
0
LINE
8
BLACK
6
CONTINUOUS
10
2.2906524015748029
20
0.5224409448818897
11
2.2907171259842518
21
0.4733915354330708
0
LINE
8
BLACK
6
CONTINUOUS
10
2.2907171259842518
20
0.4733915354330708
11
2.2926737401574804
21
0.4721621653543307
0
LINE
8
BLACK
6
CONTINUOUS
10
2.2926737401574804
20
0.4721621653543307
11
2.2971621653543308
21
0.4676737401574803
0
LINE
8
BLACK
6
CONTINUOUS
10
2.2971621653543308
20
0.4676737401574803
11
2.3005392913385827
21
0.4622990551181102
0
LINE
8
BLACK
6
CONTINUOUS
10
2.3005392913385827
20
0.4622990551181102
11
2.3026357480314958
21
0.4563076771653543
0
LINE
8
BLACK
6
CONTINUOUS
10
2.3026357480314958
20
0.4563076771653543
11
2.3033464566929132
21
0.45
0
LINE
8
BLACK
6
CONTINUOUS
10
2.3033464566929132
20
0.45
11
2.3026357480314958
21
0.4436923228346457
0
LINE
8
BLACK
6
CONTINUOUS
10
2.3026357480314958
20
0.4436923228346457
11
2.3005392913385827
21
0.4377009448818898
0
LINE
8
BLACK
6
CONTINUOUS
10
2.3005392913385827
20
0.4377009448818898
11
2.2971621653543308
21
0.4323262598425197
0
LINE
8
BLACK
6
CONTINUOUS
10
2.2971621653543308
20
0.4323262598425197
11
2.2926737401574804
21
0.4278378346456693
0
LINE
8
BLACK
6
CONTINUOUS
10
2.2926737401574804
20
0.4278378346456693
11
2.28729905511811
21
0.4244607086614173
0
LINE
8
BLACK
6
CONTINUOUS
10
2.28729905511811
20
0.4244607086614173
11
2.2813076771653544
21
0.4223642519685039
0
LINE
8
BLACK
6
CONTINUOUS
10
2.2813076771653544
20
0.4223642519685039
11
2.2749999999999999
21
0.4216535433070866
0
LINE
8
BLACK
6
CONTINUOUS
10
2.2749999999999999
20
0.4216535433070866
11
2.2686923228346458
21
0.4223642519685039
0
LINE
8
BLACK
6
CONTINUOUS
10
2.2686923228346458
20
0.4223642519685039
11
2.2627009448818898
21
0.4244607086614173
0
LINE
8
BLACK
6
CONTINUOUS
10
2.2627009448818898
20
0.4244607086614173
11
2.2573262598425194
21
0.4278378346456693
0
LINE
8
BLACK
6
CONTINUOUS
10
2.2573262598425194
20
0.4278378346456693
11
2.2528378346456694
21
0.4323262598425197
0
LINE
8
BLACK
6
CONTINUOUS
10
2.2528378346456694
20
0.4323262598425197
11
2.2494607086614171
21
0.4377009448818898
0
LINE
8
BLACK
6
CONTINUOUS
10
2.2494607086614171
20
0.4377009448818898
11
2.247364251968504
21
0.4436923228346457
0
LINE
8
BLACK
6
CONTINUOUS
10
2.247364251968504
20
0.4436923228346457
11
2.2466535433070867
21
0.45
0
LINE
8
BLACK
6
CONTINUOUS
10
2.2466535433070867
20
0.45
11
2.247364251968504
21
0.4563076771653543
0
LINE
8
BLACK
6
CONTINUOUS
10
2.247364251968504
20
0.4563076771653543
11
2.2494607086614171
21
0.4622990551181102
0
LINE
8
BLACK
6
CONTINUOUS
10
2.2494607086614171
20
0.4622990551181102
11
2.2528378346456694
21
0.4676737401574803
0
LINE
8
BLACK
6
CONTINUOUS
10
2.2528378346456694
20
0.4676737401574803
11
2.2573262598425194
21
0.4721621653543307
0
LINE
8
BLACK
6
CONTINUOUS
10
2.2573262598425194
20
0.4721621653543307
11
2.259353031496063
21
0.4734356692913386
0
LINE
8
BLACK
6
CONTINUOUS
10
2.259353031496063
20
0.4734356692913386
11
2.2592883464566929
21
0.5224409448818897
0
LINE
8
BLACK
6
CONTINUOUS
10
2.2592883464566929
20
0.5224409448818897
11
2.2574999999999998
21
0.5224409448818897
0
LINE
8
BLACK
6
CONTINUOUS
10
2.2574999999999998
20
0.5224409448818897
11
2.2574999999999998
21
0.5775590551181102
0
LINE
8
BLACK
6
CONTINUOUS
10
2.2574999999999998
20
0.5775590551181102
11
2.2925
21
0.5775590551181102
0
LINE
8
BLACK
6
CONTINUOUS
10
2.2925
20
0.5775590551181102
11
2.2925
21
0.5224409448818897
0
LINE
8
BLACK
6
CONTINUOUS
10
1.9758506299212597
20
1.2906133070866141
11
1.9770555118110236
21
1.2906133070866141
0
LINE
8
BLACK
6
CONTINUOUS
10
1.9770555118110236
20
1.2906133070866141
11
1.9787972047244093
21
1.2901466141732283
0
LINE
8
BLACK
6
CONTINUOUS
10
1.9787972047244093
20
1.2901466141732283
11
1.9798664173228346
21
1.2899772834645669
0
LINE
8
BLACK
6
CONTINUOUS
10
1.9798664173228346
20
1.2899772834645669
11
1.9803512992125984
21
1.2897301968503936
0
LINE
8
BLACK
6
CONTINUOUS
10
1.9803512992125984
20
1.2897301968503936
11
1.9810265354330707
21
1.2895492913385826
0
LINE
8
BLACK
6
CONTINUOUS
10
1.9810265354330707
20
1.2895492913385826
11
1.9834314173228347
21
1.2881607874015748
0
LINE
8
BLACK
6
CONTINUOUS
10
1.9834314173228347
20
1.2881607874015748
11
1.9842564566929133
21
1.2877404330708662
0
LINE
8
BLACK
6
CONTINUOUS
10
1.9842564566929133
20
1.2877404330708662
11
1.9843888582677165
21
1.2876079921259842
0
LINE
8
BLACK
6
CONTINUOUS
10
1.9843888582677165
20
1.2876079921259842
11
1.984586811023622
21
1.2874937401574802
0
LINE
8
BLACK
6
CONTINUOUS
10
1.984586811023622
20
1.2874937401574802
11
2.0111355511811024
21
1.2611355118110237
0
LINE
8
BLACK
6
CONTINUOUS
10
2.0111355511811024
20
1.2611355118110237
11
2.0124937401574803
21
1.2595868110236219
0
LINE
8
BLACK
6
CONTINUOUS
10
2.0124937401574803
20
1.2595868110236219
11
2.0145492913385827
21
1.2560264960629921
0
LINE
8
BLACK
6
CONTINUOUS
10
2.0145492913385827
20
1.2560264960629921
11
2.015613307086614
21
1.2520555118110237
0
LINE
8
BLACK
6
CONTINUOUS
10
2.015613307086614
20
1.2520555118110237
11
2.0157404330708659
21
0.990625157480315
0
LINE
8
BLACK
6
CONTINUOUS
10
2.0157404330708659
20
0.990625157480315
11
2.1724409448818895
21
0.9907296456692913
0
LINE
8
BLACK
6
CONTINUOUS
10
2.1724409448818895
20
0.9907296456692913
11
2.1724409448818895
21
0.9926968503937008
0
LINE
8
BLACK
6
CONTINUOUS
10
2.1724409448818895
20
0.9926968503937008
11
2.210733897637795
21
0.9926968503937008
0
LINE
8
BLACK
6
CONTINUOUS
10
2.210733897637795
20
0.9926968503937008
11
2.2724409448818896
21
1.054557874015748
0
LINE
8
BLACK
6
CONTINUOUS
10
2.2724409448818896
20
1.054557874015748
11
2.2724409448818896
21
1.0676968503937008
0
LINE
8
BLACK
6
CONTINUOUS
10
2.2724409448818896
20
1.0676968503937008
11
2.32755905511811
21
1.0676968503937008
0
LINE
8
BLACK
6
CONTINUOUS
10
2.32755905511811
20
1.0676968503937008
11
2.32755905511811
21
1.0323031496062991
0
LINE
8
BLACK
6
CONTINUOUS
10
2.32755905511811
20
1.0323031496062991
11
2.2945416929133859
21
1.0323031496062991
0
LINE
8
BLACK
6
CONTINUOUS
10
2.2945416929133859
20
1.0323031496062991
11
2.2275590551181104
21
0.9651533464566929
0
LINE
8
BLACK
6
CONTINUOUS
10
2.2275590551181104
20
0.9651533464566929
11
2.2275590551181104
21
0.9573031496062991
0
LINE
8
BLACK
6
CONTINUOUS
10
2.2275590551181104
20
0.9573031496062991
11
2.1724409448818895
21
0.9573031496062991
0
LINE
8
BLACK
6
CONTINUOUS
10
2.1724409448818895
20
0.9573031496062991
11
2.1724409448818895
21
0.9593669291338582
0
LINE
8
BLACK
6
CONTINUOUS
10
2.1724409448818895
20
0.9593669291338582
11
2.015625157480315
21
0.9592623622047244
0
LINE
8
BLACK
6
CONTINUOUS
10
2.015625157480315
20
0.9592623622047244
11
2.0157375984251966
21
0.7906251574803149
0
LINE
8
BLACK
6
CONTINUOUS
10
2.0157375984251966
20
0.7906251574803149
11
2.182303149606299
21
0.790736220472441
0
LINE
8
BLACK
6
CONTINUOUS
10
2.182303149606299
20
0.790736220472441
11
2.182303149606299
21
0.8025590551181102
0
LINE
8
BLACK
6
CONTINUOUS
10
2.182303149606299
20
0.8025590551181102
11
2.2176968503937009
21
0.8025590551181102
0
LINE
8
BLACK
6
CONTINUOUS
10
2.2176968503937009
20
0.8025590551181102
11
2.2176968503937009
21
0.7474409448818897
0
LINE
8
BLACK
6
CONTINUOUS
10
2.2176968503937009
20
0.7474409448818897
11
2.182303149606299
21
0.7474409448818897
0
LINE
8
BLACK
6
CONTINUOUS
10
2.182303149606299
20
0.7474409448818897
11
2.182303149606299
21
0.7593735039370079
0
LINE
8
BLACK
6
CONTINUOUS
10
2.182303149606299
20
0.7593735039370079
11
2.015625157480315
21
0.7592623622047244
0
LINE
8
BLACK
6
CONTINUOUS
10
2.015625157480315
20
0.7592623622047244
11
2.0157437401574803
21
0.5813809448818897
0
LINE
8
BLACK
6
CONTINUOUS
10
2.0157437401574803
20
0.5813809448818897
11
2.0316187401574801
21
0.5656198818897638
0
LINE
8
BLACK
6
CONTINUOUS
10
2.0316187401574801
20
0.5656198818897638
11
2.182303149606299
21
0.5657345275590551
0
LINE
8
BLACK
6
CONTINUOUS
10
2.182303149606299
20
0.5657345275590551
11
2.182303149606299
21
0.5775590551181102
0
LINE
8
BLACK
6
CONTINUOUS
10
2.182303149606299
20
0.5775590551181102
11
2.2176968503937009
21
0.5775590551181102
0
LINE
8
BLACK
6
CONTINUOUS
10
2.2176968503937009
20
0.5775590551181102
11
2.2176968503937009
21
0.5224409448818897
0
LINE
8
BLACK
6
CONTINUOUS
10
2.2176968503937009
20
0.5224409448818897
11
2.182303149606299
21
0.5224409448818897
0
LINE
8
BLACK
6
CONTINUOUS
10
2.182303149606299
20
0.5224409448818897
11
2.182303149606299
21
0.5343716535433071
0
LINE
8
BLACK
6
CONTINUOUS
10
2.182303149606299
20
0.5343716535433071
11
2.0249999999999999
21
0.534251968503937
0
LINE
8
BLACK
6
CONTINUOUS
10
2.0249999999999999
20
0.534251968503937
11
2.0229444881889762
21
0.5343866929133858
0
LINE
8
BLACK
6
CONTINUOUS
10
2.0229444881889762
20
0.5343866929133858
11
2.018973503937008
21
0.5354507086614173
0
LINE
8
BLACK
6
CONTINUOUS
10
2.018973503937008
20
0.5354507086614173
11
2.0154131889763778
21
0.5375062598425197
0
LINE
8
BLACK
6
CONTINUOUS
10
2.0154131889763778
20
0.5375062598425197
11
1.9888644488188976
21
0.5638644488188976
0
LINE
8
BLACK
6
CONTINUOUS
10
1.9888644488188976
20
0.5638644488188976
11
1.9875062598425197
21
0.5654131889763779
0
LINE
8
BLACK
6
CONTINUOUS
10
1.9875062598425197
20
0.5654131889763779
11
1.9854507086614173
21
0.5689734645669291
0
LINE
8
BLACK
6
CONTINUOUS
10
1.9854507086614173
20
0.5689734645669291
11
1.9843866929133858
21
0.5729444881889764
0
LINE
8
BLACK
6
CONTINUOUS
10
1.9843866929133858
20
0.5729444881889764
11
1.984251968503937
21
0.775
0
LINE
8
BLACK
6
CONTINUOUS
10
1.984251968503937
20
0.775
11
1.9843839763779527
21
0.7770140944881889
0
LINE
8
BLACK
6
CONTINUOUS
10
1.9843839763779527
20
0.7770140944881889
11
1.984251968503937
21
0.975
0
LINE
8
BLACK
6
CONTINUOUS
10
1.984251968503937
20
0.975
11
1.98438468503937
21
0.9770251968503937
0
LINE
8
BLACK
6
CONTINUOUS
10
1.98438468503937
20
0.9770251968503937
11
1.9842550393700786
21
1.243620157480315
0
LINE
8
BLACK
6
CONTINUOUS
10
1.9842550393700786
20
1.243620157480315
11
1.9638644488188977
21
1.2638644488188977
0
LINE
8
BLACK
6
CONTINUOUS
10
1.9638644488188977
20
1.2638644488188977
11
1.9625062598425196
21
1.265413188976378
0
LINE
8
BLACK
6
CONTINUOUS
10
1.9625062598425196
20
1.265413188976378
11
1.962391968503937
21
1.2656111023622048
0
LINE
8
BLACK
6
CONTINUOUS
10
1.962391968503937
20
1.2656111023622048
11
1.9622595669291338
21
1.2657435433070865
0
LINE
8
BLACK
6
CONTINUOUS
10
1.9622595669291338
20
1.2657435433070865
11
1.9618391732283464
21
1.2665685433070866
0
LINE
8
BLACK
6
CONTINUOUS
10
1.9618391732283464
20
1.2665685433070866
11
1.9604507086614174
21
1.2689734645669291
0
LINE
8
BLACK
6
CONTINUOUS
10
1.9604507086614174
20
1.2689734645669291
11
1.9602697637795274
21
1.2696486614173228
0
LINE
8
BLACK
6
CONTINUOUS
10
1.9602697637795274
20
1.2696486614173228
11
1.9600227165354329
21
1.2701335826771654
0
LINE
8
BLACK
6
CONTINUOUS
10
1.9600227165354329
20
1.2701335826771654
11
1.959853346456693
21
1.2712027559055117
0
LINE
8
BLACK
6
CONTINUOUS
10
1.959853346456693
20
1.2712027559055117
11
1.9593866929133859
21
1.2729444881889764
0
LINE
8
BLACK
6
CONTINUOUS
10
1.9593866929133859
20
1.2729444881889764
11
1.9593866929133859
21
1.2741493307086613
0
LINE
8
BLACK
6
CONTINUOUS
10
1.9593866929133859
20
1.2741493307086613
11
1.9592519685039369
21
1.2749999999999999
0
LINE
8
BLACK
6
CONTINUOUS
10
1.9592519685039369
20
1.2749999999999999
11
1.9593866929133859
21
1.2758506299212597
0
LINE
8
BLACK
6
CONTINUOUS
10
1.9593866929133859
20
1.2758506299212597
11
1.9593866929133859
21
1.2770555118110236
0
LINE
8
BLACK
6
CONTINUOUS
10
1.9593866929133859
20
1.2770555118110236
11
1.959853346456693
21
1.2787972047244094
0
LINE
8
BLACK
6
CONTINUOUS
10
1.959853346456693
20
1.2787972047244094
11
1.9600227165354329
21
1.2798664173228347
0
LINE
8
BLACK
6
CONTINUOUS
10
1.9600227165354329
20
1.2798664173228347
11
1.9602697637795274
21
1.2803512992125985
0
LINE
8
BLACK
6
CONTINUOUS
10
1.9602697637795274
20
1.2803512992125985
11
1.9604507086614174
21
1.2810265354330708
0
LINE
8
BLACK
6
CONTINUOUS
10
1.9604507086614174
20
1.2810265354330708
11
1.9618391732283464
21
1.2834314173228347
0
LINE
8
BLACK
6
CONTINUOUS
10
1.9618391732283464
20
1.2834314173228347
11
1.9622595669291338
21
1.2842564566929133
0
LINE
8
BLACK
6
CONTINUOUS
10
1.9622595669291338
20
1.2842564566929133
11
1.962391968503937
21
1.2843888582677165
0
LINE
8
BLACK
6
CONTINUOUS
10
1.962391968503937
20
1.2843888582677165
11
1.9625062598425196
21
1.284586811023622
0
LINE
8
BLACK
6
CONTINUOUS
10
1.9625062598425196
20
1.284586811023622
11
1.965413188976378
21
1.2874937401574802
0
LINE
8
BLACK
6
CONTINUOUS
10
1.965413188976378
20
1.2874937401574802
11
1.9656111023622047
21
1.2876079921259842
0
LINE
8
BLACK
6
CONTINUOUS
10
1.9656111023622047
20
1.2876079921259842
11
1.9657435433070867
21
1.2877404330708662
0
LINE
8
BLACK
6
CONTINUOUS
10
1.9657435433070867
20
1.2877404330708662
11
1.9665685433070865
21
1.2881607874015748
0
LINE
8
BLACK
6
CONTINUOUS
10
1.9665685433070865
20
1.2881607874015748
11
1.968973464566929
21
1.2895492913385826
0
LINE
8
BLACK
6
CONTINUOUS
10
1.968973464566929
20
1.2895492913385826
11
1.9696486614173228
21
1.2897301968503936
0
LINE
8
BLACK
6
CONTINUOUS
10
1.9696486614173228
20
1.2897301968503936
11
1.9701335826771653
21
1.2899772834645669
0
LINE
8
BLACK
6
CONTINUOUS
10
1.9701335826771653
20
1.2899772834645669
11
1.9712027559055119
21
1.2901466141732283
0
LINE
8
BLACK
6
CONTINUOUS
10
1.9712027559055119
20
1.2901466141732283
11
1.9729444881889764
21
1.2906133070866141
0
LINE
8
BLACK
6
CONTINUOUS
10
1.9729444881889764
20
1.2906133070866141
11
1.97414937007874
21
1.2906133070866141
0
LINE
8
BLACK
6
CONTINUOUS
10
1.97414937007874
20
1.2906133070866141
11
1.9749999999999999
21
1.2907480314960629
0
LINE
8
BLACK
6
CONTINUOUS
10
1.9749999999999999
20
1.2907480314960629
11
1.9758506299212597
21
1.2906133070866141
0
LINE
8
BLACK
6
CONTINUOUS
10
2.0813076771653543
20
0.7026357480314961
11
2.0872990551181103
21
0.7005392913385826
0
LINE
8
BLACK
6
CONTINUOUS
10
2.0872990551181103
20
0.7005392913385826
11
2.0926737401574802
21
0.6971621653543307
0
LINE
8
BLACK
6
CONTINUOUS
10
2.0926737401574802
20
0.6971621653543307
11
2.0971621653543306
21
0.6926737401574803
0
LINE
8
BLACK
6
CONTINUOUS
10
2.0971621653543306
20
0.6926737401574803
11
2.1005392913385825
21
0.6872990551181102
0
LINE
8
BLACK
6
CONTINUOUS
10
2.1005392913385825
20
0.6872990551181102
11
2.1026357480314961
21
0.6813076771653543
0
LINE
8
BLACK
6
CONTINUOUS
10
2.1026357480314961
20
0.6813076771653543
11
2.1033464566929134
21
0.6749999999999999
0
LINE
8
BLACK
6
CONTINUOUS
10
2.1033464566929134
20
0.6749999999999999
11
2.1026357480314961
21
0.6686923228346456
0
LINE
8
BLACK
6
CONTINUOUS
10
2.1026357480314961
20
0.6686923228346456
11
2.1005392913385825
21
0.6627009448818898
0
LINE
8
BLACK
6
CONTINUOUS
10
2.1005392913385825
20
0.6627009448818898
11
2.0971621653543306
21
0.6573262598425197
0
LINE
8
BLACK
6
CONTINUOUS
10
2.0971621653543306
20
0.6573262598425197
11
2.0926737401574802
21
0.6528378346456692
0
LINE
8
BLACK
6
CONTINUOUS
10
2.0926737401574802
20
0.6528378346456692
11
2.0872990551181103
21
0.6494607086614174
0
LINE
8
BLACK
6
CONTINUOUS
10
2.0872990551181103
20
0.6494607086614174
11
2.0813076771653543
21
0.6473642519685039
0
LINE
8
BLACK
6
CONTINUOUS
10
2.0813076771653543
20
0.6473642519685039
11
2.0749999999999997
21
0.6466535433070866
0
LINE
8
BLACK
6
CONTINUOUS
10
2.0749999999999997
20
0.6466535433070866
11
2.0686923228346457
21
0.6473642519685039
0
LINE
8
BLACK
6
CONTINUOUS
10
2.0686923228346457
20
0.6473642519685039
11
2.0627009448818896
21
0.6494607086614174
0
LINE
8
BLACK
6
CONTINUOUS
10
2.0627009448818896
20
0.6494607086614174
11
2.0573262598425197
21
0.6528378346456692
0
LINE
8
BLACK
6
CONTINUOUS
10
2.0573262598425197
20
0.6528378346456692
11
2.0528378346456693
21
0.6573262598425197
0
LINE
8
BLACK
6
CONTINUOUS
10
2.0528378346456693
20
0.6573262598425197
11
2.0494607086614174
21
0.6627009448818898
0
LINE
8
BLACK
6
CONTINUOUS
10
2.0494607086614174
20
0.6627009448818898
11
2.0473642519685038
21
0.6686923228346456
0
LINE
8
BLACK
6
CONTINUOUS
10
2.0473642519685038
20
0.6686923228346456
11
2.0466535433070865
21
0.6749999999999999
0
LINE
8
BLACK
6
CONTINUOUS
10
2.0466535433070865
20
0.6749999999999999
11
2.0473642519685038
21
0.6813076771653543
0
LINE
8
BLACK
6
CONTINUOUS
10
2.0473642519685038
20
0.6813076771653543
11
2.0494607086614174
21
0.6872990551181102
0
LINE
8
BLACK
6
CONTINUOUS
10
2.0494607086614174
20
0.6872990551181102
11
2.0528378346456693
21
0.6926737401574803
0
LINE
8
BLACK
6
CONTINUOUS
10
2.0528378346456693
20
0.6926737401574803
11
2.0573262598425197
21
0.6971621653543307
0
LINE
8
BLACK
6
CONTINUOUS
10
2.0573262598425197
20
0.6971621653543307
11
2.0627009448818896
21
0.7005392913385826
0
LINE
8
BLACK
6
CONTINUOUS
10
2.0627009448818896
20
0.7005392913385826
11
2.0686923228346457
21
0.7026357480314961
0
LINE
8
BLACK
6
CONTINUOUS
10
2.0686923228346457
20
0.7026357480314961
11
2.0749999999999997
21
0.7033464566929134
0
LINE
8
BLACK
6
CONTINUOUS
10
2.0749999999999997
20
0.7033464566929134
11
2.0813076771653543
21
0.7026357480314961
0
LINE
8
BLACK
6
CONTINUOUS
10
2.1813076771653543
20
0.7026357480314961
11
2.1872990551181104
21
0.7005392913385826
0
LINE
8
BLACK
6
CONTINUOUS
10
2.1872990551181104
20
0.7005392913385826
11
2.1926737401574803
21
0.6971621653543307
0
LINE
8
BLACK
6
CONTINUOUS
10
2.1926737401574803
20
0.6971621653543307
11
2.1971621653543307
21
0.6926737401574803
0
LINE
8
BLACK
6
CONTINUOUS
10
2.1971621653543307
20
0.6926737401574803
11
2.2005392913385826
21
0.6872990551181102
0
LINE
8
BLACK
6
CONTINUOUS
10
2.2005392913385826
20
0.6872990551181102
11
2.2026357480314962
21
0.6813076771653543
0
LINE
8
BLACK
6
CONTINUOUS
10
2.2026357480314962
20
0.6813076771653543
11
2.2033464566929135
21
0.6749999999999999
0
LINE
8
BLACK
6
CONTINUOUS
10
2.2033464566929135
20
0.6749999999999999
11
2.2026357480314962
21
0.6686923228346456
0
LINE
8
BLACK
6
CONTINUOUS
10
2.2026357480314962
20
0.6686923228346456
11
2.2005392913385826
21
0.6627009448818898
0
LINE
8
BLACK
6
CONTINUOUS
10
2.2005392913385826
20
0.6627009448818898
11
2.1971621653543307
21
0.6573262598425197
0
LINE
8
BLACK
6
CONTINUOUS
10
2.1971621653543307
20
0.6573262598425197
11
2.1926737401574803
21
0.6528378346456692
0
LINE
8
BLACK
6
CONTINUOUS
10
2.1926737401574803
20
0.6528378346456692
11
2.1872990551181104
21
0.6494607086614174
0
LINE
8
BLACK
6
CONTINUOUS
10
2.1872990551181104
20
0.6494607086614174
11
2.1813076771653543
21
0.6473642519685039
0
LINE
8
BLACK
6
CONTINUOUS
10
2.1813076771653543
20
0.6473642519685039
11
2.1749999999999998
21
0.6466535433070866
0
LINE
8
BLACK
6
CONTINUOUS
10
2.1749999999999998
20
0.6466535433070866
11
2.1686923228346457
21
0.6473642519685039
0
LINE
8
BLACK
6
CONTINUOUS
10
2.1686923228346457
20
0.6473642519685039
11
2.1627009448818897
21
0.6494607086614174
0
LINE
8
BLACK
6
CONTINUOUS
10
2.1627009448818897
20
0.6494607086614174
11
2.1573262598425198
21
0.6528378346456692
0
LINE
8
BLACK
6
CONTINUOUS
10
2.1573262598425198
20
0.6528378346456692
11
2.1528378346456694
21
0.6573262598425197
0
LINE
8
BLACK
6
CONTINUOUS
10
2.1528378346456694
20
0.6573262598425197
11
2.1494607086614175
21
0.6627009448818898
0
LINE
8
BLACK
6
CONTINUOUS
10
2.1494607086614175
20
0.6627009448818898
11
2.1473642519685039
21
0.6686923228346456
0
LINE
8
BLACK
6
CONTINUOUS
10
2.1473642519685039
20
0.6686923228346456
11
2.1466535433070866
21
0.6749999999999999
0
LINE
8
BLACK
6
CONTINUOUS
10
2.1466535433070866
20
0.6749999999999999
11
2.1473642519685039
21
0.6813076771653543
0
LINE
8
BLACK
6
CONTINUOUS
10
2.1473642519685039
20
0.6813076771653543
11
2.1494607086614175
21
0.6872990551181102
0
LINE
8
BLACK
6
CONTINUOUS
10
2.1494607086614175
20
0.6872990551181102
11
2.1528378346456694
21
0.6926737401574803
0
LINE
8
BLACK
6
CONTINUOUS
10
2.1528378346456694
20
0.6926737401574803
11
2.1573262598425198
21
0.6971621653543307
0
LINE
8
BLACK
6
CONTINUOUS
10
2.1573262598425198
20
0.6971621653543307
11
2.1627009448818897
21
0.7005392913385826
0
LINE
8
BLACK
6
CONTINUOUS
10
2.1627009448818897
20
0.7005392913385826
11
2.1686923228346457
21
0.7026357480314961
0
LINE
8
BLACK
6
CONTINUOUS
10
2.1686923228346457
20
0.7026357480314961
11
2.1749999999999998
21
0.7033464566929134
0
LINE
8
BLACK
6
CONTINUOUS
10
2.1749999999999998
20
0.7033464566929134
11
2.1813076771653543
21
0.7026357480314961
0
LINE
8
BLACK
6
CONTINUOUS
10
2.2925
20
0.7474409448818897
11
2.2906524015748029
21
0.7474409448818897
0
LINE
8
BLACK
6
CONTINUOUS
10
2.2906524015748029
20
0.7474409448818897
11
2.2907171259842518
21
0.6983915354330709
0
LINE
8
BLACK
6
CONTINUOUS
10
2.2907171259842518
20
0.6983915354330709
11
2.2926737401574804
21
0.6971621653543307
0
LINE
8
BLACK
6
CONTINUOUS
10
2.2926737401574804
20
0.6971621653543307
11
2.2971621653543308
21
0.6926737401574803
0
LINE
8
BLACK
6
CONTINUOUS
10
2.2971621653543308
20
0.6926737401574803
11
2.3005392913385827
21
0.6872990551181102
0
LINE
8
BLACK
6
CONTINUOUS
10
2.3005392913385827
20
0.6872990551181102
11
2.3026357480314958
21
0.6813076771653543
0
LINE
8
BLACK
6
CONTINUOUS
10
2.3026357480314958
20
0.6813076771653543
11
2.3033464566929132
21
0.6749999999999999
0
LINE
8
BLACK
6
CONTINUOUS
10
2.3033464566929132
20
0.6749999999999999
11
2.3026357480314958
21
0.6686923228346456
0
LINE
8
BLACK
6
CONTINUOUS
10
2.3026357480314958
20
0.6686923228346456
11
2.3005392913385827
21
0.6627009448818898
0
LINE
8
BLACK
6
CONTINUOUS
10
2.3005392913385827
20
0.6627009448818898
11
2.2971621653543308
21
0.6573262598425197
0
LINE
8
BLACK
6
CONTINUOUS
10
2.2971621653543308
20
0.6573262598425197
11
2.2926737401574804
21
0.6528378346456692
0
LINE
8
BLACK
6
CONTINUOUS
10
2.2926737401574804
20
0.6528378346456692
11
2.28729905511811
21
0.6494607086614174
0
LINE
8
BLACK
6
CONTINUOUS
10
2.28729905511811
20
0.6494607086614174
11
2.2813076771653544
21
0.6473642519685039
0
LINE
8
BLACK
6
CONTINUOUS
10
2.2813076771653544
20
0.6473642519685039
11
2.2749999999999999
21
0.6466535433070866
0
LINE
8
BLACK
6
CONTINUOUS
10
2.2749999999999999
20
0.6466535433070866
11
2.2686923228346458
21
0.6473642519685039
0
LINE
8
BLACK
6
CONTINUOUS
10
2.2686923228346458
20
0.6473642519685039
11
2.2627009448818898
21
0.6494607086614174
0
LINE
8
BLACK
6
CONTINUOUS
10
2.2627009448818898
20
0.6494607086614174
11
2.2573262598425194
21
0.6528378346456692
0
LINE
8
BLACK
6
CONTINUOUS
10
2.2573262598425194
20
0.6528378346456692
11
2.2528378346456694
21
0.6573262598425197
0
LINE
8
BLACK
6
CONTINUOUS
10
2.2528378346456694
20
0.6573262598425197
11
2.2494607086614171
21
0.6627009448818898
0
LINE
8
BLACK
6
CONTINUOUS
10
2.2494607086614171
20
0.6627009448818898
11
2.247364251968504
21
0.6686923228346456
0
LINE
8
BLACK
6
CONTINUOUS
10
2.247364251968504
20
0.6686923228346456
11
2.2466535433070867
21
0.6749999999999999
0
LINE
8
BLACK
6
CONTINUOUS
10
2.2466535433070867
20
0.6749999999999999
11
2.247364251968504
21
0.6813076771653543
0
LINE
8
BLACK
6
CONTINUOUS
10
2.247364251968504
20
0.6813076771653543
11
2.2494607086614171
21
0.6872990551181102
0
LINE
8
BLACK
6
CONTINUOUS
10
2.2494607086614171
20
0.6872990551181102
11
2.2528378346456694
21
0.6926737401574803
0
LINE
8
BLACK
6
CONTINUOUS
10
2.2528378346456694
20
0.6926737401574803
11
2.2573262598425194
21
0.6971621653543307
0
LINE
8
BLACK
6
CONTINUOUS
10
2.2573262598425194
20
0.6971621653543307
11
2.259353031496063
21
0.6984356692913386
0
LINE
8
BLACK
6
CONTINUOUS
10
2.259353031496063
20
0.6984356692913386
11
2.2592883464566929
21
0.7474409448818897
0
LINE
8
BLACK
6
CONTINUOUS
10
2.2592883464566929
20
0.7474409448818897
11
2.2574999999999998
21
0.7474409448818897
0
LINE
8
BLACK
6
CONTINUOUS
10
2.2574999999999998
20
0.7474409448818897
11
2.2574999999999998
21
0.8025590551181102
0
LINE
8
BLACK
6
CONTINUOUS
10
2.2574999999999998
20
0.8025590551181102
11
2.2925
21
0.8025590551181102
0
LINE
8
BLACK
6
CONTINUOUS
10
2.2925
20
0.8025590551181102
11
2.2925
21
0.7474409448818897
0
LINE
8
BLACK
6
CONTINUOUS
10
2.0813076771653543
20
0.9276357480314961
11
2.0872990551181103
21
0.9255392913385827
0
LINE
8
BLACK
6
CONTINUOUS
10
2.0872990551181103
20
0.9255392913385827
11
2.0926737401574802
21
0.9221621653543307
0
LINE
8
BLACK
6
CONTINUOUS
10
2.0926737401574802
20
0.9221621653543307
11
2.0971621653543306
21
0.9176737401574803
0
LINE
8
BLACK
6
CONTINUOUS
10
2.0971621653543306
20
0.9176737401574803
11
2.1005392913385825
21
0.9122990551181103
0
LINE
8
BLACK
6
CONTINUOUS
10
2.1005392913385825
20
0.9122990551181103
11
2.1026357480314961
21
0.9063076771653543
0
LINE
8
BLACK
6
CONTINUOUS
10
2.1026357480314961
20
0.9063076771653543
11
2.1033464566929134
21
0.9
0
LINE
8
BLACK
6
CONTINUOUS
10
2.1033464566929134
20
0.9
11
2.1026357480314961
21
0.8936923228346456
0
LINE
8
BLACK
6
CONTINUOUS
10
2.1026357480314961
20
0.8936923228346456
11
2.1005392913385825
21
0.8877009448818898
0
LINE
8
BLACK
6
CONTINUOUS
10
2.1005392913385825
20
0.8877009448818898
11
2.0971621653543306
21
0.8823262598425197
0
LINE
8
BLACK
6
CONTINUOUS
10
2.0971621653543306
20
0.8823262598425197
11
2.0926737401574802
21
0.8778378346456692
0
LINE
8
BLACK
6
CONTINUOUS
10
2.0926737401574802
20
0.8778378346456692
11
2.0872990551181103
21
0.8744607086614173
0
LINE
8
BLACK
6
CONTINUOUS
10
2.0872990551181103
20
0.8744607086614173
11
2.0813076771653543
21
0.8723642519685039
0
LINE
8
BLACK
6
CONTINUOUS
10
2.0813076771653543
20
0.8723642519685039
11
2.0749999999999997
21
0.8716535433070866
0
LINE
8
BLACK
6
CONTINUOUS
10
2.0749999999999997
20
0.8716535433070866
11
2.0686923228346457
21
0.8723642519685039
0
LINE
8
BLACK
6
CONTINUOUS
10
2.0686923228346457
20
0.8723642519685039
11
2.0627009448818896
21
0.8744607086614173
0
LINE
8
BLACK
6
CONTINUOUS
10
2.0627009448818896
20
0.8744607086614173
11
2.0573262598425197
21
0.8778378346456692
0
LINE
8
BLACK
6
CONTINUOUS
10
2.0573262598425197
20
0.8778378346456692
11
2.0528378346456693
21
0.8823262598425197
0
LINE
8
BLACK
6
CONTINUOUS
10
2.0528378346456693
20
0.8823262598425197
11
2.0494607086614174
21
0.8877009448818898
0
LINE
8
BLACK
6
CONTINUOUS
10
2.0494607086614174
20
0.8877009448818898
11
2.0473642519685038
21
0.8936923228346456
0
LINE
8
BLACK
6
CONTINUOUS
10
2.0473642519685038
20
0.8936923228346456
11
2.0466535433070865
21
0.9
0
LINE
8
BLACK
6
CONTINUOUS
10
2.0466535433070865
20
0.9
11
2.0473642519685038
21
0.9063076771653543
0
LINE
8
BLACK
6
CONTINUOUS
10
2.0473642519685038
20
0.9063076771653543
11
2.0494607086614174
21
0.9122990551181103
0
LINE
8
BLACK
6
CONTINUOUS
10
2.0494607086614174
20
0.9122990551181103
11
2.0528378346456693
21
0.9176737401574803
0
LINE
8
BLACK
6
CONTINUOUS
10
2.0528378346456693
20
0.9176737401574803
11
2.0573262598425197
21
0.9221621653543307
0
LINE
8
BLACK
6
CONTINUOUS
10
2.0573262598425197
20
0.9221621653543307
11
2.0627009448818896
21
0.9255392913385827
0
LINE
8
BLACK
6
CONTINUOUS
10
2.0627009448818896
20
0.9255392913385827
11
2.0686923228346457
21
0.9276357480314961
0
LINE
8
BLACK
6
CONTINUOUS
10
2.0686923228346457
20
0.9276357480314961
11
2.0749999999999997
21
0.9283464566929134
0
LINE
8
BLACK
6
CONTINUOUS
10
2.0749999999999997
20
0.9283464566929134
11
2.0813076771653543
21
0.9276357480314961
0
LINE
8
BLACK
6
CONTINUOUS
10
2.1813076771653543
20
0.9276357480314961
11
2.1872990551181104
21
0.9255392913385827
0
LINE
8
BLACK
6
CONTINUOUS
10
2.1872990551181104
20
0.9255392913385827
11
2.1926737401574803
21
0.9221621653543307
0
LINE
8
BLACK
6
CONTINUOUS
10
2.1926737401574803
20
0.9221621653543307
11
2.1971621653543307
21
0.9176737401574803
0
LINE
8
BLACK
6
CONTINUOUS
10
2.1971621653543307
20
0.9176737401574803
11
2.2005392913385826
21
0.9122990551181103
0
LINE
8
BLACK
6
CONTINUOUS
10
2.2005392913385826
20
0.9122990551181103
11
2.2026357480314962
21
0.9063076771653543
0
LINE
8
BLACK
6
CONTINUOUS
10
2.2026357480314962
20
0.9063076771653543
11
2.2033464566929135
21
0.9
0
LINE
8
BLACK
6
CONTINUOUS
10
2.2033464566929135
20
0.9
11
2.2026357480314962
21
0.8936923228346456
0
LINE
8
BLACK
6
CONTINUOUS
10
2.2026357480314962
20
0.8936923228346456
11
2.2005392913385826
21
0.8877009448818898
0
LINE
8
BLACK
6
CONTINUOUS
10
2.2005392913385826
20
0.8877009448818898
11
2.1971621653543307
21
0.8823262598425197
0
LINE
8
BLACK
6
CONTINUOUS
10
2.1971621653543307
20
0.8823262598425197
11
2.1926737401574803
21
0.8778378346456692
0
LINE
8
BLACK
6
CONTINUOUS
10
2.1926737401574803
20
0.8778378346456692
11
2.1872990551181104
21
0.8744607086614173
0
LINE
8
BLACK
6
CONTINUOUS
10
2.1872990551181104
20
0.8744607086614173
11
2.1813076771653543
21
0.8723642519685039
0
LINE
8
BLACK
6
CONTINUOUS
10
2.1813076771653543
20
0.8723642519685039
11
2.1749999999999998
21
0.8716535433070866
0
LINE
8
BLACK
6
CONTINUOUS
10
2.1749999999999998
20
0.8716535433070866
11
2.1686923228346457
21
0.8723642519685039
0
LINE
8
BLACK
6
CONTINUOUS
10
2.1686923228346457
20
0.8723642519685039
11
2.1627009448818897
21
0.8744607086614173
0
LINE
8
BLACK
6
CONTINUOUS
10
2.1627009448818897
20
0.8744607086614173
11
2.1573262598425198
21
0.8778378346456692
0
LINE
8
BLACK
6
CONTINUOUS
10
2.1573262598425198
20
0.8778378346456692
11
2.1528378346456694
21
0.8823262598425197
0
LINE
8
BLACK
6
CONTINUOUS
10
2.1528378346456694
20
0.8823262598425197
11
2.1494607086614175
21
0.8877009448818898
0
LINE
8
BLACK
6
CONTINUOUS
10
2.1494607086614175
20
0.8877009448818898
11
2.1473642519685039
21
0.8936923228346456
0
LINE
8
BLACK
6
CONTINUOUS
10
2.1473642519685039
20
0.8936923228346456
11
2.1466535433070866
21
0.9
0
LINE
8
BLACK
6
CONTINUOUS
10
2.1466535433070866
20
0.9
11
2.1473642519685039
21
0.9063076771653543
0
LINE
8
BLACK
6
CONTINUOUS
10
2.1473642519685039
20
0.9063076771653543
11
2.1494607086614175
21
0.9122990551181103
0
LINE
8
BLACK
6
CONTINUOUS
10
2.1494607086614175
20
0.9122990551181103
11
2.1528378346456694
21
0.9176737401574803
0
LINE
8
BLACK
6
CONTINUOUS
10
2.1528378346456694
20
0.9176737401574803
11
2.1573262598425198
21
0.9221621653543307
0
LINE
8
BLACK
6
CONTINUOUS
10
2.1573262598425198
20
0.9221621653543307
11
2.1627009448818897
21
0.9255392913385827
0
LINE
8
BLACK
6
CONTINUOUS
10
2.1627009448818897
20
0.9255392913385827
11
2.1686923228346457
21
0.9276357480314961
0
LINE
8
BLACK
6
CONTINUOUS
10
2.1686923228346457
20
0.9276357480314961
11
2.1749999999999998
21
0.9283464566929134
0
LINE
8
BLACK
6
CONTINUOUS
10
2.1749999999999998
20
0.9283464566929134
11
2.1813076771653543
21
0.9276357480314961
0
LINE
8
BLACK
6
CONTINUOUS
10
2.32755905511811
20
0.9575
11
2.3046373622047245
21
0.9575
0
LINE
8
BLACK
6
CONTINUOUS
10
2.3046373622047245
20
0.9575
11
2.2906357086614171
21
0.943397125984252
0
LINE
8
BLACK
6
CONTINUOUS
10
2.2906357086614171
20
0.943397125984252
11
2.2906874409448816
21
0.9234101968503937
0
LINE
8
BLACK
6
CONTINUOUS
10
2.2906874409448816
20
0.9234101968503937
11
2.2926737401574804
21
0.9221621653543307
0
LINE
8
BLACK
6
CONTINUOUS
10
2.2926737401574804
20
0.9221621653543307
11
2.2971621653543308
21
0.9176737401574803
0
LINE
8
BLACK
6
CONTINUOUS
10
2.2971621653543308
20
0.9176737401574803
11
2.3005392913385827
21
0.9122990551181103
0
LINE
8
BLACK
6
CONTINUOUS
10
2.3005392913385827
20
0.9122990551181103
11
2.3026357480314958
21
0.9063076771653543
0
LINE
8
BLACK
6
CONTINUOUS
10
2.3026357480314958
20
0.9063076771653543
11
2.3033464566929132
21
0.9
0
LINE
8
BLACK
6
CONTINUOUS
10
2.3033464566929132
20
0.9
11
2.3026357480314958
21
0.8936923228346456
0
LINE
8
BLACK
6
CONTINUOUS
10
2.3026357480314958
20
0.8936923228346456
11
2.3005392913385827
21
0.8877009448818898
0
LINE
8
BLACK
6
CONTINUOUS
10
2.3005392913385827
20
0.8877009448818898
11
2.2971621653543308
21
0.8823262598425197
0
LINE
8
BLACK
6
CONTINUOUS
10
2.2971621653543308
20
0.8823262598425197
11
2.2926737401574804
21
0.8778378346456692
0
LINE
8
BLACK
6
CONTINUOUS
10
2.2926737401574804
20
0.8778378346456692
11
2.28729905511811
21
0.8744607086614173
0
LINE
8
BLACK
6
CONTINUOUS
10
2.28729905511811
20
0.8744607086614173
11
2.2813076771653544
21
0.8723642519685039
0
LINE
8
BLACK
6
CONTINUOUS
10
2.2813076771653544
20
0.8723642519685039
11
2.2749999999999999
21
0.8716535433070866
0
LINE
8
BLACK
6
CONTINUOUS
10
2.2749999999999999
20
0.8716535433070866
11
2.2686923228346458
21
0.8723642519685039
0
LINE
8
BLACK
6
CONTINUOUS
10
2.2686923228346458
20
0.8723642519685039
11
2.2627009448818898
21
0.8744607086614173
0
LINE
8
BLACK
6
CONTINUOUS
10
2.2627009448818898
20
0.8744607086614173
11
2.2573262598425194
21
0.8778378346456692
0
LINE
8
BLACK
6
CONTINUOUS
10
2.2573262598425194
20
0.8778378346456692
11
2.2528378346456694
21
0.8823262598425197
0
LINE
8
BLACK
6
CONTINUOUS
10
2.2528378346456694
20
0.8823262598425197
11
2.2494607086614171
21
0.8877009448818898
0
LINE
8
BLACK
6
CONTINUOUS
10
2.2494607086614171
20
0.8877009448818898
11
2.247364251968504
21
0.8936923228346456
0
LINE
8
BLACK
6
CONTINUOUS
10
2.247364251968504
20
0.8936923228346456
11
2.2466535433070867
21
0.9
0
LINE
8
BLACK
6
CONTINUOUS
10
2.2466535433070867
20
0.9
11
2.247364251968504
21
0.9063076771653543
0
LINE
8
BLACK
6
CONTINUOUS
10
2.247364251968504
20
0.9063076771653543
11
2.2494607086614171
21
0.9122990551181103
0
LINE
8
BLACK
6
CONTINUOUS
10
2.2494607086614171
20
0.9122990551181103
11
2.2528378346456694
21
0.9176737401574803
0
LINE
8
BLACK
6
CONTINUOUS
10
2.2528378346456694
20
0.9176737401574803
11
2.2573262598425194
21
0.9221621653543307
0
LINE
8
BLACK
6
CONTINUOUS
10
2.2573262598425194
20
0.9221621653543307
11
2.2593207480314961
21
0.9234153937007874
0
LINE
8
BLACK
6
CONTINUOUS
10
2.2593207480314961
20
0.9234153937007874
11
2.2592519685039369
21
0.95
0
LINE
8
BLACK
6
CONTINUOUS
10
2.2592519685039369
20
0.95
11
2.2593866929133859
21
0.9520555118110235
0
LINE
8
BLACK
6
CONTINUOUS
10
2.2593866929133859
20
0.9520555118110235
11
2.2604507086614172
21
0.9560264960629921
0
LINE
8
BLACK
6
CONTINUOUS
10
2.2604507086614172
20
0.9560264960629921
11
2.2604507086614172
21
0.9560265354330708
0
LINE
8
BLACK
6
CONTINUOUS
10
2.2604507086614172
20
0.9560265354330708
11
2.2625062598425196
21
0.959586811023622
0
LINE
8
BLACK
6
CONTINUOUS
10
2.2625062598425196
20
0.959586811023622
11
2.2724409448818896
21
0.9695932677165354
0
LINE
8
BLACK
6
CONTINUOUS
10
2.2724409448818896
20
0.9695932677165354
11
2.2724409448818896
21
0.9924999999999999
0
LINE
8
BLACK
6
CONTINUOUS
10
2.2724409448818896
20
0.9924999999999999
11
2.32755905511811
21
0.9924999999999999
0
LINE
8
BLACK
6
CONTINUOUS
10
2.32755905511811
20
0.9924999999999999
11
2.32755905511811
21
0.9575
0
LINE
8
BLACK
6
CONTINUOUS
10
2.2813076771653544
20
1.1526357480314959
11
2.28729905511811
21
1.1505392913385826
0
LINE
8
BLACK
6
CONTINUOUS
10
2.28729905511811
20
1.1505392913385826
11
2.2926737401574804
21
1.1471621653543307
0
LINE
8
BLACK
6
CONTINUOUS
10
2.2926737401574804
20
1.1471621653543307
11
2.2971621653543308
21
1.1426737401574802
0
LINE
8
BLACK
6
CONTINUOUS
10
2.2971621653543308
20
1.1426737401574802
11
2.3005392913385827
21
1.1372990551181101
0
LINE
8
BLACK
6
CONTINUOUS
10
2.3005392913385827
20
1.1372990551181101
11
2.3026357480314958
21
1.1313076771653543
0
LINE
8
BLACK
6
CONTINUOUS
10
2.3026357480314958
20
1.1313076771653543
11
2.3033464566929132
21
1.125
0
LINE
8
BLACK
6
CONTINUOUS
10
2.3033464566929132
20
1.125
11
2.3026357480314958
21
1.1186923228346457
0
LINE
8
BLACK
6
CONTINUOUS
10
2.3026357480314958
20
1.1186923228346457
11
2.3005392913385827
21
1.1127009448818896
0
LINE
8
BLACK
6
CONTINUOUS
10
2.3005392913385827
20
1.1127009448818896
11
2.2971621653543308
21
1.1073262598425198
0
LINE
8
BLACK
6
CONTINUOUS
10
2.2971621653543308
20
1.1073262598425198
11
2.2926737401574804
21
1.1028378346456693
0
LINE
8
BLACK
6
CONTINUOUS
10
2.2926737401574804
20
1.1028378346456693
11
2.28729905511811
21
1.0994607086614172
0
LINE
8
BLACK
6
CONTINUOUS
10
2.28729905511811
20
1.0994607086614172
11
2.2813076771653544
21
1.0973642519685038
0
LINE
8
BLACK
6
CONTINUOUS
10
2.2813076771653544
20
1.0973642519685038
11
2.2749999999999999
21
1.0966535433070865
0
LINE
8
BLACK
6
CONTINUOUS
10
2.2749999999999999
20
1.0966535433070865
11
2.2694091338582676
21
1.0972834645669292
0
LINE
8
BLACK
6
CONTINUOUS
10
2.2694091338582676
20
1.0972834645669292
11
2.2275590551181104
21
1.055328937007874
0
LINE
8
BLACK
6
CONTINUOUS
10
2.2275590551181104
20
1.055328937007874
11
2.2275590551181104
21
1.0325
0
LINE
8
BLACK
6
CONTINUOUS
10
2.2275590551181104
20
1.0325
11
2.1724409448818895
21
1.0325
0
LINE
8
BLACK
6
CONTINUOUS
10
2.1724409448818895
20
1.0325
11
2.1724409448818895
21
1.0674999999999999
0
LINE
8
BLACK
6
CONTINUOUS
10
2.1724409448818895
20
1.0674999999999999
11
2.1953997637795277
21
1.0674999999999999
0
LINE
8
BLACK
6
CONTINUOUS
10
2.1953997637795277
20
1.0674999999999999
11
2.2472729133858267
21
1.1195026377952755
0
LINE
8
BLACK
6
CONTINUOUS
10
2.2472729133858267
20
1.1195026377952755
11
2.2466535433070867
21
1.125
0
LINE
8
BLACK
6
CONTINUOUS
10
2.2466535433070867
20
1.125
11
2.247364251968504
21
1.1313076771653543
0
LINE
8
BLACK
6
CONTINUOUS
10
2.247364251968504
20
1.1313076771653543
11
2.2494607086614171
21
1.1372990551181101
0
LINE
8
BLACK
6
CONTINUOUS
10
2.2494607086614171
20
1.1372990551181101
11
2.2528378346456694
21
1.1426737401574802
0
LINE
8
BLACK
6
CONTINUOUS
10
2.2528378346456694
20
1.1426737401574802
11
2.2573262598425194
21
1.1471621653543307
0
LINE
8
BLACK
6
CONTINUOUS
10
2.2573262598425194
20
1.1471621653543307
11
2.2627009448818898
21
1.1505392913385826
0
LINE
8
BLACK
6
CONTINUOUS
10
2.2627009448818898
20
1.1505392913385826
11
2.2686923228346458
21
1.1526357480314959
0
LINE
8
BLACK
6
CONTINUOUS
10
2.2686923228346458
20
1.1526357480314959
11
2.2749999999999999
21
1.1533464566929135
0
LINE
8
BLACK
6
CONTINUOUS
10
2.2749999999999999
20
1.1533464566929135
11
2.2813076771653544
21
1.1526357480314959
0
LINE
8
BLACK
6
CONTINUOUS
10
2.0813076771653543
20
1.1526357480314959
11
2.0872990551181103
21
1.1505392913385826
0
LINE
8
BLACK
6
CONTINUOUS
10
2.0872990551181103
20
1.1505392913385826
11
2.0926737401574802
21
1.1471621653543307
0
LINE
8
BLACK
6
CONTINUOUS
10
2.0926737401574802
20
1.1471621653543307
11
2.0971621653543306
21
1.1426737401574802
0
LINE
8
BLACK
6
CONTINUOUS
10
2.0971621653543306
20
1.1426737401574802
11
2.1005392913385825
21
1.1372990551181101
0
LINE
8
BLACK
6
CONTINUOUS
10
2.1005392913385825
20
1.1372990551181101
11
2.1026357480314961
21
1.1313076771653543
0
LINE
8
BLACK
6
CONTINUOUS
10
2.1026357480314961
20
1.1313076771653543
11
2.1033464566929134
21
1.125
0
LINE
8
BLACK
6
CONTINUOUS
10
2.1033464566929134
20
1.125
11
2.1026357480314961
21
1.1186923228346457
0
LINE
8
BLACK
6
CONTINUOUS
10
2.1026357480314961
20
1.1186923228346457
11
2.1005392913385825
21
1.1127009448818896
0
LINE
8
BLACK
6
CONTINUOUS
10
2.1005392913385825
20
1.1127009448818896
11
2.0971621653543306
21
1.1073262598425198
0
LINE
8
BLACK
6
CONTINUOUS
10
2.0971621653543306
20
1.1073262598425198
11
2.0926737401574802
21
1.1028378346456693
0
LINE
8
BLACK
6
CONTINUOUS
10
2.0926737401574802
20
1.1028378346456693
11
2.0872990551181103
21
1.0994607086614172
0
LINE
8
BLACK
6
CONTINUOUS
10
2.0872990551181103
20
1.0994607086614172
11
2.0813076771653543
21
1.0973642519685038
0
LINE
8
BLACK
6
CONTINUOUS
10
2.0813076771653543
20
1.0973642519685038
11
2.0749999999999997
21
1.0966535433070865
0
LINE
8
BLACK
6
CONTINUOUS
10
2.0749999999999997
20
1.0966535433070865
11
2.0686923228346457
21
1.0973642519685038
0
LINE
8
BLACK
6
CONTINUOUS
10
2.0686923228346457
20
1.0973642519685038
11
2.0627009448818896
21
1.0994607086614172
0
LINE
8
BLACK
6
CONTINUOUS
10
2.0627009448818896
20
1.0994607086614172
11
2.0573262598425197
21
1.1028378346456693
0
LINE
8
BLACK
6
CONTINUOUS
10
2.0573262598425197
20
1.1028378346456693
11
2.0528378346456693
21
1.1073262598425198
0
LINE
8
BLACK
6
CONTINUOUS
10
2.0528378346456693
20
1.1073262598425198
11
2.0494607086614174
21
1.1127009448818896
0
LINE
8
BLACK
6
CONTINUOUS
10
2.0494607086614174
20
1.1127009448818896
11
2.0473642519685038
21
1.1186923228346457
0
LINE
8
BLACK
6
CONTINUOUS
10
2.0473642519685038
20
1.1186923228346457
11
2.0466535433070865
21
1.125
0
LINE
8
BLACK
6
CONTINUOUS
10
2.0466535433070865
20
1.125
11
2.0473642519685038
21
1.1313076771653543
0
LINE
8
BLACK
6
CONTINUOUS
10
2.0473642519685038
20
1.1313076771653543
11
2.0494607086614174
21
1.1372990551181101
0
LINE
8
BLACK
6
CONTINUOUS
10
2.0494607086614174
20
1.1372990551181101
11
2.0528378346456693
21
1.1426737401574802
0
LINE
8
BLACK
6
CONTINUOUS
10
2.0528378346456693
20
1.1426737401574802
11
2.0573262598425197
21
1.1471621653543307
0
LINE
8
BLACK
6
CONTINUOUS
10
2.0573262598425197
20
1.1471621653543307
11
2.0627009448818896
21
1.1505392913385826
0
LINE
8
BLACK
6
CONTINUOUS
10
2.0627009448818896
20
1.1505392913385826
11
2.0686923228346457
21
1.1526357480314959
0
LINE
8
BLACK
6
CONTINUOUS
10
2.0686923228346457
20
1.1526357480314959
11
2.0749999999999997
21
1.1533464566929135
0
LINE
8
BLACK
6
CONTINUOUS
10
2.0749999999999997
20
1.1533464566929135
11
2.0813076771653543
21
1.1526357480314959
0
LINE
8
BLACK
6
CONTINUOUS
10
2.1813076771653543
20
1.1526357480314959
11
2.1872990551181104
21
1.1505392913385826
0
LINE
8
BLACK
6
CONTINUOUS
10
2.1872990551181104
20
1.1505392913385826
11
2.1926737401574803
21
1.1471621653543307
0
LINE
8
BLACK
6
CONTINUOUS
10
2.1926737401574803
20
1.1471621653543307
11
2.1971621653543307
21
1.1426737401574802
0
LINE
8
BLACK
6
CONTINUOUS
10
2.1971621653543307
20
1.1426737401574802
11
2.2005392913385826
21
1.1372990551181101
0
LINE
8
BLACK
6
CONTINUOUS
10
2.2005392913385826
20
1.1372990551181101
11
2.2026357480314962
21
1.1313076771653543
0
LINE
8
BLACK
6
CONTINUOUS
10
2.2026357480314962
20
1.1313076771653543
11
2.2033464566929135
21
1.125
0
LINE
8
BLACK
6
CONTINUOUS
10
2.2033464566929135
20
1.125
11
2.2026357480314962
21
1.1186923228346457
0
LINE
8
BLACK
6
CONTINUOUS
10
2.2026357480314962
20
1.1186923228346457
11
2.2005392913385826
21
1.1127009448818896
0
LINE
8
BLACK
6
CONTINUOUS
10
2.2005392913385826
20
1.1127009448818896
11
2.1971621653543307
21
1.1073262598425198
0
LINE
8
BLACK
6
CONTINUOUS
10
2.1971621653543307
20
1.1073262598425198
11
2.1926737401574803
21
1.1028378346456693
0
LINE
8
BLACK
6
CONTINUOUS
10
2.1926737401574803
20
1.1028378346456693
11
2.1872990551181104
21
1.0994607086614172
0
LINE
8
BLACK
6
CONTINUOUS
10
2.1872990551181104
20
1.0994607086614172
11
2.1813076771653543
21
1.0973642519685038
0
LINE
8
BLACK
6
CONTINUOUS
10
2.1813076771653543
20
1.0973642519685038
11
2.1749999999999998
21
1.0966535433070865
0
LINE
8
BLACK
6
CONTINUOUS
10
2.1749999999999998
20
1.0966535433070865
11
2.1686923228346457
21
1.0973642519685038
0
LINE
8
BLACK
6
CONTINUOUS
10
2.1686923228346457
20
1.0973642519685038
11
2.1627009448818897
21
1.0994607086614172
0
LINE
8
BLACK
6
CONTINUOUS
10
2.1627009448818897
20
1.0994607086614172
11
2.1573262598425198
21
1.1028378346456693
0
LINE
8
BLACK
6
CONTINUOUS
10
2.1573262598425198
20
1.1028378346456693
11
2.1528378346456694
21
1.1073262598425198
0
LINE
8
BLACK
6
CONTINUOUS
10
2.1528378346456694
20
1.1073262598425198
11
2.1494607086614175
21
1.1127009448818896
0
LINE
8
BLACK
6
CONTINUOUS
10
2.1494607086614175
20
1.1127009448818896
11
2.1473642519685039
21
1.1186923228346457
0
LINE
8
BLACK
6
CONTINUOUS
10
2.1473642519685039
20
1.1186923228346457
11
2.1466535433070866
21
1.125
0
LINE
8
BLACK
6
CONTINUOUS
10
2.1466535433070866
20
1.125
11
2.1473642519685039
21
1.1313076771653543
0
LINE
8
BLACK
6
CONTINUOUS
10
2.1473642519685039
20
1.1313076771653543
11
2.1494607086614175
21
1.1372990551181101
0
LINE
8
BLACK
6
CONTINUOUS
10
2.1494607086614175
20
1.1372990551181101
11
2.1528378346456694
21
1.1426737401574802
0
LINE
8
BLACK
6
CONTINUOUS
10
2.1528378346456694
20
1.1426737401574802
11
2.1573262598425198
21
1.1471621653543307
0
LINE
8
BLACK
6
CONTINUOUS
10
2.1573262598425198
20
1.1471621653543307
11
2.1627009448818897
21
1.1505392913385826
0
LINE
8
BLACK
6
CONTINUOUS
10
2.1627009448818897
20
1.1505392913385826
11
2.1686923228346457
21
1.1526357480314959
0
LINE
8
BLACK
6
CONTINUOUS
10
2.1686923228346457
20
1.1526357480314959
11
2.1749999999999998
21
1.1533464566929135
0
LINE
8
BLACK
6
CONTINUOUS
10
2.1749999999999998
20
1.1533464566929135
11
2.1813076771653543
21
1.1526357480314959
0
LINE
8
BLACK
6
CONTINUOUS
10
1.7075331496062991
20
1.0931866141732283
11
1.7119835039370079
21
1.0906172047244094
0
LINE
8
BLACK
6
CONTINUOUS
10
1.7119835039370079
20
1.0906172047244094
11
1.7156172047244094
21
1.0869835039370079
0
LINE
8
BLACK
6
CONTINUOUS
10
1.7156172047244094
20
1.0869835039370079
11
1.7181866141732283
21
1.0825331496062991
0
LINE
8
BLACK
6
CONTINUOUS
10
1.7181866141732283
20
1.0825331496062991
11
1.7195166141732283
21
1.0775694094488188
0
LINE
8
BLACK
6
CONTINUOUS
10
1.7195166141732283
20
1.0775694094488188
11
1.7196850393700787
21
0.875
0
LINE
8
BLACK
6
CONTINUOUS
10
1.7196850393700787
20
0.875
11
1.7195203543307087
21
0.8724879527559055
0
LINE
8
BLACK
6
CONTINUOUS
10
1.7195203543307087
20
0.8724879527559055
11
1.7196850393700787
21
0.65
0
LINE
8
BLACK
6
CONTINUOUS
10
1.7196850393700787
20
0.65
11
1.7195221653543307
21
0.6475156692913385
0
LINE
8
BLACK
6
CONTINUOUS
10
1.7195221653543307
20
0.6475156692913385
11
1.719676220472441
21
0.5079596456692913
0
LINE
8
BLACK
6
CONTINUOUS
10
1.719676220472441
20
0.5079596456692913
11
1.7639194094488189
21
0.4639194488188976
0
LINE
8
BLACK
6
CONTINUOUS
10
1.7639194094488189
20
0.4639194488188976
11
1.7656171653543307
21
0.4619835039370079
0
LINE
8
BLACK
6
CONTINUOUS
10
1.7656171653543307
20
0.4619835039370079
11
1.7681866141732283
21
0.4575331496062992
0
LINE
8
BLACK
6
CONTINUOUS
10
1.7681866141732283
20
0.4575331496062992
11
1.7695166535433071
21
0.4525694094488189
0
LINE
8
BLACK
6
CONTINUOUS
10
1.7695166535433071
20
0.4525694094488189
11
1.7695166535433071
21
0.4474305905511811
0
LINE
8
BLACK
6
CONTINUOUS
10
1.7695166535433071
20
0.4474305905511811
11
1.7681866141732283
21
0.4424668503937008
0
LINE
8
BLACK
6
CONTINUOUS
10
1.7681866141732283
20
0.4424668503937008
11
1.7656171653543307
21
0.4380165354330708
0
LINE
8
BLACK
6
CONTINUOUS
10
1.7656171653543307
20
0.4380165354330708
11
1.761983464566929
21
0.4343828346456693
0
LINE
8
BLACK
6
CONTINUOUS
10
1.761983464566929
20
0.4343828346456693
11
1.7575331496062991
21
0.4318133858267716
0
LINE
8
BLACK
6
CONTINUOUS
10
1.7575331496062991
20
0.4318133858267716
11
1.7525694094488189
21
0.4304833464566929
0
LINE
8
BLACK
6
CONTINUOUS
10
1.7525694094488189
20
0.4304833464566929
11
1.7474305905511811
21
0.4304833464566929
0
LINE
8
BLACK
6
CONTINUOUS
10
1.7474305905511811
20
0.4304833464566929
11
1.7424668503937006
21
0.4318133858267716
0
LINE
8
BLACK
6
CONTINUOUS
10
1.7424668503937006
20
0.4318133858267716
11
1.738016496062992
21
0.4343828346456693
0
LINE
8
BLACK
6
CONTINUOUS
10
1.738016496062992
20
0.4343828346456693
11
1.6860805905511811
21
0.4860805905511811
0
LINE
8
BLACK
6
CONTINUOUS
10
1.6860805905511811
20
0.4860805905511811
11
1.6843833858267716
21
0.4880158661417323
0
LINE
8
BLACK
6
CONTINUOUS
10
1.6843833858267716
20
0.4880158661417323
11
1.6843827952755905
21
0.4880164960629921
0
LINE
8
BLACK
6
CONTINUOUS
10
1.6843827952755905
20
0.4880164960629921
11
1.6818133858267716
21
0.4924668503937008
0
LINE
8
BLACK
6
CONTINUOUS
10
1.6818133858267716
20
0.4924668503937008
11
1.6804833464566928
21
0.4974305905511811
0
LINE
8
BLACK
6
CONTINUOUS
10
1.6804833464566928
20
0.4974305905511811
11
1.6804833464566928
21
0.4974662204724409
0
LINE
8
BLACK
6
CONTINUOUS
10
1.6804833464566928
20
0.4974662204724409
11
1.6803149606299213
21
0.65
0
LINE
8
BLACK
6
CONTINUOUS
10
1.6803149606299213
20
0.65
11
1.6804796062992127
21
0.6525120078740158
0
LINE
8
BLACK
6
CONTINUOUS
10
1.6804796062992127
20
0.6525120078740158
11
1.6803149606299213
21
0.875
0
LINE
8
BLACK
6
CONTINUOUS
10
1.6803149606299213
20
0.875
11
1.6804791338582676
21
0.8775050393700787
0
LINE
8
BLACK
6
CONTINUOUS
10
1.6804791338582676
20
0.8775050393700787
11
1.6803149606299213
21
1.075
0
LINE
8
BLACK
6
CONTINUOUS
10
1.6803149606299213
20
1.075
11
1.6804833858267716
21
1.0775694094488188
0
LINE
8
BLACK
6
CONTINUOUS
10
1.6804833858267716
20
1.0775694094488188
11
1.6818133858267716
21
1.0825331496062991
0
LINE
8
BLACK
6
CONTINUOUS
10
1.6818133858267716
20
1.0825331496062991
11
1.6843827952755905
21
1.0869835039370079
0
LINE
8
BLACK
6
CONTINUOUS
10
1.6843827952755905
20
1.0869835039370079
11
1.688016496062992
21
1.0906172047244094
0
LINE
8
BLACK
6
CONTINUOUS
10
1.688016496062992
20
1.0906172047244094
11
1.6924668503937008
21
1.0931866141732283
0
LINE
8
BLACK
6
CONTINUOUS
10
1.6924668503937008
20
1.0931866141732283
11
1.6974305905511811
21
1.0945166141732283
0
LINE
8
BLACK
6
CONTINUOUS
10
1.6974305905511811
20
1.0945166141732283
11
1.7025694094488188
21
1.0945166141732283
0
LINE
8
BLACK
6
CONTINUOUS
10
1.7025694094488188
20
1.0945166141732283
11
1.7075331496062991
21
1.0931866141732283
0
LINE
8
BLACK
6
CONTINUOUS
10
1.2202755905511811
20
1.3787401574803149
11
1.1945250787401573
21
1.3787401574803149
0
LINE
8
BLACK
6
CONTINUOUS
10
1.1945250787401573
20
1.3787401574803149
11
1.1946850393700787
21
0.475
0
LINE
8
BLACK
6
CONTINUOUS
10
1.1946850393700787
20
0.475
11
1.1945166141732284
21
0.4724305905511811
0
LINE
8
BLACK
6
CONTINUOUS
10
1.1945166141732284
20
0.4724305905511811
11
1.1931866141732284
21
0.4674668503937008
0
LINE
8
BLACK
6
CONTINUOUS
10
1.1931866141732284
20
0.4674668503937008
11
1.1906172047244095
21
0.4630164960629921
0
LINE
8
BLACK
6
CONTINUOUS
10
1.1906172047244095
20
0.4630164960629921
11
1.1869835039370078
21
0.4593827952755906
0
LINE
8
BLACK
6
CONTINUOUS
10
1.1869835039370078
20
0.4593827952755906
11
1.1825331496062992
21
0.4568133858267717
0
LINE
8
BLACK
6
CONTINUOUS
10
1.1825331496062992
20
0.4568133858267717
11
1.1775694094488189
21
0.4554833858267717
0
LINE
8
BLACK
6
CONTINUOUS
10
1.1775694094488189
20
0.4554833858267717
11
1.1724305905511812
21
0.4554833858267717
0
LINE
8
BLACK
6
CONTINUOUS
10
1.1724305905511812
20
0.4554833858267717
11
1.1674668503937007
21
0.4568133858267717
0
LINE
8
BLACK
6
CONTINUOUS
10
1.1674668503937007
20
0.4568133858267717
11
1.1630164960629921
21
0.4593827952755906
0
LINE
8
BLACK
6
CONTINUOUS
10
1.1630164960629921
20
0.4593827952755906
11
1.1593827952755906
21
0.4630164960629921
0
LINE
8
BLACK
6
CONTINUOUS
10
1.1593827952755906
20
0.4630164960629921
11
1.1568133858267717
21
0.4674668503937008
0
LINE
8
BLACK
6
CONTINUOUS
10
1.1568133858267717
20
0.4674668503937008
11
1.1554833858267717
21
0.4724305905511811
0
LINE
8
BLACK
6
CONTINUOUS
10
1.1554833858267717
20
0.4724305905511811
11
1.1553229921259842
21
1.3787401574803149
0
LINE
8
BLACK
6
CONTINUOUS
10
1.1553229921259842
20
1.3787401574803149
11
1.1297244094488188
21
1.3787401574803149
0
LINE
8
BLACK
6
CONTINUOUS
10
1.1297244094488188
20
1.3787401574803149
11
1.1297244094488188
21
1.4692913385826771
0
LINE
8
BLACK
6
CONTINUOUS
10
1.1297244094488188
20
1.4692913385826771
11
1.2202755905511811
21
1.4692913385826771
0
LINE
8
BLACK
6
CONTINUOUS
10
1.2202755905511811
20
1.4692913385826771
11
1.2202755905511811
21
1.3787401574803149
0
LINE
8
BLACK
6
CONTINUOUS
10
1.2782809055118109
20
1.4540901968503936
11
1.2799101968503936
21
1.452460905511811
0
LINE
8
BLACK
6
CONTINUOUS
10
1.2799101968503936
20
1.452460905511811
11
1.2807920078740158
21
1.4503320866141731
0
LINE
8
BLACK
6
CONTINUOUS
10
1.2807920078740158
20
1.4503320866141731
11
1.2808388976377953
21
1.4250443700787401
0
LINE
8
BLACK
6
CONTINUOUS
10
1.2808388976377953
20
1.4250443700787401
11
1.304996220472441
21
1.4250892125984251
0
LINE
8
BLACK
6
CONTINUOUS
10
1.304996220472441
20
1.4250892125984251
11
1.306148346456693
21
1.424975748031496
0
LINE
8
BLACK
6
CONTINUOUS
10
1.306148346456693
20
1.424975748031496
11
1.3082771653543306
21
1.424093937007874
0
LINE
8
BLACK
6
CONTINUOUS
10
1.3082771653543306
20
1.424093937007874
11
1.3099064566929133
21
1.4224646456692913
0
LINE
8
BLACK
6
CONTINUOUS
10
1.3099064566929133
20
1.4224646456692913
11
1.3107882677165354
21
1.4203358267716535
0
LINE
8
BLACK
6
CONTINUOUS
10
1.3107882677165354
20
1.4203358267716535
11
1.3107882677165354
21
1.4180315748031496
0
LINE
8
BLACK
6
CONTINUOUS
10
1.3107882677165354
20
1.4180315748031496
11
1.3099064566929133
21
1.4159027559055117
0
LINE
8
BLACK
6
CONTINUOUS
10
1.3099064566929133
20
1.4159027559055117
11
1.3082771653543306
21
1.414273464566929
0
LINE
8
BLACK
6
CONTINUOUS
10
1.3082771653543306
20
1.414273464566929
11
1.306148346456693
21
1.4133916535433071
0
LINE
8
BLACK
6
CONTINUOUS
10
1.306148346456693
20
1.4133916535433071
11
1.2808606299212597
21
1.4133447244094488
0
LINE
8
BLACK
6
CONTINUOUS
10
1.2808606299212597
20
1.4133447244094488
11
1.2809054724409448
21
1.3891874409448819
0
LINE
8
BLACK
6
CONTINUOUS
10
1.2809054724409448
20
1.3891874409448819
11
1.2807920078740158
21
1.3880353149606299
0
LINE
8
BLACK
6
CONTINUOUS
10
1.2807920078740158
20
1.3880353149606299
11
1.2799101968503936
21
1.3859064960629921
0
LINE
8
BLACK
6
CONTINUOUS
10
1.2799101968503936
20
1.3859064960629921
11
1.2782809055118109
21
1.3842772047244094
0
LINE
8
BLACK
6
CONTINUOUS
10
1.2782809055118109
20
1.3842772047244094
11
1.2761520866141731
21
1.3833953937007875
0
LINE
8
BLACK
6
CONTINUOUS
10
1.2761520866141731
20
1.3833953937007875
11
1.2738478346456692
21
1.3833953937007875
0
LINE
8
BLACK
6
CONTINUOUS
10
1.2738478346456692
20
1.3833953937007875
11
1.2717190157480314
21
1.3842772047244094
0
LINE
8
BLACK
6
CONTINUOUS
10
1.2717190157480314
20
1.3842772047244094
11
1.2700897244094489
21
1.3859064960629921
0
LINE
8
BLACK
6
CONTINUOUS
10
1.2700897244094489
20
1.3859064960629921
11
1.2692079133858267
21
1.3880353149606299
0
LINE
8
BLACK
6
CONTINUOUS
10
1.2692079133858267
20
1.3880353149606299
11
1.2691609842519684
21
1.4133229921259842
0
LINE
8
BLACK
6
CONTINUOUS
10
1.2691609842519684
20
1.4133229921259842
11
1.2450037401574803
21
1.4132781889763779
0
LINE
8
BLACK
6
CONTINUOUS
10
1.2450037401574803
20
1.4132781889763779
11
1.2438516141732283
21
1.4133916535433071
0
LINE
8
BLACK
6
CONTINUOUS
10
1.2438516141732283
20
1.4133916535433071
11
1.2417227952755905
21
1.414273464566929
0
LINE
8
BLACK
6
CONTINUOUS
10
1.2417227952755905
20
1.414273464566929
11
1.2400935039370078
21
1.4159027559055117
0
LINE
8
BLACK
6
CONTINUOUS
10
1.2400935039370078
20
1.4159027559055117
11
1.2392116929133858
21
1.4180315748031496
0
LINE
8
BLACK
6
CONTINUOUS
10
1.2392116929133858
20
1.4180315748031496
11
1.2392116929133858
21
1.4203358267716535
0
LINE
8
BLACK
6
CONTINUOUS
10
1.2392116929133858
20
1.4203358267716535
11
1.2400935039370078
21
1.4224646456692913
0
LINE
8
BLACK
6
CONTINUOUS
10
1.2400935039370078
20
1.4224646456692913
11
1.2417227952755905
21
1.424093937007874
0
LINE
8
BLACK
6
CONTINUOUS
10
1.2417227952755905
20
1.424093937007874
11
1.2438516141732283
21
1.424975748031496
0
LINE
8
BLACK
6
CONTINUOUS
10
1.2438516141732283
20
1.424975748031496
11
1.2691392519685039
21
1.4250226377952755
0
LINE
8
BLACK
6
CONTINUOUS
10
1.2691392519685039
20
1.4250226377952755
11
1.2690944488188975
21
1.4491799606299212
0
LINE
8
BLACK
6
CONTINUOUS
10
1.2690944488188975
20
1.4491799606299212
11
1.2692079133858267
21
1.4503320866141731
0
LINE
8
BLACK
6
CONTINUOUS
10
1.2692079133858267
20
1.4503320866141731
11
1.2700897244094489
21
1.452460905511811
0
LINE
8
BLACK
6
CONTINUOUS
10
1.2700897244094489
20
1.452460905511811
11
1.2717190157480314
21
1.4540901968503936
0
LINE
8
BLACK
6
CONTINUOUS
10
1.2717190157480314
20
1.4540901968503936
11
1.2738478346456692
21
1.4549720078740158
0
LINE
8
BLACK
6
CONTINUOUS
10
1.2738478346456692
20
1.4549720078740158
11
1.2761520866141731
21
1.4549720078740158
0
LINE
8
BLACK
6
CONTINUOUS
10
1.2761520866141731
20
1.4549720078740158
11
1.2782809055118109
21
1.4540901968503936
0
LINE
8
BLACK
6
CONTINUOUS
10
0.18
20
0.7949999999999999
11
0.12
21
0.7949999999999999
0
LINE
8
BLACK
6
CONTINUOUS
10
0.12
20
0.7949999999999999
11
0.12
21
0.855
0
LINE
8
BLACK
6
CONTINUOUS
10
0.12
20
0.855
11
0.18
21
0.855
0
LINE
8
BLACK
6
CONTINUOUS
10
0.18
20
0.855
11
0.18
21
0.7949999999999999
0
LINE
8
BLACK
6
CONTINUOUS
10
0.28
20
0.7949999999999999
11
0.22
21
0.7949999999999999
0
LINE
8
BLACK
6
CONTINUOUS
10
0.22
20
0.7949999999999999
11
0.22
21
0.855
0
LINE
8
BLACK
6
CONTINUOUS
10
0.22
20
0.855
11
0.28
21
0.855
0
LINE
8
BLACK
6
CONTINUOUS
10
0.28
20
0.855
11
0.28
21
0.7949999999999999
0
LINE
8
BLACK
6
CONTINUOUS
10
0.18
20
0.895
11
0.12
21
0.895
0
LINE
8
BLACK
6
CONTINUOUS
10
0.12
20
0.895
11
0.12
21
0.955
0
LINE
8
BLACK
6
CONTINUOUS
10
0.12
20
0.955
11
0.18
21
0.955
0
LINE
8
BLACK
6
CONTINUOUS
10
0.18
20
0.955
11
0.18
21
0.895
0
LINE
8
BLACK
6
CONTINUOUS
10
0.28
20
0.895
11
0.22
21
0.895
0
LINE
8
BLACK
6
CONTINUOUS
10
0.22
20
0.895
11
0.22
21
0.955
0
LINE
8
BLACK
6
CONTINUOUS
10
0.22
20
0.955
11
0.28
21
0.955
0
LINE
8
BLACK
6
CONTINUOUS
10
0.28
20
0.955
11
0.28
21
0.895
0
LINE
8
BLACK
6
CONTINUOUS
10
1.4576807086614172
20
1.141763188976378
11
1.4650662598425197
21
1.1395228346456692
0
LINE
8
BLACK
6
CONTINUOUS
10
1.4650662598425197
20
1.1395228346456692
11
1.4718728346456693
21
1.1358846456692913
0
LINE
8
BLACK
6
CONTINUOUS
10
1.4718728346456693
20
1.1358846456692913
11
1.4778388582677164
21
1.130988464566929
0
LINE
8
BLACK
6
CONTINUOUS
10
1.4778388582677164
20
1.130988464566929
11
1.4827350393700787
21
1.1250224409448819
0
LINE
8
BLACK
6
CONTINUOUS
10
1.4827350393700787
20
1.1250224409448819
11
1.4863732283464566
21
1.1182158661417323
0
LINE
8
BLACK
6
CONTINUOUS
10
1.4863732283464566
20
1.1182158661417323
11
1.4886135826771654
21
1.11083031496063
0
LINE
8
BLACK
6
CONTINUOUS
10
1.4886135826771654
20
1.11083031496063
11
1.4893700787401574
21
1.1031496062992125
0
LINE
8
BLACK
6
CONTINUOUS
10
1.4893700787401574
20
1.1031496062992125
11
1.4886135826771654
21
1.0954688976377953
0
LINE
8
BLACK
6
CONTINUOUS
10
1.4886135826771654
20
1.0954688976377953
11
1.4863732283464566
21
1.0880833464566928
0
LINE
8
BLACK
6
CONTINUOUS
10
1.4863732283464566
20
1.0880833464566928
11
1.4827350393700787
21
1.0812767716535432
0
LINE
8
BLACK
6
CONTINUOUS
10
1.4827350393700787
20
1.0812767716535432
11
1.4778388582677164
21
1.0753107480314961
0
LINE
8
BLACK
6
CONTINUOUS
10
1.4778388582677164
20
1.0753107480314961
11
1.4718728346456693
21
1.0704145669291338
0
LINE
8
BLACK
6
CONTINUOUS
10
1.4718728346456693
20
1.0704145669291338
11
1.4650662598425197
21
1.0667763779527559
0
LINE
8
BLACK
6
CONTINUOUS
10
1.4650662598425197
20
1.0667763779527559
11
1.4576807086614172
21
1.0645360236220471
0
LINE
8
BLACK
6
CONTINUOUS
10
1.4576807086614172
20
1.0645360236220471
11
1.45
21
1.0637795275590551
0
LINE
8
BLACK
6
CONTINUOUS
10
1.45
20
1.0637795275590551
11
1.4423192913385827
21
1.0645360236220471
0
LINE
8
BLACK
6
CONTINUOUS
10
1.4423192913385827
20
1.0645360236220471
11
1.4349337401574802
21
1.0667763779527559
0
LINE
8
BLACK
6
CONTINUOUS
10
1.4349337401574802
20
1.0667763779527559
11
1.4281271653543306
21
1.0704145669291338
0
LINE
8
BLACK
6
CONTINUOUS
10
1.4281271653543306
20
1.0704145669291338
11
1.4221611417322835
21
1.0753107480314961
0
LINE
8
BLACK
6
CONTINUOUS
10
1.4221611417322835
20
1.0753107480314961
11
1.4172649606299212
21
1.0812767716535432
0
LINE
8
BLACK
6
CONTINUOUS
10
1.4172649606299212
20
1.0812767716535432
11
1.4136267716535433
21
1.0880833464566928
0
LINE
8
BLACK
6
CONTINUOUS
10
1.4136267716535433
20
1.0880833464566928
11
1.4113864173228345
21
1.0954688976377953
0
LINE
8
BLACK
6
CONTINUOUS
10
1.4113864173228345
20
1.0954688976377953
11
1.4106299212598425
21
1.1031496062992125
0
LINE
8
BLACK
6
CONTINUOUS
10
1.4106299212598425
20
1.1031496062992125
11
1.4113864173228345
21
1.11083031496063
0
LINE
8
BLACK
6
CONTINUOUS
10
1.4113864173228345
20
1.11083031496063
11
1.4136267716535433
21
1.1182158661417323
0
LINE
8
BLACK
6
CONTINUOUS
10
1.4136267716535433
20
1.1182158661417323
11
1.4172649606299212
21
1.1250224409448819
0
LINE
8
BLACK
6
CONTINUOUS
10
1.4172649606299212
20
1.1250224409448819
11
1.4221611417322835
21
1.130988464566929
0
LINE
8
BLACK
6
CONTINUOUS
10
1.4221611417322835
20
1.130988464566929
11
1.4281271653543306
21
1.1358846456692913
0
LINE
8
BLACK
6
CONTINUOUS
10
1.4281271653543306
20
1.1358846456692913
11
1.4349337401574802
21
1.1395228346456692
0
LINE
8
BLACK
6
CONTINUOUS
10
1.4349337401574802
20
1.1395228346456692
11
1.4423192913385827
21
1.141763188976378
0
LINE
8
BLACK
6
CONTINUOUS
10
1.4423192913385827
20
1.141763188976378
11
1.45
21
1.14251968503937
0
LINE
8
BLACK
6
CONTINUOUS
10
1.45
20
1.14251968503937
11
1.4576807086614172
21
1.141763188976378
0
LINE
8
BLACK
6
CONTINUOUS
10
1.4893700787401574
20
1.2606299212598424
11
1.4106299212598425
21
1.2606299212598424
0
LINE
8
BLACK
6
CONTINUOUS
10
1.4106299212598425
20
1.2606299212598424
11
1.4106299212598425
21
1.3393700787401575
0
LINE
8
BLACK
6
CONTINUOUS
10
1.4106299212598425
20
1.3393700787401575
11
1.4893700787401574
21
1.3393700787401575
0
LINE
8
BLACK
6
CONTINUOUS
10
1.4893700787401574
20
1.3393700787401575
11
1.4893700787401574
21
1.2606299212598424
0
LINE
8
BLACK
6
CONTINUOUS
10
1.7335456692913385
20
1.4724807086614173
11
1.7418316929133857
21
1.4702604724409449
0
LINE
8
BLACK
6
CONTINUOUS
10
1.7418316929133857
20
1.4702604724409449
11
1.7496062992125985
21
1.4666351181102362
0
LINE
8
BLACK
6
CONTINUOUS
10
1.7496062992125985
20
1.4666351181102362
11
1.7566332677165355
21
1.4617148031496063
0
LINE
8
BLACK
6
CONTINUOUS
10
1.7566332677165355
20
1.4617148031496063
11
1.7626990551181101
21
1.4556490157480315
0
LINE
8
BLACK
6
CONTINUOUS
10
1.7626990551181101
20
1.4556490157480315
11
1.7676193700787401
21
1.4486220472440945
0
LINE
8
BLACK
6
CONTINUOUS
10
1.7676193700787401
20
1.4486220472440945
11
1.7712447244094487
21
1.4408474409448819
0
LINE
8
BLACK
6
CONTINUOUS
10
1.7712447244094487
20
1.4408474409448819
11
1.7734649606299213
21
1.4325614173228347
0
LINE
8
BLACK
6
CONTINUOUS
10
1.7734649606299213
20
1.4325614173228347
11
1.7742125984251969
21
1.4240157480314961
0
LINE
8
BLACK
6
CONTINUOUS
10
1.7742125984251969
20
1.4240157480314961
11
1.7734649606299213
21
1.4154700787401575
0
LINE
8
BLACK
6
CONTINUOUS
10
1.7734649606299213
20
1.4154700787401575
11
1.7712447244094487
21
1.4071840551181103
0
LINE
8
BLACK
6
CONTINUOUS
10
1.7712447244094487
20
1.4071840551181103
11
1.7676193700787401
21
1.3994094488188975
0
LINE
8
BLACK
6
CONTINUOUS
10
1.7676193700787401
20
1.3994094488188975
11
1.7626990551181101
21
1.3923824803149607
0
LINE
8
BLACK
6
CONTINUOUS
10
1.7626990551181101
20
1.3923824803149607
11
1.7566332677165355
21
1.3863166929133859
0
LINE
8
BLACK
6
CONTINUOUS
10
1.7566332677165355
20
1.3863166929133859
11
1.7496062992125985
21
1.3813963779527558
0
LINE
8
BLACK
6
CONTINUOUS
10
1.7496062992125985
20
1.3813963779527558
11
1.7418316929133857
21
1.3777710236220473
0
LINE
8
BLACK
6
CONTINUOUS
10
1.7418316929133857
20
1.3777710236220473
11
1.7335456692913385
21
1.3755507874015749
0
LINE
8
BLACK
6
CONTINUOUS
10
1.7335456692913385
20
1.3755507874015749
11
1.7249999999999999
21
1.3748031496062991
0
LINE
8
BLACK
6
CONTINUOUS
10
1.7249999999999999
20
1.3748031496062991
11
1.7164543307086613
21
1.3755507874015749
0
LINE
8
BLACK
6
CONTINUOUS
10
1.7164543307086613
20
1.3755507874015749
11
1.708168307086614
21
1.3777710236220473
0
LINE
8
BLACK
6
CONTINUOUS
10
1.708168307086614
20
1.3777710236220473
11
1.7003937007874015
21
1.3813963779527558
0
LINE
8
BLACK
6
CONTINUOUS
10
1.7003937007874015
20
1.3813963779527558
11
1.6933667322834645
21
1.3863166929133859
0
LINE
8
BLACK
6
CONTINUOUS
10
1.6933667322834645
20
1.3863166929133859
11
1.6873009448818896
21
1.3923824803149607
0
LINE
8
BLACK
6
CONTINUOUS
10
1.6873009448818896
20
1.3923824803149607
11
1.6823806299212598
21
1.3994094488188975
0
LINE
8
BLACK
6
CONTINUOUS
10
1.6823806299212598
20
1.3994094488188975
11
1.678755275590551
21
1.4071840551181103
0
LINE
8
BLACK
6
CONTINUOUS
10
1.678755275590551
20
1.4071840551181103
11
1.6765350393700786
21
1.4154700787401575
0
LINE
8
BLACK
6
CONTINUOUS
10
1.6765350393700786
20
1.4154700787401575
11
1.6757874015748031
21
1.4240157480314961
0
LINE
8
BLACK
6
CONTINUOUS
10
1.6757874015748031
20
1.4240157480314961
11
1.6765350393700786
21
1.4325614173228347
0
LINE
8
BLACK
6
CONTINUOUS
10
1.6765350393700786
20
1.4325614173228347
11
1.678755275590551
21
1.4408474409448819
0
LINE
8
BLACK
6
CONTINUOUS
10
1.678755275590551
20
1.4408474409448819
11
1.6823806299212598
21
1.4486220472440945
0
LINE
8
BLACK
6
CONTINUOUS
10
1.6823806299212598
20
1.4486220472440945
11
1.6873009448818896
21
1.4556490157480315
0
LINE
8
BLACK
6
CONTINUOUS
10
1.6873009448818896
20
1.4556490157480315
11
1.6933667322834645
21
1.4617148031496063
0
LINE
8
BLACK
6
CONTINUOUS
10
1.6933667322834645
20
1.4617148031496063
11
1.7003937007874015
21
1.4666351181102362
0
LINE
8
BLACK
6
CONTINUOUS
10
1.7003937007874015
20
1.4666351181102362
11
1.708168307086614
21
1.4702604724409449
0
LINE
8
BLACK
6
CONTINUOUS
10
1.708168307086614
20
1.4702604724409449
11
1.7164543307086613
21
1.4724807086614173
0
LINE
8
BLACK
6
CONTINUOUS
10
1.7164543307086613
20
1.4724807086614173
11
1.7249999999999999
21
1.4732283464566929
0
LINE
8
BLACK
6
CONTINUOUS
10
1.7249999999999999
20
1.4732283464566929
11
1.7335456692913385
21
1.4724807086614173
0
LINE
8
BLACK
6
CONTINUOUS
10
2.3837646062992124
20
1.5852558267716534
11
2.3855950393700787
21
1.5831433858267716
0
LINE
8
BLACK
6
CONTINUOUS
10
2.3855950393700787
20
1.5831433858267716
11
2.3860433070866143
21
1.5810826771653543
0
LINE
8
BLACK
6
CONTINUOUS
10
2.3860433070866143
20
1.5810826771653543
11
2.3860433070866143
21
0.0189173228346457
0
LINE
8
BLACK
6
CONTINUOUS
10
2.3860433070866143
20
0.0189173228346457
11
2.3852558267716537
21
0.0162353937007874
0
LINE
8
BLACK
6
CONTINUOUS
10
2.3852558267716537
20
0.0162353937007874
11
2.3831433858267714
21
0.0144049606299213
0
LINE
8
BLACK
6
CONTINUOUS
10
2.3831433858267714
20
0.0144049606299213
11
2.3810826771653542
21
0.0139566929133858
0
LINE
8
BLACK
6
CONTINUOUS
10
2.3810826771653542
20
0.0139566929133858
11
0.0189173228346457
21
0.0139566929133858
0
LINE
8
BLACK
6
CONTINUOUS
10
0.0189173228346457
20
0.0139566929133858
11
0.0162353937007874
21
0.0147441732283465
0
LINE
8
BLACK
6
CONTINUOUS
10
0.0162353937007874
20
0.0147441732283465
11
0.0144049606299213
21
0.0168566141732283
0
LINE
8
BLACK
6
CONTINUOUS
10
0.0144049606299213
20
0.0168566141732283
11
0.0139566929133858
21
0.0189173228346457
0
LINE
8
BLACK
6
CONTINUOUS
10
0.0139566929133858
20
0.0189173228346457
11
0.0139566929133858
21
0.1759842519685039
0
LINE
8
BLACK
6
CONTINUOUS
10
0.0139566929133858
20
0.1759842519685039
11
0.0139566929133858
21
0.3720601181102362
0
LINE
8
BLACK
6
CONTINUOUS
10
0.0139566929133858
20
0.3720601181102362
11
0.0139566929133858
21
0.9569153149606299
0
LINE
8
BLACK
6
CONTINUOUS
10
0.0139566929133858
20
0.9569153149606299
11
0.0139566929133858
21
1.471206653543307
0
LINE
8
BLACK
6
CONTINUOUS
10
0.0139566929133858
20
1.471206653543307
11
0.0139566929133858
21
1.5810826771653543
0
LINE
8
BLACK
6
CONTINUOUS
10
0.0139566929133858
20
1.5810826771653543
11
0.0147441732283465
21
1.5837646062992126
0
LINE
8
BLACK
6
CONTINUOUS
10
0.0147441732283465
20
1.5837646062992126
11
0.0168566141732283
21
1.5855950393700786
0
LINE
8
BLACK
6
CONTINUOUS
10
0.0168566141732283
20
1.5855950393700786
11
0.0189173228346457
21
1.5860433070866142
0
LINE
8
BLACK
6
CONTINUOUS
10
0.0189173228346457
20
1.5860433070866142
11
2.3810826771653542
21
1.5860433070866142
0
LINE
8
BLACK
6
CONTINUOUS
10
2.3810826771653542
20
1.5860433070866142
11
2.3837646062992124
21
1.5852558267716534
0
LINE
8
BLACK
6
CONTINUOUS
10
0.6936509842519685
20
0.1863317322834646
11
0.6913420078740158
21
0.196448031496063
0
LINE
8
BLACK
6
CONTINUOUS
10
0.6913420078740158
20
0.196448031496063
11
0.6875510236220472
21
0.2061072440944882
0
LINE
8
BLACK
6
CONTINUOUS
10
0.6875510236220472
20
0.2061072440944882
11
0.6823627952755905
21
0.2150935433070866
0
LINE
8
BLACK
6
CONTINUOUS
10
0.6823627952755905
20
0.2150935433070866
11
0.6758931496062992
21
0.2232062204724409
0
LINE
8
BLACK
6
CONTINUOUS
10
0.6758931496062992
20
0.2232062204724409
11
0.6682866535433071
21
0.2302640157480315
0
LINE
8
BLACK
6
CONTINUOUS
10
0.6682866535433071
20
0.2302640157480315
11
0.6597132283464566
21
0.2361092913385827
0
LINE
8
BLACK
6
CONTINUOUS
10
0.6597132283464566
20
0.2361092913385827
11
0.6503643307086614
21
0.2406114960629921
0
LINE
8
BLACK
6
CONTINUOUS
10
0.6503643307086614
20
0.2406114960629921
11
0.6503640551181102
21
0.2406115748031496
0
LINE
8
BLACK
6
CONTINUOUS
10
0.6503640551181102
20
0.2406115748031496
11
0.6503639763779527
21
0.2406116141732283
0
LINE
8
BLACK
6
CONTINUOUS
10
0.6503639763779527
20
0.2406116141732283
11
0.6404492125984251
21
0.2436698818897638
0
LINE
8
BLACK
6
CONTINUOUS
10
0.6404492125984251
20
0.2436698818897638
11
0.6404491732283465
21
0.2436698818897638
0
LINE
8
BLACK
6
CONTINUOUS
10
0.6404491732283465
20
0.2436698818897638
11
0.6404488188976378
21
0.24367
0
LINE
8
BLACK
6
CONTINUOUS
10
0.6404488188976378
20
0.24367
11
0.6301882283464567
21
0.2452165354330709
0
LINE
8
BLACK
6
CONTINUOUS
10
0.6301882283464567
20
0.2452165354330709
11
0.6198117716535433
21
0.2452165354330709
0
LINE
8
BLACK
6
CONTINUOUS
10
0.6198117716535433
20
0.2452165354330709
11
0.6095511811023622
21
0.24367
0
LINE
8
BLACK
6
CONTINUOUS
10
0.6095511811023622
20
0.24367
11
0.6095508267716535
21
0.2436698818897638
0
LINE
8
BLACK
6
CONTINUOUS
10
0.6095508267716535
20
0.2436698818897638
11
0.609550748031496
21
0.2436698818897638
0
LINE
8
BLACK
6
CONTINUOUS
10
0.609550748031496
20
0.2436698818897638
11
0.5996359842519685
21
0.2406116141732283
0
LINE
8
BLACK
6
CONTINUOUS
10
0.5996359842519685
20
0.2406116141732283
11
0.5996357874015747
21
0.2406114960629921
0
LINE
8
BLACK
6
CONTINUOUS
10
0.5996357874015747
20
0.2406114960629921
11
0.5996356692913386
21
0.2406114960629921
0
LINE
8
BLACK
6
CONTINUOUS
10
0.5996356692913386
20
0.2406114960629921
11
0.590286811023622
21
0.2361092913385827
0
LINE
8
BLACK
6
CONTINUOUS
10
0.590286811023622
20
0.2361092913385827
11
0.5902865748031496
21
0.2361091338582677
0
LINE
8
BLACK
6
CONTINUOUS
10
0.5902865748031496
20
0.2361091338582677
11
0.5902864173228346
21
0.2361090551181102
0
LINE
8
BLACK
6
CONTINUOUS
10
0.5902864173228346
20
0.2361090551181102
11
0.5827239370078739
21
0.230953031496063
0
LINE
8
BLACK
6
CONTINUOUS
10
0.5827239370078739
20
0.230953031496063
11
0.5817133464566929
21
0.2302640157480315
0
LINE
8
BLACK
6
CONTINUOUS
10
0.5817133464566929
20
0.2302640157480315
11
0.5741068503937008
21
0.2232062204724409
0
LINE
8
BLACK
6
CONTINUOUS
10
0.5741068503937008
20
0.2232062204724409
11
0.5676372047244095
21
0.2150935433070866
0
LINE
8
BLACK
6
CONTINUOUS
10
0.5676372047244095
20
0.2150935433070866
11
0.5676370866141732
21
0.2150933858267716
0
LINE
8
BLACK
6
CONTINUOUS
10
0.5676370866141732
20
0.2150933858267716
11
0.5624490157480315
21
0.2061074015748031
0
LINE
8
BLACK
6
CONTINUOUS
10
0.5624490157480315
20
0.2061074015748031
11
0.5624488976377953
21
0.2061070866141732
0
LINE
8
BLACK
6
CONTINUOUS
10
0.5624488976377953
20
0.2061070866141732
11
0.5586579133858267
21
0.1964478346456693
0
LINE
8
BLACK
6
CONTINUOUS
10
0.5586579133858267
20
0.1964478346456693
11
0.5565614960629921
21
0.1872626771653543
0
LINE
8
BLACK
6
CONTINUOUS
10
0.5565614960629921
20
0.1872626771653543
11
0.5563490157480315
21
0.1863317322834646
0
LINE
8
BLACK
6
CONTINUOUS
10
0.5563490157480315
20
0.1863317322834646
11
0.5555735826771654
21
0.1759842519685039
0
LINE
8
BLACK
6
CONTINUOUS
10
0.5555735826771654
20
0.1759842519685039
11
0.5563490157480315
21
0.1656367716535433
0
LINE
8
BLACK
6
CONTINUOUS
10
0.5563490157480315
20
0.1656367716535433
11
0.5563490157480315
21
0.1656365748031496
0
LINE
8
BLACK
6
CONTINUOUS
10
0.5563490157480315
20
0.1656365748031496
11
0.5563490551181102
21
0.1656365748031496
0
LINE
8
BLACK
6
CONTINUOUS
10
0.5563490551181102
20
0.1656365748031496
11
0.5586579133858267
21
0.1555206299212598
0
LINE
8
BLACK
6
CONTINUOUS
10
0.5586579133858267
20
0.1555206299212598
11
0.5624488976377953
21
0.1458613779527559
0
LINE
8
BLACK
6
CONTINUOUS
10
0.5624488976377953
20
0.1458613779527559
11
0.5624490157480315
21
0.145861062992126
0
LINE
8
BLACK
6
CONTINUOUS
10
0.5624490157480315
20
0.145861062992126
11
0.5676370866141732
21
0.1368750787401575
0
LINE
8
BLACK
6
CONTINUOUS
10
0.5676370866141732
20
0.1368750787401575
11
0.5741068897637795
21
0.1287622440944882
0
LINE
8
BLACK
6
CONTINUOUS
10
0.5741068897637795
20
0.1287622440944882
11
0.5817133858267717
21
0.1217044488188976
0
LINE
8
BLACK
6
CONTINUOUS
10
0.5817133858267717
20
0.1217044488188976
11
0.5817135826771653
21
0.1217042913385827
0
LINE
8
BLACK
6
CONTINUOUS
10
0.5817135826771653
20
0.1217042913385827
11
0.5902864173228346
21
0.1158594094488189
0
LINE
8
BLACK
6
CONTINUOUS
10
0.5902864173228346
20
0.1158594094488189
11
0.5902867322834645
21
0.1158592519685039
0
LINE
8
BLACK
6
CONTINUOUS
10
0.5902867322834645
20
0.1158592519685039
11
0.5996355118110236
21
0.1113570472440945
0
LINE
8
BLACK
6
CONTINUOUS
10
0.5996355118110236
20
0.1113570472440945
11
0.5996359842519685
21
0.1113568503937008
0
LINE
8
BLACK
6
CONTINUOUS
10
0.5996359842519685
20
0.1113568503937008
11
0.609550748031496
21
0.1082985826771654
0
LINE
8
BLACK
6
CONTINUOUS
10
0.609550748031496
20
0.1082985826771654
11
0.6095511023622047
21
0.1082985039370079
0
LINE
8
BLACK
6
CONTINUOUS
10
0.6095511023622047
20
0.1082985039370079
11
0.6095511811023622
21
0.1082985039370079
0
LINE
8
BLACK
6
CONTINUOUS
10
0.6095511811023622
20
0.1082985039370079
11
0.6198117716535433
21
0.106751968503937
0
LINE
8
BLACK
6
CONTINUOUS
10
0.6198117716535433
20
0.106751968503937
11
0.6198119291338583
21
0.106751968503937
0
LINE
8
BLACK
6
CONTINUOUS
10
0.6198119291338583
20
0.106751968503937
11
0.6301880708661417
21
0.106751968503937
0
LINE
8
BLACK
6
CONTINUOUS
10
0.6301880708661417
20
0.106751968503937
11
0.6301882283464567
21
0.106751968503937
0
LINE
8
BLACK
6
CONTINUOUS
10
0.6301882283464567
20
0.106751968503937
11
0.6404488188976378
21
0.1082985039370079
0
LINE
8
BLACK
6
CONTINUOUS
10
0.6404488188976378
20
0.1082985039370079
11
0.6404488976377952
21
0.1082985039370079
0
LINE
8
BLACK
6
CONTINUOUS
10
0.6404488976377952
20
0.1082985039370079
11
0.6404492125984251
21
0.1082985826771654
0
LINE
8
BLACK
6
CONTINUOUS
10
0.6404492125984251
20
0.1082985826771654
11
0.6503639763779527
21
0.1113568503937008
0
LINE
8
BLACK
6
CONTINUOUS
10
0.6503639763779527
20
0.1113568503937008
11
0.6503644488188977
21
0.1113570472440945
0
LINE
8
BLACK
6
CONTINUOUS
10
0.6503644488188977
20
0.1113570472440945
11
0.6597133070866141
21
0.1158592519685039
0
LINE
8
BLACK
6
CONTINUOUS
10
0.6597133070866141
20
0.1158592519685039
11
0.6597135826771653
21
0.1158594094488189
0
LINE
8
BLACK
6
CONTINUOUS
10
0.6597135826771653
20
0.1158594094488189
11
0.6682863779527559
21
0.1217042913385827
0
LINE
8
BLACK
6
CONTINUOUS
10
0.6682863779527559
20
0.1217042913385827
11
0.6682864173228347
21
0.1217043307086614
0
LINE
8
BLACK
6
CONTINUOUS
10
0.6682864173228347
20
0.1217043307086614
11
0.6682866535433071
21
0.1217044881889764
0
LINE
8
BLACK
6
CONTINUOUS
10
0.6682866535433071
20
0.1217044881889764
11
0.6758931496062992
21
0.1287622834645669
0
LINE
8
BLACK
6
CONTINUOUS
10
0.6758931496062992
20
0.1287622834645669
11
0.6823627952755905
21
0.1368749606299212
0
LINE
8
BLACK
6
CONTINUOUS
10
0.6823627952755905
20
0.1368749606299212
11
0.6827912992125984
21
0.137617125984252
0
LINE
8
BLACK
6
CONTINUOUS
10
0.6827912992125984
20
0.137617125984252
11
0.6875509448818897
21
0.145861062992126
0
LINE
8
BLACK
6
CONTINUOUS
10
0.6875509448818897
20
0.145861062992126
11
0.687551062992126
21
0.1458613779527559
0
LINE
8
BLACK
6
CONTINUOUS
10
0.687551062992126
20
0.1458613779527559
11
0.6913420078740158
21
0.1555204724409449
0
LINE
8
BLACK
6
CONTINUOUS
10
0.6913420078740158
20
0.1555204724409449
11
0.6936509842519685
21
0.1656367716535433
0
LINE
8
BLACK
6
CONTINUOUS
10
0.6936509842519685
20
0.1656367716535433
11
0.6944264173228346
21
0.1759842519685039
0
LINE
8
BLACK
6
CONTINUOUS
10
0.6944264173228346
20
0.1759842519685039
11
0.6936509842519685
21
0.1863317322834646
0
LINE
8
BLACK
6
CONTINUOUS
10
1.1063490157480316
20
0.1656367716535433
11
1.1063490157480316
21
0.1656365748031496
0
LINE
8
BLACK
6
CONTINUOUS
10
1.1063490157480316
20
0.1656365748031496
11
1.1063490551181101
21
0.1656365748031496
0
LINE
8
BLACK
6
CONTINUOUS
10
1.1063490551181101
20
0.1656365748031496
11
1.1086579133858268
21
0.1555206299212598
0
LINE
8
BLACK
6
CONTINUOUS
10
1.1086579133858268
20
0.1555206299212598
11
1.1124488976377953
21
0.1458613779527559
0
LINE
8
BLACK
6
CONTINUOUS
10
1.1124488976377953
20
0.1458613779527559
11
1.1124490157480316
21
0.145861062992126
0
LINE
8
BLACK
6
CONTINUOUS
10
1.1124490157480316
20
0.145861062992126
11
1.1176370866141732
21
0.1368750787401575
0
LINE
8
BLACK
6
CONTINUOUS
10
1.1176370866141732
20
0.1368750787401575
11
1.1241068897637796
21
0.1287622440944882
0
LINE
8
BLACK
6
CONTINUOUS
10
1.1241068897637796
20
0.1287622440944882
11
1.1317133858267716
21
0.1217044488188976
0
LINE
8
BLACK
6
CONTINUOUS
10
1.1317133858267716
20
0.1217044488188976
11
1.1317135826771654
21
0.1217042913385827
0
LINE
8
BLACK
6
CONTINUOUS
10
1.1317135826771654
20
0.1217042913385827
11
1.1402864173228346
21
0.1158594094488189
0
LINE
8
BLACK
6
CONTINUOUS
10
1.1402864173228346
20
0.1158594094488189
11
1.1402867322834644
21
0.1158592519685039
0
LINE
8
BLACK
6
CONTINUOUS
10
1.1402867322834644
20
0.1158592519685039
11
1.1496355118110235
21
0.1113570472440945
0
LINE
8
BLACK
6
CONTINUOUS
10
1.1496355118110235
20
0.1113570472440945
11
1.1496359842519686
21
0.1113568503937008
0
LINE
8
BLACK
6
CONTINUOUS
10
1.1496359842519686
20
0.1113568503937008
11
1.1595507480314959
21
0.1082985826771654
0
LINE
8
BLACK
6
CONTINUOUS
10
1.1595507480314959
20
0.1082985826771654
11
1.1595511023622047
21
0.1082985039370079
0
LINE
8
BLACK
6
CONTINUOUS
10
1.1595511023622047
20
0.1082985039370079
11
1.1595511811023622
21
0.1082985039370079
0
LINE
8
BLACK
6
CONTINUOUS
10
1.1595511811023622
20
0.1082985039370079
11
1.1698117716535432
21
0.106751968503937
0
LINE
8
BLACK
6
CONTINUOUS
10
1.1698117716535432
20
0.106751968503937
11
1.1698119291338582
21
0.106751968503937
0
LINE
8
BLACK
6
CONTINUOUS
10
1.1698119291338582
20
0.106751968503937
11
1.1801880708661416
21
0.106751968503937
0
LINE
8
BLACK
6
CONTINUOUS
10
1.1801880708661416
20
0.106751968503937
11
1.1801882283464566
21
0.106751968503937
0
LINE
8
BLACK
6
CONTINUOUS
10
1.1801882283464566
20
0.106751968503937
11
1.1904488188976379
21
0.1082985039370079
0
LINE
8
BLACK
6
CONTINUOUS
10
1.1904488188976379
20
0.1082985039370079
11
1.1904488976377952
21
0.1082985039370079
0
LINE
8
BLACK
6
CONTINUOUS
10
1.1904488976377952
20
0.1082985039370079
11
1.1904492125984252
21
0.1082985826771654
0
LINE
8
BLACK
6
CONTINUOUS
10
1.1904492125984252
20
0.1082985826771654
11
1.2003639763779528
21
0.1113568503937008
0
LINE
8
BLACK
6
CONTINUOUS
10
1.2003639763779528
20
0.1113568503937008
11
1.2003644488188976
21
0.1113570472440945
0
LINE
8
BLACK
6
CONTINUOUS
10
1.2003644488188976
20
0.1113570472440945
11
1.2097133070866142
21
0.1158592519685039
0
LINE
8
BLACK
6
CONTINUOUS
10
1.2097133070866142
20
0.1158592519685039
11
1.2097135826771652
21
0.1158594094488189
0
LINE
8
BLACK
6
CONTINUOUS
10
1.2097135826771652
20
0.1158594094488189
11
1.218286377952756
21
0.1217042913385827
0
LINE
8
BLACK
6
CONTINUOUS
10
1.218286377952756
20
0.1217042913385827
11
1.2182864173228347
21
0.1217043307086614
0
LINE
8
BLACK
6
CONTINUOUS
10
1.2182864173228347
20
0.1217043307086614
11
1.218286653543307
21
0.1217044881889764
0
LINE
8
BLACK
6
CONTINUOUS
10
1.218286653543307
20
0.1217044881889764
11
1.2258931496062992
21
0.1287622834645669
0
LINE
8
BLACK
6
CONTINUOUS
10
1.2258931496062992
20
0.1287622834645669
11
1.2323627952755905
21
0.1368749606299212
0
LINE
8
BLACK
6
CONTINUOUS
10
1.2323627952755905
20
0.1368749606299212
11
1.2327912992125984
21
0.137617125984252
0
LINE
8
BLACK
6
CONTINUOUS
10
1.2327912992125984
20
0.137617125984252
11
1.2375509448818898
21
0.145861062992126
0
LINE
8
BLACK
6
CONTINUOUS
10
1.2375509448818898
20
0.145861062992126
11
1.237551062992126
21
0.1458613779527559
0
LINE
8
BLACK
6
CONTINUOUS
10
1.237551062992126
20
0.1458613779527559
11
1.2413420078740158
21
0.1555204724409449
0
LINE
8
BLACK
6
CONTINUOUS
10
1.2413420078740158
20
0.1555204724409449
11
1.2436509842519685
21
0.1656367716535433
0
LINE
8
BLACK
6
CONTINUOUS
10
1.2436509842519685
20
0.1656367716535433
11
1.2444264173228345
21
0.1759842519685039
0
LINE
8
BLACK
6
CONTINUOUS
10
1.2444264173228345
20
0.1759842519685039
11
1.2436509842519685
21
0.1863317322834646
0
LINE
8
BLACK
6
CONTINUOUS
10
1.2436509842519685
20
0.1863317322834646
11
1.2413420078740158
21
0.196448031496063
0
LINE
8
BLACK
6
CONTINUOUS
10
1.2413420078740158
20
0.196448031496063
11
1.2375510236220473
21
0.2061072440944882
0
LINE
8
BLACK
6
CONTINUOUS
10
1.2375510236220473
20
0.2061072440944882
11
1.2323627952755905
21
0.2150935433070866
0
LINE
8
BLACK
6
CONTINUOUS
10
1.2323627952755905
20
0.2150935433070866
11
1.2259179133858267
21
0.223175157480315
0
LINE
8
BLACK
6
CONTINUOUS
10
1.2259179133858267
20
0.223175157480315
11
1.2258931496062992
21
0.2232062204724409
0
LINE
8
BLACK
6
CONTINUOUS
10
1.2258931496062992
20
0.2232062204724409
11
1.218286653543307
21
0.2302640157480315
0
LINE
8
BLACK
6
CONTINUOUS
10
1.218286653543307
20
0.2302640157480315
11
1.2097132283464567
21
0.2361092913385827
0
LINE
8
BLACK
6
CONTINUOUS
10
1.2097132283464567
20
0.2361092913385827
11
1.2003643307086613
21
0.2406114960629921
0
LINE
8
BLACK
6
CONTINUOUS
10
1.2003643307086613
20
0.2406114960629921
11
1.2003640551181103
21
0.2406115748031496
0
LINE
8
BLACK
6
CONTINUOUS
10
1.2003640551181103
20
0.2406115748031496
11
1.2003639763779528
21
0.2406116141732283
0
LINE
8
BLACK
6
CONTINUOUS
10
1.2003639763779528
20
0.2406116141732283
11
1.1904492125984252
21
0.2436698818897638
0
LINE
8
BLACK
6
CONTINUOUS
10
1.1904492125984252
20
0.2436698818897638
11
1.1904491732283464
21
0.2436698818897638
0
LINE
8
BLACK
6
CONTINUOUS
10
1.1904491732283464
20
0.2436698818897638
11
1.1904488188976379
21
0.24367
0
LINE
8
BLACK
6
CONTINUOUS
10
1.1904488188976379
20
0.24367
11
1.1801882283464566
21
0.2452165354330709
0
LINE
8
BLACK
6
CONTINUOUS
10
1.1801882283464566
20
0.2452165354330709
11
1.1698117716535432
21
0.2452165354330709
0
LINE
8
BLACK
6
CONTINUOUS
10
1.1698117716535432
20
0.2452165354330709
11
1.1595511811023622
21
0.24367
0
LINE
8
BLACK
6
CONTINUOUS
10
1.1595511811023622
20
0.24367
11
1.1595508267716534
21
0.2436698818897638
0
LINE
8
BLACK
6
CONTINUOUS
10
1.1595508267716534
20
0.2436698818897638
11
1.1595507480314959
21
0.2436698818897638
0
LINE
8
BLACK
6
CONTINUOUS
10
1.1595507480314959
20
0.2436698818897638
11
1.1496359842519686
21
0.2406116141732283
0
LINE
8
BLACK
6
CONTINUOUS
10
1.1496359842519686
20
0.2406116141732283
11
1.1496357874015748
21
0.2406114960629921
0
LINE
8
BLACK
6
CONTINUOUS
10
1.1496357874015748
20
0.2406114960629921
11
1.1496356692913385
21
0.2406114960629921
0
LINE
8
BLACK
6
CONTINUOUS
10
1.1496356692913385
20
0.2406114960629921
11
1.1402868110236219
21
0.2361092913385827
0
LINE
8
BLACK
6
CONTINUOUS
10
1.1402868110236219
20
0.2361092913385827
11
1.1402865748031497
21
0.2361091338582677
0
LINE
8
BLACK
6
CONTINUOUS
10
1.1402865748031497
20
0.2361091338582677
11
1.1402864173228346
21
0.2361090551181102
0
LINE
8
BLACK
6
CONTINUOUS
10
1.1402864173228346
20
0.2361090551181102
11
1.1327239370078739
21
0.230953031496063
0
LINE
8
BLACK
6
CONTINUOUS
10
1.1327239370078739
20
0.230953031496063
11
1.1317133464566929
21
0.2302640157480315
0
LINE
8
BLACK
6
CONTINUOUS
10
1.1317133464566929
20
0.2302640157480315
11
1.1241068503937008
21
0.2232062204724409
0
LINE
8
BLACK
6
CONTINUOUS
10
1.1241068503937008
20
0.2232062204724409
11
1.1176372047244094
21
0.2150935433070866
0
LINE
8
BLACK
6
CONTINUOUS
10
1.1176372047244094
20
0.2150935433070866
11
1.1176370866141732
21
0.2150933858267716
0
LINE
8
BLACK
6
CONTINUOUS
10
1.1176370866141732
20
0.2150933858267716
11
1.1124490157480316
21
0.2061074015748031
0
LINE
8
BLACK
6
CONTINUOUS
10
1.1124490157480316
20
0.2061074015748031
11
1.1124488976377953
21
0.2061070866141732
0
LINE
8
BLACK
6
CONTINUOUS
10
1.1124488976377953
20
0.2061070866141732
11
1.1086579133858268
21
0.1964478346456693
0
LINE
8
BLACK
6
CONTINUOUS
10
1.1086579133858268
20
0.1964478346456693
11
1.1065614960629921
21
0.1872626771653543
0
LINE
8
BLACK
6
CONTINUOUS
10
1.1065614960629921
20
0.1872626771653543
11
1.1063490157480316
21
0.1863317322834646
0
LINE
8
BLACK
6
CONTINUOUS
10
1.1063490157480316
20
0.1863317322834646
11
1.1055735826771653
21
0.1759842519685039
0
LINE
8
BLACK
6
CONTINUOUS
10
1.1055735826771653
20
0.1759842519685039
11
1.1063490157480316
21
0.1656367716535433
0
LINE
8
BLACK
6
CONTINUOUS
10
1.6597047244094487
20
0.1287933070866142
11
1.6599609842519685
21
0.1264095669291339
0
LINE
8
BLACK
6
CONTINUOUS
10
1.6599609842519685
20
0.1264095669291339
11
1.659961062992126
21
0.1264092519685039
0
LINE
8
BLACK
6
CONTINUOUS
10
1.659961062992126
20
0.1264092519685039
11
1.6619728346456693
21
0.1210156299212598
0
LINE
8
BLACK
6
CONTINUOUS
10
1.6619728346456693
20
0.1210156299212598
11
1.6619729133858268
21
0.1210154330708661
0
LINE
8
BLACK
6
CONTINUOUS
10
1.6619729133858268
20
0.1210154330708661
11
1.6654227559055117
21
0.1164070078740157
0
LINE
8
BLACK
6
CONTINUOUS
10
1.6654227559055117
20
0.1164070078740157
11
1.6700311811023623
21
0.1129571653543307
0
LINE
8
BLACK
6
CONTINUOUS
10
1.6700311811023623
20
0.1129571653543307
11
1.6700313779527558
21
0.1129570866141732
0
LINE
8
BLACK
6
CONTINUOUS
10
1.6700313779527558
20
0.1129570866141732
11
1.6754249999999999
21
0.1109453149606299
0
LINE
8
BLACK
6
CONTINUOUS
10
1.6754249999999999
20
0.1109453149606299
11
1.67542531496063
21
0.1109452362204724
0
LINE
8
BLACK
6
CONTINUOUS
10
1.67542531496063
20
0.1109452362204724
11
1.6778090551181102
21
0.1106889763779527
0
LINE
8
BLACK
6
CONTINUOUS
10
1.6778090551181102
20
0.1106889763779527
11
1.677809527559055
21
0.1106889763779527
0
LINE
8
BLACK
6
CONTINUOUS
10
1.677809527559055
20
0.1106889763779527
11
1.772190905511811
21
0.1106889763779527
0
LINE
8
BLACK
6
CONTINUOUS
10
1.772190905511811
20
0.1106889763779527
11
1.7745746456692912
21
0.1109452362204724
0
LINE
8
BLACK
6
CONTINUOUS
10
1.7745746456692912
20
0.1109452362204724
11
1.7745749606299213
21
0.1109453149606299
0
LINE
8
BLACK
6
CONTINUOUS
10
1.7745749606299213
20
0.1109453149606299
11
1.7799685826771654
21
0.1129570866141732
0
LINE
8
BLACK
6
CONTINUOUS
10
1.7799685826771654
20
0.1129570866141732
11
1.7799687795275589
21
0.1129571653543307
0
LINE
8
BLACK
6
CONTINUOUS
10
1.7799687795275589
20
0.1129571653543307
11
1.7845772047244095
21
0.1164070078740157
0
LINE
8
BLACK
6
CONTINUOUS
10
1.7845772047244095
20
0.1164070078740157
11
1.7880270472440944
21
0.1210154330708661
0
LINE
8
BLACK
6
CONTINUOUS
10
1.7880270472440944
20
0.1210154330708661
11
1.788027125984252
21
0.1210156299212598
0
LINE
8
BLACK
6
CONTINUOUS
10
1.788027125984252
20
0.1210156299212598
11
1.7882840157480315
21
0.1217042913385827
0
LINE
8
BLACK
6
CONTINUOUS
10
1.7882840157480315
20
0.1217042913385827
11
1.790038937007874
21
0.1264094094488189
0
LINE
8
BLACK
6
CONTINUOUS
10
1.790038937007874
20
0.1264094094488189
11
1.7900389763779527
21
0.1264095669291339
0
LINE
8
BLACK
6
CONTINUOUS
10
1.7900389763779527
20
0.1264095669291339
11
1.7902952362204725
21
0.1287933070866142
0
LINE
8
BLACK
6
CONTINUOUS
10
1.7902952362204725
20
0.1287933070866142
11
1.7902952755905512
21
0.1287939763779528
0
LINE
8
BLACK
6
CONTINUOUS
10
1.7902952755905512
20
0.1287939763779528
11
1.7902952755905512
21
0.1331047637795276
0
LINE
8
BLACK
6
CONTINUOUS
10
1.7902952755905512
20
0.1331047637795276
11
1.7910827559055118
21
0.1357866929133858
0
LINE
8
BLACK
6
CONTINUOUS
10
1.7910827559055118
20
0.1357866929133858
11
1.7931951968503936
21
0.137617125984252
0
LINE
8
BLACK
6
CONTINUOUS
10
1.7931951968503936
20
0.137617125984252
11
1.7952559055118109
21
0.1380653937007874
0
LINE
8
BLACK
6
CONTINUOUS
10
1.7952559055118109
20
0.1380653937007874
11
1.8811182677165355
21
0.1380653937007874
0
LINE
8
BLACK
6
CONTINUOUS
10
1.8811182677165355
20
0.1380653937007874
11
1.8811182677165355
21
0.2503020078740157
0
LINE
8
BLACK
6
CONTINUOUS
10
1.8811182677165355
20
0.2503020078740157
11
1.7688816929133857
21
0.2503020078740157
0
LINE
8
BLACK
6
CONTINUOUS
10
1.7688816929133857
20
0.2503020078740157
11
1.7688816929133857
21
0.2462401574803149
0
LINE
8
BLACK
6
CONTINUOUS
10
1.7688816929133857
20
0.2462401574803149
11
1.7680942125984251
21
0.2435582283464567
0
LINE
8
BLACK
6
CONTINUOUS
10
1.7680942125984251
20
0.2435582283464567
11
1.7659817716535433
21
0.2417277952755905
0
LINE
8
BLACK
6
CONTINUOUS
10
1.7659817716535433
20
0.2417277952755905
11
1.763921062992126
21
0.2412795275590551
0
LINE
8
BLACK
6
CONTINUOUS
10
1.763921062992126
20
0.2412795275590551
11
1.677809527559055
21
0.2412795275590551
0
LINE
8
BLACK
6
CONTINUOUS
10
1.677809527559055
20
0.2412795275590551
11
1.6778092519685039
21
0.2412794881889764
0
LINE
8
BLACK
6
CONTINUOUS
10
1.6778092519685039
20
0.2412794881889764
11
1.6778090551181102
21
0.2412794881889764
0
LINE
8
BLACK
6
CONTINUOUS
10
1.6778090551181102
20
0.2412794881889764
11
1.67542531496063
21
0.2410232283464567
0
LINE
8
BLACK
6
CONTINUOUS
10
1.67542531496063
20
0.2410232283464567
11
1.6754249999999999
21
0.2410231496062992
0
LINE
8
BLACK
6
CONTINUOUS
10
1.6754249999999999
20
0.2410231496062992
11
1.6723572834645668
21
0.2398788976377953
0
LINE
8
BLACK
6
CONTINUOUS
10
1.6723572834645668
20
0.2398788976377953
11
1.670031338582677
21
0.2390113779527559
0
LINE
8
BLACK
6
CONTINUOUS
10
1.670031338582677
20
0.2390113779527559
11
1.6700312598425195
21
0.2390113385826771
0
LINE
8
BLACK
6
CONTINUOUS
10
1.6700312598425195
20
0.2390113385826771
11
1.6700311811023623
21
0.2390112992125984
0
LINE
8
BLACK
6
CONTINUOUS
10
1.6700311811023623
20
0.2390112992125984
11
1.6654227559055117
21
0.2355614566929134
0
LINE
8
BLACK
6
CONTINUOUS
10
1.6654227559055117
20
0.2355614566929134
11
1.6619729133858268
21
0.230953031496063
0
LINE
8
BLACK
6
CONTINUOUS
10
1.6619729133858268
20
0.230953031496063
11
1.6619728346456693
21
0.2309528346456693
0
LINE
8
BLACK
6
CONTINUOUS
10
1.6619728346456693
20
0.2309528346456693
11
1.659961062992126
21
0.2255592125984252
0
LINE
8
BLACK
6
CONTINUOUS
10
1.659961062992126
20
0.2255592125984252
11
1.6599609842519685
21
0.2255588976377953
0
LINE
8
BLACK
6
CONTINUOUS
10
1.6599609842519685
20
0.2255588976377953
11
1.6597047244094487
21
0.223175157480315
0
LINE
8
BLACK
6
CONTINUOUS
10
1.6597047244094487
20
0.223175157480315
11
1.6597047244094487
21
0.1287933070866142
0
LINE
8
BLACK
6
CONTINUOUS
10
0.4963027165354331
20
0.3720601181102362
11
0.4963027165354331
21
0.4835832677165354
0
LINE
8
BLACK
6
CONTINUOUS
10
0.4963027165354331
20
0.4835832677165354
11
0.0980066535433071
21
0.4835832677165354
0
LINE
8
BLACK
6
CONTINUOUS
10
0.0980066535433071
20
0.4835832677165354
11
0.0980066535433071
21
0.3720601181102362
0
LINE
8
BLACK
6
CONTINUOUS
10
0.0980066535433071
20
0.3720601181102362
11
0.4963027165354331
21
0.3720601181102362
0
LINE
8
BLACK
6
CONTINUOUS
10
0.7811182677165354
20
1.4753020078740158
11
0.6928448031496063
21
1.4753020078740158
0
LINE
8
BLACK
6
CONTINUOUS
10
0.6928448031496063
20
1.4753020078740158
11
0.6901628740157481
21
1.4760894881889763
0
LINE
8
BLACK
6
CONTINUOUS
10
0.6901628740157481
20
1.4760894881889763
11
0.6883324409448819
21
1.4782019291338582
0
LINE
8
BLACK
6
CONTINUOUS
10
0.6883324409448819
20
1.4782019291338582
11
0.6881972440944881
21
1.4785281889763779
0
LINE
8
BLACK
6
CONTINUOUS
10
0.6881972440944881
20
1.4785281889763779
11
0.688027125984252
21
1.4789844094488189
0
LINE
8
BLACK
6
CONTINUOUS
10
0.688027125984252
20
1.4789844094488189
11
0.6845772047244094
21
1.4835929527559055
0
LINE
8
BLACK
6
CONTINUOUS
10
0.6845772047244094
20
1.4835929527559055
11
0.6838457086614174
21
1.4841405511811023
0
LINE
8
BLACK
6
CONTINUOUS
10
0.6838457086614174
20
1.4841405511811023
11
0.6799687795275591
21
1.4870427952755905
0
LINE
8
BLACK
6
CONTINUOUS
10
0.6799687795275591
20
1.4870427952755905
11
0.6799687401574803
21
1.4870427952755905
0
LINE
8
BLACK
6
CONTINUOUS
10
0.6799687401574803
20
1.4870427952755905
11
0.6799686614173228
21
1.487042874015748
0
LINE
8
BLACK
6
CONTINUOUS
10
0.6799686614173228
20
1.487042874015748
11
0.674574842519685
21
1.48905468503937
0
LINE
8
BLACK
6
CONTINUOUS
10
0.674574842519685
20
1.48905468503937
11
0.6745747637795275
21
1.48905468503937
0
LINE
8
BLACK
6
CONTINUOUS
10
0.6745747637795275
20
1.48905468503937
11
0.6745746456692914
21
1.4890547244094487
0
LINE
8
BLACK
6
CONTINUOUS
10
0.6745746456692914
20
1.4890547244094487
11
0.672190905511811
21
1.4893109842519685
0
LINE
8
BLACK
6
CONTINUOUS
10
0.672190905511811
20
1.4893109842519685
11
0.672190748031496
21
1.4893109842519685
0
LINE
8
BLACK
6
CONTINUOUS
10
0.672190748031496
20
1.4893109842519685
11
0.6721904724409449
21
1.4893110236220473
0
LINE
8
BLACK
6
CONTINUOUS
10
0.6721904724409449
20
1.4893110236220473
11
0.5778095275590551
21
1.4893110236220473
0
LINE
8
BLACK
6
CONTINUOUS
10
0.5778095275590551
20
1.4893110236220473
11
0.577809251968504
21
1.4893109842519685
0
LINE
8
BLACK
6
CONTINUOUS
10
0.577809251968504
20
1.4893109842519685
11
0.5778090551181102
21
1.4893109842519685
0
LINE
8
BLACK
6
CONTINUOUS
10
0.5778090551181102
20
1.4893109842519685
11
0.5754253149606299
21
1.4890547244094487
0
LINE
8
BLACK
6
CONTINUOUS
10
0.5754253149606299
20
1.4890547244094487
11
0.575425
21
1.4890546456692912
0
LINE
8
BLACK
6
CONTINUOUS
10
0.575425
20
1.4890546456692912
11
0.5723572834645669
21
1.4879103937007874
0
LINE
8
BLACK
6
CONTINUOUS
10
0.5723572834645669
20
1.4879103937007874
11
0.5700313385826772
21
1.487042874015748
0
LINE
8
BLACK
6
CONTINUOUS
10
0.5700313385826772
20
1.487042874015748
11
0.5700312598425197
21
1.4870428346456692
0
LINE
8
BLACK
6
CONTINUOUS
10
0.5700312598425197
20
1.4870428346456692
11
0.5700311811023622
21
1.4870427952755905
0
LINE
8
BLACK
6
CONTINUOUS
10
0.5700311811023622
20
1.4870427952755905
11
0.5654227559055118
21
1.4835929527559055
0
LINE
8
BLACK
6
CONTINUOUS
10
0.5654227559055118
20
1.4835929527559055
11
0.5619729133858268
21
1.4789845275590552
0
LINE
8
BLACK
6
CONTINUOUS
10
0.5619729133858268
20
1.4789845275590552
11
0.5619728346456693
21
1.4789843307086614
0
LINE
8
BLACK
6
CONTINUOUS
10
0.5619728346456693
20
1.4789843307086614
11
0.559961062992126
21
1.4735907086614173
0
LINE
8
BLACK
6
CONTINUOUS
10
0.559961062992126
20
1.4735907086614173
11
0.5599609842519685
21
1.4735903937007873
0
LINE
8
BLACK
6
CONTINUOUS
10
0.5599609842519685
20
1.4735903937007873
11
0.5597047244094489
21
1.471206653543307
0
LINE
8
BLACK
6
CONTINUOUS
10
0.5597047244094489
20
1.471206653543307
11
0.5597047244094489
21
1.3768248031496062
0
LINE
8
BLACK
6
CONTINUOUS
10
0.5597047244094489
20
1.3768248031496062
11
0.5599609842519685
21
1.374441062992126
0
LINE
8
BLACK
6
CONTINUOUS
10
0.5599609842519685
20
1.374441062992126
11
0.559961062992126
21
1.374440748031496
0
LINE
8
BLACK
6
CONTINUOUS
10
0.559961062992126
20
1.374440748031496
11
0.5619728346456693
21
1.369047125984252
0
LINE
8
BLACK
6
CONTINUOUS
10
0.5619728346456693
20
1.369047125984252
11
0.5619729133858268
21
1.3690469291338583
0
LINE
8
BLACK
6
CONTINUOUS
10
0.5619729133858268
20
1.3690469291338583
11
0.5654227559055118
21
1.3644385039370079
0
LINE
8
BLACK
6
CONTINUOUS
10
0.5654227559055118
20
1.3644385039370079
11
0.5700311811023622
21
1.3609886614173228
0
LINE
8
BLACK
6
CONTINUOUS
10
0.5700311811023622
20
1.3609886614173228
11
0.5700313779527559
21
1.3609885826771653
0
LINE
8
BLACK
6
CONTINUOUS
10
0.5700313779527559
20
1.3609885826771653
11
0.575425
21
1.358976811023622
0
LINE
8
BLACK
6
CONTINUOUS
10
0.575425
20
1.358976811023622
11
0.5754253149606299
21
1.3589767322834645
0
LINE
8
BLACK
6
CONTINUOUS
10
0.5754253149606299
20
1.3589767322834645
11
0.5778090551181102
21
1.358720472440945
0
LINE
8
BLACK
6
CONTINUOUS
10
0.5778090551181102
20
1.358720472440945
11
0.5778095275590551
21
1.358720472440945
0
LINE
8
BLACK
6
CONTINUOUS
10
0.5778095275590551
20
1.358720472440945
11
0.672190905511811
21
1.358720472440945
0
LINE
8
BLACK
6
CONTINUOUS
10
0.672190905511811
20
1.358720472440945
11
0.6745746456692914
21
1.3589767322834645
0
LINE
8
BLACK
6
CONTINUOUS
10
0.6745746456692914
20
1.3589767322834645
11
0.6745749606299213
21
1.358976811023622
0
LINE
8
BLACK
6
CONTINUOUS
10
0.6745749606299213
20
1.358976811023622
11
0.6799685826771653
21
1.3609885826771653
0
LINE
8
BLACK
6
CONTINUOUS
10
0.6799685826771653
20
1.3609885826771653
11
0.6799687795275591
21
1.3609886614173228
0
LINE
8
BLACK
6
CONTINUOUS
10
0.6799687795275591
20
1.3609886614173228
11
0.6814211811023622
21
1.3620759448818898
0
LINE
8
BLACK
6
CONTINUOUS
10
0.6814211811023622
20
1.3620759448818898
11
0.6840400787401575
21
1.3630527559055117
0
LINE
8
BLACK
6
CONTINUOUS
10
0.6840400787401575
20
1.3630527559055117
11
0.6843939763779527
21
1.3630653937007873
0
LINE
8
BLACK
6
CONTINUOUS
10
0.6843939763779527
20
1.3630653937007873
11
0.7811182677165354
21
1.3630653937007873
0
LINE
8
BLACK
6
CONTINUOUS
10
0.7811182677165354
20
1.3630653937007873
11
0.7811182677165354
21
1.471206653543307
0
LINE
8
BLACK
6
CONTINUOUS
10
0.7811182677165354
20
1.471206653543307
11
0.7811182677165354
21
1.4753020078740158
0
LINE
8
BLACK
6
CONTINUOUS
10
1.9392051181102361
20
1.2733840157480314
11
1.9392322834645668
21
1.2728655118110237
0
LINE
8
BLACK
6
CONTINUOUS
10
1.9392322834645668
20
1.2728655118110237
11
1.9392322834645668
21
1.2714769291338583
0
LINE
8
BLACK
6
CONTINUOUS
10
1.9392322834645668
20
1.2714769291338583
11
1.9395551968503937
21
1.2698536220472441
0
LINE
8
BLACK
6
CONTINUOUS
10
1.9395551968503937
20
1.2698536220472441
11
1.9396233070866142
21
1.2694045669291338
0
LINE
8
BLACK
6
CONTINUOUS
10
1.9396233070866142
20
1.2694045669291338
11
1.9398211417322835
21
1.2675225984251968
0
LINE
8
BLACK
6
CONTINUOUS
10
1.9398211417322835
20
1.2675225984251968
11
1.9398211811023622
21
1.2675223622047245
0
LINE
8
BLACK
6
CONTINUOUS
10
1.9398211811023622
20
1.2675223622047245
11
1.940240590551181
21
1.2662316141732284
0
LINE
8
BLACK
6
CONTINUOUS
10
1.940240590551181
20
1.2662316141732284
11
1.9403879921259841
21
1.265666811023622
0
LINE
8
BLACK
6
CONTINUOUS
10
1.9403879921259841
20
1.265666811023622
11
1.9406068110236221
21
1.2645669685039369
0
LINE
8
BLACK
6
CONTINUOUS
10
1.9406068110236221
20
1.2645669685039369
11
1.9406068897637794
21
1.2645666141732284
0
LINE
8
BLACK
6
CONTINUOUS
10
1.9406068897637794
20
1.2645666141732284
11
1.9413427165354331
21
1.2627901181102361
0
LINE
8
BLACK
6
CONTINUOUS
10
1.9413427165354331
20
1.2627901181102361
11
1.9414774409448818
21
1.2624249212598424
0
LINE
8
BLACK
6
CONTINUOUS
10
1.9414774409448818
20
1.2624249212598424
11
1.942144527559055
21
1.2603718897637795
0
LINE
8
BLACK
6
CONTINUOUS
10
1.942144527559055
20
1.2603718897637795
11
1.9421446062992125
21
1.2603717716535432
0
LINE
8
BLACK
6
CONTINUOUS
10
1.9421446062992125
20
1.2603717716535432
11
1.9426894488188975
21
1.2594279921259843
0
LINE
8
BLACK
6
CONTINUOUS
10
1.9426894488188975
20
1.2594279921259843
11
1.9429762598425195
21
1.2588463779527559
0
LINE
8
BLACK
6
CONTINUOUS
10
1.9429762598425195
20
1.2588463779527559
11
1.9433029133858268
21
1.2580577559055117
0
LINE
8
BLACK
6
CONTINUOUS
10
1.9433029133858268
20
1.2580577559055117
11
1.9433030314960629
21
1.2580575590551182
0
LINE
8
BLACK
6
CONTINUOUS
10
1.9433030314960629
20
1.2580575590551182
11
1.94451968503937
21
1.2562366929133857
0
LINE
8
BLACK
6
CONTINUOUS
10
1.94451968503937
20
1.2562366929133857
11
1.9446910236220472
21
1.2559612204724409
0
LINE
8
BLACK
6
CONTINUOUS
10
1.9446910236220472
20
1.2559612204724409
11
1.9459039763779526
21
1.2538603937007873
0
LINE
8
BLACK
6
CONTINUOUS
10
1.9459039763779526
20
1.2538603937007873
11
1.9464540157480315
21
1.2532494881889764
0
LINE
8
BLACK
6
CONTINUOUS
10
1.9464540157480315
20
1.2532494881889764
11
1.9468918503937007
21
1.2526865748031495
0
LINE
8
BLACK
6
CONTINUOUS
10
1.9468918503937007
20
1.2526865748031495
11
1.9472173228346457
21
1.2521994881889764
0
LINE
8
BLACK
6
CONTINUOUS
10
1.9472173228346457
20
1.2521994881889764
11
1.9472175196850394
21
1.2521992519685039
0
LINE
8
BLACK
6
CONTINUOUS
10
1.9472175196850394
20
1.2521992519685039
11
1.9489544881889764
21
1.2504622834645669
0
LINE
8
BLACK
6
CONTINUOUS
10
1.9489544881889764
20
1.2504622834645669
11
1.9491332283464566
21
1.2502739370078739
0
LINE
8
BLACK
6
CONTINUOUS
10
1.9491332283464566
20
1.2502739370078739
11
1.9509348818897638
21
1.2482729921259843
0
LINE
8
BLACK
6
CONTINUOUS
10
1.9509348818897638
20
1.2482729921259843
11
1.9513831496062992
21
1.2479472834645668
0
LINE
8
BLACK
6
CONTINUOUS
10
1.9513831496062992
20
1.2479472834645668
11
1.9519747637795275
21
1.2474419685039371
0
LINE
8
BLACK
6
CONTINUOUS
10
1.9519747637795275
20
1.2474419685039371
11
1.9627793307086614
21
1.2366374409448819
0
LINE
8
BLACK
6
CONTINUOUS
10
1.9627793307086614
20
1.2366374409448819
11
1.9641188976377952
21
1.2341841732283465
0
LINE
8
BLACK
6
CONTINUOUS
10
1.9641188976377952
20
1.2341841732283465
11
1.9642322834645669
21
1.2331297244094488
0
LINE
8
BLACK
6
CONTINUOUS
10
1.9642322834645669
20
1.2331297244094488
11
1.9642322834645669
21
0.5714770866141732
0
LINE
8
BLACK
6
CONTINUOUS
10
1.9642322834645669
20
0.5714770866141732
11
1.965606811023622
21
0.5645668897637796
0
LINE
8
BLACK
6
CONTINUOUS
10
1.965606811023622
20
0.5645668897637796
11
1.9656068897637795
21
0.5645666929133858
0
LINE
8
BLACK
6
CONTINUOUS
10
1.9656068897637795
20
0.5645666929133858
11
1.968303031496063
21
0.5580576377952756
0
LINE
8
BLACK
6
CONTINUOUS
10
1.968303031496063
20
0.5580576377952756
11
1.9722173622047243
21
0.5521994094488188
0
LINE
8
BLACK
6
CONTINUOUS
10
1.9722173622047243
20
0.5521994094488188
11
1.9722175590551181
21
0.5521991732283464
0
LINE
8
BLACK
6
CONTINUOUS
10
1.9722175590551181
20
0.5521991732283464
11
2.0021991732283464
21
0.5222175590551181
0
LINE
8
BLACK
6
CONTINUOUS
10
2.0021991732283464
20
0.5222175590551181
11
2.0021994094488189
21
0.5222173622047244
0
LINE
8
BLACK
6
CONTINUOUS
10
2.0021994094488189
20
0.5222173622047244
11
2.0080576377952757
21
0.5183030314960629
0
LINE
8
BLACK
6
CONTINUOUS
10
2.0080576377952757
20
0.5183030314960629
11
2.0126603149606299
21
0.5163965354330708
0
LINE
8
BLACK
6
CONTINUOUS
10
2.0126603149606299
20
0.5163965354330708
11
2.0145668110236219
21
0.5156068503937008
0
LINE
8
BLACK
6
CONTINUOUS
10
2.0145668110236219
20
0.5156068503937008
11
2.0145669291338582
21
0.515606811023622
0
LINE
8
BLACK
6
CONTINUOUS
10
2.0145669291338582
20
0.515606811023622
11
2.0214770866141731
21
0.514232283464567
0
LINE
8
BLACK
6
CONTINUOUS
10
2.0214770866141731
20
0.514232283464567
11
2.0214772047244094
21
0.514232283464567
0
LINE
8
BLACK
6
CONTINUOUS
10
2.0214772047244094
20
0.514232283464567
11
2.0285228346456692
21
0.514232283464567
0
LINE
8
BLACK
6
CONTINUOUS
10
2.0285228346456692
20
0.514232283464567
11
2.1609572834645667
21
0.514232283464567
0
LINE
8
BLACK
6
CONTINUOUS
10
2.1609572834645667
20
0.514232283464567
11
2.163639212598425
21
0.5134448031496063
0
LINE
8
BLACK
6
CONTINUOUS
10
2.163639212598425
20
0.5134448031496063
11
2.1649284645669291
21
0.5122444488188976
0
LINE
8
BLACK
6
CONTINUOUS
10
2.1649284645669291
20
0.5122444488188976
11
2.1680015354330706
21
0.508139251968504
0
LINE
8
BLACK
6
CONTINUOUS
10
2.1680015354330706
20
0.508139251968504
11
2.1698076377952757
21
0.5067872440944882
0
LINE
8
BLACK
6
CONTINUOUS
10
2.1698076377952757
20
0.5067872440944882
11
2.1714826771653541
21
0.5045496062992126
0
LINE
8
BLACK
6
CONTINUOUS
10
2.1714826771653541
20
0.5045496062992126
11
2.1716820472440945
21
0.5017616141732283
0
LINE
8
BLACK
6
CONTINUOUS
10
2.1716820472440945
20
0.5017616141732283
11
2.1703424803149605
21
0.4993083858267716
0
LINE
8
BLACK
6
CONTINUOUS
10
2.1703424803149605
20
0.4993083858267716
11
2.1678892125984253
21
0.4979688188976378
0
LINE
8
BLACK
6
CONTINUOUS
10
2.1678892125984253
20
0.4979688188976378
11
2.1672674803149605
21
0.4978743700787401
0
LINE
8
BLACK
6
CONTINUOUS
10
2.1672674803149605
20
0.4978743700787401
11
2.1665692125984251
21
0.4978133070866141
0
LINE
8
BLACK
6
CONTINUOUS
10
2.1665692125984251
20
0.4978133070866141
11
2.1583946062992125
21
0.4956229133858268
0
LINE
8
BLACK
6
CONTINUOUS
10
2.1583946062992125
20
0.4956229133858268
11
2.1507245669291337
21
0.4920462992125984
0
LINE
8
BLACK
6
CONTINUOUS
10
2.1507245669291337
20
0.4920462992125984
11
2.1507244094488187
21
0.492046220472441
0
LINE
8
BLACK
6
CONTINUOUS
10
2.1507244094488187
20
0.492046220472441
11
2.1437922440944881
21
0.4871923228346456
0
LINE
8
BLACK
6
CONTINUOUS
10
2.1437922440944881
20
0.4871923228346456
11
2.1437918503937006
21
0.487191968503937
0
LINE
8
BLACK
6
CONTINUOUS
10
2.1437918503937006
20
0.487191968503937
11
2.137807992125984
21
0.4812081102362205
0
LINE
8
BLACK
6
CONTINUOUS
10
2.137807992125984
20
0.4812081102362205
11
2.1378076377952757
21
0.481207716535433
0
LINE
8
BLACK
6
CONTINUOUS
10
2.1378076377952757
20
0.481207716535433
11
2.1329537401574803
21
0.4742755511811024
0
LINE
8
BLACK
6
CONTINUOUS
10
2.1329537401574803
20
0.4742755511811024
11
2.1329537007874015
21
0.4742754330708661
0
LINE
8
BLACK
6
CONTINUOUS
10
2.1329537007874015
20
0.4742754330708661
11
2.1304038582677163
21
0.4688072440944882
0
LINE
8
BLACK
6
CONTINUOUS
10
2.1304038582677163
20
0.4688072440944882
11
2.129495866141732
21
0.4668600787401574
0
LINE
8
BLACK
6
CONTINUOUS
10
2.129495866141732
20
0.4668600787401574
11
2.1276487401574804
21
0.4647622440944882
0
LINE
8
BLACK
6
CONTINUOUS
10
2.1276487401574804
20
0.4647622440944882
11
2.1249606299212598
21
0.463996062992126
0
LINE
8
BLACK
6
CONTINUOUS
10
2.1249606299212598
20
0.463996062992126
11
2.1222850787401573
21
0.4648048031496063
0
LINE
8
BLACK
6
CONTINUOUS
10
2.1222850787401573
20
0.4648048031496063
11
2.1205041338582675
21
0.4668600787401574
0
LINE
8
BLACK
6
CONTINUOUS
10
2.1205041338582675
20
0.4668600787401574
11
2.119596181102362
21
0.4688072047244095
0
LINE
8
BLACK
6
CONTINUOUS
10
2.119596181102362
20
0.4688072047244095
11
2.1170462992125985
21
0.4742754330708661
0
LINE
8
BLACK
6
CONTINUOUS
10
2.1170462992125985
20
0.4742754330708661
11
2.1121921653543305
21
0.4812079133858267
0
LINE
8
BLACK
6
CONTINUOUS
10
2.1121921653543305
20
0.4812079133858267
11
2.1062079133858269
21
0.4871921653543307
0
LINE
8
BLACK
6
CONTINUOUS
10
2.1062079133858269
20
0.4871921653543307
11
2.099275472440945
21
0.4920462992125984
0
LINE
8
BLACK
6
CONTINUOUS
10
2.099275472440945
20
0.4920462992125984
11
2.0916053937007875
21
0.4956229133858268
0
LINE
8
BLACK
6
CONTINUOUS
10
2.0916053937007875
20
0.4956229133858268
11
2.0834307874015749
21
0.4978133070866141
0
LINE
8
BLACK
6
CONTINUOUS
10
2.0834307874015749
20
0.4978133070866141
11
2.0749999999999997
21
0.498550905511811
0
LINE
8
BLACK
6
CONTINUOUS
10
2.0749999999999997
20
0.498550905511811
11
2.066569212598425
21
0.4978133070866141
0
LINE
8
BLACK
6
CONTINUOUS
10
2.066569212598425
20
0.4978133070866141
11
2.0583946062992124
21
0.4956229133858268
0
LINE
8
BLACK
6
CONTINUOUS
10
2.0583946062992124
20
0.4956229133858268
11
2.0507245669291336
21
0.4920462992125984
0
LINE
8
BLACK
6
CONTINUOUS
10
2.0507245669291336
20
0.4920462992125984
11
2.0507244094488191
21
0.492046220472441
0
LINE
8
BLACK
6
CONTINUOUS
10
2.0507244094488191
20
0.492046220472441
11
2.043792244094488
21
0.4871923228346456
0
LINE
8
BLACK
6
CONTINUOUS
10
2.043792244094488
20
0.4871923228346456
11
2.0437918503937009
21
0.487191968503937
0
LINE
8
BLACK
6
CONTINUOUS
10
2.0437918503937009
20
0.487191968503937
11
2.0378079921259844
21
0.4812081102362205
0
LINE
8
BLACK
6
CONTINUOUS
10
2.0378079921259844
20
0.4812081102362205
11
2.0378076377952756
21
0.481207716535433
0
LINE
8
BLACK
6
CONTINUOUS
10
2.0378076377952756
20
0.481207716535433
11
2.0329537401574802
21
0.4742755511811024
0
LINE
8
BLACK
6
CONTINUOUS
10
2.0329537401574802
20
0.4742755511811024
11
2.0293771259842521
21
0.4666054724409449
0
LINE
8
BLACK
6
CONTINUOUS
10
2.0293771259842521
20
0.4666054724409449
11
2.0293770472440946
21
0.4666052755905511
0
LINE
8
BLACK
6
CONTINUOUS
10
2.0293770472440946
20
0.4666052755905511
11
2.0271866929133857
21
0.458430748031496
0
LINE
8
BLACK
6
CONTINUOUS
10
2.0271866929133857
20
0.458430748031496
11
2.0264490944881888
21
0.45
0
LINE
8
BLACK
6
CONTINUOUS
10
2.0264490944881888
20
0.45
11
2.0271866929133857
21
0.4415692125984252
0
LINE
8
BLACK
6
CONTINUOUS
10
2.0271866929133857
20
0.4415692125984252
11
2.0293770472440946
21
0.4333946850393701
0
LINE
8
BLACK
6
CONTINUOUS
10
2.0293770472440946
20
0.4333946850393701
11
2.0293771259842521
21
0.4333944488188976
0
LINE
8
BLACK
6
CONTINUOUS
10
2.0293771259842521
20
0.4333944488188976
11
2.0329537007874015
21
0.4257244881889763
0
LINE
8
BLACK
6
CONTINUOUS
10
2.0329537007874015
20
0.4257244881889763
11
2.0378077165354331
21
0.4187922047244094
0
LINE
8
BLACK
6
CONTINUOUS
10
2.0378077165354331
20
0.4187922047244094
11
2.0378079133858269
21
0.418791968503937
0
LINE
8
BLACK
6
CONTINUOUS
10
2.0378079133858269
20
0.418791968503937
11
2.0437919685039367
21
0.4128079133858268
0
LINE
8
BLACK
6
CONTINUOUS
10
2.0437919685039367
20
0.4128079133858268
11
2.0437922047244093
21
0.4128077165354331
0
LINE
8
BLACK
6
CONTINUOUS
10
2.0437922047244093
20
0.4128077165354331
11
2.0507244881889761
21
0.4079537007874016
0
LINE
8
BLACK
6
CONTINUOUS
10
2.0507244881889761
20
0.4079537007874016
11
2.0583944488188974
21
0.404377125984252
0
LINE
8
BLACK
6
CONTINUOUS
10
2.0583944488188974
20
0.404377125984252
11
2.05839468503937
21
0.4043770472440945
0
LINE
8
BLACK
6
CONTINUOUS
10
2.05839468503937
20
0.4043770472440945
11
2.066569212598425
21
0.4021866929133858
0
LINE
8
BLACK
6
CONTINUOUS
10
2.066569212598425
20
0.4021866929133858
11
2.0749999999999997
21
0.4014490944881889
0
LINE
8
BLACK
6
CONTINUOUS
10
2.0749999999999997
20
0.4014490944881889
11
2.0834307874015749
21
0.4021866929133858
0
LINE
8
BLACK
6
CONTINUOUS
10
2.0834307874015749
20
0.4021866929133858
11
2.0881503543307085
21
0.4034512992125984
0
LINE
8
BLACK
6
CONTINUOUS
10
2.0881503543307085
20
0.4034512992125984
11
2.0916052755905512
21
0.4043770472440945
0
LINE
8
BLACK
6
CONTINUOUS
10
2.0916052755905512
20
0.4043770472440945
11
2.0916055118110237
21
0.404377125984252
0
LINE
8
BLACK
6
CONTINUOUS
10
2.0916055118110237
20
0.404377125984252
11
2.099275472440945
21
0.4079537007874016
0
LINE
8
BLACK
6
CONTINUOUS
10
2.099275472440945
20
0.4079537007874016
11
2.1062077559055119
21
0.4128077165354331
0
LINE
8
BLACK
6
CONTINUOUS
10
2.1062077559055119
20
0.4128077165354331
11
2.1062079921259844
21
0.4128079133858268
0
LINE
8
BLACK
6
CONTINUOUS
10
2.1062079921259844
20
0.4128079133858268
11
2.1121920472440943
21
0.418791968503937
0
LINE
8
BLACK
6
CONTINUOUS
10
2.1121920472440943
20
0.418791968503937
11
2.1121921653543305
21
0.4187920866141732
0
LINE
8
BLACK
6
CONTINUOUS
10
2.1121921653543305
20
0.4187920866141732
11
2.1170462992125985
21
0.4257245275590551
0
LINE
8
BLACK
6
CONTINUOUS
10
2.1170462992125985
20
0.4257245275590551
11
2.1205041338582675
21
0.4331398818897638
0
LINE
8
BLACK
6
CONTINUOUS
10
2.1205041338582675
20
0.4331398818897638
11
2.1223512598425196
21
0.4352377165354331
0
LINE
8
BLACK
6
CONTINUOUS
10
2.1223512598425196
20
0.4352377165354331
11
2.1250393700787402
21
0.4360038976377953
0
LINE
8
BLACK
6
CONTINUOUS
10
2.1250393700787402
20
0.4360038976377953
11
2.1277149212598423
21
0.435195157480315
0
LINE
8
BLACK
6
CONTINUOUS
10
2.1277149212598423
20
0.435195157480315
11
2.129495866141732
21
0.4331398818897638
0
LINE
8
BLACK
6
CONTINUOUS
10
2.129495866141732
20
0.4331398818897638
11
2.1329537007874015
21
0.4257244881889763
0
LINE
8
BLACK
6
CONTINUOUS
10
2.1329537007874015
20
0.4257244881889763
11
2.1378077165354332
21
0.4187922047244094
0
LINE
8
BLACK
6
CONTINUOUS
10
2.1378077165354332
20
0.4187922047244094
11
2.1378079133858265
21
0.418791968503937
0
LINE
8
BLACK
6
CONTINUOUS
10
2.1378079133858265
20
0.418791968503937
11
2.1437919685039368
21
0.4128079133858268
0
LINE
8
BLACK
6
CONTINUOUS
10
2.1437919685039368
20
0.4128079133858268
11
2.1437922047244093
21
0.4128077165354331
0
LINE
8
BLACK
6
CONTINUOUS
10
2.1437922047244093
20
0.4128077165354331
11
2.1507244881889762
21
0.4079537007874016
0
LINE
8
BLACK
6
CONTINUOUS
10
2.1507244881889762
20
0.4079537007874016
11
2.1583944488188975
21
0.404377125984252
0
LINE
8
BLACK
6
CONTINUOUS
10
2.1583944488188975
20
0.404377125984252
11
2.15839468503937
21
0.4043770472440945
0
LINE
8
BLACK
6
CONTINUOUS
10
2.15839468503937
20
0.4043770472440945
11
2.1665692125984251
21
0.4021866929133858
0
LINE
8
BLACK
6
CONTINUOUS
10
2.1665692125984251
20
0.4021866929133858
11
2.1749999999999998
21
0.4014490944881889
0
LINE
8
BLACK
6
CONTINUOUS
10
2.1749999999999998
20
0.4014490944881889
11
2.1834307874015746
21
0.4021866929133858
0
LINE
8
BLACK
6
CONTINUOUS
10
2.1834307874015746
20
0.4021866929133858
11
2.1881503543307086
21
0.4034512992125984
0
LINE
8
BLACK
6
CONTINUOUS
10
2.1881503543307086
20
0.4034512992125984
11
2.1916052755905513
21
0.4043770472440945
0
LINE
8
BLACK
6
CONTINUOUS
10
2.1916052755905513
20
0.4043770472440945
11
2.1916055118110234
21
0.404377125984252
0
LINE
8
BLACK
6
CONTINUOUS
10
2.1916055118110234
20
0.404377125984252
11
2.1992754724409447
21
0.4079537007874016
0
LINE
8
BLACK
6
CONTINUOUS
10
2.1992754724409447
20
0.4079537007874016
11
2.2062077559055115
21
0.4128077165354331
0
LINE
8
BLACK
6
CONTINUOUS
10
2.2062077559055115
20
0.4128077165354331
11
2.2062079921259841
21
0.4128079133858268
0
LINE
8
BLACK
6
CONTINUOUS
10
2.2062079921259841
20
0.4128079133858268
11
2.2121920472440944
21
0.418791968503937
0
LINE
8
BLACK
6
CONTINUOUS
10
2.2121920472440944
20
0.418791968503937
11
2.2121921653543306
21
0.4187920866141732
0
LINE
8
BLACK
6
CONTINUOUS
10
2.2121921653543306
20
0.4187920866141732
11
2.2170462992125985
21
0.4257245275590551
0
LINE
8
BLACK
6
CONTINUOUS
10
2.2170462992125985
20
0.4257245275590551
11
2.2205041338582676
21
0.4331398818897638
0
LINE
8
BLACK
6
CONTINUOUS
10
2.2205041338582676
20
0.4331398818897638
11
2.2223512598425197
21
0.4352377165354331
0
LINE
8
BLACK
6
CONTINUOUS
10
2.2223512598425197
20
0.4352377165354331
11
2.2250393700787403
21
0.4360038976377953
0
LINE
8
BLACK
6
CONTINUOUS
10
2.2250393700787403
20
0.4360038976377953
11
2.2277149212598424
21
0.435195157480315
0
LINE
8
BLACK
6
CONTINUOUS
10
2.2277149212598424
20
0.435195157480315
11
2.2294958661417321
21
0.4331398818897638
0
LINE
8
BLACK
6
CONTINUOUS
10
2.2294958661417321
20
0.4331398818897638
11
2.2329537007874016
21
0.4257244881889763
0
LINE
8
BLACK
6
CONTINUOUS
10
2.2329537007874016
20
0.4257244881889763
11
2.2378077165354329
21
0.4187922047244094
0
LINE
8
BLACK
6
CONTINUOUS
10
2.2378077165354329
20
0.4187922047244094
11
2.2378079133858266
21
0.418791968503937
0
LINE
8
BLACK
6
CONTINUOUS
10
2.2378079133858266
20
0.418791968503937
11
2.2437919685039369
21
0.4128079133858268
0
LINE
8
BLACK
6
CONTINUOUS
10
2.2437919685039369
20
0.4128079133858268
11
2.2437922047244094
21
0.4128077165354331
0
LINE
8
BLACK
6
CONTINUOUS
10
2.2437922047244094
20
0.4128077165354331
11
2.2507244881889763
21
0.4079537007874016
0
LINE
8
BLACK
6
CONTINUOUS
10
2.2507244881889763
20
0.4079537007874016
11
2.2583944488188976
21
0.404377125984252
0
LINE
8
BLACK
6
CONTINUOUS
10
2.2583944488188976
20
0.404377125984252
11
2.2583946850393701
21
0.4043770472440945
0
LINE
8
BLACK
6
CONTINUOUS
10
2.2583946850393701
20
0.4043770472440945
11
2.2665692125984251
21
0.4021866929133858
0
LINE
8
BLACK
6
CONTINUOUS
10
2.2665692125984251
20
0.4021866929133858
11
2.2749999999999999
21
0.4014490944881889
0
LINE
8
BLACK
6
CONTINUOUS
10
2.2749999999999999
20
0.4014490944881889
11
2.2834307874015747
21
0.4021866929133858
0
LINE
8
BLACK
6
CONTINUOUS
10
2.2834307874015747
20
0.4021866929133858
11
2.2881503543307087
21
0.4034512992125984
0
LINE
8
BLACK
6
CONTINUOUS
10
2.2881503543307087
20
0.4034512992125984
11
2.2916052755905509
21
0.4043770472440945
0
LINE
8
BLACK
6
CONTINUOUS
10
2.2916052755905509
20
0.4043770472440945
11
2.2916055118110235
21
0.404377125984252
0
LINE
8
BLACK
6
CONTINUOUS
10
2.2916055118110235
20
0.404377125984252
11
2.2992754724409448
21
0.4079537007874016
0
LINE
8
BLACK
6
CONTINUOUS
10
2.2992754724409448
20
0.4079537007874016
11
2.3062077559055116
21
0.4128077165354331
0
LINE
8
BLACK
6
CONTINUOUS
10
2.3062077559055116
20
0.4128077165354331
11
2.3062079921259842
21
0.4128079133858268
0
LINE
8
BLACK
6
CONTINUOUS
10
2.3062079921259842
20
0.4128079133858268
11
2.3121920472440944
21
0.418791968503937
0
LINE
8
BLACK
6
CONTINUOUS
10
2.3121920472440944
20
0.418791968503937
11
2.3121921653543307
21
0.4187920866141732
0
LINE
8
BLACK
6
CONTINUOUS
10
2.3121921653543307
20
0.4187920866141732
11
2.3170462992125982
21
0.4257245275590551
0
LINE
8
BLACK
6
CONTINUOUS
10
2.3170462992125982
20
0.4257245275590551
11
2.3206229133858267
21
0.4333946062992126
0
LINE
8
BLACK
6
CONTINUOUS
10
2.3206229133858267
20
0.4333946062992126
11
2.3228133070866139
21
0.4415692125984252
0
LINE
8
BLACK
6
CONTINUOUS
10
2.3228133070866139
20
0.4415692125984252
11
2.3235509055118109
21
0.45
0
LINE
8
BLACK
6
CONTINUOUS
10
2.3235509055118109
20
0.45
11
2.3228133070866139
21
0.4584307874015748
0
LINE
8
BLACK
6
CONTINUOUS
10
2.3228133070866139
20
0.4584307874015748
11
2.3206229133858267
21
0.4666053937007874
0
LINE
8
BLACK
6
CONTINUOUS
10
2.3206229133858267
20
0.4666053937007874
11
2.3170462992125982
21
0.4742754330708661
0
LINE
8
BLACK
6
CONTINUOUS
10
2.3170462992125982
20
0.4742754330708661
11
2.3121921653543307
21
0.4812079133858267
0
LINE
8
BLACK
6
CONTINUOUS
10
2.3121921653543307
20
0.4812079133858267
11
2.3121920866141732
21
0.4812079527559055
0
LINE
8
BLACK
6
CONTINUOUS
10
2.3121920866141732
20
0.4812079527559055
11
2.312052992125984
21
0.4813737795275591
0
LINE
8
BLACK
6
CONTINUOUS
10
2.312052992125984
20
0.4813737795275591
11
2.3120953149606298
21
0.4814092913385827
0
LINE
8
BLACK
6
CONTINUOUS
10
2.3120953149606298
20
0.4814092913385827
11
2.3108812598425197
21
0.4836318503937008
0
LINE
8
BLACK
6
CONTINUOUS
10
2.3108812598425197
20
0.4836318503937008
11
2.310767716535433
21
0.4846870866141732
0
LINE
8
BLACK
6
CONTINUOUS
10
2.310767716535433
20
0.4846870866141732
11
2.310767716535433
21
0.5132367322834646
0
LINE
8
BLACK
6
CONTINUOUS
10
2.310767716535433
20
0.5132367322834646
11
2.3110804724409446
21
0.5149702755905512
0
LINE
8
BLACK
6
CONTINUOUS
10
2.3110804724409446
20
0.5149702755905512
11
2.3116124409448817
21
0.5163965354330708
0
LINE
8
BLACK
6
CONTINUOUS
10
2.3116124409448817
20
0.5163965354330708
11
2.3122633464566928
21
0.5181416929133859
0
LINE
8
BLACK
6
CONTINUOUS
10
2.3122633464566928
20
0.5181416929133859
11
2.3125196850393701
21
0.520526062992126
0
LINE
8
BLACK
6
CONTINUOUS
10
2.3125196850393701
20
0.520526062992126
11
2.3125196850393701
21
0.579473937007874
0
LINE
8
BLACK
6
CONTINUOUS
10
2.3125196850393701
20
0.579473937007874
11
2.3122633464566928
21
0.5818583070866141
0
LINE
8
BLACK
6
CONTINUOUS
10
2.3122633464566928
20
0.5818583070866141
11
2.3102515354330708
21
0.5872521259842519
0
LINE
8
BLACK
6
CONTINUOUS
10
2.3102515354330708
20
0.5872521259842519
11
2.3096843307086612
21
0.5880098031496063
0
LINE
8
BLACK
6
CONTINUOUS
10
2.3096843307086612
20
0.5880098031496063
11
2.3068016141732284
21
0.5918606692913385
0
LINE
8
BLACK
6
CONTINUOUS
10
2.3068016141732284
20
0.5918606692913385
11
2.302193188976378
21
0.5953105118110236
0
LINE
8
BLACK
6
CONTINUOUS
10
2.302193188976378
20
0.5953105118110236
11
2.3021931496062993
21
0.5953105118110236
0
LINE
8
BLACK
6
CONTINUOUS
10
2.3021931496062993
20
0.5953105118110236
11
2.3021930708661418
21
0.5953105905511811
0
LINE
8
BLACK
6
CONTINUOUS
10
2.3021930708661418
20
0.5953105905511811
11
2.2967992519685039
21
0.5973224015748031
0
LINE
8
BLACK
6
CONTINUOUS
10
2.2967992519685039
20
0.5973224015748031
11
2.2967991732283464
21
0.5973224015748031
0
LINE
8
BLACK
6
CONTINUOUS
10
2.2967991732283464
20
0.5973224015748031
11
2.2967990551181101
21
0.5973224409448818
0
LINE
8
BLACK
6
CONTINUOUS
10
2.2967990551181101
20
0.5973224409448818
11
2.2944153149606299
21
0.5975787007874016
0
LINE
8
BLACK
6
CONTINUOUS
10
2.2944153149606299
20
0.5975787007874016
11
2.2944151574803149
21
0.5975787007874016
0
LINE
8
BLACK
6
CONTINUOUS
10
2.2944151574803149
20
0.5975787007874016
11
2.2944148818897636
21
0.5975787401574802
0
LINE
8
BLACK
6
CONTINUOUS
10
2.2944148818897636
20
0.5975787401574802
11
2.2555851181102362
21
0.5975787401574802
0
LINE
8
BLACK
6
CONTINUOUS
10
2.2555851181102362
20
0.5975787401574802
11
2.2555848425196849
21
0.5975787007874016
0
LINE
8
BLACK
6
CONTINUOUS
10
2.2555848425196849
20
0.5975787007874016
11
2.2555846456692912
21
0.5975787007874016
0
LINE
8
BLACK
6
CONTINUOUS
10
2.2555846456692912
20
0.5975787007874016
11
2.253200905511811
21
0.5973224409448818
0
LINE
8
BLACK
6
CONTINUOUS
10
2.253200905511811
20
0.5973224409448818
11
2.2532005905511809
21
0.5973223622047243
0
LINE
8
BLACK
6
CONTINUOUS
10
2.2532005905511809
20
0.5973223622047243
11
2.250132874015748
21
0.5961781102362205
0
LINE
8
BLACK
6
CONTINUOUS
10
2.250132874015748
20
0.5961781102362205
11
2.247806929133858
21
0.5953105905511811
0
LINE
8
BLACK
6
CONTINUOUS
10
2.247806929133858
20
0.5953105905511811
11
2.2478068503937005
21
0.5953105511811023
0
LINE
8
BLACK
6
CONTINUOUS
10
2.2478068503937005
20
0.5953105511811023
11
2.247806771653543
21
0.5953105118110236
0
LINE
8
BLACK
6
CONTINUOUS
10
2.247806771653543
20
0.5953105118110236
11
2.2431983464566927
21
0.5918606692913385
0
LINE
8
BLACK
6
CONTINUOUS
10
2.2431983464566927
20
0.5918606692913385
11
2.2415696062992128
21
0.5896848818897638
0
LINE
8
BLACK
6
CONTINUOUS
10
2.2415696062992128
20
0.5896848818897638
11
2.2393320078740158
21
0.5880098031496063
0
LINE
8
BLACK
6
CONTINUOUS
10
2.2393320078740158
20
0.5880098031496063
11
2.2365439763779529
21
0.5878103937007874
0
LINE
8
BLACK
6
CONTINUOUS
10
2.2365439763779529
20
0.5878103937007874
11
2.234090748031496
21
0.5891499606299212
0
LINE
8
BLACK
6
CONTINUOUS
10
2.234090748031496
20
0.5891499606299212
11
2.233627244094488
21
0.5896848818897638
0
LINE
8
BLACK
6
CONTINUOUS
10
2.233627244094488
20
0.5896848818897638
11
2.2319984645669293
21
0.5918606692913385
0
LINE
8
BLACK
6
CONTINUOUS
10
2.2319984645669293
20
0.5918606692913385
11
2.2273900393700785
21
0.5953105118110236
0
LINE
8
BLACK
6
CONTINUOUS
10
2.2273900393700785
20
0.5953105118110236
11
2.2273899999999998
21
0.5953105118110236
0
LINE
8
BLACK
6
CONTINUOUS
10
2.2273899999999998
20
0.5953105118110236
11
2.2273899212598423
21
0.5953105905511811
0
LINE
8
BLACK
6
CONTINUOUS
10
2.2273899212598423
20
0.5953105905511811
11
2.2219961023622048
21
0.5973224015748031
0
LINE
8
BLACK
6
CONTINUOUS
10
2.2219961023622048
20
0.5973224015748031
11
2.2219960236220473
21
0.5973224015748031
0
LINE
8
BLACK
6
CONTINUOUS
10
2.2219960236220473
20
0.5973224015748031
11
2.221995905511811
21
0.5973224409448818
0
LINE
8
BLACK
6
CONTINUOUS
10
2.221995905511811
20
0.5973224409448818
11
2.2196121653543308
21
0.5975787007874016
0
LINE
8
BLACK
6
CONTINUOUS
10
2.2196121653543308
20
0.5975787007874016
11
2.2196120078740158
21
0.5975787007874016
0
LINE
8
BLACK
6
CONTINUOUS
10
2.2196120078740158
20
0.5975787007874016
11
2.2196117322834645
21
0.5975787401574802
0
LINE
8
BLACK
6
CONTINUOUS
10
2.2196117322834645
20
0.5975787401574802
11
2.1803882677165354
21
0.5975787401574802
0
LINE
8
BLACK
6
CONTINUOUS
10
2.1803882677165354
20
0.5975787401574802
11
2.1803879921259841
21
0.5975787007874016
0
LINE
8
BLACK
6
CONTINUOUS
10
2.1803879921259841
20
0.5975787007874016
11
2.1803877952755903
21
0.5975787007874016
0
LINE
8
BLACK
6
CONTINUOUS
10
2.1803877952755903
20
0.5975787007874016
11
2.1780040551181101
21
0.5973224409448818
0
LINE
8
BLACK
6
CONTINUOUS
10
2.1780040551181101
20
0.5973224409448818
11
2.1780037401574801
21
0.5973223622047243
0
LINE
8
BLACK
6
CONTINUOUS
10
2.1780037401574801
20
0.5973223622047243
11
2.1749360236220472
21
0.5961781102362205
0
LINE
8
BLACK
6
CONTINUOUS
10
2.1749360236220472
20
0.5961781102362205
11
2.1726100787401572
21
0.5953105905511811
0
LINE
8
BLACK
6
CONTINUOUS
10
2.1726100787401572
20
0.5953105905511811
11
2.1726100000000002
21
0.5953105511811023
0
LINE
8
BLACK
6
CONTINUOUS
10
2.1726100000000002
20
0.5953105511811023
11
2.1726099212598426
21
0.5953105118110236
0
LINE
8
BLACK
6
CONTINUOUS
10
2.1726099212598426
20
0.5953105118110236
11
2.1680014960629919
21
0.5918606692913385
0
LINE
8
BLACK
6
CONTINUOUS
10
2.1680014960629919
20
0.5918606692913385
11
2.1649284645669291
21
0.5877555511811023
0
LINE
8
BLACK
6
CONTINUOUS
10
2.1649284645669291
20
0.5877555511811023
11
2.1626908267716534
21
0.5860804724409449
0
LINE
8
BLACK
6
CONTINUOUS
10
2.1626908267716534
20
0.5860804724409449
11
2.1609572834645667
21
0.585767716535433
0
LINE
8
BLACK
6
CONTINUOUS
10
2.1609572834645667
20
0.585767716535433
11
2.0418701968503936
21
0.585767716535433
0
LINE
8
BLACK
6
CONTINUOUS
10
2.0418701968503936
20
0.585767716535433
11
2.0391882677165354
21
0.5865551968503937
0
LINE
8
BLACK
6
CONTINUOUS
10
2.0391882677165354
20
0.5865551968503937
11
2.0383625196850392
21
0.5872206692913385
0
LINE
8
BLACK
6
CONTINUOUS
10
2.0383625196850392
20
0.5872206692913385
11
2.0372206692913384
21
0.5883625196850394
0
LINE
8
BLACK
6
CONTINUOUS
10
2.0372206692913384
20
0.5883625196850394
11
2.035881062992126
21
0.5908157480314961
0
LINE
8
BLACK
6
CONTINUOUS
10
2.035881062992126
20
0.5908157480314961
11
2.0357677165354331
21
0.5918701968503937
0
LINE
8
BLACK
6
CONTINUOUS
10
2.0357677165354331
20
0.5918701968503937
11
2.0357677165354331
21
0.6339029527559055
0
LINE
8
BLACK
6
CONTINUOUS
10
2.0357677165354331
20
0.6339029527559055
11
2.0365551968503937
21
0.6365848818897638
0
LINE
8
BLACK
6
CONTINUOUS
10
2.0365551968503937
20
0.6365848818897638
11
2.0386676377952755
21
0.6384153149606299
0
LINE
8
BLACK
6
CONTINUOUS
10
2.0386676377952755
20
0.6384153149606299
11
2.0414343307086615
21
0.6388131102362204
0
LINE
8
BLACK
6
CONTINUOUS
10
2.0414343307086615
20
0.6388131102362204
11
2.0435647244094488
21
0.6378607480314961
0
LINE
8
BLACK
6
CONTINUOUS
10
2.0435647244094488
20
0.6378607480314961
11
2.0436146850393699
21
0.6379320472440945
0
LINE
8
BLACK
6
CONTINUOUS
10
2.0436146850393699
20
0.6379320472440945
11
2.0507244881889761
21
0.6329537007874015
0
LINE
8
BLACK
6
CONTINUOUS
10
2.0507244881889761
20
0.6329537007874015
11
2.0583944488188974
21
0.629377125984252
0
LINE
8
BLACK
6
CONTINUOUS
10
2.0583944488188974
20
0.629377125984252
11
2.05839468503937
21
0.6293770472440945
0
LINE
8
BLACK
6
CONTINUOUS
10
2.05839468503937
20
0.6293770472440945
11
2.066569212598425
21
0.6271866929133858
0
LINE
8
BLACK
6
CONTINUOUS
10
2.066569212598425
20
0.6271866929133858
11
2.0749999999999997
21
0.626449094488189
0
LINE
8
BLACK
6
CONTINUOUS
10
2.0749999999999997
20
0.626449094488189
11
2.0834307874015749
21
0.6271866929133858
0
LINE
8
BLACK
6
CONTINUOUS
10
2.0834307874015749
20
0.6271866929133858
11
2.0881503543307085
21
0.6284512992125985
0
LINE
8
BLACK
6
CONTINUOUS
10
2.0881503543307085
20
0.6284512992125985
11
2.0916052755905512
21
0.6293770472440945
0
LINE
8
BLACK
6
CONTINUOUS
10
2.0916052755905512
20
0.6293770472440945
11
2.0916055118110237
21
0.629377125984252
0
LINE
8
BLACK
6
CONTINUOUS
10
2.0916055118110237
20
0.629377125984252
11
2.099275472440945
21
0.6329537007874015
0
LINE
8
BLACK
6
CONTINUOUS
10
2.099275472440945
20
0.6329537007874015
11
2.1062077559055119
21
0.6378077165354331
0
LINE
8
BLACK
6
CONTINUOUS
10
2.1062077559055119
20
0.6378077165354331
11
2.1062079921259844
21
0.6378079133858268
0
LINE
8
BLACK
6
CONTINUOUS
10
2.1062079921259844
20
0.6378079133858268
11
2.1121920472440943
21
0.6437919685039369
0
LINE
8
BLACK
6
CONTINUOUS
10
2.1121920472440943
20
0.6437919685039369
11
2.1121921653543305
21
0.6437920866141732
0
LINE
8
BLACK
6
CONTINUOUS
10
2.1121921653543305
20
0.6437920866141732
11
2.1170462992125985
21
0.6507245275590551
0
LINE
8
BLACK
6
CONTINUOUS
10
2.1170462992125985
20
0.6507245275590551
11
2.1205041338582675
21
0.6581398818897638
0
LINE
8
BLACK
6
CONTINUOUS
10
2.1205041338582675
20
0.6581398818897638
11
2.1223512598425196
21
0.6602377165354331
0
LINE
8
BLACK
6
CONTINUOUS
10
2.1223512598425196
20
0.6602377165354331
11
2.1250393700787402
21
0.6610038976377952
0
LINE
8
BLACK
6
CONTINUOUS
10
2.1250393700787402
20
0.6610038976377952
11
2.1277149212598423
21
0.660195157480315
0
LINE
8
BLACK
6
CONTINUOUS
10
2.1277149212598423
20
0.660195157480315
11
2.129495866141732
21
0.6581398818897638
0
LINE
8
BLACK
6
CONTINUOUS
10
2.129495866141732
20
0.6581398818897638
11
2.1329537007874015
21
0.6507244881889763
0
LINE
8
BLACK
6
CONTINUOUS
10
2.1329537007874015
20
0.6507244881889763
11
2.1378077165354332
21
0.6437922047244095
0
LINE
8
BLACK
6
CONTINUOUS
10
2.1378077165354332
20
0.6437922047244095
11
2.1378079133858265
21
0.6437919685039369
0
LINE
8
BLACK
6
CONTINUOUS
10
2.1378079133858265
20
0.6437919685039369
11
2.1437919685039368
21
0.6378079133858268
0
LINE
8
BLACK
6
CONTINUOUS
10
2.1437919685039368
20
0.6378079133858268
11
2.1437922047244093
21
0.6378077165354331
0
LINE
8
BLACK
6
CONTINUOUS
10
2.1437922047244093
20
0.6378077165354331
11
2.1507244881889762
21
0.6329537007874015
0
LINE
8
BLACK
6
CONTINUOUS
10
2.1507244881889762
20
0.6329537007874015
11
2.1583944488188975
21
0.629377125984252
0
LINE
8
BLACK
6
CONTINUOUS
10
2.1583944488188975
20
0.629377125984252
11
2.15839468503937
21
0.6293770472440945
0
LINE
8
BLACK
6
CONTINUOUS
10
2.15839468503937
20
0.6293770472440945
11
2.1665692125984251
21
0.6271866929133858
0
LINE
8
BLACK
6
CONTINUOUS
10
2.1665692125984251
20
0.6271866929133858
11
2.1749999999999998
21
0.626449094488189
0
LINE
8
BLACK
6
CONTINUOUS
10
2.1749999999999998
20
0.626449094488189
11
2.1834307874015746
21
0.6271866929133858
0
LINE
8
BLACK
6
CONTINUOUS
10
2.1834307874015746
20
0.6271866929133858
11
2.1881503543307086
21
0.6284512992125985
0
LINE
8
BLACK
6
CONTINUOUS
10
2.1881503543307086
20
0.6284512992125985
11
2.1916052755905513
21
0.6293770472440945
0
LINE
8
BLACK
6
CONTINUOUS
10
2.1916052755905513
20
0.6293770472440945
11
2.1916055118110234
21
0.629377125984252
0
LINE
8
BLACK
6
CONTINUOUS
10
2.1916055118110234
20
0.629377125984252
11
2.1992754724409447
21
0.6329537007874015
0
LINE
8
BLACK
6
CONTINUOUS
10
2.1992754724409447
20
0.6329537007874015
11
2.2062077559055115
21
0.6378077165354331
0
LINE
8
BLACK
6
CONTINUOUS
10
2.2062077559055115
20
0.6378077165354331
11
2.2062079921259841
21
0.6378079133858268
0
LINE
8
BLACK
6
CONTINUOUS
10
2.2062079921259841
20
0.6378079133858268
11
2.2121920472440944
21
0.6437919685039369
0
LINE
8
BLACK
6
CONTINUOUS
10
2.2121920472440944
20
0.6437919685039369
11
2.2121921653543306
21
0.6437920866141732
0
LINE
8
BLACK
6
CONTINUOUS
10
2.2121921653543306
20
0.6437920866141732
11
2.2170462992125985
21
0.6507245275590551
0
LINE
8
BLACK
6
CONTINUOUS
10
2.2170462992125985
20
0.6507245275590551
11
2.2205041338582676
21
0.6581398818897638
0
LINE
8
BLACK
6
CONTINUOUS
10
2.2205041338582676
20
0.6581398818897638
11
2.2223512598425197
21
0.6602377165354331
0
LINE
8
BLACK
6
CONTINUOUS
10
2.2223512598425197
20
0.6602377165354331
11
2.2250393700787403
21
0.6610038976377952
0
LINE
8
BLACK
6
CONTINUOUS
10
2.2250393700787403
20
0.6610038976377952
11
2.2277149212598424
21
0.660195157480315
0
LINE
8
BLACK
6
CONTINUOUS
10
2.2277149212598424
20
0.660195157480315
11
2.2294958661417321
21
0.6581398818897638
0
LINE
8
BLACK
6
CONTINUOUS
10
2.2294958661417321
20
0.6581398818897638
11
2.2329537007874016
21
0.6507244881889763
0
LINE
8
BLACK
6
CONTINUOUS
10
2.2329537007874016
20
0.6507244881889763
11
2.2378077165354329
21
0.6437922047244095
0
LINE
8
BLACK
6
CONTINUOUS
10
2.2378077165354329
20
0.6437922047244095
11
2.2378079133858266
21
0.6437919685039369
0
LINE
8
BLACK
6
CONTINUOUS
10
2.2378079133858266
20
0.6437919685039369
11
2.2437919685039369
21
0.6378079133858268
0
LINE
8
BLACK
6
CONTINUOUS
10
2.2437919685039369
20
0.6378079133858268
11
2.2437922047244094
21
0.6378077165354331
0
LINE
8
BLACK
6
CONTINUOUS
10
2.2437922047244094
20
0.6378077165354331
11
2.2507244881889763
21
0.6329537007874015
0
LINE
8
BLACK
6
CONTINUOUS
10
2.2507244881889763
20
0.6329537007874015
11
2.2583944488188976
21
0.629377125984252
0
LINE
8
BLACK
6
CONTINUOUS
10
2.2583944488188976
20
0.629377125984252
11
2.2583946850393701
21
0.6293770472440945
0
LINE
8
BLACK
6
CONTINUOUS
10
2.2583946850393701
20
0.6293770472440945
11
2.2665692125984251
21
0.6271866929133858
0
LINE
8
BLACK
6
CONTINUOUS
10
2.2665692125984251
20
0.6271866929133858
11
2.2749999999999999
21
0.626449094488189
0
LINE
8
BLACK
6
CONTINUOUS
10
2.2749999999999999
20
0.626449094488189
11
2.2834307874015747
21
0.6271866929133858
0
LINE
8
BLACK
6
CONTINUOUS
10
2.2834307874015747
20
0.6271866929133858
11
2.2881503543307087
21
0.6284512992125985
0
LINE
8
BLACK
6
CONTINUOUS
10
2.2881503543307087
20
0.6284512992125985
11
2.2916052755905509
21
0.6293770472440945
0
LINE
8
BLACK
6
CONTINUOUS
10
2.2916052755905509
20
0.6293770472440945
11
2.2916055118110235
21
0.629377125984252
0
LINE
8
BLACK
6
CONTINUOUS
10
2.2916055118110235
20
0.629377125984252
11
2.2992754724409448
21
0.6329537007874015
0
LINE
8
BLACK
6
CONTINUOUS
10
2.2992754724409448
20
0.6329537007874015
11
2.3062077559055116
21
0.6378077165354331
0
LINE
8
BLACK
6
CONTINUOUS
10
2.3062077559055116
20
0.6378077165354331
11
2.3062079921259842
21
0.6378079133858268
0
LINE
8
BLACK
6
CONTINUOUS
10
2.3062079921259842
20
0.6378079133858268
11
2.3121920472440944
21
0.6437919685039369
0
LINE
8
BLACK
6
CONTINUOUS
10
2.3121920472440944
20
0.6437919685039369
11
2.3121921653543307
21
0.6437920866141732
0
LINE
8
BLACK
6
CONTINUOUS
10
2.3121921653543307
20
0.6437920866141732
11
2.3170462992125982
21
0.6507245275590551
0
LINE
8
BLACK
6
CONTINUOUS
10
2.3170462992125982
20
0.6507245275590551
11
2.3206229133858267
21
0.6583946062992125
0
LINE
8
BLACK
6
CONTINUOUS
10
2.3206229133858267
20
0.6583946062992125
11
2.3228133070866139
21
0.6665692125984252
0
LINE
8
BLACK
6
CONTINUOUS
10
2.3228133070866139
20
0.6665692125984252
11
2.3235509055118109
21
0.6749999999999999
0
LINE
8
BLACK
6
CONTINUOUS
10
2.3235509055118109
20
0.6749999999999999
11
2.3228133070866139
21
0.6834307874015748
0
LINE
8
BLACK
6
CONTINUOUS
10
2.3228133070866139
20
0.6834307874015748
11
2.3206229133858267
21
0.6916053937007874
0
LINE
8
BLACK
6
CONTINUOUS
10
2.3206229133858267
20
0.6916053937007874
11
2.3170462992125982
21
0.6992754330708661
0
LINE
8
BLACK
6
CONTINUOUS
10
2.3170462992125982
20
0.6992754330708661
11
2.3121921653543307
21
0.7062079133858268
0
LINE
8
BLACK
6
CONTINUOUS
10
2.3121921653543307
20
0.7062079133858268
11
2.3121920866141732
21
0.7062079527559055
0
LINE
8
BLACK
6
CONTINUOUS
10
2.3121920866141732
20
0.7062079527559055
11
2.312052992125984
21
0.7063737795275591
0
LINE
8
BLACK
6
CONTINUOUS
10
2.312052992125984
20
0.7063737795275591
11
2.3120953149606298
21
0.7064092913385827
0
LINE
8
BLACK
6
CONTINUOUS
10
2.3120953149606298
20
0.7064092913385827
11
2.3108812598425197
21
0.7086318503937008
0
LINE
8
BLACK
6
CONTINUOUS
10
2.3108812598425197
20
0.7086318503937008
11
2.310767716535433
21
0.7096870866141732
0
LINE
8
BLACK
6
CONTINUOUS
10
2.310767716535433
20
0.7096870866141732
11
2.310767716535433
21
0.7382367322834645
0
LINE
8
BLACK
6
CONTINUOUS
10
2.310767716535433
20
0.7382367322834645
11
2.3110804724409446
21
0.7399702755905512
0
LINE
8
BLACK
6
CONTINUOUS
10
2.3110804724409446
20
0.7399702755905512
11
2.3122633464566928
21
0.7431417322834646
0
LINE
8
BLACK
6
CONTINUOUS
10
2.3122633464566928
20
0.7431417322834646
11
2.3122633858267716
21
0.7431418897637795
0
LINE
8
BLACK
6
CONTINUOUS
10
2.3122633858267716
20
0.7431418897637795
11
2.3125196456692914
21
0.7455255905511811
0
LINE
8
BLACK
6
CONTINUOUS
10
2.3125196456692914
20
0.7455255905511811
11
2.3125196850393701
21
0.7455262598425196
0
LINE
8
BLACK
6
CONTINUOUS
10
2.3125196850393701
20
0.7455262598425196
11
2.3125196850393701
21
0.8044737007874015
0
LINE
8
BLACK
6
CONTINUOUS
10
2.3125196850393701
20
0.8044737007874015
11
2.3125196456692914
21
0.8044743700787401
0
LINE
8
BLACK
6
CONTINUOUS
10
2.3125196456692914
20
0.8044743700787401
11
2.3122633858267716
21
0.8068581102362204
0
LINE
8
BLACK
6
CONTINUOUS
10
2.3122633858267716
20
0.8068581102362204
11
2.3122633070866141
21
0.8068584251968504
0
LINE
8
BLACK
6
CONTINUOUS
10
2.3122633070866141
20
0.8068584251968504
11
2.3108051968503935
21
0.810767716535433
0
LINE
8
BLACK
6
CONTINUOUS
10
2.3108051968503935
20
0.810767716535433
11
2.3102515354330708
21
0.812252125984252
0
LINE
8
BLACK
6
CONTINUOUS
10
2.3102515354330708
20
0.812252125984252
11
2.3096843307086612
21
0.8130098031496062
0
LINE
8
BLACK
6
CONTINUOUS
10
2.3096843307086612
20
0.8130098031496062
11
2.3068016141732284
21
0.8168606692913386
0
LINE
8
BLACK
6
CONTINUOUS
10
2.3068016141732284
20
0.8168606692913386
11
2.302193188976378
21
0.8203105118110237
0
LINE
8
BLACK
6
CONTINUOUS
10
2.302193188976378
20
0.8203105118110237
11
2.3021931496062993
21
0.8203105118110237
0
LINE
8
BLACK
6
CONTINUOUS
10
2.3021931496062993
20
0.8203105118110237
11
2.3021930708661418
21
0.8203105905511811
0
LINE
8
BLACK
6
CONTINUOUS
10
2.3021930708661418
20
0.8203105905511811
11
2.2967992519685039
21
0.8223224015748032
0
LINE
8
BLACK
6
CONTINUOUS
10
2.2967992519685039
20
0.8223224015748032
11
2.2967991732283464
21
0.8223224015748032
0
LINE
8
BLACK
6
CONTINUOUS
10
2.2967991732283464
20
0.8223224015748032
11
2.2967990551181101
21
0.8223224409448818
0
LINE
8
BLACK
6
CONTINUOUS
10
2.2967990551181101
20
0.8223224409448818
11
2.2944153149606299
21
0.8225787007874016
0
LINE
8
BLACK
6
CONTINUOUS
10
2.2944153149606299
20
0.8225787007874016
11
2.2944151574803149
21
0.8225787007874016
0
LINE
8
BLACK
6
CONTINUOUS
10
2.2944151574803149
20
0.8225787007874016
11
2.2944148818897636
21
0.8225787401574803
0
LINE
8
BLACK
6
CONTINUOUS
10
2.2944148818897636
20
0.8225787401574803
11
2.2555851181102362
21
0.8225787401574803
0
LINE
8
BLACK
6
CONTINUOUS
10
2.2555851181102362
20
0.8225787401574803
11
2.2555848425196849
21
0.8225787007874016
0
LINE
8
BLACK
6
CONTINUOUS
10
2.2555848425196849
20
0.8225787007874016
11
2.2555846456692912
21
0.8225787007874016
0
LINE
8
BLACK
6
CONTINUOUS
10
2.2555846456692912
20
0.8225787007874016
11
2.253200905511811
21
0.8223224409448818
0
LINE
8
BLACK
6
CONTINUOUS
10
2.253200905511811
20
0.8223224409448818
11
2.2532005905511809
21
0.8223223622047244
0
LINE
8
BLACK
6
CONTINUOUS
10
2.2532005905511809
20
0.8223223622047244
11
2.250132874015748
21
0.8211781102362204
0
LINE
8
BLACK
6
CONTINUOUS
10
2.250132874015748
20
0.8211781102362204
11
2.247806929133858
21
0.8203105905511811
0
LINE
8
BLACK
6
CONTINUOUS
10
2.247806929133858
20
0.8203105905511811
11
2.2478068503937005
21
0.8203105511811023
0
LINE
8
BLACK
6
CONTINUOUS
10
2.2478068503937005
20
0.8203105511811023
11
2.247806771653543
21
0.8203105118110237
0
LINE
8
BLACK
6
CONTINUOUS
10
2.247806771653543
20
0.8203105118110237
11
2.2431983464566927
21
0.8168606692913386
0
LINE
8
BLACK
6
CONTINUOUS
10
2.2431983464566927
20
0.8168606692913386
11
2.2415696062992128
21
0.8146848818897637
0
LINE
8
BLACK
6
CONTINUOUS
10
2.2415696062992128
20
0.8146848818897637
11
2.2393320078740158
21
0.8130098031496062
0
LINE
8
BLACK
6
CONTINUOUS
10
2.2393320078740158
20
0.8130098031496062
11
2.2365439763779529
21
0.8128103937007873
0
LINE
8
BLACK
6
CONTINUOUS
10
2.2365439763779529
20
0.8128103937007873
11
2.234090748031496
21
0.8141499606299213
0
LINE
8
BLACK
6
CONTINUOUS
10
2.234090748031496
20
0.8141499606299213
11
2.233627244094488
21
0.8146848818897637
0
LINE
8
BLACK
6
CONTINUOUS
10
2.233627244094488
20
0.8146848818897637
11
2.2319984645669293
21
0.8168606692913386
0
LINE
8
BLACK
6
CONTINUOUS
10
2.2319984645669293
20
0.8168606692913386
11
2.2273900393700785
21
0.8203105118110237
0
LINE
8
BLACK
6
CONTINUOUS
10
2.2273900393700785
20
0.8203105118110237
11
2.2273899999999998
21
0.8203105118110237
0
LINE
8
BLACK
6
CONTINUOUS
10
2.2273899999999998
20
0.8203105118110237
11
2.2273899212598423
21
0.8203105905511811
0
LINE
8
BLACK
6
CONTINUOUS
10
2.2273899212598423
20
0.8203105905511811
11
2.2219961023622048
21
0.8223224015748032
0
LINE
8
BLACK
6
CONTINUOUS
10
2.2219961023622048
20
0.8223224015748032
11
2.2219960236220473
21
0.8223224015748032
0
LINE
8
BLACK
6
CONTINUOUS
10
2.2219960236220473
20
0.8223224015748032
11
2.221995905511811
21
0.8223224409448818
0
LINE
8
BLACK
6
CONTINUOUS
10
2.221995905511811
20
0.8223224409448818
11
2.2196121653543308
21
0.8225787007874016
0
LINE
8
BLACK
6
CONTINUOUS
10
2.2196121653543308
20
0.8225787007874016
11
2.2196120078740158
21
0.8225787007874016
0
LINE
8
BLACK
6
CONTINUOUS
10
2.2196120078740158
20
0.8225787007874016
11
2.2196117322834645
21
0.8225787401574803
0
LINE
8
BLACK
6
CONTINUOUS
10
2.2196117322834645
20
0.8225787401574803
11
2.1803882677165354
21
0.8225787401574803
0
LINE
8
BLACK
6
CONTINUOUS
10
2.1803882677165354
20
0.8225787401574803
11
2.1803879921259841
21
0.8225787007874016
0
LINE
8
BLACK
6
CONTINUOUS
10
2.1803879921259841
20
0.8225787007874016
11
2.1803877952755903
21
0.8225787007874016
0
LINE
8
BLACK
6
CONTINUOUS
10
2.1803877952755903
20
0.8225787007874016
11
2.1780040551181101
21
0.8223224409448818
0
LINE
8
BLACK
6
CONTINUOUS
10
2.1780040551181101
20
0.8223224409448818
11
2.1780037401574801
21
0.8223223622047244
0
LINE
8
BLACK
6
CONTINUOUS
10
2.1780037401574801
20
0.8223223622047244
11
2.1749360236220472
21
0.8211781102362204
0
LINE
8
BLACK
6
CONTINUOUS
10
2.1749360236220472
20
0.8211781102362204
11
2.1726100787401572
21
0.8203105905511811
0
LINE
8
BLACK
6
CONTINUOUS
10
2.1726100787401572
20
0.8203105905511811
11
2.1726100000000002
21
0.8203105511811023
0
LINE
8
BLACK
6
CONTINUOUS
10
2.1726100000000002
20
0.8203105511811023
11
2.1726099212598426
21
0.8203105118110237
0
LINE
8
BLACK
6
CONTINUOUS
10
2.1726099212598426
20
0.8203105118110237
11
2.1680014960629919
21
0.8168606692913386
0
LINE
8
BLACK
6
CONTINUOUS
10
2.1680014960629919
20
0.8168606692913386
11
2.1649284645669291
21
0.8127555511811023
0
LINE
8
BLACK
6
CONTINUOUS
10
2.1649284645669291
20
0.8127555511811023
11
2.1626908267716534
21
0.8110804724409448
0
LINE
8
BLACK
6
CONTINUOUS
10
2.1626908267716534
20
0.8110804724409448
11
2.1609572834645667
21
0.810767716535433
0
LINE
8
BLACK
6
CONTINUOUS
10
2.1609572834645667
20
0.810767716535433
11
2.0407283464566928
21
0.810767716535433
0
LINE
8
BLACK
6
CONTINUOUS
10
2.0407283464566928
20
0.810767716535433
11
2.0380464173228345
21
0.8115551968503937
0
LINE
8
BLACK
6
CONTINUOUS
10
2.0380464173228345
20
0.8115551968503937
11
2.0362159842519683
21
0.8136676377952756
0
LINE
8
BLACK
6
CONTINUOUS
10
2.0362159842519683
20
0.8136676377952756
11
2.0357677165354331
21
0.8157283464566929
0
LINE
8
BLACK
6
CONTINUOUS
10
2.0357677165354331
20
0.8157283464566929
11
2.0357677165354331
21
0.8589029527559054
0
LINE
8
BLACK
6
CONTINUOUS
10
2.0357677165354331
20
0.8589029527559054
11
2.0365551968503937
21
0.8615848818897638
0
LINE
8
BLACK
6
CONTINUOUS
10
2.0365551968503937
20
0.8615848818897638
11
2.0386676377952755
21
0.86341531496063
0
LINE
8
BLACK
6
CONTINUOUS
10
2.0386676377952755
20
0.86341531496063
11
2.0414343307086615
21
0.8638131102362204
0
LINE
8
BLACK
6
CONTINUOUS
10
2.0414343307086615
20
0.8638131102362204
11
2.0435647244094488
21
0.862860748031496
0
LINE
8
BLACK
6
CONTINUOUS
10
2.0435647244094488
20
0.862860748031496
11
2.0436146850393699
21
0.8629320472440944
0
LINE
8
BLACK
6
CONTINUOUS
10
2.0436146850393699
20
0.8629320472440944
11
2.0507244881889761
21
0.8579537007874015
0
LINE
8
BLACK
6
CONTINUOUS
10
2.0507244881889761
20
0.8579537007874015
11
2.0583944488188974
21
0.854377125984252
0
LINE
8
BLACK
6
CONTINUOUS
10
2.0583944488188974
20
0.854377125984252
11
2.05839468503937
21
0.8543770472440945
0
LINE
8
BLACK
6
CONTINUOUS
10
2.05839468503937
20
0.8543770472440945
11
2.066569212598425
21
0.8521866929133858
0
LINE
8
BLACK
6
CONTINUOUS
10
2.066569212598425
20
0.8521866929133858
11
2.0749999999999997
21
0.851449094488189
0
LINE
8
BLACK
6
CONTINUOUS
10
2.0749999999999997
20
0.851449094488189
11
2.0834307874015749
21
0.8521866929133858
0
LINE
8
BLACK
6
CONTINUOUS
10
2.0834307874015749
20
0.8521866929133858
11
2.0881503543307085
21
0.8534512992125984
0
LINE
8
BLACK
6
CONTINUOUS
10
2.0881503543307085
20
0.8534512992125984
11
2.0916052755905512
21
0.8543770472440945
0
LINE
8
BLACK
6
CONTINUOUS
10
2.0916052755905512
20
0.8543770472440945
11
2.0916055118110237
21
0.854377125984252
0
LINE
8
BLACK
6
CONTINUOUS
10
2.0916055118110237
20
0.854377125984252
11
2.099275472440945
21
0.8579537007874015
0
LINE
8
BLACK
6
CONTINUOUS
10
2.099275472440945
20
0.8579537007874015
11
2.1062077559055119
21
0.8628077165354331
0
LINE
8
BLACK
6
CONTINUOUS
10
2.1062077559055119
20
0.8628077165354331
11
2.1062079921259844
21
0.8628079133858267
0
LINE
8
BLACK
6
CONTINUOUS
10
2.1062079921259844
20
0.8628079133858267
11
2.1121920472440943
21
0.868791968503937
0
LINE
8
BLACK
6
CONTINUOUS
10
2.1121920472440943
20
0.868791968503937
11
2.1121921653543305
21
0.8687920866141732
0
LINE
8
BLACK
6
CONTINUOUS
10
2.1121921653543305
20
0.8687920866141732
11
2.1170462992125985
21
0.8757245275590551
0
LINE
8
BLACK
6
CONTINUOUS
10
2.1170462992125985
20
0.8757245275590551
11
2.1205041338582675
21
0.8831398818897638
0
LINE
8
BLACK
6
CONTINUOUS
10
2.1205041338582675
20
0.8831398818897638
11
2.1223512598425196
21
0.885237716535433
0
LINE
8
BLACK
6
CONTINUOUS
10
2.1223512598425196
20
0.885237716535433
11
2.1250393700787402
21
0.8860038976377953
0
LINE
8
BLACK
6
CONTINUOUS
10
2.1250393700787402
20
0.8860038976377953
11
2.1277149212598423
21
0.885195157480315
0
LINE
8
BLACK
6
CONTINUOUS
10
2.1277149212598423
20
0.885195157480315
11
2.129495866141732
21
0.8831398818897638
0
LINE
8
BLACK
6
CONTINUOUS
10
2.129495866141732
20
0.8831398818897638
11
2.1329537007874015
21
0.8757244881889764
0
LINE
8
BLACK
6
CONTINUOUS
10
2.1329537007874015
20
0.8757244881889764
11
2.1378077165354332
21
0.8687922047244094
0
LINE
8
BLACK
6
CONTINUOUS
10
2.1378077165354332
20
0.8687922047244094
11
2.1378079133858265
21
0.868791968503937
0
LINE
8
BLACK
6
CONTINUOUS
10
2.1378079133858265
20
0.868791968503937
11
2.1437919685039368
21
0.8628079133858267
0
LINE
8
BLACK
6
CONTINUOUS
10
2.1437919685039368
20
0.8628079133858267
11
2.1437922047244093
21
0.8628077165354331
0
LINE
8
BLACK
6
CONTINUOUS
10
2.1437922047244093
20
0.8628077165354331
11
2.1507244881889762
21
0.8579537007874015
0
LINE
8
BLACK
6
CONTINUOUS
10
2.1507244881889762
20
0.8579537007874015
11
2.1583944488188975
21
0.854377125984252
0
LINE
8
BLACK
6
CONTINUOUS
10
2.1583944488188975
20
0.854377125984252
11
2.15839468503937
21
0.8543770472440945
0
LINE
8
BLACK
6
CONTINUOUS
10
2.15839468503937
20
0.8543770472440945
11
2.1665692125984251
21
0.8521866929133858
0
LINE
8
BLACK
6
CONTINUOUS
10
2.1665692125984251
20
0.8521866929133858
11
2.1749999999999998
21
0.851449094488189
0
LINE
8
BLACK
6
CONTINUOUS
10
2.1749999999999998
20
0.851449094488189
11
2.1834307874015746
21
0.8521866929133858
0
LINE
8
BLACK
6
CONTINUOUS
10
2.1834307874015746
20
0.8521866929133858
11
2.1881503543307086
21
0.8534512992125984
0
LINE
8
BLACK
6
CONTINUOUS
10
2.1881503543307086
20
0.8534512992125984
11
2.1916052755905513
21
0.8543770472440945
0
LINE
8
BLACK
6
CONTINUOUS
10
2.1916052755905513
20
0.8543770472440945
11
2.1916055118110234
21
0.854377125984252
0
LINE
8
BLACK
6
CONTINUOUS
10
2.1916055118110234
20
0.854377125984252
11
2.1992754724409447
21
0.8579537007874015
0
LINE
8
BLACK
6
CONTINUOUS
10
2.1992754724409447
20
0.8579537007874015
11
2.2062077559055115
21
0.8628077165354331
0
LINE
8
BLACK
6
CONTINUOUS
10
2.2062077559055115
20
0.8628077165354331
11
2.2062079921259841
21
0.8628079133858267
0
LINE
8
BLACK
6
CONTINUOUS
10
2.2062079921259841
20
0.8628079133858267
11
2.2121920472440944
21
0.868791968503937
0
LINE
8
BLACK
6
CONTINUOUS
10
2.2121920472440944
20
0.868791968503937
11
2.2121921653543306
21
0.8687920866141732
0
LINE
8
BLACK
6
CONTINUOUS
10
2.2121921653543306
20
0.8687920866141732
11
2.2170462992125985
21
0.8757245275590551
0
LINE
8
BLACK
6
CONTINUOUS
10
2.2170462992125985
20
0.8757245275590551
11
2.2205041338582676
21
0.8831398818897638
0
LINE
8
BLACK
6
CONTINUOUS
10
2.2205041338582676
20
0.8831398818897638
11
2.2223512598425197
21
0.885237716535433
0
LINE
8
BLACK
6
CONTINUOUS
10
2.2223512598425197
20
0.885237716535433
11
2.2250393700787403
21
0.8860038976377953
0
LINE
8
BLACK
6
CONTINUOUS
10
2.2250393700787403
20
0.8860038976377953
11
2.2277149212598424
21
0.885195157480315
0
LINE
8
BLACK
6
CONTINUOUS
10
2.2277149212598424
20
0.885195157480315
11
2.2294958661417321
21
0.8831398818897638
0
LINE
8
BLACK
6
CONTINUOUS
10
2.2294958661417321
20
0.8831398818897638
11
2.2329537007874016
21
0.8757244881889764
0
LINE
8
BLACK
6
CONTINUOUS
10
2.2329537007874016
20
0.8757244881889764
11
2.2378077165354329
21
0.8687922047244094
0
LINE
8
BLACK
6
CONTINUOUS
10
2.2378077165354329
20
0.8687922047244094
11
2.2378079133858266
21
0.868791968503937
0
LINE
8
BLACK
6
CONTINUOUS
10
2.2378079133858266
20
0.868791968503937
11
2.2437919685039369
21
0.8628079133858267
0
LINE
8
BLACK
6
CONTINUOUS
10
2.2437919685039369
20
0.8628079133858267
11
2.2437922047244094
21
0.8628077165354331
0
LINE
8
BLACK
6
CONTINUOUS
10
2.2437922047244094
20
0.8628077165354331
11
2.2507244881889763
21
0.8579537007874015
0
LINE
8
BLACK
6
CONTINUOUS
10
2.2507244881889763
20
0.8579537007874015
11
2.2583944488188976
21
0.854377125984252
0
LINE
8
BLACK
6
CONTINUOUS
10
2.2583944488188976
20
0.854377125984252
11
2.2583946850393701
21
0.8543770472440945
0
LINE
8
BLACK
6
CONTINUOUS
10
2.2583946850393701
20
0.8543770472440945
11
2.2665692125984251
21
0.8521866929133858
0
LINE
8
BLACK
6
CONTINUOUS
10
2.2665692125984251
20
0.8521866929133858
11
2.2749999999999999
21
0.851449094488189
0
LINE
8
BLACK
6
CONTINUOUS
10
2.2749999999999999
20
0.851449094488189
11
2.2834307874015747
21
0.8521866929133858
0
LINE
8
BLACK
6
CONTINUOUS
10
2.2834307874015747
20
0.8521866929133858
11
2.2881503543307087
21
0.8534512992125984
0
LINE
8
BLACK
6
CONTINUOUS
10
2.2881503543307087
20
0.8534512992125984
11
2.2916052755905509
21
0.8543770472440945
0
LINE
8
BLACK
6
CONTINUOUS
10
2.2916052755905509
20
0.8543770472440945
11
2.2916055118110235
21
0.854377125984252
0
LINE
8
BLACK
6
CONTINUOUS
10
2.2916055118110235
20
0.854377125984252
11
2.2992754724409448
21
0.8579537007874015
0
LINE
8
BLACK
6
CONTINUOUS
10
2.2992754724409448
20
0.8579537007874015
11
2.3062077559055116
21
0.8628077165354331
0
LINE
8
BLACK
6
CONTINUOUS
10
2.3062077559055116
20
0.8628077165354331
11
2.3062079921259842
21
0.8628079133858267
0
LINE
8
BLACK
6
CONTINUOUS
10
2.3062079921259842
20
0.8628079133858267
11
2.3121920472440944
21
0.868791968503937
0
LINE
8
BLACK
6
CONTINUOUS
10
2.3121920472440944
20
0.868791968503937
11
2.3121921653543307
21
0.8687920866141732
0
LINE
8
BLACK
6
CONTINUOUS
10
2.3121921653543307
20
0.8687920866141732
11
2.3170462992125982
21
0.8757245275590551
0
LINE
8
BLACK
6
CONTINUOUS
10
2.3170462992125982
20
0.8757245275590551
11
2.3206229133858267
21
0.8833946062992126
0
LINE
8
BLACK
6
CONTINUOUS
10
2.3206229133858267
20
0.8833946062992126
11
2.3228133070866139
21
0.8915692125984251
0
LINE
8
BLACK
6
CONTINUOUS
10
2.3228133070866139
20
0.8915692125984251
11
2.3235509055118109
21
0.9
0
LINE
8
BLACK
6
CONTINUOUS
10
2.3235509055118109
20
0.9
11
2.3228133070866139
21
0.9084307874015748
0
LINE
8
BLACK
6
CONTINUOUS
10
2.3228133070866139
20
0.9084307874015748
11
2.3206229133858267
21
0.9166053937007874
0
LINE
8
BLACK
6
CONTINUOUS
10
2.3206229133858267
20
0.9166053937007874
11
2.3170462992125982
21
0.9242754330708661
0
LINE
8
BLACK
6
CONTINUOUS
10
2.3170462992125982
20
0.9242754330708661
11
2.3132659448818895
21
0.9296744094488189
0
LINE
8
BLACK
6
CONTINUOUS
10
2.3132659448818895
20
0.9296744094488189
11
2.3123727165354331
21
0.9323229921259842
0
LINE
8
BLACK
6
CONTINUOUS
10
2.3123727165354331
20
0.9323229921259842
11
2.3130532283464564
21
0.9350340157480315
0
LINE
8
BLACK
6
CONTINUOUS
10
2.3130532283464564
20
0.9350340157480315
11
2.3150914173228347
21
0.9369467716535432
0
LINE
8
BLACK
6
CONTINUOUS
10
2.3150914173228347
20
0.9369467716535432
11
2.3173294488188976
21
0.9374803149606299
0
LINE
8
BLACK
6
CONTINUOUS
10
2.3173294488188976
20
0.9374803149606299
11
2.3294743700787399
21
0.9374803149606299
0
LINE
8
BLACK
6
CONTINUOUS
10
2.3294743700787399
20
0.9374803149606299
11
2.3318581102362206
21
0.9377365748031495
0
LINE
8
BLACK
6
CONTINUOUS
10
2.3318581102362206
20
0.9377365748031495
11
2.3318584251968502
21
0.937736653543307
0
LINE
8
BLACK
6
CONTINUOUS
10
2.3318584251968502
20
0.937736653543307
11
2.3372520472440943
21
0.9397484251968504
0
LINE
8
BLACK
6
CONTINUOUS
10
2.3372520472440943
20
0.9397484251968504
11
2.3372522440944881
21
0.9397485039370078
0
LINE
8
BLACK
6
CONTINUOUS
10
2.3372522440944881
20
0.9397485039370078
11
2.3418606692913384
21
0.9431983464566929
0
LINE
8
BLACK
6
CONTINUOUS
10
2.3418606692913384
20
0.9431983464566929
11
2.3453105118110238
21
0.9478067716535433
0
LINE
8
BLACK
6
CONTINUOUS
10
2.3453105118110238
20
0.9478067716535433
11
2.3453105905511809
21
0.947806968503937
0
LINE
8
BLACK
6
CONTINUOUS
10
2.3453105905511809
20
0.947806968503937
11
2.3473223622047246
21
0.9532005905511811
0
LINE
8
BLACK
6
CONTINUOUS
10
2.3473223622047246
20
0.9532005905511811
11
2.3473224409448816
21
0.953200905511811
0
LINE
8
BLACK
6
CONTINUOUS
10
2.3473224409448816
20
0.953200905511811
11
2.3475787007874014
21
0.9555846456692914
0
LINE
8
BLACK
6
CONTINUOUS
10
2.3475787007874014
20
0.9555846456692914
11
2.3475787401574801
21
0.9555853149606299
0
LINE
8
BLACK
6
CONTINUOUS
10
2.3475787401574801
20
0.9555853149606299
11
2.3475787401574801
21
0.9944146456692913
0
LINE
8
BLACK
6
CONTINUOUS
10
2.3475787401574801
20
0.9944146456692913
11
2.3475787007874014
21
0.9944153149606298
0
LINE
8
BLACK
6
CONTINUOUS
10
2.3475787007874014
20
0.9944153149606298
11
2.3473224409448816
21
0.9967990551181102
0
LINE
8
BLACK
6
CONTINUOUS
10
2.3473224409448816
20
0.9967990551181102
11
2.3473223622047246
21
0.9967993700787401
0
LINE
8
BLACK
6
CONTINUOUS
10
2.3473223622047246
20
0.9967993700787401
11
2.3470456692913384
21
0.9975411417322835
0
LINE
8
BLACK
6
CONTINUOUS
10
2.3470456692913384
20
0.9975411417322835
11
2.3453105905511809
21
1.0021930708661417
0
LINE
8
BLACK
6
CONTINUOUS
10
2.3453105905511809
20
1.0021930708661417
11
2.3418606692913384
21
1.0068016141732283
0
LINE
8
BLACK
6
CONTINUOUS
10
2.3418606692913384
20
1.0068016141732283
11
2.3396848818897635
21
1.0084303937007875
0
LINE
8
BLACK
6
CONTINUOUS
10
2.3396848818897635
20
1.0084303937007875
11
2.3380098031496064
21
1.0106679921259842
0
LINE
8
BLACK
6
CONTINUOUS
10
2.3380098031496064
20
1.0106679921259842
11
2.3378103937007872
21
1.0134560236220471
0
LINE
8
BLACK
6
CONTINUOUS
10
2.3378103937007872
20
1.0134560236220471
11
2.3391499606299213
21
1.015909251968504
0
LINE
8
BLACK
6
CONTINUOUS
10
2.3391499606299213
20
1.015909251968504
11
2.3396848818897635
21
1.0163727559055118
0
LINE
8
BLACK
6
CONTINUOUS
10
2.3396848818897635
20
1.0163727559055118
11
2.3418606692913384
21
1.0180014960629922
0
LINE
8
BLACK
6
CONTINUOUS
10
2.3418606692913384
20
1.0180014960629922
11
2.3453105118110238
21
1.0226099212598425
0
LINE
8
BLACK
6
CONTINUOUS
10
2.3453105118110238
20
1.0226099212598425
11
2.3453105905511809
21
1.0226101181102363
0
LINE
8
BLACK
6
CONTINUOUS
10
2.3453105905511809
20
1.0226101181102363
11
2.3473223622047246
21
1.0280037401574802
0
LINE
8
BLACK
6
CONTINUOUS
10
2.3473223622047246
20
1.0280037401574802
11
2.3473224409448816
21
1.0280040551181102
0
LINE
8
BLACK
6
CONTINUOUS
10
2.3473224409448816
20
1.0280040551181102
11
2.3475787007874014
21
1.0303877952755904
0
LINE
8
BLACK
6
CONTINUOUS
10
2.3475787007874014
20
1.0303877952755904
11
2.3475787401574801
21
1.030388464566929
0
LINE
8
BLACK
6
CONTINUOUS
10
2.3475787401574801
20
1.030388464566929
11
2.3475787401574801
21
1.0696114960629921
0
LINE
8
BLACK
6
CONTINUOUS
10
2.3475787401574801
20
1.0696114960629921
11
2.3475787007874014
21
1.0696121653543307
0
LINE
8
BLACK
6
CONTINUOUS
10
2.3475787007874014
20
1.0696121653543307
11
2.3473224409448816
21
1.0719959055118109
0
LINE
8
BLACK
6
CONTINUOUS
10
2.3473224409448816
20
1.0719959055118109
11
2.3473223622047246
21
1.0719962204724409
0
LINE
8
BLACK
6
CONTINUOUS
10
2.3473223622047246
20
1.0719962204724409
11
2.3457902755905513
21
1.0761038188976377
0
LINE
8
BLACK
6
CONTINUOUS
10
2.3457902755905513
20
1.0761038188976377
11
2.3453105905511809
21
1.0773899212598426
0
LINE
8
BLACK
6
CONTINUOUS
10
2.3453105905511809
20
1.0773899212598426
11
2.3418606692913384
21
1.0819984645669292
0
LINE
8
BLACK
6
CONTINUOUS
10
2.3418606692913384
20
1.0819984645669292
11
2.3393165748031497
21
1.0839029527559054
0
LINE
8
BLACK
6
CONTINUOUS
10
2.3393165748031497
20
1.0839029527559054
11
2.3372522440944881
21
1.0854483070866141
0
LINE
8
BLACK
6
CONTINUOUS
10
2.3372522440944881
20
1.0854483070866141
11
2.3372522047244093
21
1.0854483070866141
0
LINE
8
BLACK
6
CONTINUOUS
10
2.3372522047244093
20
1.0854483070866141
11
2.3372521259842518
21
1.0854483858267716
0
LINE
8
BLACK
6
CONTINUOUS
10
2.3372521259842518
20
1.0854483858267716
11
2.3318583070866139
21
1.0874601968503936
0
LINE
8
BLACK
6
CONTINUOUS
10
2.3318583070866139
20
1.0874601968503936
11
2.3318582283464568
21
1.0874601968503936
0
LINE
8
BLACK
6
CONTINUOUS
10
2.3318582283464568
20
1.0874601968503936
11
2.3318581102362206
21
1.0874602362204724
0
LINE
8
BLACK
6
CONTINUOUS
10
2.3318581102362206
20
1.0874602362204724
11
2.3294743700787399
21
1.0877164960629921
0
LINE
8
BLACK
6
CONTINUOUS
10
2.3294743700787399
20
1.0877164960629921
11
2.3294742125984254
21
1.0877164960629921
0
LINE
8
BLACK
6
CONTINUOUS
10
2.3294742125984254
20
1.0877164960629921
11
2.3294739370078741
21
1.0877165354330709
0
LINE
8
BLACK
6
CONTINUOUS
10
2.3294739370078741
20
1.0877165354330709
11
2.3294737007874016
21
1.0877165354330709
0
LINE
8
BLACK
6
CONTINUOUS
10
2.3294737007874016
20
1.0877165354330709
11
2.3174673228346454
21
1.0877165354330709
0
LINE
8
BLACK
6
CONTINUOUS
10
2.3174673228346454
20
1.0877165354330709
11
2.3147853937007872
21
1.0885040157480315
0
LINE
8
BLACK
6
CONTINUOUS
10
2.3147853937007872
20
1.0885040157480315
11
2.3129549606299213
21
1.0906164566929133
0
LINE
8
BLACK
6
CONTINUOUS
10
2.3129549606299213
20
1.0906164566929133
11
2.3125571653543306
21
1.0933831496062991
0
LINE
8
BLACK
6
CONTINUOUS
10
2.3125571653543306
20
1.0933831496062991
11
2.3134038188976378
21
1.0955224409448818
0
LINE
8
BLACK
6
CONTINUOUS
10
2.3134038188976378
20
1.0955224409448818
11
2.3170462204724407
21
1.1007243700787401
0
LINE
8
BLACK
6
CONTINUOUS
10
2.3170462204724407
20
1.1007243700787401
11
2.3194320472440944
21
1.105840748031496
0
LINE
8
BLACK
6
CONTINUOUS
10
2.3194320472440944
20
1.105840748031496
11
2.3206229133858267
21
1.1083946062992125
0
LINE
8
BLACK
6
CONTINUOUS
10
2.3206229133858267
20
1.1083946062992125
11
2.3228133070866139
21
1.1165692125984252
0
LINE
8
BLACK
6
CONTINUOUS
10
2.3228133070866139
20
1.1165692125984252
11
2.3235509055118109
21
1.125
0
LINE
8
BLACK
6
CONTINUOUS
10
2.3235509055118109
20
1.125
11
2.3228133070866139
21
1.1334307874015748
0
LINE
8
BLACK
6
CONTINUOUS
10
2.3228133070866139
20
1.1334307874015748
11
2.3206229133858267
21
1.1416053937007873
0
LINE
8
BLACK
6
CONTINUOUS
10
2.3206229133858267
20
1.1416053937007873
11
2.3170462992125982
21
1.1492754330708661
0
LINE
8
BLACK
6
CONTINUOUS
10
2.3170462992125982
20
1.1492754330708661
11
2.3155968897637793
21
1.1513454330708661
0
LINE
8
BLACK
6
CONTINUOUS
10
2.3155968897637793
20
1.1513454330708661
11
2.3121923228346457
21
1.156207716535433
0
LINE
8
BLACK
6
CONTINUOUS
10
2.3121923228346457
20
1.156207716535433
11
2.3121922047244095
21
1.1562078346456692
0
LINE
8
BLACK
6
CONTINUOUS
10
2.3121922047244095
20
1.1562078346456692
11
2.3121921653543307
21
1.1562079133858267
0
LINE
8
BLACK
6
CONTINUOUS
10
2.3121921653543307
20
1.1562079133858267
11
2.3062079133858266
21
1.1621921653543308
0
LINE
8
BLACK
6
CONTINUOUS
10
2.3062079133858266
20
1.1621921653543308
11
2.2992754724409448
21
1.1670462992125985
0
LINE
8
BLACK
6
CONTINUOUS
10
2.2992754724409448
20
1.1670462992125985
11
2.2916053937007872
21
1.1706229133858268
0
LINE
8
BLACK
6
CONTINUOUS
10
2.2916053937007872
20
1.1706229133858268
11
2.2834307874015747
21
1.1728133070866142
0
LINE
8
BLACK
6
CONTINUOUS
10
2.2834307874015747
20
1.1728133070866142
11
2.2749999999999999
21
1.173550905511811
0
LINE
8
BLACK
6
CONTINUOUS
10
2.2749999999999999
20
1.173550905511811
11
2.2665692125984251
21
1.1728133070866142
0
LINE
8
BLACK
6
CONTINUOUS
10
2.2665692125984251
20
1.1728133070866142
11
2.2583946062992126
21
1.1706229133858268
0
LINE
8
BLACK
6
CONTINUOUS
10
2.2583946062992126
20
1.1706229133858268
11
2.2507245669291338
21
1.1670462992125985
0
LINE
8
BLACK
6
CONTINUOUS
10
2.2507245669291338
20
1.1670462992125985
11
2.2507244094488188
21
1.167046220472441
0
LINE
8
BLACK
6
CONTINUOUS
10
2.2507244094488188
20
1.167046220472441
11
2.2437922440944882
21
1.1621923228346456
0
LINE
8
BLACK
6
CONTINUOUS
10
2.2437922440944882
20
1.1621923228346456
11
2.2437918503937007
21
1.162191968503937
0
LINE
8
BLACK
6
CONTINUOUS
10
2.2437918503937007
20
1.162191968503937
11
2.2378079921259841
21
1.1562081102362205
0
LINE
8
BLACK
6
CONTINUOUS
10
2.2378079921259841
20
1.1562081102362205
11
2.2378076377952754
21
1.156207716535433
0
LINE
8
BLACK
6
CONTINUOUS
10
2.2378076377952754
20
1.156207716535433
11
2.2329537401574804
21
1.1492755511811024
0
LINE
8
BLACK
6
CONTINUOUS
10
2.2329537401574804
20
1.1492755511811024
11
2.2294958661417321
21
1.1418600787401574
0
LINE
8
BLACK
6
CONTINUOUS
10
2.2294958661417321
20
1.1418600787401574
11
2.22764874015748
21
1.1397622440944881
0
LINE
8
BLACK
6
CONTINUOUS
10
2.22764874015748
20
1.1397622440944881
11
2.2249606299212599
21
1.1389960629921259
0
LINE
8
BLACK
6
CONTINUOUS
10
2.2249606299212599
20
1.1389960629921259
11
2.2222850787401573
21
1.1398048031496062
0
LINE
8
BLACK
6
CONTINUOUS
10
2.2222850787401573
20
1.1398048031496062
11
2.2205041338582676
21
1.1418600787401574
0
LINE
8
BLACK
6
CONTINUOUS
10
2.2205041338582676
20
1.1418600787401574
11
2.2170462992125985
21
1.1492754330708661
0
LINE
8
BLACK
6
CONTINUOUS
10
2.2170462992125985
20
1.1492754330708661
11
2.2155968897637797
21
1.1513454330708661
0
LINE
8
BLACK
6
CONTINUOUS
10
2.2155968897637797
20
1.1513454330708661
11
2.2121923228346456
21
1.156207716535433
0
LINE
8
BLACK
6
CONTINUOUS
10
2.2121923228346456
20
1.156207716535433
11
2.2121922047244094
21
1.1562078346456692
0
LINE
8
BLACK
6
CONTINUOUS
10
2.2121922047244094
20
1.1562078346456692
11
2.2121921653543306
21
1.1562079133858267
0
LINE
8
BLACK
6
CONTINUOUS
10
2.2121921653543306
20
1.1562079133858267
11
2.2062079133858266
21
1.1621921653543308
0
LINE
8
BLACK
6
CONTINUOUS
10
2.2062079133858266
20
1.1621921653543308
11
2.1992754724409447
21
1.1670462992125985
0
LINE
8
BLACK
6
CONTINUOUS
10
2.1992754724409447
20
1.1670462992125985
11
2.1916053937007876
21
1.1706229133858268
0
LINE
8
BLACK
6
CONTINUOUS
10
2.1916053937007876
20
1.1706229133858268
11
2.1834307874015746
21
1.1728133070866142
0
LINE
8
BLACK
6
CONTINUOUS
10
2.1834307874015746
20
1.1728133070866142
11
2.1749999999999998
21
1.173550905511811
0
LINE
8
BLACK
6
CONTINUOUS
10
2.1749999999999998
20
1.173550905511811
11
2.1665692125984251
21
1.1728133070866142
0
LINE
8
BLACK
6
CONTINUOUS
10
2.1665692125984251
20
1.1728133070866142
11
2.1583946062992125
21
1.1706229133858268
0
LINE
8
BLACK
6
CONTINUOUS
10
2.1583946062992125
20
1.1706229133858268
11
2.1507245669291337
21
1.1670462992125985
0
LINE
8
BLACK
6
CONTINUOUS
10
2.1507245669291337
20
1.1670462992125985
11
2.1507244094488187
21
1.167046220472441
0
LINE
8
BLACK
6
CONTINUOUS
10
2.1507244094488187
20
1.167046220472441
11
2.1437922440944881
21
1.1621923228346456
0
LINE
8
BLACK
6
CONTINUOUS
10
2.1437922440944881
20
1.1621923228346456
11
2.1437918503937006
21
1.162191968503937
0
LINE
8
BLACK
6
CONTINUOUS
10
2.1437918503937006
20
1.162191968503937
11
2.137807992125984
21
1.1562081102362205
0
LINE
8
BLACK
6
CONTINUOUS
10
2.137807992125984
20
1.1562081102362205
11
2.1378076377952757
21
1.156207716535433
0
LINE
8
BLACK
6
CONTINUOUS
10
2.1378076377952757
20
1.156207716535433
11
2.1329537401574803
21
1.1492755511811024
0
LINE
8
BLACK
6
CONTINUOUS
10
2.1329537401574803
20
1.1492755511811024
11
2.129495866141732
21
1.1418600787401574
0
LINE
8
BLACK
6
CONTINUOUS
10
2.129495866141732
20
1.1418600787401574
11
2.1276487401574804
21
1.1397622440944881
0
LINE
8
BLACK
6
CONTINUOUS
10
2.1276487401574804
20
1.1397622440944881
11
2.1249606299212598
21
1.1389960629921259
0
LINE
8
BLACK
6
CONTINUOUS
10
2.1249606299212598
20
1.1389960629921259
11
2.1222850787401573
21
1.1398048031496062
0
LINE
8
BLACK
6
CONTINUOUS
10
2.1222850787401573
20
1.1398048031496062
11
2.1205041338582675
21
1.1418600787401574
0
LINE
8
BLACK
6
CONTINUOUS
10
2.1205041338582675
20
1.1418600787401574
11
2.1170462992125985
21
1.1492754330708661
0
LINE
8
BLACK
6
CONTINUOUS
10
2.1170462992125985
20
1.1492754330708661
11
2.1155968897637796
21
1.1513454330708661
0
LINE
8
BLACK
6
CONTINUOUS
10
2.1155968897637796
20
1.1513454330708661
11
2.1121923228346455
21
1.156207716535433
0
LINE
8
BLACK
6
CONTINUOUS
10
2.1121923228346455
20
1.156207716535433
11
2.1121922047244093
21
1.1562078346456692
0
LINE
8
BLACK
6
CONTINUOUS
10
2.1121922047244093
20
1.1562078346456692
11
2.1121921653543305
21
1.1562079133858267
0
LINE
8
BLACK
6
CONTINUOUS
10
2.1121921653543305
20
1.1562079133858267
11
2.1062079133858269
21
1.1621921653543308
0
LINE
8
BLACK
6
CONTINUOUS
10
2.1062079133858269
20
1.1621921653543308
11
2.099275472440945
21
1.1670462992125985
0
LINE
8
BLACK
6
CONTINUOUS
10
2.099275472440945
20
1.1670462992125985
11
2.0916053937007875
21
1.1706229133858268
0
LINE
8
BLACK
6
CONTINUOUS
10
2.0916053937007875
20
1.1706229133858268
11
2.0834307874015749
21
1.1728133070866142
0
LINE
8
BLACK
6
CONTINUOUS
10
2.0834307874015749
20
1.1728133070866142
11
2.0749999999999997
21
1.173550905511811
0
LINE
8
BLACK
6
CONTINUOUS
10
2.0749999999999997
20
1.173550905511811
11
2.066569212598425
21
1.1728133070866142
0
LINE
8
BLACK
6
CONTINUOUS
10
2.066569212598425
20
1.1728133070866142
11
2.0583946062992124
21
1.1706229133858268
0
LINE
8
BLACK
6
CONTINUOUS
10
2.0583946062992124
20
1.1706229133858268
11
2.0507245669291336
21
1.1670462992125985
0
LINE
8
BLACK
6
CONTINUOUS
10
2.0507245669291336
20
1.1670462992125985
11
2.0507244094488191
21
1.167046220472441
0
LINE
8
BLACK
6
CONTINUOUS
10
2.0507244094488191
20
1.167046220472441
11
2.0436146456692912
21
1.1620679527559055
0
LINE
8
BLACK
6
CONTINUOUS
10
2.0436146456692912
20
1.1620679527559055
11
2.0435625984251966
21
1.1621422440944882
0
LINE
8
BLACK
6
CONTINUOUS
10
2.0435625984251966
20
1.1621422440944882
11
2.0413581496062991
21
1.1611765354330708
0
LINE
8
BLACK
6
CONTINUOUS
10
2.0413581496062991
20
1.1611765354330708
11
2.0385979527559055
21
1.161617125984252
0
LINE
8
BLACK
6
CONTINUOUS
10
2.0385979527559055
20
1.161617125984252
11
2.0365141338582675
21
1.1634800787401574
0
LINE
8
BLACK
6
CONTINUOUS
10
2.0365141338582675
20
1.1634800787401574
11
2.0357677165354331
21
1.1660970078740158
0
LINE
8
BLACK
6
CONTINUOUS
10
2.0357677165354331
20
1.1660970078740158
11
2.0357677165354331
21
1.253522716535433
0
LINE
8
BLACK
6
CONTINUOUS
10
2.0357677165354331
20
1.253522716535433
11
2.0357677165354331
21
1.2535227952755905
0
LINE
8
BLACK
6
CONTINUOUS
10
2.0357677165354331
20
1.2535227952755905
11
2.0343931889763778
21
1.2604330708661418
0
LINE
8
BLACK
6
CONTINUOUS
10
2.0343931889763778
20
1.2604330708661418
11
2.0336034645669292
21
1.2623395669291337
0
LINE
8
BLACK
6
CONTINUOUS
10
2.0336034645669292
20
1.2623395669291337
11
2.0334913385826772
21
1.2626102362204723
0
LINE
8
BLACK
6
CONTINUOUS
10
2.0334913385826772
20
1.2626102362204723
11
2.0332311811023622
21
1.2632383070866142
0
LINE
8
BLACK
6
CONTINUOUS
10
2.0332311811023622
20
1.2632383070866142
11
2.0316969685039368
21
1.2669423622047244
0
LINE
8
BLACK
6
CONTINUOUS
10
2.0316969685039368
20
1.2669423622047244
11
2.0277825984251967
21
1.272800590551181
0
LINE
8
BLACK
6
CONTINUOUS
10
2.0277825984251967
20
1.272800590551181
11
2.0010444488188974
21
1.2995386614173228
0
LINE
8
BLACK
6
CONTINUOUS
10
2.0010444488188974
20
1.2995386614173228
11
2.0008678740157482
21
1.2997247244094488
0
LINE
8
BLACK
6
CONTINUOUS
10
2.0008678740157482
20
1.2997247244094488
11
1.9990650787401574
21
1.3017270078740157
0
LINE
8
BLACK
6
CONTINUOUS
10
1.9990650787401574
20
1.3017270078740157
11
1.9986168503937007
21
1.3020525984251967
0
LINE
8
BLACK
6
CONTINUOUS
10
1.9986168503937007
20
1.3020525984251967
11
1.9980251968503937
21
1.3025579133858267
0
LINE
8
BLACK
6
CONTINUOUS
10
1.9980251968503937
20
1.3025579133858267
11
1.9978005905511811
21
1.3027825984251968
0
LINE
8
BLACK
6
CONTINUOUS
10
1.9978005905511811
20
1.3027825984251968
11
1.9955350000000001
21
1.3042963385826771
0
LINE
8
BLACK
6
CONTINUOUS
10
1.9955350000000001
20
1.3042963385826771
11
1.995378031496063
21
1.3044057480314961
0
LINE
8
BLACK
6
CONTINUOUS
10
1.995378031496063
20
1.3044057480314961
11
1.9929823622047245
21
1.3061463779527558
0
LINE
8
BLACK
6
CONTINUOUS
10
1.9929823622047245
20
1.3061463779527558
11
1.9927217716535433
21
1.3062624015748032
0
LINE
8
BLACK
6
CONTINUOUS
10
1.9927217716535433
20
1.3062624015748032
11
1.9919828740157479
21
1.3066698818897637
0
LINE
8
BLACK
6
CONTINUOUS
10
1.9919828740157479
20
1.3066698818897637
11
1.9919423622047243
21
1.3066969685039369
0
LINE
8
BLACK
6
CONTINUOUS
10
1.9919423622047243
20
1.3066969685039369
11
1.9891761023622048
21
1.3078427559055117
0
LINE
8
BLACK
6
CONTINUOUS
10
1.9891761023622048
20
1.3078427559055117
11
1.989062125984252
21
1.3078917322834644
0
LINE
8
BLACK
6
CONTINUOUS
10
1.989062125984252
20
1.3078917322834644
11
1.9861137007874015
21
1.3092044881889764
0
LINE
8
BLACK
6
CONTINUOUS
10
1.9861137007874015
20
1.3092044881889764
11
1.986097874015748
21
1.3092078346456693
0
LINE
8
BLACK
6
CONTINUOUS
10
1.986097874015748
20
1.3092078346456693
11
1.9856720472440945
21
1.3093403937007875
0
LINE
8
BLACK
6
CONTINUOUS
10
1.9856720472440945
20
1.3093403937007875
11
1.9856665748031495
21
1.3093223228346456
0
LINE
8
BLACK
6
CONTINUOUS
10
1.9856665748031495
20
1.3093223228346456
11
1.9854333858267716
21
1.3093930314960629
0
LINE
8
BLACK
6
CONTINUOUS
10
1.9854333858267716
20
1.3093930314960629
11
1.9854330708661416
21
1.3093931889763779
0
LINE
8
BLACK
6
CONTINUOUS
10
1.9854330708661416
20
1.3093931889763779
11
1.9822343700787401
21
1.3100293700787402
0
LINE
8
BLACK
6
CONTINUOUS
10
1.9822343700787401
20
1.3100293700787402
11
1.9821807480314959
21
1.3100403937007874
0
LINE
8
BLACK
6
CONTINUOUS
10
1.9821807480314959
20
1.3100403937007874
11
1.9787593307086613
21
1.310767716535433
0
LINE
8
BLACK
6
CONTINUOUS
10
1.9787593307086613
20
1.310767716535433
11
1.9712406692913385
21
1.310767716535433
0
LINE
8
BLACK
6
CONTINUOUS
10
1.9712406692913385
20
1.310767716535433
11
1.9678191732283463
21
1.3100404330708662
0
LINE
8
BLACK
6
CONTINUOUS
10
1.9678191732283463
20
1.3100404330708662
11
1.9677655118110235
21
1.3100293700787402
0
LINE
8
BLACK
6
CONTINUOUS
10
1.9677655118110235
20
1.3100293700787402
11
1.9657587007874016
21
1.3096302362204724
0
LINE
8
BLACK
6
CONTINUOUS
10
1.9657587007874016
20
1.3096302362204724
11
1.9645670472440944
21
1.3093932283464567
0
LINE
8
BLACK
6
CONTINUOUS
10
1.9645670472440944
20
1.3093932283464567
11
1.964333622047244
21
1.3093224015748031
0
LINE
8
BLACK
6
CONTINUOUS
10
1.964333622047244
20
1.3093224015748031
11
1.964328188976378
21
1.3093402362204725
0
LINE
8
BLACK
6
CONTINUOUS
10
1.964328188976378
20
1.3093402362204725
11
1.9639020866141732
21
1.3092078346456693
0
LINE
8
BLACK
6
CONTINUOUS
10
1.9639020866141732
20
1.3092078346456693
11
1.9638862992125983
21
1.3092044881889764
0
LINE
8
BLACK
6
CONTINUOUS
10
1.9638862992125983
20
1.3092044881889764
11
1.9638861023622047
21
1.3092044094488189
0
LINE
8
BLACK
6
CONTINUOUS
10
1.9638861023622047
20
1.3092044094488189
11
1.9638860236220472
21
1.3092043700787401
0
LINE
8
BLACK
6
CONTINUOUS
10
1.9638860236220472
20
1.3092043700787401
11
1.9609388582677165
21
1.3078922047244095
0
LINE
8
BLACK
6
CONTINUOUS
10
1.9609388582677165
20
1.3078922047244095
11
1.960822401574803
21
1.3078421653543306
0
LINE
8
BLACK
6
CONTINUOUS
10
1.960822401574803
20
1.3078421653543306
11
1.9580576377952756
21
1.3066969685039369
0
LINE
8
BLACK
6
CONTINUOUS
10
1.9580576377952756
20
1.3066969685039369
11
1.9580165354330707
21
1.3066694881889764
0
LINE
8
BLACK
6
CONTINUOUS
10
1.9580165354330707
20
1.3066694881889764
11
1.9572782283464567
21
1.3062624015748032
0
LINE
8
BLACK
6
CONTINUOUS
10
1.9572782283464567
20
1.3062624015748032
11
1.9570176377952755
21
1.3061463779527558
0
LINE
8
BLACK
6
CONTINUOUS
10
1.9570176377952755
20
1.3061463779527558
11
1.9546228740157481
21
1.3044064566929134
0
LINE
8
BLACK
6
CONTINUOUS
10
1.9546228740157481
20
1.3044064566929134
11
1.9544645275590551
21
1.3042961023622046
0
LINE
8
BLACK
6
CONTINUOUS
10
1.9544645275590551
20
1.3042961023622046
11
1.9521994094488189
21
1.3027825984251968
0
LINE
8
BLACK
6
CONTINUOUS
10
1.9521994094488189
20
1.3027825984251968
11
1.951974842519685
21
1.302558031496063
0
LINE
8
BLACK
6
CONTINUOUS
10
1.951974842519685
20
1.302558031496063
11
1.9513829921259842
21
1.3020525196850394
0
LINE
8
BLACK
6
CONTINUOUS
10
1.9513829921259842
20
1.3020525196850394
11
1.9511153937007875
21
1.3018581102362203
0
LINE
8
BLACK
6
CONTINUOUS
10
1.9511153937007875
20
1.3018581102362203
11
1.9509348031496063
21
1.3017269291338582
0
LINE
8
BLACK
6
CONTINUOUS
10
1.9509348031496063
20
1.3017269291338582
11
1.9491332283464566
21
1.2997260236220471
0
LINE
8
BLACK
6
CONTINUOUS
10
1.9491332283464566
20
1.2997260236220471
11
1.9489551181102363
21
1.2995383070866142
0
LINE
8
BLACK
6
CONTINUOUS
10
1.9489551181102363
20
1.2995383070866142
11
1.9472174015748032
21
1.2978005905511811
0
LINE
8
BLACK
6
CONTINUOUS
10
1.9472174015748032
20
1.2978005905511811
11
1.946891968503937
21
1.2973135433070866
0
LINE
8
BLACK
6
CONTINUOUS
10
1.946891968503937
20
1.2973135433070866
11
1.9464538976377952
21
1.2967503149606299
0
LINE
8
BLACK
6
CONTINUOUS
10
1.9464538976377952
20
1.2967503149606299
11
1.9459039763779526
21
1.2961395669291338
0
LINE
8
BLACK
6
CONTINUOUS
10
1.9459039763779526
20
1.2961395669291338
11
1.9459038582677164
21
1.2961394094488188
0
LINE
8
BLACK
6
CONTINUOUS
10
1.9459038582677164
20
1.2961394094488188
11
1.9446910629921259
21
1.2940388582677165
0
LINE
8
BLACK
6
CONTINUOUS
10
1.9446910629921259
20
1.2940388582677165
11
1.9445197244094488
21
1.2937633464566929
0
LINE
8
BLACK
6
CONTINUOUS
10
1.9445197244094488
20
1.2937633464566929
11
1.9433030708661416
21
1.2919424409448819
0
LINE
8
BLACK
6
CONTINUOUS
10
1.9433030708661416
20
1.2919424409448819
11
1.9433029527559054
21
1.2919422440944881
0
LINE
8
BLACK
6
CONTINUOUS
10
1.9433029527559054
20
1.2919422440944881
11
1.942976338582677
21
1.2911536614173229
0
LINE
8
BLACK
6
CONTINUOUS
10
1.942976338582677
20
1.2911536614173229
11
1.9426892519685039
21
1.2905715354330709
0
LINE
8
BLACK
6
CONTINUOUS
10
1.9426892519685039
20
1.2905715354330709
11
1.9421447244094487
21
1.2896284645669291
0
LINE
8
BLACK
6
CONTINUOUS
10
1.9421447244094487
20
1.2896284645669291
11
1.9421444881889762
21
1.2896279133858268
0
LINE
8
BLACK
6
CONTINUOUS
10
1.9421444881889762
20
1.2896279133858268
11
1.9414775196850393
21
1.2875753149606299
0
LINE
8
BLACK
6
CONTINUOUS
10
1.9414775196850393
20
1.2875753149606299
11
1.9413427952755906
21
1.2872101181102362
0
LINE
8
BLACK
6
CONTINUOUS
10
1.9413427952755906
20
1.2872101181102362
11
1.9406069291338581
21
1.2854334645669292
0
LINE
8
BLACK
6
CONTINUOUS
10
1.9406069291338581
20
1.2854334645669292
11
1.9406067322834646
21
1.2854328346456692
0
LINE
8
BLACK
6
CONTINUOUS
10
1.9406067322834646
20
1.2854328346456692
11
1.9403880314960629
21
1.2843333464566928
0
LINE
8
BLACK
6
CONTINUOUS
10
1.9403880314960629
20
1.2843333464566928
11
1.940240590551181
21
1.2837683464566929
0
LINE
8
BLACK
6
CONTINUOUS
10
1.940240590551181
20
1.2837683464566929
11
1.939821220472441
21
1.2824776771653543
0
LINE
8
BLACK
6
CONTINUOUS
10
1.939821220472441
20
1.2824776771653543
11
1.9398211417322835
21
1.2824773622047243
0
LINE
8
BLACK
6
CONTINUOUS
10
1.9398211417322835
20
1.2824773622047243
11
1.9396233070866142
21
1.2805953543307087
0
LINE
8
BLACK
6
CONTINUOUS
10
1.9396233070866142
20
1.2805953543307087
11
1.9395551968503937
21
1.2801462598425197
0
LINE
8
BLACK
6
CONTINUOUS
10
1.9395551968503937
20
1.2801462598425197
11
1.9392322834645668
21
1.2785229527559054
0
LINE
8
BLACK
6
CONTINUOUS
10
1.9392322834645668
20
1.2785229527559054
11
1.9392322834645668
21
1.2771344488188976
0
LINE
8
BLACK
6
CONTINUOUS
10
1.9392322834645668
20
1.2771344488188976
11
1.9392051181102361
21
1.2766159448818897
0
LINE
8
BLACK
6
CONTINUOUS
10
1.9392051181102361
20
1.2766159448818897
11
1.9390352755905511
21
1.2749999606299212
0
LINE
8
BLACK
6
CONTINUOUS
10
1.9390352755905511
20
1.2749999606299212
11
1.9392051181102361
21
1.2733840157480314
0
LINE
8
BLACK
6
CONTINUOUS
10
1.6602952755905511
20
0.4960892913385826
11
1.6618211023622047
21
0.4884185039370079
0
LINE
8
BLACK
6
CONTINUOUS
10
1.6618211023622047
20
0.4884185039370079
11
1.6618211811023622
21
0.4884183070866142
0
LINE
8
BLACK
6
CONTINUOUS
10
1.6618211811023622
20
0.4884183070866142
11
1.6623291732283465
21
0.487191968503937
0
LINE
8
BLACK
6
CONTINUOUS
10
1.6623291732283465
20
0.487191968503937
11
1.663823937007874
21
0.4835832677165354
0
LINE
8
BLACK
6
CONTINUOUS
10
1.663823937007874
20
0.4835832677165354
11
1.6648079527559054
21
0.481207716535433
0
LINE
8
BLACK
6
CONTINUOUS
10
1.6648079527559054
20
0.481207716535433
11
1.6648141732283464
21
0.4811926771653543
0
LINE
8
BLACK
6
CONTINUOUS
10
1.6648141732283464
20
0.4811926771653543
11
1.6691592125984251
21
0.4746898818897637
0
LINE
8
BLACK
6
CONTINUOUS
10
1.6691592125984251
20
0.4746898818897637
11
1.6691594094488189
21
0.4746896062992126
0
LINE
8
BLACK
6
CONTINUOUS
10
1.6691594094488189
20
0.4746896062992126
11
1.7246896062992125
21
0.4191594094488189
0
LINE
8
BLACK
6
CONTINUOUS
10
1.7246896062992125
20
0.4191594094488189
11
1.7246898818897638
21
0.4191592125984252
0
LINE
8
BLACK
6
CONTINUOUS
10
1.7246898818897638
20
0.4191592125984252
11
1.7311927559055118
21
0.4148141338582677
0
LINE
8
BLACK
6
CONTINUOUS
10
1.7311927559055118
20
0.4148141338582677
11
1.7384183070866142
21
0.4118211811023622
0
LINE
8
BLACK
6
CONTINUOUS
10
1.7384183070866142
20
0.4118211811023622
11
1.7384185039370079
21
0.4118211023622047
0
LINE
8
BLACK
6
CONTINUOUS
10
1.7384185039370079
20
0.4118211023622047
11
1.7460892913385826
21
0.4102952755905512
0
LINE
8
BLACK
6
CONTINUOUS
10
1.7460892913385826
20
0.4102952755905512
11
1.7460894094488189
21
0.4102952755905512
0
LINE
8
BLACK
6
CONTINUOUS
10
1.7460894094488189
20
0.4102952755905512
11
1.7539106692913387
21
0.4102952755905512
0
LINE
8
BLACK
6
CONTINUOUS
10
1.7539106692913387
20
0.4102952755905512
11
1.7615814173228346
21
0.4118211023622047
0
LINE
8
BLACK
6
CONTINUOUS
10
1.7615814173228346
20
0.4118211023622047
11
1.7615816141732283
21
0.4118211811023622
0
LINE
8
BLACK
6
CONTINUOUS
10
1.7615816141732283
20
0.4118211811023622
11
1.7639633070866141
21
0.4128077165354331
0
LINE
8
BLACK
6
CONTINUOUS
10
1.7639633070866141
20
0.4128077165354331
11
1.7688072440944882
21
0.4148141338582677
0
LINE
8
BLACK
6
CONTINUOUS
10
1.7688072440944882
20
0.4148141338582677
11
1.7753102755905512
21
0.4191593307086614
0
LINE
8
BLACK
6
CONTINUOUS
10
1.7753102755905512
20
0.4191593307086614
11
1.7808406692913386
21
0.4246897244094488
0
LINE
8
BLACK
6
CONTINUOUS
10
1.7808406692913386
20
0.4246897244094488
11
1.7851858661417321
21
0.4311927559055118
0
LINE
8
BLACK
6
CONTINUOUS
10
1.7851858661417321
20
0.4311927559055118
11
1.7881788976377953
21
0.4384185826771653
0
LINE
8
BLACK
6
CONTINUOUS
10
1.7881788976377953
20
0.4384185826771653
11
1.7897047244094488
21
0.4460894094488189
0
LINE
8
BLACK
6
CONTINUOUS
10
1.7897047244094488
20
0.4460894094488189
11
1.7897047244094488
21
0.4539105905511811
0
LINE
8
BLACK
6
CONTINUOUS
10
1.7897047244094488
20
0.4539105905511811
11
1.7881788976377953
21
0.4615814566929134
0
LINE
8
BLACK
6
CONTINUOUS
10
1.7881788976377953
20
0.4615814566929134
11
1.7851858661417321
21
0.4688072440944882
0
LINE
8
BLACK
6
CONTINUOUS
10
1.7851858661417321
20
0.4688072440944882
11
1.7808406692913386
21
0.4753102755905512
0
LINE
8
BLACK
6
CONTINUOUS
10
1.7808406692913386
20
0.4753102755905512
11
1.7411576771653543
21
0.5149932677165354
0
LINE
8
BLACK
6
CONTINUOUS
10
1.7411576771653543
20
0.5149932677165354
11
1.7398180708661417
21
0.5174464960629921
0
LINE
8
BLACK
6
CONTINUOUS
10
1.7398180708661417
20
0.5174464960629921
11
1.7397047244094488
21
0.5185009448818898
0
LINE
8
BLACK
6
CONTINUOUS
10
1.7397047244094488
20
0.5185009448818898
11
1.7397047244094488
21
1.0789105118110236
0
LINE
8
BLACK
6
CONTINUOUS
10
1.7397047244094488
20
1.0789105118110236
11
1.7397047244094488
21
1.0789105905511811
0
LINE
8
BLACK
6
CONTINUOUS
10
1.7397047244094488
20
1.0789105905511811
11
1.7381788976377952
21
1.0865814566929133
0
LINE
8
BLACK
6
CONTINUOUS
10
1.7381788976377952
20
1.0865814566929133
11
1.7351858661417323
21
1.0938072440944882
0
LINE
8
BLACK
6
CONTINUOUS
10
1.7351858661417323
20
1.0938072440944882
11
1.7308406692913385
21
1.1003102755905512
0
LINE
8
BLACK
6
CONTINUOUS
10
1.7308406692913385
20
1.1003102755905512
11
1.7253102755905512
21
1.1058406692913385
0
LINE
8
BLACK
6
CONTINUOUS
10
1.7253102755905512
20
1.1058406692913385
11
1.7188072440944882
21
1.1101858661417323
0
LINE
8
BLACK
6
CONTINUOUS
10
1.7188072440944882
20
1.1101858661417323
11
1.7115814566929133
21
1.1131788976377952
0
LINE
8
BLACK
6
CONTINUOUS
10
1.7115814566929133
20
1.1131788976377952
11
1.7039105905511811
21
1.1147047244094488
0
LINE
8
BLACK
6
CONTINUOUS
10
1.7039105905511811
20
1.1147047244094488
11
1.6960894094488188
21
1.1147047244094488
0
LINE
8
BLACK
6
CONTINUOUS
10
1.6960894094488188
20
1.1147047244094488
11
1.6884185433070866
21
1.1131788976377952
0
LINE
8
BLACK
6
CONTINUOUS
10
1.6884185433070866
20
1.1131788976377952
11
1.6811927559055118
21
1.1101858661417323
0
LINE
8
BLACK
6
CONTINUOUS
10
1.6811927559055118
20
1.1101858661417323
11
1.6746897244094487
21
1.1058406692913385
0
LINE
8
BLACK
6
CONTINUOUS
10
1.6746897244094487
20
1.1058406692913385
11
1.6691593307086614
21
1.1003102755905512
0
LINE
8
BLACK
6
CONTINUOUS
10
1.6691593307086614
20
1.1003102755905512
11
1.6648141338582676
21
1.0938072440944882
0
LINE
8
BLACK
6
CONTINUOUS
10
1.6648141338582676
20
1.0938072440944882
11
1.664638464566929
21
1.0933831496062991
0
LINE
8
BLACK
6
CONTINUOUS
10
1.664638464566929
20
1.0933831496062991
11
1.6618211811023622
21
1.086581653543307
0
LINE
8
BLACK
6
CONTINUOUS
10
1.6618211811023622
20
1.086581653543307
11
1.6618211023622047
21
1.0865814566929133
0
LINE
8
BLACK
6
CONTINUOUS
10
1.6618211023622047
20
1.0865814566929133
11
1.6602952755905511
21
1.0789106692913386
0
LINE
8
BLACK
6
CONTINUOUS
10
1.6602952755905511
20
1.0789106692913386
11
1.6602952755905511
21
0.4960892913385826
0
LINE
8
BLACK
6
CONTINUOUS
10
1.1097047244094489
20
1.3768248031496062
11
1.1099609842519684
21
1.374441062992126
0
LINE
8
BLACK
6
CONTINUOUS
10
1.1099609842519684
20
1.374441062992126
11
1.1099610629921259
21
1.374440748031496
0
LINE
8
BLACK
6
CONTINUOUS
10
1.1099610629921259
20
1.374440748031496
11
1.1119728346456692
21
1.369047125984252
0
LINE
8
BLACK
6
CONTINUOUS
10
1.1119728346456692
20
1.369047125984252
11
1.1119729133858267
21
1.3690469291338583
0
LINE
8
BLACK
6
CONTINUOUS
10
1.1119729133858267
20
1.3690469291338583
11
1.1154227559055119
21
1.3644385039370079
0
LINE
8
BLACK
6
CONTINUOUS
10
1.1154227559055119
20
1.3644385039370079
11
1.1200311811023622
21
1.3609886614173228
0
LINE
8
BLACK
6
CONTINUOUS
10
1.1200311811023622
20
1.3609886614173228
11
1.120031377952756
21
1.3609885826771653
0
LINE
8
BLACK
6
CONTINUOUS
10
1.120031377952756
20
1.3609885826771653
11
1.1254249999999999
21
1.358976811023622
0
LINE
8
BLACK
6
CONTINUOUS
10
1.1254249999999999
20
1.358976811023622
11
1.1254253149606299
21
1.3589767322834645
0
LINE
8
BLACK
6
CONTINUOUS
10
1.1254253149606299
20
1.3589767322834645
11
1.1278090551181101
21
1.358720472440945
0
LINE
8
BLACK
6
CONTINUOUS
10
1.1278090551181101
20
1.358720472440945
11
1.1278095275590552
21
1.358720472440945
0
LINE
8
BLACK
6
CONTINUOUS
10
1.1278095275590552
20
1.358720472440945
11
1.1303346456692913
21
1.358720472440945
0
LINE
8
BLACK
6
CONTINUOUS
10
1.1303346456692913
20
1.358720472440945
11
1.1330165748031495
21
1.3579329921259842
0
LINE
8
BLACK
6
CONTINUOUS
10
1.1330165748031495
20
1.3579329921259842
11
1.1348470078740158
21
1.3558205511811023
0
LINE
8
BLACK
6
CONTINUOUS
10
1.1348470078740158
20
1.3558205511811023
11
1.1352952755905512
21
1.3537598425196851
0
LINE
8
BLACK
6
CONTINUOUS
10
1.1352952755905512
20
1.3537598425196851
11
1.1352952755905512
21
0.4710892913385827
0
LINE
8
BLACK
6
CONTINUOUS
10
1.1352952755905512
20
0.4710892913385827
11
1.1368211023622048
21
0.4634185039370078
0
LINE
8
BLACK
6
CONTINUOUS
10
1.1368211023622048
20
0.4634185039370078
11
1.1368211811023621
21
0.4634183070866142
0
LINE
8
BLACK
6
CONTINUOUS
10
1.1368211811023621
20
0.4634183070866142
11
1.1398141338582677
21
0.4561927559055118
0
LINE
8
BLACK
6
CONTINUOUS
10
1.1398141338582677
20
0.4561927559055118
11
1.1441592125984252
21
0.4496898818897638
0
LINE
8
BLACK
6
CONTINUOUS
10
1.1441592125984252
20
0.4496898818897638
11
1.1441594094488188
21
0.4496896062992126
0
LINE
8
BLACK
6
CONTINUOUS
10
1.1441594094488188
20
0.4496896062992126
11
1.1496896062992126
21
0.4441594094488189
0
LINE
8
BLACK
6
CONTINUOUS
10
1.1496896062992126
20
0.4441594094488189
11
1.1496898818897638
21
0.4441592125984252
0
LINE
8
BLACK
6
CONTINUOUS
10
1.1496898818897638
20
0.4441592125984252
11
1.1561927559055118
21
0.4398141338582677
0
LINE
8
BLACK
6
CONTINUOUS
10
1.1561927559055118
20
0.4398141338582677
11
1.1634183070866142
21
0.4368211811023622
0
LINE
8
BLACK
6
CONTINUOUS
10
1.1634183070866142
20
0.4368211811023622
11
1.1634185039370077
21
0.4368211023622047
0
LINE
8
BLACK
6
CONTINUOUS
10
1.1634185039370077
20
0.4368211023622047
11
1.1710892913385826
21
0.4352952755905511
0
LINE
8
BLACK
6
CONTINUOUS
10
1.1710892913385826
20
0.4352952755905511
11
1.1710894094488189
21
0.4352952755905511
0
LINE
8
BLACK
6
CONTINUOUS
10
1.1710894094488189
20
0.4352952755905511
11
1.1789106692913385
21
0.4352952755905511
0
LINE
8
BLACK
6
CONTINUOUS
10
1.1789106692913385
20
0.4352952755905511
11
1.1865814566929134
21
0.4368211023622047
0
LINE
8
BLACK
6
CONTINUOUS
10
1.1865814566929134
20
0.4368211023622047
11
1.1865816535433071
21
0.4368211811023622
0
LINE
8
BLACK
6
CONTINUOUS
10
1.1865816535433071
20
0.4368211811023622
11
1.1904379921259842
21
0.4384185433070866
0
LINE
8
BLACK
6
CONTINUOUS
10
1.1904379921259842
20
0.4384185433070866
11
1.1938072440944882
21
0.4398141338582677
0
LINE
8
BLACK
6
CONTINUOUS
10
1.1938072440944882
20
0.4398141338582677
11
1.2003102755905513
21
0.4441593307086614
0
LINE
8
BLACK
6
CONTINUOUS
10
1.2003102755905513
20
0.4441593307086614
11
1.2058406692913386
21
0.4496897244094488
0
LINE
8
BLACK
6
CONTINUOUS
10
1.2058406692913386
20
0.4496897244094488
11
1.2101858661417322
21
0.4561927559055118
0
LINE
8
BLACK
6
CONTINUOUS
10
1.2101858661417322
20
0.4561927559055118
11
1.2131788976377953
21
0.4634185433070866
0
LINE
8
BLACK
6
CONTINUOUS
10
1.2131788976377953
20
0.4634185433070866
11
1.2147047244094489
21
0.4710894094488189
0
LINE
8
BLACK
6
CONTINUOUS
10
1.2147047244094489
20
0.4710894094488189
11
1.2147047244094489
21
1.1031496062992125
0
LINE
8
BLACK
6
CONTINUOUS
10
1.2147047244094489
20
1.1031496062992125
11
1.2147047244094489
21
1.3412853937007874
0
LINE
8
BLACK
6
CONTINUOUS
10
1.2147047244094489
20
1.3412853937007874
11
1.2147047244094489
21
1.3537598425196851
0
LINE
8
BLACK
6
CONTINUOUS
10
1.2147047244094489
20
1.3537598425196851
11
1.2154922047244094
21
1.3564417716535433
0
LINE
8
BLACK
6
CONTINUOUS
10
1.2154922047244094
20
1.3564417716535433
11
1.2176046456692913
21
1.3582722047244093
0
LINE
8
BLACK
6
CONTINUOUS
10
1.2176046456692913
20
1.3582722047244093
11
1.2196653543307086
21
1.358720472440945
0
LINE
8
BLACK
6
CONTINUOUS
10
1.2196653543307086
20
1.358720472440945
11
1.222190905511811
21
1.358720472440945
0
LINE
8
BLACK
6
CONTINUOUS
10
1.222190905511811
20
1.358720472440945
11
1.2245746456692914
21
1.3589767322834645
0
LINE
8
BLACK
6
CONTINUOUS
10
1.2245746456692914
20
1.3589767322834645
11
1.2245749606299212
21
1.358976811023622
0
LINE
8
BLACK
6
CONTINUOUS
10
1.2245749606299212
20
1.358976811023622
11
1.2299685826771654
21
1.3609885826771653
0
LINE
8
BLACK
6
CONTINUOUS
10
1.2299685826771654
20
1.3609885826771653
11
1.2299687795275591
21
1.3609886614173228
0
LINE
8
BLACK
6
CONTINUOUS
10
1.2299687795275591
20
1.3609886614173228
11
1.2314211811023621
21
1.3620759448818898
0
LINE
8
BLACK
6
CONTINUOUS
10
1.2314211811023621
20
1.3620759448818898
11
1.2340400787401575
21
1.3630527559055117
0
LINE
8
BLACK
6
CONTINUOUS
10
1.2340400787401575
20
1.3630527559055117
11
1.2343939763779528
21
1.3630653937007873
0
LINE
8
BLACK
6
CONTINUOUS
10
1.2343939763779528
20
1.3630653937007873
11
1.3311182677165354
21
1.3630653937007873
0
LINE
8
BLACK
6
CONTINUOUS
10
1.3311182677165354
20
1.3630653937007873
11
1.3311182677165354
21
1.4240157480314961
0
LINE
8
BLACK
6
CONTINUOUS
10
1.3311182677165354
20
1.4240157480314961
11
1.3311182677165354
21
1.4753020078740158
0
LINE
8
BLACK
6
CONTINUOUS
10
1.3311182677165354
20
1.4753020078740158
11
1.2428448031496062
21
1.4753020078740158
0
LINE
8
BLACK
6
CONTINUOUS
10
1.2428448031496062
20
1.4753020078740158
11
1.240162874015748
21
1.4760894881889763
0
LINE
8
BLACK
6
CONTINUOUS
10
1.240162874015748
20
1.4760894881889763
11
1.2383324409448819
21
1.4782019291338582
0
LINE
8
BLACK
6
CONTINUOUS
10
1.2383324409448819
20
1.4782019291338582
11
1.2381972440944882
21
1.4785281889763779
0
LINE
8
BLACK
6
CONTINUOUS
10
1.2381972440944882
20
1.4785281889763779
11
1.2380271259842519
21
1.4789844094488189
0
LINE
8
BLACK
6
CONTINUOUS
10
1.2380271259842519
20
1.4789844094488189
11
1.2345772047244095
21
1.4835929527559055
0
LINE
8
BLACK
6
CONTINUOUS
10
1.2345772047244095
20
1.4835929527559055
11
1.2338457086614172
21
1.4841405511811023
0
LINE
8
BLACK
6
CONTINUOUS
10
1.2338457086614172
20
1.4841405511811023
11
1.2299687795275591
21
1.4870427952755905
0
LINE
8
BLACK
6
CONTINUOUS
10
1.2299687795275591
20
1.4870427952755905
11
1.2299687401574804
21
1.4870427952755905
0
LINE
8
BLACK
6
CONTINUOUS
10
1.2299687401574804
20
1.4870427952755905
11
1.2299686614173229
21
1.487042874015748
0
LINE
8
BLACK
6
CONTINUOUS
10
1.2299686614173229
20
1.487042874015748
11
1.224574842519685
21
1.48905468503937
0
LINE
8
BLACK
6
CONTINUOUS
10
1.224574842519685
20
1.48905468503937
11
1.2245747637795275
21
1.48905468503937
0
LINE
8
BLACK
6
CONTINUOUS
10
1.2245747637795275
20
1.48905468503937
11
1.2245746456692914
21
1.4890547244094487
0
LINE
8
BLACK
6
CONTINUOUS
10
1.2245746456692914
20
1.4890547244094487
11
1.222190905511811
21
1.4893109842519685
0
LINE
8
BLACK
6
CONTINUOUS
10
1.222190905511811
20
1.4893109842519685
11
1.222190748031496
21
1.4893109842519685
0
LINE
8
BLACK
6
CONTINUOUS
10
1.222190748031496
20
1.4893109842519685
11
1.2221904724409449
21
1.4893110236220473
0
LINE
8
BLACK
6
CONTINUOUS
10
1.2221904724409449
20
1.4893110236220473
11
1.1278095275590552
21
1.4893110236220473
0
LINE
8
BLACK
6
CONTINUOUS
10
1.1278095275590552
20
1.4893110236220473
11
1.1278092519685039
21
1.4893109842519685
0
LINE
8
BLACK
6
CONTINUOUS
10
1.1278092519685039
20
1.4893109842519685
11
1.1278090551181101
21
1.4893109842519685
0
LINE
8
BLACK
6
CONTINUOUS
10
1.1278090551181101
20
1.4893109842519685
11
1.1254253149606299
21
1.4890547244094487
0
LINE
8
BLACK
6
CONTINUOUS
10
1.1254253149606299
20
1.4890547244094487
11
1.1254249999999999
21
1.4890546456692912
0
LINE
8
BLACK
6
CONTINUOUS
10
1.1254249999999999
20
1.4890546456692912
11
1.122357283464567
21
1.4879103937007874
0
LINE
8
BLACK
6
CONTINUOUS
10
1.122357283464567
20
1.4879103937007874
11
1.1200313385826772
21
1.487042874015748
0
LINE
8
BLACK
6
CONTINUOUS
10
1.1200313385826772
20
1.487042874015748
11
1.1200312598425197
21
1.4870428346456692
0
LINE
8
BLACK
6
CONTINUOUS
10
1.1200312598425197
20
1.4870428346456692
11
1.1200311811023622
21
1.4870427952755905
0
LINE
8
BLACK
6
CONTINUOUS
10
1.1200311811023622
20
1.4870427952755905
11
1.1154227559055119
21
1.4835929527559055
0
LINE
8
BLACK
6
CONTINUOUS
10
1.1154227559055119
20
1.4835929527559055
11
1.1119729133858267
21
1.4789845275590552
0
LINE
8
BLACK
6
CONTINUOUS
10
1.1119729133858267
20
1.4789845275590552
11
1.1119728346456692
21
1.4789843307086614
0
LINE
8
BLACK
6
CONTINUOUS
10
1.1119728346456692
20
1.4789843307086614
11
1.1099610629921259
21
1.4735907086614173
0
LINE
8
BLACK
6
CONTINUOUS
10
1.1099610629921259
20
1.4735907086614173
11
1.1099609842519684
21
1.4735903937007873
0
LINE
8
BLACK
6
CONTINUOUS
10
1.1099609842519684
20
1.4735903937007873
11
1.1097047244094489
21
1.471206653543307
0
LINE
8
BLACK
6
CONTINUOUS
10
1.1097047244094489
20
1.471206653543307
11
1.1097047244094489
21
1.3768248031496062
0
LINE
8
BLACK
6
CONTINUOUS
10
0.0999803149606299
20
0.8930846456692914
11
0.1002365748031496
21
0.890700905511811
0
LINE
8
BLACK
6
CONTINUOUS
10
0.1002365748031496
20
0.890700905511811
11
0.1002366535433071
21
0.8907005905511811
0
LINE
8
BLACK
6
CONTINUOUS
10
0.1002366535433071
20
0.8907005905511811
11
0.1022484251968504
21
0.885306968503937
0
LINE
8
BLACK
6
CONTINUOUS
10
0.1022484251968504
20
0.885306968503937
11
0.1022485039370079
21
0.8853067716535433
0
LINE
8
BLACK
6
CONTINUOUS
10
0.1022485039370079
20
0.8853067716535433
11
0.1056983858267717
21
0.8806983464566929
0
LINE
8
BLACK
6
CONTINUOUS
10
0.1056983858267717
20
0.8806983464566929
11
0.1080056299212598
21
0.8789711417322834
0
LINE
8
BLACK
6
CONTINUOUS
10
0.1080056299212598
20
0.8789711417322834
11
0.1096806692913386
21
0.8767335039370079
0
LINE
8
BLACK
6
CONTINUOUS
10
0.1096806692913386
20
0.8767335039370079
11
0.1098800393700787
21
0.8739455118110236
0
LINE
8
BLACK
6
CONTINUOUS
10
0.1098800393700787
20
0.8739455118110236
11
0.1085404724409449
21
0.8714922834645669
0
LINE
8
BLACK
6
CONTINUOUS
10
0.1085404724409449
20
0.8714922834645669
11
0.1080056299212598
21
0.8710288582677165
0
LINE
8
BLACK
6
CONTINUOUS
10
0.1080056299212598
20
0.8710288582677165
11
0.1056983858267717
21
0.8693016141732284
0
LINE
8
BLACK
6
CONTINUOUS
10
0.1056983858267717
20
0.8693016141732284
11
0.1022485039370079
21
0.8646931889763779
0
LINE
8
BLACK
6
CONTINUOUS
10
0.1022485039370079
20
0.8646931889763779
11
0.1022484251968504
21
0.8646929921259843
0
LINE
8
BLACK
6
CONTINUOUS
10
0.1022484251968504
20
0.8646929921259843
11
0.1002366535433071
21
0.8592993700787401
0
LINE
8
BLACK
6
CONTINUOUS
10
0.1002366535433071
20
0.8592993700787401
11
0.1002365748031496
21
0.8592990551181102
0
LINE
8
BLACK
6
CONTINUOUS
10
0.1002365748031496
20
0.8592990551181102
11
0.0999803149606299
21
0.8569153149606299
0
LINE
8
BLACK
6
CONTINUOUS
10
0.0999803149606299
20
0.8569153149606299
11
0.0999803149606299
21
0.7930846456692913
0
LINE
8
BLACK
6
CONTINUOUS
10
0.0999803149606299
20
0.7930846456692913
11
0.1002365748031496
21
0.790700905511811
0
LINE
8
BLACK
6
CONTINUOUS
10
0.1002365748031496
20
0.790700905511811
11
0.1002366535433071
21
0.7907005905511811
0
LINE
8
BLACK
6
CONTINUOUS
10
0.1002366535433071
20
0.7907005905511811
11
0.1022484251968504
21
0.785306968503937
0
LINE
8
BLACK
6
CONTINUOUS
10
0.1022484251968504
20
0.785306968503937
11
0.1022485039370079
21
0.7853067716535432
0
LINE
8
BLACK
6
CONTINUOUS
10
0.1022485039370079
20
0.7853067716535432
11
0.1056983464566929
21
0.7806983464566929
0
LINE
8
BLACK
6
CONTINUOUS
10
0.1056983464566929
20
0.7806983464566929
11
0.1103067716535433
21
0.7772485039370078
0
LINE
8
BLACK
6
CONTINUOUS
10
0.1103067716535433
20
0.7772485039370078
11
0.110306968503937
21
0.7772484251968503
0
LINE
8
BLACK
6
CONTINUOUS
10
0.110306968503937
20
0.7772484251968503
11
0.1157005905511811
21
0.7752366535433071
0
LINE
8
BLACK
6
CONTINUOUS
10
0.1157005905511811
20
0.7752366535433071
11
0.115700905511811
21
0.7752365748031496
0
LINE
8
BLACK
6
CONTINUOUS
10
0.115700905511811
20
0.7752365748031496
11
0.1180846456692913
21
0.7749803149606299
0
LINE
8
BLACK
6
CONTINUOUS
10
0.1180846456692913
20
0.7749803149606299
11
0.1180851181102362
21
0.7749803149606299
0
LINE
8
BLACK
6
CONTINUOUS
10
0.1180851181102362
20
0.7749803149606299
11
0.1819153149606299
21
0.7749803149606299
0
LINE
8
BLACK
6
CONTINUOUS
10
0.1819153149606299
20
0.7749803149606299
11
0.1842990551181102
21
0.7752365748031496
0
LINE
8
BLACK
6
CONTINUOUS
10
0.1842990551181102
20
0.7752365748031496
11
0.1842993700787401
21
0.7752366535433071
0
LINE
8
BLACK
6
CONTINUOUS
10
0.1842993700787401
20
0.7752366535433071
11
0.1896929921259843
21
0.7772484251968503
0
LINE
8
BLACK
6
CONTINUOUS
10
0.1896929921259843
20
0.7772484251968503
11
0.1896931889763779
21
0.7772485039370078
0
LINE
8
BLACK
6
CONTINUOUS
10
0.1896931889763779
20
0.7772485039370078
11
0.1943016141732283
21
0.7806983858267716
0
LINE
8
BLACK
6
CONTINUOUS
10
0.1943016141732283
20
0.7806983858267716
11
0.1960288582677165
21
0.7830056299212598
0
LINE
8
BLACK
6
CONTINUOUS
10
0.1960288582677165
20
0.7830056299212598
11
0.1982664960629921
21
0.7846806692913386
0
LINE
8
BLACK
6
CONTINUOUS
10
0.1982664960629921
20
0.7846806692913386
11
0.2010544881889764
21
0.7848800393700788
0
LINE
8
BLACK
6
CONTINUOUS
10
0.2010544881889764
20
0.7848800393700788
11
0.2035077165354331
21
0.7835404724409448
0
LINE
8
BLACK
6
CONTINUOUS
10
0.2035077165354331
20
0.7835404724409448
11
0.2039711417322835
21
0.7830056299212598
0
LINE
8
BLACK
6
CONTINUOUS
10
0.2039711417322835
20
0.7830056299212598
11
0.2056983464566929
21
0.7806983858267716
0
LINE
8
BLACK
6
CONTINUOUS
10
0.2056983464566929
20
0.7806983858267716
11
0.2103067716535433
21
0.7772485039370078
0
LINE
8
BLACK
6
CONTINUOUS
10
0.2103067716535433
20
0.7772485039370078
11
0.210306968503937
21
0.7772484251968503
0
LINE
8
BLACK
6
CONTINUOUS
10
0.210306968503937
20
0.7772484251968503
11
0.2157005905511811
21
0.7752366535433071
0
LINE
8
BLACK
6
CONTINUOUS
10
0.2157005905511811
20
0.7752366535433071
11
0.215700905511811
21
0.7752365748031496
0
LINE
8
BLACK
6
CONTINUOUS
10
0.215700905511811
20
0.7752365748031496
11
0.2180846456692913
21
0.7749803149606299
0
LINE
8
BLACK
6
CONTINUOUS
10
0.2180846456692913
20
0.7749803149606299
11
0.2180851181102362
21
0.7749803149606299
0
LINE
8
BLACK
6
CONTINUOUS
10
0.2180851181102362
20
0.7749803149606299
11
0.2819153149606299
21
0.7749803149606299
0
LINE
8
BLACK
6
CONTINUOUS
10
0.2819153149606299
20
0.7749803149606299
11
0.2842990551181102
21
0.7752365748031496
0
LINE
8
BLACK
6
CONTINUOUS
10
0.2842990551181102
20
0.7752365748031496
11
0.2842993700787402
21
0.7752366535433071
0
LINE
8
BLACK
6
CONTINUOUS
10
0.2842993700787402
20
0.7752366535433071
11
0.2896929921259843
21
0.7772484251968503
0
LINE
8
BLACK
6
CONTINUOUS
10
0.2896929921259843
20
0.7772484251968503
11
0.289693188976378
21
0.7772485039370078
0
LINE
8
BLACK
6
CONTINUOUS
10
0.289693188976378
20
0.7772485039370078
11
0.2943016141732284
21
0.7806983464566929
0
LINE
8
BLACK
6
CONTINUOUS
10
0.2943016141732284
20
0.7806983464566929
11
0.2977514566929134
21
0.7853067716535432
0
LINE
8
BLACK
6
CONTINUOUS
10
0.2977514566929134
20
0.7853067716535432
11
0.2977515354330709
21
0.785306968503937
0
LINE
8
BLACK
6
CONTINUOUS
10
0.2977515354330709
20
0.785306968503937
11
0.2997633070866141
21
0.7907005905511811
0
LINE
8
BLACK
6
CONTINUOUS
10
0.2997633070866141
20
0.7907005905511811
11
0.2997633858267716
21
0.790700905511811
0
LINE
8
BLACK
6
CONTINUOUS
10
0.2997633858267716
20
0.790700905511811
11
0.3000196456692913
21
0.7930846456692913
0
LINE
8
BLACK
6
CONTINUOUS
10
0.3000196456692913
20
0.7930846456692913
11
0.3000196850393701
21
0.79308531496063
0
LINE
8
BLACK
6
CONTINUOUS
10
0.3000196850393701
20
0.79308531496063
11
0.3000196850393701
21
0.8569146456692913
0
LINE
8
BLACK
6
CONTINUOUS
10
0.3000196850393701
20
0.8569146456692913
11
0.3000196456692913
21
0.8569153149606299
0
LINE
8
BLACK
6
CONTINUOUS
10
0.3000196456692913
20
0.8569153149606299
11
0.2997633858267716
21
0.8592990551181102
0
LINE
8
BLACK
6
CONTINUOUS
10
0.2997633858267716
20
0.8592990551181102
11
0.2997633070866141
21
0.8592993700787401
0
LINE
8
BLACK
6
CONTINUOUS
10
0.2997633070866141
20
0.8592993700787401
11
0.2984546850393701
21
0.8628078346456692
0
LINE
8
BLACK
6
CONTINUOUS
10
0.2984546850393701
20
0.8628078346456692
11
0.2977515354330709
21
0.8646930708661417
0
LINE
8
BLACK
6
CONTINUOUS
10
0.2977515354330709
20
0.8646930708661417
11
0.2943016141732284
21
0.8693016141732284
0
LINE
8
BLACK
6
CONTINUOUS
10
0.2943016141732284
20
0.8693016141732284
11
0.2919943700787401
21
0.8710288188976377
0
LINE
8
BLACK
6
CONTINUOUS
10
0.2919943700787401
20
0.8710288188976377
11
0.2903192913385827
21
0.8732664566929134
0
LINE
8
BLACK
6
CONTINUOUS
10
0.2903192913385827
20
0.8732664566929134
11
0.2901199212598425
21
0.8760544881889764
0
LINE
8
BLACK
6
CONTINUOUS
10
0.2901199212598425
20
0.8760544881889764
11
0.2914594881889764
21
0.878507716535433
0
LINE
8
BLACK
6
CONTINUOUS
10
0.2914594881889764
20
0.878507716535433
11
0.2919943700787401
21
0.8789711811023622
0
LINE
8
BLACK
6
CONTINUOUS
10
0.2919943700787401
20
0.8789711811023622
11
0.2943016141732284
21
0.8806983464566929
0
LINE
8
BLACK
6
CONTINUOUS
10
0.2943016141732284
20
0.8806983464566929
11
0.2977514566929134
21
0.8853067716535433
0
LINE
8
BLACK
6
CONTINUOUS
10
0.2977514566929134
20
0.8853067716535433
11
0.2977515354330709
21
0.885306968503937
0
LINE
8
BLACK
6
CONTINUOUS
10
0.2977515354330709
20
0.885306968503937
11
0.2997633070866141
21
0.8907005905511811
0
LINE
8
BLACK
6
CONTINUOUS
10
0.2997633070866141
20
0.8907005905511811
11
0.2997633858267716
21
0.890700905511811
0
LINE
8
BLACK
6
CONTINUOUS
10
0.2997633858267716
20
0.890700905511811
11
0.3000196456692913
21
0.8930846456692914
0
LINE
8
BLACK
6
CONTINUOUS
10
0.3000196456692913
20
0.8930846456692914
11
0.3000196850393701
21
0.8930853149606299
0
LINE
8
BLACK
6
CONTINUOUS
10
0.3000196850393701
20
0.8930853149606299
11
0.3000196850393701
21
0.9569146456692913
0
LINE
8
BLACK
6
CONTINUOUS
10
0.3000196850393701
20
0.9569146456692913
11
0.3000196456692913
21
0.9569153149606299
0
LINE
8
BLACK
6
CONTINUOUS
10
0.3000196456692913
20
0.9569153149606299
11
0.2997633858267716
21
0.9592990551181102
0
LINE
8
BLACK
6
CONTINUOUS
10
0.2997633858267716
20
0.9592990551181102
11
0.2997633070866141
21
0.9592993700787401
0
LINE
8
BLACK
6
CONTINUOUS
10
0.2997633070866141
20
0.9592993700787401
11
0.2994866141732284
21
0.9600411417322834
0
LINE
8
BLACK
6
CONTINUOUS
10
0.2994866141732284
20
0.9600411417322834
11
0.2977515354330709
21
0.9646930708661418
0
LINE
8
BLACK
6
CONTINUOUS
10
0.2977515354330709
20
0.9646930708661418
11
0.2943016141732284
21
0.9693016141732284
0
LINE
8
BLACK
6
CONTINUOUS
10
0.2943016141732284
20
0.9693016141732284
11
0.2896930708661417
21
0.9727515354330708
0
LINE
8
BLACK
6
CONTINUOUS
10
0.2896930708661417
20
0.9727515354330708
11
0.2842992519685039
21
0.9747633464566929
0
LINE
8
BLACK
6
CONTINUOUS
10
0.2842992519685039
20
0.9747633464566929
11
0.2842991732283465
21
0.9747633464566929
0
LINE
8
BLACK
6
CONTINUOUS
10
0.2842991732283465
20
0.9747633464566929
11
0.2842990551181102
21
0.9747633858267716
0
LINE
8
BLACK
6
CONTINUOUS
10
0.2842990551181102
20
0.9747633858267716
11
0.2819153149606299
21
0.9750196456692913
0
LINE
8
BLACK
6
CONTINUOUS
10
0.2819153149606299
20
0.9750196456692913
11
0.281915157480315
21
0.9750196456692913
0
LINE
8
BLACK
6
CONTINUOUS
10
0.281915157480315
20
0.9750196456692913
11
0.2819148818897638
21
0.9750196850393701
0
LINE
8
BLACK
6
CONTINUOUS
10
0.2819148818897638
20
0.9750196850393701
11
0.2180851181102362
21
0.9750196850393701
0
LINE
8
BLACK
6
CONTINUOUS
10
0.2180851181102362
20
0.9750196850393701
11
0.218084842519685
21
0.9750196456692913
0
LINE
8
BLACK
6
CONTINUOUS
10
0.218084842519685
20
0.9750196456692913
11
0.2180846456692913
21
0.9750196456692913
0
LINE
8
BLACK
6
CONTINUOUS
10
0.2180846456692913
20
0.9750196456692913
11
0.215700905511811
21
0.9747633858267716
0
LINE
8
BLACK
6
CONTINUOUS
10
0.215700905511811
20
0.9747633858267716
11
0.2157005905511811
21
0.9747633070866142
0
LINE
8
BLACK
6
CONTINUOUS
10
0.2157005905511811
20
0.9747633070866142
11
0.212632874015748
21
0.9736190551181102
0
LINE
8
BLACK
6
CONTINUOUS
10
0.212632874015748
20
0.9736190551181102
11
0.2103069291338583
21
0.9727515354330708
0
LINE
8
BLACK
6
CONTINUOUS
10
0.2103069291338583
20
0.9727515354330708
11
0.2103068503937008
21
0.972751496062992
0
LINE
8
BLACK
6
CONTINUOUS
10
0.2103068503937008
20
0.972751496062992
11
0.2103067716535433
21
0.9727514566929134
0
LINE
8
BLACK
6
CONTINUOUS
10
0.2103067716535433
20
0.9727514566929134
11
0.2056983464566929
21
0.9693016141732284
0
LINE
8
BLACK
6
CONTINUOUS
10
0.2056983464566929
20
0.9693016141732284
11
0.2039711811023622
21
0.9669943700787401
0
LINE
8
BLACK
6
CONTINUOUS
10
0.2039711811023622
20
0.9669943700787401
11
0.2017335433070866
21
0.9653192913385826
0
LINE
8
BLACK
6
CONTINUOUS
10
0.2017335433070866
20
0.9653192913385826
11
0.1989455118110236
21
0.9651199212598425
0
LINE
8
BLACK
6
CONTINUOUS
10
0.1989455118110236
20
0.9651199212598425
11
0.1964922834645669
21
0.9664594881889763
0
LINE
8
BLACK
6
CONTINUOUS
10
0.1964922834645669
20
0.9664594881889763
11
0.1960288188976378
21
0.9669943700787401
0
LINE
8
BLACK
6
CONTINUOUS
10
0.1960288188976378
20
0.9669943700787401
11
0.1943016141732283
21
0.9693016141732284
0
LINE
8
BLACK
6
CONTINUOUS
10
0.1943016141732283
20
0.9693016141732284
11
0.1896931889763779
21
0.9727514566929134
0
LINE
8
BLACK
6
CONTINUOUS
10
0.1896931889763779
20
0.9727514566929134
11
0.1896931496062992
21
0.9727514566929134
0
LINE
8
BLACK
6
CONTINUOUS
10
0.1896931496062992
20
0.9727514566929134
11
0.1896930708661417
21
0.9727515354330708
0
LINE
8
BLACK
6
CONTINUOUS
10
0.1896930708661417
20
0.9727515354330708
11
0.1842992519685039
21
0.9747633464566929
0
LINE
8
BLACK
6
CONTINUOUS
10
0.1842992519685039
20
0.9747633464566929
11
0.1842991732283465
21
0.9747633464566929
0
LINE
8
BLACK
6
CONTINUOUS
10
0.1842991732283465
20
0.9747633464566929
11
0.1842990551181102
21
0.9747633858267716
0
LINE
8
BLACK
6
CONTINUOUS
10
0.1842990551181102
20
0.9747633858267716
11
0.1819153149606299
21
0.9750196456692913
0
LINE
8
BLACK
6
CONTINUOUS
10
0.1819153149606299
20
0.9750196456692913
11
0.1819151574803149
21
0.9750196456692913
0
LINE
8
BLACK
6
CONTINUOUS
10
0.1819151574803149
20
0.9750196456692913
11
0.1819148818897638
21
0.9750196850393701
0
LINE
8
BLACK
6
CONTINUOUS
10
0.1819148818897638
20
0.9750196850393701
11
0.1180851181102362
21
0.9750196850393701
0
LINE
8
BLACK
6
CONTINUOUS
10
0.1180851181102362
20
0.9750196850393701
11
0.118084842519685
21
0.9750196456692913
0
LINE
8
BLACK
6
CONTINUOUS
10
0.118084842519685
20
0.9750196456692913
11
0.1180846456692913
21
0.9750196456692913
0
LINE
8
BLACK
6
CONTINUOUS
10
0.1180846456692913
20
0.9750196456692913
11
0.115700905511811
21
0.9747633858267716
0
LINE
8
BLACK
6
CONTINUOUS
10
0.115700905511811
20
0.9747633858267716
11
0.1157005905511811
21
0.9747633070866142
0
LINE
8
BLACK
6
CONTINUOUS
10
0.1157005905511811
20
0.9747633070866142
11
0.112632874015748
21
0.9736190551181102
0
LINE
8
BLACK
6
CONTINUOUS
10
0.112632874015748
20
0.9736190551181102
11
0.1103069291338583
21
0.9727515354330708
0
LINE
8
BLACK
6
CONTINUOUS
10
0.1103069291338583
20
0.9727515354330708
11
0.1103068503937008
21
0.972751496062992
0
LINE
8
BLACK
6
CONTINUOUS
10
0.1103068503937008
20
0.972751496062992
11
0.1103067716535433
21
0.9727514566929134
0
LINE
8
BLACK
6
CONTINUOUS
10
0.1103067716535433
20
0.9727514566929134
11
0.1056983464566929
21
0.9693016141732284
0
LINE
8
BLACK
6
CONTINUOUS
10
0.1056983464566929
20
0.9693016141732284
11
0.1022485039370079
21
0.9646931889763779
0
LINE
8
BLACK
6
CONTINUOUS
10
0.1022485039370079
20
0.9646931889763779
11
0.1022484251968504
21
0.9646929921259842
0
LINE
8
BLACK
6
CONTINUOUS
10
0.1022484251968504
20
0.9646929921259842
11
0.1002366535433071
21
0.9592993700787401
0
LINE
8
BLACK
6
CONTINUOUS
10
0.1002366535433071
20
0.9592993700787401
11
0.1002365748031496
21
0.9592990551181102
0
LINE
8
BLACK
6
CONTINUOUS
10
0.1002365748031496
20
0.9592990551181102
11
0.0999803149606299
21
0.9569153149606299
0
LINE
8
BLACK
6
CONTINUOUS
10
0.0999803149606299
20
0.9569153149606299
11
0.0999803149606299
21
0.8930846456692914
0
LINE
8
BLACK
6
CONTINUOUS
10
1.3911600393700787
20
1.0938302755905511
11
1.3933422834645668
21
1.0847404330708661
0
LINE
8
BLACK
6
CONTINUOUS
10
1.3933422834645668
20
1.0847404330708661
11
1.3969196456692914
21
1.0761038582677165
0
LINE
8
BLACK
6
CONTINUOUS
10
1.3969196456692914
20
1.0761038582677165
11
1.4018041338582676
21
1.0681331496062991
0
LINE
8
BLACK
6
CONTINUOUS
10
1.4018041338582676
20
1.0681331496062991
11
1.4018041732283464
21
1.0681330708661416
0
LINE
8
BLACK
6
CONTINUOUS
10
1.4018041732283464
20
1.0681330708661416
11
1.4078751968503938
21
1.0610248031496063
0
LINE
8
BLACK
6
CONTINUOUS
10
1.4078751968503938
20
1.0610248031496063
11
1.414983464566929
21
1.054953779527559
0
LINE
8
BLACK
6
CONTINUOUS
10
1.414983464566929
20
1.054953779527559
11
1.4149835433070865
21
1.0549537401574802
0
LINE
8
BLACK
6
CONTINUOUS
10
1.4149835433070865
20
1.0549537401574802
11
1.4229542519685039
21
1.050069251968504
0
LINE
8
BLACK
6
CONTINUOUS
10
1.4229542519685039
20
1.050069251968504
11
1.4315908267716535
21
1.0464918897637796
0
LINE
8
BLACK
6
CONTINUOUS
10
1.4315908267716535
20
1.0464918897637796
11
1.4406806692913385
21
1.0443096456692913
0
LINE
8
BLACK
6
CONTINUOUS
10
1.4406806692913385
20
1.0443096456692913
11
1.45
21
1.0435761811023623
0
LINE
8
BLACK
6
CONTINUOUS
10
1.45
20
1.0435761811023623
11
1.4593193307086614
21
1.0443096456692913
0
LINE
8
BLACK
6
CONTINUOUS
10
1.4593193307086614
20
1.0443096456692913
11
1.4621909842519685
21
1.0449990551181103
0
LINE
8
BLACK
6
CONTINUOUS
10
1.4621909842519685
20
1.0449990551181103
11
1.4684091338582677
21
1.0464918897637796
0
LINE
8
BLACK
6
CONTINUOUS
10
1.4684091338582677
20
1.0464918897637796
11
1.4770457086614173
21
1.050069251968504
0
LINE
8
BLACK
6
CONTINUOUS
10
1.4770457086614173
20
1.050069251968504
11
1.4770457874015748
21
1.0500692913385827
0
LINE
8
BLACK
6
CONTINUOUS
10
1.4770457874015748
20
1.0500692913385827
11
1.4850163779527559
21
1.0549537007874015
0
LINE
8
BLACK
6
CONTINUOUS
10
1.4850163779527559
20
1.0549537007874015
11
1.4850164173228346
21
1.0549537401574802
0
LINE
8
BLACK
6
CONTINUOUS
10
1.4850164173228346
20
1.0549537401574802
11
1.4850164960629921
21
1.054953779527559
0
LINE
8
BLACK
6
CONTINUOUS
10
1.4850164960629921
20
1.054953779527559
11
1.4921247637795276
21
1.0610248031496063
0
LINE
8
BLACK
6
CONTINUOUS
10
1.4921247637795276
20
1.0610248031496063
11
1.4981957874015748
21
1.0681330708661416
0
LINE
8
BLACK
6
CONTINUOUS
10
1.4981957874015748
20
1.0681330708661416
11
1.4981958267716535
21
1.0681331496062991
0
LINE
8
BLACK
6
CONTINUOUS
10
1.4981958267716535
20
1.0681331496062991
11
1.498195905511811
21
1.0681332283464566
0
LINE
8
BLACK
6
CONTINUOUS
10
1.498195905511811
20
1.0681332283464566
11
1.50308031496063
21
1.0761038188976377
0
LINE
8
BLACK
6
CONTINUOUS
10
1.50308031496063
20
1.0761038188976377
11
1.5042429527559056
21
1.0789106692913386
0
LINE
8
BLACK
6
CONTINUOUS
10
1.5042429527559056
20
1.0789106692913386
11
1.5066576771653544
21
1.0847403937007873
0
LINE
8
BLACK
6
CONTINUOUS
10
1.5066576771653544
20
1.0847403937007873
11
1.5088399606299212
21
1.0938302755905511
0
LINE
8
BLACK
6
CONTINUOUS
10
1.5088399606299212
20
1.0938302755905511
11
1.5095734251968504
21
1.1031496062992125
0
LINE
8
BLACK
6
CONTINUOUS
10
1.5095734251968504
20
1.1031496062992125
11
1.5088399606299212
21
1.112468937007874
0
LINE
8
BLACK
6
CONTINUOUS
10
1.5088399606299212
20
1.112468937007874
11
1.5066576771653544
21
1.1215588188976378
0
LINE
8
BLACK
6
CONTINUOUS
10
1.5066576771653544
20
1.1215588188976378
11
1.50308031496063
21
1.1301953937007874
0
LINE
8
BLACK
6
CONTINUOUS
10
1.50308031496063
20
1.1301953937007874
11
1.498195905511811
21
1.1381659842519685
0
LINE
8
BLACK
6
CONTINUOUS
10
1.498195905511811
20
1.1381659842519685
11
1.4921247637795276
21
1.1452743700787402
0
LINE
8
BLACK
6
CONTINUOUS
10
1.4921247637795276
20
1.1452743700787402
11
1.4850163779527559
21
1.1513455118110236
0
LINE
8
BLACK
6
CONTINUOUS
10
1.4850163779527559
20
1.1513455118110236
11
1.4770457874015748
21
1.1562299212598426
0
LINE
8
BLACK
6
CONTINUOUS
10
1.4770457874015748
20
1.1562299212598426
11
1.4684092125984252
21
1.159807283464567
0
LINE
8
BLACK
6
CONTINUOUS
10
1.4684092125984252
20
1.159807283464567
11
1.4593193307086614
21
1.1619895669291338
0
LINE
8
BLACK
6
CONTINUOUS
10
1.4593193307086614
20
1.1619895669291338
11
1.45
21
1.162723031496063
0
LINE
8
BLACK
6
CONTINUOUS
10
1.45
20
1.162723031496063
11
1.4406806692913385
21
1.1619895669291338
0
LINE
8
BLACK
6
CONTINUOUS
10
1.4406806692913385
20
1.1619895669291338
11
1.4315907874015747
21
1.159807283464567
0
LINE
8
BLACK
6
CONTINUOUS
10
1.4315907874015747
20
1.159807283464567
11
1.4229542125984251
21
1.1562299212598426
0
LINE
8
BLACK
6
CONTINUOUS
10
1.4229542125984251
20
1.1562299212598426
11
1.414983622047244
21
1.1513455118110236
0
LINE
8
BLACK
6
CONTINUOUS
10
1.414983622047244
20
1.1513455118110236
11
1.4149835433070865
21
1.1513454330708661
0
LINE
8
BLACK
6
CONTINUOUS
10
1.4149835433070865
20
1.1513454330708661
11
1.414983464566929
21
1.1513453937007874
0
LINE
8
BLACK
6
CONTINUOUS
10
1.414983464566929
20
1.1513453937007874
11
1.4078751968503938
21
1.1452743700787402
0
LINE
8
BLACK
6
CONTINUOUS
10
1.4078751968503938
20
1.1452743700787402
11
1.4018041732283464
21
1.1381661023622047
0
LINE
8
BLACK
6
CONTINUOUS
10
1.4018041732283464
20
1.1381661023622047
11
1.4018041338582676
21
1.1381660236220472
0
LINE
8
BLACK
6
CONTINUOUS
10
1.4018041338582676
20
1.1381660236220472
11
1.3969196456692914
21
1.1301953149606299
0
LINE
8
BLACK
6
CONTINUOUS
10
1.3969196456692914
20
1.1301953149606299
11
1.3933422834645668
21
1.1215587401574802
0
LINE
8
BLACK
6
CONTINUOUS
10
1.3933422834645668
20
1.1215587401574802
11
1.3921444094488189
21
1.1165692125984252
0
LINE
8
BLACK
6
CONTINUOUS
10
1.3921444094488189
20
1.1165692125984252
11
1.3913305118110235
21
1.1131788976377952
0
LINE
8
BLACK
6
CONTINUOUS
10
1.3913305118110235
20
1.1131788976377952
11
1.3911600393700787
21
1.1124688976377952
0
LINE
8
BLACK
6
CONTINUOUS
10
1.3911600393700787
20
1.1124688976377952
11
1.3904265748031497
21
1.1031496062992125
0
LINE
8
BLACK
6
CONTINUOUS
10
1.3904265748031497
20
1.1031496062992125
11
1.3911600393700787
21
1.0938302755905511
0
LINE
8
BLACK
6
CONTINUOUS
10
1.3906102362204724
20
1.2587145669291337
11
1.3908664960629922
21
1.2563308267716535
0
LINE
8
BLACK
6
CONTINUOUS
10
1.3908664960629922
20
1.2563308267716535
11
1.3908665748031497
21
1.2563305118110235
0
LINE
8
BLACK
6
CONTINUOUS
10
1.3908665748031497
20
1.2563305118110235
11
1.392878346456693
21
1.2509368897637796
0
LINE
8
BLACK
6
CONTINUOUS
10
1.392878346456693
20
1.2509368897637796
11
1.3928784251968505
21
1.2509366929133858
0
LINE
8
BLACK
6
CONTINUOUS
10
1.3928784251968505
20
1.2509366929133858
11
1.3963282677165354
21
1.2463282677165355
0
LINE
8
BLACK
6
CONTINUOUS
10
1.3963282677165354
20
1.2463282677165355
11
1.4009366929133857
21
1.2428784251968503
0
LINE
8
BLACK
6
CONTINUOUS
10
1.4009366929133857
20
1.2428784251968503
11
1.4009368897637795
21
1.2428783464566928
0
LINE
8
BLACK
6
CONTINUOUS
10
1.4009368897637795
20
1.2428783464566928
11
1.4063305118110236
21
1.2408665748031495
0
LINE
8
BLACK
6
CONTINUOUS
10
1.4063305118110236
20
1.2408665748031495
11
1.4063308267716534
21
1.240866496062992
0
LINE
8
BLACK
6
CONTINUOUS
10
1.4063308267716534
20
1.240866496062992
11
1.4087145669291339
21
1.2406102362204725
0
LINE
8
BLACK
6
CONTINUOUS
10
1.4087145669291339
20
1.2406102362204725
11
1.4087150393700787
21
1.2406102362204725
0
LINE
8
BLACK
6
CONTINUOUS
10
1.4087150393700787
20
1.2406102362204725
11
1.4912853937007873
21
1.2406102362204725
0
LINE
8
BLACK
6
CONTINUOUS
10
1.4912853937007873
20
1.2406102362204725
11
1.4936691338582677
21
1.240866496062992
0
LINE
8
BLACK
6
CONTINUOUS
10
1.4936691338582677
20
1.240866496062992
11
1.4936694488188975
21
1.2408665748031495
0
LINE
8
BLACK
6
CONTINUOUS
10
1.4936694488188975
20
1.2408665748031495
11
1.4990630708661417
21
1.2428783464566928
0
LINE
8
BLACK
6
CONTINUOUS
10
1.4990630708661417
20
1.2428783464566928
11
1.4990632677165354
21
1.2428784251968503
0
LINE
8
BLACK
6
CONTINUOUS
10
1.4990632677165354
20
1.2428784251968503
11
1.5036716929133858
21
1.2463282677165355
0
LINE
8
BLACK
6
CONTINUOUS
10
1.5036716929133858
20
1.2463282677165355
11
1.5071215354330709
21
1.2509366929133858
0
LINE
8
BLACK
6
CONTINUOUS
10
1.5071215354330709
20
1.2509366929133858
11
1.5071216141732282
21
1.2509368897637796
0
LINE
8
BLACK
6
CONTINUOUS
10
1.5071216141732282
20
1.2509368897637796
11
1.507774251968504
21
1.2526865748031495
0
LINE
8
BLACK
6
CONTINUOUS
10
1.507774251968504
20
1.2526865748031495
11
1.5080861417322835
21
1.2535227952755905
0
LINE
8
BLACK
6
CONTINUOUS
10
1.5080861417322835
20
1.2535227952755905
11
1.5091333858267717
21
1.2563305118110235
0
LINE
8
BLACK
6
CONTINUOUS
10
1.5091333858267717
20
1.2563305118110235
11
1.5091334645669292
21
1.2563308267716535
0
LINE
8
BLACK
6
CONTINUOUS
10
1.5091334645669292
20
1.2563308267716535
11
1.5093897244094487
21
1.2587145669291337
0
LINE
8
BLACK
6
CONTINUOUS
10
1.5093897244094487
20
1.2587145669291337
11
1.5093897637795275
21
1.2587152362204723
0
LINE
8
BLACK
6
CONTINUOUS
10
1.5093897637795275
20
1.2587152362204723
11
1.5093897637795275
21
1.2749999606299212
0
LINE
8
BLACK
6
CONTINUOUS
10
1.5093897637795275
20
1.2749999606299212
11
1.5093897637795275
21
1.3412847244094488
0
LINE
8
BLACK
6
CONTINUOUS
10
1.5093897637795275
20
1.3412847244094488
11
1.5093897244094487
21
1.3412853937007874
0
LINE
8
BLACK
6
CONTINUOUS
10
1.5093897244094487
20
1.3412853937007874
11
1.5091334645669292
21
1.3436691338582676
0
LINE
8
BLACK
6
CONTINUOUS
10
1.5091334645669292
20
1.3436691338582676
11
1.5091333858267717
21
1.3436694488188976
0
LINE
8
BLACK
6
CONTINUOUS
10
1.5091333858267717
20
1.3436694488188976
11
1.5088566929133858
21
1.344411220472441
0
LINE
8
BLACK
6
CONTINUOUS
10
1.5088566929133858
20
1.344411220472441
11
1.5071216141732282
21
1.3490631496062993
0
LINE
8
BLACK
6
CONTINUOUS
10
1.5071216141732282
20
1.3490631496062993
11
1.5036716929133858
21
1.3536716929133858
0
LINE
8
BLACK
6
CONTINUOUS
10
1.5036716929133858
20
1.3536716929133858
11
1.5001205118110237
21
1.3563300787401575
0
LINE
8
BLACK
6
CONTINUOUS
10
1.5001205118110237
20
1.3563300787401575
11
1.4990632677165354
21
1.3571215354330708
0
LINE
8
BLACK
6
CONTINUOUS
10
1.4990632677165354
20
1.3571215354330708
11
1.4990632283464567
21
1.3571215354330708
0
LINE
8
BLACK
6
CONTINUOUS
10
1.4990632283464567
20
1.3571215354330708
11
1.4990631496062992
21
1.3571216141732283
0
LINE
8
BLACK
6
CONTINUOUS
10
1.4990631496062992
20
1.3571216141732283
11
1.4936693307086615
21
1.3591334251968503
0
LINE
8
BLACK
6
CONTINUOUS
10
1.4936693307086615
20
1.3591334251968503
11
1.493669251968504
21
1.3591334251968503
0
LINE
8
BLACK
6
CONTINUOUS
10
1.493669251968504
20
1.3591334251968503
11
1.4936691338582677
21
1.3591334645669291
0
LINE
8
BLACK
6
CONTINUOUS
10
1.4936691338582677
20
1.3591334645669291
11
1.4912853937007873
21
1.3593897244094488
0
LINE
8
BLACK
6
CONTINUOUS
10
1.4912853937007873
20
1.3593897244094488
11
1.4912852362204725
21
1.3593897244094488
0
LINE
8
BLACK
6
CONTINUOUS
10
1.4912852362204725
20
1.3593897244094488
11
1.4912849606299212
21
1.3593897637795276
0
LINE
8
BLACK
6
CONTINUOUS
10
1.4912849606299212
20
1.3593897637795276
11
1.4087150393700787
21
1.3593897637795276
0
LINE
8
BLACK
6
CONTINUOUS
10
1.4087150393700787
20
1.3593897637795276
11
1.4087147637795274
21
1.3593897244094488
0
LINE
8
BLACK
6
CONTINUOUS
10
1.4087147637795274
20
1.3593897244094488
11
1.4087145669291339
21
1.3593897244094488
0
LINE
8
BLACK
6
CONTINUOUS
10
1.4087145669291339
20
1.3593897244094488
11
1.4063308267716534
21
1.3591334645669291
0
LINE
8
BLACK
6
CONTINUOUS
10
1.4063308267716534
20
1.3591334645669291
11
1.4063305118110236
21
1.3591333858267716
0
LINE
8
BLACK
6
CONTINUOUS
10
1.4063305118110236
20
1.3591333858267716
11
1.404021653543307
21
1.3582722047244093
0
LINE
8
BLACK
6
CONTINUOUS
10
1.404021653543307
20
1.3582722047244093
11
1.4009368503937007
21
1.3571216141732283
0
LINE
8
BLACK
6
CONTINUOUS
10
1.4009368503937007
20
1.3571216141732283
11
1.4009367716535432
21
1.3571215748031495
0
LINE
8
BLACK
6
CONTINUOUS
10
1.4009367716535432
20
1.3571215748031495
11
1.4009366929133857
21
1.3571215354330708
0
LINE
8
BLACK
6
CONTINUOUS
10
1.4009366929133857
20
1.3571215354330708
11
1.3963282677165354
21
1.3536716929133858
0
LINE
8
BLACK
6
CONTINUOUS
10
1.3963282677165354
20
1.3536716929133858
11
1.3928784251968505
21
1.3490632677165355
0
LINE
8
BLACK
6
CONTINUOUS
10
1.3928784251968505
20
1.3490632677165355
11
1.392878346456693
21
1.3490630708661417
0
LINE
8
BLACK
6
CONTINUOUS
10
1.392878346456693
20
1.3490630708661417
11
1.3908665748031497
21
1.3436694488188976
0
LINE
8
BLACK
6
CONTINUOUS
10
1.3908665748031497
20
1.3436694488188976
11
1.3908664960629922
21
1.3436691338582676
0
LINE
8
BLACK
6
CONTINUOUS
10
1.3908664960629922
20
1.3436691338582676
11
1.3906102362204724
21
1.3412853937007874
0
LINE
8
BLACK
6
CONTINUOUS
10
1.3906102362204724
20
1.3412853937007874
11
1.3906102362204724
21
1.2587145669291337
0
LINE
8
BLACK
6
CONTINUOUS
10
1.6563490157480314
20
1.4136682677165353
11
1.6563490157480314
21
1.4136680708661418
0
LINE
8
BLACK
6
CONTINUOUS
10
1.6563490157480314
20
1.4136680708661418
11
1.6563490551181101
21
1.4136680708661418
0
LINE
8
BLACK
6
CONTINUOUS
10
1.6563490551181101
20
1.4136680708661418
11
1.6586579133858268
21
1.4035521259842518
0
LINE
8
BLACK
6
CONTINUOUS
10
1.6586579133858268
20
1.4035521259842518
11
1.6624488976377951
21
1.3938928740157479
0
LINE
8
BLACK
6
CONTINUOUS
10
1.6624488976377951
20
1.3938928740157479
11
1.6624490157480314
21
1.3938925590551181
0
LINE
8
BLACK
6
CONTINUOUS
10
1.6624490157480314
20
1.3938925590551181
11
1.6676370866141732
21
1.3849065748031495
0
LINE
8
BLACK
6
CONTINUOUS
10
1.6676370866141732
20
1.3849065748031495
11
1.6741068897637794
21
1.3767937401574804
0
LINE
8
BLACK
6
CONTINUOUS
10
1.6741068897637794
20
1.3767937401574804
11
1.6817133858267717
21
1.3697359448818898
0
LINE
8
BLACK
6
CONTINUOUS
10
1.6817133858267717
20
1.3697359448818898
11
1.6817135826771654
21
1.3697357874015748
0
LINE
8
BLACK
6
CONTINUOUS
10
1.6817135826771654
20
1.3697357874015748
11
1.6902864173228347
21
1.3638909055118109
0
LINE
8
BLACK
6
CONTINUOUS
10
1.6902864173228347
20
1.3638909055118109
11
1.6902867322834645
21
1.3638907480314961
0
LINE
8
BLACK
6
CONTINUOUS
10
1.6902867322834645
20
1.3638907480314961
11
1.6996355118110236
21
1.3593885433070867
0
LINE
8
BLACK
6
CONTINUOUS
10
1.6996355118110236
20
1.3593885433070867
11
1.6996359842519684
21
1.3593883464566929
0
LINE
8
BLACK
6
CONTINUOUS
10
1.6996359842519684
20
1.3593883464566929
11
1.709550748031496
21
1.3563300787401575
0
LINE
8
BLACK
6
CONTINUOUS
10
1.709550748031496
20
1.3563300787401575
11
1.7095511023622048
21
1.35633
0
LINE
8
BLACK
6
CONTINUOUS
10
1.7095511023622048
20
1.35633
11
1.7095511811023623
21
1.35633
0
LINE
8
BLACK
6
CONTINUOUS
10
1.7095511811023623
20
1.35633
11
1.7198117716535433
21
1.354783464566929
0
LINE
8
BLACK
6
CONTINUOUS
10
1.7198117716535433
20
1.354783464566929
11
1.7198119291338583
21
1.354783464566929
0
LINE
8
BLACK
6
CONTINUOUS
10
1.7198119291338583
20
1.354783464566929
11
1.7301880708661417
21
1.354783464566929
0
LINE
8
BLACK
6
CONTINUOUS
10
1.7301880708661417
20
1.354783464566929
11
1.7301882283464567
21
1.354783464566929
0
LINE
8
BLACK
6
CONTINUOUS
10
1.7301882283464567
20
1.354783464566929
11
1.7404488188976377
21
1.35633
0
LINE
8
BLACK
6
CONTINUOUS
10
1.7404488188976377
20
1.35633
11
1.7404488976377952
21
1.35633
0
LINE
8
BLACK
6
CONTINUOUS
10
1.7404488976377952
20
1.35633
11
1.7404492125984252
21
1.3563300787401575
0
LINE
8
BLACK
6
CONTINUOUS
10
1.7404492125984252
20
1.3563300787401575
11
1.7503639763779528
21
1.3593883464566929
0
LINE
8
BLACK
6
CONTINUOUS
10
1.7503639763779528
20
1.3593883464566929
11
1.7503644488188976
21
1.3593885433070867
0
LINE
8
BLACK
6
CONTINUOUS
10
1.7503644488188976
20
1.3593885433070867
11
1.7597133070866142
21
1.3638907480314961
0
LINE
8
BLACK
6
CONTINUOUS
10
1.7597133070866142
20
1.3638907480314961
11
1.7597135826771653
21
1.3638909055118109
0
LINE
8
BLACK
6
CONTINUOUS
10
1.7597135826771653
20
1.3638909055118109
11
1.7682863779527558
21
1.3697357874015748
0
LINE
8
BLACK
6
CONTINUOUS
10
1.7682863779527558
20
1.3697357874015748
11
1.7682864173228345
21
1.3697358267716535
0
LINE
8
BLACK
6
CONTINUOUS
10
1.7682864173228345
20
1.3697358267716535
11
1.7682866535433071
21
1.3697359842519685
0
LINE
8
BLACK
6
CONTINUOUS
10
1.7682866535433071
20
1.3697359842519685
11
1.7758931496062991
21
1.3767937795275591
0
LINE
8
BLACK
6
CONTINUOUS
10
1.7758931496062991
20
1.3767937795275591
11
1.7823627952755905
21
1.3849064566929135
0
LINE
8
BLACK
6
CONTINUOUS
10
1.7823627952755905
20
1.3849064566929135
11
1.782362874015748
21
1.3849065748031495
0
LINE
8
BLACK
6
CONTINUOUS
10
1.782362874015748
20
1.3849065748031495
11
1.7875509448818898
21
1.3938925590551181
0
LINE
8
BLACK
6
CONTINUOUS
10
1.7875509448818898
20
1.3938925590551181
11
1.7875510629921258
21
1.3938928740157479
0
LINE
8
BLACK
6
CONTINUOUS
10
1.7875510629921258
20
1.3938928740157479
11
1.7913420078740157
21
1.403551968503937
0
LINE
8
BLACK
6
CONTINUOUS
10
1.7913420078740157
20
1.403551968503937
11
1.7936509842519686
21
1.4136682677165353
0
LINE
8
BLACK
6
CONTINUOUS
10
1.7936509842519686
20
1.4136682677165353
11
1.7944264173228346
21
1.4240157480314961
0
LINE
8
BLACK
6
CONTINUOUS
10
1.7944264173228346
20
1.4240157480314961
11
1.7936509842519686
21
1.4343632283464567
0
LINE
8
BLACK
6
CONTINUOUS
10
1.7936509842519686
20
1.4343632283464567
11
1.7913420078740157
21
1.4444795275590552
0
LINE
8
BLACK
6
CONTINUOUS
10
1.7913420078740157
20
1.4444795275590552
11
1.7875510236220471
21
1.4541387401574803
0
LINE
8
BLACK
6
CONTINUOUS
10
1.7875510236220471
20
1.4541387401574803
11
1.7823627952755905
21
1.4631250393700788
0
LINE
8
BLACK
6
CONTINUOUS
10
1.7823627952755905
20
1.4631250393700788
11
1.7758931496062991
21
1.4712377165354331
0
LINE
8
BLACK
6
CONTINUOUS
10
1.7758931496062991
20
1.4712377165354331
11
1.7682866535433071
21
1.4782955118110237
0
LINE
8
BLACK
6
CONTINUOUS
10
1.7682866535433071
20
1.4782955118110237
11
1.7597132283464567
21
1.4841407874015748
0
LINE
8
BLACK
6
CONTINUOUS
10
1.7597132283464567
20
1.4841407874015748
11
1.7503643307086614
21
1.4886429921259843
0
LINE
8
BLACK
6
CONTINUOUS
10
1.7503643307086614
20
1.4886429921259843
11
1.7503640551181101
21
1.4886430708661418
0
LINE
8
BLACK
6
CONTINUOUS
10
1.7503640551181101
20
1.4886430708661418
11
1.7503639763779528
21
1.4886431102362205
0
LINE
8
BLACK
6
CONTINUOUS
10
1.7503639763779528
20
1.4886431102362205
11
1.7404492125984252
21
1.4917013779527559
0
LINE
8
BLACK
6
CONTINUOUS
10
1.7404492125984252
20
1.4917013779527559
11
1.7404491732283465
21
1.4917013779527559
0
LINE
8
BLACK
6
CONTINUOUS
10
1.7404491732283465
20
1.4917013779527559
11
1.7404488188976377
21
1.4917014960629922
0
LINE
8
BLACK
6
CONTINUOUS
10
1.7404488188976377
20
1.4917014960629922
11
1.7301882283464567
21
1.493248031496063
0
LINE
8
BLACK
6
CONTINUOUS
10
1.7301882283464567
20
1.493248031496063
11
1.7198117716535433
21
1.493248031496063
0
LINE
8
BLACK
6
CONTINUOUS
10
1.7198117716535433
20
1.493248031496063
11
1.7095511811023623
21
1.4917014960629922
0
LINE
8
BLACK
6
CONTINUOUS
10
1.7095511811023623
20
1.4917014960629922
11
1.7095508267716535
21
1.4917013779527559
0
LINE
8
BLACK
6
CONTINUOUS
10
1.7095508267716535
20
1.4917013779527559
11
1.709550748031496
21
1.4917013779527559
0
LINE
8
BLACK
6
CONTINUOUS
10
1.709550748031496
20
1.4917013779527559
11
1.6996359842519684
21
1.4886431102362205
0
LINE
8
BLACK
6
CONTINUOUS
10
1.6996359842519684
20
1.4886431102362205
11
1.6996357874015748
21
1.4886429921259843
0
LINE
8
BLACK
6
CONTINUOUS
10
1.6996357874015748
20
1.4886429921259843
11
1.6996356692913386
21
1.4886429921259843
0
LINE
8
BLACK
6
CONTINUOUS
10
1.6996356692913386
20
1.4886429921259843
11
1.690286811023622
21
1.4841407874015748
0
LINE
8
BLACK
6
CONTINUOUS
10
1.690286811023622
20
1.4841407874015748
11
1.6902865748031495
21
1.4841406299212598
0
LINE
8
BLACK
6
CONTINUOUS
10
1.6902865748031495
20
1.4841406299212598
11
1.6902864173228347
21
1.4841405511811023
0
LINE
8
BLACK
6
CONTINUOUS
10
1.6902864173228347
20
1.4841405511811023
11
1.6827240157480314
21
1.4789845669291337
0
LINE
8
BLACK
6
CONTINUOUS
10
1.6827240157480314
20
1.4789845669291337
11
1.6817133464566929
21
1.4782955118110237
0
LINE
8
BLACK
6
CONTINUOUS
10
1.6817133464566929
20
1.4782955118110237
11
1.6741068503937007
21
1.4712377165354331
0
LINE
8
BLACK
6
CONTINUOUS
10
1.6741068503937007
20
1.4712377165354331
11
1.6676372047244095
21
1.4631250393700788
0
LINE
8
BLACK
6
CONTINUOUS
10
1.6676372047244095
20
1.4631250393700788
11
1.6676370866141732
21
1.4631248818897638
0
LINE
8
BLACK
6
CONTINUOUS
10
1.6676370866141732
20
1.4631248818897638
11
1.6624490157480314
21
1.4541388976377951
0
LINE
8
BLACK
6
CONTINUOUS
10
1.6624490157480314
20
1.4541388976377951
11
1.6624488976377951
21
1.4541385826771653
0
LINE
8
BLACK
6
CONTINUOUS
10
1.6624488976377951
20
1.4541385826771653
11
1.6586579133858268
21
1.4444793307086614
0
LINE
8
BLACK
6
CONTINUOUS
10
1.6586579133858268
20
1.4444793307086614
11
1.6565614960629922
21
1.4352941732283464
0
LINE
8
BLACK
6
CONTINUOUS
10
1.6565614960629922
20
1.4352941732283464
11
1.6563490157480314
21
1.4343632283464567
0
LINE
8
BLACK
6
CONTINUOUS
10
1.6563490157480314
20
1.4343632283464567
11
1.6555735826771654
21
1.4240157480314961
0
LINE
8
BLACK
6
CONTINUOUS
10
1.6555735826771654
20
1.4240157480314961
11
1.6563490157480314
21
1.4136682677165353
0
CIRCLE
8
BLACK
10
1.45
20
1.3
40
0.0068897637795276
0
CIRCLE
8
BLACK
10
1.45
20
1.1031496062992125
40
0.0068897637795276
0
CIRCLE
8
BLACK
10
0.25
20
0.725
40
0.0068897637795276
0
CIRCLE
8
BLACK
10
0.15
20
0.725
40
0.0068897637795276
0
CIRCLE
8
BLACK
10
0.25
20
0.825
40
0.0068897637795276
0
CIRCLE
8
BLACK
10
0.15
20
0.825
40
0.0068897637795276
0
CIRCLE
8
BLACK
10
0.25
20
0.9249999999999999
40
0.0068897637795276
0
CIRCLE
8
BLACK
10
0.15
20
0.9249999999999999
40
0.0068897637795276
0
CIRCLE
8
BLACK
10
0.25
20
1.0249999999999999
40
0.0068897637795276
0
CIRCLE
8
BLACK
10
0.15
20
1.0249999999999999
40
0.0068897637795276
0
CIRCLE
8
BLACK
10
2.1999999999999997
20
1.3999999999999999
40
0.0068897637795276
0
CIRCLE
8
BLACK
10
0.2
20
0.2
40
0.0068897637795276
0
CIRCLE
8
BLACK
10
0.2
20
1.3999999999999999
40
0.0068897637795276
0
CIRCLE
8
BLACK
10
2.1999999999999997
20
0.2
40
0.0068897637795276
0
CIRCLE
8
BLACK
10
2.2749999999999999
20
1.125
40
0.0068897637795276
0
CIRCLE
8
BLACK
10
2.1749999999999998
20
1.125
40
0.0068897637795276
0
CIRCLE
8
BLACK
10
2.0749999999999997
20
1.125
40
0.0068897637795276
0
CIRCLE
8
BLACK
10
2.2749999999999999
20
0.9
40
0.0068897637795276
0
CIRCLE
8
BLACK
10
2.1749999999999998
20
0.9
40
0.0068897637795276
0
CIRCLE
8
BLACK
10
2.0749999999999997
20
0.9
40
0.0068897637795276
0
CIRCLE
8
BLACK
10
2.2749999999999999
20
0.6749999999999999
40
0.0068897637795276
0
CIRCLE
8
BLACK
10
2.1749999999999998
20
0.6749999999999999
40
0.0068897637795276
0
CIRCLE
8
BLACK
10
2.0749999999999997
20
0.6749999999999999
40
0.0068897637795276
0
CIRCLE
8
BLACK
10
2.2749999999999999
20
0.45
40
0.0068897637795276
0
CIRCLE
8
BLACK
10
2.1749999999999998
20
0.45
40
0.0068897637795276
0
CIRCLE
8
BLACK
10
2.0749999999999997
20
0.45
40
0.0068897637795276
0
CIRCLE
8
BLACK
10
1.175
20
1.4240157480314961
40
0.0068897637795276
0
CIRCLE
8
BLACK
10
1.175
20
0.1759842519685039
40
0.0068897637795276
0
CIRCLE
8
BLACK
10
0.625
20
1.4240157480314961
40
0.0068897637795276
0
CIRCLE
8
BLACK
10
0.625
20
0.1759842519685039
40
0.0068897637795276
0
CIRCLE
8
BLACK
10
1.7249999999999999
20
0.1759842519685039
40
0.0068897637795276
0
CIRCLE
8
BLACK
10
1.7249999999999999
20
1.4240157480314961
40
0.0068897637795276
0
CIRCLE
8
BLACK
10
1.9749999999999999
20
1.2749999999999999
40
0.0078740157480315
0
CIRCLE
8
BLACK
10
1.175
20
0.475
40
0.0078740157480315
0
CIRCLE
8
BLACK
10
1.7
20
0.65
40
0.0078740157480315
0
CIRCLE
8
BLACK
10
1.7
20
0.875
40
0.0078740157480315
0
CIRCLE
8
BLACK
10
1.7
20
1.075
40
0.0078740157480315
0
CIRCLE
8
BLACK
10
1.75
20
0.45
40
0.0078740157480315
  0
ENDSEC
  0
EOF
