  0
SECTION
  2
HEADER
  9
$ANGBASE
  50
0.0
  9
$ANGDIR
  70
1
  9
$MEASUREMENT
  70
0
  0
ENDSEC
  0
SECTION
  2
TABLES
  0
TABLE
  2
LTYPE
  70
4
  0
LTYPE
  5
40F
  2
CONTINUOUS
  70
0
  3
Solid line
  72
65
  73
0
  40
0.0
  0
LTYPE
  5
410
  2
DASHDOT
 70
0
  3
Dash Dot ____ _ ____ _
 72
65
 73
4
 40
2.0
 49
1.25
 49
-0.25
 49
0.25
 49
-0.25
  0
LTYPE
  5
411
  2
DASHED
 70
0
  3
Dashed __ __ __ __ __
 72
65
 73
2
 40
0.75
 49
0.5
 49
-0.25
  0
LTYPE
  5
43B
  2
DOTTED
 70
0
  3
Dotted .  .  .  .
 72
65
 73
2
 40
0.2
 49
0.0
 49
-0.2
  0
ENDTAB
  0
TABLE
  2
STYLE
  70
4
  0
STYLE
  2
KICAD
  70
0
  40
0
  41
1
  42
1
  50
0
  71
0
  3
isocp.shx
  0
STYLE
  2
KICADB
  70
0
  40
0
  41
1
  42
1
  50
0
  71
0
  3
isocp.shx
  0
STYLE
  2
KICADI
  70
0
  40
0
  41
1
  42
1
  50
15
  71
0
  3
isocp.shx
  0
STYLE
  2
KICADBI
  70
0
  40
0
  41
1
  42
1
  50
15
  71
0
  3
isocp.shx
  0
ENDTAB
  0
TABLE
  2
LAYER
  70
1
  0
LAYER
  2
BLACK
  70
0
  62
7
  6
CONTINUOUS
  0
ENDTAB
  0
ENDSEC
  0
SECTION
  2
ENTITIES
0
LINE
8
BLACK
6
CONTINUOUS
10
1.1818792125984252
20
0.4934438976377953
11
1.186796811023622
21
0.4907587007874016
0
LINE
8
BLACK
6
CONTINUOUS
10
1.186796811023622
20
0.4907587007874016
11
1.1907587007874016
21
0.486796811023622
0
LINE
8
BLACK
6
CONTINUOUS
10
1.1907587007874016
20
0.486796811023622
11
1.1934438976377952
21
0.4818792125984252
0
LINE
8
BLACK
6
CONTINUOUS
10
1.1934438976377952
20
0.4818792125984252
11
1.1946348818897639
21
0.4764043307086614
0
LINE
8
BLACK
6
CONTINUOUS
10
1.1946348818897639
20
0.4764043307086614
11
1.1942351574803149
21
0.4708156299212599
0
LINE
8
BLACK
6
CONTINUOUS
10
1.1942351574803149
20
0.4708156299212599
11
1.192277125984252
21
0.4655659842519685
0
LINE
8
BLACK
6
CONTINUOUS
10
1.192277125984252
20
0.4655659842519685
11
1.1889194094488189
21
0.4610805905511811
0
LINE
8
BLACK
6
CONTINUOUS
10
1.1889194094488189
20
0.4610805905511811
11
0.8899036614173228
21
0.162064842519685
0
LINE
8
BLACK
6
CONTINUOUS
10
0.8899036614173228
20
0.162064842519685
11
0.8882182677165354
21
0.1608031496062992
0
LINE
8
BLACK
6
CONTINUOUS
10
0.8882182677165354
20
0.1608031496062992
11
0.8866267716535433
21
0.1594241338582677
0
LINE
8
BLACK
6
CONTINUOUS
10
0.8866267716535433
20
0.1594241338582677
11
0.8859838582677165
21
0.1591305118110236
0
LINE
8
BLACK
6
CONTINUOUS
10
0.8859838582677165
20
0.1591305118110236
11
0.8854182677165354
21
0.158707125984252
0
LINE
8
BLACK
6
CONTINUOUS
10
0.8854182677165354
20
0.158707125984252
11
0.8834455118110236
21
0.1579712992125984
0
LINE
8
BLACK
6
CONTINUOUS
10
0.8834455118110236
20
0.1579712992125984
11
0.8815301574803149
21
0.1570966141732283
0
LINE
8
BLACK
6
CONTINUOUS
10
0.8815301574803149
20
0.1570966141732283
11
0.8808307086614173
21
0.1569960236220472
0
LINE
8
BLACK
6
CONTINUOUS
10
0.8808307086614173
20
0.1569960236220472
11
0.8801686220472441
21
0.156749094488189
0
LINE
8
BLACK
6
CONTINUOUS
10
0.8801686220472441
20
0.156749094488189
11
0.8780684251968504
21
0.1565988582677165
0
LINE
8
BLACK
6
CONTINUOUS
10
0.8780684251968504
20
0.1565988582677165
11
0.8759842519685039
21
0.1562992125984252
0
LINE
8
BLACK
6
CONTINUOUS
10
0.8759842519685039
20
0.1562992125984252
11
0.6699141732283465
21
0.1562992125984252
0
LINE
8
BLACK
6
CONTINUOUS
10
0.6699141732283465
20
0.1562992125984252
11
0.6676193700787402
21
0.1513779527559055
0
LINE
8
BLACK
6
CONTINUOUS
10
0.6676193700787402
20
0.1513779527559055
11
0.6626990551181102
21
0.1443509842519685
0
LINE
8
BLACK
6
CONTINUOUS
10
0.6626990551181102
20
0.1443509842519685
11
0.6566332677165354
21
0.1382851968503937
0
LINE
8
BLACK
6
CONTINUOUS
10
0.6566332677165354
20
0.1382851968503937
11
0.6496062992125984
21
0.1333648818897638
0
LINE
8
BLACK
6
CONTINUOUS
10
0.6496062992125984
20
0.1333648818897638
11
0.6418316929133858
21
0.1297395275590551
0
LINE
8
BLACK
6
CONTINUOUS
10
0.6418316929133858
20
0.1297395275590551
11
0.6335456692913386
21
0.1275192913385827
0
LINE
8
BLACK
6
CONTINUOUS
10
0.6335456692913386
20
0.1275192913385827
11
0.625
21
0.1267716535433071
0
LINE
8
BLACK
6
CONTINUOUS
10
0.625
20
0.1267716535433071
11
0.6164543307086614
21
0.1275192913385827
0
LINE
8
BLACK
6
CONTINUOUS
10
0.6164543307086614
20
0.1275192913385827
11
0.6081683070866142
21
0.1297395275590551
0
LINE
8
BLACK
6
CONTINUOUS
10
0.6081683070866142
20
0.1297395275590551
11
0.6003937007874015
21
0.1333648818897638
0
LINE
8
BLACK
6
CONTINUOUS
10
0.6003937007874015
20
0.1333648818897638
11
0.5933667322834646
21
0.1382851968503937
0
LINE
8
BLACK
6
CONTINUOUS
10
0.5933667322834646
20
0.1382851968503937
11
0.5873009448818898
21
0.1443509842519685
0
LINE
8
BLACK
6
CONTINUOUS
10
0.5873009448818898
20
0.1443509842519685
11
0.5823806299212598
21
0.1513779527559055
0
LINE
8
BLACK
6
CONTINUOUS
10
0.5823806299212598
20
0.1513779527559055
11
0.5787552755905512
21
0.1591525590551181
0
LINE
8
BLACK
6
CONTINUOUS
10
0.5787552755905512
20
0.1591525590551181
11
0.5765350393700788
21
0.1674385826771654
0
LINE
8
BLACK
6
CONTINUOUS
10
0.5765350393700788
20
0.1674385826771654
11
0.5757874015748031
21
0.1759842519685039
0
LINE
8
BLACK
6
CONTINUOUS
10
0.5757874015748031
20
0.1759842519685039
11
0.5765350393700788
21
0.1845299212598425
0
LINE
8
BLACK
6
CONTINUOUS
10
0.5765350393700788
20
0.1845299212598425
11
0.5787552755905512
21
0.1928159448818898
0
LINE
8
BLACK
6
CONTINUOUS
10
0.5787552755905512
20
0.1928159448818898
11
0.5823806299212598
21
0.2005905511811024
0
LINE
8
BLACK
6
CONTINUOUS
10
0.5823806299212598
20
0.2005905511811024
11
0.5873009448818898
21
0.2076175196850394
0
LINE
8
BLACK
6
CONTINUOUS
10
0.5873009448818898
20
0.2076175196850394
11
0.5933667322834646
21
0.2136833070866142
0
LINE
8
BLACK
6
CONTINUOUS
10
0.5933667322834646
20
0.2136833070866142
11
0.6003937007874015
21
0.2186036220472441
0
LINE
8
BLACK
6
CONTINUOUS
10
0.6003937007874015
20
0.2186036220472441
11
0.6081683070866142
21
0.2222289763779527
0
LINE
8
BLACK
6
CONTINUOUS
10
0.6081683070866142
20
0.2222289763779527
11
0.6164543307086614
21
0.2244492125984252
0
LINE
8
BLACK
6
CONTINUOUS
10
0.6164543307086614
20
0.2244492125984252
11
0.625
21
0.2251968503937008
0
LINE
8
BLACK
6
CONTINUOUS
10
0.625
20
0.2251968503937008
11
0.6335456692913386
21
0.2244492125984252
0
LINE
8
BLACK
6
CONTINUOUS
10
0.6335456692913386
20
0.2244492125984252
11
0.6418316929133858
21
0.2222289763779527
0
LINE
8
BLACK
6
CONTINUOUS
10
0.6418316929133858
20
0.2222289763779527
11
0.6496062992125984
21
0.2186036220472441
0
LINE
8
BLACK
6
CONTINUOUS
10
0.6496062992125984
20
0.2186036220472441
11
0.6566332677165354
21
0.2136833070866142
0
LINE
8
BLACK
6
CONTINUOUS
10
0.6566332677165354
20
0.2136833070866142
11
0.6626990551181102
21
0.2076175196850394
0
LINE
8
BLACK
6
CONTINUOUS
10
0.6626990551181102
20
0.2076175196850394
11
0.6676193700787402
21
0.2005905511811024
0
LINE
8
BLACK
6
CONTINUOUS
10
0.6676193700787402
20
0.2005905511811024
11
0.6699141732283465
21
0.1956692913385827
0
LINE
8
BLACK
6
CONTINUOUS
10
0.6699141732283465
20
0.1956692913385827
11
0.8678304724409449
21
0.1956692913385827
0
LINE
8
BLACK
6
CONTINUOUS
10
0.8678304724409449
20
0.1956692913385827
11
1.1610805905511812
21
0.4889194094488189
0
LINE
8
BLACK
6
CONTINUOUS
10
1.1610805905511812
20
0.4889194094488189
11
1.1655659842519686
21
0.4922771259842519
0
LINE
8
BLACK
6
CONTINUOUS
10
1.1655659842519686
20
0.4922771259842519
11
1.1708156299212598
21
0.4942351574803149
0
LINE
8
BLACK
6
CONTINUOUS
10
1.1708156299212598
20
0.4942351574803149
11
1.1764043307086613
21
0.4946348818897638
0
LINE
8
BLACK
6
CONTINUOUS
10
1.1764043307086613
20
0.4946348818897638
11
1.1818792125984252
21
0.4934438976377953
0
LINE
8
BLACK
6
CONTINUOUS
10
1.1835456692913386
20
0.2244492125984252
11
1.1918316929133859
21
0.2222289763779527
0
LINE
8
BLACK
6
CONTINUOUS
10
1.1918316929133859
20
0.2222289763779527
11
1.1996062992125984
21
0.2186036220472441
0
LINE
8
BLACK
6
CONTINUOUS
10
1.1996062992125984
20
0.2186036220472441
11
1.2066332677165355
21
0.2136833070866142
0
LINE
8
BLACK
6
CONTINUOUS
10
1.2066332677165355
20
0.2136833070866142
11
1.2126990551181103
21
0.2076175196850394
0
LINE
8
BLACK
6
CONTINUOUS
10
1.2126990551181103
20
0.2076175196850394
11
1.2176193700787401
21
0.2005905511811024
0
LINE
8
BLACK
6
CONTINUOUS
10
1.2176193700787401
20
0.2005905511811024
11
1.2199141732283465
21
0.1956692913385827
0
LINE
8
BLACK
6
CONTINUOUS
10
1.2199141732283465
20
0.1956692913385827
11
1.6797244094488188
21
0.1956692913385827
0
LINE
8
BLACK
6
CONTINUOUS
10
1.6797244094488188
20
0.1956692913385827
11
1.6797244094488188
21
0.221259842519685
0
LINE
8
BLACK
6
CONTINUOUS
10
1.6797244094488188
20
0.221259842519685
11
1.7702755905511811
21
0.221259842519685
0
LINE
8
BLACK
6
CONTINUOUS
10
1.7702755905511811
20
0.221259842519685
11
1.7702755905511811
21
0.1307086614173228
0
LINE
8
BLACK
6
CONTINUOUS
10
1.7702755905511811
20
0.1307086614173228
11
1.6797244094488188
21
0.1307086614173228
0
LINE
8
BLACK
6
CONTINUOUS
10
1.6797244094488188
20
0.1307086614173228
11
1.6797244094488188
21
0.1562992125984252
0
LINE
8
BLACK
6
CONTINUOUS
10
1.6797244094488188
20
0.1562992125984252
11
1.2199141732283465
21
0.1562992125984252
0
LINE
8
BLACK
6
CONTINUOUS
10
1.2199141732283465
20
0.1562992125984252
11
1.2176193700787401
21
0.1513779527559055
0
LINE
8
BLACK
6
CONTINUOUS
10
1.2176193700787401
20
0.1513779527559055
11
1.2126990551181103
21
0.1443509842519685
0
LINE
8
BLACK
6
CONTINUOUS
10
1.2126990551181103
20
0.1443509842519685
11
1.2066332677165355
21
0.1382851968503937
0
LINE
8
BLACK
6
CONTINUOUS
10
1.2066332677165355
20
0.1382851968503937
11
1.1996062992125984
21
0.1333648818897638
0
LINE
8
BLACK
6
CONTINUOUS
10
1.1996062992125984
20
0.1333648818897638
11
1.1918316929133859
21
0.1297395275590551
0
LINE
8
BLACK
6
CONTINUOUS
10
1.1918316929133859
20
0.1297395275590551
11
1.1835456692913386
21
0.1275192913385827
0
LINE
8
BLACK
6
CONTINUOUS
10
1.1835456692913386
20
0.1275192913385827
11
1.175
21
0.1267716535433071
0
LINE
8
BLACK
6
CONTINUOUS
10
1.175
20
0.1267716535433071
11
1.1664543307086614
21
0.1275192913385827
0
LINE
8
BLACK
6
CONTINUOUS
10
1.1664543307086614
20
0.1275192913385827
11
1.1581683070866142
21
0.1297395275590551
0
LINE
8
BLACK
6
CONTINUOUS
10
1.1581683070866142
20
0.1297395275590551
11
1.1503937007874014
21
0.1333648818897638
0
LINE
8
BLACK
6
CONTINUOUS
10
1.1503937007874014
20
0.1333648818897638
11
1.1433667322834646
21
0.1382851968503937
0
LINE
8
BLACK
6
CONTINUOUS
10
1.1433667322834646
20
0.1382851968503937
11
1.1373009448818898
21
0.1443509842519685
0
LINE
8
BLACK
6
CONTINUOUS
10
1.1373009448818898
20
0.1443509842519685
11
1.1323806299212598
21
0.1513779527559055
0
LINE
8
BLACK
6
CONTINUOUS
10
1.1323806299212598
20
0.1513779527559055
11
1.1287552755905512
21
0.1591525590551181
0
LINE
8
BLACK
6
CONTINUOUS
10
1.1287552755905512
20
0.1591525590551181
11
1.1265350393700788
21
0.1674385826771654
0
LINE
8
BLACK
6
CONTINUOUS
10
1.1265350393700788
20
0.1674385826771654
11
1.1257874015748031
21
0.1759842519685039
0
LINE
8
BLACK
6
CONTINUOUS
10
1.1257874015748031
20
0.1759842519685039
11
1.1265350393700788
21
0.1845299212598425
0
LINE
8
BLACK
6
CONTINUOUS
10
1.1265350393700788
20
0.1845299212598425
11
1.1287552755905512
21
0.1928159448818898
0
LINE
8
BLACK
6
CONTINUOUS
10
1.1287552755905512
20
0.1928159448818898
11
1.1323806299212598
21
0.2005905511811024
0
LINE
8
BLACK
6
CONTINUOUS
10
1.1323806299212598
20
0.2005905511811024
11
1.1373009448818898
21
0.2076175196850394
0
LINE
8
BLACK
6
CONTINUOUS
10
1.1373009448818898
20
0.2076175196850394
11
1.1433667322834646
21
0.2136833070866142
0
LINE
8
BLACK
6
CONTINUOUS
10
1.1433667322834646
20
0.2136833070866142
11
1.1503937007874014
21
0.2186036220472441
0
LINE
8
BLACK
6
CONTINUOUS
10
1.1503937007874014
20
0.2186036220472441
11
1.1581683070866142
21
0.2222289763779527
0
LINE
8
BLACK
6
CONTINUOUS
10
1.1581683070866142
20
0.2222289763779527
11
1.1664543307086614
21
0.2244492125984252
0
LINE
8
BLACK
6
CONTINUOUS
10
1.1664543307086614
20
0.2244492125984252
11
1.175
21
0.2251968503937008
0
LINE
8
BLACK
6
CONTINUOUS
10
1.175
20
0.2251968503937008
11
1.1835456692913386
21
0.2244492125984252
0
LINE
8
BLACK
6
CONTINUOUS
10
1.4616141732283465
20
0.5946850393700788
11
1.5330708661417323
21
0.5946850393700788
0
LINE
8
BLACK
6
CONTINUOUS
10
1.5330708661417323
20
0.5946850393700788
11
1.5351550393700788
21
0.5943853543307086
0
LINE
8
BLACK
6
CONTINUOUS
10
1.5351550393700788
20
0.5943853543307086
11
1.5372552362204723
21
0.594235157480315
0
LINE
8
BLACK
6
CONTINUOUS
10
1.5372552362204723
20
0.594235157480315
11
1.5379173228346457
21
0.593988188976378
0
LINE
8
BLACK
6
CONTINUOUS
10
1.5379173228346457
20
0.593988188976378
11
1.5386167716535433
21
0.5938876377952755
0
LINE
8
BLACK
6
CONTINUOUS
10
1.5386167716535433
20
0.5938876377952755
11
1.5405321259842519
21
0.5930129133858267
0
LINE
8
BLACK
6
CONTINUOUS
10
1.5405321259842519
20
0.5930129133858267
11
1.5425048818897638
21
0.592277125984252
0
LINE
8
BLACK
6
CONTINUOUS
10
1.5425048818897638
20
0.592277125984252
11
1.5430704724409448
21
0.5918537007874015
0
LINE
8
BLACK
6
CONTINUOUS
10
1.5430704724409448
20
0.5918537007874015
11
1.5437133858267715
21
0.5915601181102362
0
LINE
8
BLACK
6
CONTINUOUS
10
1.5437133858267715
20
0.5915601181102362
11
1.5453048818897637
21
0.5901810629921259
0
LINE
8
BLACK
6
CONTINUOUS
10
1.5453048818897637
20
0.5901810629921259
11
1.5469902755905511
21
0.5889194094488189
0
LINE
8
BLACK
6
CONTINUOUS
10
1.5469902755905511
20
0.5889194094488189
11
1.7662246850393701
21
0.3696850393700787
0
LINE
8
BLACK
6
CONTINUOUS
10
1.7662246850393701
20
0.3696850393700787
11
1.825
21
0.3696850393700787
0
LINE
8
BLACK
6
CONTINUOUS
10
1.825
20
0.3696850393700787
11
1.830545905511811
21
0.3688876377952756
0
LINE
8
BLACK
6
CONTINUOUS
10
1.830545905511811
20
0.3688876377952756
11
1.8331533858267717
21
0.3676968503937008
0
LINE
8
BLACK
6
CONTINUOUS
10
1.8331533858267717
20
0.3676968503937008
11
1.8525590551181101
21
0.3676968503937008
0
LINE
8
BLACK
6
CONTINUOUS
10
1.8525590551181101
20
0.3676968503937008
11
1.8525590551181101
21
0.365748031496063
0
LINE
8
BLACK
6
CONTINUOUS
10
1.8525590551181101
20
0.365748031496063
11
1.8974409448818896
21
0.365748031496063
0
LINE
8
BLACK
6
CONTINUOUS
10
1.8974409448818896
20
0.365748031496063
11
1.8974409448818896
21
0.3676968503937008
0
LINE
8
BLACK
6
CONTINUOUS
10
1.8974409448818896
20
0.3676968503937008
11
1.9525590551181102
21
0.3676968503937008
0
LINE
8
BLACK
6
CONTINUOUS
10
1.9525590551181102
20
0.3676968503937008
11
1.9525590551181102
21
0.365748031496063
0
LINE
8
BLACK
6
CONTINUOUS
10
1.9525590551181102
20
0.365748031496063
11
2.0684769291338583
21
0.365748031496063
0
LINE
8
BLACK
6
CONTINUOUS
10
2.0684769291338583
20
0.365748031496063
11
2.1472687401574801
21
0.4445398031496063
0
LINE
8
BLACK
6
CONTINUOUS
10
2.1472687401574801
20
0.4445398031496063
11
2.1466535433070866
21
0.45
0
LINE
8
BLACK
6
CONTINUOUS
10
2.1466535433070866
20
0.45
11
2.1473642519685039
21
0.4563076771653543
0
LINE
8
BLACK
6
CONTINUOUS
10
2.1473642519685039
20
0.4563076771653543
11
2.1494607086614175
21
0.4622990551181102
0
LINE
8
BLACK
6
CONTINUOUS
10
2.1494607086614175
20
0.4622990551181102
11
2.1528378346456694
21
0.4676737401574803
0
LINE
8
BLACK
6
CONTINUOUS
10
2.1528378346456694
20
0.4676737401574803
11
2.1573262598425198
21
0.4721621653543307
0
LINE
8
BLACK
6
CONTINUOUS
10
2.1573262598425198
20
0.4721621653543307
11
2.1627009448818897
21
0.4755392913385827
0
LINE
8
BLACK
6
CONTINUOUS
10
2.1627009448818897
20
0.4755392913385827
11
2.1686923228346457
21
0.4776357480314961
0
LINE
8
BLACK
6
CONTINUOUS
10
2.1686923228346457
20
0.4776357480314961
11
2.1749999999999998
21
0.4783464566929134
0
LINE
8
BLACK
6
CONTINUOUS
10
2.1749999999999998
20
0.4783464566929134
11
2.1813076771653543
21
0.4776357480314961
0
LINE
8
BLACK
6
CONTINUOUS
10
2.1813076771653543
20
0.4776357480314961
11
2.1872990551181104
21
0.4755392913385827
0
LINE
8
BLACK
6
CONTINUOUS
10
2.1872990551181104
20
0.4755392913385827
11
2.1926737401574803
21
0.4721621653543307
0
LINE
8
BLACK
6
CONTINUOUS
10
2.1926737401574803
20
0.4721621653543307
11
2.1971621653543307
21
0.4676737401574803
0
LINE
8
BLACK
6
CONTINUOUS
10
2.1971621653543307
20
0.4676737401574803
11
2.2005392913385826
21
0.4622990551181102
0
LINE
8
BLACK
6
CONTINUOUS
10
2.2005392913385826
20
0.4622990551181102
11
2.2026357480314962
21
0.4563076771653543
0
LINE
8
BLACK
6
CONTINUOUS
10
2.2026357480314962
20
0.4563076771653543
11
2.2033464566929135
21
0.45
0
LINE
8
BLACK
6
CONTINUOUS
10
2.2033464566929135
20
0.45
11
2.2026357480314962
21
0.4436923228346457
0
LINE
8
BLACK
6
CONTINUOUS
10
2.2026357480314962
20
0.4436923228346457
11
2.2005392913385826
21
0.4377009448818898
0
LINE
8
BLACK
6
CONTINUOUS
10
2.2005392913385826
20
0.4377009448818898
11
2.1971621653543307
21
0.4323262598425197
0
LINE
8
BLACK
6
CONTINUOUS
10
2.1971621653543307
20
0.4323262598425197
11
2.1926737401574803
21
0.4278378346456693
0
LINE
8
BLACK
6
CONTINUOUS
10
2.1926737401574803
20
0.4278378346456693
11
2.1872990551181104
21
0.4244607086614173
0
LINE
8
BLACK
6
CONTINUOUS
10
2.1872990551181104
20
0.4244607086614173
11
2.1813076771653543
21
0.4223642519685039
0
LINE
8
BLACK
6
CONTINUOUS
10
2.1813076771653543
20
0.4223642519685039
11
2.1749999999999998
21
0.4216535433070866
0
LINE
8
BLACK
6
CONTINUOUS
10
2.1749999999999998
20
0.4216535433070866
11
2.1695398031496063
21
0.4222687401574803
0
LINE
8
BLACK
6
CONTINUOUS
10
2.1695398031496063
20
0.4222687401574803
11
2.0861355511811022
21
0.3388644488188977
0
LINE
8
BLACK
6
CONTINUOUS
10
2.0861355511811022
20
0.3388644488188977
11
2.0851327952755905
21
0.338135905511811
0
LINE
8
BLACK
6
CONTINUOUS
10
2.0851327952755905
20
0.338135905511811
11
2.0842564566929132
21
0.3372595669291338
0
LINE
8
BLACK
6
CONTINUOUS
10
2.0842564566929132
20
0.3372595669291338
11
2.083152125984252
21
0.3366968897637795
0
LINE
8
BLACK
6
CONTINUOUS
10
2.083152125984252
20
0.3366968897637795
11
2.0821494488188974
21
0.3359683858267716
0
LINE
8
BLACK
6
CONTINUOUS
10
2.0821494488188974
20
0.3359683858267716
11
2.0809707480314961
21
0.3355853937007874
0
LINE
8
BLACK
6
CONTINUOUS
10
2.0809707480314961
20
0.3355853937007874
11
2.0798664173228345
21
0.3350227165354331
0
LINE
8
BLACK
6
CONTINUOUS
10
2.0798664173228345
20
0.3350227165354331
11
2.0786421653543306
21
0.3348287795275591
0
LINE
8
BLACK
6
CONTINUOUS
10
2.0786421653543306
20
0.3348287795275591
11
2.0774635433070867
21
0.3344458661417323
0
LINE
8
BLACK
6
CONTINUOUS
10
2.0774635433070867
20
0.3344458661417323
11
2.0762242519685037
21
0.3344458661417323
0
LINE
8
BLACK
6
CONTINUOUS
10
2.0762242519685037
20
0.3344458661417323
11
2.0749999999999997
21
0.334251968503937
0
LINE
8
BLACK
6
CONTINUOUS
10
2.0749999999999997
20
0.334251968503937
11
1.9525590551181102
21
0.334251968503937
0
LINE
8
BLACK
6
CONTINUOUS
10
1.9525590551181102
20
0.334251968503937
11
1.9525590551181102
21
0.3323031496062992
0
LINE
8
BLACK
6
CONTINUOUS
10
1.9525590551181102
20
0.3323031496062992
11
1.8974409448818896
21
0.3323031496062992
0
LINE
8
BLACK
6
CONTINUOUS
10
1.8974409448818896
20
0.3323031496062992
11
1.8974409448818896
21
0.334251968503937
0
LINE
8
BLACK
6
CONTINUOUS
10
1.8974409448818896
20
0.334251968503937
11
1.8525590551181101
21
0.334251968503937
0
LINE
8
BLACK
6
CONTINUOUS
10
1.8525590551181101
20
0.334251968503937
11
1.8525590551181101
21
0.3323031496062992
0
LINE
8
BLACK
6
CONTINUOUS
10
1.8525590551181101
20
0.3323031496062992
11
1.8331533858267717
21
0.3323031496062992
0
LINE
8
BLACK
6
CONTINUOUS
10
1.8331533858267717
20
0.3323031496062992
11
1.830545905511811
21
0.3311123622047244
0
LINE
8
BLACK
6
CONTINUOUS
10
1.830545905511811
20
0.3311123622047244
11
1.825
21
0.3303149606299213
0
LINE
8
BLACK
6
CONTINUOUS
10
1.825
20
0.3303149606299213
11
1.7580708661417321
21
0.3303149606299213
0
LINE
8
BLACK
6
CONTINUOUS
10
1.7580708661417321
20
0.3303149606299213
11
1.7559870078740156
21
0.3306145669291338
0
LINE
8
BLACK
6
CONTINUOUS
10
1.7559870078740156
20
0.3306145669291338
11
1.7538864960629921
21
0.3307648031496063
0
LINE
8
BLACK
6
CONTINUOUS
10
1.7538864960629921
20
0.3307648031496063
11
1.7532242125984252
21
0.331011811023622
0
LINE
8
BLACK
6
CONTINUOUS
10
1.7532242125984252
20
0.331011811023622
11
1.7525249606299211
21
0.3311123622047244
0
LINE
8
BLACK
6
CONTINUOUS
10
1.7525249606299211
20
0.3311123622047244
11
1.7506097244094487
21
0.331986968503937
0
LINE
8
BLACK
6
CONTINUOUS
10
1.7506097244094487
20
0.331986968503937
11
1.7486368503937006
21
0.332722874015748
0
LINE
8
BLACK
6
CONTINUOUS
10
1.7486368503937006
20
0.332722874015748
11
1.7480711811023621
21
0.3331462598425197
0
LINE
8
BLACK
6
CONTINUOUS
10
1.7480711811023621
20
0.3331462598425197
11
1.7474283464566929
21
0.3334398818897638
0
LINE
8
BLACK
6
CONTINUOUS
10
1.7474283464566929
20
0.3334398818897638
11
1.7458370472440945
21
0.3348187401574803
0
LINE
8
BLACK
6
CONTINUOUS
10
1.7458370472440945
20
0.3348187401574803
11
1.7441514566929133
21
0.3360805511811024
0
LINE
8
BLACK
6
CONTINUOUS
10
1.7441514566929133
20
0.3360805511811024
11
1.5249170866141732
21
0.5553149606299213
0
LINE
8
BLACK
6
CONTINUOUS
10
1.5249170866141732
20
0.5553149606299213
11
1.4616141732283465
21
0.5553149606299213
0
LINE
8
BLACK
6
CONTINUOUS
10
1.4616141732283465
20
0.5553149606299213
11
1.4616141732283465
21
0.5356299212598425
0
LINE
8
BLACK
6
CONTINUOUS
10
1.4616141732283465
20
0.5356299212598425
11
1.4143700787401574
21
0.5356299212598425
0
LINE
8
BLACK
6
CONTINUOUS
10
1.4143700787401574
20
0.5356299212598425
11
1.4143700787401574
21
0.6143700787401575
0
LINE
8
BLACK
6
CONTINUOUS
10
1.4143700787401574
20
0.6143700787401575
11
1.4616141732283465
21
0.6143700787401575
0
LINE
8
BLACK
6
CONTINUOUS
10
1.4616141732283465
20
0.6143700787401575
11
1.4616141732283465
21
0.5946850393700788
0
LINE
8
BLACK
6
CONTINUOUS
10
1.8924999999999998
20
0.4724409448818898
11
1.890748031496063
21
0.4724409448818898
0
LINE
8
BLACK
6
CONTINUOUS
10
1.890748031496063
20
0.4724409448818898
11
1.890748031496063
21
0.440748031496063
0
LINE
8
BLACK
6
CONTINUOUS
10
1.890748031496063
20
0.440748031496063
11
1.8974409448818896
21
0.440748031496063
0
LINE
8
BLACK
6
CONTINUOUS
10
1.8974409448818896
20
0.440748031496063
11
1.8974409448818896
21
0.4425
0
LINE
8
BLACK
6
CONTINUOUS
10
1.8974409448818896
20
0.4425
11
1.9525590551181102
21
0.4425
0
LINE
8
BLACK
6
CONTINUOUS
10
1.9525590551181102
20
0.4425
11
1.9525590551181102
21
0.4075
0
LINE
8
BLACK
6
CONTINUOUS
10
1.9525590551181102
20
0.4075
11
1.8974409448818896
21
0.4075
0
LINE
8
BLACK
6
CONTINUOUS
10
1.8974409448818896
20
0.4075
11
1.8974409448818896
21
0.409251968503937
0
LINE
8
BLACK
6
CONTINUOUS
10
1.8974409448818896
20
0.409251968503937
11
1.875
21
0.409251968503937
0
LINE
8
BLACK
6
CONTINUOUS
10
1.875
20
0.409251968503937
11
1.8525590551181101
21
0.409251968503937
0
LINE
8
BLACK
6
CONTINUOUS
10
1.8525590551181101
20
0.409251968503937
11
1.8525590551181101
21
0.4075
0
LINE
8
BLACK
6
CONTINUOUS
10
1.8525590551181101
20
0.4075
11
1.833607874015748
21
0.4075
0
LINE
8
BLACK
6
CONTINUOUS
10
1.833607874015748
20
0.4075
11
1.8318792125984251
21
0.4065561023622047
0
LINE
8
BLACK
6
CONTINUOUS
10
1.8318792125984251
20
0.4065561023622047
11
1.8264043307086615
21
0.4053651181102362
0
LINE
8
BLACK
6
CONTINUOUS
10
1.8264043307086615
20
0.4053651181102362
11
1.8208156299212599
21
0.4057648031496063
0
LINE
8
BLACK
6
CONTINUOUS
10
1.8208156299212599
20
0.4057648031496063
11
1.8161635039370079
21
0.4075
0
LINE
8
BLACK
6
CONTINUOUS
10
1.8161635039370079
20
0.4075
11
1.7974409448818898
21
0.4075
0
LINE
8
BLACK
6
CONTINUOUS
10
1.7974409448818898
20
0.4075
11
1.7974409448818898
21
0.4247201968503937
0
LINE
8
BLACK
6
CONTINUOUS
10
1.7974409448818898
20
0.4247201968503937
11
1.7918462204724408
21
0.4303149606299213
0
LINE
8
BLACK
6
CONTINUOUS
10
1.7918462204724408
20
0.4303149606299213
11
1.75
21
0.4303149606299213
0
LINE
8
BLACK
6
CONTINUOUS
10
1.75
20
0.4303149606299213
11
1.744454094488189
21
0.4311123622047244
0
LINE
8
BLACK
6
CONTINUOUS
10
1.744454094488189
20
0.4311123622047244
11
1.7393574803149605
21
0.4334398818897638
0
LINE
8
BLACK
6
CONTINUOUS
10
1.7393574803149605
20
0.4334398818897638
11
1.7351230314960631
21
0.4371090551181102
0
LINE
8
BLACK
6
CONTINUOUS
10
1.7351230314960631
20
0.4371090551181102
11
1.7320938582677166
21
0.4418225196850394
0
LINE
8
BLACK
6
CONTINUOUS
10
1.7320938582677166
20
0.4418225196850394
11
1.7305153149606298
21
0.4471985433070866
0
LINE
8
BLACK
6
CONTINUOUS
10
1.7305153149606298
20
0.4471985433070866
11
1.7305153149606298
21
0.4528014566929134
0
LINE
8
BLACK
6
CONTINUOUS
10
1.7305153149606298
20
0.4528014566929134
11
1.7320938582677166
21
0.4581774803149606
0
LINE
8
BLACK
6
CONTINUOUS
10
1.7320938582677166
20
0.4581774803149606
11
1.7351230314960631
21
0.4628909448818898
0
LINE
8
BLACK
6
CONTINUOUS
10
1.7351230314960631
20
0.4628909448818898
11
1.7393574803149605
21
0.4665601181102362
0
LINE
8
BLACK
6
CONTINUOUS
10
1.7393574803149605
20
0.4665601181102362
11
1.744454094488189
21
0.4688876377952756
0
LINE
8
BLACK
6
CONTINUOUS
10
1.744454094488189
20
0.4688876377952756
11
1.75
21
0.4696850393700787
0
LINE
8
BLACK
6
CONTINUOUS
10
1.75
20
0.4696850393700787
11
1.8
21
0.4696850393700787
0
LINE
8
BLACK
6
CONTINUOUS
10
1.8
20
0.4696850393700787
11
1.8020841732283464
21
0.4693853543307087
0
LINE
8
BLACK
6
CONTINUOUS
10
1.8020841732283464
20
0.4693853543307087
11
1.8041843700787401
21
0.469235157480315
0
LINE
8
BLACK
6
CONTINUOUS
10
1.8041843700787401
20
0.469235157480315
11
1.8048464566929134
21
0.468988188976378
0
LINE
8
BLACK
6
CONTINUOUS
10
1.8048464566929134
20
0.468988188976378
11
1.805545905511811
21
0.4688876377952756
0
LINE
8
BLACK
6
CONTINUOUS
10
1.805545905511811
20
0.4688876377952756
11
1.8074612598425197
21
0.4680129133858267
0
LINE
8
BLACK
6
CONTINUOUS
10
1.8074612598425197
20
0.4680129133858267
11
1.8094340157480315
21
0.467277125984252
0
LINE
8
BLACK
6
CONTINUOUS
10
1.8094340157480315
20
0.467277125984252
11
1.8099996062992125
21
0.4668537007874016
0
LINE
8
BLACK
6
CONTINUOUS
10
1.8099996062992125
20
0.4668537007874016
11
1.8106425196850393
21
0.4665601181102362
0
LINE
8
BLACK
6
CONTINUOUS
10
1.8106425196850393
20
0.4665601181102362
11
1.8122340157480314
21
0.465181062992126
0
LINE
8
BLACK
6
CONTINUOUS
10
1.8122340157480314
20
0.465181062992126
11
1.8139194094488189
21
0.4639194094488189
0
LINE
8
BLACK
6
CONTINUOUS
10
1.8139194094488189
20
0.4639194094488189
11
1.8353388582677166
21
0.4425
0
LINE
8
BLACK
6
CONTINUOUS
10
1.8353388582677166
20
0.4425
11
1.8525590551181101
21
0.4425
0
LINE
8
BLACK
6
CONTINUOUS
10
1.8525590551181101
20
0.4425
11
1.8525590551181101
21
0.440748031496063
0
LINE
8
BLACK
6
CONTINUOUS
10
1.8525590551181101
20
0.440748031496063
11
1.859251968503937
21
0.440748031496063
0
LINE
8
BLACK
6
CONTINUOUS
10
1.859251968503937
20
0.440748031496063
11
1.859251968503937
21
0.4724409448818898
0
LINE
8
BLACK
6
CONTINUOUS
10
1.859251968503937
20
0.4724409448818898
11
1.8574999999999999
21
0.4724409448818898
0
LINE
8
BLACK
6
CONTINUOUS
10
1.8574999999999999
20
0.4724409448818898
11
1.8574999999999999
21
0.5275590551181102
0
LINE
8
BLACK
6
CONTINUOUS
10
1.8574999999999999
20
0.5275590551181102
11
1.8924999999999998
21
0.5275590551181102
0
LINE
8
BLACK
6
CONTINUOUS
10
1.8924999999999998
20
0.5275590551181102
11
1.8924999999999998
21
0.4724409448818898
0
LINE
8
BLACK
6
CONTINUOUS
10
1.9676968503937007
20
0.5045742519685039
11
2.0065230708661419
21
0.465748031496063
0
LINE
8
BLACK
6
CONTINUOUS
10
2.0065230708661419
20
0.465748031496063
11
2.0516278346456693
21
0.465748031496063
0
LINE
8
BLACK
6
CONTINUOUS
10
2.0516278346456693
20
0.465748031496063
11
2.0528378346456693
21
0.4676737401574803
0
LINE
8
BLACK
6
CONTINUOUS
10
2.0528378346456693
20
0.4676737401574803
11
2.0573262598425197
21
0.4721621653543307
0
LINE
8
BLACK
6
CONTINUOUS
10
2.0573262598425197
20
0.4721621653543307
11
2.0627009448818896
21
0.4755392913385827
0
LINE
8
BLACK
6
CONTINUOUS
10
2.0627009448818896
20
0.4755392913385827
11
2.0686923228346457
21
0.4776357480314961
0
LINE
8
BLACK
6
CONTINUOUS
10
2.0686923228346457
20
0.4776357480314961
11
2.0749999999999997
21
0.4783464566929134
0
LINE
8
BLACK
6
CONTINUOUS
10
2.0749999999999997
20
0.4783464566929134
11
2.0813076771653543
21
0.4776357480314961
0
LINE
8
BLACK
6
CONTINUOUS
10
2.0813076771653543
20
0.4776357480314961
11
2.0872990551181103
21
0.4755392913385827
0
LINE
8
BLACK
6
CONTINUOUS
10
2.0872990551181103
20
0.4755392913385827
11
2.0926737401574802
21
0.4721621653543307
0
LINE
8
BLACK
6
CONTINUOUS
10
2.0926737401574802
20
0.4721621653543307
11
2.0971621653543306
21
0.4676737401574803
0
LINE
8
BLACK
6
CONTINUOUS
10
2.0971621653543306
20
0.4676737401574803
11
2.1005392913385825
21
0.4622990551181102
0
LINE
8
BLACK
6
CONTINUOUS
10
2.1005392913385825
20
0.4622990551181102
11
2.1026357480314961
21
0.4563076771653543
0
LINE
8
BLACK
6
CONTINUOUS
10
2.1026357480314961
20
0.4563076771653543
11
2.1033464566929134
21
0.45
0
LINE
8
BLACK
6
CONTINUOUS
10
2.1033464566929134
20
0.45
11
2.1026357480314961
21
0.4436923228346457
0
LINE
8
BLACK
6
CONTINUOUS
10
2.1026357480314961
20
0.4436923228346457
11
2.1005392913385825
21
0.4377009448818898
0
LINE
8
BLACK
6
CONTINUOUS
10
2.1005392913385825
20
0.4377009448818898
11
2.0971621653543306
21
0.4323262598425197
0
LINE
8
BLACK
6
CONTINUOUS
10
2.0971621653543306
20
0.4323262598425197
11
2.0926737401574802
21
0.4278378346456693
0
LINE
8
BLACK
6
CONTINUOUS
10
2.0926737401574802
20
0.4278378346456693
11
2.0872990551181103
21
0.4244607086614173
0
LINE
8
BLACK
6
CONTINUOUS
10
2.0872990551181103
20
0.4244607086614173
11
2.0813076771653543
21
0.4223642519685039
0
LINE
8
BLACK
6
CONTINUOUS
10
2.0813076771653543
20
0.4223642519685039
11
2.0749999999999997
21
0.4216535433070866
0
LINE
8
BLACK
6
CONTINUOUS
10
2.0749999999999997
20
0.4216535433070866
11
2.0686923228346457
21
0.4223642519685039
0
LINE
8
BLACK
6
CONTINUOUS
10
2.0686923228346457
20
0.4223642519685039
11
2.0627009448818896
21
0.4244607086614173
0
LINE
8
BLACK
6
CONTINUOUS
10
2.0627009448818896
20
0.4244607086614173
11
2.0573262598425197
21
0.4278378346456693
0
LINE
8
BLACK
6
CONTINUOUS
10
2.0573262598425197
20
0.4278378346456693
11
2.0528378346456693
21
0.4323262598425197
0
LINE
8
BLACK
6
CONTINUOUS
10
2.0528378346456693
20
0.4323262598425197
11
2.0516278346456693
21
0.434251968503937
0
LINE
8
BLACK
6
CONTINUOUS
10
2.0516278346456693
20
0.434251968503937
11
2.
21
0.434251968503937
0
LINE
8
BLACK
6
CONTINUOUS
10
2.
20
0.434251968503937
11
1.998775748031496
21
0.4344458661417323
0
LINE
8
BLACK
6
CONTINUOUS
10
1.998775748031496
20
0.4344458661417323
11
1.9975364566929132
21
0.4344458661417323
0
LINE
8
BLACK
6
CONTINUOUS
10
1.9975364566929132
20
0.4344458661417323
11
1.9963577952755904
21
0.4348287795275591
0
LINE
8
BLACK
6
CONTINUOUS
10
1.9963577952755904
20
0.4348287795275591
11
1.9951335826771652
21
0.4350227165354331
0
LINE
8
BLACK
6
CONTINUOUS
10
1.9951335826771652
20
0.4350227165354331
11
1.9940292125984251
21
0.4355853937007874
0
LINE
8
BLACK
6
CONTINUOUS
10
1.9940292125984251
20
0.4355853937007874
11
1.9928505511811023
21
0.4359683858267717
0
LINE
8
BLACK
6
CONTINUOUS
10
1.9928505511811023
20
0.4359683858267717
11
1.9918478346456692
21
0.4366968897637795
0
LINE
8
BLACK
6
CONTINUOUS
10
1.9918478346456692
20
0.4366968897637795
11
1.9907435433070866
21
0.4372595669291339
0
LINE
8
BLACK
6
CONTINUOUS
10
1.9907435433070866
20
0.4372595669291339
11
1.9898671653543307
21
0.438135905511811
0
LINE
8
BLACK
6
CONTINUOUS
10
1.9898671653543307
20
0.438135905511811
11
1.9888644488188976
21
0.4388644488188976
0
LINE
8
BLACK
6
CONTINUOUS
10
1.9888644488188976
20
0.4388644488188976
11
1.9552879527559055
21
0.4724409448818898
0
LINE
8
BLACK
6
CONTINUOUS
10
1.9552879527559055
20
0.4724409448818898
11
1.9323031496062992
21
0.4724409448818898
0
LINE
8
BLACK
6
CONTINUOUS
10
1.9323031496062992
20
0.4724409448818898
11
1.9323031496062992
21
0.5275590551181102
0
LINE
8
BLACK
6
CONTINUOUS
10
1.9323031496062992
20
0.5275590551181102
11
1.9676968503937007
21
0.5275590551181102
0
LINE
8
BLACK
6
CONTINUOUS
10
1.9676968503937007
20
0.5275590551181102
11
1.9676968503937007
21
0.5045742519685039
0
LINE
8
BLACK
6
CONTINUOUS
10
2.2813076771653544
20
0.4776357480314961
11
2.28729905511811
21
0.4755392913385827
0
LINE
8
BLACK
6
CONTINUOUS
10
2.28729905511811
20
0.4755392913385827
11
2.2926737401574804
21
0.4721621653543307
0
LINE
8
BLACK
6
CONTINUOUS
10
2.2926737401574804
20
0.4721621653543307
11
2.2971621653543308
21
0.4676737401574803
0
LINE
8
BLACK
6
CONTINUOUS
10
2.2971621653543308
20
0.4676737401574803
11
2.3005392913385827
21
0.4622990551181102
0
LINE
8
BLACK
6
CONTINUOUS
10
2.3005392913385827
20
0.4622990551181102
11
2.3026357480314958
21
0.4563076771653543
0
LINE
8
BLACK
6
CONTINUOUS
10
2.3026357480314958
20
0.4563076771653543
11
2.3033464566929132
21
0.45
0
LINE
8
BLACK
6
CONTINUOUS
10
2.3033464566929132
20
0.45
11
2.3026357480314958
21
0.4436923228346457
0
LINE
8
BLACK
6
CONTINUOUS
10
2.3026357480314958
20
0.4436923228346457
11
2.3005392913385827
21
0.4377009448818898
0
LINE
8
BLACK
6
CONTINUOUS
10
2.3005392913385827
20
0.4377009448818898
11
2.2971621653543308
21
0.4323262598425197
0
LINE
8
BLACK
6
CONTINUOUS
10
2.2971621653543308
20
0.4323262598425197
11
2.2926737401574804
21
0.4278378346456693
0
LINE
8
BLACK
6
CONTINUOUS
10
2.2926737401574804
20
0.4278378346456693
11
2.28729905511811
21
0.4244607086614173
0
LINE
8
BLACK
6
CONTINUOUS
10
2.28729905511811
20
0.4244607086614173
11
2.2813076771653544
21
0.4223642519685039
0
LINE
8
BLACK
6
CONTINUOUS
10
2.2813076771653544
20
0.4223642519685039
11
2.2749999999999999
21
0.4216535433070866
0
LINE
8
BLACK
6
CONTINUOUS
10
2.2749999999999999
20
0.4216535433070866
11
2.2686923228346458
21
0.4223642519685039
0
LINE
8
BLACK
6
CONTINUOUS
10
2.2686923228346458
20
0.4223642519685039
11
2.2627009448818898
21
0.4244607086614173
0
LINE
8
BLACK
6
CONTINUOUS
10
2.2627009448818898
20
0.4244607086614173
11
2.2573262598425194
21
0.4278378346456693
0
LINE
8
BLACK
6
CONTINUOUS
10
2.2573262598425194
20
0.4278378346456693
11
2.2528378346456694
21
0.4323262598425197
0
LINE
8
BLACK
6
CONTINUOUS
10
2.2528378346456694
20
0.4323262598425197
11
2.2494607086614171
21
0.4377009448818898
0
LINE
8
BLACK
6
CONTINUOUS
10
2.2494607086614171
20
0.4377009448818898
11
2.247364251968504
21
0.4436923228346457
0
LINE
8
BLACK
6
CONTINUOUS
10
2.247364251968504
20
0.4436923228346457
11
2.2466535433070867
21
0.45
0
LINE
8
BLACK
6
CONTINUOUS
10
2.2466535433070867
20
0.45
11
2.247364251968504
21
0.4563076771653543
0
LINE
8
BLACK
6
CONTINUOUS
10
2.247364251968504
20
0.4563076771653543
11
2.2494607086614171
21
0.4622990551181102
0
LINE
8
BLACK
6
CONTINUOUS
10
2.2494607086614171
20
0.4622990551181102
11
2.2528378346456694
21
0.4676737401574803
0
LINE
8
BLACK
6
CONTINUOUS
10
2.2528378346456694
20
0.4676737401574803
11
2.2573262598425194
21
0.4721621653543307
0
LINE
8
BLACK
6
CONTINUOUS
10
2.2573262598425194
20
0.4721621653543307
11
2.2627009448818898
21
0.4755392913385827
0
LINE
8
BLACK
6
CONTINUOUS
10
2.2627009448818898
20
0.4755392913385827
11
2.2686923228346458
21
0.4776357480314961
0
LINE
8
BLACK
6
CONTINUOUS
10
2.2686923228346458
20
0.4776357480314961
11
2.2749999999999999
21
0.4783464566929134
0
LINE
8
BLACK
6
CONTINUOUS
10
2.2749999999999999
20
0.4783464566929134
11
2.2813076771653544
21
0.4776357480314961
0
LINE
8
BLACK
6
CONTINUOUS
10
0.626256968503937
20
0.880263937007874
11
0.6283526377952756
21
0.878448031496063
0
LINE
8
BLACK
6
CONTINUOUS
10
0.6283526377952756
20
0.878448031496063
11
0.6291338582677165
21
0.8757874015748032
0
LINE
8
BLACK
6
CONTINUOUS
10
0.6291338582677165
20
0.8757874015748032
11
0.6291338582677165
21
0.8440906299212598
0
LINE
8
BLACK
6
CONTINUOUS
10
0.6291338582677165
20
0.8440906299212598
11
0.630545905511811
21
0.8438876377952755
0
LINE
8
BLACK
6
CONTINUOUS
10
0.630545905511811
20
0.8438876377952755
11
0.6356425196850394
21
0.8415601181102362
0
LINE
8
BLACK
6
CONTINUOUS
10
0.6356425196850394
20
0.8415601181102362
11
0.6398769685039369
21
0.8378909448818898
0
LINE
8
BLACK
6
CONTINUOUS
10
0.6398769685039369
20
0.8378909448818898
11
0.6429061417322834
21
0.8331774803149606
0
LINE
8
BLACK
6
CONTINUOUS
10
0.6429061417322834
20
0.8331774803149606
11
0.6444846850393701
21
0.8278014566929134
0
LINE
8
BLACK
6
CONTINUOUS
10
0.6444846850393701
20
0.8278014566929134
11
0.6444846850393701
21
0.8221985433070866
0
LINE
8
BLACK
6
CONTINUOUS
10
0.6444846850393701
20
0.8221985433070866
11
0.6429061417322834
21
0.8168225196850394
0
LINE
8
BLACK
6
CONTINUOUS
10
0.6429061417322834
20
0.8168225196850394
11
0.6398769685039369
21
0.8121090551181103
0
LINE
8
BLACK
6
CONTINUOUS
10
0.6398769685039369
20
0.8121090551181103
11
0.6356425196850394
21
0.8084398818897638
0
LINE
8
BLACK
6
CONTINUOUS
10
0.6356425196850394
20
0.8084398818897638
11
0.630545905511811
21
0.8061123622047244
0
LINE
8
BLACK
6
CONTINUOUS
10
0.630545905511811
20
0.8061123622047244
11
0.6291338582677165
21
0.8059093307086614
0
LINE
8
BLACK
6
CONTINUOUS
10
0.6291338582677165
20
0.8059093307086614
11
0.6291338582677165
21
0.6749999999999999
0
LINE
8
BLACK
6
CONTINUOUS
10
0.6291338582677165
20
0.6749999999999999
11
0.6291338582677165
21
0.4791338582677165
0
LINE
8
BLACK
6
CONTINUOUS
10
0.6291338582677165
20
0.4791338582677165
11
0.8257874015748031
21
0.4791338582677165
0
LINE
8
BLACK
6
CONTINUOUS
10
0.8257874015748031
20
0.4791338582677165
11
1.0257874015748032
21
0.4791338582677165
0
LINE
8
BLACK
6
CONTINUOUS
10
1.0257874015748032
20
0.4791338582677165
11
1.0271738976377953
21
0.4789345275590551
0
LINE
8
BLACK
6
CONTINUOUS
10
1.0271738976377953
20
0.4789345275590551
11
1.0295066535433071
21
0.4774353543307087
0
LINE
8
BLACK
6
CONTINUOUS
10
1.0295066535433071
20
0.4774353543307087
11
1.0306585826771653
21
0.4749129527559055
0
LINE
8
BLACK
6
CONTINUOUS
10
1.0306585826771653
20
0.4749129527559055
11
1.0302639370078739
21
0.4721682283464567
0
LINE
8
BLACK
6
CONTINUOUS
10
1.0302639370078739
20
0.4721682283464567
11
1.0284480314960629
21
0.4700725590551181
0
LINE
8
BLACK
6
CONTINUOUS
10
1.0284480314960629
20
0.4700725590551181
11
1.0257874015748032
21
0.4692913385826771
0
LINE
8
BLACK
6
CONTINUOUS
10
1.0257874015748032
20
0.4692913385826771
11
0.8257874015748031
21
0.4692913385826771
0
LINE
8
BLACK
6
CONTINUOUS
10
0.8257874015748031
20
0.4692913385826771
11
0.6242125984251968
21
0.4692913385826771
0
LINE
8
BLACK
6
CONTINUOUS
10
0.6242125984251968
20
0.4692913385826771
11
0.6228261023622047
21
0.4694906692913386
0
LINE
8
BLACK
6
CONTINUOUS
10
0.6228261023622047
20
0.4694906692913386
11
0.6225238188976377
21
0.4696849212598425
0
LINE
8
BLACK
6
CONTINUOUS
10
0.6225238188976377
20
0.4696849212598425
11
0.6221682283464567
21
0.4697360629921259
0
LINE
8
BLACK
6
CONTINUOUS
10
0.6221682283464567
20
0.4697360629921259
11
0.6213757086614173
21
0.4704227559055118
0
LINE
8
BLACK
6
CONTINUOUS
10
0.6213757086614173
20
0.4704227559055118
11
0.6204933464566929
21
0.470989842519685
0
LINE
8
BLACK
6
CONTINUOUS
10
0.6204933464566929
20
0.470989842519685
11
0.6203440551181102
21
0.4713166929133858
0
LINE
8
BLACK
6
CONTINUOUS
10
0.6203440551181102
20
0.4713166929133858
11
0.620072559055118
21
0.471551968503937
0
LINE
8
BLACK
6
CONTINUOUS
10
0.620072559055118
20
0.471551968503937
11
0.6197770866141732
21
0.472558188976378
0
LINE
8
BLACK
6
CONTINUOUS
10
0.6197770866141732
20
0.472558188976378
11
0.6193414173228347
21
0.4735122440944882
0
LINE
8
BLACK
6
CONTINUOUS
10
0.6193414173228347
20
0.4735122440944882
11
0.6193925196850394
21
0.473867874015748
0
LINE
8
BLACK
6
CONTINUOUS
10
0.6193925196850394
20
0.473867874015748
11
0.6192913385826772
21
0.4742125984251969
0
LINE
8
BLACK
6
CONTINUOUS
10
0.6192913385826772
20
0.4742125984251969
11
0.6192913385826772
21
0.6749999999999999
0
LINE
8
BLACK
6
CONTINUOUS
10
0.6192913385826772
20
0.6749999999999999
11
0.6192913385826772
21
0.8053149606299213
0
LINE
8
BLACK
6
CONTINUOUS
10
0.6192913385826772
20
0.8053149606299213
11
0.28
21
0.8053149606299213
0
LINE
8
BLACK
6
CONTINUOUS
10
0.28
20
0.8053149606299213
11
0.28
21
0.7949999999999999
0
LINE
8
BLACK
6
CONTINUOUS
10
0.28
20
0.7949999999999999
11
0.22
21
0.7949999999999999
0
LINE
8
BLACK
6
CONTINUOUS
10
0.22
20
0.7949999999999999
11
0.22
21
0.8053149606299213
0
LINE
8
BLACK
6
CONTINUOUS
10
0.22
20
0.8053149606299213
11
0.18
21
0.8053149606299213
0
LINE
8
BLACK
6
CONTINUOUS
10
0.18
20
0.8053149606299213
11
0.18
21
0.7949999999999999
0
LINE
8
BLACK
6
CONTINUOUS
10
0.18
20
0.7949999999999999
11
0.12
21
0.7949999999999999
0
LINE
8
BLACK
6
CONTINUOUS
10
0.12
20
0.7949999999999999
11
0.12
21
0.855
0
LINE
8
BLACK
6
CONTINUOUS
10
0.12
20
0.855
11
0.18
21
0.855
0
LINE
8
BLACK
6
CONTINUOUS
10
0.18
20
0.855
11
0.18
21
0.8446850393700788
0
LINE
8
BLACK
6
CONTINUOUS
10
0.18
20
0.8446850393700788
11
0.22
21
0.8446850393700788
0
LINE
8
BLACK
6
CONTINUOUS
10
0.22
20
0.8446850393700788
11
0.22
21
0.855
0
LINE
8
BLACK
6
CONTINUOUS
10
0.22
20
0.855
11
0.28
21
0.855
0
LINE
8
BLACK
6
CONTINUOUS
10
0.28
20
0.855
11
0.28
21
0.8446850393700788
0
LINE
8
BLACK
6
CONTINUOUS
10
0.28
20
0.8446850393700788
11
0.6192913385826772
21
0.8446850393700788
0
LINE
8
BLACK
6
CONTINUOUS
10
0.6192913385826772
20
0.8446850393700788
11
0.6192913385826772
21
0.8757874015748032
0
LINE
8
BLACK
6
CONTINUOUS
10
0.6192913385826772
20
0.8757874015748032
11
0.6194906692913386
21
0.8771738976377953
0
LINE
8
BLACK
6
CONTINUOUS
10
0.6194906692913386
20
0.8771738976377953
11
0.620989842519685
21
0.879506653543307
0
LINE
8
BLACK
6
CONTINUOUS
10
0.620989842519685
20
0.879506653543307
11
0.6235122440944881
21
0.8806585826771653
0
LINE
8
BLACK
6
CONTINUOUS
10
0.6235122440944881
20
0.8806585826771653
11
0.626256968503937
21
0.880263937007874
0
LINE
8
BLACK
6
CONTINUOUS
10
0.8260461023622047
20
0.6798088188976378
11
0.828479842519685
21
0.6784798425196851
0
LINE
8
BLACK
6
CONTINUOUS
10
0.828479842519685
20
0.6784798425196851
11
0.8522020866141732
21
0.6547575984251969
0
LINE
8
BLACK
6
CONTINUOUS
10
0.8522020866141732
20
0.6547575984251969
11
0.8547962992125984
21
0.6573518110236221
0
LINE
8
BLACK
6
CONTINUOUS
10
0.8547962992125984
20
0.6573518110236221
11
0.8597138976377953
21
0.6600370078740158
0
LINE
8
BLACK
6
CONTINUOUS
10
0.8597138976377953
20
0.6600370078740158
11
0.865188779527559
21
0.6612279921259843
0
LINE
8
BLACK
6
CONTINUOUS
10
0.865188779527559
20
0.6612279921259843
11
0.8707774803149606
21
0.6608282677165355
0
LINE
8
BLACK
6
CONTINUOUS
10
0.8707774803149606
20
0.6608282677165355
11
0.8760271259842519
21
0.6588702362204725
0
LINE
8
BLACK
6
CONTINUOUS
10
0.8760271259842519
20
0.6588702362204725
11
0.8805125196850393
21
0.6555125196850393
0
LINE
8
BLACK
6
CONTINUOUS
10
0.8805125196850393
20
0.6555125196850393
11
0.9413400393700787
21
0.5946850393700788
0
LINE
8
BLACK
6
CONTINUOUS
10
0.9413400393700787
20
0.5946850393700788
11
1.3513779527559056
21
0.5946850393700788
0
LINE
8
BLACK
6
CONTINUOUS
10
1.3513779527559056
20
0.5946850393700788
11
1.3513779527559056
21
0.6143700787401575
0
LINE
8
BLACK
6
CONTINUOUS
10
1.3513779527559056
20
0.6143700787401575
11
1.3986220472440944
21
0.6143700787401575
0
LINE
8
BLACK
6
CONTINUOUS
10
1.3986220472440944
20
0.6143700787401575
11
1.3986220472440944
21
0.5356299212598425
0
LINE
8
BLACK
6
CONTINUOUS
10
1.3986220472440944
20
0.5356299212598425
11
1.3513779527559056
21
0.5356299212598425
0
LINE
8
BLACK
6
CONTINUOUS
10
1.3513779527559056
20
0.5356299212598425
11
1.3513779527559056
21
0.5553149606299213
0
LINE
8
BLACK
6
CONTINUOUS
10
1.3513779527559056
20
0.5553149606299213
11
0.9331862204724409
21
0.5553149606299213
0
LINE
8
BLACK
6
CONTINUOUS
10
0.9331862204724409
20
0.5553149606299213
11
0.9311020078740158
21
0.5556146062992126
0
LINE
8
BLACK
6
CONTINUOUS
10
0.9311020078740158
20
0.5556146062992126
11
0.9290018503937008
21
0.5557648425196851
0
LINE
8
BLACK
6
CONTINUOUS
10
0.9290018503937008
20
0.5557648425196851
11
0.9283397244094488
21
0.5560117716535433
0
LINE
8
BLACK
6
CONTINUOUS
10
0.9283397244094488
20
0.5560117716535433
11
0.9276403149606299
21
0.5561123622047244
0
LINE
8
BLACK
6
CONTINUOUS
10
0.9276403149606299
20
0.5561123622047244
11
0.925725
21
0.5569870078740158
0
LINE
8
BLACK
6
CONTINUOUS
10
0.925725
20
0.5569870078740158
11
0.9237521653543307
21
0.557722874015748
0
LINE
8
BLACK
6
CONTINUOUS
10
0.9237521653543307
20
0.557722874015748
11
0.9231864566929133
21
0.5581462992125984
0
LINE
8
BLACK
6
CONTINUOUS
10
0.9231864566929133
20
0.5581462992125984
11
0.9225437007874016
21
0.5584398818897638
0
LINE
8
BLACK
6
CONTINUOUS
10
0.9225437007874016
20
0.5584398818897638
11
0.9209524409448818
21
0.5598187007874016
0
LINE
8
BLACK
6
CONTINUOUS
10
0.9209524409448818
20
0.5598187007874016
11
0.9192667716535433
21
0.5610805905511811
0
LINE
8
BLACK
6
CONTINUOUS
10
0.9192667716535433
20
0.5610805905511811
11
0.9165113779527558
21
0.5638359842519685
0
LINE
8
BLACK
6
CONTINUOUS
10
0.9165113779527558
20
0.5638359842519685
11
0.9165112598425197
21
0.5638361023622047
0
LINE
8
BLACK
6
CONTINUOUS
10
0.9165112598425197
20
0.5638361023622047
11
0.8526737007874016
21
0.6276737007874016
0
LINE
8
BLACK
6
CONTINUOUS
10
0.8526737007874016
20
0.6276737007874016
11
0.8493159842519685
21
0.632159094488189
0
LINE
8
BLACK
6
CONTINUOUS
10
0.8493159842519685
20
0.632159094488189
11
0.8473579527559055
21
0.6374087401574803
0
LINE
8
BLACK
6
CONTINUOUS
10
0.8473579527559055
20
0.6374087401574803
11
0.8469582283464566
21
0.6429974409448819
0
LINE
8
BLACK
6
CONTINUOUS
10
0.8469582283464566
20
0.6429974409448819
11
0.8475093307086614
21
0.645530905511811
0
LINE
8
BLACK
6
CONTINUOUS
10
0.8475093307086614
20
0.645530905511811
11
0.8215201574803149
21
0.6715201574803149
0
LINE
8
BLACK
6
CONTINUOUS
10
0.8215201574803149
20
0.6715201574803149
11
0.8206807086614173
21
0.6726414960629921
0
LINE
8
BLACK
6
CONTINUOUS
10
0.8206807086614173
20
0.6726414960629921
11
0.8200912598425196
21
0.675351062992126
0
LINE
8
BLACK
6
CONTINUOUS
10
0.8200912598425196
20
0.675351062992126
11
0.8210603149606299
21
0.6779492125984252
0
LINE
8
BLACK
6
CONTINUOUS
10
0.8210603149606299
20
0.6779492125984252
11
0.8232801968503937
21
0.6796109842519685
0
LINE
8
BLACK
6
CONTINUOUS
10
0.8232801968503937
20
0.6796109842519685
11
0.8260461023622047
21
0.6798088188976378
0
LINE
8
BLACK
6
CONTINUOUS
10
1.4616141732283465
20
0.6946850393700787
11
1.5009842519685039
21
0.6946850393700787
0
LINE
8
BLACK
6
CONTINUOUS
10
1.5009842519685039
20
0.6946850393700787
11
1.6081862204724409
21
0.6946850393700787
0
LINE
8
BLACK
6
CONTINUOUS
10
1.6081862204724409
20
0.6946850393700787
11
1.6102703937007874
21
0.6943853543307087
0
LINE
8
BLACK
6
CONTINUOUS
10
1.6102703937007874
20
0.6943853543307087
11
1.6123705905511811
21
0.6942351574803149
0
LINE
8
BLACK
6
CONTINUOUS
10
1.6123705905511811
20
0.6942351574803149
11
1.6130326771653543
21
0.6939881889763779
0
LINE
8
BLACK
6
CONTINUOUS
10
1.6130326771653543
20
0.6939881889763779
11
1.6137321259842519
21
0.6938876377952756
0
LINE
8
BLACK
6
CONTINUOUS
10
1.6137321259842519
20
0.6938876377952756
11
1.6156474803149605
21
0.6930129133858267
0
LINE
8
BLACK
6
CONTINUOUS
10
1.6156474803149605
20
0.6930129133858267
11
1.6176202362204724
21
0.692277125984252
0
LINE
8
BLACK
6
CONTINUOUS
10
1.6176202362204724
20
0.692277125984252
11
1.6181858267716536
21
0.6918537007874016
0
LINE
8
BLACK
6
CONTINUOUS
10
1.6181858267716536
20
0.6918537007874016
11
1.6188287401574804
21
0.6915601181102362
0
LINE
8
BLACK
6
CONTINUOUS
10
1.6188287401574804
20
0.6915601181102362
11
1.6204202362204725
21
0.690181062992126
0
LINE
8
BLACK
6
CONTINUOUS
10
1.6204202362204725
20
0.690181062992126
11
1.6221056299212597
21
0.6889194094488189
0
LINE
8
BLACK
6
CONTINUOUS
10
1.6221056299212597
20
0.6889194094488189
11
1.7163400393700787
21
0.5946850393700788
0
LINE
8
BLACK
6
CONTINUOUS
10
1.7163400393700787
20
0.5946850393700788
11
1.825
21
0.5946850393700788
0
LINE
8
BLACK
6
CONTINUOUS
10
1.825
20
0.5946850393700788
11
1.830545905511811
21
0.5938876377952755
0
LINE
8
BLACK
6
CONTINUOUS
10
1.830545905511811
20
0.5938876377952755
11
1.8331533858267717
21
0.5926968503937008
0
LINE
8
BLACK
6
CONTINUOUS
10
1.8331533858267717
20
0.5926968503937008
11
1.8525590551181101
21
0.5926968503937008
0
LINE
8
BLACK
6
CONTINUOUS
10
1.8525590551181101
20
0.5926968503937008
11
1.8525590551181101
21
0.590748031496063
0
LINE
8
BLACK
6
CONTINUOUS
10
1.8525590551181101
20
0.590748031496063
11
1.8974409448818896
21
0.590748031496063
0
LINE
8
BLACK
6
CONTINUOUS
10
1.8974409448818896
20
0.590748031496063
11
1.8974409448818896
21
0.5926968503937008
0
LINE
8
BLACK
6
CONTINUOUS
10
1.8974409448818896
20
0.5926968503937008
11
1.9525590551181102
21
0.5926968503937008
0
LINE
8
BLACK
6
CONTINUOUS
10
1.9525590551181102
20
0.5926968503937008
11
1.9525590551181102
21
0.590748031496063
0
LINE
8
BLACK
6
CONTINUOUS
10
1.9525590551181102
20
0.590748031496063
11
2.0684769291338583
21
0.590748031496063
0
LINE
8
BLACK
6
CONTINUOUS
10
2.0684769291338583
20
0.590748031496063
11
2.1472687401574801
21
0.6695398031496063
0
LINE
8
BLACK
6
CONTINUOUS
10
2.1472687401574801
20
0.6695398031496063
11
2.1466535433070866
21
0.6749999999999999
0
LINE
8
BLACK
6
CONTINUOUS
10
2.1466535433070866
20
0.6749999999999999
11
2.1473642519685039
21
0.6813076771653543
0
LINE
8
BLACK
6
CONTINUOUS
10
2.1473642519685039
20
0.6813076771653543
11
2.1494607086614175
21
0.6872990551181102
0
LINE
8
BLACK
6
CONTINUOUS
10
2.1494607086614175
20
0.6872990551181102
11
2.1528378346456694
21
0.6926737401574803
0
LINE
8
BLACK
6
CONTINUOUS
10
2.1528378346456694
20
0.6926737401574803
11
2.1573262598425198
21
0.6971621653543307
0
LINE
8
BLACK
6
CONTINUOUS
10
2.1573262598425198
20
0.6971621653543307
11
2.1627009448818897
21
0.7005392913385826
0
LINE
8
BLACK
6
CONTINUOUS
10
2.1627009448818897
20
0.7005392913385826
11
2.1686923228346457
21
0.7026357480314961
0
LINE
8
BLACK
6
CONTINUOUS
10
2.1686923228346457
20
0.7026357480314961
11
2.1749999999999998
21
0.7033464566929134
0
LINE
8
BLACK
6
CONTINUOUS
10
2.1749999999999998
20
0.7033464566929134
11
2.1813076771653543
21
0.7026357480314961
0
LINE
8
BLACK
6
CONTINUOUS
10
2.1813076771653543
20
0.7026357480314961
11
2.1872990551181104
21
0.7005392913385826
0
LINE
8
BLACK
6
CONTINUOUS
10
2.1872990551181104
20
0.7005392913385826
11
2.1926737401574803
21
0.6971621653543307
0
LINE
8
BLACK
6
CONTINUOUS
10
2.1926737401574803
20
0.6971621653543307
11
2.1971621653543307
21
0.6926737401574803
0
LINE
8
BLACK
6
CONTINUOUS
10
2.1971621653543307
20
0.6926737401574803
11
2.2005392913385826
21
0.6872990551181102
0
LINE
8
BLACK
6
CONTINUOUS
10
2.2005392913385826
20
0.6872990551181102
11
2.2026357480314962
21
0.6813076771653543
0
LINE
8
BLACK
6
CONTINUOUS
10
2.2026357480314962
20
0.6813076771653543
11
2.2033464566929135
21
0.6749999999999999
0
LINE
8
BLACK
6
CONTINUOUS
10
2.2033464566929135
20
0.6749999999999999
11
2.2026357480314962
21
0.6686923228346456
0
LINE
8
BLACK
6
CONTINUOUS
10
2.2026357480314962
20
0.6686923228346456
11
2.2005392913385826
21
0.6627009448818898
0
LINE
8
BLACK
6
CONTINUOUS
10
2.2005392913385826
20
0.6627009448818898
11
2.1971621653543307
21
0.6573262598425197
0
LINE
8
BLACK
6
CONTINUOUS
10
2.1971621653543307
20
0.6573262598425197
11
2.1926737401574803
21
0.6528378346456692
0
LINE
8
BLACK
6
CONTINUOUS
10
2.1926737401574803
20
0.6528378346456692
11
2.1872990551181104
21
0.6494607086614174
0
LINE
8
BLACK
6
CONTINUOUS
10
2.1872990551181104
20
0.6494607086614174
11
2.1813076771653543
21
0.6473642519685039
0
LINE
8
BLACK
6
CONTINUOUS
10
2.1813076771653543
20
0.6473642519685039
11
2.1749999999999998
21
0.6466535433070866
0
LINE
8
BLACK
6
CONTINUOUS
10
2.1749999999999998
20
0.6466535433070866
11
2.1695398031496063
21
0.6472687401574803
0
LINE
8
BLACK
6
CONTINUOUS
10
2.1695398031496063
20
0.6472687401574803
11
2.0861355511811022
21
0.5638644488188976
0
LINE
8
BLACK
6
CONTINUOUS
10
2.0861355511811022
20
0.5638644488188976
11
2.0851327952755905
21
0.563135905511811
0
LINE
8
BLACK
6
CONTINUOUS
10
2.0851327952755905
20
0.563135905511811
11
2.0842564566929132
21
0.5622595669291338
0
LINE
8
BLACK
6
CONTINUOUS
10
2.0842564566929132
20
0.5622595669291338
11
2.083152125984252
21
0.5616968897637795
0
LINE
8
BLACK
6
CONTINUOUS
10
2.083152125984252
20
0.5616968897637795
11
2.0821494488188974
21
0.5609683858267717
0
LINE
8
BLACK
6
CONTINUOUS
10
2.0821494488188974
20
0.5609683858267717
11
2.0809707480314961
21
0.5605853937007874
0
LINE
8
BLACK
6
CONTINUOUS
10
2.0809707480314961
20
0.5605853937007874
11
2.0798664173228345
21
0.560022716535433
0
LINE
8
BLACK
6
CONTINUOUS
10
2.0798664173228345
20
0.560022716535433
11
2.0786421653543306
21
0.5598287795275591
0
LINE
8
BLACK
6
CONTINUOUS
10
2.0786421653543306
20
0.5598287795275591
11
2.0774635433070867
21
0.5594458661417323
0
LINE
8
BLACK
6
CONTINUOUS
10
2.0774635433070867
20
0.5594458661417323
11
2.0762242519685037
21
0.5594458661417323
0
LINE
8
BLACK
6
CONTINUOUS
10
2.0762242519685037
20
0.5594458661417323
11
2.0749999999999997
21
0.559251968503937
0
LINE
8
BLACK
6
CONTINUOUS
10
2.0749999999999997
20
0.559251968503937
11
1.9525590551181102
21
0.559251968503937
0
LINE
8
BLACK
6
CONTINUOUS
10
1.9525590551181102
20
0.559251968503937
11
1.9525590551181102
21
0.5573031496062992
0
LINE
8
BLACK
6
CONTINUOUS
10
1.9525590551181102
20
0.5573031496062992
11
1.8974409448818896
21
0.5573031496062992
0
LINE
8
BLACK
6
CONTINUOUS
10
1.8974409448818896
20
0.5573031496062992
11
1.8974409448818896
21
0.559251968503937
0
LINE
8
BLACK
6
CONTINUOUS
10
1.8974409448818896
20
0.559251968503937
11
1.8525590551181101
21
0.559251968503937
0
LINE
8
BLACK
6
CONTINUOUS
10
1.8525590551181101
20
0.559251968503937
11
1.8525590551181101
21
0.5573031496062992
0
LINE
8
BLACK
6
CONTINUOUS
10
1.8525590551181101
20
0.5573031496062992
11
1.8331533858267717
21
0.5573031496062992
0
LINE
8
BLACK
6
CONTINUOUS
10
1.8331533858267717
20
0.5573031496062992
11
1.830545905511811
21
0.5561123622047244
0
LINE
8
BLACK
6
CONTINUOUS
10
1.830545905511811
20
0.5561123622047244
11
1.825
21
0.5553149606299213
0
LINE
8
BLACK
6
CONTINUOUS
10
1.825
20
0.5553149606299213
11
1.708186220472441
21
0.5553149606299213
0
LINE
8
BLACK
6
CONTINUOUS
10
1.708186220472441
20
0.5553149606299213
11
1.7061020078740157
21
0.5556146062992126
0
LINE
8
BLACK
6
CONTINUOUS
10
1.7061020078740157
20
0.5556146062992126
11
1.7040018503937007
21
0.5557648425196851
0
LINE
8
BLACK
6
CONTINUOUS
10
1.7040018503937007
20
0.5557648425196851
11
1.7033397244094488
21
0.5560117716535433
0
LINE
8
BLACK
6
CONTINUOUS
10
1.7033397244094488
20
0.5560117716535433
11
1.70264031496063
21
0.5561123622047244
0
LINE
8
BLACK
6
CONTINUOUS
10
1.70264031496063
20
0.5561123622047244
11
1.700725
21
0.5569870078740158
0
LINE
8
BLACK
6
CONTINUOUS
10
1.700725
20
0.5569870078740158
11
1.6987521653543307
21
0.557722874015748
0
LINE
8
BLACK
6
CONTINUOUS
10
1.6987521653543307
20
0.557722874015748
11
1.6981864566929132
21
0.5581462992125984
0
LINE
8
BLACK
6
CONTINUOUS
10
1.6981864566929132
20
0.5581462992125984
11
1.6975437007874015
21
0.5584398818897638
0
LINE
8
BLACK
6
CONTINUOUS
10
1.6975437007874015
20
0.5584398818897638
11
1.6959524409448818
21
0.5598187007874016
0
LINE
8
BLACK
6
CONTINUOUS
10
1.6959524409448818
20
0.5598187007874016
11
1.6942667716535433
21
0.5610805905511811
0
LINE
8
BLACK
6
CONTINUOUS
10
1.6942667716535433
20
0.5610805905511811
11
1.6000324409448818
21
0.6553149606299212
0
LINE
8
BLACK
6
CONTINUOUS
10
1.6000324409448818
20
0.6553149606299212
11
1.5009842519685039
21
0.6553149606299212
0
LINE
8
BLACK
6
CONTINUOUS
10
1.5009842519685039
20
0.6553149606299212
11
1.4616141732283465
21
0.6553149606299212
0
LINE
8
BLACK
6
CONTINUOUS
10
1.4616141732283465
20
0.6553149606299212
11
1.4616141732283465
21
0.6356299212598425
0
LINE
8
BLACK
6
CONTINUOUS
10
1.4616141732283465
20
0.6356299212598425
11
1.4143700787401574
21
0.6356299212598425
0
LINE
8
BLACK
6
CONTINUOUS
10
1.4143700787401574
20
0.6356299212598425
11
1.4143700787401574
21
0.7143700787401575
0
LINE
8
BLACK
6
CONTINUOUS
10
1.4143700787401574
20
0.7143700787401575
11
1.4616141732283465
21
0.7143700787401575
0
LINE
8
BLACK
6
CONTINUOUS
10
1.4616141732283465
20
0.7143700787401575
11
1.4616141732283465
21
0.6946850393700787
0
LINE
8
BLACK
6
CONTINUOUS
10
0.8270443700787401
20
0.880263937007874
11
0.8291400393700787
21
0.878448031496063
0
LINE
8
BLACK
6
CONTINUOUS
10
0.8291400393700787
20
0.878448031496063
11
0.8299212598425196
21
0.8757874015748032
0
LINE
8
BLACK
6
CONTINUOUS
10
0.8299212598425196
20
0.8757874015748032
11
0.8299212598425196
21
0.8188622440944882
0
LINE
8
BLACK
6
CONTINUOUS
10
0.8299212598425196
20
0.8188622440944882
11
0.8331774803149606
21
0.8179061417322835
0
LINE
8
BLACK
6
CONTINUOUS
10
0.8331774803149606
20
0.8179061417322835
11
0.8378909448818898
21
0.814876968503937
0
LINE
8
BLACK
6
CONTINUOUS
10
0.8378909448818898
20
0.814876968503937
11
0.8415601181102362
21
0.8106425196850393
0
LINE
8
BLACK
6
CONTINUOUS
10
0.8415601181102362
20
0.8106425196850393
11
0.8438876377952755
21
0.805545905511811
0
LINE
8
BLACK
6
CONTINUOUS
10
0.8438876377952755
20
0.805545905511811
11
0.8446850393700788
21
0.7999999999999999
0
LINE
8
BLACK
6
CONTINUOUS
10
0.8446850393700788
20
0.7999999999999999
11
0.8446850393700788
21
0.758153779527559
0
LINE
8
BLACK
6
CONTINUOUS
10
0.8446850393700788
20
0.758153779527559
11
0.958153779527559
21
0.6446850393700787
0
LINE
8
BLACK
6
CONTINUOUS
10
0.958153779527559
20
0.6446850393700787
11
1.2538540944881889
21
0.6446850393700787
0
LINE
8
BLACK
6
CONTINUOUS
10
1.2538540944881889
20
0.6446850393700787
11
1.2980884251968503
21
0.6889194094488189
0
LINE
8
BLACK
6
CONTINUOUS
10
1.2980884251968503
20
0.6889194094488189
11
1.299774094488189
21
0.6901812598425197
0
LINE
8
BLACK
6
CONTINUOUS
10
1.299774094488189
20
0.6901812598425197
11
1.3013653543307087
21
0.6915601181102362
0
LINE
8
BLACK
6
CONTINUOUS
10
1.3013653543307087
20
0.6915601181102362
11
1.3020081102362204
21
0.6918536614173229
0
LINE
8
BLACK
6
CONTINUOUS
10
1.3020081102362204
20
0.6918536614173229
11
1.3025738188976377
21
0.692277125984252
0
LINE
8
BLACK
6
CONTINUOUS
10
1.3025738188976377
20
0.692277125984252
11
1.304546653543307
21
0.6930129527559055
0
LINE
8
BLACK
6
CONTINUOUS
10
1.304546653543307
20
0.6930129527559055
11
1.3064619685039369
21
0.6938876377952756
0
LINE
8
BLACK
6
CONTINUOUS
10
1.3064619685039369
20
0.6938876377952756
11
1.3071613779527558
21
0.6939881889763779
0
LINE
8
BLACK
6
CONTINUOUS
10
1.3071613779527558
20
0.6939881889763779
11
1.3078235039370079
21
0.6942351574803149
0
LINE
8
BLACK
6
CONTINUOUS
10
1.3078235039370079
20
0.6942351574803149
11
1.3099236614173229
21
0.6943853543307087
0
LINE
8
BLACK
6
CONTINUOUS
10
1.3099236614173229
20
0.6943853543307087
11
1.3120078740157479
21
0.6946850393700787
0
LINE
8
BLACK
6
CONTINUOUS
10
1.3120078740157479
20
0.6946850393700787
11
1.3513779527559056
21
0.6946850393700787
0
LINE
8
BLACK
6
CONTINUOUS
10
1.3513779527559056
20
0.6946850393700787
11
1.3513779527559056
21
0.7143700787401575
0
LINE
8
BLACK
6
CONTINUOUS
10
1.3513779527559056
20
0.7143700787401575
11
1.3986220472440944
21
0.7143700787401575
0
LINE
8
BLACK
6
CONTINUOUS
10
1.3986220472440944
20
0.7143700787401575
11
1.3986220472440944
21
0.6356299212598425
0
LINE
8
BLACK
6
CONTINUOUS
10
1.3986220472440944
20
0.6356299212598425
11
1.3513779527559056
21
0.6356299212598425
0
LINE
8
BLACK
6
CONTINUOUS
10
1.3513779527559056
20
0.6356299212598425
11
1.3513779527559056
21
0.6553149606299212
0
LINE
8
BLACK
6
CONTINUOUS
10
1.3513779527559056
20
0.6553149606299212
11
1.3201616929133857
21
0.6553149606299212
0
LINE
8
BLACK
6
CONTINUOUS
10
1.3201616929133857
20
0.6553149606299212
11
1.275927283464567
21
0.6110805905511811
0
LINE
8
BLACK
6
CONTINUOUS
10
1.275927283464567
20
0.6110805905511811
11
1.2742418897637795
21
0.6098188976377953
0
LINE
8
BLACK
6
CONTINUOUS
10
1.2742418897637795
20
0.6098188976377953
11
1.2726503937007874
21
0.6084398818897637
0
LINE
8
BLACK
6
CONTINUOUS
10
1.2726503937007874
20
0.6084398818897637
11
1.2720074803149606
21
0.6081462598425197
0
LINE
8
BLACK
6
CONTINUOUS
10
1.2720074803149606
20
0.6081462598425197
11
1.2714418897637796
21
0.607722874015748
0
LINE
8
BLACK
6
CONTINUOUS
10
1.2714418897637796
20
0.607722874015748
11
1.2694691338582678
21
0.6069870472440945
0
LINE
8
BLACK
6
CONTINUOUS
10
1.2694691338582678
20
0.6069870472440945
11
1.2675537795275591
21
0.6061123622047244
0
LINE
8
BLACK
6
CONTINUOUS
10
1.2675537795275591
20
0.6061123622047244
11
1.2668543307086615
21
0.6060117716535433
0
LINE
8
BLACK
6
CONTINUOUS
10
1.2668543307086615
20
0.6060117716535433
11
1.2661922440944882
21
0.605764842519685
0
LINE
8
BLACK
6
CONTINUOUS
10
1.2661922440944882
20
0.605764842519685
11
1.2640920472440944
21
0.6056146062992126
0
LINE
8
BLACK
6
CONTINUOUS
10
1.2640920472440944
20
0.6056146062992126
11
1.2620078740157481
21
0.6053149606299213
0
LINE
8
BLACK
6
CONTINUOUS
10
1.2620078740157481
20
0.6053149606299213
11
0.95
21
0.6053149606299213
0
LINE
8
BLACK
6
CONTINUOUS
10
0.95
20
0.6053149606299213
11
0.9479157874015748
21
0.6056146062992126
0
LINE
8
BLACK
6
CONTINUOUS
10
0.9479157874015748
20
0.6056146062992126
11
0.9458156299212598
21
0.605764842519685
0
LINE
8
BLACK
6
CONTINUOUS
10
0.9458156299212598
20
0.605764842519685
11
0.9451535039370078
21
0.6060117716535433
0
LINE
8
BLACK
6
CONTINUOUS
10
0.9451535039370078
20
0.6060117716535433
11
0.944454094488189
21
0.6061123622047244
0
LINE
8
BLACK
6
CONTINUOUS
10
0.944454094488189
20
0.6061123622047244
11
0.9425387007874015
21
0.6069870472440945
0
LINE
8
BLACK
6
CONTINUOUS
10
0.9425387007874015
20
0.6069870472440945
11
0.9405659842519685
21
0.607722874015748
0
LINE
8
BLACK
6
CONTINUOUS
10
0.9405659842519685
20
0.607722874015748
11
0.9400003543307086
21
0.6081462598425197
0
LINE
8
BLACK
6
CONTINUOUS
10
0.9400003543307086
20
0.6081462598425197
11
0.9393574803149606
21
0.6084398818897637
0
LINE
8
BLACK
6
CONTINUOUS
10
0.9393574803149606
20
0.6084398818897637
11
0.9377659448818897
21
0.6098188976377953
0
LINE
8
BLACK
6
CONTINUOUS
10
0.9377659448818897
20
0.6098188976377953
11
0.9360805905511811
21
0.6110805905511811
0
LINE
8
BLACK
6
CONTINUOUS
10
0.9360805905511811
20
0.6110805905511811
11
0.8110805905511811
21
0.7360805905511811
0
LINE
8
BLACK
6
CONTINUOUS
10
0.8110805905511811
20
0.7360805905511811
11
0.8098188976377952
21
0.7377659448818897
0
LINE
8
BLACK
6
CONTINUOUS
10
0.8098188976377952
20
0.7377659448818897
11
0.8084398818897638
21
0.7393574803149606
0
LINE
8
BLACK
6
CONTINUOUS
10
0.8084398818897638
20
0.7393574803149606
11
0.8081462598425196
21
0.7400003543307087
0
LINE
8
BLACK
6
CONTINUOUS
10
0.8081462598425196
20
0.7400003543307087
11
0.807722874015748
21
0.7405659842519685
0
LINE
8
BLACK
6
CONTINUOUS
10
0.807722874015748
20
0.7405659842519685
11
0.8069870472440944
21
0.7425387007874016
0
LINE
8
BLACK
6
CONTINUOUS
10
0.8069870472440944
20
0.7425387007874016
11
0.8061123622047244
21
0.744454094488189
0
LINE
8
BLACK
6
CONTINUOUS
10
0.8061123622047244
20
0.744454094488189
11
0.8060117716535433
21
0.7451535039370079
0
LINE
8
BLACK
6
CONTINUOUS
10
0.8060117716535433
20
0.7451535039370079
11
0.8057648425196851
21
0.7458156299212598
0
LINE
8
BLACK
6
CONTINUOUS
10
0.8057648425196851
20
0.7458156299212598
11
0.8056146062992126
21
0.7479157874015748
0
LINE
8
BLACK
6
CONTINUOUS
10
0.8056146062992126
20
0.7479157874015748
11
0.8053149606299213
21
0.75
0
LINE
8
BLACK
6
CONTINUOUS
10
0.8053149606299213
20
0.75
11
0.8053149606299213
21
0.7999999999999999
0
LINE
8
BLACK
6
CONTINUOUS
10
0.8053149606299213
20
0.7999999999999999
11
0.8061123622047244
21
0.805545905511811
0
LINE
8
BLACK
6
CONTINUOUS
10
0.8061123622047244
20
0.805545905511811
11
0.8084398818897638
21
0.8106425196850393
0
LINE
8
BLACK
6
CONTINUOUS
10
0.8084398818897638
20
0.8106425196850393
11
0.8121090551181103
21
0.814876968503937
0
LINE
8
BLACK
6
CONTINUOUS
10
0.8121090551181103
20
0.814876968503937
11
0.8168225196850394
21
0.8179061417322835
0
LINE
8
BLACK
6
CONTINUOUS
10
0.8168225196850394
20
0.8179061417322835
11
0.8200787401574803
21
0.8188622440944882
0
LINE
8
BLACK
6
CONTINUOUS
10
0.8200787401574803
20
0.8188622440944882
11
0.8200787401574803
21
0.8757874015748032
0
LINE
8
BLACK
6
CONTINUOUS
10
0.8200787401574803
20
0.8757874015748032
11
0.8202780708661417
21
0.8771738976377953
0
LINE
8
BLACK
6
CONTINUOUS
10
0.8202780708661417
20
0.8771738976377953
11
0.8217772440944882
21
0.879506653543307
0
LINE
8
BLACK
6
CONTINUOUS
10
0.8217772440944882
20
0.879506653543307
11
0.8242996456692914
21
0.8806585826771653
0
LINE
8
BLACK
6
CONTINUOUS
10
0.8242996456692914
20
0.8806585826771653
11
0.8270443700787401
21
0.880263937007874
0
LINE
8
BLACK
6
CONTINUOUS
10
1.8924999999999998
20
0.6974409448818898
11
1.890748031496063
21
0.6974409448818898
0
LINE
8
BLACK
6
CONTINUOUS
10
1.890748031496063
20
0.6974409448818898
11
1.890748031496063
21
0.665748031496063
0
LINE
8
BLACK
6
CONTINUOUS
10
1.890748031496063
20
0.665748031496063
11
1.8974409448818896
21
0.665748031496063
0
LINE
8
BLACK
6
CONTINUOUS
10
1.8974409448818896
20
0.665748031496063
11
1.8974409448818896
21
0.6675
0
LINE
8
BLACK
6
CONTINUOUS
10
1.8974409448818896
20
0.6675
11
1.9525590551181102
21
0.6675
0
LINE
8
BLACK
6
CONTINUOUS
10
1.9525590551181102
20
0.6675
11
1.9525590551181102
21
0.6325
0
LINE
8
BLACK
6
CONTINUOUS
10
1.9525590551181102
20
0.6325
11
1.8974409448818896
21
0.6325
0
LINE
8
BLACK
6
CONTINUOUS
10
1.8974409448818896
20
0.6325
11
1.8974409448818896
21
0.6342519685039369
0
LINE
8
BLACK
6
CONTINUOUS
10
1.8974409448818896
20
0.6342519685039369
11
1.875
21
0.6342519685039369
0
LINE
8
BLACK
6
CONTINUOUS
10
1.875
20
0.6342519685039369
11
1.8525590551181101
21
0.6342519685039369
0
LINE
8
BLACK
6
CONTINUOUS
10
1.8525590551181101
20
0.6342519685039369
11
1.8525590551181101
21
0.6325
0
LINE
8
BLACK
6
CONTINUOUS
10
1.8525590551181101
20
0.6325
11
1.8335844488188977
21
0.6325
0
LINE
8
BLACK
6
CONTINUOUS
10
1.8335844488188977
20
0.6325
11
1.830545905511811
21
0.6311123622047244
0
LINE
8
BLACK
6
CONTINUOUS
10
1.830545905511811
20
0.6311123622047244
11
1.825
21
0.6303149606299212
0
LINE
8
BLACK
6
CONTINUOUS
10
1.825
20
0.6303149606299212
11
1.7
21
0.6303149606299212
0
LINE
8
BLACK
6
CONTINUOUS
10
1.7
20
0.6303149606299212
11
1.694454094488189
21
0.6311123622047244
0
LINE
8
BLACK
6
CONTINUOUS
10
1.694454094488189
20
0.6311123622047244
11
1.6893574803149607
21
0.6334398818897637
0
LINE
8
BLACK
6
CONTINUOUS
10
1.6893574803149607
20
0.6334398818897637
11
1.685123031496063
21
0.6371090551181102
0
LINE
8
BLACK
6
CONTINUOUS
10
1.685123031496063
20
0.6371090551181102
11
1.6820938582677165
21
0.6418225196850393
0
LINE
8
BLACK
6
CONTINUOUS
10
1.6820938582677165
20
0.6418225196850393
11
1.6805153149606298
21
0.6471985433070866
0
LINE
8
BLACK
6
CONTINUOUS
10
1.6805153149606298
20
0.6471985433070866
11
1.6805153149606298
21
0.6528014566929133
0
LINE
8
BLACK
6
CONTINUOUS
10
1.6805153149606298
20
0.6528014566929133
11
1.6820938582677165
21
0.6581774803149606
0
LINE
8
BLACK
6
CONTINUOUS
10
1.6820938582677165
20
0.6581774803149606
11
1.685123031496063
21
0.6628909448818897
0
LINE
8
BLACK
6
CONTINUOUS
10
1.685123031496063
20
0.6628909448818897
11
1.6893574803149607
21
0.6665601181102362
0
LINE
8
BLACK
6
CONTINUOUS
10
1.6893574803149607
20
0.6665601181102362
11
1.694454094488189
21
0.6688876377952756
0
LINE
8
BLACK
6
CONTINUOUS
10
1.694454094488189
20
0.6688876377952756
11
1.7
21
0.6696850393700787
0
LINE
8
BLACK
6
CONTINUOUS
10
1.7
20
0.6696850393700787
11
1.825
21
0.6696850393700787
0
LINE
8
BLACK
6
CONTINUOUS
10
1.825
20
0.6696850393700787
11
1.830545905511811
21
0.6688876377952756
0
LINE
8
BLACK
6
CONTINUOUS
10
1.830545905511811
20
0.6688876377952756
11
1.8335844488188977
21
0.6675
0
LINE
8
BLACK
6
CONTINUOUS
10
1.8335844488188977
20
0.6675
11
1.8525590551181101
21
0.6675
0
LINE
8
BLACK
6
CONTINUOUS
10
1.8525590551181101
20
0.6675
11
1.8525590551181101
21
0.665748031496063
0
LINE
8
BLACK
6
CONTINUOUS
10
1.8525590551181101
20
0.665748031496063
11
1.859251968503937
21
0.665748031496063
0
LINE
8
BLACK
6
CONTINUOUS
10
1.859251968503937
20
0.665748031496063
11
1.859251968503937
21
0.6974409448818898
0
LINE
8
BLACK
6
CONTINUOUS
10
1.859251968503937
20
0.6974409448818898
11
1.8574999999999999
21
0.6974409448818898
0
LINE
8
BLACK
6
CONTINUOUS
10
1.8574999999999999
20
0.6974409448818898
11
1.8574999999999999
21
0.7525590551181102
0
LINE
8
BLACK
6
CONTINUOUS
10
1.8574999999999999
20
0.7525590551181102
11
1.8924999999999998
21
0.7525590551181102
0
LINE
8
BLACK
6
CONTINUOUS
10
1.8924999999999998
20
0.7525590551181102
11
1.8924999999999998
21
0.6974409448818898
0
LINE
8
BLACK
6
CONTINUOUS
10
1.9676968503937007
20
0.7295742519685039
11
2.0065230708661419
21
0.690748031496063
0
LINE
8
BLACK
6
CONTINUOUS
10
2.0065230708661419
20
0.690748031496063
11
2.0516278346456693
21
0.690748031496063
0
LINE
8
BLACK
6
CONTINUOUS
10
2.0516278346456693
20
0.690748031496063
11
2.0528378346456693
21
0.6926737401574803
0
LINE
8
BLACK
6
CONTINUOUS
10
2.0528378346456693
20
0.6926737401574803
11
2.0573262598425197
21
0.6971621653543307
0
LINE
8
BLACK
6
CONTINUOUS
10
2.0573262598425197
20
0.6971621653543307
11
2.0627009448818896
21
0.7005392913385826
0
LINE
8
BLACK
6
CONTINUOUS
10
2.0627009448818896
20
0.7005392913385826
11
2.0686923228346457
21
0.7026357480314961
0
LINE
8
BLACK
6
CONTINUOUS
10
2.0686923228346457
20
0.7026357480314961
11
2.0749999999999997
21
0.7033464566929134
0
LINE
8
BLACK
6
CONTINUOUS
10
2.0749999999999997
20
0.7033464566929134
11
2.0813076771653543
21
0.7026357480314961
0
LINE
8
BLACK
6
CONTINUOUS
10
2.0813076771653543
20
0.7026357480314961
11
2.0872990551181103
21
0.7005392913385826
0
LINE
8
BLACK
6
CONTINUOUS
10
2.0872990551181103
20
0.7005392913385826
11
2.0926737401574802
21
0.6971621653543307
0
LINE
8
BLACK
6
CONTINUOUS
10
2.0926737401574802
20
0.6971621653543307
11
2.0971621653543306
21
0.6926737401574803
0
LINE
8
BLACK
6
CONTINUOUS
10
2.0971621653543306
20
0.6926737401574803
11
2.1005392913385825
21
0.6872990551181102
0
LINE
8
BLACK
6
CONTINUOUS
10
2.1005392913385825
20
0.6872990551181102
11
2.1026357480314961
21
0.6813076771653543
0
LINE
8
BLACK
6
CONTINUOUS
10
2.1026357480314961
20
0.6813076771653543
11
2.1033464566929134
21
0.6749999999999999
0
LINE
8
BLACK
6
CONTINUOUS
10
2.1033464566929134
20
0.6749999999999999
11
2.1026357480314961
21
0.6686923228346456
0
LINE
8
BLACK
6
CONTINUOUS
10
2.1026357480314961
20
0.6686923228346456
11
2.1005392913385825
21
0.6627009448818898
0
LINE
8
BLACK
6
CONTINUOUS
10
2.1005392913385825
20
0.6627009448818898
11
2.0971621653543306
21
0.6573262598425197
0
LINE
8
BLACK
6
CONTINUOUS
10
2.0971621653543306
20
0.6573262598425197
11
2.0926737401574802
21
0.6528378346456692
0
LINE
8
BLACK
6
CONTINUOUS
10
2.0926737401574802
20
0.6528378346456692
11
2.0872990551181103
21
0.6494607086614174
0
LINE
8
BLACK
6
CONTINUOUS
10
2.0872990551181103
20
0.6494607086614174
11
2.0813076771653543
21
0.6473642519685039
0
LINE
8
BLACK
6
CONTINUOUS
10
2.0813076771653543
20
0.6473642519685039
11
2.0749999999999997
21
0.6466535433070866
0
LINE
8
BLACK
6
CONTINUOUS
10
2.0749999999999997
20
0.6466535433070866
11
2.0686923228346457
21
0.6473642519685039
0
LINE
8
BLACK
6
CONTINUOUS
10
2.0686923228346457
20
0.6473642519685039
11
2.0627009448818896
21
0.6494607086614174
0
LINE
8
BLACK
6
CONTINUOUS
10
2.0627009448818896
20
0.6494607086614174
11
2.0573262598425197
21
0.6528378346456692
0
LINE
8
BLACK
6
CONTINUOUS
10
2.0573262598425197
20
0.6528378346456692
11
2.0528378346456693
21
0.6573262598425197
0
LINE
8
BLACK
6
CONTINUOUS
10
2.0528378346456693
20
0.6573262598425197
11
2.0516278346456693
21
0.659251968503937
0
LINE
8
BLACK
6
CONTINUOUS
10
2.0516278346456693
20
0.659251968503937
11
2.
21
0.659251968503937
0
LINE
8
BLACK
6
CONTINUOUS
10
2.
20
0.659251968503937
11
1.998775748031496
21
0.6594458661417323
0
LINE
8
BLACK
6
CONTINUOUS
10
1.998775748031496
20
0.6594458661417323
11
1.9975364566929132
21
0.6594458661417323
0
LINE
8
BLACK
6
CONTINUOUS
10
1.9975364566929132
20
0.6594458661417323
11
1.9963577952755904
21
0.659828779527559
0
LINE
8
BLACK
6
CONTINUOUS
10
1.9963577952755904
20
0.659828779527559
11
1.9951335826771652
21
0.6600227165354331
0
LINE
8
BLACK
6
CONTINUOUS
10
1.9951335826771652
20
0.6600227165354331
11
1.9940292125984251
21
0.6605853937007874
0
LINE
8
BLACK
6
CONTINUOUS
10
1.9940292125984251
20
0.6605853937007874
11
1.9928505511811023
21
0.6609683858267716
0
LINE
8
BLACK
6
CONTINUOUS
10
1.9928505511811023
20
0.6609683858267716
11
1.9918478346456692
21
0.6616968897637795
0
LINE
8
BLACK
6
CONTINUOUS
10
1.9918478346456692
20
0.6616968897637795
11
1.9907435433070866
21
0.6622595669291338
0
LINE
8
BLACK
6
CONTINUOUS
10
1.9907435433070866
20
0.6622595669291338
11
1.9898671653543307
21
0.663135905511811
0
LINE
8
BLACK
6
CONTINUOUS
10
1.9898671653543307
20
0.663135905511811
11
1.9888644488188976
21
0.6638644488188976
0
LINE
8
BLACK
6
CONTINUOUS
10
1.9888644488188976
20
0.6638644488188976
11
1.9552879527559055
21
0.6974409448818898
0
LINE
8
BLACK
6
CONTINUOUS
10
1.9552879527559055
20
0.6974409448818898
11
1.9323031496062992
21
0.6974409448818898
0
LINE
8
BLACK
6
CONTINUOUS
10
1.9323031496062992
20
0.6974409448818898
11
1.9323031496062992
21
0.7525590551181102
0
LINE
8
BLACK
6
CONTINUOUS
10
1.9323031496062992
20
0.7525590551181102
11
1.9676968503937007
21
0.7525590551181102
0
LINE
8
BLACK
6
CONTINUOUS
10
1.9676968503937007
20
0.7525590551181102
11
1.9676968503937007
21
0.7295742519685039
0
LINE
8
BLACK
6
CONTINUOUS
10
2.2813076771653544
20
0.7026357480314961
11
2.28729905511811
21
0.7005392913385826
0
LINE
8
BLACK
6
CONTINUOUS
10
2.28729905511811
20
0.7005392913385826
11
2.2926737401574804
21
0.6971621653543307
0
LINE
8
BLACK
6
CONTINUOUS
10
2.2926737401574804
20
0.6971621653543307
11
2.2971621653543308
21
0.6926737401574803
0
LINE
8
BLACK
6
CONTINUOUS
10
2.2971621653543308
20
0.6926737401574803
11
2.3005392913385827
21
0.6872990551181102
0
LINE
8
BLACK
6
CONTINUOUS
10
2.3005392913385827
20
0.6872990551181102
11
2.3026357480314958
21
0.6813076771653543
0
LINE
8
BLACK
6
CONTINUOUS
10
2.3026357480314958
20
0.6813076771653543
11
2.3033464566929132
21
0.6749999999999999
0
LINE
8
BLACK
6
CONTINUOUS
10
2.3033464566929132
20
0.6749999999999999
11
2.3026357480314958
21
0.6686923228346456
0
LINE
8
BLACK
6
CONTINUOUS
10
2.3026357480314958
20
0.6686923228346456
11
2.3005392913385827
21
0.6627009448818898
0
LINE
8
BLACK
6
CONTINUOUS
10
2.3005392913385827
20
0.6627009448818898
11
2.2971621653543308
21
0.6573262598425197
0
LINE
8
BLACK
6
CONTINUOUS
10
2.2971621653543308
20
0.6573262598425197
11
2.2926737401574804
21
0.6528378346456692
0
LINE
8
BLACK
6
CONTINUOUS
10
2.2926737401574804
20
0.6528378346456692
11
2.28729905511811
21
0.6494607086614174
0
LINE
8
BLACK
6
CONTINUOUS
10
2.28729905511811
20
0.6494607086614174
11
2.2813076771653544
21
0.6473642519685039
0
LINE
8
BLACK
6
CONTINUOUS
10
2.2813076771653544
20
0.6473642519685039
11
2.2749999999999999
21
0.6466535433070866
0
LINE
8
BLACK
6
CONTINUOUS
10
2.2749999999999999
20
0.6466535433070866
11
2.2686923228346458
21
0.6473642519685039
0
LINE
8
BLACK
6
CONTINUOUS
10
2.2686923228346458
20
0.6473642519685039
11
2.2627009448818898
21
0.6494607086614174
0
LINE
8
BLACK
6
CONTINUOUS
10
2.2627009448818898
20
0.6494607086614174
11
2.2573262598425194
21
0.6528378346456692
0
LINE
8
BLACK
6
CONTINUOUS
10
2.2573262598425194
20
0.6528378346456692
11
2.2528378346456694
21
0.6573262598425197
0
LINE
8
BLACK
6
CONTINUOUS
10
2.2528378346456694
20
0.6573262598425197
11
2.2494607086614171
21
0.6627009448818898
0
LINE
8
BLACK
6
CONTINUOUS
10
2.2494607086614171
20
0.6627009448818898
11
2.247364251968504
21
0.6686923228346456
0
LINE
8
BLACK
6
CONTINUOUS
10
2.247364251968504
20
0.6686923228346456
11
2.2466535433070867
21
0.6749999999999999
0
LINE
8
BLACK
6
CONTINUOUS
10
2.2466535433070867
20
0.6749999999999999
11
2.247364251968504
21
0.6813076771653543
0
LINE
8
BLACK
6
CONTINUOUS
10
2.247364251968504
20
0.6813076771653543
11
2.2494607086614171
21
0.6872990551181102
0
LINE
8
BLACK
6
CONTINUOUS
10
2.2494607086614171
20
0.6872990551181102
11
2.2528378346456694
21
0.6926737401574803
0
LINE
8
BLACK
6
CONTINUOUS
10
2.2528378346456694
20
0.6926737401574803
11
2.2573262598425194
21
0.6971621653543307
0
LINE
8
BLACK
6
CONTINUOUS
10
2.2573262598425194
20
0.6971621653543307
11
2.2627009448818898
21
0.7005392913385826
0
LINE
8
BLACK
6
CONTINUOUS
10
2.2627009448818898
20
0.7005392913385826
11
2.2686923228346458
21
0.7026357480314961
0
LINE
8
BLACK
6
CONTINUOUS
10
2.2686923228346458
20
0.7026357480314961
11
2.2749999999999999
21
0.7033464566929134
0
LINE
8
BLACK
6
CONTINUOUS
10
2.2749999999999999
20
0.7033464566929134
11
2.2813076771653544
21
0.7026357480314961
0
LINE
8
BLACK
6
CONTINUOUS
10
1.3986220472440944
20
0.7356299212598425
11
1.3513779527559056
21
0.7356299212598425
0
LINE
8
BLACK
6
CONTINUOUS
10
1.3513779527559056
20
0.7356299212598425
11
1.3513779527559056
21
0.7553149606299212
0
LINE
8
BLACK
6
CONTINUOUS
10
1.3513779527559056
20
0.7553149606299212
11
1.3120078740157479
21
0.7553149606299212
0
LINE
8
BLACK
6
CONTINUOUS
10
1.3120078740157479
20
0.7553149606299212
11
1.1081538188976379
21
0.7553149606299212
0
LINE
8
BLACK
6
CONTINUOUS
10
1.1081538188976379
20
0.7553149606299212
11
1.0889194094488188
21
0.7360805905511811
0
LINE
8
BLACK
6
CONTINUOUS
10
1.0889194094488188
20
0.7360805905511811
11
1.0844340157480314
21
0.732722874015748
0
LINE
8
BLACK
6
CONTINUOUS
10
1.0844340157480314
20
0.732722874015748
11
1.0791843700787402
21
0.730764842519685
0
LINE
8
BLACK
6
CONTINUOUS
10
1.0791843700787402
20
0.730764842519685
11
1.0735956692913387
21
0.7303651181102362
0
LINE
8
BLACK
6
CONTINUOUS
10
1.0735956692913387
20
0.7303651181102362
11
1.0681207874015748
21
0.7315561023622047
0
LINE
8
BLACK
6
CONTINUOUS
10
1.0681207874015748
20
0.7315561023622047
11
1.0651422047244095
21
0.7331825196850393
0
LINE
8
BLACK
6
CONTINUOUS
10
1.0651422047244095
20
0.7331825196850393
11
1.0307086614173229
21
0.6987489763779527
0
LINE
8
BLACK
6
CONTINUOUS
10
1.0307086614173229
20
0.6987489763779527
11
1.0307086614173229
21
0.6749999999999999
0
LINE
8
BLACK
6
CONTINUOUS
10
1.0307086614173229
20
0.6749999999999999
11
1.0305093307086615
21
0.6736135039370078
0
LINE
8
BLACK
6
CONTINUOUS
10
1.0305093307086615
20
0.6736135039370078
11
1.029010157480315
21
0.6712807480314961
0
LINE
8
BLACK
6
CONTINUOUS
10
1.029010157480315
20
0.6712807480314961
11
1.0264877559055119
21
0.6701288188976378
0
LINE
8
BLACK
6
CONTINUOUS
10
1.0264877559055119
20
0.6701288188976378
11
1.0237430314960629
21
0.6705234645669291
0
LINE
8
BLACK
6
CONTINUOUS
10
1.0237430314960629
20
0.6705234645669291
11
1.0216473622047244
21
0.6723393700787401
0
LINE
8
BLACK
6
CONTINUOUS
10
1.0216473622047244
20
0.6723393700787401
11
1.0208661417322835
21
0.6749999999999999
0
LINE
8
BLACK
6
CONTINUOUS
10
1.0208661417322835
20
0.6749999999999999
11
1.0208661417322835
21
0.7007874015748031
0
LINE
8
BLACK
6
CONTINUOUS
10
1.0208661417322835
20
0.7007874015748031
11
1.0209911811023622
21
0.7016572047244094
0
LINE
8
BLACK
6
CONTINUOUS
10
1.0209911811023622
20
0.7016572047244094
11
1.0209785826771653
21
0.7018335039370078
0
LINE
8
BLACK
6
CONTINUOUS
10
1.0209785826771653
20
0.7018335039370078
11
1.0210300787401574
21
0.7019278346456693
0
LINE
8
BLACK
6
CONTINUOUS
10
1.0210300787401574
20
0.7019278346456693
11
1.0210654724409449
21
0.7021738976377953
0
LINE
8
BLACK
6
CONTINUOUS
10
1.0210654724409449
20
0.7021738976377953
11
1.0217240157480314
21
0.7031985826771653
0
LINE
8
BLACK
6
CONTINUOUS
10
1.0217240157480314
20
0.7031985826771653
11
1.0223075590551181
21
0.7042672440944882
0
LINE
8
BLACK
6
CONTINUOUS
10
1.0223075590551181
20
0.7042672440944882
11
1.0581825196850394
21
0.7401422047244094
0
LINE
8
BLACK
6
CONTINUOUS
10
1.0581825196850394
20
0.7401422047244094
11
1.0565561023622048
21
0.7431207874015748
0
LINE
8
BLACK
6
CONTINUOUS
10
1.0565561023622048
20
0.7431207874015748
11
1.0553651181102361
21
0.7485956692913386
0
LINE
8
BLACK
6
CONTINUOUS
10
1.0553651181102361
20
0.7485956692913386
11
1.0557648425196851
21
0.7541843700787402
0
LINE
8
BLACK
6
CONTINUOUS
10
1.0557648425196851
20
0.7541843700787402
11
1.057722874015748
21
0.7594340157480315
0
LINE
8
BLACK
6
CONTINUOUS
10
1.057722874015748
20
0.7594340157480315
11
1.0610805905511811
21
0.7639194094488189
0
LINE
8
BLACK
6
CONTINUOUS
10
1.0610805905511811
20
0.7639194094488189
11
1.086080590551181
21
0.7889194488188976
0
LINE
8
BLACK
6
CONTINUOUS
10
1.086080590551181
20
0.7889194488188976
11
1.0877661811023622
21
0.7901812204724409
0
LINE
8
BLACK
6
CONTINUOUS
10
1.0877661811023622
20
0.7901812204724409
11
1.0893574803149606
21
0.7915601181102362
0
LINE
8
BLACK
6
CONTINUOUS
10
1.0893574803149606
20
0.7915601181102362
11
1.0900003149606299
21
0.7918537007874016
0
LINE
8
BLACK
6
CONTINUOUS
10
1.0900003149606299
20
0.7918537007874016
11
1.0905659842519684
21
0.7922771259842519
0
LINE
8
BLACK
6
CONTINUOUS
10
1.0905659842519684
20
0.7922771259842519
11
1.0925388582677165
21
0.7930129921259842
0
LINE
8
BLACK
6
CONTINUOUS
10
1.0925388582677165
20
0.7930129921259842
11
1.0944540944881889
21
0.7938876377952756
0
LINE
8
BLACK
6
CONTINUOUS
10
1.0944540944881889
20
0.7938876377952756
11
1.0951533464566929
21
0.7939881496062992
0
LINE
8
BLACK
6
CONTINUOUS
10
1.0951533464566929
20
0.7939881496062992
11
1.0958156299212598
21
0.7942351968503937
0
LINE
8
BLACK
6
CONTINUOUS
10
1.0958156299212598
20
0.7942351968503937
11
1.0979161417322834
21
0.7943853937007874
0
LINE
8
BLACK
6
CONTINUOUS
10
1.0979161417322834
20
0.7943853937007874
11
1.0999999999999999
21
0.7946850393700787
0
LINE
8
BLACK
6
CONTINUOUS
10
1.0999999999999999
20
0.7946850393700787
11
1.3120078740157479
21
0.7946850393700787
0
LINE
8
BLACK
6
CONTINUOUS
10
1.3120078740157479
20
0.7946850393700787
11
1.3513779527559056
21
0.7946850393700787
0
LINE
8
BLACK
6
CONTINUOUS
10
1.3513779527559056
20
0.7946850393700787
11
1.3513779527559056
21
0.8143700787401574
0
LINE
8
BLACK
6
CONTINUOUS
10
1.3513779527559056
20
0.8143700787401574
11
1.3986220472440944
21
0.8143700787401574
0
LINE
8
BLACK
6
CONTINUOUS
10
1.3986220472440944
20
0.8143700787401574
11
1.3986220472440944
21
0.7356299212598425
0
LINE
8
BLACK
6
CONTINUOUS
10
2.1813076771653543
20
0.9276357480314961
11
2.1872990551181104
21
0.9255392913385827
0
LINE
8
BLACK
6
CONTINUOUS
10
2.1872990551181104
20
0.9255392913385827
11
2.1926737401574803
21
0.9221621653543307
0
LINE
8
BLACK
6
CONTINUOUS
10
2.1926737401574803
20
0.9221621653543307
11
2.1971621653543307
21
0.9176737401574803
0
LINE
8
BLACK
6
CONTINUOUS
10
2.1971621653543307
20
0.9176737401574803
11
2.2005392913385826
21
0.9122990551181103
0
LINE
8
BLACK
6
CONTINUOUS
10
2.2005392913385826
20
0.9122990551181103
11
2.2026357480314962
21
0.9063076771653543
0
LINE
8
BLACK
6
CONTINUOUS
10
2.2026357480314962
20
0.9063076771653543
11
2.2033464566929135
21
0.9
0
LINE
8
BLACK
6
CONTINUOUS
10
2.2033464566929135
20
0.9
11
2.2026357480314962
21
0.8936923228346456
0
LINE
8
BLACK
6
CONTINUOUS
10
2.2026357480314962
20
0.8936923228346456
11
2.2005392913385826
21
0.8877009448818898
0
LINE
8
BLACK
6
CONTINUOUS
10
2.2005392913385826
20
0.8877009448818898
11
2.1971621653543307
21
0.8823262598425197
0
LINE
8
BLACK
6
CONTINUOUS
10
2.1971621653543307
20
0.8823262598425197
11
2.1926737401574803
21
0.8778378346456692
0
LINE
8
BLACK
6
CONTINUOUS
10
2.1926737401574803
20
0.8778378346456692
11
2.1872990551181104
21
0.8744607086614173
0
LINE
8
BLACK
6
CONTINUOUS
10
2.1872990551181104
20
0.8744607086614173
11
2.1813076771653543
21
0.8723642519685039
0
LINE
8
BLACK
6
CONTINUOUS
10
2.1813076771653543
20
0.8723642519685039
11
2.1749999999999998
21
0.8716535433070866
0
LINE
8
BLACK
6
CONTINUOUS
10
2.1749999999999998
20
0.8716535433070866
11
2.1695398031496063
21
0.8722687401574803
0
LINE
8
BLACK
6
CONTINUOUS
10
2.1695398031496063
20
0.8722687401574803
11
2.0861355511811022
21
0.7888644488188976
0
LINE
8
BLACK
6
CONTINUOUS
10
2.0861355511811022
20
0.7888644488188976
11
2.0851327952755905
21
0.788135905511811
0
LINE
8
BLACK
6
CONTINUOUS
10
2.0851327952755905
20
0.788135905511811
11
2.0842564566929132
21
0.7872595669291338
0
LINE
8
BLACK
6
CONTINUOUS
10
2.0842564566929132
20
0.7872595669291338
11
2.083152125984252
21
0.7866968897637795
0
LINE
8
BLACK
6
CONTINUOUS
10
2.083152125984252
20
0.7866968897637795
11
2.0821494488188974
21
0.7859683858267716
0
LINE
8
BLACK
6
CONTINUOUS
10
2.0821494488188974
20
0.7859683858267716
11
2.0809707480314961
21
0.7855853937007874
0
LINE
8
BLACK
6
CONTINUOUS
10
2.0809707480314961
20
0.7855853937007874
11
2.0798664173228345
21
0.7850227165354331
0
LINE
8
BLACK
6
CONTINUOUS
10
2.0798664173228345
20
0.7850227165354331
11
2.0786421653543306
21
0.784828779527559
0
LINE
8
BLACK
6
CONTINUOUS
10
2.0786421653543306
20
0.784828779527559
11
2.0774635433070867
21
0.7844458661417323
0
LINE
8
BLACK
6
CONTINUOUS
10
2.0774635433070867
20
0.7844458661417323
11
2.0762242519685037
21
0.7844458661417323
0
LINE
8
BLACK
6
CONTINUOUS
10
2.0762242519685037
20
0.7844458661417323
11
2.0749999999999997
21
0.784251968503937
0
LINE
8
BLACK
6
CONTINUOUS
10
2.0749999999999997
20
0.784251968503937
11
1.9525590551181102
21
0.784251968503937
0
LINE
8
BLACK
6
CONTINUOUS
10
1.9525590551181102
20
0.784251968503937
11
1.9525590551181102
21
0.7823031496062992
0
LINE
8
BLACK
6
CONTINUOUS
10
1.9525590551181102
20
0.7823031496062992
11
1.9331533858267715
21
0.7823031496062992
0
LINE
8
BLACK
6
CONTINUOUS
10
1.9331533858267715
20
0.7823031496062992
11
1.930545905511811
21
0.7811123622047244
0
LINE
8
BLACK
6
CONTINUOUS
10
1.930545905511811
20
0.7811123622047244
11
1.925
21
0.7803149606299212
0
LINE
8
BLACK
6
CONTINUOUS
10
1.925
20
0.7803149606299212
11
1.825
21
0.7803149606299212
0
LINE
8
BLACK
6
CONTINUOUS
10
1.825
20
0.7803149606299212
11
1.4711459448818898
21
0.7803149606299212
0
LINE
8
BLACK
6
CONTINUOUS
10
1.4711459448818898
20
0.7803149606299212
11
1.4616141732283465
21
0.770783188976378
0
LINE
8
BLACK
6
CONTINUOUS
10
1.4616141732283465
20
0.770783188976378
11
1.4616141732283465
21
0.7356299212598425
0
LINE
8
BLACK
6
CONTINUOUS
10
1.4616141732283465
20
0.7356299212598425
11
1.4143700787401574
21
0.7356299212598425
0
LINE
8
BLACK
6
CONTINUOUS
10
1.4143700787401574
20
0.7356299212598425
11
1.4143700787401574
21
0.8143700787401574
0
LINE
8
BLACK
6
CONTINUOUS
10
1.4143700787401574
20
0.8143700787401574
11
1.44967468503937
21
0.8143700787401574
0
LINE
8
BLACK
6
CONTINUOUS
10
1.44967468503937
20
0.8143700787401574
11
1.4507583070866141
21
0.8151812204724409
0
LINE
8
BLACK
6
CONTINUOUS
10
1.4507583070866141
20
0.8151812204724409
11
1.4523496062992125
21
0.8165601181102362
0
LINE
8
BLACK
6
CONTINUOUS
10
1.4523496062992125
20
0.8165601181102362
11
1.4529924409448818
21
0.8168537007874016
0
LINE
8
BLACK
6
CONTINUOUS
10
1.4529924409448818
20
0.8168537007874016
11
1.4535581102362205
21
0.817277125984252
0
LINE
8
BLACK
6
CONTINUOUS
10
1.4535581102362205
20
0.817277125984252
11
1.4555309842519684
21
0.8180129921259842
0
LINE
8
BLACK
6
CONTINUOUS
10
1.4555309842519684
20
0.8180129921259842
11
1.457446220472441
21
0.8188876377952756
0
LINE
8
BLACK
6
CONTINUOUS
10
1.457446220472441
20
0.8188876377952756
11
1.4581454724409448
21
0.8189881496062992
0
LINE
8
BLACK
6
CONTINUOUS
10
1.4581454724409448
20
0.8189881496062992
11
1.4588077559055117
21
0.8192351968503937
0
LINE
8
BLACK
6
CONTINUOUS
10
1.4588077559055117
20
0.8192351968503937
11
1.4609082677165355
21
0.8193853937007873
0
LINE
8
BLACK
6
CONTINUOUS
10
1.4609082677165355
20
0.8193853937007873
11
1.462992125984252
21
0.8196850393700787
0
LINE
8
BLACK
6
CONTINUOUS
10
1.462992125984252
20
0.8196850393700787
11
1.825
21
0.8196850393700787
0
LINE
8
BLACK
6
CONTINUOUS
10
1.825
20
0.8196850393700787
11
1.925
21
0.8196850393700787
0
LINE
8
BLACK
6
CONTINUOUS
10
1.925
20
0.8196850393700787
11
1.930545905511811
21
0.8188876377952756
0
LINE
8
BLACK
6
CONTINUOUS
10
1.930545905511811
20
0.8188876377952756
11
1.9331533858267715
21
0.8176968503937008
0
LINE
8
BLACK
6
CONTINUOUS
10
1.9331533858267715
20
0.8176968503937008
11
1.9525590551181102
21
0.8176968503937008
0
LINE
8
BLACK
6
CONTINUOUS
10
1.9525590551181102
20
0.8176968503937008
11
1.9525590551181102
21
0.815748031496063
0
LINE
8
BLACK
6
CONTINUOUS
10
1.9525590551181102
20
0.815748031496063
11
2.0684769291338583
21
0.815748031496063
0
LINE
8
BLACK
6
CONTINUOUS
10
2.0684769291338583
20
0.815748031496063
11
2.1472687401574801
21
0.8945398031496062
0
LINE
8
BLACK
6
CONTINUOUS
10
2.1472687401574801
20
0.8945398031496062
11
2.1466535433070866
21
0.9
0
LINE
8
BLACK
6
CONTINUOUS
10
2.1466535433070866
20
0.9
11
2.1473642519685039
21
0.9063076771653543
0
LINE
8
BLACK
6
CONTINUOUS
10
2.1473642519685039
20
0.9063076771653543
11
2.1494607086614175
21
0.9122990551181103
0
LINE
8
BLACK
6
CONTINUOUS
10
2.1494607086614175
20
0.9122990551181103
11
2.1528378346456694
21
0.9176737401574803
0
LINE
8
BLACK
6
CONTINUOUS
10
2.1528378346456694
20
0.9176737401574803
11
2.1573262598425198
21
0.9221621653543307
0
LINE
8
BLACK
6
CONTINUOUS
10
2.1573262598425198
20
0.9221621653543307
11
2.1627009448818897
21
0.9255392913385827
0
LINE
8
BLACK
6
CONTINUOUS
10
2.1627009448818897
20
0.9255392913385827
11
2.1686923228346457
21
0.9276357480314961
0
LINE
8
BLACK
6
CONTINUOUS
10
2.1686923228346457
20
0.9276357480314961
11
2.1749999999999998
21
0.9283464566929134
0
LINE
8
BLACK
6
CONTINUOUS
10
2.1749999999999998
20
0.9283464566929134
11
2.1813076771653543
21
0.9276357480314961
0
LINE
8
BLACK
6
CONTINUOUS
10
1.3986220472440944
20
0.8356299212598425
11
1.3513779527559056
21
0.8356299212598425
0
LINE
8
BLACK
6
CONTINUOUS
10
1.3513779527559056
20
0.8356299212598425
11
1.3513779527559056
21
0.8553149606299213
0
LINE
8
BLACK
6
CONTINUOUS
10
1.3513779527559056
20
0.8553149606299213
11
1.3120078740157479
21
0.8553149606299213
0
LINE
8
BLACK
6
CONTINUOUS
10
1.3120078740157479
20
0.8553149606299213
11
1.0999999999999999
21
0.8553149606299213
0
LINE
8
BLACK
6
CONTINUOUS
10
1.0999999999999999
20
0.8553149606299213
11
1.0944540944881889
21
0.8561123622047244
0
LINE
8
BLACK
6
CONTINUOUS
10
1.0944540944881889
20
0.8561123622047244
11
1.0893574803149606
21
0.8584398818897637
0
LINE
8
BLACK
6
CONTINUOUS
10
1.0893574803149606
20
0.8584398818897637
11
1.0851230314960629
21
0.8621090551181102
0
LINE
8
BLACK
6
CONTINUOUS
10
1.0851230314960629
20
0.8621090551181102
11
1.0820938582677164
21
0.8668225196850393
0
LINE
8
BLACK
6
CONTINUOUS
10
1.0820938582677164
20
0.8668225196850393
11
1.0809065354330709
21
0.8708661417322835
0
LINE
8
BLACK
6
CONTINUOUS
10
1.0809065354330709
20
0.8708661417322835
11
1.0257874015748032
21
0.8708661417322835
0
LINE
8
BLACK
6
CONTINUOUS
10
1.0257874015748032
20
0.8708661417322835
11
1.0244009055118111
21
0.8710654724409449
0
LINE
8
BLACK
6
CONTINUOUS
10
1.0244009055118111
20
0.8710654724409449
11
1.0220681496062991
21
0.8725646456692914
0
LINE
8
BLACK
6
CONTINUOUS
10
1.0220681496062991
20
0.8725646456692914
11
1.0209162204724409
21
0.8750870472440945
0
LINE
8
BLACK
6
CONTINUOUS
10
1.0209162204724409
20
0.8750870472440945
11
1.0213108661417323
21
0.8778317716535433
0
LINE
8
BLACK
6
CONTINUOUS
10
1.0213108661417323
20
0.8778317716535433
11
1.0231267716535433
21
0.8799274409448818
0
LINE
8
BLACK
6
CONTINUOUS
10
1.0231267716535433
20
0.8799274409448818
11
1.0257874015748032
21
0.8807086614173228
0
LINE
8
BLACK
6
CONTINUOUS
10
1.0257874015748032
20
0.8807086614173228
11
1.0813689370078741
21
0.8807086614173228
0
LINE
8
BLACK
6
CONTINUOUS
10
1.0813689370078741
20
0.8807086614173228
11
1.0820938582677164
21
0.8831774803149606
0
LINE
8
BLACK
6
CONTINUOUS
10
1.0820938582677164
20
0.8831774803149606
11
1.0851230314960629
21
0.8878909448818898
0
LINE
8
BLACK
6
CONTINUOUS
10
1.0851230314960629
20
0.8878909448818898
11
1.0893574803149606
21
0.8915601181102362
0
LINE
8
BLACK
6
CONTINUOUS
10
1.0893574803149606
20
0.8915601181102362
11
1.0944540944881889
21
0.8938876377952756
0
LINE
8
BLACK
6
CONTINUOUS
10
1.0944540944881889
20
0.8938876377952756
11
1.0999999999999999
21
0.8946850393700787
0
LINE
8
BLACK
6
CONTINUOUS
10
1.0999999999999999
20
0.8946850393700787
11
1.3120078740157479
21
0.8946850393700787
0
LINE
8
BLACK
6
CONTINUOUS
10
1.3120078740157479
20
0.8946850393700787
11
1.3513779527559056
21
0.8946850393700787
0
LINE
8
BLACK
6
CONTINUOUS
10
1.3513779527559056
20
0.8946850393700787
11
1.3513779527559056
21
0.9143700787401574
0
LINE
8
BLACK
6
CONTINUOUS
10
1.3513779527559056
20
0.9143700787401574
11
1.3986220472440944
21
0.9143700787401574
0
LINE
8
BLACK
6
CONTINUOUS
10
1.3986220472440944
20
0.9143700787401574
11
1.3986220472440944
21
0.8356299212598425
0
LINE
8
BLACK
6
CONTINUOUS
10
2.1813076771653543
20
1.1526357480314959
11
2.1872990551181104
21
1.1505392913385826
0
LINE
8
BLACK
6
CONTINUOUS
10
2.1872990551181104
20
1.1505392913385826
11
2.1926737401574803
21
1.1471621653543307
0
LINE
8
BLACK
6
CONTINUOUS
10
2.1926737401574803
20
1.1471621653543307
11
2.1971621653543307
21
1.1426737401574802
0
LINE
8
BLACK
6
CONTINUOUS
10
2.1971621653543307
20
1.1426737401574802
11
2.2005392913385826
21
1.1372990551181101
0
LINE
8
BLACK
6
CONTINUOUS
10
2.2005392913385826
20
1.1372990551181101
11
2.2026357480314962
21
1.1313076771653543
0
LINE
8
BLACK
6
CONTINUOUS
10
2.2026357480314962
20
1.1313076771653543
11
2.2033464566929135
21
1.125
0
LINE
8
BLACK
6
CONTINUOUS
10
2.2033464566929135
20
1.125
11
2.2026357480314962
21
1.1186923228346457
0
LINE
8
BLACK
6
CONTINUOUS
10
2.2026357480314962
20
1.1186923228346457
11
2.2005392913385826
21
1.1127009448818896
0
LINE
8
BLACK
6
CONTINUOUS
10
2.2005392913385826
20
1.1127009448818896
11
2.1971621653543307
21
1.1073262598425198
0
LINE
8
BLACK
6
CONTINUOUS
10
2.1971621653543307
20
1.1073262598425198
11
2.1926737401574803
21
1.1028378346456693
0
LINE
8
BLACK
6
CONTINUOUS
10
2.1926737401574803
20
1.1028378346456693
11
2.1872990551181104
21
1.0994607086614172
0
LINE
8
BLACK
6
CONTINUOUS
10
2.1872990551181104
20
1.0994607086614172
11
2.1813076771653543
21
1.0973642519685038
0
LINE
8
BLACK
6
CONTINUOUS
10
2.1813076771653543
20
1.0973642519685038
11
2.1749999999999998
21
1.0966535433070865
0
LINE
8
BLACK
6
CONTINUOUS
10
2.1749999999999998
20
1.0966535433070865
11
2.1695398031496063
21
1.0972687401574803
0
LINE
8
BLACK
6
CONTINUOUS
10
2.1695398031496063
20
1.0972687401574803
11
2.0861355511811022
21
1.0138644488188977
0
LINE
8
BLACK
6
CONTINUOUS
10
2.0861355511811022
20
1.0138644488188977
11
2.0851327952755905
21
1.013135905511811
0
LINE
8
BLACK
6
CONTINUOUS
10
2.0851327952755905
20
1.013135905511811
11
2.0842564566929132
21
1.0122595669291339
0
LINE
8
BLACK
6
CONTINUOUS
10
2.0842564566929132
20
1.0122595669291339
11
2.083152125984252
21
1.0116968897637795
0
LINE
8
BLACK
6
CONTINUOUS
10
2.083152125984252
20
1.0116968897637795
11
2.0821494488188974
21
1.0109683858267717
0
LINE
8
BLACK
6
CONTINUOUS
10
2.0821494488188974
20
1.0109683858267717
11
2.0809707480314961
21
1.0105853937007874
0
LINE
8
BLACK
6
CONTINUOUS
10
2.0809707480314961
20
1.0105853937007874
11
2.0798664173228345
21
1.010022716535433
0
LINE
8
BLACK
6
CONTINUOUS
10
2.0798664173228345
20
1.010022716535433
11
2.0786421653543306
21
1.0098287795275591
0
LINE
8
BLACK
6
CONTINUOUS
10
2.0786421653543306
20
1.0098287795275591
11
2.0774635433070867
21
1.0094458661417323
0
LINE
8
BLACK
6
CONTINUOUS
10
2.0774635433070867
20
1.0094458661417323
11
2.0762242519685037
21
1.0094458661417323
0
LINE
8
BLACK
6
CONTINUOUS
10
2.0762242519685037
20
1.0094458661417323
11
2.0749999999999997
21
1.0092519685039369
0
LINE
8
BLACK
6
CONTINUOUS
10
2.0749999999999997
20
1.0092519685039369
11
1.9525590551181102
21
1.0092519685039369
0
LINE
8
BLACK
6
CONTINUOUS
10
1.9525590551181102
20
1.0092519685039369
11
1.9525590551181102
21
1.0073031496062992
0
LINE
8
BLACK
6
CONTINUOUS
10
1.9525590551181102
20
1.0073031496062992
11
1.9331533858267715
21
1.0073031496062992
0
LINE
8
BLACK
6
CONTINUOUS
10
1.9331533858267715
20
1.0073031496062992
11
1.930545905511811
21
1.0061123622047243
0
LINE
8
BLACK
6
CONTINUOUS
10
1.930545905511811
20
1.0061123622047243
11
1.925
21
1.0053149606299212
0
LINE
8
BLACK
6
CONTINUOUS
10
1.925
20
1.0053149606299212
11
1.825
21
1.0053149606299212
0
LINE
8
BLACK
6
CONTINUOUS
10
1.825
20
1.0053149606299212
11
1.7580708661417321
21
1.0053149606299212
0
LINE
8
BLACK
6
CONTINUOUS
10
1.7580708661417321
20
1.0053149606299212
11
1.6591380708661416
21
1.0053149606299212
0
LINE
8
BLACK
6
CONTINUOUS
10
1.6591380708661416
20
1.0053149606299212
11
1.5149036614173228
21
0.8610805905511811
0
LINE
8
BLACK
6
CONTINUOUS
10
1.5149036614173228
20
0.8610805905511811
11
1.5132182677165353
21
0.8598188976377953
0
LINE
8
BLACK
6
CONTINUOUS
10
1.5132182677165353
20
0.8598188976377953
11
1.5116267716535432
21
0.8584398818897637
0
LINE
8
BLACK
6
CONTINUOUS
10
1.5116267716535432
20
0.8584398818897637
11
1.5109838582677164
21
0.8581462598425197
0
LINE
8
BLACK
6
CONTINUOUS
10
1.5109838582677164
20
0.8581462598425197
11
1.5104182677165354
21
0.857722874015748
0
LINE
8
BLACK
6
CONTINUOUS
10
1.5104182677165354
20
0.857722874015748
11
1.5084455118110236
21
0.8569870472440945
0
LINE
8
BLACK
6
CONTINUOUS
10
1.5084455118110236
20
0.8569870472440945
11
1.5065301574803149
21
0.8561123622047244
0
LINE
8
BLACK
6
CONTINUOUS
10
1.5065301574803149
20
0.8561123622047244
11
1.5058307086614173
21
0.8560117716535433
0
LINE
8
BLACK
6
CONTINUOUS
10
1.5058307086614173
20
0.8560117716535433
11
1.505168622047244
21
0.855764842519685
0
LINE
8
BLACK
6
CONTINUOUS
10
1.505168622047244
20
0.855764842519685
11
1.5030684251968505
21
0.8556146062992126
0
LINE
8
BLACK
6
CONTINUOUS
10
1.5030684251968505
20
0.8556146062992126
11
1.5009842519685039
21
0.8553149606299213
0
LINE
8
BLACK
6
CONTINUOUS
10
1.5009842519685039
20
0.8553149606299213
11
1.4616141732283465
21
0.8553149606299213
0
LINE
8
BLACK
6
CONTINUOUS
10
1.4616141732283465
20
0.8553149606299213
11
1.4616141732283465
21
0.8356299212598425
0
LINE
8
BLACK
6
CONTINUOUS
10
1.4616141732283465
20
0.8356299212598425
11
1.4143700787401574
21
0.8356299212598425
0
LINE
8
BLACK
6
CONTINUOUS
10
1.4143700787401574
20
0.8356299212598425
11
1.4143700787401574
21
0.9143700787401574
0
LINE
8
BLACK
6
CONTINUOUS
10
1.4143700787401574
20
0.9143700787401574
11
1.4616141732283465
21
0.9143700787401574
0
LINE
8
BLACK
6
CONTINUOUS
10
1.4616141732283465
20
0.9143700787401574
11
1.4616141732283465
21
0.8946850393700787
0
LINE
8
BLACK
6
CONTINUOUS
10
1.4616141732283465
20
0.8946850393700787
11
1.4928304724409449
21
0.8946850393700787
0
LINE
8
BLACK
6
CONTINUOUS
10
1.4928304724409449
20
0.8946850393700787
11
1.637064842519685
21
1.0389194488188975
0
LINE
8
BLACK
6
CONTINUOUS
10
1.637064842519685
20
1.0389194488188975
11
1.6387504330708662
21
1.040181220472441
0
LINE
8
BLACK
6
CONTINUOUS
10
1.6387504330708662
20
1.040181220472441
11
1.6403417322834646
21
1.0415601181102363
0
LINE
8
BLACK
6
CONTINUOUS
10
1.6403417322834646
20
1.0415601181102363
11
1.6409845669291339
21
1.0418537007874016
0
LINE
8
BLACK
6
CONTINUOUS
10
1.6409845669291339
20
1.0418537007874016
11
1.6415502362204724
21
1.042277125984252
0
LINE
8
BLACK
6
CONTINUOUS
10
1.6415502362204724
20
1.042277125984252
11
1.6435231102362204
21
1.0430129921259843
0
LINE
8
BLACK
6
CONTINUOUS
10
1.6435231102362204
20
1.0430129921259843
11
1.6454383464566928
21
1.0438876377952755
0
LINE
8
BLACK
6
CONTINUOUS
10
1.6454383464566928
20
1.0438876377952755
11
1.6461375984251969
21
1.0439881496062993
0
LINE
8
BLACK
6
CONTINUOUS
10
1.6461375984251969
20
1.0439881496062993
11
1.6467998818897638
21
1.0442351968503938
0
LINE
8
BLACK
6
CONTINUOUS
10
1.6467998818897638
20
1.0442351968503938
11
1.6489003937007873
21
1.0443853937007874
0
LINE
8
BLACK
6
CONTINUOUS
10
1.6489003937007873
20
1.0443853937007874
11
1.6509842519685038
21
1.0446850393700786
0
LINE
8
BLACK
6
CONTINUOUS
10
1.6509842519685038
20
1.0446850393700786
11
1.7580708661417321
21
1.0446850393700786
0
LINE
8
BLACK
6
CONTINUOUS
10
1.7580708661417321
20
1.0446850393700786
11
1.825
21
1.0446850393700786
0
LINE
8
BLACK
6
CONTINUOUS
10
1.825
20
1.0446850393700786
11
1.925
21
1.0446850393700786
0
LINE
8
BLACK
6
CONTINUOUS
10
1.925
20
1.0446850393700786
11
1.930545905511811
21
1.0438876377952755
0
LINE
8
BLACK
6
CONTINUOUS
10
1.930545905511811
20
1.0438876377952755
11
1.9331533858267715
21
1.0426968503937009
0
LINE
8
BLACK
6
CONTINUOUS
10
1.9331533858267715
20
1.0426968503937009
11
1.9525590551181102
21
1.0426968503937009
0
LINE
8
BLACK
6
CONTINUOUS
10
1.9525590551181102
20
1.0426968503937009
11
1.9525590551181102
21
1.0407480314960629
0
LINE
8
BLACK
6
CONTINUOUS
10
1.9525590551181102
20
1.0407480314960629
11
2.0684769291338583
21
1.0407480314960629
0
LINE
8
BLACK
6
CONTINUOUS
10
2.0684769291338583
20
1.0407480314960629
11
2.1472687401574801
21
1.1195398031496062
0
LINE
8
BLACK
6
CONTINUOUS
10
2.1472687401574801
20
1.1195398031496062
11
2.1466535433070866
21
1.125
0
LINE
8
BLACK
6
CONTINUOUS
10
2.1466535433070866
20
1.125
11
2.1473642519685039
21
1.1313076771653543
0
LINE
8
BLACK
6
CONTINUOUS
10
2.1473642519685039
20
1.1313076771653543
11
2.1494607086614175
21
1.1372990551181101
0
LINE
8
BLACK
6
CONTINUOUS
10
2.1494607086614175
20
1.1372990551181101
11
2.1528378346456694
21
1.1426737401574802
0
LINE
8
BLACK
6
CONTINUOUS
10
2.1528378346456694
20
1.1426737401574802
11
2.1573262598425198
21
1.1471621653543307
0
LINE
8
BLACK
6
CONTINUOUS
10
2.1573262598425198
20
1.1471621653543307
11
2.1627009448818897
21
1.1505392913385826
0
LINE
8
BLACK
6
CONTINUOUS
10
2.1627009448818897
20
1.1505392913385826
11
2.1686923228346457
21
1.1526357480314959
0
LINE
8
BLACK
6
CONTINUOUS
10
2.1686923228346457
20
1.1526357480314959
11
2.1749999999999998
21
1.1533464566929135
0
LINE
8
BLACK
6
CONTINUOUS
10
2.1749999999999998
20
1.1533464566929135
11
2.1813076771653543
21
1.1526357480314959
0
LINE
8
BLACK
6
CONTINUOUS
10
1.8924999999999998
20
0.9224409448818898
11
1.890748031496063
21
0.9224409448818898
0
LINE
8
BLACK
6
CONTINUOUS
10
1.890748031496063
20
0.9224409448818898
11
1.890748031496063
21
0.890748031496063
0
LINE
8
BLACK
6
CONTINUOUS
10
1.890748031496063
20
0.890748031496063
11
1.8974409448818896
21
0.890748031496063
0
LINE
8
BLACK
6
CONTINUOUS
10
1.8974409448818896
20
0.890748031496063
11
1.8974409448818896
21
0.8925
0
LINE
8
BLACK
6
CONTINUOUS
10
1.8974409448818896
20
0.8925
11
1.9525590551181102
21
0.8925
0
LINE
8
BLACK
6
CONTINUOUS
10
1.9525590551181102
20
0.8925
11
1.9525590551181102
21
0.8574999999999999
0
LINE
8
BLACK
6
CONTINUOUS
10
1.9525590551181102
20
0.8574999999999999
11
1.8974409448818896
21
0.8574999999999999
0
LINE
8
BLACK
6
CONTINUOUS
10
1.8974409448818896
20
0.8574999999999999
11
1.8974409448818896
21
0.859251968503937
0
LINE
8
BLACK
6
CONTINUOUS
10
1.8974409448818896
20
0.859251968503937
11
1.875
21
0.859251968503937
0
LINE
8
BLACK
6
CONTINUOUS
10
1.875
20
0.859251968503937
11
1.8525590551181101
21
0.859251968503937
0
LINE
8
BLACK
6
CONTINUOUS
10
1.8525590551181101
20
0.859251968503937
11
1.8525590551181101
21
0.8574999999999999
0
LINE
8
BLACK
6
CONTINUOUS
10
1.8525590551181101
20
0.8574999999999999
11
1.8335844488188977
21
0.8574999999999999
0
LINE
8
BLACK
6
CONTINUOUS
10
1.8335844488188977
20
0.8574999999999999
11
1.830545905511811
21
0.8561123622047244
0
LINE
8
BLACK
6
CONTINUOUS
10
1.830545905511811
20
0.8561123622047244
11
1.825
21
0.8553149606299213
0
LINE
8
BLACK
6
CONTINUOUS
10
1.825
20
0.8553149606299213
11
1.7
21
0.8553149606299213
0
LINE
8
BLACK
6
CONTINUOUS
10
1.7
20
0.8553149606299213
11
1.694454094488189
21
0.8561123622047244
0
LINE
8
BLACK
6
CONTINUOUS
10
1.694454094488189
20
0.8561123622047244
11
1.6893574803149607
21
0.8584398818897637
0
LINE
8
BLACK
6
CONTINUOUS
10
1.6893574803149607
20
0.8584398818897637
11
1.685123031496063
21
0.8621090551181102
0
LINE
8
BLACK
6
CONTINUOUS
10
1.685123031496063
20
0.8621090551181102
11
1.6820938582677165
21
0.8668225196850393
0
LINE
8
BLACK
6
CONTINUOUS
10
1.6820938582677165
20
0.8668225196850393
11
1.6805153149606298
21
0.8721985433070866
0
LINE
8
BLACK
6
CONTINUOUS
10
1.6805153149606298
20
0.8721985433070866
11
1.6805153149606298
21
0.8778014566929133
0
LINE
8
BLACK
6
CONTINUOUS
10
1.6805153149606298
20
0.8778014566929133
11
1.6820938582677165
21
0.8831774803149606
0
LINE
8
BLACK
6
CONTINUOUS
10
1.6820938582677165
20
0.8831774803149606
11
1.685123031496063
21
0.8878909448818898
0
LINE
8
BLACK
6
CONTINUOUS
10
1.685123031496063
20
0.8878909448818898
11
1.6893574803149607
21
0.8915601181102362
0
LINE
8
BLACK
6
CONTINUOUS
10
1.6893574803149607
20
0.8915601181102362
11
1.694454094488189
21
0.8938876377952756
0
LINE
8
BLACK
6
CONTINUOUS
10
1.694454094488189
20
0.8938876377952756
11
1.7
21
0.8946850393700787
0
LINE
8
BLACK
6
CONTINUOUS
10
1.7
20
0.8946850393700787
11
1.825
21
0.8946850393700787
0
LINE
8
BLACK
6
CONTINUOUS
10
1.825
20
0.8946850393700787
11
1.830545905511811
21
0.8938876377952756
0
LINE
8
BLACK
6
CONTINUOUS
10
1.830545905511811
20
0.8938876377952756
11
1.8335844488188977
21
0.8925
0
LINE
8
BLACK
6
CONTINUOUS
10
1.8335844488188977
20
0.8925
11
1.8525590551181101
21
0.8925
0
LINE
8
BLACK
6
CONTINUOUS
10
1.8525590551181101
20
0.8925
11
1.8525590551181101
21
0.890748031496063
0
LINE
8
BLACK
6
CONTINUOUS
10
1.8525590551181101
20
0.890748031496063
11
1.859251968503937
21
0.890748031496063
0
LINE
8
BLACK
6
CONTINUOUS
10
1.859251968503937
20
0.890748031496063
11
1.859251968503937
21
0.9224409448818898
0
LINE
8
BLACK
6
CONTINUOUS
10
1.859251968503937
20
0.9224409448818898
11
1.8574999999999999
21
0.9224409448818898
0
LINE
8
BLACK
6
CONTINUOUS
10
1.8574999999999999
20
0.9224409448818898
11
1.8574999999999999
21
0.9775590551181103
0
LINE
8
BLACK
6
CONTINUOUS
10
1.8574999999999999
20
0.9775590551181103
11
1.8924999999999998
21
0.9775590551181103
0
LINE
8
BLACK
6
CONTINUOUS
10
1.8924999999999998
20
0.9775590551181103
11
1.8924999999999998
21
0.9224409448818898
0
LINE
8
BLACK
6
CONTINUOUS
10
1.9676968503937007
20
0.960141968503937
11
2.0081538188976378
21
0.9196850393700787
0
LINE
8
BLACK
6
CONTINUOUS
10
2.0081538188976378
20
0.9196850393700787
11
2.0548491338582675
21
0.9196850393700787
0
LINE
8
BLACK
6
CONTINUOUS
10
2.0548491338582675
20
0.9196850393700787
11
2.0573262598425197
21
0.9221621653543307
0
LINE
8
BLACK
6
CONTINUOUS
10
2.0573262598425197
20
0.9221621653543307
11
2.0627009448818896
21
0.9255392913385827
0
LINE
8
BLACK
6
CONTINUOUS
10
2.0627009448818896
20
0.9255392913385827
11
2.0686923228346457
21
0.9276357480314961
0
LINE
8
BLACK
6
CONTINUOUS
10
2.0686923228346457
20
0.9276357480314961
11
2.0749999999999997
21
0.9283464566929134
0
LINE
8
BLACK
6
CONTINUOUS
10
2.0749999999999997
20
0.9283464566929134
11
2.0813076771653543
21
0.9276357480314961
0
LINE
8
BLACK
6
CONTINUOUS
10
2.0813076771653543
20
0.9276357480314961
11
2.0872990551181103
21
0.9255392913385827
0
LINE
8
BLACK
6
CONTINUOUS
10
2.0872990551181103
20
0.9255392913385827
11
2.0926737401574802
21
0.9221621653543307
0
LINE
8
BLACK
6
CONTINUOUS
10
2.0926737401574802
20
0.9221621653543307
11
2.0971621653543306
21
0.9176737401574803
0
LINE
8
BLACK
6
CONTINUOUS
10
2.0971621653543306
20
0.9176737401574803
11
2.1005392913385825
21
0.9122990551181103
0
LINE
8
BLACK
6
CONTINUOUS
10
2.1005392913385825
20
0.9122990551181103
11
2.1026357480314961
21
0.9063076771653543
0
LINE
8
BLACK
6
CONTINUOUS
10
2.1026357480314961
20
0.9063076771653543
11
2.1033464566929134
21
0.9
0
LINE
8
BLACK
6
CONTINUOUS
10
2.1033464566929134
20
0.9
11
2.1026357480314961
21
0.8936923228346456
0
LINE
8
BLACK
6
CONTINUOUS
10
2.1026357480314961
20
0.8936923228346456
11
2.1005392913385825
21
0.8877009448818898
0
LINE
8
BLACK
6
CONTINUOUS
10
2.1005392913385825
20
0.8877009448818898
11
2.0971621653543306
21
0.8823262598425197
0
LINE
8
BLACK
6
CONTINUOUS
10
2.0971621653543306
20
0.8823262598425197
11
2.0926737401574802
21
0.8778378346456692
0
LINE
8
BLACK
6
CONTINUOUS
10
2.0926737401574802
20
0.8778378346456692
11
2.0872990551181103
21
0.8744607086614173
0
LINE
8
BLACK
6
CONTINUOUS
10
2.0872990551181103
20
0.8744607086614173
11
2.0813076771653543
21
0.8723642519685039
0
LINE
8
BLACK
6
CONTINUOUS
10
2.0813076771653543
20
0.8723642519685039
11
2.0749999999999997
21
0.8716535433070866
0
LINE
8
BLACK
6
CONTINUOUS
10
2.0749999999999997
20
0.8716535433070866
11
2.0686923228346457
21
0.8723642519685039
0
LINE
8
BLACK
6
CONTINUOUS
10
2.0686923228346457
20
0.8723642519685039
11
2.0627009448818896
21
0.8744607086614173
0
LINE
8
BLACK
6
CONTINUOUS
10
2.0627009448818896
20
0.8744607086614173
11
2.0573262598425197
21
0.8778378346456692
0
LINE
8
BLACK
6
CONTINUOUS
10
2.0573262598425197
20
0.8778378346456692
11
2.0548491338582675
21
0.8803149606299212
0
LINE
8
BLACK
6
CONTINUOUS
10
2.0548491338582675
20
0.8803149606299212
11
2.
21
0.8803149606299212
0
LINE
8
BLACK
6
CONTINUOUS
10
2.
20
0.8803149606299212
11
1.9979157874015747
21
0.8806146062992126
0
LINE
8
BLACK
6
CONTINUOUS
10
1.9979157874015747
20
0.8806146062992126
11
1.9958156299212597
21
0.880764842519685
0
LINE
8
BLACK
6
CONTINUOUS
10
1.9958156299212597
20
0.880764842519685
11
1.9951535039370079
21
0.8810117716535433
0
LINE
8
BLACK
6
CONTINUOUS
10
1.9951535039370079
20
0.8810117716535433
11
1.994454094488189
21
0.8811123622047244
0
LINE
8
BLACK
6
CONTINUOUS
10
1.994454094488189
20
0.8811123622047244
11
1.9925387795275591
21
0.8819870078740157
0
LINE
8
BLACK
6
CONTINUOUS
10
1.9925387795275591
20
0.8819870078740157
11
1.9905659448818898
21
0.882722874015748
0
LINE
8
BLACK
6
CONTINUOUS
10
1.9905659448818898
20
0.882722874015748
11
1.9900002362204723
21
0.8831462992125984
0
LINE
8
BLACK
6
CONTINUOUS
10
1.9900002362204723
20
0.8831462992125984
11
1.9893574803149605
21
0.8834398818897637
0
LINE
8
BLACK
6
CONTINUOUS
10
1.9893574803149605
20
0.8834398818897637
11
1.9877662204724409
21
0.8848187007874015
0
LINE
8
BLACK
6
CONTINUOUS
10
1.9877662204724409
20
0.8848187007874015
11
1.9860805511811024
21
0.886080590551181
0
LINE
8
BLACK
6
CONTINUOUS
10
1.9860805511811024
20
0.886080590551181
11
1.9497202362204724
21
0.9224409448818898
0
LINE
8
BLACK
6
CONTINUOUS
10
1.9497202362204724
20
0.9224409448818898
11
1.9323031496062992
21
0.9224409448818898
0
LINE
8
BLACK
6
CONTINUOUS
10
1.9323031496062992
20
0.9224409448818898
11
1.9323031496062992
21
0.9416912992125984
0
LINE
8
BLACK
6
CONTINUOUS
10
1.9323031496062992
20
0.9416912992125984
11
1.9307648425196851
21
0.9458156299212598
0
LINE
8
BLACK
6
CONTINUOUS
10
1.9307648425196851
20
0.9458156299212598
11
1.9303651181102361
21
0.9514043307086614
0
LINE
8
BLACK
6
CONTINUOUS
10
1.9303651181102361
20
0.9514043307086614
11
1.9315561023622048
21
0.9568792125984251
0
LINE
8
BLACK
6
CONTINUOUS
10
1.9315561023622048
20
0.9568792125984251
11
1.9323031496062992
21
0.9582473228346456
0
LINE
8
BLACK
6
CONTINUOUS
10
1.9323031496062992
20
0.9582473228346456
11
1.9323031496062992
21
0.9775590551181103
0
LINE
8
BLACK
6
CONTINUOUS
10
1.9323031496062992
20
0.9775590551181103
11
1.9676968503937007
21
0.9775590551181103
0
LINE
8
BLACK
6
CONTINUOUS
10
1.9676968503937007
20
0.9775590551181103
11
1.9676968503937007
21
0.960141968503937
0
LINE
8
BLACK
6
CONTINUOUS
10
2.2813076771653544
20
0.9276357480314961
11
2.28729905511811
21
0.9255392913385827
0
LINE
8
BLACK
6
CONTINUOUS
10
2.28729905511811
20
0.9255392913385827
11
2.2926737401574804
21
0.9221621653543307
0
LINE
8
BLACK
6
CONTINUOUS
10
2.2926737401574804
20
0.9221621653543307
11
2.2971621653543308
21
0.9176737401574803
0
LINE
8
BLACK
6
CONTINUOUS
10
2.2971621653543308
20
0.9176737401574803
11
2.3005392913385827
21
0.9122990551181103
0
LINE
8
BLACK
6
CONTINUOUS
10
2.3005392913385827
20
0.9122990551181103
11
2.3026357480314958
21
0.9063076771653543
0
LINE
8
BLACK
6
CONTINUOUS
10
2.3026357480314958
20
0.9063076771653543
11
2.3033464566929132
21
0.9
0
LINE
8
BLACK
6
CONTINUOUS
10
2.3033464566929132
20
0.9
11
2.3026357480314958
21
0.8936923228346456
0
LINE
8
BLACK
6
CONTINUOUS
10
2.3026357480314958
20
0.8936923228346456
11
2.3005392913385827
21
0.8877009448818898
0
LINE
8
BLACK
6
CONTINUOUS
10
2.3005392913385827
20
0.8877009448818898
11
2.2971621653543308
21
0.8823262598425197
0
LINE
8
BLACK
6
CONTINUOUS
10
2.2971621653543308
20
0.8823262598425197
11
2.2926737401574804
21
0.8778378346456692
0
LINE
8
BLACK
6
CONTINUOUS
10
2.2926737401574804
20
0.8778378346456692
11
2.28729905511811
21
0.8744607086614173
0
LINE
8
BLACK
6
CONTINUOUS
10
2.28729905511811
20
0.8744607086614173
11
2.2813076771653544
21
0.8723642519685039
0
LINE
8
BLACK
6
CONTINUOUS
10
2.2813076771653544
20
0.8723642519685039
11
2.2749999999999999
21
0.8716535433070866
0
LINE
8
BLACK
6
CONTINUOUS
10
2.2749999999999999
20
0.8716535433070866
11
2.2686923228346458
21
0.8723642519685039
0
LINE
8
BLACK
6
CONTINUOUS
10
2.2686923228346458
20
0.8723642519685039
11
2.2627009448818898
21
0.8744607086614173
0
LINE
8
BLACK
6
CONTINUOUS
10
2.2627009448818898
20
0.8744607086614173
11
2.2573262598425194
21
0.8778378346456692
0
LINE
8
BLACK
6
CONTINUOUS
10
2.2573262598425194
20
0.8778378346456692
11
2.2528378346456694
21
0.8823262598425197
0
LINE
8
BLACK
6
CONTINUOUS
10
2.2528378346456694
20
0.8823262598425197
11
2.2494607086614171
21
0.8877009448818898
0
LINE
8
BLACK
6
CONTINUOUS
10
2.2494607086614171
20
0.8877009448818898
11
2.247364251968504
21
0.8936923228346456
0
LINE
8
BLACK
6
CONTINUOUS
10
2.247364251968504
20
0.8936923228346456
11
2.2466535433070867
21
0.9
0
LINE
8
BLACK
6
CONTINUOUS
10
2.2466535433070867
20
0.9
11
2.247364251968504
21
0.9063076771653543
0
LINE
8
BLACK
6
CONTINUOUS
10
2.247364251968504
20
0.9063076771653543
11
2.2494607086614171
21
0.9122990551181103
0
LINE
8
BLACK
6
CONTINUOUS
10
2.2494607086614171
20
0.9122990551181103
11
2.2528378346456694
21
0.9176737401574803
0
LINE
8
BLACK
6
CONTINUOUS
10
2.2528378346456694
20
0.9176737401574803
11
2.2573262598425194
21
0.9221621653543307
0
LINE
8
BLACK
6
CONTINUOUS
10
2.2573262598425194
20
0.9221621653543307
11
2.2627009448818898
21
0.9255392913385827
0
LINE
8
BLACK
6
CONTINUOUS
10
2.2627009448818898
20
0.9255392913385827
11
2.2686923228346458
21
0.9276357480314961
0
LINE
8
BLACK
6
CONTINUOUS
10
2.2686923228346458
20
0.9276357480314961
11
2.2749999999999999
21
0.9283464566929134
0
LINE
8
BLACK
6
CONTINUOUS
10
2.2749999999999999
20
0.9283464566929134
11
2.2813076771653544
21
0.9276357480314961
0
LINE
8
BLACK
6
CONTINUOUS
10
0.6702755905511811
20
1.3787401574803149
11
0.6446850393700787
21
1.3787401574803149
0
LINE
8
BLACK
6
CONTINUOUS
10
0.6446850393700787
20
1.3787401574803149
11
0.6446850393700787
21
1.0958850393700788
0
LINE
8
BLACK
6
CONTINUOUS
10
0.6446850393700787
20
1.0958850393700788
11
0.8881700787401574
21
1.0958850393700788
0
LINE
8
BLACK
6
CONTINUOUS
10
0.8881700787401574
20
1.0958850393700788
11
1.0364299212598425
21
1.0958850393700788
0
LINE
8
BLACK
6
CONTINUOUS
10
1.0364299212598425
20
1.0958850393700788
11
1.0757999999999999
21
1.0958850393700788
0
LINE
8
BLACK
6
CONTINUOUS
10
1.0757999999999999
20
1.0958850393700788
11
1.0757999999999999
21
1.1264000000000001
0
LINE
8
BLACK
6
CONTINUOUS
10
1.0757999999999999
20
1.1264000000000001
11
1.1741999999999999
21
1.1264000000000001
0
LINE
8
BLACK
6
CONTINUOUS
10
1.1741999999999999
20
1.1264000000000001
11
1.1741999999999999
21
1.0958850393700788
0
LINE
8
BLACK
6
CONTINUOUS
10
1.1741999999999999
20
1.0958850393700788
11
1.4113454330708661
21
1.0958850393700788
0
LINE
8
BLACK
6
CONTINUOUS
10
1.4113454330708661
20
1.0958850393700788
11
1.4106299212598425
21
1.1031496062992125
0
LINE
8
BLACK
6
CONTINUOUS
10
1.4106299212598425
20
1.1031496062992125
11
1.4113864173228345
21
1.11083031496063
0
LINE
8
BLACK
6
CONTINUOUS
10
1.4113864173228345
20
1.11083031496063
11
1.4136267716535433
21
1.1182158661417323
0
LINE
8
BLACK
6
CONTINUOUS
10
1.4136267716535433
20
1.1182158661417323
11
1.4172649606299212
21
1.1250224409448819
0
LINE
8
BLACK
6
CONTINUOUS
10
1.4172649606299212
20
1.1250224409448819
11
1.4221611417322835
21
1.130988464566929
0
LINE
8
BLACK
6
CONTINUOUS
10
1.4221611417322835
20
1.130988464566929
11
1.4281271653543306
21
1.1358846456692913
0
LINE
8
BLACK
6
CONTINUOUS
10
1.4281271653543306
20
1.1358846456692913
11
1.4349337401574802
21
1.1395228346456692
0
LINE
8
BLACK
6
CONTINUOUS
10
1.4349337401574802
20
1.1395228346456692
11
1.4423192913385827
21
1.141763188976378
0
LINE
8
BLACK
6
CONTINUOUS
10
1.4423192913385827
20
1.141763188976378
11
1.45
21
1.14251968503937
0
LINE
8
BLACK
6
CONTINUOUS
10
1.45
20
1.14251968503937
11
1.4576807086614172
21
1.141763188976378
0
LINE
8
BLACK
6
CONTINUOUS
10
1.4576807086614172
20
1.141763188976378
11
1.4650662598425197
21
1.1395228346456692
0
LINE
8
BLACK
6
CONTINUOUS
10
1.4650662598425197
20
1.1395228346456692
11
1.4718728346456693
21
1.1358846456692913
0
LINE
8
BLACK
6
CONTINUOUS
10
1.4718728346456693
20
1.1358846456692913
11
1.4778388582677164
21
1.130988464566929
0
LINE
8
BLACK
6
CONTINUOUS
10
1.4778388582677164
20
1.130988464566929
11
1.4827350393700787
21
1.1250224409448819
0
LINE
8
BLACK
6
CONTINUOUS
10
1.4827350393700787
20
1.1250224409448819
11
1.4839044488188977
21
1.1228346456692913
0
LINE
8
BLACK
6
CONTINUOUS
10
1.4839044488188977
20
1.1228346456692913
11
1.5324958267716535
21
1.1228346456692913
0
LINE
8
BLACK
6
CONTINUOUS
10
1.5324958267716535
20
1.1228346456692913
11
1.586080590551181
21
1.176419409448819
0
LINE
8
BLACK
6
CONTINUOUS
10
1.586080590551181
20
1.176419409448819
11
1.5877659448818897
21
1.1776810629921259
0
LINE
8
BLACK
6
CONTINUOUS
10
1.5877659448818897
20
1.1776810629921259
11
1.5893574803149606
21
1.1790601181102363
0
LINE
8
BLACK
6
CONTINUOUS
10
1.5893574803149606
20
1.1790601181102363
11
1.5900003543307086
21
1.1793537007874015
0
LINE
8
BLACK
6
CONTINUOUS
10
1.5900003543307086
20
1.1793537007874015
11
1.5905659842519684
21
1.179777125984252
0
LINE
8
BLACK
6
CONTINUOUS
10
1.5905659842519684
20
1.179777125984252
11
1.5925387007874015
21
1.1805129133858268
0
LINE
8
BLACK
6
CONTINUOUS
10
1.5925387007874015
20
1.1805129133858268
11
1.5944540944881889
21
1.1813876377952757
0
LINE
8
BLACK
6
CONTINUOUS
10
1.5944540944881889
20
1.1813876377952757
11
1.5951535039370079
21
1.181488188976378
0
LINE
8
BLACK
6
CONTINUOUS
10
1.5951535039370079
20
1.181488188976378
11
1.5958156299212598
21
1.181735157480315
0
LINE
8
BLACK
6
CONTINUOUS
10
1.5958156299212598
20
1.181735157480315
11
1.5979157874015748
21
1.1818853543307086
0
LINE
8
BLACK
6
CONTINUOUS
10
1.5979157874015748
20
1.1818853543307086
11
1.5999999999999999
21
1.1821850393700788
0
LINE
8
BLACK
6
CONTINUOUS
10
1.5999999999999999
20
1.1821850393700788
11
1.7
21
1.1821850393700788
0
LINE
8
BLACK
6
CONTINUOUS
10
1.7
20
1.1821850393700788
11
1.7625
21
1.1821850393700788
0
LINE
8
BLACK
6
CONTINUOUS
10
1.7625
20
1.1821850393700788
11
1.768045905511811
21
1.1813876377952757
0
LINE
8
BLACK
6
CONTINUOUS
10
1.768045905511811
20
1.1813876377952757
11
1.7724409448818896
21
1.1793805118110237
0
LINE
8
BLACK
6
CONTINUOUS
10
1.7724409448818896
20
1.1793805118110237
11
1.7724409448818896
21
1.1799999999999999
0
LINE
8
BLACK
6
CONTINUOUS
10
1.7724409448818896
20
1.1799999999999999
11
1.7913921653543308
21
1.1799999999999999
0
LINE
8
BLACK
6
CONTINUOUS
10
1.7913921653543308
20
1.1799999999999999
11
1.7931207874015747
21
1.1809438976377953
0
LINE
8
BLACK
6
CONTINUOUS
10
1.7931207874015747
20
1.1809438976377953
11
1.7985956692913385
21
1.1821348818897637
0
LINE
8
BLACK
6
CONTINUOUS
10
1.7985956692913385
20
1.1821348818897637
11
1.8041843700787401
21
1.181735157480315
0
LINE
8
BLACK
6
CONTINUOUS
10
1.8041843700787401
20
1.181735157480315
11
1.8088364566929134
21
1.1799999999999999
0
LINE
8
BLACK
6
CONTINUOUS
10
1.8088364566929134
20
1.1799999999999999
11
1.8275590551181102
21
1.1799999999999999
0
LINE
8
BLACK
6
CONTINUOUS
10
1.8275590551181102
20
1.1799999999999999
11
1.8275590551181102
21
1.1627797637795276
0
LINE
8
BLACK
6
CONTINUOUS
10
1.8275590551181102
20
1.1627797637795276
11
1.8389194488188976
21
1.1514194094488188
0
LINE
8
BLACK
6
CONTINUOUS
10
1.8389194488188976
20
1.1514194094488188
11
1.8401812204724408
21
1.1497337795275591
0
LINE
8
BLACK
6
CONTINUOUS
10
1.8401812204724408
20
1.1497337795275591
11
1.8415601181102361
21
1.1481425196850394
0
LINE
8
BLACK
6
CONTINUOUS
10
1.8415601181102361
20
1.1481425196850394
11
1.8418537007874016
21
1.1474996456692914
0
LINE
8
BLACK
6
CONTINUOUS
10
1.8418537007874016
20
1.1474996456692914
11
1.8422771259842519
21
1.1469340157480314
0
LINE
8
BLACK
6
CONTINUOUS
10
1.8422771259842519
20
1.1469340157480314
11
1.8430129921259841
21
1.1449611023622046
0
LINE
8
BLACK
6
CONTINUOUS
10
1.8430129921259841
20
1.1449611023622046
11
1.8438876377952755
21
1.143045905511811
0
LINE
8
BLACK
6
CONTINUOUS
10
1.8438876377952755
20
1.143045905511811
11
1.8439881496062991
21
1.1423466141732284
0
LINE
8
BLACK
6
CONTINUOUS
10
1.8439881496062991
20
1.1423466141732284
11
1.8442351968503936
21
1.1416843700787402
0
LINE
8
BLACK
6
CONTINUOUS
10
1.8442351968503936
20
1.1416843700787402
11
1.8443853937007875
21
1.1395838188976377
0
LINE
8
BLACK
6
CONTINUOUS
10
1.8443853937007875
20
1.1395838188976377
11
1.8446850393700787
21
1.1375
0
LINE
8
BLACK
6
CONTINUOUS
10
1.8446850393700787
20
1.1375
11
1.8446850393700787
21
1.1174999999999999
0
LINE
8
BLACK
6
CONTINUOUS
10
1.8446850393700787
20
1.1174999999999999
11
1.8525590551181101
21
1.1174999999999999
0
LINE
8
BLACK
6
CONTINUOUS
10
1.8525590551181101
20
1.1174999999999999
11
1.8525590551181101
21
1.1157480314960631
0
LINE
8
BLACK
6
CONTINUOUS
10
1.8525590551181101
20
1.1157480314960631
11
1.859251968503937
21
1.1157480314960631
0
LINE
8
BLACK
6
CONTINUOUS
10
1.859251968503937
20
1.1157480314960631
11
1.859251968503937
21
1.1724409448818898
0
LINE
8
BLACK
6
CONTINUOUS
10
1.859251968503937
20
1.1724409448818898
11
1.8574999999999999
21
1.1724409448818898
0
LINE
8
BLACK
6
CONTINUOUS
10
1.8574999999999999
20
1.1724409448818898
11
1.8574999999999999
21
1.2275590551181101
0
LINE
8
BLACK
6
CONTINUOUS
10
1.8574999999999999
20
1.2275590551181101
11
1.8924999999999998
21
1.2275590551181101
0
LINE
8
BLACK
6
CONTINUOUS
10
1.8924999999999998
20
1.2275590551181101
11
1.8924999999999998
21
1.1724409448818898
0
LINE
8
BLACK
6
CONTINUOUS
10
1.8924999999999998
20
1.1724409448818898
11
1.890748031496063
21
1.1724409448818898
0
LINE
8
BLACK
6
CONTINUOUS
10
1.890748031496063
20
1.1724409448818898
11
1.890748031496063
21
1.1157480314960631
0
LINE
8
BLACK
6
CONTINUOUS
10
1.890748031496063
20
1.1157480314960631
11
1.8974409448818896
21
1.1157480314960631
0
LINE
8
BLACK
6
CONTINUOUS
10
1.8974409448818896
20
1.1157480314960631
11
1.8974409448818896
21
1.1174999999999999
0
LINE
8
BLACK
6
CONTINUOUS
10
1.8974409448818896
20
1.1174999999999999
11
1.9525590551181102
21
1.1174999999999999
0
LINE
8
BLACK
6
CONTINUOUS
10
1.9525590551181102
20
1.1174999999999999
11
1.9525590551181102
21
1.0825
0
LINE
8
BLACK
6
CONTINUOUS
10
1.9525590551181102
20
1.0825
11
1.8974409448818896
21
1.0825
0
LINE
8
BLACK
6
CONTINUOUS
10
1.8974409448818896
20
1.0825
11
1.8974409448818896
21
1.0842519685039369
0
LINE
8
BLACK
6
CONTINUOUS
10
1.8974409448818896
20
1.0842519685039369
11
1.875
21
1.0842519685039369
0
LINE
8
BLACK
6
CONTINUOUS
10
1.875
20
1.0842519685039369
11
1.8525590551181101
21
1.0842519685039369
0
LINE
8
BLACK
6
CONTINUOUS
10
1.8525590551181101
20
1.0842519685039369
11
1.8525590551181101
21
1.0825
0
LINE
8
BLACK
6
CONTINUOUS
10
1.8525590551181101
20
1.0825
11
1.8338094488188976
21
1.0825
0
LINE
8
BLACK
6
CONTINUOUS
10
1.8338094488188976
20
1.0825
11
1.8331774803149605
21
1.0820938582677164
0
LINE
8
BLACK
6
CONTINUOUS
10
1.8331774803149605
20
1.0820938582677164
11
1.8278014566929133
21
1.0805153149606299
0
LINE
8
BLACK
6
CONTINUOUS
10
1.8278014566929133
20
1.0805153149606299
11
1.8221985433070866
21
1.0805153149606299
0
LINE
8
BLACK
6
CONTINUOUS
10
1.8221985433070866
20
1.0805153149606299
11
1.8168225196850394
21
1.0820938582677164
0
LINE
8
BLACK
6
CONTINUOUS
10
1.8168225196850394
20
1.0820938582677164
11
1.8161905511811023
21
1.0825
0
LINE
8
BLACK
6
CONTINUOUS
10
1.8161905511811023
20
1.0825
11
1.7974409448818898
21
1.0825
0
LINE
8
BLACK
6
CONTINUOUS
10
1.7974409448818898
20
1.0825
11
1.7974409448818898
21
1.1174999999999999
0
LINE
8
BLACK
6
CONTINUOUS
10
1.7974409448818898
20
1.1174999999999999
11
1.8053149606299213
21
1.1174999999999999
0
LINE
8
BLACK
6
CONTINUOUS
10
1.8053149606299213
20
1.1174999999999999
11
1.8053149606299213
21
1.1293461811023622
0
LINE
8
BLACK
6
CONTINUOUS
10
1.8053149606299213
20
1.1293461811023622
11
1.7896611811023622
21
1.145
0
LINE
8
BLACK
6
CONTINUOUS
10
1.7896611811023622
20
1.145
11
1.7724409448818896
21
1.145
0
LINE
8
BLACK
6
CONTINUOUS
10
1.7724409448818896
20
1.145
11
1.7724409448818896
21
1.1456194488188975
0
LINE
8
BLACK
6
CONTINUOUS
10
1.7724409448818896
20
1.1456194488188975
11
1.768045905511811
21
1.1436123622047243
0
LINE
8
BLACK
6
CONTINUOUS
10
1.768045905511811
20
1.1436123622047243
11
1.7625
21
1.1428149606299212
0
LINE
8
BLACK
6
CONTINUOUS
10
1.7625
20
1.1428149606299212
11
1.7196850393700787
21
1.1428149606299212
0
LINE
8
BLACK
6
CONTINUOUS
10
1.7196850393700787
20
1.1428149606299212
11
1.7196850393700787
21
1.075
0
LINE
8
BLACK
6
CONTINUOUS
10
1.7196850393700787
20
1.075
11
1.7188876377952755
21
1.069454094488189
0
LINE
8
BLACK
6
CONTINUOUS
10
1.7188876377952755
20
1.069454094488189
11
1.7165601181102361
21
1.0643574803149607
0
LINE
8
BLACK
6
CONTINUOUS
10
1.7165601181102361
20
1.0643574803149607
11
1.7128909448818896
21
1.060123031496063
0
LINE
8
BLACK
6
CONTINUOUS
10
1.7128909448818896
20
1.060123031496063
11
1.7081774803149605
21
1.0570938582677165
0
LINE
8
BLACK
6
CONTINUOUS
10
1.7081774803149605
20
1.0570938582677165
11
1.7028014566929133
21
1.05551531496063
0
LINE
8
BLACK
6
CONTINUOUS
10
1.7028014566929133
20
1.05551531496063
11
1.6971985433070866
21
1.05551531496063
0
LINE
8
BLACK
6
CONTINUOUS
10
1.6971985433070866
20
1.05551531496063
11
1.6918225196850394
21
1.0570938582677165
0
LINE
8
BLACK
6
CONTINUOUS
10
1.6918225196850394
20
1.0570938582677165
11
1.6871090551181103
21
1.060123031496063
0
LINE
8
BLACK
6
CONTINUOUS
10
1.6871090551181103
20
1.060123031496063
11
1.6834398818897638
21
1.0643574803149607
0
LINE
8
BLACK
6
CONTINUOUS
10
1.6834398818897638
20
1.0643574803149607
11
1.6811123622047244
21
1.069454094488189
0
LINE
8
BLACK
6
CONTINUOUS
10
1.6811123622047244
20
1.069454094488189
11
1.6803149606299213
21
1.075
0
LINE
8
BLACK
6
CONTINUOUS
10
1.6803149606299213
20
1.075
11
1.6803149606299213
21
1.1428149606299212
0
LINE
8
BLACK
6
CONTINUOUS
10
1.6803149606299213
20
1.1428149606299212
11
1.6081537795275591
21
1.1428149606299212
0
LINE
8
BLACK
6
CONTINUOUS
10
1.6081537795275591
20
1.1428149606299212
11
1.5545690157480314
21
1.0892301968503937
0
LINE
8
BLACK
6
CONTINUOUS
10
1.5545690157480314
20
1.0892301968503937
11
1.5528836220472439
21
1.0879685039370079
0
LINE
8
BLACK
6
CONTINUOUS
10
1.5528836220472439
20
1.0879685039370079
11
1.551292125984252
21
1.0865894881889764
0
LINE
8
BLACK
6
CONTINUOUS
10
1.551292125984252
20
1.0865894881889764
11
1.5506492125984253
21
1.0862958661417323
0
LINE
8
BLACK
6
CONTINUOUS
10
1.5506492125984253
20
1.0862958661417323
11
1.550083622047244
21
1.0858724803149606
0
LINE
8
BLACK
6
CONTINUOUS
10
1.550083622047244
20
1.0858724803149606
11
1.5481108661417322
21
1.0851366535433071
0
LINE
8
BLACK
6
CONTINUOUS
10
1.5481108661417322
20
1.0851366535433071
11
1.5461955118110235
21
1.084261968503937
0
LINE
8
BLACK
6
CONTINUOUS
10
1.5461955118110235
20
1.084261968503937
11
1.5454960629921259
21
1.0841613779527559
0
LINE
8
BLACK
6
CONTINUOUS
10
1.5454960629921259
20
1.0841613779527559
11
1.5448339763779526
21
1.0839144488188976
0
LINE
8
BLACK
6
CONTINUOUS
10
1.5448339763779526
20
1.0839144488188976
11
1.5427337795275591
21
1.0837642125984253
0
LINE
8
BLACK
6
CONTINUOUS
10
1.5427337795275591
20
1.0837642125984253
11
1.5406496062992125
21
1.0834645669291338
0
LINE
8
BLACK
6
CONTINUOUS
10
1.5406496062992125
20
1.0834645669291338
11
1.4839044488188977
21
1.0834645669291338
0
LINE
8
BLACK
6
CONTINUOUS
10
1.4839044488188977
20
1.0834645669291338
11
1.4827350393700787
21
1.0812767716535432
0
LINE
8
BLACK
6
CONTINUOUS
10
1.4827350393700787
20
1.0812767716535432
11
1.4778388582677164
21
1.0753107480314961
0
LINE
8
BLACK
6
CONTINUOUS
10
1.4778388582677164
20
1.0753107480314961
11
1.4718728346456693
21
1.0704145669291338
0
LINE
8
BLACK
6
CONTINUOUS
10
1.4718728346456693
20
1.0704145669291338
11
1.4650662598425197
21
1.0667763779527559
0
LINE
8
BLACK
6
CONTINUOUS
10
1.4650662598425197
20
1.0667763779527559
11
1.4576807086614172
21
1.0645360236220471
0
LINE
8
BLACK
6
CONTINUOUS
10
1.4576807086614172
20
1.0645360236220471
11
1.45
21
1.0637795275590551
0
LINE
8
BLACK
6
CONTINUOUS
10
1.45
20
1.0637795275590551
11
1.4423192913385827
21
1.0645360236220471
0
LINE
8
BLACK
6
CONTINUOUS
10
1.4423192913385827
20
1.0645360236220471
11
1.4399453543307086
21
1.0652561023622047
0
LINE
8
BLACK
6
CONTINUOUS
10
1.4399453543307086
20
1.0652561023622047
11
1.4369698031496063
21
1.0622805905511812
0
LINE
8
BLACK
6
CONTINUOUS
10
1.4369698031496063
20
1.0622805905511812
11
1.4352844094488189
21
1.0610188976377952
0
LINE
8
BLACK
6
CONTINUOUS
10
1.4352844094488189
20
1.0610188976377952
11
1.4336929133858267
21
1.0596398818897637
0
LINE
8
BLACK
6
CONTINUOUS
10
1.4336929133858267
20
1.0596398818897637
11
1.4330499999999999
21
1.0593462598425196
0
LINE
8
BLACK
6
CONTINUOUS
10
1.4330499999999999
20
1.0593462598425196
11
1.4324844094488189
21
1.0589228740157479
0
LINE
8
BLACK
6
CONTINUOUS
10
1.4324844094488189
20
1.0589228740157479
11
1.4305116535433071
21
1.0581870472440944
0
LINE
8
BLACK
6
CONTINUOUS
10
1.4305116535433071
20
1.0581870472440944
11
1.4285962992125985
21
1.0573123622047245
0
LINE
8
BLACK
6
CONTINUOUS
10
1.4285962992125985
20
1.0573123622047245
11
1.4278968503937008
21
1.0572117716535432
0
LINE
8
BLACK
6
CONTINUOUS
10
1.4278968503937008
20
1.0572117716535432
11
1.4272347637795275
21
1.0569648425196849
0
LINE
8
BLACK
6
CONTINUOUS
10
1.4272347637795275
20
1.0569648425196849
11
1.4251345669291338
21
1.0568146062992125
0
LINE
8
BLACK
6
CONTINUOUS
10
1.4251345669291338
20
1.0568146062992125
11
1.4230503937007875
21
1.0565149606299213
0
LINE
8
BLACK
6
CONTINUOUS
10
1.4230503937007875
20
1.0565149606299213
11
1.1741999999999999
21
1.0565149606299213
0
LINE
8
BLACK
6
CONTINUOUS
10
1.1741999999999999
20
1.0565149606299213
11
1.1741999999999999
21
1.026
0
LINE
8
BLACK
6
CONTINUOUS
10
1.1741999999999999
20
1.026
11
1.0757999999999999
21
1.026
0
LINE
8
BLACK
6
CONTINUOUS
10
1.0757999999999999
20
1.026
11
1.0757999999999999
21
1.0565149606299213
0
LINE
8
BLACK
6
CONTINUOUS
10
1.0757999999999999
20
1.0565149606299213
11
1.0364299212598425
21
1.0565149606299213
0
LINE
8
BLACK
6
CONTINUOUS
10
1.0364299212598425
20
1.0565149606299213
11
0.8881700787401574
21
1.0565149606299213
0
LINE
8
BLACK
6
CONTINUOUS
10
0.8881700787401574
20
1.0565149606299213
11
0.625
21
1.0565149606299213
0
LINE
8
BLACK
6
CONTINUOUS
10
0.625
20
1.0565149606299213
11
0.4787238582677165
21
1.0565149606299213
0
LINE
8
BLACK
6
CONTINUOUS
10
0.4787238582677165
20
1.0565149606299213
11
0.3332894881889764
21
0.9110805905511811
0
LINE
8
BLACK
6
CONTINUOUS
10
0.3332894881889764
20
0.9110805905511811
11
0.3316040944881889
21
0.9098188976377952
0
LINE
8
BLACK
6
CONTINUOUS
10
0.3316040944881889
20
0.9098188976377952
11
0.3300125984251969
21
0.9084398818897638
0
LINE
8
BLACK
6
CONTINUOUS
10
0.3300125984251969
20
0.9084398818897638
11
0.3293696850393701
21
0.9081462598425196
0
LINE
8
BLACK
6
CONTINUOUS
10
0.3293696850393701
20
0.9081462598425196
11
0.328804094488189
21
0.907722874015748
0
LINE
8
BLACK
6
CONTINUOUS
10
0.328804094488189
20
0.907722874015748
11
0.3268313385826772
21
0.9069870472440945
0
LINE
8
BLACK
6
CONTINUOUS
10
0.3268313385826772
20
0.9069870472440945
11
0.3249159842519685
21
0.9061123622047244
0
LINE
8
BLACK
6
CONTINUOUS
10
0.3249159842519685
20
0.9061123622047244
11
0.3242165354330709
21
0.9060117716535433
0
LINE
8
BLACK
6
CONTINUOUS
10
0.3242165354330709
20
0.9060117716535433
11
0.3235544488188976
21
0.905764842519685
0
LINE
8
BLACK
6
CONTINUOUS
10
0.3235544488188976
20
0.905764842519685
11
0.3214542519685039
21
0.9056146062992125
0
LINE
8
BLACK
6
CONTINUOUS
10
0.3214542519685039
20
0.9056146062992125
11
0.3193700787401575
21
0.9053149606299212
0
LINE
8
BLACK
6
CONTINUOUS
10
0.3193700787401575
20
0.9053149606299212
11
0.28
21
0.9053149606299212
0
LINE
8
BLACK
6
CONTINUOUS
10
0.28
20
0.9053149606299212
11
0.28
21
0.895
0
LINE
8
BLACK
6
CONTINUOUS
10
0.28
20
0.895
11
0.22
21
0.895
0
LINE
8
BLACK
6
CONTINUOUS
10
0.22
20
0.895
11
0.22
21
0.9053149606299212
0
LINE
8
BLACK
6
CONTINUOUS
10
0.22
20
0.9053149606299212
11
0.18
21
0.9053149606299212
0
LINE
8
BLACK
6
CONTINUOUS
10
0.18
20
0.9053149606299212
11
0.18
21
0.895
0
LINE
8
BLACK
6
CONTINUOUS
10
0.18
20
0.895
11
0.12
21
0.895
0
LINE
8
BLACK
6
CONTINUOUS
10
0.12
20
0.895
11
0.12
21
0.955
0
LINE
8
BLACK
6
CONTINUOUS
10
0.12
20
0.955
11
0.18
21
0.955
0
LINE
8
BLACK
6
CONTINUOUS
10
0.18
20
0.955
11
0.18
21
0.9446850393700787
0
LINE
8
BLACK
6
CONTINUOUS
10
0.18
20
0.9446850393700787
11
0.22
21
0.9446850393700787
0
LINE
8
BLACK
6
CONTINUOUS
10
0.22
20
0.9446850393700787
11
0.22
21
0.955
0
LINE
8
BLACK
6
CONTINUOUS
10
0.22
20
0.955
11
0.28
21
0.955
0
LINE
8
BLACK
6
CONTINUOUS
10
0.28
20
0.955
11
0.28
21
0.9446850393700787
0
LINE
8
BLACK
6
CONTINUOUS
10
0.28
20
0.9446850393700787
11
0.3112162992125984
21
0.9446850393700787
0
LINE
8
BLACK
6
CONTINUOUS
10
0.3112162992125984
20
0.9446850393700787
11
0.4566506692913386
21
1.0901194094488189
0
LINE
8
BLACK
6
CONTINUOUS
10
0.4566506692913386
20
1.0901194094488189
11
0.4583360236220472
21
1.0913810629921259
0
LINE
8
BLACK
6
CONTINUOUS
10
0.4583360236220472
20
1.0913810629921259
11
0.4599275590551181
21
1.0927601181102362
0
LINE
8
BLACK
6
CONTINUOUS
10
0.4599275590551181
20
1.0927601181102362
11
0.4605704330708661
21
1.0930537007874015
0
LINE
8
BLACK
6
CONTINUOUS
10
0.4605704330708661
20
1.0930537007874015
11
0.461136062992126
21
1.093477125984252
0
LINE
8
BLACK
6
CONTINUOUS
10
0.461136062992126
20
1.093477125984252
11
0.463108779527559
21
1.0942129133858267
0
LINE
8
BLACK
6
CONTINUOUS
10
0.463108779527559
20
1.0942129133858267
11
0.4650241732283464
21
1.0950876377952756
0
LINE
8
BLACK
6
CONTINUOUS
10
0.4650241732283464
20
1.0950876377952756
11
0.4657235826771653
21
1.0951881889763779
0
LINE
8
BLACK
6
CONTINUOUS
10
0.4657235826771653
20
1.0951881889763779
11
0.4663857086614173
21
1.0954351574803149
0
LINE
8
BLACK
6
CONTINUOUS
10
0.4663857086614173
20
1.0954351574803149
11
0.4684858661417323
21
1.0955853543307086
0
LINE
8
BLACK
6
CONTINUOUS
10
0.4684858661417323
20
1.0955853543307086
11
0.4705700787401575
21
1.0958850393700788
0
LINE
8
BLACK
6
CONTINUOUS
10
0.4705700787401575
20
1.0958850393700788
11
0.6053149606299213
21
1.0958850393700788
0
LINE
8
BLACK
6
CONTINUOUS
10
0.6053149606299213
20
1.0958850393700788
11
0.6053149606299213
21
1.3787401574803149
0
LINE
8
BLACK
6
CONTINUOUS
10
0.6053149606299213
20
1.3787401574803149
11
0.5797244094488189
21
1.3787401574803149
0
LINE
8
BLACK
6
CONTINUOUS
10
0.5797244094488189
20
1.3787401574803149
11
0.5797244094488189
21
1.4692913385826771
0
LINE
8
BLACK
6
CONTINUOUS
10
0.5797244094488189
20
1.4692913385826771
11
0.6702755905511811
21
1.4692913385826771
0
LINE
8
BLACK
6
CONTINUOUS
10
0.6702755905511811
20
1.4692913385826771
11
0.6702755905511811
21
1.3787401574803149
0
LINE
8
BLACK
6
CONTINUOUS
10
1.9676968503937007
20
1.2045742519685039
11
2.0315230708661418
21
1.140748031496063
0
LINE
8
BLACK
6
CONTINUOUS
10
2.0315230708661418
20
1.140748031496063
11
2.0516278346456693
21
1.140748031496063
0
LINE
8
BLACK
6
CONTINUOUS
10
2.0516278346456693
20
1.140748031496063
11
2.0528378346456693
21
1.1426737401574802
0
LINE
8
BLACK
6
CONTINUOUS
10
2.0528378346456693
20
1.1426737401574802
11
2.0573262598425197
21
1.1471621653543307
0
LINE
8
BLACK
6
CONTINUOUS
10
2.0573262598425197
20
1.1471621653543307
11
2.0627009448818896
21
1.1505392913385826
0
LINE
8
BLACK
6
CONTINUOUS
10
2.0627009448818896
20
1.1505392913385826
11
2.0686923228346457
21
1.1526357480314959
0
LINE
8
BLACK
6
CONTINUOUS
10
2.0686923228346457
20
1.1526357480314959
11
2.0749999999999997
21
1.1533464566929135
0
LINE
8
BLACK
6
CONTINUOUS
10
2.0749999999999997
20
1.1533464566929135
11
2.0813076771653543
21
1.1526357480314959
0
LINE
8
BLACK
6
CONTINUOUS
10
2.0813076771653543
20
1.1526357480314959
11
2.0872990551181103
21
1.1505392913385826
0
LINE
8
BLACK
6
CONTINUOUS
10
2.0872990551181103
20
1.1505392913385826
11
2.0926737401574802
21
1.1471621653543307
0
LINE
8
BLACK
6
CONTINUOUS
10
2.0926737401574802
20
1.1471621653543307
11
2.0971621653543306
21
1.1426737401574802
0
LINE
8
BLACK
6
CONTINUOUS
10
2.0971621653543306
20
1.1426737401574802
11
2.1005392913385825
21
1.1372990551181101
0
LINE
8
BLACK
6
CONTINUOUS
10
2.1005392913385825
20
1.1372990551181101
11
2.1026357480314961
21
1.1313076771653543
0
LINE
8
BLACK
6
CONTINUOUS
10
2.1026357480314961
20
1.1313076771653543
11
2.1033464566929134
21
1.125
0
LINE
8
BLACK
6
CONTINUOUS
10
2.1033464566929134
20
1.125
11
2.1026357480314961
21
1.1186923228346457
0
LINE
8
BLACK
6
CONTINUOUS
10
2.1026357480314961
20
1.1186923228346457
11
2.1005392913385825
21
1.1127009448818896
0
LINE
8
BLACK
6
CONTINUOUS
10
2.1005392913385825
20
1.1127009448818896
11
2.0971621653543306
21
1.1073262598425198
0
LINE
8
BLACK
6
CONTINUOUS
10
2.0971621653543306
20
1.1073262598425198
11
2.0926737401574802
21
1.1028378346456693
0
LINE
8
BLACK
6
CONTINUOUS
10
2.0926737401574802
20
1.1028378346456693
11
2.0872990551181103
21
1.0994607086614172
0
LINE
8
BLACK
6
CONTINUOUS
10
2.0872990551181103
20
1.0994607086614172
11
2.0813076771653543
21
1.0973642519685038
0
LINE
8
BLACK
6
CONTINUOUS
10
2.0813076771653543
20
1.0973642519685038
11
2.0749999999999997
21
1.0966535433070865
0
LINE
8
BLACK
6
CONTINUOUS
10
2.0749999999999997
20
1.0966535433070865
11
2.0686923228346457
21
1.0973642519685038
0
LINE
8
BLACK
6
CONTINUOUS
10
2.0686923228346457
20
1.0973642519685038
11
2.0627009448818896
21
1.0994607086614172
0
LINE
8
BLACK
6
CONTINUOUS
10
2.0627009448818896
20
1.0994607086614172
11
2.0573262598425197
21
1.1028378346456693
0
LINE
8
BLACK
6
CONTINUOUS
10
2.0573262598425197
20
1.1028378346456693
11
2.0528378346456693
21
1.1073262598425198
0
LINE
8
BLACK
6
CONTINUOUS
10
2.0528378346456693
20
1.1073262598425198
11
2.0516278346456693
21
1.109251968503937
0
LINE
8
BLACK
6
CONTINUOUS
10
2.0516278346456693
20
1.109251968503937
11
2.0249999999999999
21
1.109251968503937
0
LINE
8
BLACK
6
CONTINUOUS
10
2.0249999999999999
20
1.109251968503937
11
2.0237759842519685
21
1.1094458267716536
0
LINE
8
BLACK
6
CONTINUOUS
10
2.0237759842519685
20
1.1094458267716536
11
2.0225364566929134
21
1.1094458267716536
0
LINE
8
BLACK
6
CONTINUOUS
10
2.0225364566929134
20
1.1094458267716536
11
2.0213576377952753
21
1.1098288188976377
0
LINE
8
BLACK
6
CONTINUOUS
10
2.0213576377952753
20
1.1098288188976377
11
2.0201335826771651
21
1.1100227165354331
0
LINE
8
BLACK
6
CONTINUOUS
10
2.0201335826771651
20
1.1100227165354331
11
2.019029251968504
21
1.1105853543307087
0
LINE
8
BLACK
6
CONTINUOUS
10
2.019029251968504
20
1.1105853543307087
11
2.0178505511811022
21
1.1109683858267716
0
LINE
8
BLACK
6
CONTINUOUS
10
2.0178505511811022
20
1.1109683858267716
11
2.0168478346456693
21
1.1116968897637796
0
LINE
8
BLACK
6
CONTINUOUS
10
2.0168478346456693
20
1.1116968897637796
11
2.0157435433070865
21
1.1122595669291337
0
LINE
8
BLACK
6
CONTINUOUS
10
2.0157435433070865
20
1.1122595669291337
11
2.0148671653543309
21
1.1131359055118111
0
LINE
8
BLACK
6
CONTINUOUS
10
2.0148671653543309
20
1.1131359055118111
11
2.0138644488188975
21
1.1138644488188976
0
LINE
8
BLACK
6
CONTINUOUS
10
2.0138644488188975
20
1.1138644488188976
11
1.9552879527559055
21
1.1724409448818898
0
LINE
8
BLACK
6
CONTINUOUS
10
1.9552879527559055
20
1.1724409448818898
11
1.9323031496062992
21
1.1724409448818898
0
LINE
8
BLACK
6
CONTINUOUS
10
1.9323031496062992
20
1.1724409448818898
11
1.9323031496062992
21
1.2275590551181101
0
LINE
8
BLACK
6
CONTINUOUS
10
1.9323031496062992
20
1.2275590551181101
11
1.9676968503937007
21
1.2275590551181101
0
LINE
8
BLACK
6
CONTINUOUS
10
1.9676968503937007
20
1.2275590551181101
11
1.9676968503937007
21
1.2045742519685039
0
LINE
8
BLACK
6
CONTINUOUS
10
2.2813076771653544
20
1.1526357480314959
11
2.28729905511811
21
1.1505392913385826
0
LINE
8
BLACK
6
CONTINUOUS
10
2.28729905511811
20
1.1505392913385826
11
2.2926737401574804
21
1.1471621653543307
0
LINE
8
BLACK
6
CONTINUOUS
10
2.2926737401574804
20
1.1471621653543307
11
2.2971621653543308
21
1.1426737401574802
0
LINE
8
BLACK
6
CONTINUOUS
10
2.2971621653543308
20
1.1426737401574802
11
2.3005392913385827
21
1.1372990551181101
0
LINE
8
BLACK
6
CONTINUOUS
10
2.3005392913385827
20
1.1372990551181101
11
2.3026357480314958
21
1.1313076771653543
0
LINE
8
BLACK
6
CONTINUOUS
10
2.3026357480314958
20
1.1313076771653543
11
2.3033464566929132
21
1.125
0
LINE
8
BLACK
6
CONTINUOUS
10
2.3033464566929132
20
1.125
11
2.3026357480314958
21
1.1186923228346457
0
LINE
8
BLACK
6
CONTINUOUS
10
2.3026357480314958
20
1.1186923228346457
11
2.3005392913385827
21
1.1127009448818896
0
LINE
8
BLACK
6
CONTINUOUS
10
2.3005392913385827
20
1.1127009448818896
11
2.2971621653543308
21
1.1073262598425198
0
LINE
8
BLACK
6
CONTINUOUS
10
2.2971621653543308
20
1.1073262598425198
11
2.2926737401574804
21
1.1028378346456693
0
LINE
8
BLACK
6
CONTINUOUS
10
2.2926737401574804
20
1.1028378346456693
11
2.28729905511811
21
1.0994607086614172
0
LINE
8
BLACK
6
CONTINUOUS
10
2.28729905511811
20
1.0994607086614172
11
2.2813076771653544
21
1.0973642519685038
0
LINE
8
BLACK
6
CONTINUOUS
10
2.2813076771653544
20
1.0973642519685038
11
2.2749999999999999
21
1.0966535433070865
0
LINE
8
BLACK
6
CONTINUOUS
10
2.2749999999999999
20
1.0966535433070865
11
2.2686923228346458
21
1.0973642519685038
0
LINE
8
BLACK
6
CONTINUOUS
10
2.2686923228346458
20
1.0973642519685038
11
2.2627009448818898
21
1.0994607086614172
0
LINE
8
BLACK
6
CONTINUOUS
10
2.2627009448818898
20
1.0994607086614172
11
2.2573262598425194
21
1.1028378346456693
0
LINE
8
BLACK
6
CONTINUOUS
10
2.2573262598425194
20
1.1028378346456693
11
2.2528378346456694
21
1.1073262598425198
0
LINE
8
BLACK
6
CONTINUOUS
10
2.2528378346456694
20
1.1073262598425198
11
2.2494607086614171
21
1.1127009448818896
0
LINE
8
BLACK
6
CONTINUOUS
10
2.2494607086614171
20
1.1127009448818896
11
2.247364251968504
21
1.1186923228346457
0
LINE
8
BLACK
6
CONTINUOUS
10
2.247364251968504
20
1.1186923228346457
11
2.2466535433070867
21
1.125
0
LINE
8
BLACK
6
CONTINUOUS
10
2.2466535433070867
20
1.125
11
2.247364251968504
21
1.1313076771653543
0
LINE
8
BLACK
6
CONTINUOUS
10
2.247364251968504
20
1.1313076771653543
11
2.2494607086614171
21
1.1372990551181101
0
LINE
8
BLACK
6
CONTINUOUS
10
2.2494607086614171
20
1.1372990551181101
11
2.2528378346456694
21
1.1426737401574802
0
LINE
8
BLACK
6
CONTINUOUS
10
2.2528378346456694
20
1.1426737401574802
11
2.2573262598425194
21
1.1471621653543307
0
LINE
8
BLACK
6
CONTINUOUS
10
2.2573262598425194
20
1.1471621653543307
11
2.2627009448818898
21
1.1505392913385826
0
LINE
8
BLACK
6
CONTINUOUS
10
2.2627009448818898
20
1.1505392913385826
11
2.2686923228346458
21
1.1526357480314959
0
LINE
8
BLACK
6
CONTINUOUS
10
2.2686923228346458
20
1.1526357480314959
11
2.2749999999999999
21
1.1533464566929135
0
LINE
8
BLACK
6
CONTINUOUS
10
2.2749999999999999
20
1.1533464566929135
11
2.2813076771653544
21
1.1526357480314959
0
LINE
8
BLACK
6
CONTINUOUS
10
1.7335456692913385
20
1.4724807086614173
11
1.7418316929133857
21
1.4702604724409449
0
LINE
8
BLACK
6
CONTINUOUS
10
1.7418316929133857
20
1.4702604724409449
11
1.7496062992125985
21
1.4666351181102362
0
LINE
8
BLACK
6
CONTINUOUS
10
1.7496062992125985
20
1.4666351181102362
11
1.7566332677165355
21
1.4617148031496063
0
LINE
8
BLACK
6
CONTINUOUS
10
1.7566332677165355
20
1.4617148031496063
11
1.7626990551181101
21
1.4556490157480315
0
LINE
8
BLACK
6
CONTINUOUS
10
1.7626990551181101
20
1.4556490157480315
11
1.7676193700787401
21
1.4486220472440945
0
LINE
8
BLACK
6
CONTINUOUS
10
1.7676193700787401
20
1.4486220472440945
11
1.7712447244094487
21
1.4408474409448819
0
LINE
8
BLACK
6
CONTINUOUS
10
1.7712447244094487
20
1.4408474409448819
11
1.7734649606299213
21
1.4325614173228347
0
LINE
8
BLACK
6
CONTINUOUS
10
1.7734649606299213
20
1.4325614173228347
11
1.7742125984251969
21
1.4240157480314961
0
LINE
8
BLACK
6
CONTINUOUS
10
1.7742125984251969
20
1.4240157480314961
11
1.7734649606299213
21
1.4154700787401575
0
LINE
8
BLACK
6
CONTINUOUS
10
1.7734649606299213
20
1.4154700787401575
11
1.7712447244094487
21
1.4071840551181103
0
LINE
8
BLACK
6
CONTINUOUS
10
1.7712447244094487
20
1.4071840551181103
11
1.7676193700787401
21
1.3994094488188975
0
LINE
8
BLACK
6
CONTINUOUS
10
1.7676193700787401
20
1.3994094488188975
11
1.7626990551181101
21
1.3923824803149607
0
LINE
8
BLACK
6
CONTINUOUS
10
1.7626990551181101
20
1.3923824803149607
11
1.7566332677165355
21
1.3863166929133859
0
LINE
8
BLACK
6
CONTINUOUS
10
1.7566332677165355
20
1.3863166929133859
11
1.7496062992125985
21
1.3813963779527558
0
LINE
8
BLACK
6
CONTINUOUS
10
1.7496062992125985
20
1.3813963779527558
11
1.7418316929133857
21
1.3777710236220473
0
LINE
8
BLACK
6
CONTINUOUS
10
1.7418316929133857
20
1.3777710236220473
11
1.7407480314960631
21
1.3774806299212599
0
LINE
8
BLACK
6
CONTINUOUS
10
1.7407480314960631
20
1.3774806299212599
11
1.7407480314960631
21
1.2571850393700787
0
LINE
8
BLACK
6
CONTINUOUS
10
1.7407480314960631
20
1.2571850393700787
11
1.8
21
1.2571850393700787
0
LINE
8
BLACK
6
CONTINUOUS
10
1.8
20
1.2571850393700787
11
1.805545905511811
21
1.2563876377952756
0
LINE
8
BLACK
6
CONTINUOUS
10
1.805545905511811
20
1.2563876377952756
11
1.8061862598425196
21
1.256095157480315
0
LINE
8
BLACK
6
CONTINUOUS
10
1.8061862598425196
20
1.256095157480315
11
1.8362266535433069
21
1.2861355118110236
0
LINE
8
BLACK
6
CONTINUOUS
10
1.8362266535433069
20
1.2861355118110236
11
1.8372292913385826
21
1.2868639763779528
0
LINE
8
BLACK
6
CONTINUOUS
10
1.8372292913385826
20
1.2868639763779528
11
1.838105748031496
21
1.2877404330708662
0
LINE
8
BLACK
6
CONTINUOUS
10
1.838105748031496
20
1.2877404330708662
11
1.8392099606299213
21
1.2883030708661416
0
LINE
8
BLACK
6
CONTINUOUS
10
1.8392099606299213
20
1.2883030708661416
11
1.8402127165354329
21
1.2890316141732283
0
LINE
8
BLACK
6
CONTINUOUS
10
1.8402127165354329
20
1.2890316141732283
11
1.8413914566929133
21
1.2894146062992127
0
LINE
8
BLACK
6
CONTINUOUS
10
1.8413914566929133
20
1.2894146062992127
11
1.8424957874015748
21
1.2899772834645669
0
LINE
8
BLACK
6
CONTINUOUS
10
1.8424957874015748
20
1.2899772834645669
11
1.84372
21
1.2901711417322834
0
LINE
8
BLACK
6
CONTINUOUS
10
1.84372
20
1.2901711417322834
11
1.8448986614173228
21
1.2905541338582678
0
LINE
8
BLACK
6
CONTINUOUS
10
1.8448986614173228
20
1.2905541338582678
11
1.8461379527559054
21
1.2905541338582678
0
LINE
8
BLACK
6
CONTINUOUS
10
1.8461379527559054
20
1.2905541338582678
11
1.8473622047244094
21
1.2907480314960629
0
LINE
8
BLACK
6
CONTINUOUS
10
1.8473622047244094
20
1.2907480314960629
11
1.9749999999999999
21
1.2907480314960629
0
LINE
8
BLACK
6
CONTINUOUS
10
1.9749999999999999
20
1.2907480314960629
11
1.9798664173228346
21
1.2899772834645669
0
LINE
8
BLACK
6
CONTINUOUS
10
1.9798664173228346
20
1.2899772834645669
11
1.9842564566929133
21
1.2877404330708662
0
LINE
8
BLACK
6
CONTINUOUS
10
1.9842564566929133
20
1.2877404330708662
11
1.9877404330708661
21
1.2842564566929133
0
LINE
8
BLACK
6
CONTINUOUS
10
1.9877404330708661
20
1.2842564566929133
11
1.9899772834645668
21
1.2798664173228347
0
LINE
8
BLACK
6
CONTINUOUS
10
1.9899772834645668
20
1.2798664173228347
11
1.9907480314960631
21
1.2749999999999999
0
LINE
8
BLACK
6
CONTINUOUS
10
1.9907480314960631
20
1.2749999999999999
11
1.9899772834645668
21
1.2701335826771654
0
LINE
8
BLACK
6
CONTINUOUS
10
1.9899772834645668
20
1.2701335826771654
11
1.9877404330708661
21
1.2657435433070865
0
LINE
8
BLACK
6
CONTINUOUS
10
1.9877404330708661
20
1.2657435433070865
11
1.9842564566929133
21
1.2622595669291339
0
LINE
8
BLACK
6
CONTINUOUS
10
1.9842564566929133
20
1.2622595669291339
11
1.9798664173228346
21
1.260022716535433
0
LINE
8
BLACK
6
CONTINUOUS
10
1.9798664173228346
20
1.260022716535433
11
1.9749999999999999
21
1.2592519685039369
0
LINE
8
BLACK
6
CONTINUOUS
10
1.9749999999999999
20
1.2592519685039369
11
1.8538852362204723
21
1.2592519685039369
0
LINE
8
BLACK
6
CONTINUOUS
10
1.8538852362204723
20
1.2592519685039369
11
1.8275590551181102
21
1.2329257480314961
0
LINE
8
BLACK
6
CONTINUOUS
10
1.8275590551181102
20
1.2329257480314961
11
1.8275590551181102
21
1.2198031496062991
0
LINE
8
BLACK
6
CONTINUOUS
10
1.8275590551181102
20
1.2198031496062991
11
1.8081533858267715
21
1.2198031496062991
0
LINE
8
BLACK
6
CONTINUOUS
10
1.8081533858267715
20
1.2198031496062991
11
1.805545905511811
21
1.2186123622047245
0
LINE
8
BLACK
6
CONTINUOUS
10
1.805545905511811
20
1.2186123622047245
11
1.8
21
1.2178149606299213
0
LINE
8
BLACK
6
CONTINUOUS
10
1.8
20
1.2178149606299213
11
1.7249999999999999
21
1.2178149606299213
0
LINE
8
BLACK
6
CONTINUOUS
10
1.7249999999999999
20
1.2178149606299213
11
1.7
21
1.2178149606299213
0
LINE
8
BLACK
6
CONTINUOUS
10
1.7
20
1.2178149606299213
11
1.5999999999999999
21
1.2178149606299213
0
LINE
8
BLACK
6
CONTINUOUS
10
1.5999999999999999
20
1.2178149606299213
11
1.5979157874015748
21
1.2181146062992125
0
LINE
8
BLACK
6
CONTINUOUS
10
1.5979157874015748
20
1.2181146062992125
11
1.5958156299212598
21
1.2182648425196849
0
LINE
8
BLACK
6
CONTINUOUS
10
1.5958156299212598
20
1.2182648425196849
11
1.5951535039370079
21
1.2185117716535432
0
LINE
8
BLACK
6
CONTINUOUS
10
1.5951535039370079
20
1.2185117716535432
11
1.5944540944881889
21
1.2186123622047245
0
LINE
8
BLACK
6
CONTINUOUS
10
1.5944540944881889
20
1.2186123622047245
11
1.5925387007874015
21
1.2194870472440944
0
LINE
8
BLACK
6
CONTINUOUS
10
1.5925387007874015
20
1.2194870472440944
11
1.5905659842519684
21
1.2202228740157479
0
LINE
8
BLACK
6
CONTINUOUS
10
1.5905659842519684
20
1.2202228740157479
11
1.5900003543307086
21
1.2206462598425196
0
LINE
8
BLACK
6
CONTINUOUS
10
1.5900003543307086
20
1.2206462598425196
11
1.5893574803149606
21
1.2209398818897637
0
LINE
8
BLACK
6
CONTINUOUS
10
1.5893574803149606
20
1.2209398818897637
11
1.5877659448818897
21
1.2223188976377952
0
LINE
8
BLACK
6
CONTINUOUS
10
1.5877659448818897
20
1.2223188976377952
11
1.586080590551181
21
1.2235805905511812
0
LINE
8
BLACK
6
CONTINUOUS
10
1.586080590551181
20
1.2235805905511812
11
1.5293462204724408
21
1.2803149606299213
0
LINE
8
BLACK
6
CONTINUOUS
10
1.5293462204724408
20
1.2803149606299213
11
1.4893700787401574
21
1.2803149606299213
0
LINE
8
BLACK
6
CONTINUOUS
10
1.4893700787401574
20
1.2803149606299213
11
1.4893700787401574
21
1.2606299212598424
0
LINE
8
BLACK
6
CONTINUOUS
10
1.4893700787401574
20
1.2606299212598424
11
1.438317401574803
21
1.2606299212598424
0
LINE
8
BLACK
6
CONTINUOUS
10
1.438317401574803
20
1.2606299212598424
11
1.4372340157480314
21
1.2598188976377953
0
LINE
8
BLACK
6
CONTINUOUS
10
1.4372340157480314
20
1.2598188976377953
11
1.4356425196850393
21
1.2584398818897637
0
LINE
8
BLACK
6
CONTINUOUS
10
1.4356425196850393
20
1.2584398818897637
11
1.4349996062992125
21
1.2581462598425197
0
LINE
8
BLACK
6
CONTINUOUS
10
1.4349996062992125
20
1.2581462598425197
11
1.4344340157480315
21
1.257722874015748
0
LINE
8
BLACK
6
CONTINUOUS
10
1.4344340157480315
20
1.257722874015748
11
1.4324612598425197
21
1.2569870472440945
0
LINE
8
BLACK
6
CONTINUOUS
10
1.4324612598425197
20
1.2569870472440945
11
1.430545905511811
21
1.2561123622047243
0
LINE
8
BLACK
6
CONTINUOUS
10
1.430545905511811
20
1.2561123622047243
11
1.4298464566929134
21
1.2560117716535433
0
LINE
8
BLACK
6
CONTINUOUS
10
1.4298464566929134
20
1.2560117716535433
11
1.4291843700787401
21
1.255764842519685
0
LINE
8
BLACK
6
CONTINUOUS
10
1.4291843700787401
20
1.255764842519685
11
1.4270841732283464
21
1.2556146062992126
0
LINE
8
BLACK
6
CONTINUOUS
10
1.4270841732283464
20
1.2556146062992126
11
1.425
21
1.2553149606299212
0
LINE
8
BLACK
6
CONTINUOUS
10
1.425
20
1.2553149606299212
11
1.1741999999999999
21
1.2553149606299212
0
LINE
8
BLACK
6
CONTINUOUS
10
1.1741999999999999
20
1.2553149606299212
11
1.1741999999999999
21
1.2247999999999999
0
LINE
8
BLACK
6
CONTINUOUS
10
1.1741999999999999
20
1.2247999999999999
11
1.0757999999999999
21
1.2247999999999999
0
LINE
8
BLACK
6
CONTINUOUS
10
1.0757999999999999
20
1.2247999999999999
11
1.0757999999999999
21
1.3251999999999999
0
LINE
8
BLACK
6
CONTINUOUS
10
1.0757999999999999
20
1.3251999999999999
11
1.1741999999999999
21
1.3251999999999999
0
LINE
8
BLACK
6
CONTINUOUS
10
1.1741999999999999
20
1.3251999999999999
11
1.1741999999999999
21
1.2946850393700786
0
LINE
8
BLACK
6
CONTINUOUS
10
1.1741999999999999
20
1.2946850393700786
11
1.4106299212598425
21
1.2946850393700786
0
LINE
8
BLACK
6
CONTINUOUS
10
1.4106299212598425
20
1.2946850393700786
11
1.4106299212598425
21
1.3393700787401575
0
LINE
8
BLACK
6
CONTINUOUS
10
1.4106299212598425
20
1.3393700787401575
11
1.4893700787401574
21
1.3393700787401575
0
LINE
8
BLACK
6
CONTINUOUS
10
1.4893700787401574
20
1.3393700787401575
11
1.4893700787401574
21
1.3196850393700787
0
LINE
8
BLACK
6
CONTINUOUS
10
1.4893700787401574
20
1.3196850393700787
11
1.5374999999999999
21
1.3196850393700787
0
LINE
8
BLACK
6
CONTINUOUS
10
1.5374999999999999
20
1.3196850393700787
11
1.5395841732283464
21
1.3193853543307086
0
LINE
8
BLACK
6
CONTINUOUS
10
1.5395841732283464
20
1.3193853543307086
11
1.5416843700787402
21
1.3192351574803149
0
LINE
8
BLACK
6
CONTINUOUS
10
1.5416843700787402
20
1.3192351574803149
11
1.5423464566929133
21
1.3189881889763779
0
LINE
8
BLACK
6
CONTINUOUS
10
1.5423464566929133
20
1.3189881889763779
11
1.5430459055118111
21
1.3188876377952756
0
LINE
8
BLACK
6
CONTINUOUS
10
1.5430459055118111
20
1.3188876377952756
11
1.5449612598425198
21
1.3180129133858267
0
LINE
8
BLACK
6
CONTINUOUS
10
1.5449612598425198
20
1.3180129133858267
11
1.5469340157480314
21
1.317277125984252
0
LINE
8
BLACK
6
CONTINUOUS
10
1.5469340157480314
20
1.317277125984252
11
1.5474996062992126
21
1.3168537007874015
0
LINE
8
BLACK
6
CONTINUOUS
10
1.5474996062992126
20
1.3168537007874015
11
1.5481425196850394
21
1.3165601181102362
0
LINE
8
BLACK
6
CONTINUOUS
10
1.5481425196850394
20
1.3165601181102362
11
1.5497340157480315
21
1.3151810629921259
0
LINE
8
BLACK
6
CONTINUOUS
10
1.5497340157480315
20
1.3151810629921259
11
1.551419409448819
21
1.3139194094488189
0
LINE
8
BLACK
6
CONTINUOUS
10
1.551419409448819
20
1.3139194094488189
11
1.6081537795275591
21
1.2571850393700787
0
LINE
8
BLACK
6
CONTINUOUS
10
1.6081537795275591
20
1.2571850393700787
11
1.7
21
1.2571850393700787
0
LINE
8
BLACK
6
CONTINUOUS
10
1.7
20
1.2571850393700787
11
1.7092519685039369
21
1.2571850393700787
0
LINE
8
BLACK
6
CONTINUOUS
10
1.7092519685039369
20
1.2571850393700787
11
1.7092519685039369
21
1.3774806299212599
0
LINE
8
BLACK
6
CONTINUOUS
10
1.7092519685039369
20
1.3774806299212599
11
1.708168307086614
21
1.3777710236220473
0
LINE
8
BLACK
6
CONTINUOUS
10
1.708168307086614
20
1.3777710236220473
11
1.7003937007874015
21
1.3813963779527558
0
LINE
8
BLACK
6
CONTINUOUS
10
1.7003937007874015
20
1.3813963779527558
11
1.6933667322834645
21
1.3863166929133859
0
LINE
8
BLACK
6
CONTINUOUS
10
1.6933667322834645
20
1.3863166929133859
11
1.6873009448818896
21
1.3923824803149607
0
LINE
8
BLACK
6
CONTINUOUS
10
1.6873009448818896
20
1.3923824803149607
11
1.6823806299212598
21
1.3994094488188975
0
LINE
8
BLACK
6
CONTINUOUS
10
1.6823806299212598
20
1.3994094488188975
11
1.678755275590551
21
1.4071840551181103
0
LINE
8
BLACK
6
CONTINUOUS
10
1.678755275590551
20
1.4071840551181103
11
1.6765350393700786
21
1.4154700787401575
0
LINE
8
BLACK
6
CONTINUOUS
10
1.6765350393700786
20
1.4154700787401575
11
1.6757874015748031
21
1.4240157480314961
0
LINE
8
BLACK
6
CONTINUOUS
10
1.6757874015748031
20
1.4240157480314961
11
1.6765350393700786
21
1.4325614173228347
0
LINE
8
BLACK
6
CONTINUOUS
10
1.6765350393700786
20
1.4325614173228347
11
1.678755275590551
21
1.4408474409448819
0
LINE
8
BLACK
6
CONTINUOUS
10
1.678755275590551
20
1.4408474409448819
11
1.6823806299212598
21
1.4486220472440945
0
LINE
8
BLACK
6
CONTINUOUS
10
1.6823806299212598
20
1.4486220472440945
11
1.6873009448818896
21
1.4556490157480315
0
LINE
8
BLACK
6
CONTINUOUS
10
1.6873009448818896
20
1.4556490157480315
11
1.6933667322834645
21
1.4617148031496063
0
LINE
8
BLACK
6
CONTINUOUS
10
1.6933667322834645
20
1.4617148031496063
11
1.7003937007874015
21
1.4666351181102362
0
LINE
8
BLACK
6
CONTINUOUS
10
1.7003937007874015
20
1.4666351181102362
11
1.708168307086614
21
1.4702604724409449
0
LINE
8
BLACK
6
CONTINUOUS
10
1.708168307086614
20
1.4702604724409449
11
1.7164543307086613
21
1.4724807086614173
0
LINE
8
BLACK
6
CONTINUOUS
10
1.7164543307086613
20
1.4724807086614173
11
1.7249999999999999
21
1.4732283464566929
0
LINE
8
BLACK
6
CONTINUOUS
10
1.7249999999999999
20
1.4732283464566929
11
1.7335456692913385
21
1.4724807086614173
0
LINE
8
BLACK
6
CONTINUOUS
10
1.2202755905511811
20
1.3787401574803149
11
1.1297244094488188
21
1.3787401574803149
0
LINE
8
BLACK
6
CONTINUOUS
10
1.1297244094488188
20
1.3787401574803149
11
1.1297244094488188
21
1.4692913385826771
0
LINE
8
BLACK
6
CONTINUOUS
10
1.1297244094488188
20
1.4692913385826771
11
1.2202755905511811
21
1.4692913385826771
0
LINE
8
BLACK
6
CONTINUOUS
10
1.2202755905511811
20
1.4692913385826771
11
1.2202755905511811
21
1.3787401574803149
0
LINE
8
BLACK
6
CONTINUOUS
10
2.3837646062992124
20
1.5852558267716534
11
2.3855950393700787
21
1.5831433858267716
0
LINE
8
BLACK
6
CONTINUOUS
10
2.3855950393700787
20
1.5831433858267716
11
2.3860433070866143
21
1.5810826771653543
0
LINE
8
BLACK
6
CONTINUOUS
10
2.3860433070866143
20
1.5810826771653543
11
2.3860433070866143
21
0.0189173228346457
0
LINE
8
BLACK
6
CONTINUOUS
10
2.3860433070866143
20
0.0189173228346457
11
2.3852558267716537
21
0.0162353937007874
0
LINE
8
BLACK
6
CONTINUOUS
10
2.3852558267716537
20
0.0162353937007874
11
2.3831433858267714
21
0.0144049606299213
0
LINE
8
BLACK
6
CONTINUOUS
10
2.3831433858267714
20
0.0144049606299213
11
2.3810826771653542
21
0.0139566929133858
0
LINE
8
BLACK
6
CONTINUOUS
10
2.3810826771653542
20
0.0139566929133858
11
0.0189173228346457
21
0.0139566929133858
0
LINE
8
BLACK
6
CONTINUOUS
10
0.0189173228346457
20
0.0139566929133858
11
0.0162353937007874
21
0.0147441732283465
0
LINE
8
BLACK
6
CONTINUOUS
10
0.0162353937007874
20
0.0147441732283465
11
0.0144049606299213
21
0.0168566141732283
0
LINE
8
BLACK
6
CONTINUOUS
10
0.0144049606299213
20
0.0168566141732283
11
0.0139566929133858
21
0.0189173228346457
0
LINE
8
BLACK
6
CONTINUOUS
10
0.0139566929133858
20
0.0189173228346457
11
0.0139566929133858
21
0.1759842519685039
0
LINE
8
BLACK
6
CONTINUOUS
10
0.0139566929133858
20
0.1759842519685039
11
0.0139566929133858
21
0.7930846456692913
0
LINE
8
BLACK
6
CONTINUOUS
10
0.0139566929133858
20
0.7930846456692913
11
0.0139566929133858
21
1.5810826771653543
0
LINE
8
BLACK
6
CONTINUOUS
10
0.0139566929133858
20
1.5810826771653543
11
0.0147441732283465
21
1.5837646062992126
0
LINE
8
BLACK
6
CONTINUOUS
10
0.0147441732283465
20
1.5837646062992126
11
0.0168566141732283
21
1.5855950393700786
0
LINE
8
BLACK
6
CONTINUOUS
10
0.0168566141732283
20
1.5855950393700786
11
0.0189173228346457
21
1.5860433070866142
0
LINE
8
BLACK
6
CONTINUOUS
10
0.0189173228346457
20
1.5860433070866142
11
2.3810826771653542
21
1.5860433070866142
0
LINE
8
BLACK
6
CONTINUOUS
10
2.3810826771653542
20
1.5860433070866142
11
2.3837646062992124
21
1.5852558267716534
0
LINE
8
BLACK
6
CONTINUOUS
10
1.1672168110236221
20
0.5141303149606299
11
1.1672166535433071
21
0.5141302755905511
0
LINE
8
BLACK
6
CONTINUOUS
10
1.1672166535433071
20
0.5141302755905511
11
1.167216496062992
21
0.5141302755905511
0
LINE
8
BLACK
6
CONTINUOUS
10
1.167216496062992
20
0.5141302755905511
11
1.1672163779527558
21
0.5141302362204724
0
LINE
8
BLACK
6
CONTINUOUS
10
1.1672163779527558
20
0.5141302362204724
11
1.167216338582677
21
0.5141302362204724
0
LINE
8
BLACK
6
CONTINUOUS
10
1.167216338582677
20
0.5141302362204724
11
1.1630509448818898
21
0.5128666535433071
0
LINE
8
BLACK
6
CONTINUOUS
10
1.1630509448818898
20
0.5128666535433071
11
1.1597321259842519
21
0.5118598818897637
0
LINE
8
BLACK
6
CONTINUOUS
10
1.1597321259842519
20
0.5118598818897637
11
1.152834527559055
21
0.508173031496063
0
LINE
8
BLACK
6
CONTINUOUS
10
1.152834527559055
20
0.508173031496063
11
1.1528344881889763
21
0.5081729921259842
0
LINE
8
BLACK
6
CONTINUOUS
10
1.1528344881889763
20
0.5081729921259842
11
1.1483040551181103
21
0.504455
0
LINE
8
BLACK
6
CONTINUOUS
10
1.1483040551181103
20
0.504455
11
1.1483033070866142
21
0.5044542913385827
0
LINE
8
BLACK
6
CONTINUOUS
10
1.1483033070866142
20
0.5044542913385827
11
0.8609909842519685
21
0.2171419291338583
0
LINE
8
BLACK
6
CONTINUOUS
10
0.8609909842519685
20
0.2171419291338583
11
0.8585377559055118
21
0.2158023228346457
0
LINE
8
BLACK
6
CONTINUOUS
10
0.8585377559055118
20
0.2158023228346457
11
0.8574833070866141
21
0.2156889763779528
0
LINE
8
BLACK
6
CONTINUOUS
10
0.8574833070866141
20
0.2156889763779528
11
0.6842768897637795
21
0.2156889763779528
0
LINE
8
BLACK
6
CONTINUOUS
10
0.6842768897637795
20
0.2156889763779528
11
0.6815949606299212
21
0.2164764566929134
0
LINE
8
BLACK
6
CONTINUOUS
10
0.6815949606299212
20
0.2164764566929134
11
0.6803985039370078
21
0.2175566929133858
0
LINE
8
BLACK
6
CONTINUOUS
10
0.6803985039370078
20
0.2175566929133858
11
0.677931968503937
21
0.2206496062992126
0
LINE
8
BLACK
6
CONTINUOUS
10
0.677931968503937
20
0.2206496062992126
11
0.6758931496062992
21
0.2232062204724409
0
LINE
8
BLACK
6
CONTINUOUS
10
0.6758931496062992
20
0.2232062204724409
11
0.6682866535433071
21
0.2302640157480315
0
LINE
8
BLACK
6
CONTINUOUS
10
0.6682866535433071
20
0.2302640157480315
11
0.6597132283464566
21
0.2361092913385827
0
LINE
8
BLACK
6
CONTINUOUS
10
0.6597132283464566
20
0.2361092913385827
11
0.6503643307086614
21
0.2406114960629921
0
LINE
8
BLACK
6
CONTINUOUS
10
0.6503643307086614
20
0.2406114960629921
11
0.6503640551181102
21
0.2406115748031496
0
LINE
8
BLACK
6
CONTINUOUS
10
0.6503640551181102
20
0.2406115748031496
11
0.6503639763779527
21
0.2406116141732283
0
LINE
8
BLACK
6
CONTINUOUS
10
0.6503639763779527
20
0.2406116141732283
11
0.6404492125984251
21
0.2436698818897638
0
LINE
8
BLACK
6
CONTINUOUS
10
0.6404492125984251
20
0.2436698818897638
11
0.6404491732283465
21
0.2436698818897638
0
LINE
8
BLACK
6
CONTINUOUS
10
0.6404491732283465
20
0.2436698818897638
11
0.6404488188976378
21
0.24367
0
LINE
8
BLACK
6
CONTINUOUS
10
0.6404488188976378
20
0.24367
11
0.6301882283464567
21
0.2452165354330709
0
LINE
8
BLACK
6
CONTINUOUS
10
0.6301882283464567
20
0.2452165354330709
11
0.6198117716535433
21
0.2452165354330709
0
LINE
8
BLACK
6
CONTINUOUS
10
0.6198117716535433
20
0.2452165354330709
11
0.6095511811023622
21
0.24367
0
LINE
8
BLACK
6
CONTINUOUS
10
0.6095511811023622
20
0.24367
11
0.6095508267716535
21
0.2436698818897638
0
LINE
8
BLACK
6
CONTINUOUS
10
0.6095508267716535
20
0.2436698818897638
11
0.609550748031496
21
0.2436698818897638
0
LINE
8
BLACK
6
CONTINUOUS
10
0.609550748031496
20
0.2436698818897638
11
0.5996359842519685
21
0.2406116141732283
0
LINE
8
BLACK
6
CONTINUOUS
10
0.5996359842519685
20
0.2406116141732283
11
0.5996357874015747
21
0.2406114960629921
0
LINE
8
BLACK
6
CONTINUOUS
10
0.5996357874015747
20
0.2406114960629921
11
0.5996356692913386
21
0.2406114960629921
0
LINE
8
BLACK
6
CONTINUOUS
10
0.5996356692913386
20
0.2406114960629921
11
0.590286811023622
21
0.2361092913385827
0
LINE
8
BLACK
6
CONTINUOUS
10
0.590286811023622
20
0.2361092913385827
11
0.5902865748031496
21
0.2361091338582677
0
LINE
8
BLACK
6
CONTINUOUS
10
0.5902865748031496
20
0.2361091338582677
11
0.5902864173228346
21
0.2361090551181102
0
LINE
8
BLACK
6
CONTINUOUS
10
0.5902864173228346
20
0.2361090551181102
11
0.5827239370078739
21
0.230953031496063
0
LINE
8
BLACK
6
CONTINUOUS
10
0.5827239370078739
20
0.230953031496063
11
0.5817133464566929
21
0.2302640157480315
0
LINE
8
BLACK
6
CONTINUOUS
10
0.5817133464566929
20
0.2302640157480315
11
0.5741068503937008
21
0.2232062204724409
0
LINE
8
BLACK
6
CONTINUOUS
10
0.5741068503937008
20
0.2232062204724409
11
0.569270748031496
21
0.2171419291338583
0
LINE
8
BLACK
6
CONTINUOUS
10
0.569270748031496
20
0.2171419291338583
11
0.5676370866141732
21
0.2150933858267716
0
LINE
8
BLACK
6
CONTINUOUS
10
0.5676370866141732
20
0.2150933858267716
11
0.5624490157480315
21
0.2061074015748031
0
LINE
8
BLACK
6
CONTINUOUS
10
0.5624490157480315
20
0.2061074015748031
11
0.5624488976377953
21
0.2061070866141732
0
LINE
8
BLACK
6
CONTINUOUS
10
0.5624488976377953
20
0.2061070866141732
11
0.5586579133858267
21
0.1964478346456693
0
LINE
8
BLACK
6
CONTINUOUS
10
0.5586579133858267
20
0.1964478346456693
11
0.5565614960629921
21
0.1872626771653543
0
LINE
8
BLACK
6
CONTINUOUS
10
0.5565614960629921
20
0.1872626771653543
11
0.5563490157480315
21
0.1863317322834646
0
LINE
8
BLACK
6
CONTINUOUS
10
0.5563490157480315
20
0.1863317322834646
11
0.5555735826771654
21
0.1759842519685039
0
LINE
8
BLACK
6
CONTINUOUS
10
0.5555735826771654
20
0.1759842519685039
11
0.5563490157480315
21
0.1656367716535433
0
LINE
8
BLACK
6
CONTINUOUS
10
0.5563490157480315
20
0.1656367716535433
11
0.5563490157480315
21
0.1656365748031496
0
LINE
8
BLACK
6
CONTINUOUS
10
0.5563490157480315
20
0.1656365748031496
11
0.5563490551181102
21
0.1656365748031496
0
LINE
8
BLACK
6
CONTINUOUS
10
0.5563490551181102
20
0.1656365748031496
11
0.5586579133858267
21
0.1555206299212598
0
LINE
8
BLACK
6
CONTINUOUS
10
0.5586579133858267
20
0.1555206299212598
11
0.5624488976377953
21
0.1458613779527559
0
LINE
8
BLACK
6
CONTINUOUS
10
0.5624488976377953
20
0.1458613779527559
11
0.5624490157480315
21
0.145861062992126
0
LINE
8
BLACK
6
CONTINUOUS
10
0.5624490157480315
20
0.145861062992126
11
0.5676370866141732
21
0.1368750787401575
0
LINE
8
BLACK
6
CONTINUOUS
10
0.5676370866141732
20
0.1368750787401575
11
0.5741068897637795
21
0.1287622440944882
0
LINE
8
BLACK
6
CONTINUOUS
10
0.5741068897637795
20
0.1287622440944882
11
0.5817133858267717
21
0.1217044488188976
0
LINE
8
BLACK
6
CONTINUOUS
10
0.5817133858267717
20
0.1217044488188976
11
0.5817135826771653
21
0.1217042913385827
0
LINE
8
BLACK
6
CONTINUOUS
10
0.5817135826771653
20
0.1217042913385827
11
0.5902864173228346
21
0.1158594094488189
0
LINE
8
BLACK
6
CONTINUOUS
10
0.5902864173228346
20
0.1158594094488189
11
0.5902867322834645
21
0.1158592519685039
0
LINE
8
BLACK
6
CONTINUOUS
10
0.5902867322834645
20
0.1158592519685039
11
0.5996355118110236
21
0.1113570472440945
0
LINE
8
BLACK
6
CONTINUOUS
10
0.5996355118110236
20
0.1113570472440945
11
0.5996359842519685
21
0.1113568503937008
0
LINE
8
BLACK
6
CONTINUOUS
10
0.5996359842519685
20
0.1113568503937008
11
0.609550748031496
21
0.1082985826771654
0
LINE
8
BLACK
6
CONTINUOUS
10
0.609550748031496
20
0.1082985826771654
11
0.6095511023622047
21
0.1082985039370079
0
LINE
8
BLACK
6
CONTINUOUS
10
0.6095511023622047
20
0.1082985039370079
11
0.6095511811023622
21
0.1082985039370079
0
LINE
8
BLACK
6
CONTINUOUS
10
0.6095511811023622
20
0.1082985039370079
11
0.6198117716535433
21
0.106751968503937
0
LINE
8
BLACK
6
CONTINUOUS
10
0.6198117716535433
20
0.106751968503937
11
0.6198119291338583
21
0.106751968503937
0
LINE
8
BLACK
6
CONTINUOUS
10
0.6198119291338583
20
0.106751968503937
11
0.6301880708661417
21
0.106751968503937
0
LINE
8
BLACK
6
CONTINUOUS
10
0.6301880708661417
20
0.106751968503937
11
0.6301882283464567
21
0.106751968503937
0
LINE
8
BLACK
6
CONTINUOUS
10
0.6301882283464567
20
0.106751968503937
11
0.6404488188976378
21
0.1082985039370079
0
LINE
8
BLACK
6
CONTINUOUS
10
0.6404488188976378
20
0.1082985039370079
11
0.6404488976377952
21
0.1082985039370079
0
LINE
8
BLACK
6
CONTINUOUS
10
0.6404488976377952
20
0.1082985039370079
11
0.6404492125984251
21
0.1082985826771654
0
LINE
8
BLACK
6
CONTINUOUS
10
0.6404492125984251
20
0.1082985826771654
11
0.6503639763779527
21
0.1113568503937008
0
LINE
8
BLACK
6
CONTINUOUS
10
0.6503639763779527
20
0.1113568503937008
11
0.6503644488188977
21
0.1113570472440945
0
LINE
8
BLACK
6
CONTINUOUS
10
0.6503644488188977
20
0.1113570472440945
11
0.6597133070866141
21
0.1158592519685039
0
LINE
8
BLACK
6
CONTINUOUS
10
0.6597133070866141
20
0.1158592519685039
11
0.6597135826771653
21
0.1158594094488189
0
LINE
8
BLACK
6
CONTINUOUS
10
0.6597135826771653
20
0.1158594094488189
11
0.6682863779527559
21
0.1217042913385827
0
LINE
8
BLACK
6
CONTINUOUS
10
0.6682863779527559
20
0.1217042913385827
11
0.6682864173228347
21
0.1217043307086614
0
LINE
8
BLACK
6
CONTINUOUS
10
0.6682864173228347
20
0.1217043307086614
11
0.6682866535433071
21
0.1217044881889764
0
LINE
8
BLACK
6
CONTINUOUS
10
0.6682866535433071
20
0.1217044881889764
11
0.6758931496062992
21
0.1287622834645669
0
LINE
8
BLACK
6
CONTINUOUS
10
0.6758931496062992
20
0.1287622834645669
11
0.6803985039370078
21
0.134411811023622
0
LINE
8
BLACK
6
CONTINUOUS
10
0.6803985039370078
20
0.134411811023622
11
0.6826863385826771
21
0.1360176377952756
0
LINE
8
BLACK
6
CONTINUOUS
10
0.6826863385826771
20
0.1360176377952756
11
0.6842768897637795
21
0.1362795275590551
0
LINE
8
BLACK
6
CONTINUOUS
10
0.6842768897637795
20
0.1362795275590551
11
0.8737898818897638
21
0.1362795275590551
0
LINE
8
BLACK
6
CONTINUOUS
10
0.8737898818897638
20
0.1362795275590551
11
0.8742761023622047
21
0.1362556299212598
0
LINE
8
BLACK
6
CONTINUOUS
10
0.8742761023622047
20
0.1362556299212598
11
0.8759841338582677
21
0.1360874015748031
0
LINE
8
BLACK
6
CONTINUOUS
10
0.8759841338582677
20
0.1360874015748031
11
0.8759842519685039
21
0.1360874015748031
0
LINE
8
BLACK
6
CONTINUOUS
10
0.8759842519685039
20
0.1360874015748031
11
0.8759844094488188
21
0.1360874015748031
0
LINE
8
BLACK
6
CONTINUOUS
10
0.8759844094488188
20
0.1360874015748031
11
0.8837674015748032
21
0.1368538976377953
0
LINE
8
BLACK
6
CONTINUOUS
10
0.8837674015748032
20
0.1368538976377953
11
0.883767874015748
21
0.1368539763779527
0
LINE
8
BLACK
6
CONTINUOUS
10
0.883767874015748
20
0.1368539763779527
11
0.8912520866141732
21
0.1391243307086614
0
LINE
8
BLACK
6
CONTINUOUS
10
0.8912520866141732
20
0.1391243307086614
11
0.8912521653543307
21
0.1391243700787402
0
LINE
8
BLACK
6
CONTINUOUS
10
0.8912521653543307
20
0.1391243700787402
11
0.895740590551181
21
0.1415235039370079
0
LINE
8
BLACK
6
CONTINUOUS
10
0.895740590551181
20
0.1415235039370079
11
0.8981497637795275
21
0.1428112204724409
0
LINE
8
BLACK
6
CONTINUOUS
10
0.8981497637795275
20
0.1428112204724409
11
0.9018663779527559
21
0.1458613779527559
0
LINE
8
BLACK
6
CONTINUOUS
10
0.9018663779527559
20
0.1458613779527559
11
0.904195590551181
21
0.1477729133858268
0
LINE
8
BLACK
6
CONTINUOUS
10
0.904195590551181
20
0.1477729133858268
11
0.905285
21
0.1491003543307086
0
LINE
8
BLACK
6
CONTINUOUS
10
0.905285
20
0.1491003543307086
11
0.9056114960629921
21
0.1494605511811024
0
LINE
8
BLACK
6
CONTINUOUS
10
0.9056114960629921
20
0.1494605511811024
11
0.9321351968503937
21
0.1759842519685039
0
LINE
8
BLACK
6
CONTINUOUS
10
0.9321351968503937
20
0.1759842519685039
11
1.2044542913385827
21
0.4483033070866141
0
LINE
8
BLACK
6
CONTINUOUS
10
1.2044542913385827
20
0.4483033070866141
11
1.2044550000000001
21
0.4483040551181102
0
LINE
8
BLACK
6
CONTINUOUS
10
1.2044550000000001
20
0.4483040551181102
11
1.2081729921259843
21
0.4528344881889764
0
LINE
8
BLACK
6
CONTINUOUS
10
1.2081729921259843
20
0.4528344881889764
11
1.2082544881889763
21
0.4529868897637795
0
LINE
8
BLACK
6
CONTINUOUS
10
1.2082544881889763
20
0.4529868897637795
11
1.2118598818897637
21
0.4597321259842519
0
LINE
8
BLACK
6
CONTINUOUS
10
1.2118598818897637
20
0.4597321259842519
11
1.2126701181102362
21
0.462403031496063
0
LINE
8
BLACK
6
CONTINUOUS
10
1.2126701181102362
20
0.462403031496063
11
1.2141302362204724
21
0.4672163385826771
0
LINE
8
BLACK
6
CONTINUOUS
10
1.2141302362204724
20
0.4672163385826771
11
1.21413031496063
21
0.4672168110236221
0
LINE
8
BLACK
6
CONTINUOUS
10
1.21413031496063
20
0.4672168110236221
11
1.2148968503937008
21
0.4749998031496063
0
LINE
8
BLACK
6
CONTINUOUS
10
1.2148968503937008
20
0.4749998031496063
11
1.2148968503937008
21
0.4750001574803149
0
LINE
8
BLACK
6
CONTINUOUS
10
1.2148968503937008
20
0.4750001574803149
11
1.21413031496063
21
0.4827831496062992
0
LINE
8
BLACK
6
CONTINUOUS
10
1.21413031496063
20
0.4827831496062992
11
1.2141302755905512
21
0.482783188976378
0
LINE
8
BLACK
6
CONTINUOUS
10
1.2141302755905512
20
0.482783188976378
11
1.2141302755905512
21
0.4827835039370079
0
LINE
8
BLACK
6
CONTINUOUS
10
1.2141302755905512
20
0.4827835039370079
11
1.2118598818897637
21
0.490267874015748
0
LINE
8
BLACK
6
CONTINUOUS
10
1.2118598818897637
20
0.490267874015748
11
1.208173031496063
21
0.4971654724409449
0
LINE
8
BLACK
6
CONTINUOUS
10
1.208173031496063
20
0.4971654724409449
11
1.203211338582677
21
0.5032113385826772
0
LINE
8
BLACK
6
CONTINUOUS
10
1.203211338582677
20
0.5032113385826772
11
1.1971654724409448
21
0.508173031496063
0
LINE
8
BLACK
6
CONTINUOUS
10
1.1971654724409448
20
0.508173031496063
11
1.190267874015748
21
0.5118598818897637
0
LINE
8
BLACK
6
CONTINUOUS
10
1.190267874015748
20
0.5118598818897637
11
1.1827835039370078
21
0.5141302755905511
0
LINE
8
BLACK
6
CONTINUOUS
10
1.1827835039370078
20
0.5141302755905511
11
1.182783188976378
21
0.5141302755905511
0
LINE
8
BLACK
6
CONTINUOUS
10
1.182783188976378
20
0.5141302755905511
11
1.1827831496062993
21
0.5141303149606299
0
LINE
8
BLACK
6
CONTINUOUS
10
1.1827831496062993
20
0.5141303149606299
11
1.1750001574803148
21
0.5148968503937008
0
LINE
8
BLACK
6
CONTINUOUS
10
1.1750001574803148
20
0.5148968503937008
11
1.174999842519685
21
0.5148968503937008
0
LINE
8
BLACK
6
CONTINUOUS
10
1.174999842519685
20
0.5148968503937008
11
1.1672168110236221
21
0.5141303149606299
0
LINE
8
BLACK
6
CONTINUOUS
10
1.1063490157480316
20
0.1656367716535433
11
1.1063490157480316
21
0.1656365748031496
0
LINE
8
BLACK
6
CONTINUOUS
10
1.1063490157480316
20
0.1656365748031496
11
1.1063490551181101
21
0.1656365748031496
0
LINE
8
BLACK
6
CONTINUOUS
10
1.1063490551181101
20
0.1656365748031496
11
1.1086579133858268
21
0.1555206299212598
0
LINE
8
BLACK
6
CONTINUOUS
10
1.1086579133858268
20
0.1555206299212598
11
1.1124488976377953
21
0.1458613779527559
0
LINE
8
BLACK
6
CONTINUOUS
10
1.1124488976377953
20
0.1458613779527559
11
1.1124490157480316
21
0.145861062992126
0
LINE
8
BLACK
6
CONTINUOUS
10
1.1124490157480316
20
0.145861062992126
11
1.1176370866141732
21
0.1368750787401575
0
LINE
8
BLACK
6
CONTINUOUS
10
1.1176370866141732
20
0.1368750787401575
11
1.1241068897637796
21
0.1287622440944882
0
LINE
8
BLACK
6
CONTINUOUS
10
1.1241068897637796
20
0.1287622440944882
11
1.1317133858267716
21
0.1217044488188976
0
LINE
8
BLACK
6
CONTINUOUS
10
1.1317133858267716
20
0.1217044488188976
11
1.1317135826771654
21
0.1217042913385827
0
LINE
8
BLACK
6
CONTINUOUS
10
1.1317135826771654
20
0.1217042913385827
11
1.1402864173228346
21
0.1158594094488189
0
LINE
8
BLACK
6
CONTINUOUS
10
1.1402864173228346
20
0.1158594094488189
11
1.1402867322834644
21
0.1158592519685039
0
LINE
8
BLACK
6
CONTINUOUS
10
1.1402867322834644
20
0.1158592519685039
11
1.1496355118110235
21
0.1113570472440945
0
LINE
8
BLACK
6
CONTINUOUS
10
1.1496355118110235
20
0.1113570472440945
11
1.1496359842519686
21
0.1113568503937008
0
LINE
8
BLACK
6
CONTINUOUS
10
1.1496359842519686
20
0.1113568503937008
11
1.1595507480314959
21
0.1082985826771654
0
LINE
8
BLACK
6
CONTINUOUS
10
1.1595507480314959
20
0.1082985826771654
11
1.1595511023622047
21
0.1082985039370079
0
LINE
8
BLACK
6
CONTINUOUS
10
1.1595511023622047
20
0.1082985039370079
11
1.1595511811023622
21
0.1082985039370079
0
LINE
8
BLACK
6
CONTINUOUS
10
1.1595511811023622
20
0.1082985039370079
11
1.1698117716535432
21
0.106751968503937
0
LINE
8
BLACK
6
CONTINUOUS
10
1.1698117716535432
20
0.106751968503937
11
1.1698119291338582
21
0.106751968503937
0
LINE
8
BLACK
6
CONTINUOUS
10
1.1698119291338582
20
0.106751968503937
11
1.1801880708661416
21
0.106751968503937
0
LINE
8
BLACK
6
CONTINUOUS
10
1.1801880708661416
20
0.106751968503937
11
1.1801882283464566
21
0.106751968503937
0
LINE
8
BLACK
6
CONTINUOUS
10
1.1801882283464566
20
0.106751968503937
11
1.1904488188976379
21
0.1082985039370079
0
LINE
8
BLACK
6
CONTINUOUS
10
1.1904488188976379
20
0.1082985039370079
11
1.1904488976377952
21
0.1082985039370079
0
LINE
8
BLACK
6
CONTINUOUS
10
1.1904488976377952
20
0.1082985039370079
11
1.1904492125984252
21
0.1082985826771654
0
LINE
8
BLACK
6
CONTINUOUS
10
1.1904492125984252
20
0.1082985826771654
11
1.2003639763779528
21
0.1113568503937008
0
LINE
8
BLACK
6
CONTINUOUS
10
1.2003639763779528
20
0.1113568503937008
11
1.2003644488188976
21
0.1113570472440945
0
LINE
8
BLACK
6
CONTINUOUS
10
1.2003644488188976
20
0.1113570472440945
11
1.2097133070866142
21
0.1158592519685039
0
LINE
8
BLACK
6
CONTINUOUS
10
1.2097133070866142
20
0.1158592519685039
11
1.2097135826771652
21
0.1158594094488189
0
LINE
8
BLACK
6
CONTINUOUS
10
1.2097135826771652
20
0.1158594094488189
11
1.218286377952756
21
0.1217042913385827
0
LINE
8
BLACK
6
CONTINUOUS
10
1.218286377952756
20
0.1217042913385827
11
1.2182864173228347
21
0.1217043307086614
0
LINE
8
BLACK
6
CONTINUOUS
10
1.2182864173228347
20
0.1217043307086614
11
1.218286653543307
21
0.1217044881889764
0
LINE
8
BLACK
6
CONTINUOUS
10
1.218286653543307
20
0.1217044881889764
11
1.2258931496062992
21
0.1287622834645669
0
LINE
8
BLACK
6
CONTINUOUS
10
1.2258931496062992
20
0.1287622834645669
11
1.2303985039370078
21
0.134411811023622
0
LINE
8
BLACK
6
CONTINUOUS
10
1.2303985039370078
20
0.134411811023622
11
1.2326863385826772
21
0.1360176377952756
0
LINE
8
BLACK
6
CONTINUOUS
10
1.2326863385826772
20
0.1360176377952756
11
1.2342768897637795
21
0.1362795275590551
0
LINE
8
BLACK
6
CONTINUOUS
10
1.2342768897637795
20
0.1362795275590551
11
1.654744094488189
21
0.1362795275590551
0
LINE
8
BLACK
6
CONTINUOUS
10
1.654744094488189
20
0.1362795275590551
11
1.6574260236220473
21
0.1354920472440945
0
LINE
8
BLACK
6
CONTINUOUS
10
1.6574260236220473
20
0.1354920472440945
11
1.6592564566929133
21
0.1333796062992126
0
LINE
8
BLACK
6
CONTINUOUS
10
1.6592564566929133
20
0.1333796062992126
11
1.6597047244094487
21
0.1313188976377953
0
LINE
8
BLACK
6
CONTINUOUS
10
1.6597047244094487
20
0.1313188976377953
11
1.6597047244094487
21
0.1287933070866142
0
LINE
8
BLACK
6
CONTINUOUS
10
1.6597047244094487
20
0.1287933070866142
11
1.6599609842519685
21
0.1264095669291339
0
LINE
8
BLACK
6
CONTINUOUS
10
1.6599609842519685
20
0.1264095669291339
11
1.659961062992126
21
0.1264092519685039
0
LINE
8
BLACK
6
CONTINUOUS
10
1.659961062992126
20
0.1264092519685039
11
1.6619728346456693
21
0.1210156299212598
0
LINE
8
BLACK
6
CONTINUOUS
10
1.6619728346456693
20
0.1210156299212598
11
1.6619729133858268
21
0.1210154330708661
0
LINE
8
BLACK
6
CONTINUOUS
10
1.6619729133858268
20
0.1210154330708661
11
1.6654227559055117
21
0.1164070078740157
0
LINE
8
BLACK
6
CONTINUOUS
10
1.6654227559055117
20
0.1164070078740157
11
1.6700311811023623
21
0.1129571653543307
0
LINE
8
BLACK
6
CONTINUOUS
10
1.6700311811023623
20
0.1129571653543307
11
1.6700313779527558
21
0.1129570866141732
0
LINE
8
BLACK
6
CONTINUOUS
10
1.6700313779527558
20
0.1129570866141732
11
1.6754249999999999
21
0.1109453149606299
0
LINE
8
BLACK
6
CONTINUOUS
10
1.6754249999999999
20
0.1109453149606299
11
1.67542531496063
21
0.1109452362204724
0
LINE
8
BLACK
6
CONTINUOUS
10
1.67542531496063
20
0.1109452362204724
11
1.6778090551181102
21
0.1106889763779527
0
LINE
8
BLACK
6
CONTINUOUS
10
1.6778090551181102
20
0.1106889763779527
11
1.677809527559055
21
0.1106889763779527
0
LINE
8
BLACK
6
CONTINUOUS
10
1.677809527559055
20
0.1106889763779527
11
1.772190905511811
21
0.1106889763779527
0
LINE
8
BLACK
6
CONTINUOUS
10
1.772190905511811
20
0.1106889763779527
11
1.7745746456692912
21
0.1109452362204724
0
LINE
8
BLACK
6
CONTINUOUS
10
1.7745746456692912
20
0.1109452362204724
11
1.7745749606299213
21
0.1109453149606299
0
LINE
8
BLACK
6
CONTINUOUS
10
1.7745749606299213
20
0.1109453149606299
11
1.7799685826771654
21
0.1129570866141732
0
LINE
8
BLACK
6
CONTINUOUS
10
1.7799685826771654
20
0.1129570866141732
11
1.7799687795275589
21
0.1129571653543307
0
LINE
8
BLACK
6
CONTINUOUS
10
1.7799687795275589
20
0.1129571653543307
11
1.7845772047244095
21
0.1164070078740157
0
LINE
8
BLACK
6
CONTINUOUS
10
1.7845772047244095
20
0.1164070078740157
11
1.7880270472440944
21
0.1210154330708661
0
LINE
8
BLACK
6
CONTINUOUS
10
1.7880270472440944
20
0.1210154330708661
11
1.788027125984252
21
0.1210156299212598
0
LINE
8
BLACK
6
CONTINUOUS
10
1.788027125984252
20
0.1210156299212598
11
1.7882840157480315
21
0.1217042913385827
0
LINE
8
BLACK
6
CONTINUOUS
10
1.7882840157480315
20
0.1217042913385827
11
1.790038937007874
21
0.1264094094488189
0
LINE
8
BLACK
6
CONTINUOUS
10
1.790038937007874
20
0.1264094094488189
11
1.7900389763779527
21
0.1264095669291339
0
LINE
8
BLACK
6
CONTINUOUS
10
1.7900389763779527
20
0.1264095669291339
11
1.7902952362204725
21
0.1287933070866142
0
LINE
8
BLACK
6
CONTINUOUS
10
1.7902952362204725
20
0.1287933070866142
11
1.7902952755905512
21
0.1287939763779528
0
LINE
8
BLACK
6
CONTINUOUS
10
1.7902952755905512
20
0.1287939763779528
11
1.7902952755905512
21
0.2231744881889764
0
LINE
8
BLACK
6
CONTINUOUS
10
1.7902952755905512
20
0.2231744881889764
11
1.7902952362204725
21
0.223175157480315
0
LINE
8
BLACK
6
CONTINUOUS
10
1.7902952362204725
20
0.223175157480315
11
1.7900389763779527
21
0.2255588976377953
0
LINE
8
BLACK
6
CONTINUOUS
10
1.7900389763779527
20
0.2255588976377953
11
1.7900388976377952
21
0.2255592125984252
0
LINE
8
BLACK
6
CONTINUOUS
10
1.7900388976377952
20
0.2255592125984252
11
1.7882840551181103
21
0.2302640157480315
0
LINE
8
BLACK
6
CONTINUOUS
10
1.7882840551181103
20
0.2302640157480315
11
1.788027125984252
21
0.2309529133858268
0
LINE
8
BLACK
6
CONTINUOUS
10
1.788027125984252
20
0.2309529133858268
11
1.7845772047244095
21
0.2355614566929134
0
LINE
8
BLACK
6
CONTINUOUS
10
1.7845772047244095
20
0.2355614566929134
11
1.7838457086614172
21
0.2361090551181102
0
LINE
8
BLACK
6
CONTINUOUS
10
1.7838457086614172
20
0.2361090551181102
11
1.7799687795275589
21
0.2390112992125984
0
LINE
8
BLACK
6
CONTINUOUS
10
1.7799687795275589
20
0.2390112992125984
11
1.7799687401574802
21
0.2390112992125984
0
LINE
8
BLACK
6
CONTINUOUS
10
1.7799687401574802
20
0.2390112992125984
11
1.7799686614173227
21
0.2390113779527559
0
LINE
8
BLACK
6
CONTINUOUS
10
1.7799686614173227
20
0.2390113779527559
11
1.774574842519685
21
0.241023188976378
0
LINE
8
BLACK
6
CONTINUOUS
10
1.774574842519685
20
0.241023188976378
11
1.7745747637795275
21
0.241023188976378
0
LINE
8
BLACK
6
CONTINUOUS
10
1.7745747637795275
20
0.241023188976378
11
1.7745746456692912
21
0.2410232283464567
0
LINE
8
BLACK
6
CONTINUOUS
10
1.7745746456692912
20
0.2410232283464567
11
1.772190905511811
21
0.2412794881889764
0
LINE
8
BLACK
6
CONTINUOUS
10
1.772190905511811
20
0.2412794881889764
11
1.772190748031496
21
0.2412794881889764
0
LINE
8
BLACK
6
CONTINUOUS
10
1.772190748031496
20
0.2412794881889764
11
1.7721904724409447
21
0.2412795275590551
0
LINE
8
BLACK
6
CONTINUOUS
10
1.7721904724409447
20
0.2412795275590551
11
1.677809527559055
21
0.2412795275590551
0
LINE
8
BLACK
6
CONTINUOUS
10
1.677809527559055
20
0.2412795275590551
11
1.6778092519685039
21
0.2412794881889764
0
LINE
8
BLACK
6
CONTINUOUS
10
1.6778092519685039
20
0.2412794881889764
11
1.6778090551181102
21
0.2412794881889764
0
LINE
8
BLACK
6
CONTINUOUS
10
1.6778090551181102
20
0.2412794881889764
11
1.67542531496063
21
0.2410232283464567
0
LINE
8
BLACK
6
CONTINUOUS
10
1.67542531496063
20
0.2410232283464567
11
1.6754249999999999
21
0.2410231496062992
0
LINE
8
BLACK
6
CONTINUOUS
10
1.6754249999999999
20
0.2410231496062992
11
1.6723572834645668
21
0.2398788976377953
0
LINE
8
BLACK
6
CONTINUOUS
10
1.6723572834645668
20
0.2398788976377953
11
1.670031338582677
21
0.2390113779527559
0
LINE
8
BLACK
6
CONTINUOUS
10
1.670031338582677
20
0.2390113779527559
11
1.6700312598425195
21
0.2390113385826771
0
LINE
8
BLACK
6
CONTINUOUS
10
1.6700312598425195
20
0.2390113385826771
11
1.6700311811023623
21
0.2390112992125984
0
LINE
8
BLACK
6
CONTINUOUS
10
1.6700311811023623
20
0.2390112992125984
11
1.6654227559055117
21
0.2355614566929134
0
LINE
8
BLACK
6
CONTINUOUS
10
1.6654227559055117
20
0.2355614566929134
11
1.6619729133858268
21
0.230953031496063
0
LINE
8
BLACK
6
CONTINUOUS
10
1.6619729133858268
20
0.230953031496063
11
1.6619728346456693
21
0.2309528346456693
0
LINE
8
BLACK
6
CONTINUOUS
10
1.6619728346456693
20
0.2309528346456693
11
1.659961062992126
21
0.2255592125984252
0
LINE
8
BLACK
6
CONTINUOUS
10
1.659961062992126
20
0.2255592125984252
11
1.6599609842519685
21
0.2255588976377953
0
LINE
8
BLACK
6
CONTINUOUS
10
1.6599609842519685
20
0.2255588976377953
11
1.6597047244094487
21
0.223175157480315
0
LINE
8
BLACK
6
CONTINUOUS
10
1.6597047244094487
20
0.223175157480315
11
1.6597047244094487
21
0.2206496062992126
0
LINE
8
BLACK
6
CONTINUOUS
10
1.6597047244094487
20
0.2206496062992126
11
1.6589172440944882
21
0.2179676771653543
0
LINE
8
BLACK
6
CONTINUOUS
10
1.6589172440944882
20
0.2179676771653543
11
1.6568048031496063
21
0.2161372440944882
0
LINE
8
BLACK
6
CONTINUOUS
10
1.6568048031496063
20
0.2161372440944882
11
1.654744094488189
21
0.2156889763779528
0
LINE
8
BLACK
6
CONTINUOUS
10
1.654744094488189
20
0.2156889763779528
11
1.2342768897637795
21
0.2156889763779528
0
LINE
8
BLACK
6
CONTINUOUS
10
1.2342768897637795
20
0.2156889763779528
11
1.2315949606299212
21
0.2164764566929134
0
LINE
8
BLACK
6
CONTINUOUS
10
1.2315949606299212
20
0.2164764566929134
11
1.2303985039370078
21
0.2175566929133858
0
LINE
8
BLACK
6
CONTINUOUS
10
1.2303985039370078
20
0.2175566929133858
11
1.2279319685039369
21
0.2206496062992126
0
LINE
8
BLACK
6
CONTINUOUS
10
1.2279319685039369
20
0.2206496062992126
11
1.2258931496062992
21
0.2232062204724409
0
LINE
8
BLACK
6
CONTINUOUS
10
1.2258931496062992
20
0.2232062204724409
11
1.218286653543307
21
0.2302640157480315
0
LINE
8
BLACK
6
CONTINUOUS
10
1.218286653543307
20
0.2302640157480315
11
1.2097132283464567
21
0.2361092913385827
0
LINE
8
BLACK
6
CONTINUOUS
10
1.2097132283464567
20
0.2361092913385827
11
1.2003643307086613
21
0.2406114960629921
0
LINE
8
BLACK
6
CONTINUOUS
10
1.2003643307086613
20
0.2406114960629921
11
1.2003640551181103
21
0.2406115748031496
0
LINE
8
BLACK
6
CONTINUOUS
10
1.2003640551181103
20
0.2406115748031496
11
1.2003639763779528
21
0.2406116141732283
0
LINE
8
BLACK
6
CONTINUOUS
10
1.2003639763779528
20
0.2406116141732283
11
1.1904492125984252
21
0.2436698818897638
0
LINE
8
BLACK
6
CONTINUOUS
10
1.1904492125984252
20
0.2436698818897638
11
1.1904491732283464
21
0.2436698818897638
0
LINE
8
BLACK
6
CONTINUOUS
10
1.1904491732283464
20
0.2436698818897638
11
1.1904488188976379
21
0.24367
0
LINE
8
BLACK
6
CONTINUOUS
10
1.1904488188976379
20
0.24367
11
1.1801882283464566
21
0.2452165354330709
0
LINE
8
BLACK
6
CONTINUOUS
10
1.1801882283464566
20
0.2452165354330709
11
1.1698117716535432
21
0.2452165354330709
0
LINE
8
BLACK
6
CONTINUOUS
10
1.1698117716535432
20
0.2452165354330709
11
1.1595511811023622
21
0.24367
0
LINE
8
BLACK
6
CONTINUOUS
10
1.1595511811023622
20
0.24367
11
1.1595508267716534
21
0.2436698818897638
0
LINE
8
BLACK
6
CONTINUOUS
10
1.1595508267716534
20
0.2436698818897638
11
1.1595507480314959
21
0.2436698818897638
0
LINE
8
BLACK
6
CONTINUOUS
10
1.1595507480314959
20
0.2436698818897638
11
1.1496359842519686
21
0.2406116141732283
0
LINE
8
BLACK
6
CONTINUOUS
10
1.1496359842519686
20
0.2406116141732283
11
1.1496357874015748
21
0.2406114960629921
0
LINE
8
BLACK
6
CONTINUOUS
10
1.1496357874015748
20
0.2406114960629921
11
1.1496356692913385
21
0.2406114960629921
0
LINE
8
BLACK
6
CONTINUOUS
10
1.1496356692913385
20
0.2406114960629921
11
1.1402868110236219
21
0.2361092913385827
0
LINE
8
BLACK
6
CONTINUOUS
10
1.1402868110236219
20
0.2361092913385827
11
1.1402865748031497
21
0.2361091338582677
0
LINE
8
BLACK
6
CONTINUOUS
10
1.1402865748031497
20
0.2361091338582677
11
1.1402864173228346
21
0.2361090551181102
0
LINE
8
BLACK
6
CONTINUOUS
10
1.1402864173228346
20
0.2361090551181102
11
1.1327239370078739
21
0.230953031496063
0
LINE
8
BLACK
6
CONTINUOUS
10
1.1327239370078739
20
0.230953031496063
11
1.1317133464566929
21
0.2302640157480315
0
LINE
8
BLACK
6
CONTINUOUS
10
1.1317133464566929
20
0.2302640157480315
11
1.1241068503937008
21
0.2232062204724409
0
LINE
8
BLACK
6
CONTINUOUS
10
1.1241068503937008
20
0.2232062204724409
11
1.1192707480314961
21
0.2171419291338583
0
LINE
8
BLACK
6
CONTINUOUS
10
1.1192707480314961
20
0.2171419291338583
11
1.1176370866141732
21
0.2150933858267716
0
LINE
8
BLACK
6
CONTINUOUS
10
1.1176370866141732
20
0.2150933858267716
11
1.1124490157480316
21
0.2061074015748031
0
LINE
8
BLACK
6
CONTINUOUS
10
1.1124490157480316
20
0.2061074015748031
11
1.1124488976377953
21
0.2061070866141732
0
LINE
8
BLACK
6
CONTINUOUS
10
1.1124488976377953
20
0.2061070866141732
11
1.1086579133858268
21
0.1964478346456693
0
LINE
8
BLACK
6
CONTINUOUS
10
1.1086579133858268
20
0.1964478346456693
11
1.1065614960629921
21
0.1872626771653543
0
LINE
8
BLACK
6
CONTINUOUS
10
1.1065614960629921
20
0.1872626771653543
11
1.1063490157480316
21
0.1863317322834646
0
LINE
8
BLACK
6
CONTINUOUS
10
1.1063490157480316
20
0.1863317322834646
11
1.1055735826771653
21
0.1759842519685039
0
LINE
8
BLACK
6
CONTINUOUS
10
1.1055735826771653
20
0.1759842519685039
11
1.1063490157480316
21
0.1656367716535433
0
LINE
8
BLACK
6
CONTINUOUS
10
0.1002365748031496
20
0.790700905511811
11
0.1002366535433071
21
0.7907005905511811
0
LINE
8
BLACK
6
CONTINUOUS
10
0.1002366535433071
20
0.7907005905511811
11
0.1022484251968504
21
0.785306968503937
0
LINE
8
BLACK
6
CONTINUOUS
10
0.1022484251968504
20
0.785306968503937
11
0.1022485039370079
21
0.7853067716535432
0
LINE
8
BLACK
6
CONTINUOUS
10
0.1022485039370079
20
0.7853067716535432
11
0.1056983464566929
21
0.7806983464566929
0
LINE
8
BLACK
6
CONTINUOUS
10
0.1056983464566929
20
0.7806983464566929
11
0.1103067716535433
21
0.7772485039370078
0
LINE
8
BLACK
6
CONTINUOUS
10
0.1103067716535433
20
0.7772485039370078
11
0.110306968503937
21
0.7772484251968503
0
LINE
8
BLACK
6
CONTINUOUS
10
0.110306968503937
20
0.7772484251968503
11
0.1157005905511811
21
0.7752366535433071
0
LINE
8
BLACK
6
CONTINUOUS
10
0.1157005905511811
20
0.7752366535433071
11
0.115700905511811
21
0.7752365748031496
0
LINE
8
BLACK
6
CONTINUOUS
10
0.115700905511811
20
0.7752365748031496
11
0.1180846456692913
21
0.7749803149606299
0
LINE
8
BLACK
6
CONTINUOUS
10
0.1180846456692913
20
0.7749803149606299
11
0.1180851181102362
21
0.7749803149606299
0
LINE
8
BLACK
6
CONTINUOUS
10
0.1180851181102362
20
0.7749803149606299
11
0.1819153149606299
21
0.7749803149606299
0
LINE
8
BLACK
6
CONTINUOUS
10
0.1819153149606299
20
0.7749803149606299
11
0.1842990551181102
21
0.7752365748031496
0
LINE
8
BLACK
6
CONTINUOUS
10
0.1842990551181102
20
0.7752365748031496
11
0.1842993700787401
21
0.7752366535433071
0
LINE
8
BLACK
6
CONTINUOUS
10
0.1842993700787401
20
0.7752366535433071
11
0.1896929921259843
21
0.7772484251968503
0
LINE
8
BLACK
6
CONTINUOUS
10
0.1896929921259843
20
0.7772484251968503
11
0.1896931889763779
21
0.7772485039370078
0
LINE
8
BLACK
6
CONTINUOUS
10
0.1896931889763779
20
0.7772485039370078
11
0.1943016141732283
21
0.7806983464566929
0
LINE
8
BLACK
6
CONTINUOUS
10
0.1943016141732283
20
0.7806983464566929
11
0.1960288188976378
21
0.7830056299212598
0
LINE
8
BLACK
6
CONTINUOUS
10
0.1960288188976378
20
0.7830056299212598
11
0.1982664566929134
21
0.7846807086614173
0
LINE
8
BLACK
6
CONTINUOUS
10
0.1982664566929134
20
0.7846807086614173
11
0.2010544881889764
21
0.7848800787401574
0
LINE
8
BLACK
6
CONTINUOUS
10
0.2010544881889764
20
0.7848800787401574
11
0.2035077165354331
21
0.7835405118110236
0
LINE
8
BLACK
6
CONTINUOUS
10
0.2035077165354331
20
0.7835405118110236
11
0.2039711811023622
21
0.7830056299212598
0
LINE
8
BLACK
6
CONTINUOUS
10
0.2039711811023622
20
0.7830056299212598
11
0.2056983464566929
21
0.7806983464566929
0
LINE
8
BLACK
6
CONTINUOUS
10
0.2056983464566929
20
0.7806983464566929
11
0.2103067716535433
21
0.7772485039370078
0
LINE
8
BLACK
6
CONTINUOUS
10
0.2103067716535433
20
0.7772485039370078
11
0.210306968503937
21
0.7772484251968503
0
LINE
8
BLACK
6
CONTINUOUS
10
0.210306968503937
20
0.7772484251968503
11
0.2157005905511811
21
0.7752366535433071
0
LINE
8
BLACK
6
CONTINUOUS
10
0.2157005905511811
20
0.7752366535433071
11
0.215700905511811
21
0.7752365748031496
0
LINE
8
BLACK
6
CONTINUOUS
10
0.215700905511811
20
0.7752365748031496
11
0.2180846456692913
21
0.7749803149606299
0
LINE
8
BLACK
6
CONTINUOUS
10
0.2180846456692913
20
0.7749803149606299
11
0.2180851181102362
21
0.7749803149606299
0
LINE
8
BLACK
6
CONTINUOUS
10
0.2180851181102362
20
0.7749803149606299
11
0.2819153149606299
21
0.7749803149606299
0
LINE
8
BLACK
6
CONTINUOUS
10
0.2819153149606299
20
0.7749803149606299
11
0.2842990551181102
21
0.7752365748031496
0
LINE
8
BLACK
6
CONTINUOUS
10
0.2842990551181102
20
0.7752365748031496
11
0.2842993700787402
21
0.7752366535433071
0
LINE
8
BLACK
6
CONTINUOUS
10
0.2842993700787402
20
0.7752366535433071
11
0.2896929921259843
21
0.7772484251968503
0
LINE
8
BLACK
6
CONTINUOUS
10
0.2896929921259843
20
0.7772484251968503
11
0.289693188976378
21
0.7772485039370078
0
LINE
8
BLACK
6
CONTINUOUS
10
0.289693188976378
20
0.7772485039370078
11
0.2943016141732284
21
0.7806983464566929
0
LINE
8
BLACK
6
CONTINUOUS
10
0.2943016141732284
20
0.7806983464566929
11
0.2962547244094488
21
0.7833074409448819
0
LINE
8
BLACK
6
CONTINUOUS
10
0.2962547244094488
20
0.7833074409448819
11
0.2984923228346457
21
0.7849824803149607
0
LINE
8
BLACK
6
CONTINUOUS
10
0.2984923228346457
20
0.7849824803149607
11
0.300225905511811
21
0.7852952755905511
0
LINE
8
BLACK
6
CONTINUOUS
10
0.300225905511811
20
0.7852952755905511
11
0.5943110236220472
21
0.7852952755905511
0
LINE
8
BLACK
6
CONTINUOUS
10
0.5943110236220472
20
0.7852952755905511
11
0.5969929527559055
21
0.7845077952755906
0
LINE
8
BLACK
6
CONTINUOUS
10
0.5969929527559055
20
0.7845077952755906
11
0.5988233858267716
21
0.7823953543307086
0
LINE
8
BLACK
6
CONTINUOUS
10
0.5988233858267716
20
0.7823953543307086
11
0.599271653543307
21
0.7803346456692913
0
LINE
8
BLACK
6
CONTINUOUS
10
0.599271653543307
20
0.7803346456692913
11
0.599271653543307
21
0.477039094488189
0
LINE
8
BLACK
6
CONTINUOUS
10
0.599271653543307
20
0.477039094488189
11
0.5991837401574803
21
0.4761094094488189
0
LINE
8
BLACK
6
CONTINUOUS
10
0.5991837401574803
20
0.4761094094488189
11
0.5991230314960629
21
0.4757913385826771
0
LINE
8
BLACK
6
CONTINUOUS
10
0.5991230314960629
20
0.4757913385826771
11
0.5991230314960629
21
0.4757911023622047
0
LINE
8
BLACK
6
CONTINUOUS
10
0.5991230314960629
20
0.4757911023622047
11
0.5992618503937007
21
0.4735845669291339
0
LINE
8
BLACK
6
CONTINUOUS
10
0.5992618503937007
20
0.4735845669291339
11
0.599271653543307
21
0.4732730708661417
0
LINE
8
BLACK
6
CONTINUOUS
10
0.599271653543307
20
0.4732730708661417
11
0.599271653543307
21
0.4726432283464567
0
LINE
8
BLACK
6
CONTINUOUS
10
0.599271653543307
20
0.4726432283464567
11
0.5993505511811024
21
0.4720185826771653
0
LINE
8
BLACK
6
CONTINUOUS
10
0.5993505511811024
20
0.4720185826771653
11
0.5993798031496063
21
0.4717088582677165
0
LINE
8
BLACK
6
CONTINUOUS
10
0.5993798031496063
20
0.4717088582677165
11
0.5995186614173228
21
0.469502125984252
0
LINE
8
BLACK
6
CONTINUOUS
10
0.5995186614173228
20
0.469502125984252
11
0.5995187795275591
21
0.4695015748031496
0
LINE
8
BLACK
6
CONTINUOUS
10
0.5995187795275591
20
0.4695015748031496
11
0.5996189763779527
21
0.4691932283464567
0
LINE
8
BLACK
6
CONTINUOUS
10
0.5996189763779527
20
0.4691932283464567
11
0.5998225590551181
21
0.4682824409448819
0
LINE
8
BLACK
6
CONTINUOUS
10
0.5998225590551181
20
0.4682824409448819
11
0.5998631496062992
21
0.4679610236220472
0
LINE
8
BLACK
6
CONTINUOUS
10
0.5998631496062992
20
0.4679610236220472
11
0.5998632677165354
21
0.4679606299212598
0
LINE
8
BLACK
6
CONTINUOUS
10
0.5998632677165354
20
0.4679606299212598
11
0.6006768503937008
21
0.4659056299212598
0
LINE
8
BLACK
6
CONTINUOUS
10
0.6006768503937008
20
0.4659056299212598
11
0.6007823228346456
21
0.4656127165354331
0
LINE
8
BLACK
6
CONTINUOUS
10
0.6007823228346456
20
0.4656127165354331
11
0.6014660236220473
21
0.4635087007874016
0
LINE
8
BLACK
6
CONTINUOUS
10
0.6014660236220473
20
0.4635087007874016
11
0.6016399606299212
21
0.4632346456692913
0
LINE
8
BLACK
6
CONTINUOUS
10
0.6016399606299212
20
0.4632346456692913
11
0.6020636614173228
21
0.462403031496063
0
LINE
8
BLACK
6
CONTINUOUS
10
0.6020636614173228
20
0.462403031496063
11
0.6021829527559055
21
0.4621016929133858
0
LINE
8
BLACK
6
CONTINUOUS
10
0.6021829527559055
20
0.4621016929133858
11
0.6034823228346456
21
0.460313188976378
0
LINE
8
BLACK
6
CONTINUOUS
10
0.6034823228346456
20
0.460313188976378
11
0.6036573228346457
21
0.4600556692913386
0
LINE
8
BLACK
6
CONTINUOUS
10
0.6036573228346457
20
0.4600556692913386
11
0.6048423622047244
21
0.4581884251968504
0
LINE
8
BLACK
6
CONTINUOUS
10
0.6048423622047244
20
0.4581884251968504
11
0.6048427165354331
21
0.4581879921259843
0
LINE
8
BLACK
6
CONTINUOUS
10
0.6048427165354331
20
0.4581879921259843
11
0.6050793307086614
21
0.4579657874015748
0
LINE
8
BLACK
6
CONTINUOUS
10
0.6050793307086614
20
0.4579657874015748
11
0.6056961023622047
21
0.4572662204724409
0
LINE
8
BLACK
6
CONTINUOUS
10
0.6056961023622047
20
0.4572662204724409
11
0.6058868110236221
21
0.4570037795275591
0
LINE
8
BLACK
6
CONTINUOUS
10
0.6058868110236221
20
0.4570037795275591
11
0.6058870078740157
21
0.4570035433070866
0
LINE
8
BLACK
6
CONTINUOUS
10
0.6058870078740157
20
0.4570035433070866
11
0.6075903937007874
21
0.4555943700787402
0
LINE
8
BLACK
6
CONTINUOUS
10
0.6075903937007874
20
0.4555943700787402
11
0.6078240157480315
21
0.4553884251968504
0
LINE
8
BLACK
6
CONTINUOUS
10
0.6078240157480315
20
0.4553884251968504
11
0.6094360236220472
21
0.4538746850393701
0
LINE
8
BLACK
6
CONTINUOUS
10
0.6094360236220472
20
0.4538746850393701
11
0.6094361811023622
21
0.4538745669291339
0
LINE
8
BLACK
6
CONTINUOUS
10
0.6094361811023622
20
0.4538745669291339
11
0.6097206692913386
21
0.4537181496062992
0
LINE
8
BLACK
6
CONTINUOUS
10
0.6097206692913386
20
0.4537181496062992
11
0.6104920472440944
21
0.4531938976377953
0
LINE
8
BLACK
6
CONTINUOUS
10
0.6104920472440944
20
0.4531938976377953
11
0.6107422047244094
21
0.4529869291338582
0
LINE
8
BLACK
6
CONTINUOUS
10
0.6107422047244094
20
0.4529869291338582
11
0.6107423622047244
21
0.4529868503937008
0
LINE
8
BLACK
6
CONTINUOUS
10
0.6107423622047244
20
0.4529868503937008
11
0.6127435039370078
21
0.4520451574803149
0
LINE
8
BLACK
6
CONTINUOUS
10
0.6127435039370078
20
0.4520451574803149
11
0.6130209448818897
21
0.4519037795275591
0
LINE
8
BLACK
6
CONTINUOUS
10
0.6130209448818897
20
0.4519037795275591
11
0.6149581889763779
21
0.4508388188976378
0
LINE
8
BLACK
6
CONTINUOUS
10
0.6149581889763779
20
0.4508388188976378
11
0.6149585826771653
21
0.4508386614173228
0
LINE
8
BLACK
6
CONTINUOUS
10
0.6149585826771653
20
0.4508386614173228
11
0.615272716535433
21
0.4507579921259842
0
LINE
8
BLACK
6
CONTINUOUS
10
0.615272716535433
20
0.4507579921259842
11
0.616150590551181
21
0.4504419291338583
0
LINE
8
BLACK
6
CONTINUOUS
10
0.616150590551181
20
0.4504419291338583
11
0.6164439763779528
21
0.4503038582677165
0
LINE
8
BLACK
6
CONTINUOUS
10
0.6164439763779528
20
0.4503038582677165
11
0.6164442519685039
21
0.4503037795275591
0
LINE
8
BLACK
6
CONTINUOUS
10
0.6164442519685039
20
0.4503037795275591
11
0.6186159448818898
21
0.4498894881889764
0
LINE
8
BLACK
6
CONTINUOUS
10
0.6186159448818898
20
0.4498894881889764
11
0.6189198818897638
21
0.4498215354330709
0
LINE
8
BLACK
6
CONTINUOUS
10
0.6189198818897638
20
0.4498215354330709
11
0.6210617716535433
21
0.4492716535433071
0
LINE
8
BLACK
6
CONTINUOUS
10
0.6210617716535433
20
0.4492716535433071
11
0.621061811023622
21
0.4492716535433071
0
LINE
8
BLACK
6
CONTINUOUS
10
0.621061811023622
20
0.4492716535433071
11
0.621386062992126
21
0.4492716535433071
0
LINE
8
BLACK
6
CONTINUOUS
10
0.621386062992126
20
0.4492716535433071
11
0.6223155905511811
21
0.4491837795275591
0
LINE
8
BLACK
6
CONTINUOUS
10
0.6223155905511811
20
0.4491837795275591
11
0.6223679527559055
21
0.449173779527559
0
LINE
8
BLACK
6
CONTINUOUS
10
0.6223679527559055
20
0.449173779527559
11
0.6226339763779527
21
0.449123031496063
0
LINE
8
BLACK
6
CONTINUOUS
10
0.6226339763779527
20
0.449123031496063
11
0.622634094488189
21
0.449123031496063
0
LINE
8
BLACK
6
CONTINUOUS
10
0.622634094488189
20
0.449123031496063
11
0.6226342125984252
21
0.449123031496063
0
LINE
8
BLACK
6
CONTINUOUS
10
0.6226342125984252
20
0.449123031496063
11
0.6242153543307086
21
0.4492224803149606
0
LINE
8
BLACK
6
CONTINUOUS
10
0.6242153543307086
20
0.4492224803149606
11
0.6248406299212599
21
0.4492618503937008
0
LINE
8
BLACK
6
CONTINUOUS
10
0.6248406299212599
20
0.4492618503937008
11
0.6251520472440945
21
0.4492716535433071
0
LINE
8
BLACK
6
CONTINUOUS
10
0.6251520472440945
20
0.4492716535433071
11
1.0273564173228347
21
0.4492716535433071
0
LINE
8
BLACK
6
CONTINUOUS
10
1.0273564173228347
20
0.4492716535433071
11
1.0273565354330709
21
0.4492716535433071
0
LINE
8
BLACK
6
CONTINUOUS
10
1.0273565354330709
20
0.4492716535433071
11
1.0273566141732284
21
0.4492716535433071
0
LINE
8
BLACK
6
CONTINUOUS
10
1.0273566141732284
20
0.4492716535433071
11
1.0273570866141732
21
0.4492716929133858
0
LINE
8
BLACK
6
CONTINUOUS
10
1.0273570866141732
20
0.4492716929133858
11
1.0320390551181102
21
0.4498631496062992
0
LINE
8
BLACK
6
CONTINUOUS
10
1.0320390551181102
20
0.4498631496062992
11
1.032039251968504
21
0.4498632283464567
0
LINE
8
BLACK
6
CONTINUOUS
10
1.032039251968504
20
0.4498632283464567
11
1.0378982283464566
21
0.4521829133858268
0
LINE
8
BLACK
6
CONTINUOUS
10
1.0378982283464566
20
0.4521829133858268
11
1.0378984251968504
21
0.452183031496063
0
LINE
8
BLACK
6
CONTINUOUS
10
1.0378984251968504
20
0.452183031496063
11
1.0429962992125985
21
0.4558868897637795
0
LINE
8
BLACK
6
CONTINUOUS
10
1.0429962992125985
20
0.4558868897637795
11
1.0429964173228345
21
0.455886968503937
0
LINE
8
BLACK
6
CONTINUOUS
10
1.0429964173228345
20
0.455886968503937
11
1.0470131102362203
21
0.4607423622047244
0
LINE
8
BLACK
6
CONTINUOUS
10
1.0470131102362203
20
0.4607423622047244
11
1.0478494488188976
21
0.4625196850393701
0
LINE
8
BLACK
6
CONTINUOUS
10
1.0478494488188976
20
0.4625196850393701
11
1.0496961811023622
21
0.4664441732283465
0
LINE
8
BLACK
6
CONTINUOUS
10
1.0496961811023622
20
0.4664441732283465
11
1.0496961811023622
21
0.4664442519685039
0
LINE
8
BLACK
6
CONTINUOUS
10
1.0496961811023622
20
0.4664442519685039
11
1.0496962204724409
21
0.4664442519685039
0
LINE
8
BLACK
6
CONTINUOUS
10
1.0496962204724409
20
0.4664442519685039
11
1.0508769291338582
21
0.4726338188976378
0
LINE
8
BLACK
6
CONTINUOUS
10
1.0508769291338582
20
0.4726338188976378
11
1.050876968503937
21
0.4726342519685039
0
LINE
8
BLACK
6
CONTINUOUS
10
1.050876968503937
20
0.4726342519685039
11
1.0505331496062993
21
0.478099094488189
0
LINE
8
BLACK
6
CONTINUOUS
10
1.0505331496062993
20
0.478099094488189
11
1.0504812992125985
21
0.4789232283464567
0
LINE
8
BLACK
6
CONTINUOUS
10
1.0504812992125985
20
0.4789232283464567
11
1.0485340157480314
21
0.4849163385826771
0
LINE
8
BLACK
6
CONTINUOUS
10
1.0485340157480314
20
0.4849163385826771
11
1.0451574803149606
21
0.4902369291338582
0
LINE
8
BLACK
6
CONTINUOUS
10
1.0451574803149606
20
0.4902369291338582
11
1.0405638188976378
21
0.4945506299212598
0
LINE
8
BLACK
6
CONTINUOUS
10
1.0405638188976378
20
0.4945506299212598
11
1.0350417322834646
21
0.4975864173228347
0
LINE
8
BLACK
6
CONTINUOUS
10
1.0350417322834646
20
0.4975864173228347
11
1.0350416141732284
21
0.4975864173228347
0
LINE
8
BLACK
6
CONTINUOUS
10
1.0350416141732284
20
0.4975864173228347
11
1.0350416141732284
21
0.4975864566929133
0
LINE
8
BLACK
6
CONTINUOUS
10
1.0350416141732284
20
0.4975864566929133
11
1.0317992913385827
21
0.4984188976377953
0
LINE
8
BLACK
6
CONTINUOUS
10
1.0317992913385827
20
0.4984188976377953
11
1.028938188976378
21
0.4991535433070866
0
LINE
8
BLACK
6
CONTINUOUS
10
1.028938188976378
20
0.4991535433070866
11
1.0289380708661418
21
0.4991535433070866
0
LINE
8
BLACK
6
CONTINUOUS
10
1.0289380708661418
20
0.4991535433070866
11
0.6541141732283464
21
0.4991535433070866
0
LINE
8
BLACK
6
CONTINUOUS
10
0.6541141732283464
20
0.4991535433070866
11
0.6514322440944882
21
0.4999410236220472
0
LINE
8
BLACK
6
CONTINUOUS
10
0.6514322440944882
20
0.4999410236220472
11
0.649601811023622
21
0.5020534645669291
0
LINE
8
BLACK
6
CONTINUOUS
10
0.649601811023622
20
0.5020534645669291
11
0.6491535433070866
21
0.5041141732283464
0
LINE
8
BLACK
6
CONTINUOUS
10
0.6491535433070866
20
0.5041141732283464
11
0.6491535433070866
21
0.7911122834645669
0
LINE
8
BLACK
6
CONTINUOUS
10
0.6491535433070866
20
0.7911122834645669
11
0.6499410236220472
21
0.7937942125984252
0
LINE
8
BLACK
6
CONTINUOUS
10
0.6499410236220472
20
0.7937942125984252
11
0.6509671653543307
21
0.7949468897637795
0
LINE
8
BLACK
6
CONTINUOUS
10
0.6509671653543307
20
0.7949468897637795
11
0.6532112992125985
21
0.7967886220472441
0
LINE
8
BLACK
6
CONTINUOUS
10
0.6532112992125985
20
0.7967886220472441
11
0.6570970866141732
21
0.8015234251968504
0
LINE
8
BLACK
6
CONTINUOUS
10
0.6570970866141732
20
0.8015234251968504
11
0.658173031496063
21
0.8028344881889764
0
LINE
8
BLACK
6
CONTINUOUS
10
0.658173031496063
20
0.8028344881889764
11
0.6618598818897637
21
0.8097321259842519
0
LINE
8
BLACK
6
CONTINUOUS
10
0.6618598818897637
20
0.8097321259842519
11
0.6641302362204724
21
0.8172164960629921
0
LINE
8
BLACK
6
CONTINUOUS
10
0.6641302362204724
20
0.8172164960629921
11
0.6642447244094488
21
0.8183785826771653
0
LINE
8
BLACK
6
CONTINUOUS
10
0.6642447244094488
20
0.8183785826771653
11
0.6648968503937007
21
0.8249998425196851
0
LINE
8
BLACK
6
CONTINUOUS
10
0.6648968503937007
20
0.8249998425196851
11
0.6648968503937007
21
0.8250001181102362
0
LINE
8
BLACK
6
CONTINUOUS
10
0.6648968503937007
20
0.8250001181102362
11
0.6641302755905512
21
0.8327832283464567
0
LINE
8
BLACK
6
CONTINUOUS
10
0.6641302755905512
20
0.8327832283464567
11
0.6641302362204724
21
0.8327832677165354
0
LINE
8
BLACK
6
CONTINUOUS
10
0.6641302362204724
20
0.8327832677165354
11
0.6641302362204724
21
0.8327835039370078
0
LINE
8
BLACK
6
CONTINUOUS
10
0.6641302362204724
20
0.8327835039370078
11
0.6618598818897637
21
0.840267874015748
0
LINE
8
BLACK
6
CONTINUOUS
10
0.6618598818897637
20
0.840267874015748
11
0.658173031496063
21
0.8471655118110236
0
LINE
8
BLACK
6
CONTINUOUS
10
0.658173031496063
20
0.8471655118110236
11
0.6532113385826771
21
0.8532113385826772
0
LINE
8
BLACK
6
CONTINUOUS
10
0.6532113385826771
20
0.8532113385826772
11
0.6509671653543307
21
0.8550530314960629
0
LINE
8
BLACK
6
CONTINUOUS
10
0.6509671653543307
20
0.8550530314960629
11
0.649393622047244
21
0.8573631496062992
0
LINE
8
BLACK
6
CONTINUOUS
10
0.649393622047244
20
0.8573631496062992
11
0.6491535433070866
21
0.8588876771653543
0
LINE
8
BLACK
6
CONTINUOUS
10
0.6491535433070866
20
0.8588876771653543
11
0.6491535433070866
21
0.8773564173228346
0
LINE
8
BLACK
6
CONTINUOUS
10
0.6491535433070866
20
0.8773564173228346
11
0.6491534645669291
21
0.8773570866141732
0
LINE
8
BLACK
6
CONTINUOUS
10
0.6491534645669291
20
0.8773570866141732
11
0.6485620078740157
21
0.8820390551181102
0
LINE
8
BLACK
6
CONTINUOUS
10
0.6485620078740157
20
0.8820390551181102
11
0.648561968503937
21
0.882039094488189
0
LINE
8
BLACK
6
CONTINUOUS
10
0.648561968503937
20
0.882039094488189
11
0.648561968503937
21
0.882039251968504
0
LINE
8
BLACK
6
CONTINUOUS
10
0.648561968503937
20
0.882039251968504
11
0.6462422047244094
21
0.8878983070866141
0
LINE
8
BLACK
6
CONTINUOUS
10
0.6462422047244094
20
0.8878983070866141
11
0.6425382677165354
21
0.8929963385826771
0
LINE
8
BLACK
6
CONTINUOUS
10
0.6425382677165354
20
0.8929963385826771
11
0.6424309448818898
21
0.8930851181102362
0
LINE
8
BLACK
6
CONTINUOUS
10
0.6424309448818898
20
0.8930851181102362
11
0.6399259055118111
21
0.8951574803149606
0
LINE
8
BLACK
6
CONTINUOUS
10
0.6399259055118111
20
0.8951574803149606
11
0.6376828346456693
21
0.8970131102362204
0
LINE
8
BLACK
6
CONTINUOUS
10
0.6376828346456693
20
0.8970131102362204
11
0.6319810236220472
21
0.8996961811023622
0
LINE
8
BLACK
6
CONTINUOUS
10
0.6319810236220472
20
0.8996961811023622
11
0.631980905511811
21
0.8996961811023622
0
LINE
8
BLACK
6
CONTINUOUS
10
0.631980905511811
20
0.8996961811023622
11
0.631980905511811
21
0.8996962204724409
0
LINE
8
BLACK
6
CONTINUOUS
10
0.631980905511811
20
0.8996962204724409
11
0.6257913385826771
21
0.9008769291338582
0
LINE
8
BLACK
6
CONTINUOUS
10
0.6257913385826771
20
0.9008769291338582
11
0.6257912598425197
21
0.9008769291338582
0
LINE
8
BLACK
6
CONTINUOUS
10
0.6257912598425197
20
0.9008769291338582
11
0.6257911023622047
21
0.9008769685039369
0
LINE
8
BLACK
6
CONTINUOUS
10
0.6257911023622047
20
0.9008769685039369
11
0.6257909842519684
21
0.9008769291338582
0
LINE
8
BLACK
6
CONTINUOUS
10
0.6257909842519684
20
0.9008769291338582
11
0.625790905511811
21
0.9008769685039369
0
LINE
8
BLACK
6
CONTINUOUS
10
0.625790905511811
20
0.9008769685039369
11
0.6218603937007874
21
0.9006296456692913
0
LINE
8
BLACK
6
CONTINUOUS
10
0.6218603937007874
20
0.9006296456692913
11
0.619501968503937
21
0.9004812992125985
0
LINE
8
BLACK
6
CONTINUOUS
10
0.619501968503937
20
0.9004812992125985
11
0.6135088582677165
21
0.8985340157480315
0
LINE
8
BLACK
6
CONTINUOUS
10
0.6135088582677165
20
0.8985340157480315
11
0.6135087401574802
21
0.898533937007874
0
LINE
8
BLACK
6
CONTINUOUS
10
0.6135087401574802
20
0.898533937007874
11
0.6135087007874016
21
0.898533937007874
0
LINE
8
BLACK
6
CONTINUOUS
10
0.6135087007874016
20
0.898533937007874
11
0.6107585433070866
21
0.8967886220472441
0
LINE
8
BLACK
6
CONTINUOUS
10
0.6107585433070866
20
0.8967886220472441
11
0.6081882677165354
21
0.8951574803149606
0
LINE
8
BLACK
6
CONTINUOUS
10
0.6081882677165354
20
0.8951574803149606
11
0.6038745669291339
21
0.8905638188976378
0
LINE
8
BLACK
6
CONTINUOUS
10
0.6038745669291339
20
0.8905638188976378
11
0.6024091338582677
21
0.8878982283464567
0
LINE
8
BLACK
6
CONTINUOUS
10
0.6024091338582677
20
0.8878982283464567
11
0.6008387401574803
21
0.8850416929133859
0
LINE
8
BLACK
6
CONTINUOUS
10
0.6008387401574803
20
0.8850416929133859
11
0.6008387007874015
21
0.8850416141732284
0
LINE
8
BLACK
6
CONTINUOUS
10
0.6008387007874015
20
0.8850416141732284
11
0.5992716929133858
21
0.8789384645669291
0
LINE
8
BLACK
6
CONTINUOUS
10
0.5992716929133858
20
0.8789384645669291
11
0.599271653543307
21
0.8789380708661417
0
LINE
8
BLACK
6
CONTINUOUS
10
0.599271653543307
20
0.8789380708661417
11
0.599271653543307
21
0.8696653543307087
0
LINE
8
BLACK
6
CONTINUOUS
10
0.599271653543307
20
0.8696653543307087
11
0.5984841732283465
21
0.8669834251968503
0
LINE
8
BLACK
6
CONTINUOUS
10
0.5984841732283465
20
0.8669834251968503
11
0.5963717322834645
21
0.8651529921259842
0
LINE
8
BLACK
6
CONTINUOUS
10
0.5963717322834645
20
0.8651529921259842
11
0.5943110236220472
21
0.8647047244094488
0
LINE
8
BLACK
6
CONTINUOUS
10
0.5943110236220472
20
0.8647047244094488
11
0.300225905511811
21
0.8647047244094488
0
LINE
8
BLACK
6
CONTINUOUS
10
0.300225905511811
20
0.8647047244094488
11
0.2975439763779528
21
0.8654922047244095
0
LINE
8
BLACK
6
CONTINUOUS
10
0.2975439763779528
20
0.8654922047244095
11
0.2962547244094488
21
0.8666925590551181
0
LINE
8
BLACK
6
CONTINUOUS
10
0.2962547244094488
20
0.8666925590551181
11
0.2943016141732284
21
0.8693016141732284
0
LINE
8
BLACK
6
CONTINUOUS
10
0.2943016141732284
20
0.8693016141732284
11
0.2919943700787401
21
0.8710288188976377
0
LINE
8
BLACK
6
CONTINUOUS
10
0.2919943700787401
20
0.8710288188976377
11
0.2903192913385827
21
0.8732664566929134
0
LINE
8
BLACK
6
CONTINUOUS
10
0.2903192913385827
20
0.8732664566929134
11
0.2901199212598425
21
0.8760544881889764
0
LINE
8
BLACK
6
CONTINUOUS
10
0.2901199212598425
20
0.8760544881889764
11
0.2914594881889764
21
0.878507716535433
0
LINE
8
BLACK
6
CONTINUOUS
10
0.2914594881889764
20
0.878507716535433
11
0.2919943700787401
21
0.8789711811023622
0
LINE
8
BLACK
6
CONTINUOUS
10
0.2919943700787401
20
0.8789711811023622
11
0.2943016141732284
21
0.8806983464566929
0
LINE
8
BLACK
6
CONTINUOUS
10
0.2943016141732284
20
0.8806983464566929
11
0.2962547244094488
21
0.8833074409448819
0
LINE
8
BLACK
6
CONTINUOUS
10
0.2962547244094488
20
0.8833074409448819
11
0.2984923228346457
21
0.8849824803149606
0
LINE
8
BLACK
6
CONTINUOUS
10
0.2984923228346457
20
0.8849824803149606
11
0.300225905511811
21
0.8852952755905512
0
LINE
8
BLACK
6
CONTINUOUS
10
0.300225905511811
20
0.8852952755905512
11
0.3171757086614173
21
0.8852952755905512
0
LINE
8
BLACK
6
CONTINUOUS
10
0.3171757086614173
20
0.8852952755905512
11
0.3176619291338583
21
0.8852713779527559
0
LINE
8
BLACK
6
CONTINUOUS
10
0.3176619291338583
20
0.8852713779527559
11
0.3193699606299212
21
0.8851031496062992
0
LINE
8
BLACK
6
CONTINUOUS
10
0.3193699606299212
20
0.8851031496062992
11
0.3193700787401575
21
0.8851031496062992
0
LINE
8
BLACK
6
CONTINUOUS
10
0.3193700787401575
20
0.8851031496062992
11
0.3193702362204724
21
0.8851031496062992
0
LINE
8
BLACK
6
CONTINUOUS
10
0.3193702362204724
20
0.8851031496062992
11
0.3271532283464567
21
0.8858696456692913
0
LINE
8
BLACK
6
CONTINUOUS
10
0.3271532283464567
20
0.8858696456692913
11
0.3271537007874016
21
0.8858697244094488
0
LINE
8
BLACK
6
CONTINUOUS
10
0.3271537007874016
20
0.8858697244094488
11
0.3346379133858268
21
0.8881400787401574
0
LINE
8
BLACK
6
CONTINUOUS
10
0.3346379133858268
20
0.8881400787401574
11
0.3346379921259842
21
0.8881401181102362
0
LINE
8
BLACK
6
CONTINUOUS
10
0.3346379921259842
20
0.8881401181102362
11
0.3415355905511811
21
0.8918269685039369
0
LINE
8
BLACK
6
CONTINUOUS
10
0.3415355905511811
20
0.8918269685039369
11
0.3430680708661417
21
0.8930846456692914
0
LINE
8
BLACK
6
CONTINUOUS
10
0.3430680708661417
20
0.8930846456692914
11
0.3475814173228347
21
0.8967886614173228
0
LINE
8
BLACK
6
CONTINUOUS
10
0.3475814173228347
20
0.8967886614173228
11
0.3486708267716535
21
0.8981161023622047
0
LINE
8
BLACK
6
CONTINUOUS
10
0.3486708267716535
20
0.8981161023622047
11
0.3489973228346457
21
0.8984762992125984
0
LINE
8
BLACK
6
CONTINUOUS
10
0.3489973228346457
20
0.8984762992125984
11
0.4855633464566929
21
1.0350423228346457
0
LINE
8
BLACK
6
CONTINUOUS
10
0.4855633464566929
20
1.0350423228346457
11
0.4880165748031496
21
1.0363819291338583
0
LINE
8
BLACK
6
CONTINUOUS
10
0.4880165748031496
20
1.0363819291338583
11
0.4890710236220472
21
1.0364952755905512
0
LINE
8
BLACK
6
CONTINUOUS
10
0.4890710236220472
20
1.0364952755905512
11
0.622805748031496
21
1.0364952755905512
0
LINE
8
BLACK
6
CONTINUOUS
10
0.622805748031496
20
1.0364952755905512
11
0.6232918897637795
21
1.0364713779527559
0
LINE
8
BLACK
6
CONTINUOUS
10
0.6232918897637795
20
1.0364713779527559
11
0.6238924015748032
21
1.0364122047244095
0
LINE
8
BLACK
6
CONTINUOUS
10
0.6238924015748032
20
1.0364122047244095
11
0.6249999212598425
21
1.0363031496062991
0
LINE
8
BLACK
6
CONTINUOUS
10
0.6249999212598425
20
1.0363031496062991
11
0.625
21
1.0363031496062991
0
LINE
8
BLACK
6
CONTINUOUS
10
0.625
20
1.0363031496062991
11
0.6250000787401575
21
1.0363031496062991
0
LINE
8
BLACK
6
CONTINUOUS
10
0.6250000787401575
20
1.0363031496062991
11
0.6261075590551181
21
1.0364122047244095
0
LINE
8
BLACK
6
CONTINUOUS
10
0.6261075590551181
20
1.0364122047244095
11
0.6267080708661417
21
1.0364713779527559
0
LINE
8
BLACK
6
CONTINUOUS
10
0.6267080708661417
20
1.0364713779527559
11
0.6271942519685039
21
1.0364952755905512
0
LINE
8
BLACK
6
CONTINUOUS
10
0.6271942519685039
20
1.0364952755905512
11
0.8862194094488188
21
1.0364952755905512
0
LINE
8
BLACK
6
CONTINUOUS
10
0.8862194094488188
20
1.0364952755905512
11
1.034479251968504
21
1.0364952755905512
0
LINE
8
BLACK
6
CONTINUOUS
10
1.034479251968504
20
1.0364952755905512
11
1.0508196850393701
21
1.0364952755905512
0
LINE
8
BLACK
6
CONTINUOUS
10
1.0508196850393701
20
1.0364952755905512
11
1.0535016141732283
21
1.0357077952755904
0
LINE
8
BLACK
6
CONTINUOUS
10
1.0535016141732283
20
1.0357077952755904
11
1.0553320472440946
21
1.0335953543307086
0
LINE
8
BLACK
6
CONTINUOUS
10
1.0553320472440946
20
1.0335953543307086
11
1.05578031496063
21
1.0315346456692913
0
LINE
8
BLACK
6
CONTINUOUS
10
1.05578031496063
20
1.0315346456692913
11
1.05578031496063
21
1.0240846456692914
0
LINE
8
BLACK
6
CONTINUOUS
10
1.05578031496063
20
1.0240846456692914
11
1.0560365748031495
21
1.0217009055118109
0
LINE
8
BLACK
6
CONTINUOUS
10
1.0560365748031495
20
1.0217009055118109
11
1.056036653543307
21
1.0217005905511811
0
LINE
8
BLACK
6
CONTINUOUS
10
1.056036653543307
20
1.0217005905511811
11
1.0580484251968503
21
1.016306968503937
0
LINE
8
BLACK
6
CONTINUOUS
10
1.0580484251968503
20
1.016306968503937
11
1.0580485039370078
21
1.0163067716535432
0
LINE
8
BLACK
6
CONTINUOUS
10
1.0580485039370078
20
1.0163067716535432
11
1.0614983464566929
21
1.0116983464566929
0
LINE
8
BLACK
6
CONTINUOUS
10
1.0614983464566929
20
1.0116983464566929
11
1.0661067716535433
21
1.0082485039370079
0
LINE
8
BLACK
6
CONTINUOUS
10
1.0661067716535433
20
1.0082485039370079
11
1.066106968503937
21
1.0082484251968504
0
LINE
8
BLACK
6
CONTINUOUS
10
1.066106968503937
20
1.0082484251968504
11
1.0715005905511812
21
1.0062366535433072
0
LINE
8
BLACK
6
CONTINUOUS
10
1.0715005905511812
20
1.0062366535433072
11
1.071500905511811
21
1.0062365748031497
0
LINE
8
BLACK
6
CONTINUOUS
10
1.071500905511811
20
1.0062365748031497
11
1.0738846456692912
21
1.0059803149606299
0
LINE
8
BLACK
6
CONTINUOUS
10
1.0738846456692912
20
1.0059803149606299
11
1.0738851181102362
21
1.0059803149606299
0
LINE
8
BLACK
6
CONTINUOUS
10
1.0738851181102362
20
1.0059803149606299
11
1.1761153149606298
21
1.0059803149606299
0
LINE
8
BLACK
6
CONTINUOUS
10
1.1761153149606298
20
1.0059803149606299
11
1.1784990551181103
21
1.0062365748031497
0
LINE
8
BLACK
6
CONTINUOUS
10
1.1784990551181103
20
1.0062365748031497
11
1.1784993700787401
21
1.0062366535433072
0
LINE
8
BLACK
6
CONTINUOUS
10
1.1784993700787401
20
1.0062366535433072
11
1.1838929921259842
21
1.0082484251968504
0
LINE
8
BLACK
6
CONTINUOUS
10
1.1838929921259842
20
1.0082484251968504
11
1.183893188976378
21
1.0082485039370079
0
LINE
8
BLACK
6
CONTINUOUS
10
1.183893188976378
20
1.0082485039370079
11
1.1885016141732283
21
1.0116983464566929
0
LINE
8
BLACK
6
CONTINUOUS
10
1.1885016141732283
20
1.0116983464566929
11
1.1919514566929135
21
1.0163067716535432
0
LINE
8
BLACK
6
CONTINUOUS
10
1.1919514566929135
20
1.0163067716535432
11
1.1919515354330708
21
1.016306968503937
0
LINE
8
BLACK
6
CONTINUOUS
10
1.1919515354330708
20
1.016306968503937
11
1.1939633070866142
21
1.0217005905511811
0
LINE
8
BLACK
6
CONTINUOUS
10
1.1939633070866142
20
1.0217005905511811
11
1.1939633858267715
21
1.0217009055118109
0
LINE
8
BLACK
6
CONTINUOUS
10
1.1939633858267715
20
1.0217009055118109
11
1.1942196456692913
21
1.0240846456692914
0
LINE
8
BLACK
6
CONTINUOUS
10
1.1942196456692913
20
1.0240846456692914
11
1.19421968503937
21
1.0240853149606299
0
LINE
8
BLACK
6
CONTINUOUS
10
1.19421968503937
20
1.0240853149606299
11
1.19421968503937
21
1.0315346456692913
0
LINE
8
BLACK
6
CONTINUOUS
10
1.19421968503937
20
1.0315346456692913
11
1.1950071653543306
21
1.0342165748031495
0
LINE
8
BLACK
6
CONTINUOUS
10
1.1950071653543306
20
1.0342165748031495
11
1.1971196062992127
21
1.0360470078740158
0
LINE
8
BLACK
6
CONTINUOUS
10
1.1971196062992127
20
1.0360470078740158
11
1.1991803149606299
21
1.0364952755905512
0
LINE
8
BLACK
6
CONTINUOUS
10
1.1991803149606299
20
1.0364952755905512
11
1.4208560236220471
21
1.0364952755905512
0
LINE
8
BLACK
6
CONTINUOUS
10
1.4208560236220471
20
1.0364952755905512
11
1.4213422440944881
21
1.0364713779527559
0
LINE
8
BLACK
6
CONTINUOUS
10
1.4213422440944881
20
1.0364713779527559
11
1.4230502755905512
21
1.0363031496062991
0
LINE
8
BLACK
6
CONTINUOUS
10
1.4230502755905512
20
1.0363031496062991
11
1.4230503937007875
21
1.0363031496062991
0
LINE
8
BLACK
6
CONTINUOUS
10
1.4230503937007875
20
1.0363031496062991
11
1.4230505511811022
21
1.0363031496062991
0
LINE
8
BLACK
6
CONTINUOUS
10
1.4230505511811022
20
1.0363031496062991
11
1.4308335433070867
21
1.0370696456692914
0
LINE
8
BLACK
6
CONTINUOUS
10
1.4308335433070867
20
1.0370696456692914
11
1.4308340157480315
21
1.0370697244094489
0
LINE
8
BLACK
6
CONTINUOUS
10
1.4308340157480315
20
1.0370697244094489
11
1.4383182283464566
21
1.0393400787401574
0
LINE
8
BLACK
6
CONTINUOUS
10
1.4383182283464566
20
1.0393400787401574
11
1.4383183070866141
21
1.0393401181102362
0
LINE
8
BLACK
6
CONTINUOUS
10
1.4383183070866141
20
1.0393401181102362
11
1.4400539763779527
21
1.0402678740157481
0
LINE
8
BLACK
6
CONTINUOUS
10
1.4400539763779527
20
1.0402678740157481
11
1.4454308267716536
21
1.0431418503937007
0
LINE
8
BLACK
6
CONTINUOUS
10
1.4454308267716536
20
1.0431418503937007
11
1.4454828346456692
21
1.0430444881889764
0
LINE
8
BLACK
6
CONTINUOUS
10
1.4454828346456692
20
1.0430444881889764
11
1.4477014960629921
21
1.0437348031496063
0
LINE
8
BLACK
6
CONTINUOUS
10
1.4477014960629921
20
1.0437348031496063
11
1.4481701181102362
21
1.043720157480315
0
LINE
8
BLACK
6
CONTINUOUS
10
1.4481701181102362
20
1.043720157480315
11
1.4499998818897637
21
1.0435761811023623
0
LINE
8
BLACK
6
CONTINUOUS
10
1.4499998818897637
20
1.0435761811023623
11
1.4499999212598425
21
1.0435761811023623
0
LINE
8
BLACK
6
CONTINUOUS
10
1.4499999212598425
20
1.0435761811023623
11
1.45
21
1.0435761811023623
0
LINE
8
BLACK
6
CONTINUOUS
10
1.45
20
1.0435761811023623
11
1.4593193307086614
21
1.0443096456692913
0
LINE
8
BLACK
6
CONTINUOUS
10
1.4593193307086614
20
1.0443096456692913
11
1.4621909842519685
21
1.0449990551181103
0
LINE
8
BLACK
6
CONTINUOUS
10
1.4621909842519685
20
1.0449990551181103
11
1.4684091338582677
21
1.0464918897637796
0
LINE
8
BLACK
6
CONTINUOUS
10
1.4684091338582677
20
1.0464918897637796
11
1.4770457086614173
21
1.050069251968504
0
LINE
8
BLACK
6
CONTINUOUS
10
1.4770457086614173
20
1.050069251968504
11
1.4770457874015748
21
1.0500692913385827
0
LINE
8
BLACK
6
CONTINUOUS
10
1.4770457874015748
20
1.0500692913385827
11
1.4850163779527559
21
1.0549537007874015
0
LINE
8
BLACK
6
CONTINUOUS
10
1.4850163779527559
20
1.0549537007874015
11
1.4850164173228346
21
1.0549537401574802
0
LINE
8
BLACK
6
CONTINUOUS
10
1.4850164173228346
20
1.0549537401574802
11
1.4850164960629921
21
1.054953779527559
0
LINE
8
BLACK
6
CONTINUOUS
10
1.4850164960629921
20
1.054953779527559
11
1.4921246850393701
21
1.0610247244094488
0
LINE
8
BLACK
6
CONTINUOUS
10
1.4921246850393701
20
1.0610247244094488
11
1.4927065354330709
21
1.0617059842519685
0
LINE
8
BLACK
6
CONTINUOUS
10
1.4927065354330709
20
1.0617059842519685
11
1.4950471653543307
21
1.0632338582677165
0
LINE
8
BLACK
6
CONTINUOUS
10
1.4950471653543307
20
1.0632338582677165
11
1.4964785826771654
21
1.0634448818897637
0
LINE
8
BLACK
6
CONTINUOUS
10
1.4964785826771654
20
1.0634448818897637
11
1.5384552362204724
21
1.0634448818897637
0
LINE
8
BLACK
6
CONTINUOUS
10
1.5384552362204724
20
1.0634448818897637
11
1.5389414566929134
21
1.0634209842519684
0
LINE
8
BLACK
6
CONTINUOUS
10
1.5389414566929134
20
1.0634209842519684
11
1.5406494881889763
21
1.0632527559055118
0
LINE
8
BLACK
6
CONTINUOUS
10
1.5406494881889763
20
1.0632527559055118
11
1.5406496062992125
21
1.0632527559055118
0
LINE
8
BLACK
6
CONTINUOUS
10
1.5406496062992125
20
1.0632527559055118
11
1.5406497637795276
21
1.0632527559055118
0
LINE
8
BLACK
6
CONTINUOUS
10
1.5406497637795276
20
1.0632527559055118
11
1.5484327559055118
21
1.0640192519685039
0
LINE
8
BLACK
6
CONTINUOUS
10
1.5484327559055118
20
1.0640192519685039
11
1.5484332283464566
21
1.0640193307086614
0
LINE
8
BLACK
6
CONTINUOUS
10
1.5484332283464566
20
1.0640193307086614
11
1.5559174409448819
21
1.0662896850393702
0
LINE
8
BLACK
6
CONTINUOUS
10
1.5559174409448819
20
1.0662896850393702
11
1.5559175196850394
21
1.0662897244094487
0
LINE
8
BLACK
6
CONTINUOUS
10
1.5559175196850394
20
1.0662897244094487
11
1.5576513385826771
21
1.0672164960629922
0
LINE
8
BLACK
6
CONTINUOUS
10
1.5576513385826771
20
1.0672164960629922
11
1.5628151181102361
21
1.0699765748031496
0
LINE
8
BLACK
6
CONTINUOUS
10
1.5628151181102361
20
1.0699765748031496
11
1.5662639370078739
21
1.072806968503937
0
LINE
8
BLACK
6
CONTINUOUS
10
1.5662639370078739
20
1.072806968503937
11
1.5688609448818898
21
1.0749382677165353
0
LINE
8
BLACK
6
CONTINUOUS
10
1.5688609448818898
20
1.0749382677165353
11
1.5699503543307087
21
1.0762657086614174
0
LINE
8
BLACK
6
CONTINUOUS
10
1.5699503543307087
20
1.0762657086614174
11
1.5702768503937008
21
1.076625905511811
0
LINE
8
BLACK
6
CONTINUOUS
10
1.5702768503937008
20
1.076625905511811
11
1.6149932677165353
21
1.1213423228346457
0
LINE
8
BLACK
6
CONTINUOUS
10
1.6149932677165353
20
1.1213423228346457
11
1.6174464960629922
21
1.1226819291338583
0
LINE
8
BLACK
6
CONTINUOUS
10
1.6174464960629922
20
1.1226819291338583
11
1.6185009448818897
21
1.1227952755905513
0
LINE
8
BLACK
6
CONTINUOUS
10
1.6185009448818897
20
1.1227952755905513
11
1.6553346456692912
21
1.1227952755905513
0
LINE
8
BLACK
6
CONTINUOUS
10
1.6553346456692912
20
1.1227952755905513
11
1.6580165748031497
21
1.1220077952755905
0
LINE
8
BLACK
6
CONTINUOUS
10
1.6580165748031497
20
1.1220077952755905
11
1.6598470078740157
21
1.1198953543307086
0
LINE
8
BLACK
6
CONTINUOUS
10
1.6598470078740157
20
1.1198953543307086
11
1.6602952755905511
21
1.1178346456692914
0
LINE
8
BLACK
6
CONTINUOUS
10
1.6602952755905511
20
1.1178346456692914
11
1.6602952755905511
21
1.0730489763779527
0
LINE
8
BLACK
6
CONTINUOUS
10
1.6602952755905511
20
1.0730489763779527
11
1.6605806692913385
21
1.0701515354330708
0
LINE
8
BLACK
6
CONTINUOUS
10
1.6605806692913385
20
1.0701515354330708
11
1.6600598425196851
21
1.0674053543307087
0
LINE
8
BLACK
6
CONTINUOUS
10
1.6600598425196851
20
1.0674053543307087
11
1.6581370078740156
21
1.0653766929133859
0
LINE
8
BLACK
6
CONTINUOUS
10
1.6581370078740156
20
1.0653766929133859
11
1.6556439370078739
21
1.0647047244094487
0
LINE
8
BLACK
6
CONTINUOUS
10
1.6556439370078739
20
1.0647047244094487
11
1.653178622047244
21
1.0647047244094487
0
LINE
8
BLACK
6
CONTINUOUS
10
1.653178622047244
20
1.0647047244094487
11
1.652692401574803
21
1.0647286220472441
0
LINE
8
BLACK
6
CONTINUOUS
10
1.652692401574803
20
1.0647286220472441
11
1.6509843700787401
21
1.0648968503937009
0
LINE
8
BLACK
6
CONTINUOUS
10
1.6509843700787401
20
1.0648968503937009
11
1.6509840944881888
21
1.0648968503937009
0
LINE
8
BLACK
6
CONTINUOUS
10
1.6509840944881888
20
1.0648968503937009
11
1.6432011023622046
21
1.0641303149606298
0
LINE
8
BLACK
6
CONTINUOUS
10
1.6432011023622046
20
1.0641303149606298
11
1.6432010236220471
21
1.0641302755905511
0
LINE
8
BLACK
6
CONTINUOUS
10
1.6432010236220471
20
1.0641302755905511
11
1.6432007874015748
21
1.0641302755905511
0
LINE
8
BLACK
6
CONTINUOUS
10
1.6432007874015748
20
1.0641302755905511
11
1.6386066929133858
21
1.0627366535433072
0
LINE
8
BLACK
6
CONTINUOUS
10
1.6386066929133858
20
1.0627366535433072
11
1.6357163779527559
21
1.0618598818897638
0
LINE
8
BLACK
6
CONTINUOUS
10
1.6357163779527559
20
1.0618598818897638
11
1.6288187401574803
21
1.0581730314960629
0
LINE
8
BLACK
6
CONTINUOUS
10
1.6288187401574803
20
1.0581730314960629
11
1.6227729133858266
21
1.0532113385826771
0
LINE
8
BLACK
6
CONTINUOUS
10
1.6227729133858266
20
1.0532113385826771
11
1.6217258267716534
21
1.0519354724409449
0
LINE
8
BLACK
6
CONTINUOUS
10
1.6217258267716534
20
1.0519354724409449
11
1.6216837007874014
21
1.0518841338582676
0
LINE
8
BLACK
6
CONTINUOUS
10
1.6216837007874014
20
1.0518841338582676
11
1.6213567716535433
21
1.0515234645669291
0
LINE
8
BLACK
6
CONTINUOUS
10
1.6213567716535433
20
1.0515234645669291
11
1.4887711417322835
21
0.9189378346456692
0
LINE
8
BLACK
6
CONTINUOUS
10
1.4887711417322835
20
0.9189378346456692
11
1.4863179133858266
21
0.9175982283464567
0
LINE
8
BLACK
6
CONTINUOUS
10
1.4863179133858266
20
0.9175982283464567
11
1.4835299212598425
21
0.9177976377952756
0
LINE
8
BLACK
6
CONTINUOUS
10
1.4835299212598425
20
0.9177976377952756
11
1.481292283464567
21
0.9194727165354331
0
LINE
8
BLACK
6
CONTINUOUS
10
1.481292283464567
20
0.9194727165354331
11
1.4806157480314961
21
0.9207116141732283
0
LINE
8
BLACK
6
CONTINUOUS
10
1.4806157480314961
20
0.9207116141732283
11
1.4793657086614174
21
0.9240631496062992
0
LINE
8
BLACK
6
CONTINUOUS
10
1.4793657086614174
20
0.9240631496062992
11
1.4792066929133858
21
0.9242755511811024
0
LINE
8
BLACK
6
CONTINUOUS
10
1.4792066929133858
20
0.9242755511811024
11
1.4759157874015747
21
0.9286716929133858
0
LINE
8
BLACK
6
CONTINUOUS
10
1.4759157874015747
20
0.9286716929133858
11
1.4713073622047244
21
0.9321215354330709
0
LINE
8
BLACK
6
CONTINUOUS
10
1.4713073622047244
20
0.9321215354330709
11
1.4713073228346456
21
0.9321215354330709
0
LINE
8
BLACK
6
CONTINUOUS
10
1.4713073228346456
20
0.9321215354330709
11
1.4713072440944881
21
0.9321216141732284
0
LINE
8
BLACK
6
CONTINUOUS
10
1.4713072440944881
20
0.9321216141732284
11
1.4659134251968504
21
0.9341334251968504
0
LINE
8
BLACK
6
CONTINUOUS
10
1.4659134251968504
20
0.9341334251968504
11
1.4659133464566929
21
0.9341334251968504
0
LINE
8
BLACK
6
CONTINUOUS
10
1.4659133464566929
20
0.9341334251968504
11
1.4659132283464567
21
0.9341334645669291
0
LINE
8
BLACK
6
CONTINUOUS
10
1.4659132283464567
20
0.9341334645669291
11
1.4635294881889764
21
0.9343897244094488
0
LINE
8
BLACK
6
CONTINUOUS
10
1.4635294881889764
20
0.9343897244094488
11
1.4635293307086614
21
0.9343897244094488
0
LINE
8
BLACK
6
CONTINUOUS
10
1.4635293307086614
20
0.9343897244094488
11
1.4635290551181102
21
0.9343897637795275
0
LINE
8
BLACK
6
CONTINUOUS
10
1.4635290551181102
20
0.9343897637795275
11
1.4124551968503938
21
0.9343897637795275
0
LINE
8
BLACK
6
CONTINUOUS
10
1.4124551968503938
20
0.9343897637795275
11
1.4124549212598425
21
0.9343897244094488
0
LINE
8
BLACK
6
CONTINUOUS
10
1.4124549212598425
20
0.9343897244094488
11
1.4124547244094487
21
0.9343897244094488
0
LINE
8
BLACK
6
CONTINUOUS
10
1.4124547244094487
20
0.9343897244094488
11
1.4100709842519685
21
0.9341334645669291
0
LINE
8
BLACK
6
CONTINUOUS
10
1.4100709842519685
20
0.9341334645669291
11
1.4100707874015748
21
0.9341334251968504
0
LINE
8
BLACK
6
CONTINUOUS
10
1.4100707874015748
20
0.9341334251968504
11
1.4082296850393701
21
0.9334466929133858
0
LINE
8
BLACK
6
CONTINUOUS
10
1.4082296850393701
20
0.9334466929133858
11
1.405441653543307
21
0.9332472440944881
0
LINE
8
BLACK
6
CONTINUOUS
10
1.405441653543307
20
0.9332472440944881
11
1.4047624409448818
21
0.9334466929133858
0
LINE
8
BLACK
6
CONTINUOUS
10
1.4047624409448818
20
0.9334466929133858
11
1.4029212992125983
21
0.9341334251968504
0
LINE
8
BLACK
6
CONTINUOUS
10
1.4029212992125983
20
0.9341334251968504
11
1.4029211023622048
21
0.9341334645669291
0
LINE
8
BLACK
6
CONTINUOUS
10
1.4029211023622048
20
0.9341334645669291
11
1.4005373622047244
21
0.9343897244094488
0
LINE
8
BLACK
6
CONTINUOUS
10
1.4005373622047244
20
0.9343897244094488
11
1.4005372047244093
21
0.9343897244094488
0
LINE
8
BLACK
6
CONTINUOUS
10
1.4005372047244093
20
0.9343897244094488
11
1.4005369291338583
21
0.9343897637795275
0
LINE
8
BLACK
6
CONTINUOUS
10
1.4005369291338583
20
0.9343897637795275
11
1.3494630708661417
21
0.9343897637795275
0
LINE
8
BLACK
6
CONTINUOUS
10
1.3494630708661417
20
0.9343897637795275
11
1.3494627952755904
21
0.9343897244094488
0
LINE
8
BLACK
6
CONTINUOUS
10
1.3494627952755904
20
0.9343897244094488
11
1.3494625984251969
21
0.9343897244094488
0
LINE
8
BLACK
6
CONTINUOUS
10
1.3494625984251969
20
0.9343897244094488
11
1.3470788582677165
21
0.9341334645669291
0
LINE
8
BLACK
6
CONTINUOUS
10
1.3470788582677165
20
0.9341334645669291
11
1.3470785433070867
21
0.9341333858267716
0
LINE
8
BLACK
6
CONTINUOUS
10
1.3470785433070867
20
0.9341333858267716
11
1.3440108267716535
21
0.9329891338582676
0
LINE
8
BLACK
6
CONTINUOUS
10
1.3440108267716535
20
0.9329891338582676
11
1.3416848818897638
21
0.9321216141732284
0
LINE
8
BLACK
6
CONTINUOUS
10
1.3416848818897638
20
0.9321216141732284
11
1.3416848031496063
21
0.9321215748031496
0
LINE
8
BLACK
6
CONTINUOUS
10
1.3416848031496063
20
0.9321215748031496
11
1.3416847244094487
21
0.9321215354330709
0
LINE
8
BLACK
6
CONTINUOUS
10
1.3416847244094487
20
0.9321215354330709
11
1.3370762992125984
21
0.9286716929133858
0
LINE
8
BLACK
6
CONTINUOUS
10
1.3370762992125984
20
0.9286716929133858
11
1.3336264566929135
21
0.9240632677165355
0
LINE
8
BLACK
6
CONTINUOUS
10
1.3336264566929135
20
0.9240632677165355
11
1.333626377952756
21
0.9240630708661417
0
LINE
8
BLACK
6
CONTINUOUS
10
1.333626377952756
20
0.9240630708661417
11
1.3316145669291339
21
0.9186692913385827
0
LINE
8
BLACK
6
CONTINUOUS
10
1.3316145669291339
20
0.9186692913385827
11
1.3315803543307085
21
0.9185244881889764
0
LINE
8
BLACK
6
CONTINUOUS
10
1.3315803543307085
20
0.9185244881889764
11
1.3315229527559054
21
0.9184237401574803
0
LINE
8
BLACK
6
CONTINUOUS
10
1.3315229527559054
20
0.9184237401574803
11
1.3315061417322835
21
0.9183785826771653
0
LINE
8
BLACK
6
CONTINUOUS
10
1.3315061417322835
20
0.9183785826771653
11
1.3314988188976378
21
0.9183812992125984
0
LINE
8
BLACK
6
CONTINUOUS
10
1.3314988188976378
20
0.9183812992125984
11
1.3301972047244095
21
0.9160955511811023
0
LINE
8
BLACK
6
CONTINUOUS
10
1.3301972047244095
20
0.9160955511811023
11
1.3277204330708661
21
0.9148000393700787
0
LINE
8
BLACK
6
CONTINUOUS
10
1.3277204330708661
20
0.9148000393700787
11
1.3267527165354331
21
0.9147047244094488
0
LINE
8
BLACK
6
CONTINUOUS
10
1.3267527165354331
20
0.9147047244094488
11
1.3139585433070866
21
0.9147047244094488
0
LINE
8
BLACK
6
CONTINUOUS
10
1.3139585433070866
20
0.9147047244094488
11
1.0980493307086614
21
0.9147047244094488
0
LINE
8
BLACK
6
CONTINUOUS
10
1.0980493307086614
20
0.9147047244094488
11
1.0955320078740158
21
0.9144567716535433
0
LINE
8
BLACK
6
CONTINUOUS
10
1.0955320078740158
20
0.9144567716535433
11
1.0922167322834646
21
0.9141302755905512
0
LINE
8
BLACK
6
CONTINUOUS
10
1.0922167322834646
20
0.9141302755905512
11
1.0922166535433071
21
0.9141302362204724
0
LINE
8
BLACK
6
CONTINUOUS
10
1.0922166535433071
20
0.9141302362204724
11
1.0922164960629921
21
0.9141302362204724
0
LINE
8
BLACK
6
CONTINUOUS
10
1.0922164960629921
20
0.9141302362204724
11
1.0847321259842519
21
0.9118598818897637
0
LINE
8
BLACK
6
CONTINUOUS
10
1.0847321259842519
20
0.9118598818897637
11
1.0778344881889763
21
0.908173031496063
0
LINE
8
BLACK
6
CONTINUOUS
10
1.0778344881889763
20
0.908173031496063
11
1.0778344488188976
21
0.9081729921259842
0
LINE
8
BLACK
6
CONTINUOUS
10
1.0778344488188976
20
0.9081729921259842
11
1.0717885826771654
21
0.9032112598425197
0
LINE
8
BLACK
6
CONTINUOUS
10
1.0717885826771654
20
0.9032112598425197
11
1.0712393700787401
21
0.9025420078740157
0
LINE
8
BLACK
6
CONTINUOUS
10
1.0712393700787401
20
0.9025420078740157
11
1.0689292519685039
21
0.9009684251968504
0
LINE
8
BLACK
6
CONTINUOUS
10
1.0689292519685039
20
0.9009684251968504
11
1.0674047244094489
21
0.9007283464566929
0
LINE
8
BLACK
6
CONTINUOUS
10
1.0674047244094489
20
0.9007283464566929
11
1.0242182677165355
21
0.9007283464566929
0
LINE
8
BLACK
6
CONTINUOUS
10
1.0242182677165355
20
0.9007283464566929
11
1.0233976771653543
21
0.9006246456692913
0
LINE
8
BLACK
6
CONTINUOUS
10
1.0233976771653543
20
0.9006246456692913
11
1.0195357086614174
21
0.900136811023622
0
LINE
8
BLACK
6
CONTINUOUS
10
1.0195357086614174
20
0.900136811023622
11
1.0195356299212599
21
0.9001367716535433
0
LINE
8
BLACK
6
CONTINUOUS
10
1.0195356299212599
20
0.9001367716535433
11
1.0195355511811024
21
0.9001367716535433
0
LINE
8
BLACK
6
CONTINUOUS
10
1.0195355511811024
20
0.9001367716535433
11
1.0166060236220473
21
0.8989768897637795
0
LINE
8
BLACK
6
CONTINUOUS
10
1.0166060236220473
20
0.8989768897637795
11
1.0136765354330708
21
0.8978170472440945
0
LINE
8
BLACK
6
CONTINUOUS
10
1.0136765354330708
20
0.8978170472440945
11
1.0136763385826772
21
0.8978169291338582
0
LINE
8
BLACK
6
CONTINUOUS
10
1.0136763385826772
20
0.8978169291338582
11
1.0085784645669291
21
0.8941130708661417
0
LINE
8
BLACK
6
CONTINUOUS
10
1.0085784645669291
20
0.8941130708661417
11
1.0085783464566929
21
0.8941129921259843
0
LINE
8
BLACK
6
CONTINUOUS
10
1.0085783464566929
20
0.8941129921259843
11
1.0045616535433071
21
0.8892575984251968
0
LINE
8
BLACK
6
CONTINUOUS
10
1.0045616535433071
20
0.8892575984251968
11
1.0039220866141731
21
0.8878984251968504
0
LINE
8
BLACK
6
CONTINUOUS
10
1.0039220866141731
20
0.8878984251968504
11
1.001878622047244
21
0.8835558267716536
0
LINE
8
BLACK
6
CONTINUOUS
10
1.001878622047244
20
0.8835558267716536
11
1.0018785826771652
21
0.8835557086614173
0
LINE
8
BLACK
6
CONTINUOUS
10
1.0018785826771652
20
0.8835557086614173
11
1.0018785433070867
21
0.8835557086614173
0
LINE
8
BLACK
6
CONTINUOUS
10
1.0018785433070867
20
0.8835557086614173
11
1.0006978346456692
21
0.8773661417322834
0
LINE
8
BLACK
6
CONTINUOUS
10
1.0006978346456692
20
0.8773661417322834
11
1.0006978346456692
21
0.877365905511811
0
LINE
8
BLACK
6
CONTINUOUS
10
1.0006978346456692
20
0.877365905511811
11
1.0010934645669292
21
0.8710768897637795
0
LINE
8
BLACK
6
CONTINUOUS
10
1.0010934645669292
20
0.8710768897637795
11
1.0010934645669292
21
0.871076811023622
0
LINE
8
BLACK
6
CONTINUOUS
10
1.0010934645669292
20
0.871076811023622
11
1.0030408267716535
21
0.8650835039370078
0
LINE
8
BLACK
6
CONTINUOUS
10
1.0030408267716535
20
0.8650835039370078
11
1.0064172440944881
21
0.8597631496062992
0
LINE
8
BLACK
6
CONTINUOUS
10
1.0064172440944881
20
0.8597631496062992
11
1.0064172834645668
21
0.8597630708661417
0
LINE
8
BLACK
6
CONTINUOUS
10
1.0064172834645668
20
0.8597630708661417
11
1.0110108661417323
21
0.8554494488188976
0
LINE
8
BLACK
6
CONTINUOUS
10
1.0110108661417323
20
0.8554494488188976
11
1.0110109842519686
21
0.8554493700787401
0
LINE
8
BLACK
6
CONTINUOUS
10
1.0110109842519686
20
0.8554493700787401
11
1.0165330708661418
21
0.8524135433070866
0
LINE
8
BLACK
6
CONTINUOUS
10
1.0165330708661418
20
0.8524135433070866
11
1.0165331496062993
21
0.8524135039370079
0
LINE
8
BLACK
6
CONTINUOUS
10
1.0165331496062993
20
0.8524135039370079
11
1.0226362992125984
21
0.8508464960629921
0
LINE
8
BLACK
6
CONTINUOUS
10
1.0226362992125984
20
0.8508464960629921
11
1.0226365354330709
21
0.8508464566929134
0
LINE
8
BLACK
6
CONTINUOUS
10
1.0226365354330709
20
0.8508464566929134
11
1.0226366141732284
21
0.8508464566929134
0
LINE
8
BLACK
6
CONTINUOUS
10
1.0226366141732284
20
0.8508464566929134
11
1.0661123228346456
21
0.8508464566929134
0
LINE
8
BLACK
6
CONTINUOUS
10
1.0661123228346456
20
0.8508464566929134
11
1.0687942519685039
21
0.8500589763779527
0
LINE
8
BLACK
6
CONTINUOUS
10
1.0687942519685039
20
0.8500589763779527
11
1.0699468503937009
21
0.849032874015748
0
LINE
8
BLACK
6
CONTINUOUS
10
1.0699468503937009
20
0.849032874015748
11
1.0705450787401574
21
0.8483039763779527
0
LINE
8
BLACK
6
CONTINUOUS
10
1.0705450787401574
20
0.8483039763779527
11
1.0717886614173229
21
0.846788622047244
0
LINE
8
BLACK
6
CONTINUOUS
10
1.0717886614173229
20
0.846788622047244
11
1.0778344488188976
21
0.841826968503937
0
LINE
8
BLACK
6
CONTINUOUS
10
1.0778344488188976
20
0.841826968503937
11
1.0847320866141732
21
0.8381401181102363
0
LINE
8
BLACK
6
CONTINUOUS
10
1.0847320866141732
20
0.8381401181102363
11
1.0922167322834646
21
0.8358696850393701
0
LINE
8
BLACK
6
CONTINUOUS
10
1.0922167322834646
20
0.8358696850393701
11
1.0980490551181101
21
0.8352952755905512
0
LINE
8
BLACK
6
CONTINUOUS
10
1.0980490551181101
20
0.8352952755905512
11
1.0980493307086614
21
0.8352952755905512
0
LINE
8
BLACK
6
CONTINUOUS
10
1.0980493307086614
20
0.8352952755905512
11
1.3100572047244095
21
0.8352952755905512
0
LINE
8
BLACK
6
CONTINUOUS
10
1.3100572047244095
20
0.8352952755905512
11
1.3267527165354331
21
0.8352952755905512
0
LINE
8
BLACK
6
CONTINUOUS
10
1.3267527165354331
20
0.8352952755905512
11
1.3294346456692914
21
0.8345077952755905
0
LINE
8
BLACK
6
CONTINUOUS
10
1.3294346456692914
20
0.8345077952755905
11
1.3312650787401574
21
0.8323953543307087
0
LINE
8
BLACK
6
CONTINUOUS
10
1.3312650787401574
20
0.8323953543307087
11
1.3315803543307085
21
0.8314755118110236
0
LINE
8
BLACK
6
CONTINUOUS
10
1.3315803543307085
20
0.8314755118110236
11
1.3316144881889764
21
0.8313309448818897
0
LINE
8
BLACK
6
CONTINUOUS
10
1.3316144881889764
20
0.8313309448818897
11
1.3333292519685038
21
0.8267335826771653
0
LINE
8
BLACK
6
CONTINUOUS
10
1.3333292519685038
20
0.8267335826771653
11
1.3335286614173227
21
0.8239455511811024
0
LINE
8
BLACK
6
CONTINUOUS
10
1.3335286614173227
20
0.8239455511811024
11
1.3333292519685038
21
0.8232664173228347
0
LINE
8
BLACK
6
CONTINUOUS
10
1.3333292519685038
20
0.8232664173228347
11
1.3316144881889764
21
0.8186690157480315
0
LINE
8
BLACK
6
CONTINUOUS
10
1.3316144881889764
20
0.8186690157480315
11
1.3315803543307085
21
0.8185244881889764
0
LINE
8
BLACK
6
CONTINUOUS
10
1.3315803543307085
20
0.8185244881889764
11
1.3315230708661416
21
0.818423937007874
0
LINE
8
BLACK
6
CONTINUOUS
10
1.3315230708661416
20
0.818423937007874
11
1.3315061811023621
21
0.8183785826771653
0
LINE
8
BLACK
6
CONTINUOUS
10
1.3315061811023621
20
0.8183785826771653
11
1.3314988188976378
21
0.8183812992125984
0
LINE
8
BLACK
6
CONTINUOUS
10
1.3314988188976378
20
0.8183812992125984
11
1.3301972047244095
21
0.8160955511811023
0
LINE
8
BLACK
6
CONTINUOUS
10
1.3301972047244095
20
0.8160955511811023
11
1.3277204330708661
21
0.8148000393700787
0
LINE
8
BLACK
6
CONTINUOUS
10
1.3277204330708661
20
0.8148000393700787
11
1.3267527165354331
21
0.8147047244094489
0
LINE
8
BLACK
6
CONTINUOUS
10
1.3267527165354331
20
0.8147047244094489
11
1.1021943700787402
21
0.8147047244094489
0
LINE
8
BLACK
6
CONTINUOUS
10
1.1021943700787402
20
0.8147047244094489
11
1.1017081496062993
21
0.8147286220472441
0
LINE
8
BLACK
6
CONTINUOUS
10
1.1017081496062993
20
0.8147286220472441
11
1.1000001181102361
21
0.8148968503937007
0
LINE
8
BLACK
6
CONTINUOUS
10
1.1000001181102361
20
0.8148968503937007
11
1.0999998425196851
21
0.8148968503937007
0
LINE
8
BLACK
6
CONTINUOUS
10
1.0999998425196851
20
0.8148968503937007
11
1.0922168503937009
21
0.8141303149606299
0
LINE
8
BLACK
6
CONTINUOUS
10
1.0922168503937009
20
0.8141303149606299
11
1.0922167716535434
21
0.8141302755905512
0
LINE
8
BLACK
6
CONTINUOUS
10
1.0922167716535434
20
0.8141302755905512
11
1.0922165354330708
21
0.8141302755905512
0
LINE
8
BLACK
6
CONTINUOUS
10
1.0922165354330708
20
0.8141302755905512
11
1.0870025196850392
21
0.8125485826771653
0
LINE
8
BLACK
6
CONTINUOUS
10
1.0870025196850392
20
0.8125485826771653
11
1.0847321259842519
21
0.8118598818897638
0
LINE
8
BLACK
6
CONTINUOUS
10
1.0847321259842519
20
0.8118598818897638
11
1.0778344881889763
21
0.808173031496063
0
LINE
8
BLACK
6
CONTINUOUS
10
1.0778344881889763
20
0.808173031496063
11
1.0717886614173229
21
0.8032113385826771
0
LINE
8
BLACK
6
CONTINUOUS
10
1.0717886614173229
20
0.8032113385826771
11
1.0714793700787402
21
0.8028344488188977
0
LINE
8
BLACK
6
CONTINUOUS
10
1.0714793700787402
20
0.8028344488188977
11
1.0706994488188977
21
0.8018841338582677
0
LINE
8
BLACK
6
CONTINUOUS
10
1.0706994488188977
20
0.8018841338582677
11
1.0703728740157481
21
0.8015238188976378
0
LINE
8
BLACK
6
CONTINUOUS
10
1.0703728740157481
20
0.8015238188976378
11
1.0541560236220473
21
0.785306968503937
0
LINE
8
BLACK
6
CONTINUOUS
10
1.0541560236220473
20
0.785306968503937
11
1.0455452755905512
21
0.7766962204724409
0
LINE
8
BLACK
6
CONTINUOUS
10
1.0455452755905512
20
0.7766962204724409
11
1.0455449606299212
21
0.776695905511811
0
LINE
8
BLACK
6
CONTINUOUS
10
1.0455449606299212
20
0.776695905511811
11
1.041826968503937
21
0.7721654724409449
0
LINE
8
BLACK
6
CONTINUOUS
10
1.041826968503937
20
0.7721654724409449
11
1.0381401181102361
21
0.7652679133858268
0
LINE
8
BLACK
6
CONTINUOUS
10
1.0381401181102361
20
0.7652679133858268
11
1.0381400787401573
21
0.7652678346456693
0
LINE
8
BLACK
6
CONTINUOUS
10
1.0381400787401573
20
0.7652678346456693
11
1.0358697244094488
21
0.757783622047244
0
LINE
8
BLACK
6
CONTINUOUS
10
1.0358697244094488
20
0.757783622047244
11
1.0358696456692913
21
0.7577831496062992
0
LINE
8
BLACK
6
CONTINUOUS
10
1.0358696456692913
20
0.7577831496062992
11
1.0351031496062992
21
0.7500001574803149
0
LINE
8
BLACK
6
CONTINUOUS
10
1.0351031496062992
20
0.7500001574803149
11
1.0351031496062992
21
0.749999842519685
0
LINE
8
BLACK
6
CONTINUOUS
10
1.0351031496062992
20
0.749999842519685
11
1.0352878346456693
21
0.7481244881889764
0
LINE
8
BLACK
6
CONTINUOUS
10
1.0352878346456693
20
0.7481244881889764
11
1.0347670078740157
21
0.7453783070866141
0
LINE
8
BLACK
6
CONTINUOUS
10
1.0347670078740157
20
0.7453783070866141
11
1.0338587795275591
21
0.7441305905511811
0
LINE
8
BLACK
6
CONTINUOUS
10
1.0338587795275591
20
0.7441305905511811
11
1.0104856692913387
21
0.7207575196850393
0
LINE
8
BLACK
6
CONTINUOUS
10
1.0104856692913387
20
0.7207575196850393
11
1.0099961023622046
21
0.7203653149606299
0
LINE
8
BLACK
6
CONTINUOUS
10
1.0099961023622046
20
0.7203653149606299
11
1.0100035433070866
21
0.7203563779527559
0
LINE
8
BLACK
6
CONTINUOUS
10
1.0100035433070866
20
0.7203563779527559
11
1.0097631496062991
21
0.7201575196850394
0
LINE
8
BLACK
6
CONTINUOUS
10
1.0097631496062991
20
0.7201575196850394
11
1.0097630708661418
21
0.7201574803149606
0
LINE
8
BLACK
6
CONTINUOUS
10
1.0097630708661418
20
0.7201574803149606
11
1.0097629527559056
21
0.7201573622047244
0
LINE
8
BLACK
6
CONTINUOUS
10
1.0097629527559056
20
0.7201573622047244
11
1.0079274015748032
21
0.7182026771653544
0
LINE
8
BLACK
6
CONTINUOUS
10
1.0079274015748032
20
0.7182026771653544
11
1.0078188582677166
21
0.7180907086614173
0
LINE
8
BLACK
6
CONTINUOUS
10
1.0078188582677166
20
0.7180907086614173
11
1.0070421653543307
21
0.7173140551181102
0
LINE
8
BLACK
6
CONTINUOUS
10
1.0070421653543307
20
0.7173140551181102
11
1.0070419685039369
21
0.7173138188976378
0
LINE
8
BLACK
6
CONTINUOUS
10
1.0070419685039369
20
0.7173138188976378
11
1.0069440944881889
21
0.7171876771653544
0
LINE
8
BLACK
6
CONTINUOUS
10
1.0069440944881889
20
0.7171876771653544
11
1.0066410629921259
21
0.7168329133858268
0
LINE
8
BLACK
6
CONTINUOUS
10
1.0066410629921259
20
0.7168329133858268
11
1.0054494881889764
21
0.7155639763779528
0
LINE
8
BLACK
6
CONTINUOUS
10
1.0054494881889764
20
0.7155639763779528
11
1.0054493307086614
21
0.7155637401574803
0
LINE
8
BLACK
6
CONTINUOUS
10
1.0054493307086614
20
0.7155637401574803
11
1.0050649999999999
21
0.7148646850393701
0
LINE
8
BLACK
6
CONTINUOUS
10
1.0050649999999999
20
0.7148646850393701
11
1.004637874015748
21
0.7142144488188976
0
LINE
8
BLACK
6
CONTINUOUS
10
1.004637874015748
20
0.7142144488188976
11
1.0041490551181103
21
0.7135842913385827
0
LINE
8
BLACK
6
CONTINUOUS
10
1.0041490551181103
20
0.7135842913385827
11
1.0041490551181103
21
0.7135842519685039
0
LINE
8
BLACK
6
CONTINUOUS
10
1.0041490551181103
20
0.7135842519685039
11
1.0034577559055118
21
0.7119867716535433
0
LINE
8
BLACK
6
CONTINUOUS
10
1.0034577559055118
20
0.7119867716535433
11
1.0032521653543307
21
0.7115672047244095
0
LINE
8
BLACK
6
CONTINUOUS
10
1.0032521653543307
20
0.7115672047244095
11
1.0024136220472442
21
0.7100418503937008
0
LINE
8
BLACK
6
CONTINUOUS
10
1.0024136220472442
20
0.7100418503937008
11
1.0024135826771654
21
0.7100417322834646
0
LINE
8
BLACK
6
CONTINUOUS
10
1.0024135826771654
20
0.7100417322834646
11
1.0022151968503936
21
0.7092691338582677
0
LINE
8
BLACK
6
CONTINUOUS
10
1.0022151968503936
20
0.7092691338582677
11
1.0019631496062993
21
0.7085329133858268
0
LINE
8
BLACK
6
CONTINUOUS
10
1.0019631496062993
20
0.7085329133858268
11
1.0018074409448818
21
0.7081730314960629
0
LINE
8
BLACK
6
CONTINUOUS
10
1.0018074409448818
20
0.7081730314960629
11
1.0016464173228345
21
0.7078009448818897
0
LINE
8
BLACK
6
CONTINUOUS
10
1.0016464173228345
20
0.7078009448818897
11
1.0016463779527558
21
0.7078008267716536
0
LINE
8
BLACK
6
CONTINUOUS
10
1.0016463779527558
20
0.7078008267716536
11
1.0013740551181103
21
0.7060816535433071
0
LINE
8
BLACK
6
CONTINUOUS
10
1.0013740551181103
20
0.7060816535433071
11
1.0012793307086614
21
0.7056242125984252
0
LINE
8
BLACK
6
CONTINUOUS
10
1.0012793307086614
20
0.7056242125984252
11
1.0008464566929134
21
0.7039381496062992
0
LINE
8
BLACK
6
CONTINUOUS
10
1.0008464566929134
20
0.7039381496062992
11
1.0008464566929134
21
0.7031407480314961
0
LINE
8
BLACK
6
CONTINUOUS
10
1.0008464566929134
20
0.7031407480314961
11
1.0007853937007873
21
0.7023648031496063
0
LINE
8
BLACK
6
CONTINUOUS
10
1.0007853937007873
20
0.7023648031496063
11
1.0006606299212599
21
0.7015770472440944
0
LINE
8
BLACK
6
CONTINUOUS
10
1.0006606299212599
20
0.7015770472440944
11
1.0006606299212599
21
0.7015770078740158
0
LINE
8
BLACK
6
CONTINUOUS
10
1.0006606299212599
20
0.7015770078740158
11
1.0008244488188975
21
0.699843937007874
0
LINE
8
BLACK
6
CONTINUOUS
10
1.0008244488188975
20
0.699843937007874
11
1.0008464566929134
21
0.6993771259842519
0
LINE
8
BLACK
6
CONTINUOUS
10
1.0008464566929134
20
0.6993771259842519
11
1.0008464566929134
21
0.6734309448818897
0
LINE
8
BLACK
6
CONTINUOUS
10
1.0008464566929134
20
0.6734309448818897
11
1.0008464960629921
21
0.6734302362204724
0
LINE
8
BLACK
6
CONTINUOUS
10
1.0008464960629921
20
0.6734302362204724
11
1.0012435826771653
21
0.6702870866141732
0
LINE
8
BLACK
6
CONTINUOUS
10
1.0012435826771653
20
0.6702870866141732
11
1.000798464566929
21
0.6675276377952756
0
LINE
8
BLACK
6
CONTINUOUS
10
1.000798464566929
20
0.6675276377952756
11
0.998932125984252
21
0.6654468503937008
0
LINE
8
BLACK
6
CONTINUOUS
10
0.998932125984252
20
0.6654468503937008
11
0.9963220866141732
21
0.6647047244094488
0
LINE
8
BLACK
6
CONTINUOUS
10
0.9963220866141732
20
0.6647047244094488
11
0.9685009448818898
21
0.6647047244094488
0
LINE
8
BLACK
6
CONTINUOUS
10
0.9685009448818898
20
0.6647047244094488
11
0.9658190157480315
21
0.6654922047244094
0
LINE
8
BLACK
6
CONTINUOUS
10
0.9658190157480315
20
0.6654922047244094
11
0.9649932677165354
21
0.6661576771653543
0
LINE
8
BLACK
6
CONTINUOUS
10
0.9649932677165354
20
0.6661576771653543
11
0.8661576771653543
21
0.7649932677165354
0
LINE
8
BLACK
6
CONTINUOUS
10
0.8661576771653543
20
0.7649932677165354
11
0.8648180708661417
21
0.7674464960629921
0
LINE
8
BLACK
6
CONTINUOUS
10
0.8648180708661417
20
0.7674464960629921
11
0.8647047244094488
21
0.7685009448818897
0
LINE
8
BLACK
6
CONTINUOUS
10
0.8647047244094488
20
0.7685009448818897
11
0.8647047244094488
21
0.8019502755905512
0
LINE
8
BLACK
6
CONTINUOUS
10
0.8647047244094488
20
0.8019502755905512
11
0.8647047244094488
21
0.8019506692913385
0
LINE
8
BLACK
6
CONTINUOUS
10
0.8647047244094488
20
0.8019506692913385
11
0.8641302362204725
21
0.8077835039370078
0
LINE
8
BLACK
6
CONTINUOUS
10
0.8641302362204725
20
0.8077835039370078
11
0.8618598818897638
21
0.815267874015748
0
LINE
8
BLACK
6
CONTINUOUS
10
0.8618598818897638
20
0.815267874015748
11
0.8581730314960629
21
0.8221655118110236
0
LINE
8
BLACK
6
CONTINUOUS
10
0.8581730314960629
20
0.8221655118110236
11
0.8532113385826772
21
0.8282113385826771
0
LINE
8
BLACK
6
CONTINUOUS
10
0.8532113385826772
20
0.8282113385826771
11
0.8517546062992126
21
0.829406811023622
0
LINE
8
BLACK
6
CONTINUOUS
10
0.8517546062992126
20
0.829406811023622
11
0.8501810236220472
21
0.8317168897637796
0
LINE
8
BLACK
6
CONTINUOUS
10
0.8501810236220472
20
0.8317168897637796
11
0.8499409448818898
21
0.8332414566929134
0
LINE
8
BLACK
6
CONTINUOUS
10
0.8499409448818898
20
0.8332414566929134
11
0.8499409448818898
21
0.8773564173228346
0
LINE
8
BLACK
6
CONTINUOUS
10
0.8499409448818898
20
0.8773564173228346
11
0.8499408661417323
21
0.8773570866141732
0
LINE
8
BLACK
6
CONTINUOUS
10
0.8499408661417323
20
0.8773570866141732
11
0.8493494094488189
21
0.8820390551181102
0
LINE
8
BLACK
6
CONTINUOUS
10
0.8493494094488189
20
0.8820390551181102
11
0.8493493700787401
21
0.882039094488189
0
LINE
8
BLACK
6
CONTINUOUS
10
0.8493493700787401
20
0.882039094488189
11
0.8493493700787401
21
0.882039251968504
0
LINE
8
BLACK
6
CONTINUOUS
10
0.8493493700787401
20
0.882039251968504
11
0.8470296062992125
21
0.8878983070866141
0
LINE
8
BLACK
6
CONTINUOUS
10
0.8470296062992125
20
0.8878983070866141
11
0.8433256692913386
21
0.8929963385826771
0
LINE
8
BLACK
6
CONTINUOUS
10
0.8433256692913386
20
0.8929963385826771
11
0.8432183464566929
21
0.8930851181102362
0
LINE
8
BLACK
6
CONTINUOUS
10
0.8432183464566929
20
0.8930851181102362
11
0.8407133070866142
21
0.8951574803149606
0
LINE
8
BLACK
6
CONTINUOUS
10
0.8407133070866142
20
0.8951574803149606
11
0.8384702362204725
21
0.8970131102362204
0
LINE
8
BLACK
6
CONTINUOUS
10
0.8384702362204725
20
0.8970131102362204
11
0.8327684251968503
21
0.8996961811023622
0
LINE
8
BLACK
6
CONTINUOUS
10
0.8327684251968503
20
0.8996961811023622
11
0.8327683070866142
21
0.8996961811023622
0
LINE
8
BLACK
6
CONTINUOUS
10
0.8327683070866142
20
0.8996961811023622
11
0.8327683070866142
21
0.8996962204724409
0
LINE
8
BLACK
6
CONTINUOUS
10
0.8327683070866142
20
0.8996962204724409
11
0.8265787401574803
21
0.9008769291338582
0
LINE
8
BLACK
6
CONTINUOUS
10
0.8265787401574803
20
0.9008769291338582
11
0.8265786614173228
21
0.9008769291338582
0
LINE
8
BLACK
6
CONTINUOUS
10
0.8265786614173228
20
0.9008769291338582
11
0.8265785039370078
21
0.9008769685039369
0
LINE
8
BLACK
6
CONTINUOUS
10
0.8265785039370078
20
0.9008769685039369
11
0.8265783858267717
21
0.9008769291338582
0
LINE
8
BLACK
6
CONTINUOUS
10
0.8265783858267717
20
0.9008769291338582
11
0.8265783070866142
21
0.9008769685039369
0
LINE
8
BLACK
6
CONTINUOUS
10
0.8265783070866142
20
0.9008769685039369
11
0.8226477952755905
21
0.9006296456692913
0
LINE
8
BLACK
6
CONTINUOUS
10
0.8226477952755905
20
0.9006296456692913
11
0.8202893700787401
21
0.9004812992125985
0
LINE
8
BLACK
6
CONTINUOUS
10
0.8202893700787401
20
0.9004812992125985
11
0.8142962598425196
21
0.8985340157480315
0
LINE
8
BLACK
6
CONTINUOUS
10
0.8142962598425196
20
0.8985340157480315
11
0.8142961417322835
21
0.898533937007874
0
LINE
8
BLACK
6
CONTINUOUS
10
0.8142961417322835
20
0.898533937007874
11
0.8142961023622047
21
0.898533937007874
0
LINE
8
BLACK
6
CONTINUOUS
10
0.8142961023622047
20
0.898533937007874
11
0.8115459448818897
21
0.8967886220472441
0
LINE
8
BLACK
6
CONTINUOUS
10
0.8115459448818897
20
0.8967886220472441
11
0.8089756692913386
21
0.8951574803149606
0
LINE
8
BLACK
6
CONTINUOUS
10
0.8089756692913386
20
0.8951574803149606
11
0.804661968503937
21
0.8905638188976378
0
LINE
8
BLACK
6
CONTINUOUS
10
0.804661968503937
20
0.8905638188976378
11
0.8031965354330709
21
0.8878982283464567
0
LINE
8
BLACK
6
CONTINUOUS
10
0.8031965354330709
20
0.8878982283464567
11
0.8016261417322834
21
0.8850416929133859
0
LINE
8
BLACK
6
CONTINUOUS
10
0.8016261417322834
20
0.8850416929133859
11
0.8016261023622047
21
0.8850416141732284
0
LINE
8
BLACK
6
CONTINUOUS
10
0.8016261023622047
20
0.8850416141732284
11
0.8000590944881889
21
0.8789384645669291
0
LINE
8
BLACK
6
CONTINUOUS
10
0.8000590944881889
20
0.8789384645669291
11
0.8000590551181103
21
0.8789380708661417
0
LINE
8
BLACK
6
CONTINUOUS
10
0.8000590551181103
20
0.8789380708661417
11
0.8000590551181103
21
0.8332414566929134
0
LINE
8
BLACK
6
CONTINUOUS
10
0.8000590551181103
20
0.8332414566929134
11
0.7992715748031496
21
0.830559527559055
0
LINE
8
BLACK
6
CONTINUOUS
10
0.7992715748031496
20
0.830559527559055
11
0.7982453543307086
21
0.829406811023622
0
LINE
8
BLACK
6
CONTINUOUS
10
0.7982453543307086
20
0.829406811023622
11
0.7967887007874016
21
0.8282114173228347
0
LINE
8
BLACK
6
CONTINUOUS
10
0.7967887007874016
20
0.8282114173228347
11
0.794153031496063
21
0.8249998425196851
0
LINE
8
BLACK
6
CONTINUOUS
10
0.794153031496063
20
0.8249998425196851
11
0.791826968503937
21
0.8221655118110236
0
LINE
8
BLACK
6
CONTINUOUS
10
0.791826968503937
20
0.8221655118110236
11
0.7881401181102362
21
0.815267874015748
0
LINE
8
BLACK
6
CONTINUOUS
10
0.7881401181102362
20
0.815267874015748
11
0.7871063385826772
21
0.8118598818897638
0
LINE
8
BLACK
6
CONTINUOUS
10
0.7871063385826772
20
0.8118598818897638
11
0.78586968503937
21
0.8077832283464567
0
LINE
8
BLACK
6
CONTINUOUS
10
0.78586968503937
20
0.8077832283464567
11
0.7852952755905511
21
0.801950905511811
0
LINE
8
BLACK
6
CONTINUOUS
10
0.7852952755905511
20
0.801950905511811
11
0.7852952755905511
21
0.7521943307086614
0
LINE
8
BLACK
6
CONTINUOUS
10
0.7852952755905511
20
0.7521943307086614
11
0.7852713779527559
21
0.7517080708661417
0
LINE
8
BLACK
6
CONTINUOUS
10
0.7852713779527559
20
0.7517080708661417
11
0.7851031496062992
21
0.7500000393700788
0
LINE
8
BLACK
6
CONTINUOUS
10
0.7851031496062992
20
0.7500000393700788
11
0.7851031496062992
21
0.7499998031496062
0
LINE
8
BLACK
6
CONTINUOUS
10
0.7851031496062992
20
0.7499998031496062
11
0.7858696456692913
21
0.742216811023622
0
LINE
8
BLACK
6
CONTINUOUS
10
0.7858696456692913
20
0.742216811023622
11
0.7858697244094488
21
0.7422163385826771
0
LINE
8
BLACK
6
CONTINUOUS
10
0.7858697244094488
20
0.7422163385826771
11
0.787795
21
0.7358697637795275
0
LINE
8
BLACK
6
CONTINUOUS
10
0.787795
20
0.7358697637795275
11
0.7877950393700788
21
0.7358697244094488
0
LINE
8
BLACK
6
CONTINUOUS
10
0.7877950393700788
20
0.7358697244094488
11
0.7881401181102362
21
0.7347320866141732
0
LINE
8
BLACK
6
CONTINUOUS
10
0.7881401181102362
20
0.7347320866141732
11
0.791826968503937
21
0.7278344488188976
0
LINE
8
BLACK
6
CONTINUOUS
10
0.791826968503937
20
0.7278344488188976
11
0.7967886614173229
21
0.7217885826771654
0
LINE
8
BLACK
6
CONTINUOUS
10
0.7967886614173229
20
0.7217885826771654
11
0.7981158267716535
21
0.7206994094488188
0
LINE
8
BLACK
6
CONTINUOUS
10
0.7981158267716535
20
0.7206994094488188
11
0.7984764173228346
21
0.7203725590551181
0
LINE
8
BLACK
6
CONTINUOUS
10
0.7984764173228346
20
0.7203725590551181
11
0.8140283070866141
21
0.7048206692913386
0
LINE
8
BLACK
6
CONTINUOUS
10
0.8140283070866141
20
0.7048206692913386
11
0.8153679133858267
21
0.7023674409448819
0
LINE
8
BLACK
6
CONTINUOUS
10
0.8153679133858267
20
0.7023674409448819
11
0.8151685039370079
21
0.6995794488188977
0
LINE
8
BLACK
6
CONTINUOUS
10
0.8151685039370079
20
0.6995794488188977
11
0.8134934251968504
21
0.697341811023622
0
LINE
8
BLACK
6
CONTINUOUS
10
0.8134934251968504
20
0.697341811023622
11
0.813308937007874
21
0.6972101574803149
0
LINE
8
BLACK
6
CONTINUOUS
10
0.813308937007874
20
0.6972101574803149
11
0.808375
21
0.6938570472440945
0
LINE
8
BLACK
6
CONTINUOUS
10
0.808375
20
0.6938570472440945
11
0.8042079527559055
21
0.6891304330708661
0
LINE
8
BLACK
6
CONTINUOUS
10
0.8042079527559055
20
0.6891304330708661
11
0.8042077952755905
21
0.6891301968503937
0
LINE
8
BLACK
6
CONTINUOUS
10
0.8042077952755905
20
0.6891301968503937
11
0.8013470078740157
21
0.6835155511811023
0
LINE
8
BLACK
6
CONTINUOUS
10
0.8013470078740157
20
0.6835155511811023
11
0.7999723622047243
21
0.677365905511811
0
LINE
8
BLACK
6
CONTINUOUS
10
0.7999723622047243
20
0.677365905511811
11
0.7999723622047243
21
0.6773658267716536
0
LINE
8
BLACK
6
CONTINUOUS
10
0.7999723622047243
20
0.6773658267716536
11
0.80017031496063
21
0.6710672834645669
0
LINE
8
BLACK
6
CONTINUOUS
10
0.80017031496063
20
0.6710672834645669
11
0.8019284645669291
21
0.6650158267716535
0
LINE
8
BLACK
6
CONTINUOUS
10
0.8019284645669291
20
0.6650158267716535
11
0.8051360629921259
21
0.6595920866141732
0
LINE
8
BLACK
6
CONTINUOUS
10
0.8051360629921259
20
0.6595920866141732
11
0.8051361417322834
21
0.6595920078740157
0
LINE
8
BLACK
6
CONTINUOUS
10
0.8051361417322834
20
0.6595920078740157
11
0.8258302362204725
21
0.638897874015748
0
LINE
8
BLACK
6
CONTINUOUS
10
0.8258302362204725
20
0.638897874015748
11
0.8271698031496063
21
0.6364446456692914
0
LINE
8
BLACK
6
CONTINUOUS
10
0.8271698031496063
20
0.6364446456692914
11
0.8272592519685039
21
0.6358764960629921
0
LINE
8
BLACK
6
CONTINUOUS
10
0.8272592519685039
20
0.6358764960629921
11
0.8274628346456693
21
0.6338094881889763
0
LINE
8
BLACK
6
CONTINUOUS
10
0.8274628346456693
20
0.6338094881889763
11
0.8297331889763779
21
0.6263252362204724
0
LINE
8
BLACK
6
CONTINUOUS
10
0.8297331889763779
20
0.6263252362204724
11
0.8297332283464567
21
0.6263251574803149
0
LINE
8
BLACK
6
CONTINUOUS
10
0.8297332283464567
20
0.6263251574803149
11
0.8334200787401574
21
0.6194275984251968
0
LINE
8
BLACK
6
CONTINUOUS
10
0.8334200787401574
20
0.6194275984251968
11
0.8371380708661417
21
0.6148971653543307
0
LINE
8
BLACK
6
CONTINUOUS
10
0.8371380708661417
20
0.6148971653543307
11
0.837138779527559
21
0.6148964173228346
0
LINE
8
BLACK
6
CONTINUOUS
10
0.837138779527559
20
0.6148964173228346
11
0.9035588582677165
21
0.5484763385826772
0
LINE
8
BLACK
6
CONTINUOUS
10
0.9035588582677165
20
0.5484763385826772
11
0.903885748031496
21
0.5481157086614173
0
LINE
8
BLACK
6
CONTINUOUS
10
0.903885748031496
20
0.5481157086614173
11
0.9049747244094488
21
0.5467888188976378
0
LINE
8
BLACK
6
CONTINUOUS
10
0.9049747244094488
20
0.5467888188976378
11
0.9049748031496063
21
0.5467887401574804
0
LINE
8
BLACK
6
CONTINUOUS
10
0.9049748031496063
20
0.5467887401574804
11
0.9049748818897637
21
0.5467886614173229
0
LINE
8
BLACK
6
CONTINUOUS
10
0.9049748818897637
20
0.5467886614173229
11
0.9106336614173228
21
0.5421446062992126
0
LINE
8
BLACK
6
CONTINUOUS
10
0.9106336614173228
20
0.5421446062992126
11
0.9106338188976377
21
0.5421444881889763
0
LINE
8
BLACK
6
CONTINUOUS
10
0.9106338188976377
20
0.5421444881889763
11
0.9110205118110236
21
0.5418270472440945
0
LINE
8
BLACK
6
CONTINUOUS
10
0.9110205118110236
20
0.5418270472440945
11
0.9110207086614173
21
0.5418269291338582
0
LINE
8
BLACK
6
CONTINUOUS
10
0.9110207086614173
20
0.5418269291338582
11
0.9179183070866141
21
0.5381401181102362
0
LINE
8
BLACK
6
CONTINUOUS
10
0.9179183070866141
20
0.5381401181102362
11
0.9254029527559055
21
0.53586968503937
0
LINE
8
BLACK
6
CONTINUOUS
10
0.9254029527559055
20
0.53586968503937
11
0.9331861023622047
21
0.5351031496062992
0
LINE
8
BLACK
6
CONTINUOUS
10
0.9331861023622047
20
0.5351031496062992
11
0.9331862204724409
21
0.5351031496062992
0
LINE
8
BLACK
6
CONTINUOUS
10
0.9331862204724409
20
0.5351031496062992
11
0.9331862992125984
21
0.5351031496062992
0
LINE
8
BLACK
6
CONTINUOUS
10
0.9331862992125984
20
0.5351031496062992
11
0.934293779527559
21
0.5352122047244094
0
LINE
8
BLACK
6
CONTINUOUS
10
0.934293779527559
20
0.5352122047244094
11
0.9348942913385827
21
0.5352713779527559
0
LINE
8
BLACK
6
CONTINUOUS
10
0.9348942913385827
20
0.5352713779527559
11
0.9353804724409449
21
0.5352952755905511
0
LINE
8
BLACK
6
CONTINUOUS
10
0.9353804724409449
20
0.5352952755905511
11
1.3267527165354331
21
0.5352952755905511
0
LINE
8
BLACK
6
CONTINUOUS
10
1.3267527165354331
20
0.5352952755905511
11
1.3294346456692914
21
0.5345077952755906
0
LINE
8
BLACK
6
CONTINUOUS
10
1.3294346456692914
20
0.5345077952755906
11
1.3312650787401574
21
0.5323953543307086
0
LINE
8
BLACK
6
CONTINUOUS
10
1.3312650787401574
20
0.5323953543307086
11
1.3315803543307085
21
0.5314755118110236
0
LINE
8
BLACK
6
CONTINUOUS
10
1.3315803543307085
20
0.5314755118110236
11
1.3316145669291339
21
0.5313306692913385
0
LINE
8
BLACK
6
CONTINUOUS
10
1.3316145669291339
20
0.5313306692913385
11
1.333626377952756
21
0.5259368897637795
0
LINE
8
BLACK
6
CONTINUOUS
10
1.333626377952756
20
0.5259368897637795
11
1.3336264566929135
21
0.5259366929133859
0
LINE
8
BLACK
6
CONTINUOUS
10
1.3336264566929135
20
0.5259366929133859
11
1.3370762992125984
21
0.5213282677165354
0
LINE
8
BLACK
6
CONTINUOUS
10
1.3370762992125984
20
0.5213282677165354
11
1.3416847244094487
21
0.5178784251968503
0
LINE
8
BLACK
6
CONTINUOUS
10
1.3416847244094487
20
0.5178784251968503
11
1.3416849212598425
21
0.517878346456693
0
LINE
8
BLACK
6
CONTINUOUS
10
1.3416849212598425
20
0.517878346456693
11
1.3470785433070867
21
0.5158665748031496
0
LINE
8
BLACK
6
CONTINUOUS
10
1.3470785433070867
20
0.5158665748031496
11
1.3470788582677165
21
0.5158664960629921
0
LINE
8
BLACK
6
CONTINUOUS
10
1.3470788582677165
20
0.5158664960629921
11
1.3494625984251969
21
0.5156102362204724
0
LINE
8
BLACK
6
CONTINUOUS
10
1.3494625984251969
20
0.5156102362204724
11
1.3494630708661417
21
0.5156102362204724
0
LINE
8
BLACK
6
CONTINUOUS
10
1.3494630708661417
20
0.5156102362204724
11
1.4005373622047244
21
0.5156102362204724
0
LINE
8
BLACK
6
CONTINUOUS
10
1.4005373622047244
20
0.5156102362204724
11
1.402921062992126
21
0.5158664960629921
0
LINE
8
BLACK
6
CONTINUOUS
10
1.402921062992126
20
0.5158664960629921
11
1.4029213385826771
21
0.5158665748031496
0
LINE
8
BLACK
6
CONTINUOUS
10
1.4029213385826771
20
0.5158665748031496
11
1.404762559055118
21
0.5165533070866142
0
LINE
8
BLACK
6
CONTINUOUS
10
1.404762559055118
20
0.5165533070866142
11
1.4075505905511811
21
0.5167526771653543
0
LINE
8
BLACK
6
CONTINUOUS
10
1.4075505905511811
20
0.5167526771653543
11
1.4082295669291338
21
0.5165533070866142
0
LINE
8
BLACK
6
CONTINUOUS
10
1.4082295669291338
20
0.5165533070866142
11
1.410070748031496
21
0.5158665748031496
0
LINE
8
BLACK
6
CONTINUOUS
10
1.410070748031496
20
0.5158665748031496
11
1.4100710236220473
21
0.5158664960629921
0
LINE
8
BLACK
6
CONTINUOUS
10
1.4100710236220473
20
0.5158664960629921
11
1.4124547244094487
21
0.5156102362204724
0
LINE
8
BLACK
6
CONTINUOUS
10
1.4124547244094487
20
0.5156102362204724
11
1.4124551968503938
21
0.5156102362204724
0
LINE
8
BLACK
6
CONTINUOUS
10
1.4124551968503938
20
0.5156102362204724
11
1.4635294881889764
21
0.5156102362204724
0
LINE
8
BLACK
6
CONTINUOUS
10
1.4635294881889764
20
0.5156102362204724
11
1.4659132283464567
21
0.5158664960629921
0
LINE
8
BLACK
6
CONTINUOUS
10
1.4659132283464567
20
0.5158664960629921
11
1.4659135433070867
21
0.5158665748031496
0
LINE
8
BLACK
6
CONTINUOUS
10
1.4659135433070867
20
0.5158665748031496
11
1.4713071653543306
21
0.517878346456693
0
LINE
8
BLACK
6
CONTINUOUS
10
1.4713071653543306
20
0.517878346456693
11
1.4713073622047244
21
0.5178784251968503
0
LINE
8
BLACK
6
CONTINUOUS
10
1.4713073622047244
20
0.5178784251968503
11
1.4759157874015747
21
0.5213282677165354
0
LINE
8
BLACK
6
CONTINUOUS
10
1.4759157874015747
20
0.5213282677165354
11
1.4793656299212599
21
0.5259366929133859
0
LINE
8
BLACK
6
CONTINUOUS
10
1.4793656299212599
20
0.5259366929133859
11
1.4793657086614174
21
0.5259368897637795
0
LINE
8
BLACK
6
CONTINUOUS
10
1.4793657086614174
20
0.5259368897637795
11
1.4806850787401575
21
0.5294741338582677
0
LINE
8
BLACK
6
CONTINUOUS
10
1.4806850787401575
20
0.5294741338582677
11
1.4813775196850394
21
0.5313306692913385
0
LINE
8
BLACK
6
CONTINUOUS
10
1.4813775196850394
20
0.5313306692913385
11
1.4814117716535433
21
0.5314755118110236
0
LINE
8
BLACK
6
CONTINUOUS
10
1.4814117716535433
20
0.5314755118110236
11
1.4814691338582677
21
0.5315762204724409
0
LINE
8
BLACK
6
CONTINUOUS
10
1.4814691338582677
20
0.5315762204724409
11
1.4814859842519685
21
0.5316214173228346
0
LINE
8
BLACK
6
CONTINUOUS
10
1.4814859842519685
20
0.5316214173228346
11
1.4814932677165353
21
0.5316186614173228
0
LINE
8
BLACK
6
CONTINUOUS
10
1.4814932677165353
20
0.5316186614173228
11
1.4827949212598426
21
0.5339044488188976
0
LINE
8
BLACK
6
CONTINUOUS
10
1.4827949212598426
20
0.5339044488188976
11
1.4852716929133858
21
0.5351999606299213
0
LINE
8
BLACK
6
CONTINUOUS
10
1.4852716929133858
20
0.5351999606299213
11
1.4862394094488189
21
0.5352952755905511
0
LINE
8
BLACK
6
CONTINUOUS
10
1.4862394094488189
20
0.5352952755905511
11
1.5145699212598425
21
0.5352952755905511
0
LINE
8
BLACK
6
CONTINUOUS
10
1.5145699212598425
20
0.5352952755905511
11
1.5172518503937007
21
0.5345077952755906
0
LINE
8
BLACK
6
CONTINUOUS
10
1.5172518503937007
20
0.5345077952755906
11
1.5180775984251969
21
0.5338423228346456
0
LINE
8
BLACK
6
CONTINUOUS
10
1.5180775984251969
20
0.5338423228346456
11
1.7284435826771654
21
0.323476220472441
0
LINE
8
BLACK
6
CONTINUOUS
10
1.7284435826771654
20
0.323476220472441
11
1.7287704330708662
21
0.3231156299212599
0
LINE
8
BLACK
6
CONTINUOUS
10
1.7287704330708662
20
0.3231156299212599
11
1.7298595669291339
21
0.3217885826771654
0
LINE
8
BLACK
6
CONTINUOUS
10
1.7298595669291339
20
0.3217885826771654
11
1.7359051968503936
21
0.3168270866141732
0
LINE
8
BLACK
6
CONTINUOUS
10
1.7359051968503936
20
0.3168270866141732
11
1.7359057480314961
21
0.3168266929133858
0
LINE
8
BLACK
6
CONTINUOUS
10
1.7359057480314961
20
0.3168266929133858
11
1.7366591732283465
21
0.3164240157480315
0
LINE
8
BLACK
6
CONTINUOUS
10
1.7366591732283465
20
0.3164240157480315
11
1.7366592125984253
21
0.3164240157480315
0
LINE
8
BLACK
6
CONTINUOUS
10
1.7366592125984253
20
0.3164240157480315
11
1.7428029921259842
21
0.3131400787401575
0
LINE
8
BLACK
6
CONTINUOUS
10
1.7428029921259842
20
0.3131400787401575
11
1.7502876377952756
21
0.3108696456692913
0
LINE
8
BLACK
6
CONTINUOUS
10
1.7502876377952756
20
0.3108696456692913
11
1.7580707480314961
21
0.3101031102362204
0
LINE
8
BLACK
6
CONTINUOUS
10
1.7580707480314961
20
0.3101031102362204
11
1.7580708661417321
21
0.3101031102362204
0
LINE
8
BLACK
6
CONTINUOUS
10
1.7580708661417321
20
0.3101031102362204
11
1.7580709448818896
21
0.3101031102362204
0
LINE
8
BLACK
6
CONTINUOUS
10
1.7580709448818896
20
0.3101031102362204
11
1.7591718897637796
21
0.3102115354330708
0
LINE
8
BLACK
6
CONTINUOUS
10
1.7591718897637796
20
0.3102115354330708
11
1.7597793307086613
21
0.3102713779527559
0
LINE
8
BLACK
6
CONTINUOUS
10
1.7597793307086613
20
0.3102713779527559
11
1.7602655118110235
21
0.3102952755905512
0
LINE
8
BLACK
6
CONTINUOUS
10
1.7602655118110235
20
0.3102952755905512
11
1.8269509055118109
21
0.3102952755905512
0
LINE
8
BLACK
6
CONTINUOUS
10
1.8269509055118109
20
0.3102952755905512
11
1.8327831496062992
21
0.3108696850393701
0
LINE
8
BLACK
6
CONTINUOUS
10
1.8327831496062992
20
0.3108696850393701
11
1.8327833464566929
21
0.3108697244094488
0
LINE
8
BLACK
6
CONTINUOUS
10
1.8327833464566929
20
0.3108697244094488
11
1.8327835039370077
21
0.3108697637795276
0
LINE
8
BLACK
6
CONTINUOUS
10
1.8327835039370077
20
0.3108697637795276
11
1.8367398818897638
21
0.3120698818897638
0
LINE
8
BLACK
6
CONTINUOUS
10
1.8367398818897638
20
0.3120698818897638
11
1.8381796456692914
21
0.3122834645669291
0
LINE
8
BLACK
6
CONTINUOUS
10
1.8381796456692914
20
0.3122834645669291
11
1.8544743700787401
21
0.3122834645669291
0
LINE
8
BLACK
6
CONTINUOUS
10
1.8544743700787401
20
0.3122834645669291
11
1.8568581102362205
21
0.3125397244094488
0
LINE
8
BLACK
6
CONTINUOUS
10
1.8568581102362205
20
0.3125397244094488
11
1.8568581496062992
21
0.3125397637795276
0
LINE
8
BLACK
6
CONTINUOUS
10
1.8568581496062992
20
0.3125397637795276
11
1.8568582283464568
21
0.3125397637795276
0
LINE
8
BLACK
6
CONTINUOUS
10
1.8568582283464568
20
0.3125397637795276
11
1.856858307086614
21
0.3125398031496063
0
LINE
8
BLACK
6
CONTINUOUS
10
1.856858307086614
20
0.3125398031496063
11
1.860557440944882
21
0.3139195275590551
0
LINE
8
BLACK
6
CONTINUOUS
10
1.860557440944882
20
0.3139195275590551
11
1.8622910236220471
21
0.3142322834645669
0
LINE
8
BLACK
6
CONTINUOUS
10
1.8622910236220471
20
0.3142322834645669
11
1.8877089763779527
21
0.3142322834645669
0
LINE
8
BLACK
6
CONTINUOUS
10
1.8877089763779527
20
0.3142322834645669
11
1.889442559055118
21
0.3139195275590551
0
LINE
8
BLACK
6
CONTINUOUS
10
1.889442559055118
20
0.3139195275590551
11
1.893141811023622
21
0.3125397637795276
0
LINE
8
BLACK
6
CONTINUOUS
10
1.893141811023622
20
0.3125397637795276
11
1.8931418503937008
21
0.3125397244094488
0
LINE
8
BLACK
6
CONTINUOUS
10
1.8931418503937008
20
0.3125397244094488
11
1.895525590551181
21
0.3122834645669291
0
LINE
8
BLACK
6
CONTINUOUS
10
1.895525590551181
20
0.3122834645669291
11
1.895526062992126
21
0.3122834645669291
0
LINE
8
BLACK
6
CONTINUOUS
10
1.895526062992126
20
0.3122834645669291
11
1.9544743700787401
21
0.3122834645669291
0
LINE
8
BLACK
6
CONTINUOUS
10
1.9544743700787401
20
0.3122834645669291
11
1.9568581102362204
21
0.3125397244094488
0
LINE
8
BLACK
6
CONTINUOUS
10
1.9568581102362204
20
0.3125397244094488
11
1.9568581496062991
21
0.3125397637795276
0
LINE
8
BLACK
6
CONTINUOUS
10
1.9568581496062991
20
0.3125397637795276
11
1.9568582283464566
21
0.3125397637795276
0
LINE
8
BLACK
6
CONTINUOUS
10
1.9568582283464566
20
0.3125397637795276
11
1.9568583070866141
21
0.3125398031496063
0
LINE
8
BLACK
6
CONTINUOUS
10
1.9568583070866141
20
0.3125398031496063
11
1.9605574409448818
21
0.3139195275590551
0
LINE
8
BLACK
6
CONTINUOUS
10
1.9605574409448818
20
0.3139195275590551
11
1.9622910236220472
21
0.3142322834645669
0
LINE
8
BLACK
6
CONTINUOUS
10
1.9622910236220472
20
0.3142322834645669
11
2.0717946062992127
21
0.3142322834645669
0
LINE
8
BLACK
6
CONTINUOUS
10
2.0717946062992127
20
0.3142322834645669
11
2.0725706299212598
21
0.3141712204724409
0
LINE
8
BLACK
6
CONTINUOUS
10
2.0725706299212598
20
0.3141712204724409
11
2.0731178346456693
21
0.3140845275590551
0
LINE
8
BLACK
6
CONTINUOUS
10
2.0731178346456693
20
0.3140845275590551
11
2.0756865354330709
21
0.3142191732283465
0
LINE
8
BLACK
6
CONTINUOUS
10
2.0756865354330709
20
0.3142191732283465
11
2.075806338582677
21
0.3142254724409449
0
LINE
8
BLACK
6
CONTINUOUS
10
2.075806338582677
20
0.3142254724409449
11
2.0760659055118111
21
0.3142322834645669
0
LINE
8
BLACK
6
CONTINUOUS
10
2.0760659055118111
20
0.3142322834645669
11
2.0768741338582677
21
0.3142322834645669
0
LINE
8
BLACK
6
CONTINUOUS
10
2.0768741338582677
20
0.3142322834645669
11
2.076874409448819
21
0.3142322834645669
0
LINE
8
BLACK
6
CONTINUOUS
10
2.076874409448819
20
0.3142322834645669
11
2.076874566929134
21
0.3142322834645669
0
LINE
8
BLACK
6
CONTINUOUS
10
2.076874566929134
20
0.3142322834645669
11
2.0768750393700786
21
0.3142323228346456
0
LINE
8
BLACK
6
CONTINUOUS
10
2.0768750393700786
20
0.3142323228346456
11
2.0776784251968503
21
0.3143167322834646
0
LINE
8
BLACK
6
CONTINUOUS
10
2.0776784251968503
20
0.3143167322834646
11
2.0779370472440943
21
0.3143370866141732
0
LINE
8
BLACK
6
CONTINUOUS
10
2.0779370472440943
20
0.3143370866141732
11
2.0806260236220471
21
0.314478031496063
0
LINE
8
BLACK
6
CONTINUOUS
10
2.0806260236220471
20
0.314478031496063
11
2.081161220472441
21
0.3146214173228347
0
LINE
8
BLACK
6
CONTINUOUS
10
2.081161220472441
20
0.3146214173228347
11
2.0819260629921259
21
0.314763188976378
0
LINE
8
BLACK
6
CONTINUOUS
10
2.0819260629921259
20
0.314763188976378
11
2.0824074803149606
21
0.3148138188976378
0
LINE
8
BLACK
6
CONTINUOUS
10
2.0824074803149606
20
0.3148138188976378
11
2.0824774803149606
21
0.3148211811023622
0
LINE
8
BLACK
6
CONTINUOUS
10
2.0824774803149606
20
0.3148211811023622
11
2.0824775196850394
21
0.3148211811023622
0
LINE
8
BLACK
6
CONTINUOUS
10
2.0824775196850394
20
0.3148211811023622
11
2.0824776771653544
21
0.3148212204724409
0
LINE
8
BLACK
6
CONTINUOUS
10
2.0824776771653544
20
0.3148212204724409
11
2.0844237795275591
21
0.3154535433070866
0
LINE
8
BLACK
6
CONTINUOUS
10
2.0844237795275591
20
0.3154535433070866
11
2.0850388976377952
21
0.3156534251968504
0
LINE
8
BLACK
6
CONTINUOUS
10
2.0850388976377952
20
0.3156534251968504
11
2.0852875984251966
21
0.3157270866141732
0
LINE
8
BLACK
6
CONTINUOUS
10
2.0852875984251966
20
0.3157270866141732
11
2.0878885433070864
21
0.3164240157480315
0
LINE
8
BLACK
6
CONTINUOUS
10
2.0878885433070864
20
0.3164240157480315
11
2.0881525590551182
21
0.3165585433070866
0
LINE
8
BLACK
6
CONTINUOUS
10
2.0881525590551182
20
0.3165585433070866
11
2.0883822440944884
21
0.3166755511811024
0
LINE
8
BLACK
6
CONTINUOUS
10
2.0883822440944884
20
0.3166755511811024
11
2.0891011417322836
21
0.3169733464566929
0
LINE
8
BLACK
6
CONTINUOUS
10
2.0891011417322836
20
0.3169733464566929
11
2.0896281102362204
21
0.3171445669291338
0
LINE
8
BLACK
6
CONTINUOUS
10
2.0896281102362204
20
0.3171445669291338
11
2.0919601574803148
21
0.3184909842519685
0
LINE
8
BLACK
6
CONTINUOUS
10
2.0919601574803148
20
0.3184909842519685
11
2.092187834645669
21
0.3186146062992126
0
LINE
8
BLACK
6
CONTINUOUS
10
2.092187834645669
20
0.3186146062992126
11
2.0945877952755905
21
0.3198374409448819
0
LINE
8
BLACK
6
CONTINUOUS
10
2.0945877952755905
20
0.3198374409448819
11
2.0950186614173227
21
0.3201862992125984
0
LINE
8
BLACK
6
CONTINUOUS
10
2.0950186614173227
20
0.3201862992125984
11
2.0956594881889763
21
0.3206267716535433
0
LINE
8
BLACK
6
CONTINUOUS
10
2.0956594881889763
20
0.3206267716535433
11
2.0961395275590551
21
0.320903937007874
0
LINE
8
BLACK
6
CONTINUOUS
10
2.0961395275590551
20
0.320903937007874
11
2.0981408661417325
21
0.322705905511811
0
LINE
8
BLACK
6
CONTINUOUS
10
2.0981408661417325
20
0.322705905511811
11
2.0983380708661419
21
0.3228743307086614
0
LINE
8
BLACK
6
CONTINUOUS
10
2.0983380708661419
20
0.3228743307086614
11
2.0986360236220474
21
0.3231156299212599
0
LINE
8
BLACK
6
CONTINUOUS
10
2.0986360236220474
20
0.3231156299212599
11
2.0989661811023623
21
0.3233829921259843
0
LINE
8
BLACK
6
CONTINUOUS
10
2.0989661811023623
20
0.3233829921259843
11
2.0995382677165355
21
0.3239550787401575
0
LINE
8
BLACK
6
CONTINUOUS
10
2.0995382677165355
20
0.3239550787401575
11
2.0997260629921257
21
0.3241332677165354
0
LINE
8
BLACK
6
CONTINUOUS
10
2.0997260629921257
20
0.3241332677165354
11
2.1017269685039368
21
0.325934842519685
0
LINE
8
BLACK
6
CONTINUOUS
10
2.1017269685039368
20
0.325934842519685
11
2.1020525590551182
21
0.3263829921259843
0
LINE
8
BLACK
6
CONTINUOUS
10
2.1020525590551182
20
0.3263829921259843
11
2.1025581496062991
21
0.3269749606299213
0
LINE
8
BLACK
6
CONTINUOUS
10
2.1025581496062991
20
0.3269749606299213
11
2.1759503937007874
21
0.4003672047244095
0
LINE
8
BLACK
6
CONTINUOUS
10
2.1759503937007874
20
0.4003672047244095
11
2.1784036220472442
21
0.401706811023622
0
LINE
8
BLACK
6
CONTINUOUS
10
2.1784036220472442
20
0.401706811023622
11
2.1790257086614173
21
0.4018012598425197
0
LINE
8
BLACK
6
CONTINUOUS
10
2.1790257086614173
20
0.4018012598425197
11
2.1834305511811025
21
0.4021866535433071
0
LINE
8
BLACK
6
CONTINUOUS
10
2.1834305511811025
20
0.4021866535433071
11
2.1834306299212596
21
0.4021866535433071
0
LINE
8
BLACK
6
CONTINUOUS
10
2.1834306299212596
20
0.4021866535433071
11
2.1834307874015746
21
0.4021866929133858
0
LINE
8
BLACK
6
CONTINUOUS
10
2.1834307874015746
20
0.4021866929133858
11
2.1896105511811021
21
0.4038425590551181
0
LINE
8
BLACK
6
CONTINUOUS
10
2.1896105511811021
20
0.4038425590551181
11
2.1916052755905513
21
0.4043770472440945
0
LINE
8
BLACK
6
CONTINUOUS
10
2.1916052755905513
20
0.4043770472440945
11
2.1916055118110234
21
0.404377125984252
0
LINE
8
BLACK
6
CONTINUOUS
10
2.1916055118110234
20
0.404377125984252
11
2.1992754724409447
21
0.4079537007874016
0
LINE
8
BLACK
6
CONTINUOUS
10
2.1992754724409447
20
0.4079537007874016
11
2.2062077559055115
21
0.4128077165354331
0
LINE
8
BLACK
6
CONTINUOUS
10
2.2062077559055115
20
0.4128077165354331
11
2.2062079921259841
21
0.4128079133858268
0
LINE
8
BLACK
6
CONTINUOUS
10
2.2062079921259841
20
0.4128079133858268
11
2.2121920472440944
21
0.418791968503937
0
LINE
8
BLACK
6
CONTINUOUS
10
2.2121920472440944
20
0.418791968503937
11
2.2121921653543306
21
0.4187920866141732
0
LINE
8
BLACK
6
CONTINUOUS
10
2.2121921653543306
20
0.4187920866141732
11
2.2170462992125985
21
0.4257245275590551
0
LINE
8
BLACK
6
CONTINUOUS
10
2.2170462992125985
20
0.4257245275590551
11
2.2205041338582676
21
0.4331398818897638
0
LINE
8
BLACK
6
CONTINUOUS
10
2.2205041338582676
20
0.4331398818897638
11
2.2223512598425197
21
0.4352377165354331
0
LINE
8
BLACK
6
CONTINUOUS
10
2.2223512598425197
20
0.4352377165354331
11
2.2250393700787403
21
0.4360038976377953
0
LINE
8
BLACK
6
CONTINUOUS
10
2.2250393700787403
20
0.4360038976377953
11
2.2277149212598424
21
0.435195157480315
0
LINE
8
BLACK
6
CONTINUOUS
10
2.2277149212598424
20
0.435195157480315
11
2.2294958661417321
21
0.4331398818897638
0
LINE
8
BLACK
6
CONTINUOUS
10
2.2294958661417321
20
0.4331398818897638
11
2.2329537007874016
21
0.4257244881889763
0
LINE
8
BLACK
6
CONTINUOUS
10
2.2329537007874016
20
0.4257244881889763
11
2.2378077165354329
21
0.4187922047244094
0
LINE
8
BLACK
6
CONTINUOUS
10
2.2378077165354329
20
0.4187922047244094
11
2.2378079133858266
21
0.418791968503937
0
LINE
8
BLACK
6
CONTINUOUS
10
2.2378079133858266
20
0.418791968503937
11
2.2437919685039369
21
0.4128079133858268
0
LINE
8
BLACK
6
CONTINUOUS
10
2.2437919685039369
20
0.4128079133858268
11
2.2437922047244094
21
0.4128077165354331
0
LINE
8
BLACK
6
CONTINUOUS
10
2.2437922047244094
20
0.4128077165354331
11
2.2507244881889763
21
0.4079537007874016
0
LINE
8
BLACK
6
CONTINUOUS
10
2.2507244881889763
20
0.4079537007874016
11
2.2583944488188976
21
0.404377125984252
0
LINE
8
BLACK
6
CONTINUOUS
10
2.2583944488188976
20
0.404377125984252
11
2.2583946850393701
21
0.4043770472440945
0
LINE
8
BLACK
6
CONTINUOUS
10
2.2583946850393701
20
0.4043770472440945
11
2.266183661417323
21
0.40229
0
LINE
8
BLACK
6
CONTINUOUS
10
2.266183661417323
20
0.40229
11
2.2665692125984251
21
0.4021866929133858
0
LINE
8
BLACK
6
CONTINUOUS
10
2.2665692125984251
20
0.4021866929133858
11
2.2749999999999999
21
0.4014490944881889
0
LINE
8
BLACK
6
CONTINUOUS
10
2.2749999999999999
20
0.4014490944881889
11
2.2834307874015747
21
0.4021866929133858
0
LINE
8
BLACK
6
CONTINUOUS
10
2.2834307874015747
20
0.4021866929133858
11
2.2881503543307087
21
0.4034512992125984
0
LINE
8
BLACK
6
CONTINUOUS
10
2.2881503543307087
20
0.4034512992125984
11
2.2916052755905509
21
0.4043770472440945
0
LINE
8
BLACK
6
CONTINUOUS
10
2.2916052755905509
20
0.4043770472440945
11
2.2916055118110235
21
0.404377125984252
0
LINE
8
BLACK
6
CONTINUOUS
10
2.2916055118110235
20
0.404377125984252
11
2.2992754724409448
21
0.4079537007874016
0
LINE
8
BLACK
6
CONTINUOUS
10
2.2992754724409448
20
0.4079537007874016
11
2.3062077559055116
21
0.4128077165354331
0
LINE
8
BLACK
6
CONTINUOUS
10
2.3062077559055116
20
0.4128077165354331
11
2.3062079921259842
21
0.4128079133858268
0
LINE
8
BLACK
6
CONTINUOUS
10
2.3062079921259842
20
0.4128079133858268
11
2.3121920472440944
21
0.418791968503937
0
LINE
8
BLACK
6
CONTINUOUS
10
2.3121920472440944
20
0.418791968503937
11
2.3121921653543307
21
0.4187920866141732
0
LINE
8
BLACK
6
CONTINUOUS
10
2.3121921653543307
20
0.4187920866141732
11
2.3170462992125982
21
0.4257245275590551
0
LINE
8
BLACK
6
CONTINUOUS
10
2.3170462992125982
20
0.4257245275590551
11
2.3206229133858267
21
0.4333946062992126
0
LINE
8
BLACK
6
CONTINUOUS
10
2.3206229133858267
20
0.4333946062992126
11
2.3228133070866139
21
0.4415692125984252
0
LINE
8
BLACK
6
CONTINUOUS
10
2.3228133070866139
20
0.4415692125984252
11
2.3235509055118109
21
0.45
0
LINE
8
BLACK
6
CONTINUOUS
10
2.3235509055118109
20
0.45
11
2.3228133070866139
21
0.4584307874015748
0
LINE
8
BLACK
6
CONTINUOUS
10
2.3228133070866139
20
0.4584307874015748
11
2.3206229133858267
21
0.4666053937007874
0
LINE
8
BLACK
6
CONTINUOUS
10
2.3206229133858267
20
0.4666053937007874
11
2.3170462992125982
21
0.4742754330708661
0
LINE
8
BLACK
6
CONTINUOUS
10
2.3170462992125982
20
0.4742754330708661
11
2.316539094488189
21
0.4749998031496063
0
LINE
8
BLACK
6
CONTINUOUS
10
2.316539094488189
20
0.4749998031496063
11
2.3121923228346457
21
0.481207716535433
0
LINE
8
BLACK
6
CONTINUOUS
10
2.3121923228346457
20
0.481207716535433
11
2.3121922047244095
21
0.4812078346456693
0
LINE
8
BLACK
6
CONTINUOUS
10
2.3121922047244095
20
0.4812078346456693
11
2.3121921653543307
21
0.4812079133858267
0
LINE
8
BLACK
6
CONTINUOUS
10
2.3121921653543307
20
0.4812079133858267
11
2.3062079133858266
21
0.4871921653543307
0
LINE
8
BLACK
6
CONTINUOUS
10
2.3062079133858266
20
0.4871921653543307
11
2.2992754724409448
21
0.4920462992125984
0
LINE
8
BLACK
6
CONTINUOUS
10
2.2992754724409448
20
0.4920462992125984
11
2.2916053937007872
21
0.4956229133858268
0
LINE
8
BLACK
6
CONTINUOUS
10
2.2916053937007872
20
0.4956229133858268
11
2.2834307874015747
21
0.4978133070866141
0
LINE
8
BLACK
6
CONTINUOUS
10
2.2834307874015747
20
0.4978133070866141
11
2.2749999999999999
21
0.498550905511811
0
LINE
8
BLACK
6
CONTINUOUS
10
2.2749999999999999
20
0.498550905511811
11
2.2665692125984251
21
0.4978133070866141
0
LINE
8
BLACK
6
CONTINUOUS
10
2.2665692125984251
20
0.4978133070866141
11
2.2583946062992126
21
0.4956229133858268
0
LINE
8
BLACK
6
CONTINUOUS
10
2.2583946062992126
20
0.4956229133858268
11
2.2507245669291338
21
0.4920462992125984
0
LINE
8
BLACK
6
CONTINUOUS
10
2.2507245669291338
20
0.4920462992125984
11
2.2507244094488188
21
0.492046220472441
0
LINE
8
BLACK
6
CONTINUOUS
10
2.2507244094488188
20
0.492046220472441
11
2.2437922440944882
21
0.4871923228346456
0
LINE
8
BLACK
6
CONTINUOUS
10
2.2437922440944882
20
0.4871923228346456
11
2.2437918503937007
21
0.487191968503937
0
LINE
8
BLACK
6
CONTINUOUS
10
2.2437918503937007
20
0.487191968503937
11
2.2378079921259841
21
0.4812081102362205
0
LINE
8
BLACK
6
CONTINUOUS
10
2.2378079921259841
20
0.4812081102362205
11
2.2378076377952754
21
0.481207716535433
0
LINE
8
BLACK
6
CONTINUOUS
10
2.2378076377952754
20
0.481207716535433
11
2.2329537401574804
21
0.4742755511811024
0
LINE
8
BLACK
6
CONTINUOUS
10
2.2329537401574804
20
0.4742755511811024
11
2.2319012992125984
21
0.4720185826771653
0
LINE
8
BLACK
6
CONTINUOUS
10
2.2319012992125984
20
0.4720185826771653
11
2.2296620078740159
21
0.4672163385826771
0
LINE
8
BLACK
6
CONTINUOUS
10
2.2296620078740159
20
0.4672163385826771
11
2.2294958661417321
21
0.4668600787401574
0
LINE
8
BLACK
6
CONTINUOUS
10
2.2294958661417321
20
0.4668600787401574
11
2.22764874015748
21
0.4647622440944882
0
LINE
8
BLACK
6
CONTINUOUS
10
2.22764874015748
20
0.4647622440944882
11
2.2249606299212599
21
0.463996062992126
0
LINE
8
BLACK
6
CONTINUOUS
10
2.2249606299212599
20
0.463996062992126
11
2.2222850787401573
21
0.4648048031496063
0
LINE
8
BLACK
6
CONTINUOUS
10
2.2222850787401573
20
0.4648048031496063
11
2.2205041338582676
21
0.4668600787401574
0
LINE
8
BLACK
6
CONTINUOUS
10
2.2205041338582676
20
0.4668600787401574
11
2.2170462992125985
21
0.4742754330708661
0
LINE
8
BLACK
6
CONTINUOUS
10
2.2170462992125985
20
0.4742754330708661
11
2.2165390944881889
21
0.4749998031496063
0
LINE
8
BLACK
6
CONTINUOUS
10
2.2165390944881889
20
0.4749998031496063
11
2.2121923228346456
21
0.481207716535433
0
LINE
8
BLACK
6
CONTINUOUS
10
2.2121923228346456
20
0.481207716535433
11
2.2121922047244094
21
0.4812078346456693
0
LINE
8
BLACK
6
CONTINUOUS
10
2.2121922047244094
20
0.4812078346456693
11
2.2121921653543306
21
0.4812079133858267
0
LINE
8
BLACK
6
CONTINUOUS
10
2.2121921653543306
20
0.4812079133858267
11
2.2062079133858266
21
0.4871921653543307
0
LINE
8
BLACK
6
CONTINUOUS
10
2.2062079133858266
20
0.4871921653543307
11
2.1992754724409447
21
0.4920462992125984
0
LINE
8
BLACK
6
CONTINUOUS
10
2.1992754724409447
20
0.4920462992125984
11
2.1916053937007876
21
0.4956229133858268
0
LINE
8
BLACK
6
CONTINUOUS
10
2.1916053937007876
20
0.4956229133858268
11
2.1834307874015746
21
0.4978133070866141
0
LINE
8
BLACK
6
CONTINUOUS
10
2.1834307874015746
20
0.4978133070866141
11
2.1749999999999998
21
0.498550905511811
0
LINE
8
BLACK
6
CONTINUOUS
10
2.1749999999999998
20
0.498550905511811
11
2.1665692125984251
21
0.4978133070866141
0
LINE
8
BLACK
6
CONTINUOUS
10
2.1665692125984251
20
0.4978133070866141
11
2.1583946062992125
21
0.4956229133858268
0
LINE
8
BLACK
6
CONTINUOUS
10
2.1583946062992125
20
0.4956229133858268
11
2.1507245669291337
21
0.4920462992125984
0
LINE
8
BLACK
6
CONTINUOUS
10
2.1507245669291337
20
0.4920462992125984
11
2.1507244094488187
21
0.492046220472441
0
LINE
8
BLACK
6
CONTINUOUS
10
2.1507244094488187
20
0.492046220472441
11
2.1437922440944881
21
0.4871923228346456
0
LINE
8
BLACK
6
CONTINUOUS
10
2.1437922440944881
20
0.4871923228346456
11
2.1437918503937006
21
0.487191968503937
0
LINE
8
BLACK
6
CONTINUOUS
10
2.1437918503937006
20
0.487191968503937
11
2.137807992125984
21
0.4812081102362205
0
LINE
8
BLACK
6
CONTINUOUS
10
2.137807992125984
20
0.4812081102362205
11
2.1378076377952757
21
0.481207716535433
0
LINE
8
BLACK
6
CONTINUOUS
10
2.1378076377952757
20
0.481207716535433
11
2.1329537401574803
21
0.4742755511811024
0
LINE
8
BLACK
6
CONTINUOUS
10
2.1329537401574803
20
0.4742755511811024
11
2.1319012992125983
21
0.4720185826771653
0
LINE
8
BLACK
6
CONTINUOUS
10
2.1319012992125983
20
0.4720185826771653
11
2.1296620078740158
21
0.4672163385826771
0
LINE
8
BLACK
6
CONTINUOUS
10
2.1296620078740158
20
0.4672163385826771
11
2.129495866141732
21
0.4668600787401574
0
LINE
8
BLACK
6
CONTINUOUS
10
2.129495866141732
20
0.4668600787401574
11
2.1276487401574804
21
0.4647622440944882
0
LINE
8
BLACK
6
CONTINUOUS
10
2.1276487401574804
20
0.4647622440944882
11
2.1249606299212598
21
0.463996062992126
0
LINE
8
BLACK
6
CONTINUOUS
10
2.1249606299212598
20
0.463996062992126
11
2.1222850787401573
21
0.4648048031496063
0
LINE
8
BLACK
6
CONTINUOUS
10
2.1222850787401573
20
0.4648048031496063
11
2.1205041338582675
21
0.4668600787401574
0
LINE
8
BLACK
6
CONTINUOUS
10
2.1205041338582675
20
0.4668600787401574
11
2.1170462992125985
21
0.4742754330708661
0
LINE
8
BLACK
6
CONTINUOUS
10
2.1170462992125985
20
0.4742754330708661
11
2.1165390944881888
21
0.4749998031496063
0
LINE
8
BLACK
6
CONTINUOUS
10
2.1165390944881888
20
0.4749998031496063
11
2.1121923228346455
21
0.481207716535433
0
LINE
8
BLACK
6
CONTINUOUS
10
2.1121923228346455
20
0.481207716535433
11
2.1121922047244093
21
0.4812078346456693
0
LINE
8
BLACK
6
CONTINUOUS
10
2.1121922047244093
20
0.4812078346456693
11
2.1121921653543305
21
0.4812079133858267
0
LINE
8
BLACK
6
CONTINUOUS
10
2.1121921653543305
20
0.4812079133858267
11
2.1062079133858269
21
0.4871921653543307
0
LINE
8
BLACK
6
CONTINUOUS
10
2.1062079133858269
20
0.4871921653543307
11
2.099275472440945
21
0.4920462992125984
0
LINE
8
BLACK
6
CONTINUOUS
10
2.099275472440945
20
0.4920462992125984
11
2.0916053937007875
21
0.4956229133858268
0
LINE
8
BLACK
6
CONTINUOUS
10
2.0916053937007875
20
0.4956229133858268
11
2.0834307874015749
21
0.4978133070866141
0
LINE
8
BLACK
6
CONTINUOUS
10
2.0834307874015749
20
0.4978133070866141
11
2.0749999999999997
21
0.498550905511811
0
LINE
8
BLACK
6
CONTINUOUS
10
2.0749999999999997
20
0.498550905511811
11
2.066569212598425
21
0.4978133070866141
0
LINE
8
BLACK
6
CONTINUOUS
10
2.066569212598425
20
0.4978133070866141
11
2.0583946062992124
21
0.4956229133858268
0
LINE
8
BLACK
6
CONTINUOUS
10
2.0583946062992124
20
0.4956229133858268
11
2.0507245669291336
21
0.4920462992125984
0
LINE
8
BLACK
6
CONTINUOUS
10
2.0507245669291336
20
0.4920462992125984
11
2.0507244094488191
21
0.492046220472441
0
LINE
8
BLACK
6
CONTINUOUS
10
2.0507244094488191
20
0.492046220472441
11
2.043792244094488
21
0.4871923228346456
0
LINE
8
BLACK
6
CONTINUOUS
10
2.043792244094488
20
0.4871923228346456
11
2.0436262204724409
21
0.4870529921259842
0
LINE
8
BLACK
6
CONTINUOUS
10
2.0436262204724409
20
0.4870529921259842
11
2.0435907874015746
21
0.4870951968503937
0
LINE
8
BLACK
6
CONTINUOUS
10
2.0435907874015746
20
0.4870951968503937
11
2.0413673228346458
21
0.485881062992126
0
LINE
8
BLACK
6
CONTINUOUS
10
2.0413673228346458
20
0.485881062992126
11
2.0403128740157479
21
0.485767716535433
0
LINE
8
BLACK
6
CONTINUOUS
10
2.0403128740157479
20
0.485767716535433
11
2.0168701968503937
21
0.485767716535433
0
LINE
8
BLACK
6
CONTINUOUS
10
2.0168701968503937
20
0.485767716535433
11
2.0141882677165355
21
0.4865551968503937
0
LINE
8
BLACK
6
CONTINUOUS
10
2.0141882677165355
20
0.4865551968503937
11
2.0133625196850393
21
0.4872206692913386
0
LINE
8
BLACK
6
CONTINUOUS
10
2.0133625196850393
20
0.4872206692913386
11
1.9891694881889763
21
0.5114137007874016
0
LINE
8
BLACK
6
CONTINUOUS
10
1.9891694881889763
20
0.5114137007874016
11
1.9878298818897637
21
0.5138669291338582
0
LINE
8
BLACK
6
CONTINUOUS
10
1.9878298818897637
20
0.5138669291338582
11
1.9877165354330708
21
0.5149213779527559
0
LINE
8
BLACK
6
CONTINUOUS
10
1.9877165354330708
20
0.5149213779527559
11
1.9877165354330708
21
0.5294737007874015
0
LINE
8
BLACK
6
CONTINUOUS
10
1.9877165354330708
20
0.5294737007874015
11
1.9877164960629921
21
0.5294743700787401
0
LINE
8
BLACK
6
CONTINUOUS
10
1.9877164960629921
20
0.5294743700787401
11
1.9874602362204723
21
0.5318581102362204
0
LINE
8
BLACK
6
CONTINUOUS
10
1.9874602362204723
20
0.5318581102362204
11
1.9874601968503935
21
0.5318581496062992
0
LINE
8
BLACK
6
CONTINUOUS
10
1.9874601968503935
20
0.5318581496062992
11
1.9874601968503935
21
0.5318583070866142
0
LINE
8
BLACK
6
CONTINUOUS
10
1.9874601968503935
20
0.5318583070866142
11
1.9872066141732283
21
0.5325380708661417
0
LINE
8
BLACK
6
CONTINUOUS
10
1.9872066141732283
20
0.5325380708661417
11
1.9870072047244094
21
0.5353259842519685
0
LINE
8
BLACK
6
CONTINUOUS
10
1.9870072047244094
20
0.5353259842519685
11
1.9883466929133857
21
0.537779251968504
0
LINE
8
BLACK
6
CONTINUOUS
10
1.9883466929133857
20
0.537779251968504
11
1.9907999212598424
21
0.5391188976377953
0
LINE
8
BLACK
6
CONTINUOUS
10
1.9907999212598424
20
0.5391188976377953
11
1.9918544881889764
21
0.5392322834645669
0
LINE
8
BLACK
6
CONTINUOUS
10
1.9918544881889764
20
0.5392322834645669
11
2.0717946062992127
21
0.5392322834645669
0
LINE
8
BLACK
6
CONTINUOUS
10
2.0717946062992127
20
0.5392322834645669
11
2.0725706299212598
21
0.5391712204724409
0
LINE
8
BLACK
6
CONTINUOUS
10
2.0725706299212598
20
0.5391712204724409
11
2.0731178346456693
21
0.5390845275590551
0
LINE
8
BLACK
6
CONTINUOUS
10
2.0731178346456693
20
0.5390845275590551
11
2.0756865354330709
21
0.5392191732283464
0
LINE
8
BLACK
6
CONTINUOUS
10
2.0756865354330709
20
0.5392191732283464
11
2.075806338582677
21
0.5392254724409449
0
LINE
8
BLACK
6
CONTINUOUS
10
2.075806338582677
20
0.5392254724409449
11
2.0760659055118111
21
0.5392322834645669
0
LINE
8
BLACK
6
CONTINUOUS
10
2.0760659055118111
20
0.5392322834645669
11
2.0768741338582677
21
0.5392322834645669
0
LINE
8
BLACK
6
CONTINUOUS
10
2.0768741338582677
20
0.5392322834645669
11
2.076874409448819
21
0.5392322834645669
0
LINE
8
BLACK
6
CONTINUOUS
10
2.076874409448819
20
0.5392322834645669
11
2.076874566929134
21
0.5392322834645669
0
LINE
8
BLACK
6
CONTINUOUS
10
2.076874566929134
20
0.5392322834645669
11
2.0768750393700786
21
0.5392323228346456
0
LINE
8
BLACK
6
CONTINUOUS
10
2.0768750393700786
20
0.5392323228346456
11
2.0776784251968503
21
0.5393167322834646
0
LINE
8
BLACK
6
CONTINUOUS
10
2.0776784251968503
20
0.5393167322834646
11
2.0779370472440943
21
0.5393370866141732
0
LINE
8
BLACK
6
CONTINUOUS
10
2.0779370472440943
20
0.5393370866141732
11
2.0806260236220471
21
0.539478031496063
0
LINE
8
BLACK
6
CONTINUOUS
10
2.0806260236220471
20
0.539478031496063
11
2.081161220472441
21
0.5396214173228346
0
LINE
8
BLACK
6
CONTINUOUS
10
2.081161220472441
20
0.5396214173228346
11
2.0819260629921259
21
0.539763188976378
0
LINE
8
BLACK
6
CONTINUOUS
10
2.0819260629921259
20
0.539763188976378
11
2.0824074803149606
21
0.5398138188976378
0
LINE
8
BLACK
6
CONTINUOUS
10
2.0824074803149606
20
0.5398138188976378
11
2.0824774803149606
21
0.5398211811023622
0
LINE
8
BLACK
6
CONTINUOUS
10
2.0824774803149606
20
0.5398211811023622
11
2.0824775196850394
21
0.5398211811023622
0
LINE
8
BLACK
6
CONTINUOUS
10
2.0824775196850394
20
0.5398211811023622
11
2.0824776771653544
21
0.539821220472441
0
LINE
8
BLACK
6
CONTINUOUS
10
2.0824776771653544
20
0.539821220472441
11
2.0844237795275591
21
0.5404535433070866
0
LINE
8
BLACK
6
CONTINUOUS
10
2.0844237795275591
20
0.5404535433070866
11
2.0850388976377952
21
0.5406534251968503
0
LINE
8
BLACK
6
CONTINUOUS
10
2.0850388976377952
20
0.5406534251968503
11
2.0852875984251966
21
0.5407270866141732
0
LINE
8
BLACK
6
CONTINUOUS
10
2.0852875984251966
20
0.5407270866141732
11
2.0878885433070864
21
0.5414240157480315
0
LINE
8
BLACK
6
CONTINUOUS
10
2.0878885433070864
20
0.5414240157480315
11
2.0881525590551182
21
0.5415585433070866
0
LINE
8
BLACK
6
CONTINUOUS
10
2.0881525590551182
20
0.5415585433070866
11
2.0883822440944884
21
0.5416755511811023
0
LINE
8
BLACK
6
CONTINUOUS
10
2.0883822440944884
20
0.5416755511811023
11
2.0891011417322836
21
0.5419733464566929
0
LINE
8
BLACK
6
CONTINUOUS
10
2.0891011417322836
20
0.5419733464566929
11
2.0896281102362204
21
0.5421445669291338
0
LINE
8
BLACK
6
CONTINUOUS
10
2.0896281102362204
20
0.5421445669291338
11
2.0919601574803148
21
0.5434909842519685
0
LINE
8
BLACK
6
CONTINUOUS
10
2.0919601574803148
20
0.5434909842519685
11
2.092187834645669
21
0.5436146062992125
0
LINE
8
BLACK
6
CONTINUOUS
10
2.092187834645669
20
0.5436146062992125
11
2.0945877952755905
21
0.5448374409448818
0
LINE
8
BLACK
6
CONTINUOUS
10
2.0945877952755905
20
0.5448374409448818
11
2.0950186614173227
21
0.5451862992125984
0
LINE
8
BLACK
6
CONTINUOUS
10
2.0950186614173227
20
0.5451862992125984
11
2.0956594881889763
21
0.5456267716535433
0
LINE
8
BLACK
6
CONTINUOUS
10
2.0956594881889763
20
0.5456267716535433
11
2.0961395275590551
21
0.545903937007874
0
LINE
8
BLACK
6
CONTINUOUS
10
2.0961395275590551
20
0.545903937007874
11
2.0971221259842521
21
0.5467886614173229
0
LINE
8
BLACK
6
CONTINUOUS
10
2.0971221259842521
20
0.5467886614173229
11
2.0981408661417325
21
0.547705905511811
0
LINE
8
BLACK
6
CONTINUOUS
10
2.0981408661417325
20
0.547705905511811
11
2.0983380708661419
21
0.5478743307086614
0
LINE
8
BLACK
6
CONTINUOUS
10
2.0983380708661419
20
0.5478743307086614
11
2.0983558267716536
21
0.5478887401574803
0
LINE
8
BLACK
6
CONTINUOUS
10
2.0983558267716536
20
0.5478887401574803
11
2.0989661811023623
21
0.5483829921259843
0
LINE
8
BLACK
6
CONTINUOUS
10
2.0989661811023623
20
0.5483829921259843
11
2.0995382677165355
21
0.5489550787401575
0
LINE
8
BLACK
6
CONTINUOUS
10
2.0995382677165355
20
0.5489550787401575
11
2.0997260629921257
21
0.5491332677165354
0
LINE
8
BLACK
6
CONTINUOUS
10
2.0997260629921257
20
0.5491332677165354
11
2.1017269685039368
21
0.5509348425196851
0
LINE
8
BLACK
6
CONTINUOUS
10
2.1017269685039368
20
0.5509348425196851
11
2.1020525590551182
21
0.5513829921259843
0
LINE
8
BLACK
6
CONTINUOUS
10
2.1020525590551182
20
0.5513829921259843
11
2.1025581496062991
21
0.5519749606299212
0
LINE
8
BLACK
6
CONTINUOUS
10
2.1025581496062991
20
0.5519749606299212
11
2.1759503937007874
21
0.6253672047244094
0
LINE
8
BLACK
6
CONTINUOUS
10
2.1759503937007874
20
0.6253672047244094
11
2.1784036220472442
21
0.626706811023622
0
LINE
8
BLACK
6
CONTINUOUS
10
2.1784036220472442
20
0.626706811023622
11
2.1790257086614173
21
0.6268012598425197
0
LINE
8
BLACK
6
CONTINUOUS
10
2.1790257086614173
20
0.6268012598425197
11
2.1834305511811025
21
0.627186653543307
0
LINE
8
BLACK
6
CONTINUOUS
10
2.1834305511811025
20
0.627186653543307
11
2.1834306299212596
21
0.627186653543307
0
LINE
8
BLACK
6
CONTINUOUS
10
2.1834306299212596
20
0.627186653543307
11
2.1834307874015746
21
0.6271866929133858
0
LINE
8
BLACK
6
CONTINUOUS
10
2.1834307874015746
20
0.6271866929133858
11
2.1896105511811021
21
0.6288425590551181
0
LINE
8
BLACK
6
CONTINUOUS
10
2.1896105511811021
20
0.6288425590551181
11
2.1916052755905513
21
0.6293770472440945
0
LINE
8
BLACK
6
CONTINUOUS
10
2.1916052755905513
20
0.6293770472440945
11
2.1916055118110234
21
0.629377125984252
0
LINE
8
BLACK
6
CONTINUOUS
10
2.1916055118110234
20
0.629377125984252
11
2.1992754724409447
21
0.6329537007874015
0
LINE
8
BLACK
6
CONTINUOUS
10
2.1992754724409447
20
0.6329537007874015
11
2.2062077559055115
21
0.6378077165354331
0
LINE
8
BLACK
6
CONTINUOUS
10
2.2062077559055115
20
0.6378077165354331
11
2.2062079921259841
21
0.6378079133858268
0
LINE
8
BLACK
6
CONTINUOUS
10
2.2062079921259841
20
0.6378079133858268
11
2.2121920472440944
21
0.6437919685039369
0
LINE
8
BLACK
6
CONTINUOUS
10
2.2121920472440944
20
0.6437919685039369
11
2.2121921653543306
21
0.6437920866141732
0
LINE
8
BLACK
6
CONTINUOUS
10
2.2121921653543306
20
0.6437920866141732
11
2.2170462992125985
21
0.6507245275590551
0
LINE
8
BLACK
6
CONTINUOUS
10
2.2170462992125985
20
0.6507245275590551
11
2.2205041338582676
21
0.6581398818897638
0
LINE
8
BLACK
6
CONTINUOUS
10
2.2205041338582676
20
0.6581398818897638
11
2.2223512598425197
21
0.6602377165354331
0
LINE
8
BLACK
6
CONTINUOUS
10
2.2223512598425197
20
0.6602377165354331
11
2.2250393700787403
21
0.6610038976377952
0
LINE
8
BLACK
6
CONTINUOUS
10
2.2250393700787403
20
0.6610038976377952
11
2.2277149212598424
21
0.660195157480315
0
LINE
8
BLACK
6
CONTINUOUS
10
2.2277149212598424
20
0.660195157480315
11
2.2294958661417321
21
0.6581398818897638
0
LINE
8
BLACK
6
CONTINUOUS
10
2.2294958661417321
20
0.6581398818897638
11
2.2329537007874016
21
0.6507244881889763
0
LINE
8
BLACK
6
CONTINUOUS
10
2.2329537007874016
20
0.6507244881889763
11
2.2378077165354329
21
0.6437922047244095
0
LINE
8
BLACK
6
CONTINUOUS
10
2.2378077165354329
20
0.6437922047244095
11
2.2378079133858266
21
0.6437919685039369
0
LINE
8
BLACK
6
CONTINUOUS
10
2.2378079133858266
20
0.6437919685039369
11
2.2437919685039369
21
0.6378079133858268
0
LINE
8
BLACK
6
CONTINUOUS
10
2.2437919685039369
20
0.6378079133858268
11
2.2437922047244094
21
0.6378077165354331
0
LINE
8
BLACK
6
CONTINUOUS
10
2.2437922047244094
20
0.6378077165354331
11
2.2507244881889763
21
0.6329537007874015
0
LINE
8
BLACK
6
CONTINUOUS
10
2.2507244881889763
20
0.6329537007874015
11
2.2583944488188976
21
0.629377125984252
0
LINE
8
BLACK
6
CONTINUOUS
10
2.2583944488188976
20
0.629377125984252
11
2.2583946850393701
21
0.6293770472440945
0
LINE
8
BLACK
6
CONTINUOUS
10
2.2583946850393701
20
0.6293770472440945
11
2.266183661417323
21
0.62729
0
LINE
8
BLACK
6
CONTINUOUS
10
2.266183661417323
20
0.62729
11
2.2665692125984251
21
0.6271866929133858
0
LINE
8
BLACK
6
CONTINUOUS
10
2.2665692125984251
20
0.6271866929133858
11
2.2749999999999999
21
0.626449094488189
0
LINE
8
BLACK
6
CONTINUOUS
10
2.2749999999999999
20
0.626449094488189
11
2.2834307874015747
21
0.6271866929133858
0
LINE
8
BLACK
6
CONTINUOUS
10
2.2834307874015747
20
0.6271866929133858
11
2.2881503543307087
21
0.6284512992125985
0
LINE
8
BLACK
6
CONTINUOUS
10
2.2881503543307087
20
0.6284512992125985
11
2.2916052755905509
21
0.6293770472440945
0
LINE
8
BLACK
6
CONTINUOUS
10
2.2916052755905509
20
0.6293770472440945
11
2.2916055118110235
21
0.629377125984252
0
LINE
8
BLACK
6
CONTINUOUS
10
2.2916055118110235
20
0.629377125984252
11
2.2992754724409448
21
0.6329537007874015
0
LINE
8
BLACK
6
CONTINUOUS
10
2.2992754724409448
20
0.6329537007874015
11
2.3062077559055116
21
0.6378077165354331
0
LINE
8
BLACK
6
CONTINUOUS
10
2.3062077559055116
20
0.6378077165354331
11
2.3062079921259842
21
0.6378079133858268
0
LINE
8
BLACK
6
CONTINUOUS
10
2.3062079921259842
20
0.6378079133858268
11
2.3121920472440944
21
0.6437919685039369
0
LINE
8
BLACK
6
CONTINUOUS
10
2.3121920472440944
20
0.6437919685039369
11
2.3121921653543307
21
0.6437920866141732
0
LINE
8
BLACK
6
CONTINUOUS
10
2.3121921653543307
20
0.6437920866141732
11
2.3170462992125982
21
0.6507245275590551
0
LINE
8
BLACK
6
CONTINUOUS
10
2.3170462992125982
20
0.6507245275590551
11
2.3206229133858267
21
0.6583946062992125
0
LINE
8
BLACK
6
CONTINUOUS
10
2.3206229133858267
20
0.6583946062992125
11
2.3228133070866139
21
0.6665692125984252
0
LINE
8
BLACK
6
CONTINUOUS
10
2.3228133070866139
20
0.6665692125984252
11
2.3235509055118109
21
0.6749999999999999
0
LINE
8
BLACK
6
CONTINUOUS
10
2.3235509055118109
20
0.6749999999999999
11
2.3228133070866139
21
0.6834307874015748
0
LINE
8
BLACK
6
CONTINUOUS
10
2.3228133070866139
20
0.6834307874015748
11
2.3206229133858267
21
0.6916053937007874
0
LINE
8
BLACK
6
CONTINUOUS
10
2.3206229133858267
20
0.6916053937007874
11
2.3170462992125982
21
0.6992754330708661
0
LINE
8
BLACK
6
CONTINUOUS
10
2.3170462992125982
20
0.6992754330708661
11
2.3166482283464567
21
0.699843937007874
0
LINE
8
BLACK
6
CONTINUOUS
10
2.3166482283464567
20
0.699843937007874
11
2.3121923228346457
21
0.706207716535433
0
LINE
8
BLACK
6
CONTINUOUS
10
2.3121923228346457
20
0.706207716535433
11
2.3121922047244095
21
0.7062078346456693
0
LINE
8
BLACK
6
CONTINUOUS
10
2.3121922047244095
20
0.7062078346456693
11
2.3121921653543307
21
0.7062079133858268
0
LINE
8
BLACK
6
CONTINUOUS
10
2.3121921653543307
20
0.7062079133858268
11
2.3062079133858266
21
0.7121921653543307
0
LINE
8
BLACK
6
CONTINUOUS
10
2.3062079133858266
20
0.7121921653543307
11
2.2992754724409448
21
0.7170462992125984
0
LINE
8
BLACK
6
CONTINUOUS
10
2.2992754724409448
20
0.7170462992125984
11
2.2916053937007872
21
0.7206229133858267
0
LINE
8
BLACK
6
CONTINUOUS
10
2.2916053937007872
20
0.7206229133858267
11
2.2834307874015747
21
0.7228133070866142
0
LINE
8
BLACK
6
CONTINUOUS
10
2.2834307874015747
20
0.7228133070866142
11
2.2749999999999999
21
0.723550905511811
0
LINE
8
BLACK
6
CONTINUOUS
10
2.2749999999999999
20
0.723550905511811
11
2.2665692125984251
21
0.7228133070866142
0
LINE
8
BLACK
6
CONTINUOUS
10
2.2665692125984251
20
0.7228133070866142
11
2.2583946062992126
21
0.7206229133858267
0
LINE
8
BLACK
6
CONTINUOUS
10
2.2583946062992126
20
0.7206229133858267
11
2.2512987795275592
21
0.7173140551181102
0
LINE
8
BLACK
6
CONTINUOUS
10
2.2512987795275592
20
0.7173140551181102
11
2.2507244094488188
21
0.7170462204724409
0
LINE
8
BLACK
6
CONTINUOUS
10
2.2507244094488188
20
0.7170462204724409
11
2.2437922440944882
21
0.7121923228346456
0
LINE
8
BLACK
6
CONTINUOUS
10
2.2437922440944882
20
0.7121923228346456
11
2.2437918503937007
21
0.712191968503937
0
LINE
8
BLACK
6
CONTINUOUS
10
2.2437918503937007
20
0.712191968503937
11
2.2378079921259841
21
0.7062081102362204
0
LINE
8
BLACK
6
CONTINUOUS
10
2.2378079921259841
20
0.7062081102362204
11
2.2378076377952754
21
0.706207716535433
0
LINE
8
BLACK
6
CONTINUOUS
10
2.2378076377952754
20
0.706207716535433
11
2.2329537401574804
21
0.6992755511811023
0
LINE
8
BLACK
6
CONTINUOUS
10
2.2329537401574804
20
0.6992755511811023
11
2.2319906299212597
21
0.6972101574803149
0
LINE
8
BLACK
6
CONTINUOUS
10
2.2319906299212597
20
0.6972101574803149
11
2.229518307086614
21
0.691908188976378
0
LINE
8
BLACK
6
CONTINUOUS
10
2.229518307086614
20
0.691908188976378
11
2.2294958661417321
21
0.6918600787401574
0
LINE
8
BLACK
6
CONTINUOUS
10
2.2294958661417321
20
0.6918600787401574
11
2.22764874015748
21
0.6897622440944882
0
LINE
8
BLACK
6
CONTINUOUS
10
2.22764874015748
20
0.6897622440944882
11
2.2249606299212599
21
0.688996062992126
0
LINE
8
BLACK
6
CONTINUOUS
10
2.2249606299212599
20
0.688996062992126
11
2.2222850787401573
21
0.6898048031496062
0
LINE
8
BLACK
6
CONTINUOUS
10
2.2222850787401573
20
0.6898048031496062
11
2.2205041338582676
21
0.6918600787401574
0
LINE
8
BLACK
6
CONTINUOUS
10
2.2205041338582676
20
0.6918600787401574
11
2.2170462992125985
21
0.6992754330708661
0
LINE
8
BLACK
6
CONTINUOUS
10
2.2170462992125985
20
0.6992754330708661
11
2.2166482283464566
21
0.699843937007874
0
LINE
8
BLACK
6
CONTINUOUS
10
2.2166482283464566
20
0.699843937007874
11
2.2121923228346456
21
0.706207716535433
0
LINE
8
BLACK
6
CONTINUOUS
10
2.2121923228346456
20
0.706207716535433
11
2.2121922047244094
21
0.7062078346456693
0
LINE
8
BLACK
6
CONTINUOUS
10
2.2121922047244094
20
0.7062078346456693
11
2.2121921653543306
21
0.7062079133858268
0
LINE
8
BLACK
6
CONTINUOUS
10
2.2121921653543306
20
0.7062079133858268
11
2.2062079133858266
21
0.7121921653543307
0
LINE
8
BLACK
6
CONTINUOUS
10
2.2062079133858266
20
0.7121921653543307
11
2.1992754724409447
21
0.7170462992125984
0
LINE
8
BLACK
6
CONTINUOUS
10
2.1992754724409447
20
0.7170462992125984
11
2.1916053937007876
21
0.7206229133858267
0
LINE
8
BLACK
6
CONTINUOUS
10
2.1916053937007876
20
0.7206229133858267
11
2.1834307874015746
21
0.7228133070866142
0
LINE
8
BLACK
6
CONTINUOUS
10
2.1834307874015746
20
0.7228133070866142
11
2.1749999999999998
21
0.723550905511811
0
LINE
8
BLACK
6
CONTINUOUS
10
2.1749999999999998
20
0.723550905511811
11
2.1665692125984251
21
0.7228133070866142
0
LINE
8
BLACK
6
CONTINUOUS
10
2.1665692125984251
20
0.7228133070866142
11
2.1583946062992125
21
0.7206229133858267
0
LINE
8
BLACK
6
CONTINUOUS
10
2.1583946062992125
20
0.7206229133858267
11
2.1512987795275591
21
0.7173140551181102
0
LINE
8
BLACK
6
CONTINUOUS
10
2.1512987795275591
20
0.7173140551181102
11
2.1507244094488187
21
0.7170462204724409
0
LINE
8
BLACK
6
CONTINUOUS
10
2.1507244094488187
20
0.7170462204724409
11
2.1437922440944881
21
0.7121923228346456
0
LINE
8
BLACK
6
CONTINUOUS
10
2.1437922440944881
20
0.7121923228346456
11
2.1437918503937006
21
0.712191968503937
0
LINE
8
BLACK
6
CONTINUOUS
10
2.1437918503937006
20
0.712191968503937
11
2.137807992125984
21
0.7062081102362204
0
LINE
8
BLACK
6
CONTINUOUS
10
2.137807992125984
20
0.7062081102362204
11
2.1378076377952757
21
0.706207716535433
0
LINE
8
BLACK
6
CONTINUOUS
10
2.1378076377952757
20
0.706207716535433
11
2.1329537401574803
21
0.6992755511811023
0
LINE
8
BLACK
6
CONTINUOUS
10
2.1329537401574803
20
0.6992755511811023
11
2.1319906299212597
21
0.6972101574803149
0
LINE
8
BLACK
6
CONTINUOUS
10
2.1319906299212597
20
0.6972101574803149
11
2.1295183070866139
21
0.691908188976378
0
LINE
8
BLACK
6
CONTINUOUS
10
2.1295183070866139
20
0.691908188976378
11
2.129495866141732
21
0.6918600787401574
0
LINE
8
BLACK
6
CONTINUOUS
10
2.129495866141732
20
0.6918600787401574
11
2.1276487401574804
21
0.6897622440944882
0
LINE
8
BLACK
6
CONTINUOUS
10
2.1276487401574804
20
0.6897622440944882
11
2.1249606299212598
21
0.688996062992126
0
LINE
8
BLACK
6
CONTINUOUS
10
2.1249606299212598
20
0.688996062992126
11
2.1222850787401573
21
0.6898048031496062
0
LINE
8
BLACK
6
CONTINUOUS
10
2.1222850787401573
20
0.6898048031496062
11
2.1205041338582675
21
0.6918600787401574
0
LINE
8
BLACK
6
CONTINUOUS
10
2.1205041338582675
20
0.6918600787401574
11
2.1170462992125985
21
0.6992754330708661
0
LINE
8
BLACK
6
CONTINUOUS
10
2.1170462992125985
20
0.6992754330708661
11
2.1166482283464565
21
0.699843937007874
0
LINE
8
BLACK
6
CONTINUOUS
10
2.1166482283464565
20
0.699843937007874
11
2.1121923228346455
21
0.706207716535433
0
LINE
8
BLACK
6
CONTINUOUS
10
2.1121923228346455
20
0.706207716535433
11
2.1121922047244093
21
0.7062078346456693
0
LINE
8
BLACK
6
CONTINUOUS
10
2.1121922047244093
20
0.7062078346456693
11
2.1121921653543305
21
0.7062079133858268
0
LINE
8
BLACK
6
CONTINUOUS
10
2.1121921653543305
20
0.7062079133858268
11
2.1062079133858269
21
0.7121921653543307
0
LINE
8
BLACK
6
CONTINUOUS
10
2.1062079133858269
20
0.7121921653543307
11
2.099275472440945
21
0.7170462992125984
0
LINE
8
BLACK
6
CONTINUOUS
10
2.099275472440945
20
0.7170462992125984
11
2.0916053937007875
21
0.7206229133858267
0
LINE
8
BLACK
6
CONTINUOUS
10
2.0916053937007875
20
0.7206229133858267
11
2.0834307874015749
21
0.7228133070866142
0
LINE
8
BLACK
6
CONTINUOUS
10
2.0834307874015749
20
0.7228133070866142
11
2.0749999999999997
21
0.723550905511811
0
LINE
8
BLACK
6
CONTINUOUS
10
2.0749999999999997
20
0.723550905511811
11
2.066569212598425
21
0.7228133070866142
0
LINE
8
BLACK
6
CONTINUOUS
10
2.066569212598425
20
0.7228133070866142
11
2.0583946062992124
21
0.7206229133858267
0
LINE
8
BLACK
6
CONTINUOUS
10
2.0583946062992124
20
0.7206229133858267
11
2.051298779527559
21
0.7173140551181102
0
LINE
8
BLACK
6
CONTINUOUS
10
2.051298779527559
20
0.7173140551181102
11
2.0507244094488191
21
0.7170462204724409
0
LINE
8
BLACK
6
CONTINUOUS
10
2.0507244094488191
20
0.7170462204724409
11
2.043792244094488
21
0.7121923228346456
0
LINE
8
BLACK
6
CONTINUOUS
10
2.043792244094488
20
0.7121923228346456
11
2.0436262204724409
21
0.7120529921259843
0
LINE
8
BLACK
6
CONTINUOUS
10
2.0436262204724409
20
0.7120529921259843
11
2.0435907874015746
21
0.7120951968503937
0
LINE
8
BLACK
6
CONTINUOUS
10
2.0435907874015746
20
0.7120951968503937
11
2.0413673228346458
21
0.7108810629921259
0
LINE
8
BLACK
6
CONTINUOUS
10
2.0413673228346458
20
0.7108810629921259
11
2.0403128740157479
21
0.710767716535433
0
LINE
8
BLACK
6
CONTINUOUS
10
2.0403128740157479
20
0.710767716535433
11
2.0168701968503937
21
0.710767716535433
0
LINE
8
BLACK
6
CONTINUOUS
10
2.0168701968503937
20
0.710767716535433
11
2.0141882677165355
21
0.7115551968503937
0
LINE
8
BLACK
6
CONTINUOUS
10
2.0141882677165355
20
0.7115551968503937
11
2.0133625196850393
21
0.7122206692913385
0
LINE
8
BLACK
6
CONTINUOUS
10
2.0133625196850393
20
0.7122206692913385
11
1.9891694881889763
21
0.7364137007874015
0
LINE
8
BLACK
6
CONTINUOUS
10
1.9891694881889763
20
0.7364137007874015
11
1.9878298818897637
21
0.7388669291338582
0
LINE
8
BLACK
6
CONTINUOUS
10
1.9878298818897637
20
0.7388669291338582
11
1.9877165354330708
21
0.7399213779527559
0
LINE
8
BLACK
6
CONTINUOUS
10
1.9877165354330708
20
0.7399213779527559
11
1.9877165354330708
21
0.7544737007874015
0
LINE
8
BLACK
6
CONTINUOUS
10
1.9877165354330708
20
0.7544737007874015
11
1.9877164960629921
21
0.7544743700787402
0
LINE
8
BLACK
6
CONTINUOUS
10
1.9877164960629921
20
0.7544743700787402
11
1.9874602362204723
21
0.7568581102362204
0
LINE
8
BLACK
6
CONTINUOUS
10
1.9874602362204723
20
0.7568581102362204
11
1.9874601968503935
21
0.7568581496062992
0
LINE
8
BLACK
6
CONTINUOUS
10
1.9874601968503935
20
0.7568581496062992
11
1.9874601968503935
21
0.7568583070866142
0
LINE
8
BLACK
6
CONTINUOUS
10
1.9874601968503935
20
0.7568583070866142
11
1.9872066141732283
21
0.7575380708661417
0
LINE
8
BLACK
6
CONTINUOUS
10
1.9872066141732283
20
0.7575380708661417
11
1.9870072047244094
21
0.7603259842519685
0
LINE
8
BLACK
6
CONTINUOUS
10
1.9870072047244094
20
0.7603259842519685
11
1.9883466929133857
21
0.7627792519685039
0
LINE
8
BLACK
6
CONTINUOUS
10
1.9883466929133857
20
0.7627792519685039
11
1.9907999212598424
21
0.7641188976377953
0
LINE
8
BLACK
6
CONTINUOUS
10
1.9907999212598424
20
0.7641188976377953
11
1.9918544881889764
21
0.764232283464567
0
LINE
8
BLACK
6
CONTINUOUS
10
1.9918544881889764
20
0.764232283464567
11
2.0717946062992127
21
0.764232283464567
0
LINE
8
BLACK
6
CONTINUOUS
10
2.0717946062992127
20
0.764232283464567
11
2.0725706299212598
21
0.7641712204724409
0
LINE
8
BLACK
6
CONTINUOUS
10
2.0725706299212598
20
0.7641712204724409
11
2.0731178346456693
21
0.7640845275590551
0
LINE
8
BLACK
6
CONTINUOUS
10
2.0731178346456693
20
0.7640845275590551
11
2.0756865354330709
21
0.7642191732283464
0
LINE
8
BLACK
6
CONTINUOUS
10
2.0756865354330709
20
0.7642191732283464
11
2.075806338582677
21
0.7642254724409449
0
LINE
8
BLACK
6
CONTINUOUS
10
2.075806338582677
20
0.7642254724409449
11
2.0760659055118111
21
0.764232283464567
0
LINE
8
BLACK
6
CONTINUOUS
10
2.0760659055118111
20
0.764232283464567
11
2.0768741338582677
21
0.764232283464567
0
LINE
8
BLACK
6
CONTINUOUS
10
2.0768741338582677
20
0.764232283464567
11
2.076874409448819
21
0.764232283464567
0
LINE
8
BLACK
6
CONTINUOUS
10
2.076874409448819
20
0.764232283464567
11
2.076874566929134
21
0.764232283464567
0
LINE
8
BLACK
6
CONTINUOUS
10
2.076874566929134
20
0.764232283464567
11
2.0768750393700786
21
0.7642323228346457
0
LINE
8
BLACK
6
CONTINUOUS
10
2.0768750393700786
20
0.7642323228346457
11
2.0776784251968503
21
0.7643167322834645
0
LINE
8
BLACK
6
CONTINUOUS
10
2.0776784251968503
20
0.7643167322834645
11
2.0779370472440943
21
0.7643370866141732
0
LINE
8
BLACK
6
CONTINUOUS
10
2.0779370472440943
20
0.7643370866141732
11
2.0806260236220471
21
0.764478031496063
0
LINE
8
BLACK
6
CONTINUOUS
10
2.0806260236220471
20
0.764478031496063
11
2.081161220472441
21
0.7646214173228346
0
LINE
8
BLACK
6
CONTINUOUS
10
2.081161220472441
20
0.7646214173228346
11
2.0819260629921259
21
0.764763188976378
0
LINE
8
BLACK
6
CONTINUOUS
10
2.0819260629921259
20
0.764763188976378
11
2.0824074803149606
21
0.7648138188976378
0
LINE
8
BLACK
6
CONTINUOUS
10
2.0824074803149606
20
0.7648138188976378
11
2.0824774803149606
21
0.7648211811023622
0
LINE
8
BLACK
6
CONTINUOUS
10
2.0824774803149606
20
0.7648211811023622
11
2.0824775196850394
21
0.7648211811023622
0
LINE
8
BLACK
6
CONTINUOUS
10
2.0824775196850394
20
0.7648211811023622
11
2.0824776771653544
21
0.7648212204724409
0
LINE
8
BLACK
6
CONTINUOUS
10
2.0824776771653544
20
0.7648212204724409
11
2.0844237795275591
21
0.7654535433070866
0
LINE
8
BLACK
6
CONTINUOUS
10
2.0844237795275591
20
0.7654535433070866
11
2.0850388976377952
21
0.7656534251968504
0
LINE
8
BLACK
6
CONTINUOUS
10
2.0850388976377952
20
0.7656534251968504
11
2.0852875984251966
21
0.7657270866141732
0
LINE
8
BLACK
6
CONTINUOUS
10
2.0852875984251966
20
0.7657270866141732
11
2.0878885433070864
21
0.7664240157480314
0
LINE
8
BLACK
6
CONTINUOUS
10
2.0878885433070864
20
0.7664240157480314
11
2.0881525590551182
21
0.7665585433070866
0
LINE
8
BLACK
6
CONTINUOUS
10
2.0881525590551182
20
0.7665585433070866
11
2.0883822440944884
21
0.7666755511811023
0
LINE
8
BLACK
6
CONTINUOUS
10
2.0883822440944884
20
0.7666755511811023
11
2.0891011417322836
21
0.7669733464566929
0
LINE
8
BLACK
6
CONTINUOUS
10
2.0891011417322836
20
0.7669733464566929
11
2.0896281102362204
21
0.7671445669291338
0
LINE
8
BLACK
6
CONTINUOUS
10
2.0896281102362204
20
0.7671445669291338
11
2.0919601574803148
21
0.7684909842519685
0
LINE
8
BLACK
6
CONTINUOUS
10
2.0919601574803148
20
0.7684909842519685
11
2.092187834645669
21
0.7686146062992126
0
LINE
8
BLACK
6
CONTINUOUS
10
2.092187834645669
20
0.7686146062992126
11
2.0945877952755905
21
0.7698374409448818
0
LINE
8
BLACK
6
CONTINUOUS
10
2.0945877952755905
20
0.7698374409448818
11
2.0950186614173227
21
0.7701862992125984
0
LINE
8
BLACK
6
CONTINUOUS
10
2.0950186614173227
20
0.7701862992125984
11
2.0956594881889763
21
0.7706267716535433
0
LINE
8
BLACK
6
CONTINUOUS
10
2.0956594881889763
20
0.7706267716535433
11
2.0961395275590551
21
0.770903937007874
0
LINE
8
BLACK
6
CONTINUOUS
10
2.0961395275590551
20
0.770903937007874
11
2.0981408661417325
21
0.772705905511811
0
LINE
8
BLACK
6
CONTINUOUS
10
2.0981408661417325
20
0.772705905511811
11
2.0983380708661419
21
0.7728743307086614
0
LINE
8
BLACK
6
CONTINUOUS
10
2.0983380708661419
20
0.7728743307086614
11
2.0983558267716536
21
0.7728887401574803
0
LINE
8
BLACK
6
CONTINUOUS
10
2.0983558267716536
20
0.7728887401574803
11
2.0989661811023623
21
0.7733829921259843
0
LINE
8
BLACK
6
CONTINUOUS
10
2.0989661811023623
20
0.7733829921259843
11
2.0995382677165355
21
0.7739550787401575
0
LINE
8
BLACK
6
CONTINUOUS
10
2.0995382677165355
20
0.7739550787401575
11
2.0997260629921257
21
0.7741332677165355
0
LINE
8
BLACK
6
CONTINUOUS
10
2.0997260629921257
20
0.7741332677165355
11
2.1017269685039368
21
0.775934842519685
0
LINE
8
BLACK
6
CONTINUOUS
10
2.1017269685039368
20
0.775934842519685
11
2.1020525590551182
21
0.7763829921259843
0
LINE
8
BLACK
6
CONTINUOUS
10
2.1020525590551182
20
0.7763829921259843
11
2.1025581496062991
21
0.7769749606299212
0
LINE
8
BLACK
6
CONTINUOUS
10
2.1025581496062991
20
0.7769749606299212
11
2.1759503937007874
21
0.8503672047244094
0
LINE
8
BLACK
6
CONTINUOUS
10
2.1759503937007874
20
0.8503672047244094
11
2.1784036220472442
21
0.851706811023622
0
LINE
8
BLACK
6
CONTINUOUS
10
2.1784036220472442
20
0.851706811023622
11
2.1790257086614173
21
0.8518012598425196
0
LINE
8
BLACK
6
CONTINUOUS
10
2.1790257086614173
20
0.8518012598425196
11
2.1834305511811025
21
0.852186653543307
0
LINE
8
BLACK
6
CONTINUOUS
10
2.1834305511811025
20
0.852186653543307
11
2.1834306299212596
21
0.852186653543307
0
LINE
8
BLACK
6
CONTINUOUS
10
2.1834306299212596
20
0.852186653543307
11
2.1834307874015746
21
0.8521866929133858
0
LINE
8
BLACK
6
CONTINUOUS
10
2.1834307874015746
20
0.8521866929133858
11
2.1896105511811021
21
0.8538425590551181
0
LINE
8
BLACK
6
CONTINUOUS
10
2.1896105511811021
20
0.8538425590551181
11
2.1916052755905513
21
0.8543770472440945
0
LINE
8
BLACK
6
CONTINUOUS
10
2.1916052755905513
20
0.8543770472440945
11
2.1916055118110234
21
0.854377125984252
0
LINE
8
BLACK
6
CONTINUOUS
10
2.1916055118110234
20
0.854377125984252
11
2.1992754724409447
21
0.8579537007874015
0
LINE
8
BLACK
6
CONTINUOUS
10
2.1992754724409447
20
0.8579537007874015
11
2.2062077559055115
21
0.8628077165354331
0
LINE
8
BLACK
6
CONTINUOUS
10
2.2062077559055115
20
0.8628077165354331
11
2.2062079921259841
21
0.8628079133858267
0
LINE
8
BLACK
6
CONTINUOUS
10
2.2062079921259841
20
0.8628079133858267
11
2.2121920472440944
21
0.868791968503937
0
LINE
8
BLACK
6
CONTINUOUS
10
2.2121920472440944
20
0.868791968503937
11
2.2121921653543306
21
0.8687920866141732
0
LINE
8
BLACK
6
CONTINUOUS
10
2.2121921653543306
20
0.8687920866141732
11
2.2170462992125985
21
0.8757245275590551
0
LINE
8
BLACK
6
CONTINUOUS
10
2.2170462992125985
20
0.8757245275590551
11
2.2205041338582676
21
0.8831398818897638
0
LINE
8
BLACK
6
CONTINUOUS
10
2.2205041338582676
20
0.8831398818897638
11
2.2223512598425197
21
0.885237716535433
0
LINE
8
BLACK
6
CONTINUOUS
10
2.2223512598425197
20
0.885237716535433
11
2.2250393700787403
21
0.8860038976377953
0
LINE
8
BLACK
6
CONTINUOUS
10
2.2250393700787403
20
0.8860038976377953
11
2.2277149212598424
21
0.885195157480315
0
LINE
8
BLACK
6
CONTINUOUS
10
2.2277149212598424
20
0.885195157480315
11
2.2294958661417321
21
0.8831398818897638
0
LINE
8
BLACK
6
CONTINUOUS
10
2.2294958661417321
20
0.8831398818897638
11
2.2329537007874016
21
0.8757244881889764
0
LINE
8
BLACK
6
CONTINUOUS
10
2.2329537007874016
20
0.8757244881889764
11
2.2378077165354329
21
0.8687922047244094
0
LINE
8
BLACK
6
CONTINUOUS
10
2.2378077165354329
20
0.8687922047244094
11
2.2378079133858266
21
0.868791968503937
0
LINE
8
BLACK
6
CONTINUOUS
10
2.2378079133858266
20
0.868791968503937
11
2.2437919685039369
21
0.8628079133858267
0
LINE
8
BLACK
6
CONTINUOUS
10
2.2437919685039369
20
0.8628079133858267
11
2.2437922047244094
21
0.8628077165354331
0
LINE
8
BLACK
6
CONTINUOUS
10
2.2437922047244094
20
0.8628077165354331
11
2.2507244881889763
21
0.8579537007874015
0
LINE
8
BLACK
6
CONTINUOUS
10
2.2507244881889763
20
0.8579537007874015
11
2.2583944488188976
21
0.854377125984252
0
LINE
8
BLACK
6
CONTINUOUS
10
2.2583944488188976
20
0.854377125984252
11
2.2583946850393701
21
0.8543770472440945
0
LINE
8
BLACK
6
CONTINUOUS
10
2.2583946850393701
20
0.8543770472440945
11
2.2657224409448817
21
0.8524135826771654
0
LINE
8
BLACK
6
CONTINUOUS
10
2.2657224409448817
20
0.8524135826771654
11
2.2665692125984251
21
0.8521866929133858
0
LINE
8
BLACK
6
CONTINUOUS
10
2.2665692125984251
20
0.8521866929133858
11
2.2749999999999999
21
0.851449094488189
0
LINE
8
BLACK
6
CONTINUOUS
10
2.2749999999999999
20
0.851449094488189
11
2.2834307874015747
21
0.8521866929133858
0
LINE
8
BLACK
6
CONTINUOUS
10
2.2834307874015747
20
0.8521866929133858
11
2.2881503543307087
21
0.8534512992125984
0
LINE
8
BLACK
6
CONTINUOUS
10
2.2881503543307087
20
0.8534512992125984
11
2.2916052755905509
21
0.8543770472440945
0
LINE
8
BLACK
6
CONTINUOUS
10
2.2916052755905509
20
0.8543770472440945
11
2.2916055118110235
21
0.854377125984252
0
LINE
8
BLACK
6
CONTINUOUS
10
2.2916055118110235
20
0.854377125984252
11
2.2992754724409448
21
0.8579537007874015
0
LINE
8
BLACK
6
CONTINUOUS
10
2.2992754724409448
20
0.8579537007874015
11
2.3062077559055116
21
0.8628077165354331
0
LINE
8
BLACK
6
CONTINUOUS
10
2.3062077559055116
20
0.8628077165354331
11
2.3062079921259842
21
0.8628079133858267
0
LINE
8
BLACK
6
CONTINUOUS
10
2.3062079921259842
20
0.8628079133858267
11
2.3121920472440944
21
0.868791968503937
0
LINE
8
BLACK
6
CONTINUOUS
10
2.3121920472440944
20
0.868791968503937
11
2.3121921653543307
21
0.8687920866141732
0
LINE
8
BLACK
6
CONTINUOUS
10
2.3121921653543307
20
0.8687920866141732
11
2.3170462992125982
21
0.8757245275590551
0
LINE
8
BLACK
6
CONTINUOUS
10
2.3170462992125982
20
0.8757245275590551
11
2.3206229133858267
21
0.8833946062992126
0
LINE
8
BLACK
6
CONTINUOUS
10
2.3206229133858267
20
0.8833946062992126
11
2.3228133070866139
21
0.8915692125984251
0
LINE
8
BLACK
6
CONTINUOUS
10
2.3228133070866139
20
0.8915692125984251
11
2.3235509055118109
21
0.9
0
LINE
8
BLACK
6
CONTINUOUS
10
2.3235509055118109
20
0.9
11
2.3228133070866139
21
0.9084307874015748
0
LINE
8
BLACK
6
CONTINUOUS
10
2.3228133070866139
20
0.9084307874015748
11
2.3206229133858267
21
0.9166053937007874
0
LINE
8
BLACK
6
CONTINUOUS
10
2.3206229133858267
20
0.9166053937007874
11
2.3170462992125982
21
0.9242754330708661
0
LINE
8
BLACK
6
CONTINUOUS
10
2.3170462992125982
20
0.9242754330708661
11
2.3121921653543307
21
0.9312079133858268
0
LINE
8
BLACK
6
CONTINUOUS
10
2.3121921653543307
20
0.9312079133858268
11
2.3062079133858266
21
0.9371921653543307
0
LINE
8
BLACK
6
CONTINUOUS
10
2.3062079133858266
20
0.9371921653543307
11
2.2992754724409448
21
0.9420462992125984
0
LINE
8
BLACK
6
CONTINUOUS
10
2.2992754724409448
20
0.9420462992125984
11
2.2916053937007872
21
0.9456229133858267
0
LINE
8
BLACK
6
CONTINUOUS
10
2.2916053937007872
20
0.9456229133858267
11
2.2834307874015747
21
0.9478133070866142
0
LINE
8
BLACK
6
CONTINUOUS
10
2.2834307874015747
20
0.9478133070866142
11
2.2749999999999999
21
0.948550905511811
0
LINE
8
BLACK
6
CONTINUOUS
10
2.2749999999999999
20
0.948550905511811
11
2.2665692125984251
21
0.9478133070866142
0
LINE
8
BLACK
6
CONTINUOUS
10
2.2665692125984251
20
0.9478133070866142
11
2.2583946062992126
21
0.9456229133858267
0
LINE
8
BLACK
6
CONTINUOUS
10
2.2583946062992126
20
0.9456229133858267
11
2.2507245669291338
21
0.9420462992125984
0
LINE
8
BLACK
6
CONTINUOUS
10
2.2507245669291338
20
0.9420462992125984
11
2.2507244094488188
21
0.9420462204724409
0
LINE
8
BLACK
6
CONTINUOUS
10
2.2507244094488188
20
0.9420462204724409
11
2.2437922440944882
21
0.9371923228346456
0
LINE
8
BLACK
6
CONTINUOUS
10
2.2437922440944882
20
0.9371923228346456
11
2.2437918503937007
21
0.9371919685039369
0
LINE
8
BLACK
6
CONTINUOUS
10
2.2437918503937007
20
0.9371919685039369
11
2.2378079921259841
21
0.9312081102362204
0
LINE
8
BLACK
6
CONTINUOUS
10
2.2378079921259841
20
0.9312081102362204
11
2.2378076377952754
21
0.931207716535433
0
LINE
8
BLACK
6
CONTINUOUS
10
2.2378076377952754
20
0.931207716535433
11
2.2329537401574804
21
0.9242755511811024
0
LINE
8
BLACK
6
CONTINUOUS
10
2.2329537401574804
20
0.9242755511811024
11
2.2313137401574803
21
0.9207585433070866
0
LINE
8
BLACK
6
CONTINUOUS
10
2.2313137401574803
20
0.9207585433070866
11
2.229518307086614
21
0.9169081889763779
0
LINE
8
BLACK
6
CONTINUOUS
10
2.229518307086614
20
0.9169081889763779
11
2.2294958661417321
21
0.9168600787401575
0
LINE
8
BLACK
6
CONTINUOUS
10
2.2294958661417321
20
0.9168600787401575
11
2.22764874015748
21
0.9147622440944881
0
LINE
8
BLACK
6
CONTINUOUS
10
2.22764874015748
20
0.9147622440944881
11
2.2249606299212599
21
0.913996062992126
0
LINE
8
BLACK
6
CONTINUOUS
10
2.2249606299212599
20
0.913996062992126
11
2.2222850787401573
21
0.9148048031496063
0
LINE
8
BLACK
6
CONTINUOUS
10
2.2222850787401573
20
0.9148048031496063
11
2.2205041338582676
21
0.9168600787401575
0
LINE
8
BLACK
6
CONTINUOUS
10
2.2205041338582676
20
0.9168600787401575
11
2.2170462992125985
21
0.9242754330708661
0
LINE
8
BLACK
6
CONTINUOUS
10
2.2170462992125985
20
0.9242754330708661
11
2.2121921653543306
21
0.9312079133858268
0
LINE
8
BLACK
6
CONTINUOUS
10
2.2121921653543306
20
0.9312079133858268
11
2.2062079133858266
21
0.9371921653543307
0
LINE
8
BLACK
6
CONTINUOUS
10
2.2062079133858266
20
0.9371921653543307
11
2.1992754724409447
21
0.9420462992125984
0
LINE
8
BLACK
6
CONTINUOUS
10
2.1992754724409447
20
0.9420462992125984
11
2.1916053937007876
21
0.9456229133858267
0
LINE
8
BLACK
6
CONTINUOUS
10
2.1916053937007876
20
0.9456229133858267
11
2.1834307874015746
21
0.9478133070866142
0
LINE
8
BLACK
6
CONTINUOUS
10
2.1834307874015746
20
0.9478133070866142
11
2.1749999999999998
21
0.948550905511811
0
LINE
8
BLACK
6
CONTINUOUS
10
2.1749999999999998
20
0.948550905511811
11
2.1665692125984251
21
0.9478133070866142
0
LINE
8
BLACK
6
CONTINUOUS
10
2.1665692125984251
20
0.9478133070866142
11
2.1583946062992125
21
0.9456229133858267
0
LINE
8
BLACK
6
CONTINUOUS
10
2.1583946062992125
20
0.9456229133858267
11
2.1507245669291337
21
0.9420462992125984
0
LINE
8
BLACK
6
CONTINUOUS
10
2.1507245669291337
20
0.9420462992125984
11
2.1507244094488187
21
0.9420462204724409
0
LINE
8
BLACK
6
CONTINUOUS
10
2.1507244094488187
20
0.9420462204724409
11
2.1437922440944881
21
0.9371923228346456
0
LINE
8
BLACK
6
CONTINUOUS
10
2.1437922440944881
20
0.9371923228346456
11
2.1437918503937006
21
0.9371919685039369
0
LINE
8
BLACK
6
CONTINUOUS
10
2.1437918503937006
20
0.9371919685039369
11
2.137807992125984
21
0.9312081102362204
0
LINE
8
BLACK
6
CONTINUOUS
10
2.137807992125984
20
0.9312081102362204
11
2.1378076377952757
21
0.931207716535433
0
LINE
8
BLACK
6
CONTINUOUS
10
2.1378076377952757
20
0.931207716535433
11
2.1329537401574803
21
0.9242755511811024
0
LINE
8
BLACK
6
CONTINUOUS
10
2.1329537401574803
20
0.9242755511811024
11
2.1313137401574802
21
0.9207585433070866
0
LINE
8
BLACK
6
CONTINUOUS
10
2.1313137401574802
20
0.9207585433070866
11
2.1295183070866139
21
0.9169081889763779
0
LINE
8
BLACK
6
CONTINUOUS
10
2.1295183070866139
20
0.9169081889763779
11
2.129495866141732
21
0.9168600787401575
0
LINE
8
BLACK
6
CONTINUOUS
10
2.129495866141732
20
0.9168600787401575
11
2.1276487401574804
21
0.9147622440944881
0
LINE
8
BLACK
6
CONTINUOUS
10
2.1276487401574804
20
0.9147622440944881
11
2.1249606299212598
21
0.913996062992126
0
LINE
8
BLACK
6
CONTINUOUS
10
2.1249606299212598
20
0.913996062992126
11
2.1222850787401573
21
0.9148048031496063
0
LINE
8
BLACK
6
CONTINUOUS
10
2.1222850787401573
20
0.9148048031496063
11
2.1205041338582675
21
0.9168600787401575
0
LINE
8
BLACK
6
CONTINUOUS
10
2.1205041338582675
20
0.9168600787401575
11
2.1170462992125985
21
0.9242754330708661
0
LINE
8
BLACK
6
CONTINUOUS
10
2.1170462992125985
20
0.9242754330708661
11
2.1121921653543305
21
0.9312079133858268
0
LINE
8
BLACK
6
CONTINUOUS
10
2.1121921653543305
20
0.9312079133858268
11
2.1062079133858269
21
0.9371921653543307
0
LINE
8
BLACK
6
CONTINUOUS
10
2.1062079133858269
20
0.9371921653543307
11
2.099275472440945
21
0.9420462992125984
0
LINE
8
BLACK
6
CONTINUOUS
10
2.099275472440945
20
0.9420462992125984
11
2.0916053937007875
21
0.9456229133858267
0
LINE
8
BLACK
6
CONTINUOUS
10
2.0916053937007875
20
0.9456229133858267
11
2.0834307874015749
21
0.9478133070866142
0
LINE
8
BLACK
6
CONTINUOUS
10
2.0834307874015749
20
0.9478133070866142
11
2.0749999999999997
21
0.948550905511811
0
LINE
8
BLACK
6
CONTINUOUS
10
2.0749999999999997
20
0.948550905511811
11
2.066569212598425
21
0.9478133070866142
0
LINE
8
BLACK
6
CONTINUOUS
10
2.066569212598425
20
0.9478133070866142
11
2.0583946062992124
21
0.9456229133858267
0
LINE
8
BLACK
6
CONTINUOUS
10
2.0583946062992124
20
0.9456229133858267
11
2.0507245669291336
21
0.9420462992125984
0
LINE
8
BLACK
6
CONTINUOUS
10
2.0507245669291336
20
0.9420462992125984
11
2.0486616141732283
21
0.9406018110236221
0
LINE
8
BLACK
6
CONTINUOUS
10
2.0486616141732283
20
0.9406018110236221
11
2.0460131102362205
21
0.939708622047244
0
LINE
8
BLACK
6
CONTINUOUS
10
2.0460131102362205
20
0.939708622047244
11
2.0458163779527561
21
0.9397047244094487
0
LINE
8
BLACK
6
CONTINUOUS
10
2.0458163779527561
20
0.9397047244094487
11
2.0185009448818896
21
0.9397047244094487
0
LINE
8
BLACK
6
CONTINUOUS
10
2.0185009448818896
20
0.9397047244094487
11
2.0158190157480314
21
0.9404922047244094
0
LINE
8
BLACK
6
CONTINUOUS
10
2.0158190157480314
20
0.9404922047244094
11
2.0149932677165352
21
0.9411576771653543
0
LINE
8
BLACK
6
CONTINUOUS
10
2.0149932677165352
20
0.9411576771653543
11
1.9891694881889763
21
0.9669814566929134
0
LINE
8
BLACK
6
CONTINUOUS
10
1.9891694881889763
20
0.9669814566929134
11
1.9878298818897637
21
0.96943468503937
0
LINE
8
BLACK
6
CONTINUOUS
10
1.9878298818897637
20
0.96943468503937
11
1.9877165354330708
21
0.9704891338582677
0
LINE
8
BLACK
6
CONTINUOUS
10
1.9877165354330708
20
0.9704891338582677
11
1.9877165354330708
21
0.9794737007874016
0
LINE
8
BLACK
6
CONTINUOUS
10
1.9877165354330708
20
0.9794737007874016
11
1.9877164960629921
21
0.9794743700787402
0
LINE
8
BLACK
6
CONTINUOUS
10
1.9877164960629921
20
0.9794743700787402
11
1.9874602362204723
21
0.9818581102362205
0
LINE
8
BLACK
6
CONTINUOUS
10
1.9874602362204723
20
0.9818581102362205
11
1.9874601968503935
21
0.9818581496062991
0
LINE
8
BLACK
6
CONTINUOUS
10
1.9874601968503935
20
0.9818581496062991
11
1.9874601968503935
21
0.9818583070866141
0
LINE
8
BLACK
6
CONTINUOUS
10
1.9874601968503935
20
0.9818583070866141
11
1.9872066141732283
21
0.9825380708661418
0
LINE
8
BLACK
6
CONTINUOUS
10
1.9872066141732283
20
0.9825380708661418
11
1.9870072047244094
21
0.9853259842519685
0
LINE
8
BLACK
6
CONTINUOUS
10
1.9870072047244094
20
0.9853259842519685
11
1.9883466929133857
21
0.9877792519685039
0
LINE
8
BLACK
6
CONTINUOUS
10
1.9883466929133857
20
0.9877792519685039
11
1.9907999212598424
21
0.9891188976377953
0
LINE
8
BLACK
6
CONTINUOUS
10
1.9907999212598424
20
0.9891188976377953
11
1.9918544881889764
21
0.9892322834645669
0
LINE
8
BLACK
6
CONTINUOUS
10
1.9918544881889764
20
0.9892322834645669
11
2.0717946062992127
21
0.9892322834645669
0
LINE
8
BLACK
6
CONTINUOUS
10
2.0717946062992127
20
0.9892322834645669
11
2.0725706299212598
21
0.9891712204724409
0
LINE
8
BLACK
6
CONTINUOUS
10
2.0725706299212598
20
0.9891712204724409
11
2.0731178346456693
21
0.9890845275590551
0
LINE
8
BLACK
6
CONTINUOUS
10
2.0731178346456693
20
0.9890845275590551
11
2.0756865354330709
21
0.9892191732283464
0
LINE
8
BLACK
6
CONTINUOUS
10
2.0756865354330709
20
0.9892191732283464
11
2.075806338582677
21
0.9892254724409448
0
LINE
8
BLACK
6
CONTINUOUS
10
2.075806338582677
20
0.9892254724409448
11
2.0760659055118111
21
0.9892322834645669
0
LINE
8
BLACK
6
CONTINUOUS
10
2.0760659055118111
20
0.9892322834645669
11
2.0768741338582677
21
0.9892322834645669
0
LINE
8
BLACK
6
CONTINUOUS
10
2.0768741338582677
20
0.9892322834645669
11
2.076874409448819
21
0.9892322834645669
0
LINE
8
BLACK
6
CONTINUOUS
10
2.076874409448819
20
0.9892322834645669
11
2.076874566929134
21
0.9892322834645669
0
LINE
8
BLACK
6
CONTINUOUS
10
2.076874566929134
20
0.9892322834645669
11
2.0768750393700786
21
0.9892323228346457
0
LINE
8
BLACK
6
CONTINUOUS
10
2.0768750393700786
20
0.9892323228346457
11
2.0776784251968503
21
0.9893167322834645
0
LINE
8
BLACK
6
CONTINUOUS
10
2.0776784251968503
20
0.9893167322834645
11
2.0779370472440943
21
0.9893370866141732
0
LINE
8
BLACK
6
CONTINUOUS
10
2.0779370472440943
20
0.9893370866141732
11
2.0806260236220471
21
0.9894780314960629
0
LINE
8
BLACK
6
CONTINUOUS
10
2.0806260236220471
20
0.9894780314960629
11
2.081161220472441
21
0.9896214173228346
0
LINE
8
BLACK
6
CONTINUOUS
10
2.081161220472441
20
0.9896214173228346
11
2.0819260629921259
21
0.9897631889763779
0
LINE
8
BLACK
6
CONTINUOUS
10
2.0819260629921259
20
0.9897631889763779
11
2.0824074803149606
21
0.9898138188976378
0
LINE
8
BLACK
6
CONTINUOUS
10
2.0824074803149606
20
0.9898138188976378
11
2.0824774803149606
21
0.9898211811023622
0
LINE
8
BLACK
6
CONTINUOUS
10
2.0824774803149606
20
0.9898211811023622
11
2.0824775196850394
21
0.9898211811023622
0
LINE
8
BLACK
6
CONTINUOUS
10
2.0824775196850394
20
0.9898211811023622
11
2.0824776771653544
21
0.9898212204724409
0
LINE
8
BLACK
6
CONTINUOUS
10
2.0824776771653544
20
0.9898212204724409
11
2.0844237795275591
21
0.9904535433070866
0
LINE
8
BLACK
6
CONTINUOUS
10
2.0844237795275591
20
0.9904535433070866
11
2.0850388976377952
21
0.9906534251968504
0
LINE
8
BLACK
6
CONTINUOUS
10
2.0850388976377952
20
0.9906534251968504
11
2.0852875984251966
21
0.9907270866141732
0
LINE
8
BLACK
6
CONTINUOUS
10
2.0852875984251966
20
0.9907270866141732
11
2.0878885433070864
21
0.9914240157480315
0
LINE
8
BLACK
6
CONTINUOUS
10
2.0878885433070864
20
0.9914240157480315
11
2.0881525590551182
21
0.9915585433070866
0
LINE
8
BLACK
6
CONTINUOUS
10
2.0881525590551182
20
0.9915585433070866
11
2.0883822440944884
21
0.9916755511811023
0
LINE
8
BLACK
6
CONTINUOUS
10
2.0883822440944884
20
0.9916755511811023
11
2.0891011417322836
21
0.9919733464566929
0
LINE
8
BLACK
6
CONTINUOUS
10
2.0891011417322836
20
0.9919733464566929
11
2.0896281102362204
21
0.9921445669291339
0
LINE
8
BLACK
6
CONTINUOUS
10
2.0896281102362204
20
0.9921445669291339
11
2.0919601574803148
21
0.9934909842519685
0
LINE
8
BLACK
6
CONTINUOUS
10
2.0919601574803148
20
0.9934909842519685
11
2.092187834645669
21
0.9936146062992126
0
LINE
8
BLACK
6
CONTINUOUS
10
2.092187834645669
20
0.9936146062992126
11
2.0945877952755905
21
0.9948374409448819
0
LINE
8
BLACK
6
CONTINUOUS
10
2.0945877952755905
20
0.9948374409448819
11
2.0950186614173227
21
0.9951862992125984
0
LINE
8
BLACK
6
CONTINUOUS
10
2.0950186614173227
20
0.9951862992125984
11
2.0956594881889763
21
0.9956267716535433
0
LINE
8
BLACK
6
CONTINUOUS
10
2.0956594881889763
20
0.9956267716535433
11
2.0961395275590551
21
0.9959039370078739
0
LINE
8
BLACK
6
CONTINUOUS
10
2.0961395275590551
20
0.9959039370078739
11
2.0981408661417325
21
0.997705905511811
0
LINE
8
BLACK
6
CONTINUOUS
10
2.0981408661417325
20
0.997705905511811
11
2.0983380708661419
21
0.9978743307086614
0
LINE
8
BLACK
6
CONTINUOUS
10
2.0983380708661419
20
0.9978743307086614
11
2.0983558267716536
21
0.9978887401574803
0
LINE
8
BLACK
6
CONTINUOUS
10
2.0983558267716536
20
0.9978887401574803
11
2.0989661811023623
21
0.9983829921259842
0
LINE
8
BLACK
6
CONTINUOUS
10
2.0989661811023623
20
0.9983829921259842
11
2.0995382677165355
21
0.9989550787401574
0
LINE
8
BLACK
6
CONTINUOUS
10
2.0995382677165355
20
0.9989550787401574
11
2.0997260629921257
21
0.9991332677165354
0
LINE
8
BLACK
6
CONTINUOUS
10
2.0997260629921257
20
0.9991332677165354
11
2.1017269685039368
21
1.0009348425196851
0
LINE
8
BLACK
6
CONTINUOUS
10
2.1017269685039368
20
1.0009348425196851
11
2.1020525590551182
21
1.0013829921259843
0
LINE
8
BLACK
6
CONTINUOUS
10
2.1020525590551182
20
1.0013829921259843
11
2.1025581496062991
21
1.0019749606299213
0
LINE
8
BLACK
6
CONTINUOUS
10
2.1025581496062991
20
1.0019749606299213
11
2.1759503937007874
21
1.0753672047244094
0
LINE
8
BLACK
6
CONTINUOUS
10
2.1759503937007874
20
1.0753672047244094
11
2.1784036220472442
21
1.076706811023622
0
LINE
8
BLACK
6
CONTINUOUS
10
2.1784036220472442
20
1.076706811023622
11
2.1790257086614173
21
1.0768012598425196
0
LINE
8
BLACK
6
CONTINUOUS
10
2.1790257086614173
20
1.0768012598425196
11
2.1834305511811025
21
1.077186653543307
0
LINE
8
BLACK
6
CONTINUOUS
10
2.1834305511811025
20
1.077186653543307
11
2.1834306299212596
21
1.077186653543307
0
LINE
8
BLACK
6
CONTINUOUS
10
2.1834306299212596
20
1.077186653543307
11
2.1834307874015746
21
1.0771866929133858
0
LINE
8
BLACK
6
CONTINUOUS
10
2.1834307874015746
20
1.0771866929133858
11
2.1896105511811021
21
1.0788425590551181
0
LINE
8
BLACK
6
CONTINUOUS
10
2.1896105511811021
20
1.0788425590551181
11
2.1916052755905513
21
1.0793770472440944
0
LINE
8
BLACK
6
CONTINUOUS
10
2.1916052755905513
20
1.0793770472440944
11
2.1916055118110234
21
1.079377125984252
0
LINE
8
BLACK
6
CONTINUOUS
10
2.1916055118110234
20
1.079377125984252
11
2.1992754724409447
21
1.0829537007874015
0
LINE
8
BLACK
6
CONTINUOUS
10
2.1992754724409447
20
1.0829537007874015
11
2.2062077559055115
21
1.087807716535433
0
LINE
8
BLACK
6
CONTINUOUS
10
2.2062077559055115
20
1.087807716535433
11
2.2062079921259841
21
1.0878079133858267
0
LINE
8
BLACK
6
CONTINUOUS
10
2.2062079921259841
20
1.0878079133858267
11
2.2121920472440944
21
1.093791968503937
0
LINE
8
BLACK
6
CONTINUOUS
10
2.2121920472440944
20
1.093791968503937
11
2.2121921653543306
21
1.0937920866141733
0
LINE
8
BLACK
6
CONTINUOUS
10
2.2121921653543306
20
1.0937920866141733
11
2.2170462992125985
21
1.1007245275590551
0
LINE
8
BLACK
6
CONTINUOUS
10
2.2170462992125985
20
1.1007245275590551
11
2.2205041338582676
21
1.1081398818897636
0
LINE
8
BLACK
6
CONTINUOUS
10
2.2205041338582676
20
1.1081398818897636
11
2.2223512598425197
21
1.1102377165354331
0
LINE
8
BLACK
6
CONTINUOUS
10
2.2223512598425197
20
1.1102377165354331
11
2.2250393700787403
21
1.1110038976377952
0
LINE
8
BLACK
6
CONTINUOUS
10
2.2250393700787403
20
1.1110038976377952
11
2.2277149212598424
21
1.1101951574803148
0
LINE
8
BLACK
6
CONTINUOUS
10
2.2277149212598424
20
1.1101951574803148
11
2.2294958661417321
21
1.1081398818897636
0
LINE
8
BLACK
6
CONTINUOUS
10
2.2294958661417321
20
1.1081398818897636
11
2.2329537007874016
21
1.1007244881889764
0
LINE
8
BLACK
6
CONTINUOUS
10
2.2329537007874016
20
1.1007244881889764
11
2.2378077165354329
21
1.0937922047244095
0
LINE
8
BLACK
6
CONTINUOUS
10
2.2378077165354329
20
1.0937922047244095
11
2.2378079133858266
21
1.093791968503937
0
LINE
8
BLACK
6
CONTINUOUS
10
2.2378079133858266
20
1.093791968503937
11
2.2437919685039369
21
1.0878079133858267
0
LINE
8
BLACK
6
CONTINUOUS
10
2.2437919685039369
20
1.0878079133858267
11
2.2437922047244094
21
1.087807716535433
0
LINE
8
BLACK
6
CONTINUOUS
10
2.2437922047244094
20
1.087807716535433
11
2.2507244881889763
21
1.0829537007874015
0
LINE
8
BLACK
6
CONTINUOUS
10
2.2507244881889763
20
1.0829537007874015
11
2.2583944488188976
21
1.079377125984252
0
LINE
8
BLACK
6
CONTINUOUS
10
2.2583944488188976
20
1.079377125984252
11
2.2583946850393701
21
1.0793770472440944
0
LINE
8
BLACK
6
CONTINUOUS
10
2.2583946850393701
20
1.0793770472440944
11
2.266183661417323
21
1.0772900000000001
0
LINE
8
BLACK
6
CONTINUOUS
10
2.266183661417323
20
1.0772900000000001
11
2.2665692125984251
21
1.0771866929133858
0
LINE
8
BLACK
6
CONTINUOUS
10
2.2665692125984251
20
1.0771866929133858
11
2.2749999999999999
21
1.076449094488189
0
LINE
8
BLACK
6
CONTINUOUS
10
2.2749999999999999
20
1.076449094488189
11
2.2834307874015747
21
1.0771866929133858
0
LINE
8
BLACK
6
CONTINUOUS
10
2.2834307874015747
20
1.0771866929133858
11
2.2881503543307087
21
1.0784512992125983
0
LINE
8
BLACK
6
CONTINUOUS
10
2.2881503543307087
20
1.0784512992125983
11
2.2916052755905509
21
1.0793770472440944
0
LINE
8
BLACK
6
CONTINUOUS
10
2.2916052755905509
20
1.0793770472440944
11
2.2916055118110235
21
1.079377125984252
0
LINE
8
BLACK
6
CONTINUOUS
10
2.2916055118110235
20
1.079377125984252
11
2.2992754724409448
21
1.0829537007874015
0
LINE
8
BLACK
6
CONTINUOUS
10
2.2992754724409448
20
1.0829537007874015
11
2.3062077559055116
21
1.087807716535433
0
LINE
8
BLACK
6
CONTINUOUS
10
2.3062077559055116
20
1.087807716535433
11
2.3062079921259842
21
1.0878079133858267
0
LINE
8
BLACK
6
CONTINUOUS
10
2.3062079921259842
20
1.0878079133858267
11
2.3121920472440944
21
1.093791968503937
0
LINE
8
BLACK
6
CONTINUOUS
10
2.3121920472440944
20
1.093791968503937
11
2.3121921653543307
21
1.0937920866141733
0
LINE
8
BLACK
6
CONTINUOUS
10
2.3121921653543307
20
1.0937920866141733
11
2.3170462992125982
21
1.1007245275590551
0
LINE
8
BLACK
6
CONTINUOUS
10
2.3170462992125982
20
1.1007245275590551
11
2.3206229133858267
21
1.1083946062992125
0
LINE
8
BLACK
6
CONTINUOUS
10
2.3206229133858267
20
1.1083946062992125
11
2.3228133070866139
21
1.1165692125984252
0
LINE
8
BLACK
6
CONTINUOUS
10
2.3228133070866139
20
1.1165692125984252
11
2.3235509055118109
21
1.125
0
LINE
8
BLACK
6
CONTINUOUS
10
2.3235509055118109
20
1.125
11
2.3228133070866139
21
1.1334307874015748
0
LINE
8
BLACK
6
CONTINUOUS
10
2.3228133070866139
20
1.1334307874015748
11
2.3206229133858267
21
1.1416053937007873
0
LINE
8
BLACK
6
CONTINUOUS
10
2.3206229133858267
20
1.1416053937007873
11
2.3170462992125982
21
1.1492754330708661
0
LINE
8
BLACK
6
CONTINUOUS
10
2.3170462992125982
20
1.1492754330708661
11
2.3155968897637793
21
1.1513454330708661
0
LINE
8
BLACK
6
CONTINUOUS
10
2.3155968897637793
20
1.1513454330708661
11
2.3121923228346457
21
1.156207716535433
0
LINE
8
BLACK
6
CONTINUOUS
10
2.3121923228346457
20
1.156207716535433
11
2.3121922047244095
21
1.1562078346456692
0
LINE
8
BLACK
6
CONTINUOUS
10
2.3121922047244095
20
1.1562078346456692
11
2.3121921653543307
21
1.1562079133858267
0
LINE
8
BLACK
6
CONTINUOUS
10
2.3121921653543307
20
1.1562079133858267
11
2.3062079133858266
21
1.1621921653543308
0
LINE
8
BLACK
6
CONTINUOUS
10
2.3062079133858266
20
1.1621921653543308
11
2.2992754724409448
21
1.1670462992125985
0
LINE
8
BLACK
6
CONTINUOUS
10
2.2992754724409448
20
1.1670462992125985
11
2.2916053937007872
21
1.1706229133858268
0
LINE
8
BLACK
6
CONTINUOUS
10
2.2916053937007872
20
1.1706229133858268
11
2.2834307874015747
21
1.1728133070866142
0
LINE
8
BLACK
6
CONTINUOUS
10
2.2834307874015747
20
1.1728133070866142
11
2.2749999999999999
21
1.173550905511811
0
LINE
8
BLACK
6
CONTINUOUS
10
2.2749999999999999
20
1.173550905511811
11
2.2665692125984251
21
1.1728133070866142
0
LINE
8
BLACK
6
CONTINUOUS
10
2.2665692125984251
20
1.1728133070866142
11
2.2583946062992126
21
1.1706229133858268
0
LINE
8
BLACK
6
CONTINUOUS
10
2.2583946062992126
20
1.1706229133858268
11
2.2507245669291338
21
1.1670462992125985
0
LINE
8
BLACK
6
CONTINUOUS
10
2.2507245669291338
20
1.1670462992125985
11
2.2507244094488188
21
1.167046220472441
0
LINE
8
BLACK
6
CONTINUOUS
10
2.2507244094488188
20
1.167046220472441
11
2.2437922440944882
21
1.1621923228346456
0
LINE
8
BLACK
6
CONTINUOUS
10
2.2437922440944882
20
1.1621923228346456
11
2.2437918503937007
21
1.162191968503937
0
LINE
8
BLACK
6
CONTINUOUS
10
2.2437918503937007
20
1.162191968503937
11
2.2378079921259841
21
1.1562081102362205
0
LINE
8
BLACK
6
CONTINUOUS
10
2.2378079921259841
20
1.1562081102362205
11
2.2378076377952754
21
1.156207716535433
0
LINE
8
BLACK
6
CONTINUOUS
10
2.2378076377952754
20
1.156207716535433
11
2.2329537401574804
21
1.1492755511811024
0
LINE
8
BLACK
6
CONTINUOUS
10
2.2329537401574804
20
1.1492755511811024
11
2.2329537007874016
21
1.1492754330708661
0
LINE
8
BLACK
6
CONTINUOUS
10
2.2329537007874016
20
1.1492754330708661
11
2.2300123622047243
21
1.1429676771653543
0
LINE
8
BLACK
6
CONTINUOUS
10
2.2300123622047243
20
1.1429676771653543
11
2.2294958661417321
21
1.1418600787401574
0
LINE
8
BLACK
6
CONTINUOUS
10
2.2294958661417321
20
1.1418600787401574
11
2.22764874015748
21
1.1397622440944881
0
LINE
8
BLACK
6
CONTINUOUS
10
2.22764874015748
20
1.1397622440944881
11
2.2249606299212599
21
1.1389960629921259
0
LINE
8
BLACK
6
CONTINUOUS
10
2.2249606299212599
20
1.1389960629921259
11
2.2222850787401573
21
1.1398048031496062
0
LINE
8
BLACK
6
CONTINUOUS
10
2.2222850787401573
20
1.1398048031496062
11
2.2205041338582676
21
1.1418600787401574
0
LINE
8
BLACK
6
CONTINUOUS
10
2.2205041338582676
20
1.1418600787401574
11
2.2200405118110234
21
1.1428543307086614
0
LINE
8
BLACK
6
CONTINUOUS
10
2.2200405118110234
20
1.1428543307086614
11
2.2170462992125985
21
1.1492754330708661
0
LINE
8
BLACK
6
CONTINUOUS
10
2.2170462992125985
20
1.1492754330708661
11
2.2155968897637797
21
1.1513454330708661
0
LINE
8
BLACK
6
CONTINUOUS
10
2.2155968897637797
20
1.1513454330708661
11
2.2121923228346456
21
1.156207716535433
0
LINE
8
BLACK
6
CONTINUOUS
10
2.2121923228346456
20
1.156207716535433
11
2.2121922047244094
21
1.1562078346456692
0
LINE
8
BLACK
6
CONTINUOUS
10
2.2121922047244094
20
1.1562078346456692
11
2.2121921653543306
21
1.1562079133858267
0
LINE
8
BLACK
6
CONTINUOUS
10
2.2121921653543306
20
1.1562079133858267
11
2.2062079133858266
21
1.1621921653543308
0
LINE
8
BLACK
6
CONTINUOUS
10
2.2062079133858266
20
1.1621921653543308
11
2.1992754724409447
21
1.1670462992125985
0
LINE
8
BLACK
6
CONTINUOUS
10
2.1992754724409447
20
1.1670462992125985
11
2.1916053937007876
21
1.1706229133858268
0
LINE
8
BLACK
6
CONTINUOUS
10
2.1916053937007876
20
1.1706229133858268
11
2.1834307874015746
21
1.1728133070866142
0
LINE
8
BLACK
6
CONTINUOUS
10
2.1834307874015746
20
1.1728133070866142
11
2.1749999999999998
21
1.173550905511811
0
LINE
8
BLACK
6
CONTINUOUS
10
2.1749999999999998
20
1.173550905511811
11
2.1665692125984251
21
1.1728133070866142
0
LINE
8
BLACK
6
CONTINUOUS
10
2.1665692125984251
20
1.1728133070866142
11
2.1583946062992125
21
1.1706229133858268
0
LINE
8
BLACK
6
CONTINUOUS
10
2.1583946062992125
20
1.1706229133858268
11
2.1507245669291337
21
1.1670462992125985
0
LINE
8
BLACK
6
CONTINUOUS
10
2.1507245669291337
20
1.1670462992125985
11
2.1507244094488187
21
1.167046220472441
0
LINE
8
BLACK
6
CONTINUOUS
10
2.1507244094488187
20
1.167046220472441
11
2.1437922440944881
21
1.1621923228346456
0
LINE
8
BLACK
6
CONTINUOUS
10
2.1437922440944881
20
1.1621923228346456
11
2.1437918503937006
21
1.162191968503937
0
LINE
8
BLACK
6
CONTINUOUS
10
2.1437918503937006
20
1.162191968503937
11
2.137807992125984
21
1.1562081102362205
0
LINE
8
BLACK
6
CONTINUOUS
10
2.137807992125984
20
1.1562081102362205
11
2.1378076377952757
21
1.156207716535433
0
LINE
8
BLACK
6
CONTINUOUS
10
2.1378076377952757
20
1.156207716535433
11
2.1329537401574803
21
1.1492755511811024
0
LINE
8
BLACK
6
CONTINUOUS
10
2.1329537401574803
20
1.1492755511811024
11
2.1329537007874015
21
1.1492754330708661
0
LINE
8
BLACK
6
CONTINUOUS
10
2.1329537007874015
20
1.1492754330708661
11
2.1300123622047242
21
1.1429676771653543
0
LINE
8
BLACK
6
CONTINUOUS
10
2.1300123622047242
20
1.1429676771653543
11
2.129495866141732
21
1.1418600787401574
0
LINE
8
BLACK
6
CONTINUOUS
10
2.129495866141732
20
1.1418600787401574
11
2.1276487401574804
21
1.1397622440944881
0
LINE
8
BLACK
6
CONTINUOUS
10
2.1276487401574804
20
1.1397622440944881
11
2.1249606299212598
21
1.1389960629921259
0
LINE
8
BLACK
6
CONTINUOUS
10
2.1249606299212598
20
1.1389960629921259
11
2.1222850787401573
21
1.1398048031496062
0
LINE
8
BLACK
6
CONTINUOUS
10
2.1222850787401573
20
1.1398048031496062
11
2.1205041338582675
21
1.1418600787401574
0
LINE
8
BLACK
6
CONTINUOUS
10
2.1205041338582675
20
1.1418600787401574
11
2.1200405118110237
21
1.1428543307086614
0
LINE
8
BLACK
6
CONTINUOUS
10
2.1200405118110237
20
1.1428543307086614
11
2.1170462992125985
21
1.1492754330708661
0
LINE
8
BLACK
6
CONTINUOUS
10
2.1170462992125985
20
1.1492754330708661
11
2.1155968897637796
21
1.1513454330708661
0
LINE
8
BLACK
6
CONTINUOUS
10
2.1155968897637796
20
1.1513454330708661
11
2.1121923228346455
21
1.156207716535433
0
LINE
8
BLACK
6
CONTINUOUS
10
2.1121923228346455
20
1.156207716535433
11
2.1121922047244093
21
1.1562078346456692
0
LINE
8
BLACK
6
CONTINUOUS
10
2.1121922047244093
20
1.1562078346456692
11
2.1121921653543305
21
1.1562079133858267
0
LINE
8
BLACK
6
CONTINUOUS
10
2.1121921653543305
20
1.1562079133858267
11
2.1062079133858269
21
1.1621921653543308
0
LINE
8
BLACK
6
CONTINUOUS
10
2.1062079133858269
20
1.1621921653543308
11
2.099275472440945
21
1.1670462992125985
0
LINE
8
BLACK
6
CONTINUOUS
10
2.099275472440945
20
1.1670462992125985
11
2.0916053937007875
21
1.1706229133858268
0
LINE
8
BLACK
6
CONTINUOUS
10
2.0916053937007875
20
1.1706229133858268
11
2.0834307874015749
21
1.1728133070866142
0
LINE
8
BLACK
6
CONTINUOUS
10
2.0834307874015749
20
1.1728133070866142
11
2.0749999999999997
21
1.173550905511811
0
LINE
8
BLACK
6
CONTINUOUS
10
2.0749999999999997
20
1.173550905511811
11
2.066569212598425
21
1.1728133070866142
0
LINE
8
BLACK
6
CONTINUOUS
10
2.066569212598425
20
1.1728133070866142
11
2.0583946062992124
21
1.1706229133858268
0
LINE
8
BLACK
6
CONTINUOUS
10
2.0583946062992124
20
1.1706229133858268
11
2.0507245669291336
21
1.1670462992125985
0
LINE
8
BLACK
6
CONTINUOUS
10
2.0507245669291336
20
1.1670462992125985
11
2.0507244094488191
21
1.167046220472441
0
LINE
8
BLACK
6
CONTINUOUS
10
2.0507244094488191
20
1.167046220472441
11
2.044025
21
1.1623552755905511
0
LINE
8
BLACK
6
CONTINUOUS
10
2.044025
20
1.1623552755905511
11
2.0413764173228346
21
1.1614620472440944
0
LINE
8
BLACK
6
CONTINUOUS
10
2.0413764173228346
20
1.1614620472440944
11
2.0386653937007875
21
1.162142559055118
0
LINE
8
BLACK
6
CONTINUOUS
10
2.0386653937007875
20
1.162142559055118
11
2.0376722047244096
21
1.1629109448818897
0
LINE
8
BLACK
6
CONTINUOUS
10
2.0376722047244096
20
1.1629109448818897
11
1.9891694881889763
21
1.2114137007874015
0
LINE
8
BLACK
6
CONTINUOUS
10
1.9891694881889763
20
1.2114137007874015
11
1.9878298818897637
21
1.2138669291338582
0
LINE
8
BLACK
6
CONTINUOUS
10
1.9878298818897637
20
1.2138669291338582
11
1.9877165354330708
21
1.2149213779527559
0
LINE
8
BLACK
6
CONTINUOUS
10
1.9877165354330708
20
1.2149213779527559
11
1.9877165354330708
21
1.2294737007874015
0
LINE
8
BLACK
6
CONTINUOUS
10
1.9877165354330708
20
1.2294737007874015
11
1.9877164960629921
21
1.2294743700787401
0
LINE
8
BLACK
6
CONTINUOUS
10
1.9877164960629921
20
1.2294743700787401
11
1.9874602362204723
21
1.2318581102362205
0
LINE
8
BLACK
6
CONTINUOUS
10
1.9874602362204723
20
1.2318581102362205
11
1.9874601968503935
21
1.231858307086614
0
LINE
8
BLACK
6
CONTINUOUS
10
1.9874601968503935
20
1.231858307086614
11
1.9870281889763779
21
1.2330165748031496
0
LINE
8
BLACK
6
CONTINUOUS
10
1.9870281889763779
20
1.2330165748031496
11
1.9860820472440945
21
1.2355531102362205
0
LINE
8
BLACK
6
CONTINUOUS
10
1.9860820472440945
20
1.2355531102362205
11
1.9858826377952756
21
1.2383410629921259
0
LINE
8
BLACK
6
CONTINUOUS
10
1.9858826377952756
20
1.2383410629921259
11
1.9872221653543307
21
1.2407942913385825
0
LINE
8
BLACK
6
CONTINUOUS
10
1.9872221653543307
20
1.2407942913385825
11
1.9891968503937008
21
1.2420044488188977
0
LINE
8
BLACK
6
CONTINUOUS
10
1.9891968503937008
20
1.2420044488188977
11
1.9896283070866141
21
1.2421446456692913
0
LINE
8
BLACK
6
CONTINUOUS
10
1.9896283070866141
20
1.2421446456692913
11
1.9910352755905512
21
1.242956968503937
0
LINE
8
BLACK
6
CONTINUOUS
10
1.9910352755905512
20
1.242956968503937
11
1.9914979133858268
21
1.2431927165354331
0
LINE
8
BLACK
6
CONTINUOUS
10
1.9914979133858268
20
1.2431927165354331
11
1.9929823622047245
21
1.243853622047244
0
LINE
8
BLACK
6
CONTINUOUS
10
1.9929823622047245
20
1.243853622047244
11
1.9942972440944882
21
1.2448089370078741
0
LINE
8
BLACK
6
CONTINUOUS
10
1.9942972440944882
20
1.2448089370078741
11
1.9947325196850394
21
1.2450915748031495
0
LINE
8
BLACK
6
CONTINUOUS
10
1.9947325196850394
20
1.2450915748031495
11
1.996139409448819
21
1.2459038582677164
0
LINE
8
BLACK
6
CONTINUOUS
10
1.996139409448819
20
1.2459038582677164
11
1.996139527559055
21
1.2459039370078739
0
LINE
8
BLACK
6
CONTINUOUS
10
1.996139527559055
20
1.2459039370078739
11
1.9973470472440944
21
1.2469911811023622
0
LINE
8
BLACK
6
CONTINUOUS
10
1.9973470472440944
20
1.2469911811023622
11
1.9977505511811022
21
1.2473179133858268
0
LINE
8
BLACK
6
CONTINUOUS
10
1.9977505511811022
20
1.2473179133858268
11
1.9990649212598424
21
1.2482728346456693
0
LINE
8
BLACK
6
CONTINUOUS
10
1.9990649212598424
20
1.2482728346456693
11
1.9990649606299211
21
1.2482728346456693
0
LINE
8
BLACK
6
CONTINUOUS
10
1.9990649606299211
20
1.2482728346456693
11
2.0001522440944881
21
1.2494804330708662
0
LINE
8
BLACK
6
CONTINUOUS
10
2.0001522440944881
20
1.2494804330708662
11
2.0005191338582677
21
1.2498473622047244
0
LINE
8
BLACK
6
CONTINUOUS
10
2.0005191338582677
20
1.2498473622047244
11
2.0017270078740159
21
1.2509349212598424
0
LINE
8
BLACK
6
CONTINUOUS
10
2.0017270078740159
20
1.2509349212598424
11
2.0017284645669289
21
1.2509368897637796
0
LINE
8
BLACK
6
CONTINUOUS
10
2.0017284645669289
20
1.2509368897637796
11
2.0020086220472439
21
1.251322559055118
0
LINE
8
BLACK
6
CONTINUOUS
10
2.0020086220472439
20
1.251322559055118
11
2.0026822440944883
21
1.2522496850393701
0
LINE
8
BLACK
6
CONTINUOUS
10
2.0026822440944883
20
1.2522496850393701
11
2.0030088188976376
21
1.2526529921259841
0
LINE
8
BLACK
6
CONTINUOUS
10
2.0030088188976376
20
1.2526529921259841
11
2.0040960236220471
21
1.253860433070866
0
LINE
8
BLACK
6
CONTINUOUS
10
2.0040960236220471
20
1.253860433070866
11
2.0040960629921258
21
1.2538604724409448
0
LINE
8
BLACK
6
CONTINUOUS
10
2.0040960629921258
20
1.2538604724409448
11
2.0049084645669293
21
1.2552675590551181
0
LINE
8
BLACK
6
CONTINUOUS
10
2.0049084645669293
20
1.2552675590551181
11
2.0051911811023619
21
1.2557029133858268
0
LINE
8
BLACK
6
CONTINUOUS
10
2.0051911811023619
20
1.2557029133858268
11
2.0061464173228347
21
1.2570176771653543
0
LINE
8
BLACK
6
CONTINUOUS
10
2.0061464173228347
20
1.2570176771653543
11
2.0068073228346455
21
1.2585022047244094
0
LINE
8
BLACK
6
CONTINUOUS
10
2.0068073228346455
20
1.2585022047244094
11
2.0070431496062993
21
1.2589649999999999
0
LINE
8
BLACK
6
CONTINUOUS
10
2.0070431496062993
20
1.2589649999999999
11
2.0077561811023621
21
1.2601999606299212
0
LINE
8
BLACK
6
CONTINUOUS
10
2.0077561811023621
20
1.2601999606299212
11
2.0078553937007872
21
1.2603718110236219
0
LINE
8
BLACK
6
CONTINUOUS
10
2.0078553937007872
20
1.2603718110236219
11
2.0078555118110235
21
1.260372125984252
0
LINE
8
BLACK
6
CONTINUOUS
10
2.0078555118110235
20
1.260372125984252
11
2.0083575590551179
21
1.2619172834645669
0
LINE
8
BLACK
6
CONTINUOUS
10
2.0083575590551179
20
1.2619172834645669
11
2.0085436614173227
21
1.2624020472440944
0
LINE
8
BLACK
6
CONTINUOUS
10
2.0085436614173227
20
1.2624020472440944
11
2.0092044488188976
21
1.2638861811023623
0
LINE
8
BLACK
6
CONTINUOUS
10
2.0092044488188976
20
1.2638861811023623
11
2.0092044488188976
21
1.2638862204724408
0
LINE
8
BLACK
6
CONTINUOUS
10
2.0092044488188976
20
1.2638862204724408
11
2.0092044881889763
21
1.2638862992125983
0
LINE
8
BLACK
6
CONTINUOUS
10
2.0092044881889763
20
1.2638862992125983
11
2.0095422440944883
21
1.2654755118110237
0
LINE
8
BLACK
6
CONTINUOUS
10
2.0095422440944883
20
1.2654755118110237
11
2.0096766535433068
21
1.2659770078740158
0
LINE
8
BLACK
6
CONTINUOUS
10
2.0096766535433068
20
1.2659770078740158
11
2.0101787795275592
21
1.2675224409448818
0
LINE
8
BLACK
6
CONTINUOUS
10
2.0101787795275592
20
1.2675224409448818
11
2.0101788188976379
21
1.2675225196850393
0
LINE
8
BLACK
6
CONTINUOUS
10
2.0101788188976379
20
1.2675225196850393
11
2.0103486614173227
21
1.269138779527559
0
LINE
8
BLACK
6
CONTINUOUS
10
2.0103486614173227
20
1.269138779527559
11
2.0104298031496062
21
1.2696510236220473
0
LINE
8
BLACK
6
CONTINUOUS
10
2.0104298031496062
20
1.2696510236220473
11
2.0107677165354332
21
1.2712406692913385
0
LINE
8
BLACK
6
CONTINUOUS
10
2.0107677165354332
20
1.2712406692913385
11
2.0107677165354332
21
1.2728655118110237
0
LINE
8
BLACK
6
CONTINUOUS
10
2.0107677165354332
20
1.2728655118110237
11
2.0107948818897636
21
1.2733840157480314
0
LINE
8
BLACK
6
CONTINUOUS
10
2.0107948818897636
20
1.2733840157480314
11
2.010796181102362
21
1.2733964173228347
0
LINE
8
BLACK
6
CONTINUOUS
10
2.010796181102362
20
1.2733964173228347
11
2.0109647244094488
21
1.2749999999999999
0
LINE
8
BLACK
6
CONTINUOUS
10
2.0109647244094488
20
1.2749999999999999
11
2.0107948425196849
21
1.2766159448818897
0
LINE
8
BLACK
6
CONTINUOUS
10
2.0107948425196849
20
1.2766159448818897
11
2.0107677165354332
21
1.2771344488188976
0
LINE
8
BLACK
6
CONTINUOUS
10
2.0107677165354332
20
1.2771344488188976
11
2.0107677165354332
21
1.2787592519685038
0
LINE
8
BLACK
6
CONTINUOUS
10
2.0107677165354332
20
1.2787592519685038
11
2.0107677165354332
21
1.2787593307086613
0
LINE
8
BLACK
6
CONTINUOUS
10
2.0107677165354332
20
1.2787593307086613
11
2.0104298425196849
21
1.2803488188976377
0
LINE
8
BLACK
6
CONTINUOUS
10
2.0104298425196849
20
1.2803488188976377
11
2.0103486614173227
21
1.2808613779527558
0
LINE
8
BLACK
6
CONTINUOUS
10
2.0103486614173227
20
1.2808613779527558
11
2.0101788188976379
21
1.2824774015748031
0
LINE
8
BLACK
6
CONTINUOUS
10
2.0101788188976379
20
1.2824774015748031
11
2.0101788188976379
21
1.2824774803149606
0
LINE
8
BLACK
6
CONTINUOUS
10
2.0101788188976379
20
1.2824774803149606
11
2.0096766535433068
21
1.2840227559055117
0
LINE
8
BLACK
6
CONTINUOUS
10
2.0096766535433068
20
1.2840227559055117
11
2.0095422834645671
21
1.2845243700787401
0
LINE
8
BLACK
6
CONTINUOUS
10
2.0095422834645671
20
1.2845243700787401
11
2.0092044881889763
21
1.2861136614173228
0
LINE
8
BLACK
6
CONTINUOUS
10
2.0092044881889763
20
1.2861136614173228
11
2.0092044881889763
21
1.2861137007874015
0
LINE
8
BLACK
6
CONTINUOUS
10
2.0092044881889763
20
1.2861137007874015
11
2.0085435433070864
21
1.2875980708661416
0
LINE
8
BLACK
6
CONTINUOUS
10
2.0085435433070864
20
1.2875980708661416
11
2.0083574015748029
21
1.288083031496063
0
LINE
8
BLACK
6
CONTINUOUS
10
2.0083574015748029
20
1.288083031496063
11
2.007855433070866
21
1.2896280314960629
0
LINE
8
BLACK
6
CONTINUOUS
10
2.007855433070866
20
1.2896280314960629
11
2.0078553937007872
21
1.2896281889763779
0
LINE
8
BLACK
6
CONTINUOUS
10
2.0078553937007872
20
1.2896281889763779
11
2.0070428346456692
21
1.2910354724409447
0
LINE
8
BLACK
6
CONTINUOUS
10
2.0070428346456692
20
1.2910354724409447
11
2.006807401574803
21
1.2914974803149606
0
LINE
8
BLACK
6
CONTINUOUS
10
2.006807401574803
20
1.2914974803149606
11
2.006146377952756
21
1.2929823622047243
0
LINE
8
BLACK
6
CONTINUOUS
10
2.006146377952756
20
1.2929823622047243
11
2.0051908267716536
21
1.2942975196850393
0
LINE
8
BLACK
6
CONTINUOUS
10
2.0051908267716536
20
1.2942975196850393
11
2.0049086614173226
21
1.2947319685039369
0
LINE
8
BLACK
6
CONTINUOUS
10
2.0049086614173226
20
1.2947319685039369
11
2.0040960629921258
21
1.296139527559055
0
LINE
8
BLACK
6
CONTINUOUS
10
2.0040960629921258
20
1.296139527559055
11
2.0030083858267718
21
1.297347440944882
0
LINE
8
BLACK
6
CONTINUOUS
10
2.0030083858267718
20
1.297347440944882
11
2.002682598425197
21
1.2977497244094487
0
LINE
8
BLACK
6
CONTINUOUS
10
2.002682598425197
20
1.2977497244094487
11
2.0017270078740159
21
1.2990650787401574
0
LINE
8
BLACK
6
CONTINUOUS
10
2.0017270078740159
20
1.2990650787401574
11
2.0005190551181102
21
1.3001526377952755
0
LINE
8
BLACK
6
CONTINUOUS
10
2.0005190551181102
20
1.3001526377952755
11
2.0001526377952756
21
1.3005190551181103
0
LINE
8
BLACK
6
CONTINUOUS
10
2.0001526377952756
20
1.3005190551181103
11
1.9990650787401574
21
1.3017270078740157
0
LINE
8
BLACK
6
CONTINUOUS
10
1.9990650787401574
20
1.3017270078740157
11
1.9977497244094489
21
1.3026825984251968
0
LINE
8
BLACK
6
CONTINUOUS
10
1.9977497244094489
20
1.3026825984251968
11
1.9973474409448819
21
1.3030083858267716
0
LINE
8
BLACK
6
CONTINUOUS
10
1.9973474409448819
20
1.3030083858267716
11
1.996139527559055
21
1.3040960629921259
0
LINE
8
BLACK
6
CONTINUOUS
10
1.996139527559055
20
1.3040960629921259
11
1.9947319685039369
21
1.3049086614173229
0
LINE
8
BLACK
6
CONTINUOUS
10
1.9947319685039369
20
1.3049086614173229
11
1.9942975196850394
21
1.3051908267716534
0
LINE
8
BLACK
6
CONTINUOUS
10
1.9942975196850394
20
1.3051908267716534
11
1.9929823622047245
21
1.3061463779527558
0
LINE
8
BLACK
6
CONTINUOUS
10
1.9929823622047245
20
1.3061463779527558
11
1.9914974803149605
21
1.306807401574803
0
LINE
8
BLACK
6
CONTINUOUS
10
1.9914974803149605
20
1.306807401574803
11
1.9910354724409449
21
1.3070428346456693
0
LINE
8
BLACK
6
CONTINUOUS
10
1.9910354724409449
20
1.3070428346456693
11
1.9896281889763778
21
1.3078553937007873
0
LINE
8
BLACK
6
CONTINUOUS
10
1.9896281889763778
20
1.3078553937007873
11
1.9880827952755904
21
1.3083574803149607
0
LINE
8
BLACK
6
CONTINUOUS
10
1.9880827952755904
20
1.3083574803149607
11
1.9875980314960628
21
1.3085435826771654
0
LINE
8
BLACK
6
CONTINUOUS
10
1.9875980314960628
20
1.3085435826771654
11
1.9875253543307085
21
1.3085759448818897
0
LINE
8
BLACK
6
CONTINUOUS
10
1.9875253543307085
20
1.3085759448818897
11
1.9861137007874015
21
1.3092044881889764
0
LINE
8
BLACK
6
CONTINUOUS
10
1.9861137007874015
20
1.3092044881889764
11
1.9845243700787401
21
1.3095422834645669
0
LINE
8
BLACK
6
CONTINUOUS
10
1.9845243700787401
20
1.3095422834645669
11
1.9840227559055117
21
1.3096766535433071
0
LINE
8
BLACK
6
CONTINUOUS
10
1.9840227559055117
20
1.3096766535433071
11
1.9824774803149605
21
1.3101788188976378
0
LINE
8
BLACK
6
CONTINUOUS
10
1.9824774803149605
20
1.3101788188976378
11
1.9808612598425197
21
1.3103486614173228
0
LINE
8
BLACK
6
CONTINUOUS
10
1.9808612598425197
20
1.3103486614173228
11
1.9803488188976377
21
1.310429842519685
0
LINE
8
BLACK
6
CONTINUOUS
10
1.9803488188976377
20
1.310429842519685
11
1.9787593307086613
21
1.310767716535433
0
LINE
8
BLACK
6
CONTINUOUS
10
1.9787593307086613
20
1.310767716535433
11
1.9787592913385825
21
1.310767716535433
0
LINE
8
BLACK
6
CONTINUOUS
10
1.9787592913385825
20
1.310767716535433
11
1.850567559055118
21
1.310767716535433
0
LINE
8
BLACK
6
CONTINUOUS
10
1.850567559055118
20
1.310767716535433
11
1.8497915354330707
21
1.3108287795275591
0
LINE
8
BLACK
6
CONTINUOUS
10
1.8497915354330707
20
1.3108287795275591
11
1.8492444488188975
21
1.3109154330708661
0
LINE
8
BLACK
6
CONTINUOUS
10
1.8492444488188975
20
1.3109154330708661
11
1.8465557874015748
21
1.3107744881889762
0
LINE
8
BLACK
6
CONTINUOUS
10
1.8465557874015748
20
1.3107744881889762
11
1.8462962598425197
21
1.310767716535433
0
LINE
8
BLACK
6
CONTINUOUS
10
1.8462962598425197
20
1.310767716535433
11
1.8454877952755906
21
1.310767716535433
0
LINE
8
BLACK
6
CONTINUOUS
10
1.8454877952755906
20
1.310767716535433
11
1.8454876771653543
21
1.3107676771653543
0
LINE
8
BLACK
6
CONTINUOUS
10
1.8454876771653543
20
1.3107676771653543
11
1.8454872440944881
21
1.3107676771653543
0
LINE
8
BLACK
6
CONTINUOUS
10
1.8454872440944881
20
1.3107676771653543
11
1.844683622047244
21
1.3106831889763779
0
LINE
8
BLACK
6
CONTINUOUS
10
1.844683622047244
20
1.3106831889763779
11
1.8444252362204725
21
1.3106628346456692
0
LINE
8
BLACK
6
CONTINUOUS
10
1.8444252362204725
20
1.3106628346456692
11
1.8431914566929133
21
1.310598188976378
0
LINE
8
BLACK
6
CONTINUOUS
10
1.8431914566929133
20
1.310598188976378
11
1.841736338582677
21
1.3105219685039369
0
LINE
8
BLACK
6
CONTINUOUS
10
1.841736338582677
20
1.3105219685039369
11
1.841736220472441
21
1.3105219291338583
0
LINE
8
BLACK
6
CONTINUOUS
10
1.841736220472441
20
1.3105219291338583
11
1.841736062992126
21
1.3105219291338583
0
LINE
8
BLACK
6
CONTINUOUS
10
1.841736062992126
20
1.3105219291338583
11
1.8412007086614173
21
1.3103784645669292
0
LINE
8
BLACK
6
CONTINUOUS
10
1.8412007086614173
20
1.3103784645669292
11
1.8404355511811024
21
1.3102366929133857
0
LINE
8
BLACK
6
CONTINUOUS
10
1.8404355511811024
20
1.3102366929133857
11
1.8398847244094487
21
1.3101788188976378
0
LINE
8
BLACK
6
CONTINUOUS
10
1.8398847244094487
20
1.3101788188976378
11
1.8373230314960629
21
1.3093464566929134
0
LINE
8
BLACK
6
CONTINUOUS
10
1.8373230314960629
20
1.3093464566929134
11
1.8370748031496063
21
1.3092729133858267
0
LINE
8
BLACK
6
CONTINUOUS
10
1.8370748031496063
20
1.3092729133858267
11
1.834473622047244
21
1.3085759448818897
0
LINE
8
BLACK
6
CONTINUOUS
10
1.834473622047244
20
1.3085759448818897
11
1.8339800393700787
21
1.3083244488188976
0
LINE
8
BLACK
6
CONTINUOUS
10
1.8339800393700787
20
1.3083244488188976
11
1.833260748031496
21
1.3080265354330709
0
LINE
8
BLACK
6
CONTINUOUS
10
1.833260748031496
20
1.3080265354330709
11
1.8327340157480314
21
1.3078553937007873
0
LINE
8
BLACK
6
CONTINUOUS
10
1.8327340157480314
20
1.3078553937007873
11
1.830402125984252
21
1.3065090551181102
0
LINE
8
BLACK
6
CONTINUOUS
10
1.830402125984252
20
1.3065090551181102
11
1.8301738188976377
21
1.3063851181102362
0
LINE
8
BLACK
6
CONTINUOUS
10
1.8301738188976377
20
1.3063851181102362
11
1.8277744488188976
21
1.3051625984251969
0
LINE
8
BLACK
6
CONTINUOUS
10
1.8277744488188976
20
1.3051625984251969
11
1.8277742125984251
21
1.3051624409448819
0
LINE
8
BLACK
6
CONTINUOUS
10
1.8277742125984251
20
1.3051624409448819
11
1.8273437795275591
21
1.3048138582677165
0
LINE
8
BLACK
6
CONTINUOUS
10
1.8273437795275591
20
1.3048138582677165
11
1.8267020078740157
21
1.3043727952755906
0
LINE
8
BLACK
6
CONTINUOUS
10
1.8267020078740157
20
1.3043727952755906
11
1.8262227952755905
21
1.3040961417322834
0
LINE
8
BLACK
6
CONTINUOUS
10
1.8262227952755905
20
1.3040961417322834
11
1.8262226771653542
21
1.3040960629921259
0
LINE
8
BLACK
6
CONTINUOUS
10
1.8262226771653542
20
1.3040960629921259
11
1.8242212992125983
21
1.3022940157480314
0
LINE
8
BLACK
6
CONTINUOUS
10
1.8242212992125983
20
1.3022940157480314
11
1.824024527559055
21
1.3021259448818898
0
LINE
8
BLACK
6
CONTINUOUS
10
1.824024527559055
20
1.3021259448818898
11
1.8233960236220472
21
1.3016170078740157
0
LINE
8
BLACK
6
CONTINUOUS
10
1.8233960236220472
20
1.3016170078740157
11
1.8228238188976378
21
1.3010448031496062
0
LINE
8
BLACK
6
CONTINUOUS
10
1.8228238188976378
20
1.3010448031496062
11
1.8226362204724409
21
1.3008668110236221
0
LINE
8
BLACK
6
CONTINUOUS
10
1.8226362204724409
20
1.3008668110236221
11
1.8206351968503938
21
1.2990650787401574
0
LINE
8
BLACK
6
CONTINUOUS
10
1.8206351968503938
20
1.2990650787401574
11
1.8204268110236219
21
1.2987782677165354
0
LINE
8
BLACK
6
CONTINUOUS
10
1.8204268110236219
20
1.2987782677165354
11
1.8203094094488188
21
1.2986166929133858
0
LINE
8
BLACK
6
CONTINUOUS
10
1.8203094094488188
20
1.2986166929133858
11
1.819803937007874
21
1.2980249212598425
0
LINE
8
BLACK
6
CONTINUOUS
10
1.819803937007874
20
1.2980249212598425
11
1.8004366929133857
21
1.2786576771653544
0
LINE
8
BLACK
6
CONTINUOUS
10
1.8004366929133857
20
1.2786576771653544
11
1.797983464566929
21
1.2773180708661418
0
LINE
8
BLACK
6
CONTINUOUS
10
1.797983464566929
20
1.2773180708661418
11
1.7969290157480315
21
1.2772047244094489
0
LINE
8
BLACK
6
CONTINUOUS
10
1.7969290157480315
20
1.2772047244094489
11
1.7657283464566929
21
1.2772047244094489
0
LINE
8
BLACK
6
CONTINUOUS
10
1.7657283464566929
20
1.2772047244094489
11
1.7630464173228346
21
1.2779922047244094
0
LINE
8
BLACK
6
CONTINUOUS
10
1.7630464173228346
20
1.2779922047244094
11
1.7612159842519686
21
1.2801046456692913
0
LINE
8
BLACK
6
CONTINUOUS
10
1.7612159842519686
20
1.2801046456692913
11
1.760767716535433
21
1.2821653543307086
0
LINE
8
BLACK
6
CONTINUOUS
10
1.760767716535433
20
1.2821653543307086
11
1.760767716535433
21
1.3619878740157481
0
LINE
8
BLACK
6
CONTINUOUS
10
1.760767716535433
20
1.3619878740157481
11
1.7615551968503937
21
1.3646698031496063
0
LINE
8
BLACK
6
CONTINUOUS
10
1.7615551968503937
20
1.3646698031496063
11
1.7629338976377953
21
1.3660865354330709
0
LINE
8
BLACK
6
CONTINUOUS
10
1.7629338976377953
20
1.3660865354330709
11
1.7672762204724408
21
1.3690470866141733
0
LINE
8
BLACK
6
CONTINUOUS
10
1.7672762204724408
20
1.3690470866141733
11
1.7682866535433071
21
1.3697359842519685
0
LINE
8
BLACK
6
CONTINUOUS
10
1.7682866535433071
20
1.3697359842519685
11
1.7758931496062991
21
1.3767937795275591
0
LINE
8
BLACK
6
CONTINUOUS
10
1.7758931496062991
20
1.3767937795275591
11
1.7823627952755905
21
1.3849064566929135
0
LINE
8
BLACK
6
CONTINUOUS
10
1.7823627952755905
20
1.3849064566929135
11
1.782362874015748
21
1.3849065748031495
0
LINE
8
BLACK
6
CONTINUOUS
10
1.782362874015748
20
1.3849065748031495
11
1.7875509448818898
21
1.3938925590551181
0
LINE
8
BLACK
6
CONTINUOUS
10
1.7875509448818898
20
1.3938925590551181
11
1.7875510629921258
21
1.3938928740157479
0
LINE
8
BLACK
6
CONTINUOUS
10
1.7875510629921258
20
1.3938928740157479
11
1.7913420078740157
21
1.403551968503937
0
LINE
8
BLACK
6
CONTINUOUS
10
1.7913420078740157
20
1.403551968503937
11
1.7936509842519686
21
1.4136682677165353
0
LINE
8
BLACK
6
CONTINUOUS
10
1.7936509842519686
20
1.4136682677165353
11
1.7944264173228346
21
1.4240157480314961
0
LINE
8
BLACK
6
CONTINUOUS
10
1.7944264173228346
20
1.4240157480314961
11
1.7936509842519686
21
1.4343632283464567
0
LINE
8
BLACK
6
CONTINUOUS
10
1.7936509842519686
20
1.4343632283464567
11
1.7913420078740157
21
1.4444795275590552
0
LINE
8
BLACK
6
CONTINUOUS
10
1.7913420078740157
20
1.4444795275590552
11
1.7875510236220471
21
1.4541387401574803
0
LINE
8
BLACK
6
CONTINUOUS
10
1.7875510236220471
20
1.4541387401574803
11
1.7823627952755905
21
1.4631250393700788
0
LINE
8
BLACK
6
CONTINUOUS
10
1.7823627952755905
20
1.4631250393700788
11
1.7758931496062991
21
1.4712377165354331
0
LINE
8
BLACK
6
CONTINUOUS
10
1.7758931496062991
20
1.4712377165354331
11
1.7682866535433071
21
1.4782955118110237
0
LINE
8
BLACK
6
CONTINUOUS
10
1.7682866535433071
20
1.4782955118110237
11
1.7597132283464567
21
1.4841407874015748
0
LINE
8
BLACK
6
CONTINUOUS
10
1.7597132283464567
20
1.4841407874015748
11
1.7503643307086614
21
1.4886429921259843
0
LINE
8
BLACK
6
CONTINUOUS
10
1.7503643307086614
20
1.4886429921259843
11
1.7503640551181101
21
1.4886430708661418
0
LINE
8
BLACK
6
CONTINUOUS
10
1.7503640551181101
20
1.4886430708661418
11
1.7503639763779528
21
1.4886431102362205
0
LINE
8
BLACK
6
CONTINUOUS
10
1.7503639763779528
20
1.4886431102362205
11
1.7404492125984252
21
1.4917013779527559
0
LINE
8
BLACK
6
CONTINUOUS
10
1.7404492125984252
20
1.4917013779527559
11
1.7404491732283465
21
1.4917013779527559
0
LINE
8
BLACK
6
CONTINUOUS
10
1.7404491732283465
20
1.4917013779527559
11
1.7404488188976377
21
1.4917014960629922
0
LINE
8
BLACK
6
CONTINUOUS
10
1.7404488188976377
20
1.4917014960629922
11
1.7301882283464567
21
1.493248031496063
0
LINE
8
BLACK
6
CONTINUOUS
10
1.7301882283464567
20
1.493248031496063
11
1.7198117716535433
21
1.493248031496063
0
LINE
8
BLACK
6
CONTINUOUS
10
1.7198117716535433
20
1.493248031496063
11
1.7095511811023623
21
1.4917014960629922
0
LINE
8
BLACK
6
CONTINUOUS
10
1.7095511811023623
20
1.4917014960629922
11
1.7095508267716535
21
1.4917013779527559
0
LINE
8
BLACK
6
CONTINUOUS
10
1.7095508267716535
20
1.4917013779527559
11
1.709550748031496
21
1.4917013779527559
0
LINE
8
BLACK
6
CONTINUOUS
10
1.709550748031496
20
1.4917013779527559
11
1.6996359842519684
21
1.4886431102362205
0
LINE
8
BLACK
6
CONTINUOUS
10
1.6996359842519684
20
1.4886431102362205
11
1.6996357874015748
21
1.4886429921259843
0
LINE
8
BLACK
6
CONTINUOUS
10
1.6996357874015748
20
1.4886429921259843
11
1.6996356692913386
21
1.4886429921259843
0
LINE
8
BLACK
6
CONTINUOUS
10
1.6996356692913386
20
1.4886429921259843
11
1.690286811023622
21
1.4841407874015748
0
LINE
8
BLACK
6
CONTINUOUS
10
1.690286811023622
20
1.4841407874015748
11
1.6902865748031495
21
1.4841406299212598
0
LINE
8
BLACK
6
CONTINUOUS
10
1.6902865748031495
20
1.4841406299212598
11
1.6902864173228347
21
1.4841405511811023
0
LINE
8
BLACK
6
CONTINUOUS
10
1.6902864173228347
20
1.4841405511811023
11
1.6827239370078739
21
1.4789845275590552
0
LINE
8
BLACK
6
CONTINUOUS
10
1.6827239370078739
20
1.4789845275590552
11
1.6817133464566929
21
1.4782955118110237
0
LINE
8
BLACK
6
CONTINUOUS
10
1.6817133464566929
20
1.4782955118110237
11
1.6741068503937007
21
1.4712377165354331
0
LINE
8
BLACK
6
CONTINUOUS
10
1.6741068503937007
20
1.4712377165354331
11
1.6676372047244095
21
1.4631250393700788
0
LINE
8
BLACK
6
CONTINUOUS
10
1.6676372047244095
20
1.4631250393700788
11
1.6676370866141732
21
1.4631248818897638
0
LINE
8
BLACK
6
CONTINUOUS
10
1.6676370866141732
20
1.4631248818897638
11
1.6624490157480314
21
1.4541388976377951
0
LINE
8
BLACK
6
CONTINUOUS
10
1.6624490157480314
20
1.4541388976377951
11
1.6624488976377951
21
1.4541385826771653
0
LINE
8
BLACK
6
CONTINUOUS
10
1.6624488976377951
20
1.4541385826771653
11
1.6586579133858268
21
1.4444793307086614
0
LINE
8
BLACK
6
CONTINUOUS
10
1.6586579133858268
20
1.4444793307086614
11
1.6565614960629922
21
1.4352941732283464
0
LINE
8
BLACK
6
CONTINUOUS
10
1.6565614960629922
20
1.4352941732283464
11
1.6563490157480314
21
1.4343632283464567
0
LINE
8
BLACK
6
CONTINUOUS
10
1.6563490157480314
20
1.4343632283464567
11
1.6555735826771654
21
1.4240157480314961
0
LINE
8
BLACK
6
CONTINUOUS
10
1.6555735826771654
20
1.4240157480314961
11
1.6563490157480314
21
1.4136682677165353
0
LINE
8
BLACK
6
CONTINUOUS
10
1.6563490157480314
20
1.4136682677165353
11
1.6563490157480314
21
1.4136680708661418
0
LINE
8
BLACK
6
CONTINUOUS
10
1.6563490157480314
20
1.4136680708661418
11
1.6563490551181101
21
1.4136680708661418
0
LINE
8
BLACK
6
CONTINUOUS
10
1.6563490551181101
20
1.4136680708661418
11
1.6586579133858268
21
1.4035521259842518
0
LINE
8
BLACK
6
CONTINUOUS
10
1.6586579133858268
20
1.4035521259842518
11
1.6624488976377951
21
1.3938928740157479
0
LINE
8
BLACK
6
CONTINUOUS
10
1.6624488976377951
20
1.3938928740157479
11
1.6624490157480314
21
1.3938925590551181
0
LINE
8
BLACK
6
CONTINUOUS
10
1.6624490157480314
20
1.3938925590551181
11
1.6676370866141732
21
1.3849065748031495
0
LINE
8
BLACK
6
CONTINUOUS
10
1.6676370866141732
20
1.3849065748031495
11
1.6741068897637794
21
1.3767937401574804
0
LINE
8
BLACK
6
CONTINUOUS
10
1.6741068897637794
20
1.3767937401574804
11
1.6766428346456692
21
1.374440748031496
0
LINE
8
BLACK
6
CONTINUOUS
10
1.6766428346456692
20
1.374440748031496
11
1.6817133464566929
21
1.3697359842519685
0
LINE
8
BLACK
6
CONTINUOUS
10
1.6817133464566929
20
1.3697359842519685
11
1.6817133858267717
21
1.3697359448818898
0
LINE
8
BLACK
6
CONTINUOUS
10
1.6817133858267717
20
1.3697359448818898
11
1.6817133464566929
21
1.3697359448818898
0
LINE
8
BLACK
6
CONTINUOUS
10
1.6817133464566929
20
1.3697359448818898
11
1.6870661023622047
21
1.3660865354330709
0
LINE
8
BLACK
6
CONTINUOUS
10
1.6870661023622047
20
1.3660865354330709
11
1.6888383858267717
21
1.3639251181102361
0
LINE
8
BLACK
6
CONTINUOUS
10
1.6888383858267717
20
1.3639251181102361
11
1.689232283464567
21
1.3619878740157481
0
LINE
8
BLACK
6
CONTINUOUS
10
1.689232283464567
20
1.3619878740157481
11
1.689232283464567
21
1.2821653543307086
0
LINE
8
BLACK
6
CONTINUOUS
10
1.689232283464567
20
1.2821653543307086
11
1.6884448031496062
21
1.2794834251968503
0
LINE
8
BLACK
6
CONTINUOUS
10
1.6884448031496062
20
1.2794834251968503
11
1.6863323622047244
21
1.2776529921259843
0
LINE
8
BLACK
6
CONTINUOUS
10
1.6863323622047244
20
1.2776529921259843
11
1.6842716535433071
21
1.2772047244094489
0
LINE
8
BLACK
6
CONTINUOUS
10
1.6842716535433071
20
1.2772047244094489
11
1.6185009448818897
21
1.2772047244094489
0
LINE
8
BLACK
6
CONTINUOUS
10
1.6185009448818897
20
1.2772047244094489
11
1.6158190157480314
21
1.2779922047244094
0
LINE
8
BLACK
6
CONTINUOUS
10
1.6158190157480314
20
1.2779922047244094
11
1.6149934251968503
21
1.2786574409448819
0
LINE
8
BLACK
6
CONTINUOUS
10
1.6149934251968503
20
1.2786574409448819
11
1.567126496062992
21
1.3265243700787401
0
LINE
8
BLACK
6
CONTINUOUS
10
1.567126496062992
20
1.3265243700787401
11
1.566800748031496
21
1.3268838188976377
0
LINE
8
BLACK
6
CONTINUOUS
10
1.566800748031496
20
1.3268838188976377
11
1.5657113385826771
21
1.328211338582677
0
LINE
8
BLACK
6
CONTINUOUS
10
1.5657113385826771
20
1.328211338582677
11
1.5596655118110236
21
1.333173031496063
0
LINE
8
BLACK
6
CONTINUOUS
10
1.5596655118110236
20
1.333173031496063
11
1.552767874015748
21
1.3368598818897637
0
LINE
8
BLACK
6
CONTINUOUS
10
1.552767874015748
20
1.3368598818897637
11
1.5452835039370079
21
1.3391302755905512
0
LINE
8
BLACK
6
CONTINUOUS
10
1.5452835039370079
20
1.3391302755905512
11
1.5452831889763778
21
1.3391302755905512
0
LINE
8
BLACK
6
CONTINUOUS
10
1.5452831889763778
20
1.3391302755905512
11
1.5452831496062991
21
1.33913031496063
0
LINE
8
BLACK
6
CONTINUOUS
10
1.5452831496062991
20
1.33913031496063
11
1.5375001574803149
21
1.3398968503937008
0
LINE
8
BLACK
6
CONTINUOUS
10
1.5375001574803149
20
1.3398968503937008
11
1.5374998818897638
21
1.3398968503937008
0
LINE
8
BLACK
6
CONTINUOUS
10
1.5374998818897638
20
1.3398968503937008
11
1.5357918503937007
21
1.339728622047244
0
LINE
8
BLACK
6
CONTINUOUS
10
1.5357918503937007
20
1.339728622047244
11
1.5353056299212597
21
1.3397047244094489
0
LINE
8
BLACK
6
CONTINUOUS
10
1.5353056299212597
20
1.3397047244094489
11
1.5139953149606298
21
1.3397047244094489
0
LINE
8
BLACK
6
CONTINUOUS
10
1.5139953149606298
20
1.3397047244094489
11
1.5113133858267715
21
1.3404922047244094
0
LINE
8
BLACK
6
CONTINUOUS
10
1.5113133858267715
20
1.3404922047244094
11
1.5094829527559055
21
1.3426046456692913
0
LINE
8
BLACK
6
CONTINUOUS
10
1.5094829527559055
20
1.3426046456692913
11
1.5091676771653544
21
1.3435244881889763
0
LINE
8
BLACK
6
CONTINUOUS
10
1.5091676771653544
20
1.3435244881889763
11
1.5091334251968505
21
1.3436692913385826
0
LINE
8
BLACK
6
CONTINUOUS
10
1.5091334251968505
20
1.3436692913385826
11
1.5086507874015749
21
1.344963307086614
0
LINE
8
BLACK
6
CONTINUOUS
10
1.5086507874015749
20
1.344963307086614
11
1.5071216141732282
21
1.3490631496062993
0
LINE
8
BLACK
6
CONTINUOUS
10
1.5071216141732282
20
1.3490631496062993
11
1.5036716929133858
21
1.3536716929133858
0
LINE
8
BLACK
6
CONTINUOUS
10
1.5036716929133858
20
1.3536716929133858
11
1.5008011811023623
21
1.3558205511811023
0
LINE
8
BLACK
6
CONTINUOUS
10
1.5008011811023623
20
1.3558205511811023
11
1.4990632677165354
21
1.3571215354330708
0
LINE
8
BLACK
6
CONTINUOUS
10
1.4990632677165354
20
1.3571215354330708
11
1.4990632283464567
21
1.3571215354330708
0
LINE
8
BLACK
6
CONTINUOUS
10
1.4990632283464567
20
1.3571215354330708
11
1.4990631496062992
21
1.3571216141732283
0
LINE
8
BLACK
6
CONTINUOUS
10
1.4990631496062992
20
1.3571216141732283
11
1.4936693307086615
21
1.3591334251968503
0
LINE
8
BLACK
6
CONTINUOUS
10
1.4936693307086615
20
1.3591334251968503
11
1.493669251968504
21
1.3591334251968503
0
LINE
8
BLACK
6
CONTINUOUS
10
1.493669251968504
20
1.3591334251968503
11
1.4936691338582677
21
1.3591334645669291
0
LINE
8
BLACK
6
CONTINUOUS
10
1.4936691338582677
20
1.3591334645669291
11
1.4912853937007873
21
1.3593897244094488
0
LINE
8
BLACK
6
CONTINUOUS
10
1.4912853937007873
20
1.3593897244094488
11
1.4912852362204725
21
1.3593897244094488
0
LINE
8
BLACK
6
CONTINUOUS
10
1.4912852362204725
20
1.3593897244094488
11
1.4912849606299212
21
1.3593897637795276
0
LINE
8
BLACK
6
CONTINUOUS
10
1.4912849606299212
20
1.3593897637795276
11
1.4087150393700787
21
1.3593897637795276
0
LINE
8
BLACK
6
CONTINUOUS
10
1.4087150393700787
20
1.3593897637795276
11
1.4087147637795274
21
1.3593897244094488
0
LINE
8
BLACK
6
CONTINUOUS
10
1.4087147637795274
20
1.3593897244094488
11
1.4087145669291339
21
1.3593897244094488
0
LINE
8
BLACK
6
CONTINUOUS
10
1.4087145669291339
20
1.3593897244094488
11
1.4063308267716534
21
1.3591334645669291
0
LINE
8
BLACK
6
CONTINUOUS
10
1.4063308267716534
20
1.3591334645669291
11
1.4063305118110236
21
1.3591333858267716
0
LINE
8
BLACK
6
CONTINUOUS
10
1.4063305118110236
20
1.3591333858267716
11
1.404021653543307
21
1.3582722047244093
0
LINE
8
BLACK
6
CONTINUOUS
10
1.404021653543307
20
1.3582722047244093
11
1.4009368503937007
21
1.3571216141732283
0
LINE
8
BLACK
6
CONTINUOUS
10
1.4009368503937007
20
1.3571216141732283
11
1.4009367716535432
21
1.3571215748031495
0
LINE
8
BLACK
6
CONTINUOUS
10
1.4009367716535432
20
1.3571215748031495
11
1.4009366929133857
21
1.3571215354330708
0
LINE
8
BLACK
6
CONTINUOUS
10
1.4009366929133857
20
1.3571215354330708
11
1.3963282677165354
21
1.3536716929133858
0
LINE
8
BLACK
6
CONTINUOUS
10
1.3963282677165354
20
1.3536716929133858
11
1.3928784251968505
21
1.3490632677165355
0
LINE
8
BLACK
6
CONTINUOUS
10
1.3928784251968505
20
1.3490632677165355
11
1.392878346456693
21
1.3490630708661417
0
LINE
8
BLACK
6
CONTINUOUS
10
1.392878346456693
20
1.3490630708661417
11
1.3908665748031497
21
1.3436694488188976
0
LINE
8
BLACK
6
CONTINUOUS
10
1.3908665748031497
20
1.3436694488188976
11
1.3908664960629922
21
1.3436691338582676
0
LINE
8
BLACK
6
CONTINUOUS
10
1.3908664960629922
20
1.3436691338582676
11
1.3906102362204724
21
1.3412853937007874
0
LINE
8
BLACK
6
CONTINUOUS
10
1.3906102362204724
20
1.3412853937007874
11
1.3906102362204724
21
1.3196653543307086
0
LINE
8
BLACK
6
CONTINUOUS
10
1.3906102362204724
20
1.3196653543307086
11
1.3898227559055119
21
1.3169834251968504
0
LINE
8
BLACK
6
CONTINUOUS
10
1.3898227559055119
20
1.3169834251968504
11
1.3877103149606298
21
1.3151529921259841
0
LINE
8
BLACK
6
CONTINUOUS
10
1.3877103149606298
20
1.3151529921259841
11
1.3856496062992125
21
1.3147047244094487
0
LINE
8
BLACK
6
CONTINUOUS
10
1.3856496062992125
20
1.3147047244094487
11
1.1991803149606299
21
1.3147047244094487
0
LINE
8
BLACK
6
CONTINUOUS
10
1.1991803149606299
20
1.3147047244094487
11
1.1964983858267717
21
1.3154922047244093
0
LINE
8
BLACK
6
CONTINUOUS
10
1.1964983858267717
20
1.3154922047244093
11
1.1946679527559054
21
1.3176046456692914
0
LINE
8
BLACK
6
CONTINUOUS
10
1.1946679527559054
20
1.3176046456692914
11
1.19421968503937
21
1.3196653543307086
0
LINE
8
BLACK
6
CONTINUOUS
10
1.19421968503937
20
1.3196653543307086
11
1.19421968503937
21
1.3271146456692913
0
LINE
8
BLACK
6
CONTINUOUS
10
1.19421968503937
20
1.3271146456692913
11
1.1942196456692913
21
1.3271153149606298
0
LINE
8
BLACK
6
CONTINUOUS
10
1.1942196456692913
20
1.3271153149606298
11
1.1939633858267715
21
1.3294990551181103
0
LINE
8
BLACK
6
CONTINUOUS
10
1.1939633858267715
20
1.3294990551181103
11
1.1939633070866142
21
1.3294993700787401
0
LINE
8
BLACK
6
CONTINUOUS
10
1.1939633070866142
20
1.3294993700787401
11
1.1936866141732283
21
1.3302411417322835
0
LINE
8
BLACK
6
CONTINUOUS
10
1.1936866141732283
20
1.3302411417322835
11
1.1919515354330708
21
1.3348930708661417
0
LINE
8
BLACK
6
CONTINUOUS
10
1.1919515354330708
20
1.3348930708661417
11
1.1885016141732283
21
1.3395016141732283
0
LINE
8
BLACK
6
CONTINUOUS
10
1.1885016141732283
20
1.3395016141732283
11
1.187178346456693
21
1.3404922047244094
0
LINE
8
BLACK
6
CONTINUOUS
10
1.187178346456693
20
1.3404922047244094
11
1.183893188976378
21
1.3429514566929133
0
LINE
8
BLACK
6
CONTINUOUS
10
1.183893188976378
20
1.3429514566929133
11
1.1838931496062992
21
1.3429514566929133
0
LINE
8
BLACK
6
CONTINUOUS
10
1.1838931496062992
20
1.3429514566929133
11
1.1838930708661417
21
1.3429515354330708
0
LINE
8
BLACK
6
CONTINUOUS
10
1.1838930708661417
20
1.3429515354330708
11
1.1784992519685038
21
1.3449633464566928
0
LINE
8
BLACK
6
CONTINUOUS
10
1.1784992519685038
20
1.3449633464566928
11
1.1784991732283465
21
1.3449633464566928
0
LINE
8
BLACK
6
CONTINUOUS
10
1.1784991732283465
20
1.3449633464566928
11
1.1784990551181103
21
1.3449633858267716
0
LINE
8
BLACK
6
CONTINUOUS
10
1.1784990551181103
20
1.3449633858267716
11
1.1761153149606298
21
1.3452196456692913
0
LINE
8
BLACK
6
CONTINUOUS
10
1.1761153149606298
20
1.3452196456692913
11
1.176115157480315
21
1.3452196456692913
0
LINE
8
BLACK
6
CONTINUOUS
10
1.176115157480315
20
1.3452196456692913
11
1.1761148818897638
21
1.3452196850393701
0
LINE
8
BLACK
6
CONTINUOUS
10
1.1761148818897638
20
1.3452196850393701
11
1.0738851181102362
21
1.3452196850393701
0
LINE
8
BLACK
6
CONTINUOUS
10
1.0738851181102362
20
1.3452196850393701
11
1.073884842519685
21
1.3452196456692913
0
LINE
8
BLACK
6
CONTINUOUS
10
1.073884842519685
20
1.3452196456692913
11
1.0738846456692912
21
1.3452196456692913
0
LINE
8
BLACK
6
CONTINUOUS
10
1.0738846456692912
20
1.3452196456692913
11
1.071500905511811
21
1.3449633858267716
0
LINE
8
BLACK
6
CONTINUOUS
10
1.071500905511811
20
1.3449633858267716
11
1.0715005905511812
21
1.344963307086614
0
LINE
8
BLACK
6
CONTINUOUS
10
1.0715005905511812
20
1.344963307086614
11
1.068432874015748
21
1.3438190551181102
0
LINE
8
BLACK
6
CONTINUOUS
10
1.068432874015748
20
1.3438190551181102
11
1.0661069291338583
21
1.3429515354330708
0
LINE
8
BLACK
6
CONTINUOUS
10
1.0661069291338583
20
1.3429515354330708
11
1.0661068503937008
21
1.342951496062992
0
LINE
8
BLACK
6
CONTINUOUS
10
1.0661068503937008
20
1.342951496062992
11
1.0661067716535433
21
1.3429514566929133
0
LINE
8
BLACK
6
CONTINUOUS
10
1.0661067716535433
20
1.3429514566929133
11
1.0614983464566929
21
1.3395016141732283
0
LINE
8
BLACK
6
CONTINUOUS
10
1.0614983464566929
20
1.3395016141732283
11
1.0580485039370078
21
1.334893188976378
0
LINE
8
BLACK
6
CONTINUOUS
10
1.0580485039370078
20
1.334893188976378
11
1.0580484251968503
21
1.3348929921259842
0
LINE
8
BLACK
6
CONTINUOUS
10
1.0580484251968503
20
1.3348929921259842
11
1.056036653543307
21
1.3294993700787401
0
LINE
8
BLACK
6
CONTINUOUS
10
1.056036653543307
20
1.3294993700787401
11
1.0560365748031495
21
1.3294990551181103
0
LINE
8
BLACK
6
CONTINUOUS
10
1.0560365748031495
20
1.3294990551181103
11
1.05578031496063
21
1.3271153149606298
0
LINE
8
BLACK
6
CONTINUOUS
10
1.05578031496063
20
1.3271153149606298
11
1.05578031496063
21
1.2228846456692912
0
LINE
8
BLACK
6
CONTINUOUS
10
1.05578031496063
20
1.2228846456692912
11
1.0560365748031495
21
1.220500905511811
0
LINE
8
BLACK
6
CONTINUOUS
10
1.0560365748031495
20
1.220500905511811
11
1.056036653543307
21
1.220500590551181
0
LINE
8
BLACK
6
CONTINUOUS
10
1.056036653543307
20
1.220500590551181
11
1.0580484251968503
21
1.2151069685039371
0
LINE
8
BLACK
6
CONTINUOUS
10
1.0580484251968503
20
1.2151069685039371
11
1.0580485039370078
21
1.2151067716535433
0
LINE
8
BLACK
6
CONTINUOUS
10
1.0580485039370078
20
1.2151067716535433
11
1.0614983464566929
21
1.210498346456693
0
LINE
8
BLACK
6
CONTINUOUS
10
1.0614983464566929
20
1.210498346456693
11
1.0661067716535433
21
1.2070485039370078
0
LINE
8
BLACK
6
CONTINUOUS
10
1.0661067716535433
20
1.2070485039370078
11
1.066106968503937
21
1.2070484251968503
0
LINE
8
BLACK
6
CONTINUOUS
10
1.066106968503937
20
1.2070484251968503
11
1.0715005905511812
21
1.205036653543307
0
LINE
8
BLACK
6
CONTINUOUS
10
1.0715005905511812
20
1.205036653543307
11
1.071500905511811
21
1.2050365748031495
0
LINE
8
BLACK
6
CONTINUOUS
10
1.071500905511811
20
1.2050365748031495
11
1.0738846456692912
21
1.20478031496063
0
LINE
8
BLACK
6
CONTINUOUS
10
1.0738846456692912
20
1.20478031496063
11
1.0738851181102362
21
1.20478031496063
0
LINE
8
BLACK
6
CONTINUOUS
10
1.0738851181102362
20
1.20478031496063
11
1.1761153149606298
21
1.20478031496063
0
LINE
8
BLACK
6
CONTINUOUS
10
1.1761153149606298
20
1.20478031496063
11
1.1784990551181103
21
1.2050365748031495
0
LINE
8
BLACK
6
CONTINUOUS
10
1.1784990551181103
20
1.2050365748031495
11
1.1784993700787401
21
1.205036653543307
0
LINE
8
BLACK
6
CONTINUOUS
10
1.1784993700787401
20
1.205036653543307
11
1.1838929921259842
21
1.2070484251968503
0
LINE
8
BLACK
6
CONTINUOUS
10
1.1838929921259842
20
1.2070484251968503
11
1.183893188976378
21
1.2070485039370078
0
LINE
8
BLACK
6
CONTINUOUS
10
1.183893188976378
20
1.2070485039370078
11
1.1885016141732283
21
1.210498346456693
0
LINE
8
BLACK
6
CONTINUOUS
10
1.1885016141732283
20
1.210498346456693
11
1.1919514566929135
21
1.2151067716535433
0
LINE
8
BLACK
6
CONTINUOUS
10
1.1919514566929135
20
1.2151067716535433
11
1.1919515354330708
21
1.2151069685039371
0
LINE
8
BLACK
6
CONTINUOUS
10
1.1919515354330708
20
1.2151069685039371
11
1.1939633070866142
21
1.220500590551181
0
LINE
8
BLACK
6
CONTINUOUS
10
1.1939633070866142
20
1.220500590551181
11
1.1939633858267715
21
1.220500905511811
0
LINE
8
BLACK
6
CONTINUOUS
10
1.1939633858267715
20
1.220500905511811
11
1.1942196456692913
21
1.2228846456692912
0
LINE
8
BLACK
6
CONTINUOUS
10
1.1942196456692913
20
1.2228846456692912
11
1.19421968503937
21
1.2228853149606298
0
LINE
8
BLACK
6
CONTINUOUS
10
1.19421968503937
20
1.2228853149606298
11
1.19421968503937
21
1.2303346456692914
0
LINE
8
BLACK
6
CONTINUOUS
10
1.19421968503937
20
1.2303346456692914
11
1.1950071653543306
21
1.2330165748031496
0
LINE
8
BLACK
6
CONTINUOUS
10
1.1950071653543306
20
1.2330165748031496
11
1.1971196062992127
21
1.2348470078740157
0
LINE
8
BLACK
6
CONTINUOUS
10
1.1971196062992127
20
1.2348470078740157
11
1.1991803149606299
21
1.2352952755905511
0
LINE
8
BLACK
6
CONTINUOUS
10
1.1991803149606299
20
1.2352952755905511
11
1.4228056299212599
21
1.2352952755905511
0
LINE
8
BLACK
6
CONTINUOUS
10
1.4228056299212599
20
1.2352952755905511
11
1.4232918503937007
21
1.2352713779527558
0
LINE
8
BLACK
6
CONTINUOUS
10
1.4232918503937007
20
1.2352713779527558
11
1.4249998818897638
21
1.2351031496062992
0
LINE
8
BLACK
6
CONTINUOUS
10
1.4249998818897638
20
1.2351031496062992
11
1.425
21
1.2351031496062992
0
LINE
8
BLACK
6
CONTINUOUS
10
1.425
20
1.2351031496062992
11
1.4250001574803148
21
1.2351031496062992
0
LINE
8
BLACK
6
CONTINUOUS
10
1.4250001574803148
20
1.2351031496062992
11
1.4327831496062993
21
1.2358696456692913
0
LINE
8
BLACK
6
CONTINUOUS
10
1.4327831496062993
20
1.2358696456692913
11
1.4327836220472441
21
1.2358697244094488
0
LINE
8
BLACK
6
CONTINUOUS
10
1.4327836220472441
20
1.2358697244094488
11
1.4402674015748032
21
1.2381399212598425
0
LINE
8
BLACK
6
CONTINUOUS
10
1.4402674015748032
20
1.2381399212598425
11
1.4402679921259842
21
1.238140157480315
0
LINE
8
BLACK
6
CONTINUOUS
10
1.4402679921259842
20
1.238140157480315
11
1.4423111811023621
21
1.2392322834645668
0
LINE
8
BLACK
6
CONTINUOUS
10
1.4423111811023621
20
1.2392322834645668
11
1.4437933070866142
21
1.2400244881889764
0
LINE
8
BLACK
6
CONTINUOUS
10
1.4437933070866142
20
1.2400244881889764
11
1.4461317322834646
21
1.2406102362204725
0
LINE
8
BLACK
6
CONTINUOUS
10
1.4461317322834646
20
1.2406102362204725
11
1.4912853937007873
21
1.2406102362204725
0
LINE
8
BLACK
6
CONTINUOUS
10
1.4912853937007873
20
1.2406102362204725
11
1.4936691338582677
21
1.240866496062992
0
LINE
8
BLACK
6
CONTINUOUS
10
1.4936691338582677
20
1.240866496062992
11
1.4936694488188975
21
1.2408665748031495
0
LINE
8
BLACK
6
CONTINUOUS
10
1.4936694488188975
20
1.2408665748031495
11
1.4990630708661417
21
1.2428783464566928
0
LINE
8
BLACK
6
CONTINUOUS
10
1.4990630708661417
20
1.2428783464566928
11
1.4990632677165354
21
1.2428784251968503
0
LINE
8
BLACK
6
CONTINUOUS
10
1.4990632677165354
20
1.2428784251968503
11
1.5036716929133858
21
1.2463282677165355
0
LINE
8
BLACK
6
CONTINUOUS
10
1.5036716929133858
20
1.2463282677165355
11
1.5071215354330709
21
1.2509366929133858
0
LINE
8
BLACK
6
CONTINUOUS
10
1.5071215354330709
20
1.2509366929133858
11
1.5071216141732282
21
1.2509368897637796
0
LINE
8
BLACK
6
CONTINUOUS
10
1.5071216141732282
20
1.2509368897637796
11
1.50768968503937
21
1.2524598425196851
0
LINE
8
BLACK
6
CONTINUOUS
10
1.50768968503937
20
1.2524598425196851
11
1.5091334251968505
21
1.2563306692913385
0
LINE
8
BLACK
6
CONTINUOUS
10
1.5091334251968505
20
1.2563306692913385
11
1.5091676771653544
21
1.2564755118110236
0
LINE
8
BLACK
6
CONTINUOUS
10
1.5091676771653544
20
1.2564755118110236
11
1.5092250393700788
21
1.2565762204724409
0
LINE
8
BLACK
6
CONTINUOUS
10
1.5092250393700788
20
1.2565762204724409
11
1.5092418897637796
21
1.2566214173228347
0
LINE
8
BLACK
6
CONTINUOUS
10
1.5092418897637796
20
1.2566214173228347
11
1.5092491732283464
21
1.2566186614173227
0
LINE
8
BLACK
6
CONTINUOUS
10
1.5092491732283464
20
1.2566186614173227
11
1.5105508267716534
21
1.2589044488188976
0
LINE
8
BLACK
6
CONTINUOUS
10
1.5105508267716534
20
1.2589044488188976
11
1.5130275984251969
21
1.2601999606299212
0
LINE
8
BLACK
6
CONTINUOUS
10
1.5130275984251969
20
1.2601999606299212
11
1.5139953149606298
21
1.2602952755905512
0
LINE
8
BLACK
6
CONTINUOUS
10
1.5139953149606298
20
1.2602952755905512
11
1.5189990551181103
21
1.2602952755905512
0
LINE
8
BLACK
6
CONTINUOUS
10
1.5189990551181103
20
1.2602952755905512
11
1.5216809842519685
21
1.2595077952755904
0
LINE
8
BLACK
6
CONTINUOUS
10
1.5216809842519685
20
1.2595077952755904
11
1.5225065354330709
21
1.2588424803149607
0
LINE
8
BLACK
6
CONTINUOUS
10
1.5225065354330709
20
1.2588424803149607
11
1.5584637007874016
21
1.2228853149606298
0
LINE
8
BLACK
6
CONTINUOUS
10
1.5584637007874016
20
1.2228853149606298
11
1.5703725984251968
21
1.2109764173228346
0
LINE
8
BLACK
6
CONTINUOUS
10
1.5703725984251968
20
1.2109764173228346
11
1.5706994094488189
21
1.2106158267716536
0
LINE
8
BLACK
6
CONTINUOUS
10
1.5706994094488189
20
1.2106158267716536
11
1.5717885826771654
21
1.2092886614173228
0
LINE
8
BLACK
6
CONTINUOUS
10
1.5717885826771654
20
1.2092886614173228
11
1.5778345275590551
21
1.2043268897637796
0
LINE
8
BLACK
6
CONTINUOUS
10
1.5778345275590551
20
1.2043268897637796
11
1.5780370472440945
21
1.2041916141732283
0
LINE
8
BLACK
6
CONTINUOUS
10
1.5780370472440945
20
1.2041916141732283
11
1.5779953149606298
21
1.2041291732283463
0
LINE
8
BLACK
6
CONTINUOUS
10
1.5779953149606298
20
1.2041291732283463
11
1.5797395669291339
21
1.202414842519685
0
LINE
8
BLACK
6
CONTINUOUS
10
1.5797395669291339
20
1.202414842519685
11
1.5803572834645669
21
1.1996888188976378
0
LINE
8
BLACK
6
CONTINUOUS
10
1.5803572834645669
20
1.1996888188976378
11
1.5794031102362205
21
1.1970615748031497
0
LINE
8
BLACK
6
CONTINUOUS
10
1.5794031102362205
20
1.1970615748031497
11
1.5780073622047244
21
1.1958527559055119
0
LINE
8
BLACK
6
CONTINUOUS
10
1.5780073622047244
20
1.1958527559055119
11
1.5780370472440945
21
1.1958083858267716
0
LINE
8
BLACK
6
CONTINUOUS
10
1.5780370472440945
20
1.1958083858267716
11
1.5778345275590551
21
1.1956730708661416
0
LINE
8
BLACK
6
CONTINUOUS
10
1.5778345275590551
20
1.1956730708661416
11
1.5778344881889763
21
1.1956730314960629
0
LINE
8
BLACK
6
CONTINUOUS
10
1.5778344881889763
20
1.1956730314960629
11
1.5717886614173229
21
1.1907113385826771
0
LINE
8
BLACK
6
CONTINUOUS
10
1.5717886614173229
20
1.1907113385826771
11
1.5707415748031495
21
1.1894354724409448
0
LINE
8
BLACK
6
CONTINUOUS
10
1.5707415748031495
20
1.1894354724409448
11
1.5706994488188977
21
1.1893841338582678
0
LINE
8
BLACK
6
CONTINUOUS
10
1.5706994488188977
20
1.1893841338582678
11
1.5703725196850393
21
1.1890234645669291
0
LINE
8
BLACK
6
CONTINUOUS
10
1.5703725196850393
20
1.1890234645669291
11
1.5256563385826771
21
1.1443072834645669
0
LINE
8
BLACK
6
CONTINUOUS
10
1.5256563385826771
20
1.1443072834645669
11
1.5232031102362205
21
1.1429676771653543
0
LINE
8
BLACK
6
CONTINUOUS
10
1.5232031102362205
20
1.1429676771653543
11
1.5221486614173227
21
1.1428543307086614
0
LINE
8
BLACK
6
CONTINUOUS
10
1.5221486614173227
20
1.1428543307086614
11
1.4964785826771654
21
1.1428543307086614
0
LINE
8
BLACK
6
CONTINUOUS
10
1.4964785826771654
20
1.1428543307086614
11
1.4937966535433072
21
1.1436418110236219
0
LINE
8
BLACK
6
CONTINUOUS
10
1.4937966535433072
20
1.1436418110236219
11
1.4927065354330709
21
1.1445932283464566
0
LINE
8
BLACK
6
CONTINUOUS
10
1.4927065354330709
20
1.1445932283464566
11
1.4921246850393701
21
1.1452744488188975
0
LINE
8
BLACK
6
CONTINUOUS
10
1.4921246850393701
20
1.1452744488188975
11
1.4874401181102361
21
1.1492754330708661
0
LINE
8
BLACK
6
CONTINUOUS
10
1.4874401181102361
20
1.1492754330708661
11
1.4850163779527559
21
1.1513455118110236
0
LINE
8
BLACK
6
CONTINUOUS
10
1.4850163779527559
20
1.1513455118110236
11
1.4770457874015748
21
1.1562299212598426
0
LINE
8
BLACK
6
CONTINUOUS
10
1.4770457874015748
20
1.1562299212598426
11
1.4684092125984252
21
1.159807283464567
0
LINE
8
BLACK
6
CONTINUOUS
10
1.4684092125984252
20
1.159807283464567
11
1.4593193307086614
21
1.1619895669291338
0
LINE
8
BLACK
6
CONTINUOUS
10
1.4593193307086614
20
1.1619895669291338
11
1.45
21
1.162723031496063
0
LINE
8
BLACK
6
CONTINUOUS
10
1.45
20
1.162723031496063
11
1.4406806692913385
21
1.1619895669291338
0
LINE
8
BLACK
6
CONTINUOUS
10
1.4406806692913385
20
1.1619895669291338
11
1.4315907874015747
21
1.159807283464567
0
LINE
8
BLACK
6
CONTINUOUS
10
1.4315907874015747
20
1.159807283464567
11
1.4229542125984251
21
1.1562299212598426
0
LINE
8
BLACK
6
CONTINUOUS
10
1.4229542125984251
20
1.1562299212598426
11
1.414983622047244
21
1.1513455118110236
0
LINE
8
BLACK
6
CONTINUOUS
10
1.414983622047244
20
1.1513455118110236
11
1.4149835433070865
21
1.1513454330708661
0
LINE
8
BLACK
6
CONTINUOUS
10
1.4149835433070865
20
1.1513454330708661
11
1.414983464566929
21
1.1513453937007874
0
LINE
8
BLACK
6
CONTINUOUS
10
1.414983464566929
20
1.1513453937007874
11
1.4078751968503938
21
1.1452743700787402
0
LINE
8
BLACK
6
CONTINUOUS
10
1.4078751968503938
20
1.1452743700787402
11
1.4018041732283464
21
1.1381661023622047
0
LINE
8
BLACK
6
CONTINUOUS
10
1.4018041732283464
20
1.1381661023622047
11
1.4018041338582676
21
1.1381660236220472
0
LINE
8
BLACK
6
CONTINUOUS
10
1.4018041338582676
20
1.1381660236220472
11
1.4018040944881889
21
1.1381659842519685
0
LINE
8
BLACK
6
CONTINUOUS
10
1.4018040944881889
20
1.1381659842519685
11
1.4000181102362204
21
1.1352515354330708
0
LINE
8
BLACK
6
CONTINUOUS
10
1.4000181102362204
20
1.1352515354330708
11
1.3969196456692914
21
1.1301953149606299
0
LINE
8
BLACK
6
CONTINUOUS
10
1.3969196456692914
20
1.1301953149606299
11
1.3933422834645668
21
1.1215587401574802
0
LINE
8
BLACK
6
CONTINUOUS
10
1.3933422834645668
20
1.1215587401574802
11
1.3931758267716534
21
1.1208653543307086
0
LINE
8
BLACK
6
CONTINUOUS
10
1.3931758267716534
20
1.1208653543307086
11
1.3928977952755905
21
1.1197072440944882
0
LINE
8
BLACK
6
CONTINUOUS
10
1.3928977952755905
20
1.1197072440944882
11
1.3915060236220471
21
1.1172833464566929
0
LINE
8
BLACK
6
CONTINUOUS
10
1.3915060236220471
20
1.1172833464566929
11
1.3890246456692914
21
1.1159966141732283
0
LINE
8
BLACK
6
CONTINUOUS
10
1.3890246456692914
20
1.1159966141732283
11
1.3880742519685039
21
1.1159047244094489
0
LINE
8
BLACK
6
CONTINUOUS
10
1.3880742519685039
20
1.1159047244094489
11
1.1991803149606299
21
1.1159047244094489
0
LINE
8
BLACK
6
CONTINUOUS
10
1.1991803149606299
20
1.1159047244094489
11
1.1964983858267717
21
1.1166922047244094
0
LINE
8
BLACK
6
CONTINUOUS
10
1.1964983858267717
20
1.1166922047244094
11
1.1946679527559054
21
1.1188046456692913
0
LINE
8
BLACK
6
CONTINUOUS
10
1.1946679527559054
20
1.1188046456692913
11
1.19421968503937
21
1.1208653543307086
0
LINE
8
BLACK
6
CONTINUOUS
10
1.19421968503937
20
1.1208653543307086
11
1.19421968503937
21
1.1283146456692914
0
LINE
8
BLACK
6
CONTINUOUS
10
1.19421968503937
20
1.1283146456692914
11
1.1942196456692913
21
1.12831531496063
0
LINE
8
BLACK
6
CONTINUOUS
10
1.1942196456692913
20
1.12831531496063
11
1.1939633858267715
21
1.1306990551181102
0
LINE
8
BLACK
6
CONTINUOUS
10
1.1939633858267715
20
1.1306990551181102
11
1.1939633070866142
21
1.1306993700787402
0
LINE
8
BLACK
6
CONTINUOUS
10
1.1939633070866142
20
1.1306993700787402
11
1.1929445275590551
21
1.1334307874015748
0
LINE
8
BLACK
6
CONTINUOUS
10
1.1929445275590551
20
1.1334307874015748
11
1.1919515354330708
21
1.1360930708661416
0
LINE
8
BLACK
6
CONTINUOUS
10
1.1919515354330708
20
1.1360930708661416
11
1.1885016141732283
21
1.1407016141732282
0
LINE
8
BLACK
6
CONTINUOUS
10
1.1885016141732283
20
1.1407016141732282
11
1.1884412992125983
21
1.1407467716535433
0
LINE
8
BLACK
6
CONTINUOUS
10
1.1884412992125983
20
1.1407467716535433
11
1.183893188976378
21
1.1441514566929134
0
LINE
8
BLACK
6
CONTINUOUS
10
1.183893188976378
20
1.1441514566929134
11
1.1838931496062992
21
1.1441514566929134
0
LINE
8
BLACK
6
CONTINUOUS
10
1.1838931496062992
20
1.1441514566929134
11
1.1838930708661417
21
1.1441515354330709
0
LINE
8
BLACK
6
CONTINUOUS
10
1.1838930708661417
20
1.1441515354330709
11
1.1784992519685038
21
1.1461633464566929
0
LINE
8
BLACK
6
CONTINUOUS
10
1.1784992519685038
20
1.1461633464566929
11
1.1784991732283465
21
1.1461633464566929
0
LINE
8
BLACK
6
CONTINUOUS
10
1.1784991732283465
20
1.1461633464566929
11
1.1784990551181103
21
1.1461633858267717
0
LINE
8
BLACK
6
CONTINUOUS
10
1.1784990551181103
20
1.1461633858267717
11
1.1761153149606298
21
1.1464196456692912
0
LINE
8
BLACK
6
CONTINUOUS
10
1.1761153149606298
20
1.1464196456692912
11
1.176115157480315
21
1.1464196456692912
0
LINE
8
BLACK
6
CONTINUOUS
10
1.176115157480315
20
1.1464196456692912
11
1.1761148818897638
21
1.14641968503937
0
LINE
8
BLACK
6
CONTINUOUS
10
1.1761148818897638
20
1.14641968503937
11
1.0738851181102362
21
1.14641968503937
0
LINE
8
BLACK
6
CONTINUOUS
10
1.0738851181102362
20
1.14641968503937
11
1.073884842519685
21
1.1464196456692912
0
LINE
8
BLACK
6
CONTINUOUS
10
1.073884842519685
20
1.1464196456692912
11
1.0738846456692912
21
1.1464196456692912
0
LINE
8
BLACK
6
CONTINUOUS
10
1.0738846456692912
20
1.1464196456692912
11
1.071500905511811
21
1.1461633858267717
0
LINE
8
BLACK
6
CONTINUOUS
10
1.071500905511811
20
1.1461633858267717
11
1.0715005905511812
21
1.1461633070866142
0
LINE
8
BLACK
6
CONTINUOUS
10
1.0715005905511812
20
1.1461633070866142
11
1.0691173228346456
21
1.1452743700787402
0
LINE
8
BLACK
6
CONTINUOUS
10
1.0691173228346456
20
1.1452743700787402
11
1.0661069291338583
21
1.1441515354330709
0
LINE
8
BLACK
6
CONTINUOUS
10
1.0661069291338583
20
1.1441515354330709
11
1.0661068503937008
21
1.1441514960629922
0
LINE
8
BLACK
6
CONTINUOUS
10
1.0661068503937008
20
1.1441514960629922
11
1.0661067716535433
21
1.1441514566929134
0
LINE
8
BLACK
6
CONTINUOUS
10
1.0661067716535433
20
1.1441514566929134
11
1.0614983464566929
21
1.1407016141732282
0
LINE
8
BLACK
6
CONTINUOUS
10
1.0614983464566929
20
1.1407016141732282
11
1.0580485039370078
21
1.1360931889763779
0
LINE
8
BLACK
6
CONTINUOUS
10
1.0580485039370078
20
1.1360931889763779
11
1.0580484251968503
21
1.1360929921259841
0
LINE
8
BLACK
6
CONTINUOUS
10
1.0580484251968503
20
1.1360929921259841
11
1.056036653543307
21
1.1306993700787402
0
LINE
8
BLACK
6
CONTINUOUS
10
1.056036653543307
20
1.1306993700787402
11
1.0560365748031495
21
1.1306990551181102
0
LINE
8
BLACK
6
CONTINUOUS
10
1.0560365748031495
20
1.1306990551181102
11
1.05578031496063
21
1.12831531496063
0
LINE
8
BLACK
6
CONTINUOUS
10
1.05578031496063
20
1.12831531496063
11
1.05578031496063
21
1.1208653543307086
0
LINE
8
BLACK
6
CONTINUOUS
10
1.05578031496063
20
1.1208653543307086
11
1.0549928346456692
21
1.1181834251968503
0
LINE
8
BLACK
6
CONTINUOUS
10
1.0549928346456692
20
1.1181834251968503
11
1.0528803937007873
21
1.1163529921259843
0
LINE
8
BLACK
6
CONTINUOUS
10
1.0528803937007873
20
1.1163529921259843
11
1.0508196850393701
21
1.1159047244094489
0
LINE
8
BLACK
6
CONTINUOUS
10
1.0508196850393701
20
1.1159047244094489
11
0.6696653543307086
21
1.1159047244094489
0
LINE
8
BLACK
6
CONTINUOUS
10
0.6696653543307086
20
1.1159047244094489
11
0.6669834251968504
21
1.1166922047244094
0
LINE
8
BLACK
6
CONTINUOUS
10
0.6669834251968504
20
1.1166922047244094
11
0.6651529921259842
21
1.1188046456692913
0
LINE
8
BLACK
6
CONTINUOUS
10
0.6651529921259842
20
1.1188046456692913
11
0.6647047244094488
21
1.1208653543307086
0
LINE
8
BLACK
6
CONTINUOUS
10
0.6647047244094488
20
1.1208653543307086
11
0.6647047244094488
21
1.3537598425196851
0
LINE
8
BLACK
6
CONTINUOUS
10
0.6647047244094488
20
1.3537598425196851
11
0.6654922047244094
21
1.3564417716535433
0
LINE
8
BLACK
6
CONTINUOUS
10
0.6654922047244094
20
1.3564417716535433
11
0.6676046456692913
21
1.3582722047244093
0
LINE
8
BLACK
6
CONTINUOUS
10
0.6676046456692913
20
1.3582722047244093
11
0.6696653543307086
21
1.358720472440945
0
LINE
8
BLACK
6
CONTINUOUS
10
0.6696653543307086
20
1.358720472440945
11
0.672190905511811
21
1.358720472440945
0
LINE
8
BLACK
6
CONTINUOUS
10
0.672190905511811
20
1.358720472440945
11
0.6745746456692914
21
1.3589767322834645
0
LINE
8
BLACK
6
CONTINUOUS
10
0.6745746456692914
20
1.3589767322834645
11
0.6745749606299213
21
1.358976811023622
0
LINE
8
BLACK
6
CONTINUOUS
10
0.6745749606299213
20
1.358976811023622
11
0.6799685826771653
21
1.3609885826771653
0
LINE
8
BLACK
6
CONTINUOUS
10
0.6799685826771653
20
1.3609885826771653
11
0.6799687795275591
21
1.3609886614173228
0
LINE
8
BLACK
6
CONTINUOUS
10
0.6799687795275591
20
1.3609886614173228
11
0.6845772047244094
21
1.3644385039370079
0
LINE
8
BLACK
6
CONTINUOUS
10
0.6845772047244094
20
1.3644385039370079
11
0.6880270472440945
21
1.3690469291338583
0
LINE
8
BLACK
6
CONTINUOUS
10
0.6880270472440945
20
1.3690469291338583
11
0.688027125984252
21
1.369047125984252
0
LINE
8
BLACK
6
CONTINUOUS
10
0.688027125984252
20
1.369047125984252
11
0.6900388976377952
21
1.374440748031496
0
LINE
8
BLACK
6
CONTINUOUS
10
0.6900388976377952
20
1.374440748031496
11
0.6900389763779528
21
1.374441062992126
0
LINE
8
BLACK
6
CONTINUOUS
10
0.6900389763779528
20
1.374441062992126
11
0.6902952362204724
21
1.3768248031496062
0
LINE
8
BLACK
6
CONTINUOUS
10
0.6902952362204724
20
1.3768248031496062
11
0.6902952755905511
21
1.3768254724409448
0
LINE
8
BLACK
6
CONTINUOUS
10
0.6902952755905511
20
1.3768254724409448
11
0.6902952755905511
21
1.4712059842519685
0
LINE
8
BLACK
6
CONTINUOUS
10
0.6902952755905511
20
1.4712059842519685
11
0.6902952362204724
21
1.471206653543307
0
LINE
8
BLACK
6
CONTINUOUS
10
0.6902952362204724
20
1.471206653543307
11
0.6900389763779528
21
1.4735903937007873
0
LINE
8
BLACK
6
CONTINUOUS
10
0.6900389763779528
20
1.4735903937007873
11
0.6900388976377952
21
1.4735907086614173
0
LINE
8
BLACK
6
CONTINUOUS
10
0.6900388976377952
20
1.4735907086614173
11
0.6882840551181102
21
1.4782955118110237
0
LINE
8
BLACK
6
CONTINUOUS
10
0.6882840551181102
20
1.4782955118110237
11
0.688027125984252
21
1.4789844094488189
0
LINE
8
BLACK
6
CONTINUOUS
10
0.688027125984252
20
1.4789844094488189
11
0.6845772047244094
21
1.4835929527559055
0
LINE
8
BLACK
6
CONTINUOUS
10
0.6845772047244094
20
1.4835929527559055
11
0.6838457086614174
21
1.4841405511811023
0
LINE
8
BLACK
6
CONTINUOUS
10
0.6838457086614174
20
1.4841405511811023
11
0.6799687795275591
21
1.4870427952755905
0
LINE
8
BLACK
6
CONTINUOUS
10
0.6799687795275591
20
1.4870427952755905
11
0.6799687401574803
21
1.4870427952755905
0
LINE
8
BLACK
6
CONTINUOUS
10
0.6799687401574803
20
1.4870427952755905
11
0.6799686614173228
21
1.487042874015748
0
LINE
8
BLACK
6
CONTINUOUS
10
0.6799686614173228
20
1.487042874015748
11
0.674574842519685
21
1.48905468503937
0
LINE
8
BLACK
6
CONTINUOUS
10
0.674574842519685
20
1.48905468503937
11
0.6745747637795275
21
1.48905468503937
0
LINE
8
BLACK
6
CONTINUOUS
10
0.6745747637795275
20
1.48905468503937
11
0.6745746456692914
21
1.4890547244094487
0
LINE
8
BLACK
6
CONTINUOUS
10
0.6745746456692914
20
1.4890547244094487
11
0.672190905511811
21
1.4893109842519685
0
LINE
8
BLACK
6
CONTINUOUS
10
0.672190905511811
20
1.4893109842519685
11
0.672190748031496
21
1.4893109842519685
0
LINE
8
BLACK
6
CONTINUOUS
10
0.672190748031496
20
1.4893109842519685
11
0.6721904724409449
21
1.4893110236220473
0
LINE
8
BLACK
6
CONTINUOUS
10
0.6721904724409449
20
1.4893110236220473
11
0.5778095275590551
21
1.4893110236220473
0
LINE
8
BLACK
6
CONTINUOUS
10
0.5778095275590551
20
1.4893110236220473
11
0.577809251968504
21
1.4893109842519685
0
LINE
8
BLACK
6
CONTINUOUS
10
0.577809251968504
20
1.4893109842519685
11
0.5778090551181102
21
1.4893109842519685
0
LINE
8
BLACK
6
CONTINUOUS
10
0.5778090551181102
20
1.4893109842519685
11
0.5754253149606299
21
1.4890547244094487
0
LINE
8
BLACK
6
CONTINUOUS
10
0.5754253149606299
20
1.4890547244094487
11
0.575425
21
1.4890546456692912
0
LINE
8
BLACK
6
CONTINUOUS
10
0.575425
20
1.4890546456692912
11
0.5723572834645669
21
1.4879103937007874
0
LINE
8
BLACK
6
CONTINUOUS
10
0.5723572834645669
20
1.4879103937007874
11
0.5700313385826772
21
1.487042874015748
0
LINE
8
BLACK
6
CONTINUOUS
10
0.5700313385826772
20
1.487042874015748
11
0.5700312598425197
21
1.4870428346456692
0
LINE
8
BLACK
6
CONTINUOUS
10
0.5700312598425197
20
1.4870428346456692
11
0.5700311811023622
21
1.4870427952755905
0
LINE
8
BLACK
6
CONTINUOUS
10
0.5700311811023622
20
1.4870427952755905
11
0.5654227559055118
21
1.4835929527559055
0
LINE
8
BLACK
6
CONTINUOUS
10
0.5654227559055118
20
1.4835929527559055
11
0.5619729133858268
21
1.4789845275590552
0
LINE
8
BLACK
6
CONTINUOUS
10
0.5619729133858268
20
1.4789845275590552
11
0.5619728346456693
21
1.4789843307086614
0
LINE
8
BLACK
6
CONTINUOUS
10
0.5619728346456693
20
1.4789843307086614
11
0.559961062992126
21
1.4735907086614173
0
LINE
8
BLACK
6
CONTINUOUS
10
0.559961062992126
20
1.4735907086614173
11
0.5599609842519685
21
1.4735903937007873
0
LINE
8
BLACK
6
CONTINUOUS
10
0.5599609842519685
20
1.4735903937007873
11
0.5597047244094489
21
1.471206653543307
0
LINE
8
BLACK
6
CONTINUOUS
10
0.5597047244094489
20
1.471206653543307
11
0.5597047244094489
21
1.3768248031496062
0
LINE
8
BLACK
6
CONTINUOUS
10
0.5597047244094489
20
1.3768248031496062
11
0.5599609842519685
21
1.374441062992126
0
LINE
8
BLACK
6
CONTINUOUS
10
0.5599609842519685
20
1.374441062992126
11
0.559961062992126
21
1.374440748031496
0
LINE
8
BLACK
6
CONTINUOUS
10
0.559961062992126
20
1.374440748031496
11
0.5619728346456693
21
1.369047125984252
0
LINE
8
BLACK
6
CONTINUOUS
10
0.5619728346456693
20
1.369047125984252
11
0.5619729133858268
21
1.3690469291338583
0
LINE
8
BLACK
6
CONTINUOUS
10
0.5619729133858268
20
1.3690469291338583
11
0.5654227559055118
21
1.3644385039370079
0
LINE
8
BLACK
6
CONTINUOUS
10
0.5654227559055118
20
1.3644385039370079
11
0.5700311811023622
21
1.3609886614173228
0
LINE
8
BLACK
6
CONTINUOUS
10
0.5700311811023622
20
1.3609886614173228
11
0.5700313779527559
21
1.3609885826771653
0
LINE
8
BLACK
6
CONTINUOUS
10
0.5700313779527559
20
1.3609885826771653
11
0.575425
21
1.358976811023622
0
LINE
8
BLACK
6
CONTINUOUS
10
0.575425
20
1.358976811023622
11
0.5754253149606299
21
1.3589767322834645
0
LINE
8
BLACK
6
CONTINUOUS
10
0.5754253149606299
20
1.3589767322834645
11
0.5778090551181102
21
1.358720472440945
0
LINE
8
BLACK
6
CONTINUOUS
10
0.5778090551181102
20
1.358720472440945
11
0.5778095275590551
21
1.358720472440945
0
LINE
8
BLACK
6
CONTINUOUS
10
0.5778095275590551
20
1.358720472440945
11
0.5803346456692913
21
1.358720472440945
0
LINE
8
BLACK
6
CONTINUOUS
10
0.5803346456692913
20
1.358720472440945
11
0.5830165748031496
21
1.3579329921259842
0
LINE
8
BLACK
6
CONTINUOUS
10
0.5830165748031496
20
1.3579329921259842
11
0.5848470078740158
21
1.3558205511811023
0
LINE
8
BLACK
6
CONTINUOUS
10
0.5848470078740158
20
1.3558205511811023
11
0.5852952755905512
21
1.3537598425196851
0
LINE
8
BLACK
6
CONTINUOUS
10
0.5852952755905512
20
1.3537598425196851
11
0.5852952755905512
21
1.1208653543307086
0
LINE
8
BLACK
6
CONTINUOUS
10
0.5852952755905512
20
1.1208653543307086
11
0.5845077952755905
21
1.1181834251968503
0
LINE
8
BLACK
6
CONTINUOUS
10
0.5845077952755905
20
1.1181834251968503
11
0.5823953543307087
21
1.1163529921259843
0
LINE
8
BLACK
6
CONTINUOUS
10
0.5823953543307087
20
1.1163529921259843
11
0.5803346456692913
21
1.1159047244094489
0
LINE
8
BLACK
6
CONTINUOUS
10
0.5803346456692913
20
1.1159047244094489
11
0.4727644488188976
21
1.1159047244094489
0
LINE
8
BLACK
6
CONTINUOUS
10
0.4727644488188976
20
1.1159047244094489
11
0.4722782283464567
21
1.115928622047244
0
LINE
8
BLACK
6
CONTINUOUS
10
0.4722782283464567
20
1.115928622047244
11
0.4705701968503937
21
1.1160968503937008
0
LINE
8
BLACK
6
CONTINUOUS
10
0.4705701968503937
20
1.1160968503937008
11
0.4705699212598425
21
1.1160968503937008
0
LINE
8
BLACK
6
CONTINUOUS
10
0.4705699212598425
20
1.1160968503937008
11
0.4627868897637795
21
1.11533031496063
0
LINE
8
BLACK
6
CONTINUOUS
10
0.4627868897637795
20
1.11533031496063
11
0.462786811023622
21
1.1153302755905512
0
LINE
8
BLACK
6
CONTINUOUS
10
0.462786811023622
20
1.1153302755905512
11
0.4627865748031496
21
1.1153302755905512
0
LINE
8
BLACK
6
CONTINUOUS
10
0.4627865748031496
20
1.1153302755905512
11
0.4580265354330709
21
1.1138862992125984
0
LINE
8
BLACK
6
CONTINUOUS
10
0.4580265354330709
20
1.1138862992125984
11
0.4553022047244095
21
1.1130598818897637
0
LINE
8
BLACK
6
CONTINUOUS
10
0.4553022047244095
20
1.1130598818897637
11
0.4484045669291338
21
1.109373031496063
0
LINE
8
BLACK
6
CONTINUOUS
10
0.4484045669291338
20
1.109373031496063
11
0.4423587401574803
21
1.104411338582677
0
LINE
8
BLACK
6
CONTINUOUS
10
0.4423587401574803
20
1.104411338582677
11
0.4413116535433071
21
1.1031354724409448
0
LINE
8
BLACK
6
CONTINUOUS
10
0.4413116535433071
20
1.1031354724409448
11
0.4412695275590551
21
1.1030841338582678
0
LINE
8
BLACK
6
CONTINUOUS
10
0.4412695275590551
20
1.1030841338582678
11
0.4409425984251968
21
1.102723464566929
0
LINE
8
BLACK
6
CONTINUOUS
10
0.4409425984251968
20
1.102723464566929
11
0.304376811023622
21
0.9661576771653543
0
LINE
8
BLACK
6
CONTINUOUS
10
0.304376811023622
20
0.9661576771653543
11
0.3019235826771653
21
0.9648180708661417
0
LINE
8
BLACK
6
CONTINUOUS
10
0.3019235826771653
20
0.9648180708661417
11
0.3008691338582677
21
0.9647047244094488
0
LINE
8
BLACK
6
CONTINUOUS
10
0.3008691338582677
20
0.9647047244094488
11
0.300225905511811
21
0.9647047244094488
0
LINE
8
BLACK
6
CONTINUOUS
10
0.300225905511811
20
0.9647047244094488
11
0.2975439763779528
21
0.9654922047244094
0
LINE
8
BLACK
6
CONTINUOUS
10
0.2975439763779528
20
0.9654922047244094
11
0.2962547244094488
21
0.9666925590551181
0
LINE
8
BLACK
6
CONTINUOUS
10
0.2962547244094488
20
0.9666925590551181
11
0.2943016141732284
21
0.9693016141732284
0
LINE
8
BLACK
6
CONTINUOUS
10
0.2943016141732284
20
0.9693016141732284
11
0.289693188976378
21
0.9727514566929134
0
LINE
8
BLACK
6
CONTINUOUS
10
0.289693188976378
20
0.9727514566929134
11
0.2896931496062992
21
0.9727514566929134
0
LINE
8
BLACK
6
CONTINUOUS
10
0.2896931496062992
20
0.9727514566929134
11
0.2896930708661417
21
0.9727515354330708
0
LINE
8
BLACK
6
CONTINUOUS
10
0.2896930708661417
20
0.9727515354330708
11
0.2842992519685039
21
0.9747633464566929
0
LINE
8
BLACK
6
CONTINUOUS
10
0.2842992519685039
20
0.9747633464566929
11
0.2842991732283465
21
0.9747633464566929
0
LINE
8
BLACK
6
CONTINUOUS
10
0.2842991732283465
20
0.9747633464566929
11
0.2842990551181102
21
0.9747633858267716
0
LINE
8
BLACK
6
CONTINUOUS
10
0.2842990551181102
20
0.9747633858267716
11
0.2819153149606299
21
0.9750196456692913
0
LINE
8
BLACK
6
CONTINUOUS
10
0.2819153149606299
20
0.9750196456692913
11
0.281915157480315
21
0.9750196456692913
0
LINE
8
BLACK
6
CONTINUOUS
10
0.281915157480315
20
0.9750196456692913
11
0.2819148818897638
21
0.9750196850393701
0
LINE
8
BLACK
6
CONTINUOUS
10
0.2819148818897638
20
0.9750196850393701
11
0.2180851181102362
21
0.9750196850393701
0
LINE
8
BLACK
6
CONTINUOUS
10
0.2180851181102362
20
0.9750196850393701
11
0.218084842519685
21
0.9750196456692913
0
LINE
8
BLACK
6
CONTINUOUS
10
0.218084842519685
20
0.9750196456692913
11
0.2180846456692913
21
0.9750196456692913
0
LINE
8
BLACK
6
CONTINUOUS
10
0.2180846456692913
20
0.9750196456692913
11
0.215700905511811
21
0.9747633858267716
0
LINE
8
BLACK
6
CONTINUOUS
10
0.215700905511811
20
0.9747633858267716
11
0.2157005905511811
21
0.9747633070866142
0
LINE
8
BLACK
6
CONTINUOUS
10
0.2157005905511811
20
0.9747633070866142
11
0.212632874015748
21
0.9736190551181102
0
LINE
8
BLACK
6
CONTINUOUS
10
0.212632874015748
20
0.9736190551181102
11
0.2103069291338583
21
0.9727515354330708
0
LINE
8
BLACK
6
CONTINUOUS
10
0.2103069291338583
20
0.9727515354330708
11
0.2103068503937008
21
0.972751496062992
0
LINE
8
BLACK
6
CONTINUOUS
10
0.2103068503937008
20
0.972751496062992
11
0.2103067716535433
21
0.9727514566929134
0
LINE
8
BLACK
6
CONTINUOUS
10
0.2103067716535433
20
0.9727514566929134
11
0.2056984645669291
21
0.9693016929133859
0
LINE
8
BLACK
6
CONTINUOUS
10
0.2056984645669291
20
0.9693016929133859
11
0.2056984251968504
21
0.9693016141732284
0
LINE
8
BLACK
6
CONTINUOUS
10
0.2056984251968504
20
0.9693016141732284
11
0.2056983858267717
21
0.9693016141732284
0
LINE
8
BLACK
6
CONTINUOUS
10
0.2056983858267717
20
0.9693016141732284
11
0.2039711023622047
21
0.9669942519685039
0
LINE
8
BLACK
6
CONTINUOUS
10
0.2039711023622047
20
0.9669942519685039
11
0.2017335826771653
21
0.9653192913385826
0
LINE
8
BLACK
6
CONTINUOUS
10
0.2017335826771653
20
0.9653192913385826
11
0.1989455511811024
21
0.965119842519685
0
LINE
8
BLACK
6
CONTINUOUS
10
0.1989455511811024
20
0.965119842519685
11
0.1964923228346457
21
0.9664594094488189
0
LINE
8
BLACK
6
CONTINUOUS
10
0.1964923228346457
20
0.9664594094488189
11
0.1960290551181102
21
0.9669939763779527
0
LINE
8
BLACK
6
CONTINUOUS
10
0.1960290551181102
20
0.9669939763779527
11
0.1943016141732283
21
0.9693016141732284
0
LINE
8
BLACK
6
CONTINUOUS
10
0.1943016141732283
20
0.9693016141732284
11
0.1896930708661417
21
0.9727515354330708
0
LINE
8
BLACK
6
CONTINUOUS
10
0.1896930708661417
20
0.9727515354330708
11
0.1842992519685039
21
0.9747633464566929
0
LINE
8
BLACK
6
CONTINUOUS
10
0.1842992519685039
20
0.9747633464566929
11
0.1842991732283465
21
0.9747633464566929
0
LINE
8
BLACK
6
CONTINUOUS
10
0.1842991732283465
20
0.9747633464566929
11
0.1842990551181102
21
0.9747633858267716
0
LINE
8
BLACK
6
CONTINUOUS
10
0.1842990551181102
20
0.9747633858267716
11
0.1819153149606299
21
0.9750196456692913
0
LINE
8
BLACK
6
CONTINUOUS
10
0.1819153149606299
20
0.9750196456692913
11
0.1819151574803149
21
0.9750196456692913
0
LINE
8
BLACK
6
CONTINUOUS
10
0.1819151574803149
20
0.9750196456692913
11
0.1819148818897638
21
0.9750196850393701
0
LINE
8
BLACK
6
CONTINUOUS
10
0.1819148818897638
20
0.9750196850393701
11
0.1180851181102362
21
0.9750196850393701
0
LINE
8
BLACK
6
CONTINUOUS
10
0.1180851181102362
20
0.9750196850393701
11
0.118084842519685
21
0.9750196456692913
0
LINE
8
BLACK
6
CONTINUOUS
10
0.118084842519685
20
0.9750196456692913
11
0.1180846456692913
21
0.9750196456692913
0
LINE
8
BLACK
6
CONTINUOUS
10
0.1180846456692913
20
0.9750196456692913
11
0.115700905511811
21
0.9747633858267716
0
LINE
8
BLACK
6
CONTINUOUS
10
0.115700905511811
20
0.9747633858267716
11
0.1157005905511811
21
0.9747633070866142
0
LINE
8
BLACK
6
CONTINUOUS
10
0.1157005905511811
20
0.9747633070866142
11
0.112632874015748
21
0.9736190551181102
0
LINE
8
BLACK
6
CONTINUOUS
10
0.112632874015748
20
0.9736190551181102
11
0.1103069291338583
21
0.9727515354330708
0
LINE
8
BLACK
6
CONTINUOUS
10
0.1103069291338583
20
0.9727515354330708
11
0.1103068503937008
21
0.972751496062992
0
LINE
8
BLACK
6
CONTINUOUS
10
0.1103068503937008
20
0.972751496062992
11
0.1103067716535433
21
0.9727514566929134
0
LINE
8
BLACK
6
CONTINUOUS
10
0.1103067716535433
20
0.9727514566929134
11
0.1056983464566929
21
0.9693016141732284
0
LINE
8
BLACK
6
CONTINUOUS
10
0.1056983464566929
20
0.9693016141732284
11
0.1022485039370079
21
0.9646931889763779
0
LINE
8
BLACK
6
CONTINUOUS
10
0.1022485039370079
20
0.9646931889763779
11
0.1022484251968504
21
0.9646929921259842
0
LINE
8
BLACK
6
CONTINUOUS
10
0.1022484251968504
20
0.9646929921259842
11
0.1002366535433071
21
0.9592993700787401
0
LINE
8
BLACK
6
CONTINUOUS
10
0.1002366535433071
20
0.9592993700787401
11
0.1002365748031496
21
0.9592990551181102
0
LINE
8
BLACK
6
CONTINUOUS
10
0.1002365748031496
20
0.9592990551181102
11
0.0999803149606299
21
0.9569153149606299
0
LINE
8
BLACK
6
CONTINUOUS
10
0.0999803149606299
20
0.9569153149606299
11
0.0999803149606299
21
0.8930846456692914
0
LINE
8
BLACK
6
CONTINUOUS
10
0.0999803149606299
20
0.8930846456692914
11
0.1002365748031496
21
0.890700905511811
0
LINE
8
BLACK
6
CONTINUOUS
10
0.1002365748031496
20
0.890700905511811
11
0.1002366535433071
21
0.8907005905511811
0
LINE
8
BLACK
6
CONTINUOUS
10
0.1002366535433071
20
0.8907005905511811
11
0.1022484251968504
21
0.885306968503937
0
LINE
8
BLACK
6
CONTINUOUS
10
0.1022484251968504
20
0.885306968503937
11
0.1022485039370079
21
0.8853067716535433
0
LINE
8
BLACK
6
CONTINUOUS
10
0.1022485039370079
20
0.8853067716535433
11
0.1056983858267717
21
0.8806983464566929
0
LINE
8
BLACK
6
CONTINUOUS
10
0.1056983858267717
20
0.8806983464566929
11
0.1080056299212598
21
0.8789711417322834
0
LINE
8
BLACK
6
CONTINUOUS
10
0.1080056299212598
20
0.8789711417322834
11
0.1096806692913386
21
0.8767335039370079
0
LINE
8
BLACK
6
CONTINUOUS
10
0.1096806692913386
20
0.8767335039370079
11
0.1098800393700787
21
0.8739455118110236
0
LINE
8
BLACK
6
CONTINUOUS
10
0.1098800393700787
20
0.8739455118110236
11
0.1085404724409449
21
0.8714922834645669
0
LINE
8
BLACK
6
CONTINUOUS
10
0.1085404724409449
20
0.8714922834645669
11
0.1080056299212598
21
0.8710288582677165
0
LINE
8
BLACK
6
CONTINUOUS
10
0.1080056299212598
20
0.8710288582677165
11
0.1056983858267717
21
0.8693016141732284
0
LINE
8
BLACK
6
CONTINUOUS
10
0.1056983858267717
20
0.8693016141732284
11
0.1022485039370079
21
0.8646931889763779
0
LINE
8
BLACK
6
CONTINUOUS
10
0.1022485039370079
20
0.8646931889763779
11
0.1022484251968504
21
0.8646929921259843
0
LINE
8
BLACK
6
CONTINUOUS
10
0.1022484251968504
20
0.8646929921259843
11
0.1002366535433071
21
0.8592993700787401
0
LINE
8
BLACK
6
CONTINUOUS
10
0.1002366535433071
20
0.8592993700787401
11
0.1002365748031496
21
0.8592990551181102
0
LINE
8
BLACK
6
CONTINUOUS
10
0.1002365748031496
20
0.8592990551181102
11
0.0999803149606299
21
0.8569153149606299
0
LINE
8
BLACK
6
CONTINUOUS
10
0.0999803149606299
20
0.8569153149606299
11
0.0999803149606299
21
0.7930846456692913
0
LINE
8
BLACK
6
CONTINUOUS
10
0.0999803149606299
20
0.7930846456692913
11
0.1002365748031496
21
0.790700905511811
0
LINE
8
BLACK
6
CONTINUOUS
10
1.1099609842519684
20
1.374441062992126
11
1.1099610629921259
21
1.374440748031496
0
LINE
8
BLACK
6
CONTINUOUS
10
1.1099610629921259
20
1.374440748031496
11
1.1119728346456692
21
1.369047125984252
0
LINE
8
BLACK
6
CONTINUOUS
10
1.1119728346456692
20
1.369047125984252
11
1.1119729133858267
21
1.3690469291338583
0
LINE
8
BLACK
6
CONTINUOUS
10
1.1119729133858267
20
1.3690469291338583
11
1.1154227559055119
21
1.3644385039370079
0
LINE
8
BLACK
6
CONTINUOUS
10
1.1154227559055119
20
1.3644385039370079
11
1.1200311811023622
21
1.3609886614173228
0
LINE
8
BLACK
6
CONTINUOUS
10
1.1200311811023622
20
1.3609886614173228
11
1.120031377952756
21
1.3609885826771653
0
LINE
8
BLACK
6
CONTINUOUS
10
1.120031377952756
20
1.3609885826771653
11
1.1254249999999999
21
1.358976811023622
0
LINE
8
BLACK
6
CONTINUOUS
10
1.1254249999999999
20
1.358976811023622
11
1.1254253149606299
21
1.3589767322834645
0
LINE
8
BLACK
6
CONTINUOUS
10
1.1254253149606299
20
1.3589767322834645
11
1.1278090551181101
21
1.358720472440945
0
LINE
8
BLACK
6
CONTINUOUS
10
1.1278090551181101
20
1.358720472440945
11
1.1278095275590552
21
1.358720472440945
0
LINE
8
BLACK
6
CONTINUOUS
10
1.1278095275590552
20
1.358720472440945
11
1.222190905511811
21
1.358720472440945
0
LINE
8
BLACK
6
CONTINUOUS
10
1.222190905511811
20
1.358720472440945
11
1.2245746456692914
21
1.3589767322834645
0
LINE
8
BLACK
6
CONTINUOUS
10
1.2245746456692914
20
1.3589767322834645
11
1.2245749606299212
21
1.358976811023622
0
LINE
8
BLACK
6
CONTINUOUS
10
1.2245749606299212
20
1.358976811023622
11
1.2299685826771654
21
1.3609885826771653
0
LINE
8
BLACK
6
CONTINUOUS
10
1.2299685826771654
20
1.3609885826771653
11
1.2299687795275591
21
1.3609886614173228
0
LINE
8
BLACK
6
CONTINUOUS
10
1.2299687795275591
20
1.3609886614173228
11
1.2345772047244095
21
1.3644385039370079
0
LINE
8
BLACK
6
CONTINUOUS
10
1.2345772047244095
20
1.3644385039370079
11
1.2380270472440944
21
1.3690469291338583
0
LINE
8
BLACK
6
CONTINUOUS
10
1.2380270472440944
20
1.3690469291338583
11
1.2380271259842519
21
1.369047125984252
0
LINE
8
BLACK
6
CONTINUOUS
10
1.2380271259842519
20
1.369047125984252
11
1.2400388976377952
21
1.374440748031496
0
LINE
8
BLACK
6
CONTINUOUS
10
1.2400388976377952
20
1.374440748031496
11
1.2400389763779527
21
1.374441062992126
0
LINE
8
BLACK
6
CONTINUOUS
10
1.2400389763779527
20
1.374441062992126
11
1.2402952362204724
21
1.3768248031496062
0
LINE
8
BLACK
6
CONTINUOUS
10
1.2402952362204724
20
1.3768248031496062
11
1.2402952755905512
21
1.3768254724409448
0
LINE
8
BLACK
6
CONTINUOUS
10
1.2402952755905512
20
1.3768254724409448
11
1.2402952755905512
21
1.4712059842519685
0
LINE
8
BLACK
6
CONTINUOUS
10
1.2402952755905512
20
1.4712059842519685
11
1.2402952362204724
21
1.471206653543307
0
LINE
8
BLACK
6
CONTINUOUS
10
1.2402952362204724
20
1.471206653543307
11
1.2400389763779527
21
1.4735903937007873
0
LINE
8
BLACK
6
CONTINUOUS
10
1.2400389763779527
20
1.4735903937007873
11
1.2400388976377952
21
1.4735907086614173
0
LINE
8
BLACK
6
CONTINUOUS
10
1.2400388976377952
20
1.4735907086614173
11
1.2382840551181102
21
1.4782955118110237
0
LINE
8
BLACK
6
CONTINUOUS
10
1.2382840551181102
20
1.4782955118110237
11
1.2380271259842519
21
1.4789844094488189
0
LINE
8
BLACK
6
CONTINUOUS
10
1.2380271259842519
20
1.4789844094488189
11
1.2345772047244095
21
1.4835929527559055
0
LINE
8
BLACK
6
CONTINUOUS
10
1.2345772047244095
20
1.4835929527559055
11
1.2338457086614172
21
1.4841405511811023
0
LINE
8
BLACK
6
CONTINUOUS
10
1.2338457086614172
20
1.4841405511811023
11
1.2299687795275591
21
1.4870427952755905
0
LINE
8
BLACK
6
CONTINUOUS
10
1.2299687795275591
20
1.4870427952755905
11
1.2299687401574804
21
1.4870427952755905
0
LINE
8
BLACK
6
CONTINUOUS
10
1.2299687401574804
20
1.4870427952755905
11
1.2299686614173229
21
1.487042874015748
0
LINE
8
BLACK
6
CONTINUOUS
10
1.2299686614173229
20
1.487042874015748
11
1.224574842519685
21
1.48905468503937
0
LINE
8
BLACK
6
CONTINUOUS
10
1.224574842519685
20
1.48905468503937
11
1.2245747637795275
21
1.48905468503937
0
LINE
8
BLACK
6
CONTINUOUS
10
1.2245747637795275
20
1.48905468503937
11
1.2245746456692914
21
1.4890547244094487
0
LINE
8
BLACK
6
CONTINUOUS
10
1.2245746456692914
20
1.4890547244094487
11
1.222190905511811
21
1.4893109842519685
0
LINE
8
BLACK
6
CONTINUOUS
10
1.222190905511811
20
1.4893109842519685
11
1.222190748031496
21
1.4893109842519685
0
LINE
8
BLACK
6
CONTINUOUS
10
1.222190748031496
20
1.4893109842519685
11
1.2221904724409449
21
1.4893110236220473
0
LINE
8
BLACK
6
CONTINUOUS
10
1.2221904724409449
20
1.4893110236220473
11
1.1278095275590552
21
1.4893110236220473
0
LINE
8
BLACK
6
CONTINUOUS
10
1.1278095275590552
20
1.4893110236220473
11
1.1278092519685039
21
1.4893109842519685
0
LINE
8
BLACK
6
CONTINUOUS
10
1.1278092519685039
20
1.4893109842519685
11
1.1278090551181101
21
1.4893109842519685
0
LINE
8
BLACK
6
CONTINUOUS
10
1.1278090551181101
20
1.4893109842519685
11
1.1254253149606299
21
1.4890547244094487
0
LINE
8
BLACK
6
CONTINUOUS
10
1.1254253149606299
20
1.4890547244094487
11
1.1254249999999999
21
1.4890546456692912
0
LINE
8
BLACK
6
CONTINUOUS
10
1.1254249999999999
20
1.4890546456692912
11
1.122357283464567
21
1.4879103937007874
0
LINE
8
BLACK
6
CONTINUOUS
10
1.122357283464567
20
1.4879103937007874
11
1.1200313385826772
21
1.487042874015748
0
LINE
8
BLACK
6
CONTINUOUS
10
1.1200313385826772
20
1.487042874015748
11
1.1200312598425197
21
1.4870428346456692
0
LINE
8
BLACK
6
CONTINUOUS
10
1.1200312598425197
20
1.4870428346456692
11
1.1200311811023622
21
1.4870427952755905
0
LINE
8
BLACK
6
CONTINUOUS
10
1.1200311811023622
20
1.4870427952755905
11
1.1154227559055119
21
1.4835929527559055
0
LINE
8
BLACK
6
CONTINUOUS
10
1.1154227559055119
20
1.4835929527559055
11
1.1119729133858267
21
1.4789845275590552
0
LINE
8
BLACK
6
CONTINUOUS
10
1.1119729133858267
20
1.4789845275590552
11
1.1119728346456692
21
1.4789843307086614
0
LINE
8
BLACK
6
CONTINUOUS
10
1.1119728346456692
20
1.4789843307086614
11
1.1099610629921259
21
1.4735907086614173
0
LINE
8
BLACK
6
CONTINUOUS
10
1.1099610629921259
20
1.4735907086614173
11
1.1099609842519684
21
1.4735903937007873
0
LINE
8
BLACK
6
CONTINUOUS
10
1.1099609842519684
20
1.4735903937007873
11
1.1097047244094489
21
1.471206653543307
0
LINE
8
BLACK
6
CONTINUOUS
10
1.1097047244094489
20
1.471206653543307
11
1.1097047244094489
21
1.3768248031496062
0
LINE
8
BLACK
6
CONTINUOUS
10
1.1097047244094489
20
1.3768248031496062
11
1.1099609842519684
21
1.374441062992126
0
CIRCLE
8
BLACK
10
1.45
20
1.3
40
0.0068897637795276
0
CIRCLE
8
BLACK
10
1.45
20
1.1031496062992125
40
0.0068897637795276
0
CIRCLE
8
BLACK
10
0.25
20
0.725
40
0.0068897637795276
0
CIRCLE
8
BLACK
10
0.15
20
0.725
40
0.0068897637795276
0
CIRCLE
8
BLACK
10
0.25
20
0.825
40
0.0068897637795276
0
CIRCLE
8
BLACK
10
0.15
20
0.825
40
0.0068897637795276
0
CIRCLE
8
BLACK
10
0.25
20
0.9249999999999999
40
0.0068897637795276
0
CIRCLE
8
BLACK
10
0.15
20
0.9249999999999999
40
0.0068897637795276
0
CIRCLE
8
BLACK
10
0.25
20
1.0249999999999999
40
0.0068897637795276
0
CIRCLE
8
BLACK
10
0.15
20
1.0249999999999999
40
0.0068897637795276
0
CIRCLE
8
BLACK
10
2.1999999999999997
20
1.3999999999999999
40
0.0068897637795276
0
CIRCLE
8
BLACK
10
0.2
20
0.2
40
0.0068897637795276
0
CIRCLE
8
BLACK
10
0.2
20
1.3999999999999999
40
0.0068897637795276
0
CIRCLE
8
BLACK
10
2.1999999999999997
20
0.2
40
0.0068897637795276
0
CIRCLE
8
BLACK
10
2.2749999999999999
20
1.125
40
0.0068897637795276
0
CIRCLE
8
BLACK
10
2.1749999999999998
20
1.125
40
0.0068897637795276
0
CIRCLE
8
BLACK
10
2.0749999999999997
20
1.125
40
0.0068897637795276
0
CIRCLE
8
BLACK
10
2.2749999999999999
20
0.9
40
0.0068897637795276
0
CIRCLE
8
BLACK
10
2.1749999999999998
20
0.9
40
0.0068897637795276
0
CIRCLE
8
BLACK
10
2.0749999999999997
20
0.9
40
0.0068897637795276
0
CIRCLE
8
BLACK
10
2.2749999999999999
20
0.6749999999999999
40
0.0068897637795276
0
CIRCLE
8
BLACK
10
2.1749999999999998
20
0.6749999999999999
40
0.0068897637795276
0
CIRCLE
8
BLACK
10
2.0749999999999997
20
0.6749999999999999
40
0.0068897637795276
0
CIRCLE
8
BLACK
10
2.2749999999999999
20
0.45
40
0.0068897637795276
0
CIRCLE
8
BLACK
10
2.1749999999999998
20
0.45
40
0.0068897637795276
0
CIRCLE
8
BLACK
10
2.0749999999999997
20
0.45
40
0.0068897637795276
0
CIRCLE
8
BLACK
10
1.175
20
1.4240157480314961
40
0.0068897637795276
0
CIRCLE
8
BLACK
10
1.175
20
0.1759842519685039
40
0.0068897637795276
0
CIRCLE
8
BLACK
10
0.625
20
1.4240157480314961
40
0.0068897637795276
0
CIRCLE
8
BLACK
10
0.625
20
0.1759842519685039
40
0.0068897637795276
0
CIRCLE
8
BLACK
10
1.7249999999999999
20
0.1759842519685039
40
0.0068897637795276
0
CIRCLE
8
BLACK
10
1.7249999999999999
20
1.4240157480314961
40
0.0068897637795276
0
CIRCLE
8
BLACK
10
1.9749999999999999
20
1.2749999999999999
40
0.0078740157480315
0
CIRCLE
8
BLACK
10
1.175
20
0.475
40
0.0078740157480315
0
CIRCLE
8
BLACK
10
1.7
20
0.65
40
0.0078740157480315
0
CIRCLE
8
BLACK
10
1.7
20
0.875
40
0.0078740157480315
0
CIRCLE
8
BLACK
10
1.7
20
1.075
40
0.0078740157480315
0
CIRCLE
8
BLACK
10
1.75
20
0.45
40
0.0078740157480315
  0
ENDSEC
  0
EOF
