  0
SECTION
  2
HEADER
  9
$ANGBASE
  50
0.0
  9
$ANGDIR
  70
1
  9
$MEASUREMENT
  70
0
  0
ENDSEC
  0
SECTION
  2
TABLES
  0
TABLE
  2
LTYPE
  70
4
  0
LTYPE
  5
40F
  2
CONTINUOUS
  70
0
  3
Solid line
  72
65
  73
0
  40
0.0
  0
LTYPE
  5
410
  2
DASHDOT
 70
0
  3
Dash Dot ____ _ ____ _
 72
65
 73
4
 40
2.0
 49
1.25
 49
-0.25
 49
0.25
 49
-0.25
  0
LTYPE
  5
411
  2
DASHED
 70
0
  3
Dashed __ __ __ __ __
 72
65
 73
2
 40
0.75
 49
0.5
 49
-0.25
  0
LTYPE
  5
43B
  2
DOTTED
 70
0
  3
Dotted .  .  .  .
 72
65
 73
2
 40
0.2
 49
0.0
 49
-0.2
  0
ENDTAB
  0
TABLE
  2
STYLE
  70
4
  0
STYLE
  2
KICAD
  70
0
  40
0
  41
1
  42
1
  50
0
  71
0
  3
isocp.shx
  0
STYLE
  2
KICADB
  70
0
  40
0
  41
1
  42
1
  50
0
  71
0
  3
isocp.shx
  0
STYLE
  2
KICADI
  70
0
  40
0
  41
1
  42
1
  50
15
  71
0
  3
isocp.shx
  0
STYLE
  2
KICADBI
  70
0
  40
0
  41
1
  42
1
  50
15
  71
0
  3
isocp.shx
  0
ENDTAB
  0
TABLE
  2
LAYER
  70
1
  0
LAYER
  2
BLACK
  70
0
  62
7
  6
CONTINUOUS
  0
ENDTAB
  0
ENDSEC
  0
SECTION
  2
ENTITIES
0
LINE
8
BLACK
6
CONTINUOUS
10
0.6256137007874015
20
0.6986756299212599
11
0.6257494881889764
21
0.698689842519685
0
LINE
8
BLACK
6
CONTINUOUS
10
0.6257494881889764
20
0.698689842519685
11
0.6332485433070866
21
0.6968150787401575
0
LINE
8
BLACK
6
CONTINUOUS
10
0.6332485433070866
20
0.6968150787401575
11
0.6337139763779528
21
0.6966074803149606
0
LINE
8
BLACK
6
CONTINUOUS
10
0.6337139763779528
20
0.6966074803149606
11
0.6338529133858267
21
0.6965914960629921
0
LINE
8
BLACK
6
CONTINUOUS
10
0.6338529133858267
20
0.6965914960629921
11
0.6376024409448818
21
0.6947167322834645
0
LINE
8
BLACK
6
CONTINUOUS
10
0.6376024409448818
20
0.6947167322834645
11
0.6383114960629921
21
0.6941907874015748
0
LINE
8
BLACK
6
CONTINUOUS
10
0.6383114960629921
20
0.6941907874015748
11
0.638369842519685
21
0.6941636220472441
0
LINE
8
BLACK
6
CONTINUOUS
10
0.638369842519685
20
0.6941636220472441
11
0.6421194094488188
21
0.6904140944881889
0
LINE
8
BLACK
6
CONTINUOUS
10
0.6421194094488188
20
0.6904140944881889
11
0.6427076377952756
21
0.6895740551181102
0
LINE
8
BLACK
6
CONTINUOUS
10
0.6427076377952756
20
0.6895740551181102
11
0.6427229921259843
21
0.6893981102362204
0
LINE
8
BLACK
6
CONTINUOUS
10
0.6427229921259843
20
0.6893981102362204
11
0.6428327165354331
21
0.6892599212598425
0
LINE
8
BLACK
6
CONTINUOUS
10
0.6428327165354331
20
0.6892599212598425
11
0.6447074803149606
21
0.6836356692913386
0
LINE
8
BLACK
6
CONTINUOUS
10
0.6447074803149606
20
0.6836356692913386
11
0.644836968503937
21
0.6827624015748032
0
LINE
8
BLACK
6
CONTINUOUS
10
0.644836968503937
20
0.6827624015748032
11
0.6448590157480315
21
0.6827018897637795
0
LINE
8
BLACK
6
CONTINUOUS
10
0.6448590157480315
20
0.6827018897637795
11
0.6448590157480315
21
0.6789523622047244
0
LINE
8
BLACK
6
CONTINUOUS
10
0.6448590157480315
20
0.6789523622047244
11
0.6447057086614173
21
0.6780829527559055
0
LINE
8
BLACK
6
CONTINUOUS
10
0.6447057086614173
20
0.6780829527559055
11
0.6447074803149606
21
0.6780185826771653
0
LINE
8
BLACK
6
CONTINUOUS
10
0.6447074803149606
20
0.6780185826771653
11
0.6428327165354331
21
0.6723943307086614
0
LINE
8
BLACK
6
CONTINUOUS
10
0.6428327165354331
20
0.6723943307086614
11
0.6423444094488189
21
0.6714925590551181
0
LINE
8
BLACK
6
CONTINUOUS
10
0.6423444094488189
20
0.6714925590551181
11
0.6421939763779527
21
0.6714001181102363
0
LINE
8
BLACK
6
CONTINUOUS
10
0.6421939763779527
20
0.6714001181102363
11
0.6421193700787401
21
0.6712401181102362
0
LINE
8
BLACK
6
CONTINUOUS
10
0.6421193700787401
20
0.6712401181102362
11
0.6402445669291339
21
0.6693653543307087
0
LINE
8
BLACK
6
CONTINUOUS
10
0.6402445669291339
20
0.6693653543307087
11
0.6394045275590551
21
0.6687771653543307
0
LINE
8
BLACK
6
CONTINUOUS
10
0.6394045275590551
20
0.6687771653543307
11
0.6373924409448819
21
0.6686011811023622
0
LINE
8
BLACK
6
CONTINUOUS
10
0.6373924409448819
20
0.6686011811023622
11
0.6357379133858267
21
0.6697596850393701
0
LINE
8
BLACK
6
CONTINUOUS
10
0.6357379133858267
20
0.6697596850393701
11
0.6352151968503937
21
0.6717106692913386
0
LINE
8
BLACK
6
CONTINUOUS
10
0.6352151968503937
20
0.6717106692913386
11
0.6360688188976378
21
0.6735412598425197
0
LINE
8
BLACK
6
CONTINUOUS
10
0.6360688188976378
20
0.6735412598425197
11
0.6374507086614173
21
0.6749231102362204
0
LINE
8
BLACK
6
CONTINUOUS
10
0.6374507086614173
20
0.6749231102362204
11
0.6389535039370079
21
0.6794314960629921
0
LINE
8
BLACK
6
CONTINUOUS
10
0.6389535039370079
20
0.6794314960629921
11
0.6389535039370079
21
0.6822227559055118
0
LINE
8
BLACK
6
CONTINUOUS
10
0.6389535039370079
20
0.6822227559055118
11
0.6374507086614173
21
0.6867311023622047
0
LINE
8
BLACK
6
CONTINUOUS
10
0.6374507086614173
20
0.6867311023622047
11
0.6345328346456692
21
0.689648937007874
0
LINE
8
BLACK
6
CONTINUOUS
10
0.6345328346456692
20
0.689648937007874
11
0.6315018503937008
21
0.6911644488188976
0
LINE
8
BLACK
6
CONTINUOUS
10
0.6315018503937008
20
0.6911644488188976
11
0.6246698031496063
21
0.6928724803149606
0
LINE
8
BLACK
6
CONTINUOUS
10
0.6246698031496063
20
0.6928724803149606
11
0.6197725984251968
21
0.6928724803149606
0
LINE
8
BLACK
6
CONTINUOUS
10
0.6197725984251968
20
0.6928724803149606
11
0.6129405511811024
21
0.6911644488188976
0
LINE
8
BLACK
6
CONTINUOUS
10
0.6129405511811024
20
0.6911644488188976
11
0.6099095669291339
21
0.6896489763779527
0
LINE
8
BLACK
6
CONTINUOUS
10
0.6099095669291339
20
0.6896489763779527
11
0.6069917322834646
21
0.6867311417322834
0
LINE
8
BLACK
6
CONTINUOUS
10
0.6069917322834646
20
0.6867311417322834
11
0.605488937007874
21
0.6822227165354331
0
LINE
8
BLACK
6
CONTINUOUS
10
0.605488937007874
20
0.6822227165354331
11
0.605488937007874
21
0.6794314960629921
0
LINE
8
BLACK
6
CONTINUOUS
10
0.605488937007874
20
0.6794314960629921
11
0.6069917322834646
21
0.6749230708661417
0
LINE
8
BLACK
6
CONTINUOUS
10
0.6069917322834646
20
0.6749230708661417
11
0.6083736220472441
21
0.6735412204724409
0
LINE
8
BLACK
6
CONTINUOUS
10
0.6083736220472441
20
0.6735412204724409
11
0.608961811023622
21
0.6727011811023622
0
LINE
8
BLACK
6
CONTINUOUS
10
0.608961811023622
20
0.6727011811023622
11
0.6091378346456693
21
0.6706890944881889
0
LINE
8
BLACK
6
CONTINUOUS
10
0.6091378346456693
20
0.6706890944881889
11
0.6079793307086614
21
0.6690345275590551
0
LINE
8
BLACK
6
CONTINUOUS
10
0.6079793307086614
20
0.6690345275590551
11
0.6060283464566929
21
0.668511811023622
0
LINE
8
BLACK
6
CONTINUOUS
10
0.6060283464566929
20
0.668511811023622
11
0.6041977952755906
21
0.6693653937007874
0
LINE
8
BLACK
6
CONTINUOUS
10
0.6041977952755906
20
0.6693653937007874
11
0.602323031496063
21
0.671240157480315
0
LINE
8
BLACK
6
CONTINUOUS
10
0.602323031496063
20
0.671240157480315
11
0.601734842519685
21
0.6720801968503937
0
LINE
8
BLACK
6
CONTINUOUS
10
0.601734842519685
20
0.6720801968503937
11
0.6017194488188976
21
0.6722560236220473
0
LINE
8
BLACK
6
CONTINUOUS
10
0.6017194488188976
20
0.6722560236220473
11
0.6016097244094488
21
0.6723943307086614
0
LINE
8
BLACK
6
CONTINUOUS
10
0.6016097244094488
20
0.6723943307086614
11
0.5997349606299213
21
0.6780186220472441
0
LINE
8
BLACK
6
CONTINUOUS
10
0.5997349606299213
20
0.6780186220472441
11
0.5996054724409449
21
0.6788917716535433
0
LINE
8
BLACK
6
CONTINUOUS
10
0.5996054724409449
20
0.6788917716535433
11
0.5995834251968504
21
0.6789523622047244
0
LINE
8
BLACK
6
CONTINUOUS
10
0.5995834251968504
20
0.6789523622047244
11
0.5995834251968504
21
0.6827018897637795
0
LINE
8
BLACK
6
CONTINUOUS
10
0.5995834251968504
20
0.6827018897637795
11
0.5997366929133858
21
0.6835712598425197
0
LINE
8
BLACK
6
CONTINUOUS
10
0.5997366929133858
20
0.6835712598425197
11
0.5997349606299213
21
0.6836356299212598
0
LINE
8
BLACK
6
CONTINUOUS
10
0.5997349606299213
20
0.6836356299212598
11
0.6016097244094488
21
0.6892599212598425
0
LINE
8
BLACK
6
CONTINUOUS
10
0.6016097244094488
20
0.6892599212598425
11
0.6020979921259842
21
0.6901616929133858
0
LINE
8
BLACK
6
CONTINUOUS
10
0.6020979921259842
20
0.6901616929133858
11
0.6022484251968504
21
0.690254094488189
0
LINE
8
BLACK
6
CONTINUOUS
10
0.6022484251968504
20
0.690254094488189
11
0.602323031496063
21
0.6904140944881889
0
LINE
8
BLACK
6
CONTINUOUS
10
0.602323031496063
20
0.6904140944881889
11
0.6060725590551181
21
0.6941636220472441
0
LINE
8
BLACK
6
CONTINUOUS
10
0.6060725590551181
20
0.6941636220472441
11
0.6067957086614173
21
0.69467
0
LINE
8
BLACK
6
CONTINUOUS
10
0.6067957086614173
20
0.69467
11
0.6068399606299213
21
0.6947167322834645
0
LINE
8
BLACK
6
CONTINUOUS
10
0.6068399606299213
20
0.6947167322834645
11
0.6105894881889764
21
0.6965914960629921
0
LINE
8
BLACK
6
CONTINUOUS
10
0.6105894881889764
20
0.6965914960629921
11
0.6110779133858267
21
0.6967367716535433
0
LINE
8
BLACK
6
CONTINUOUS
10
0.6110779133858267
20
0.6967367716535433
11
0.6111938582677165
21
0.6968150787401575
0
LINE
8
BLACK
6
CONTINUOUS
10
0.6111938582677165
20
0.6968150787401575
11
0.6186929133858268
21
0.698689842519685
0
LINE
8
BLACK
6
CONTINUOUS
10
0.6186929133858268
20
0.698689842519685
11
0.6192807874015748
21
0.6987312992125984
0
LINE
8
BLACK
6
CONTINUOUS
10
0.6192807874015748
20
0.6987312992125984
11
0.6194090551181102
21
0.6987779921259842
0
LINE
8
BLACK
6
CONTINUOUS
10
0.6194090551181102
20
0.6987779921259842
11
0.625033346456693
21
0.6987779921259842
0
LINE
8
BLACK
6
CONTINUOUS
10
0.625033346456693
20
0.6987779921259842
11
0.6256137007874015
21
0.6986756299212599
0
LINE
8
BLACK
6
CONTINUOUS
10
0.6429161811023621
20
0.7360952362204725
11
0.6444634251968504
21
0.7347969291338583
0
LINE
8
BLACK
6
CONTINUOUS
10
0.6444634251968504
20
0.7347969291338583
11
0.6448141732283464
21
0.7328077952755906
0
LINE
8
BLACK
6
CONTINUOUS
10
0.6448141732283464
20
0.7328077952755906
11
0.6438042519685039
21
0.731058622047244
0
LINE
8
BLACK
6
CONTINUOUS
10
0.6438042519685039
20
0.731058622047244
11
0.6419062598425197
21
0.7303677952755905
0
LINE
8
BLACK
6
CONTINUOUS
10
0.6419062598425197
20
0.7303677952755905
11
0.6261113385826772
21
0.7303677952755905
0
LINE
8
BLACK
6
CONTINUOUS
10
0.6261113385826772
20
0.7303677952755905
11
0.6261113385826772
21
0.7183224409448818
0
LINE
8
BLACK
6
CONTINUOUS
10
0.6261113385826772
20
0.7183224409448818
11
0.6259332677165355
21
0.7173125196850394
0
LINE
8
BLACK
6
CONTINUOUS
10
0.6259332677165355
20
0.7173125196850394
11
0.6258197637795275
21
0.7171772440944881
0
LINE
8
BLACK
6
CONTINUOUS
10
0.6258197637795275
20
0.7171772440944881
11
0.6257996062992126
21
0.7170019291338583
0
LINE
8
BLACK
6
CONTINUOUS
10
0.6257996062992126
20
0.7170019291338583
11
0.6239248425196851
21
0.7132524015748032
0
LINE
8
BLACK
6
CONTINUOUS
10
0.6239248425196851
20
0.7132524015748032
11
0.623398937007874
21
0.7125433070866142
0
LINE
8
BLACK
6
CONTINUOUS
10
0.623398937007874
20
0.7125433070866142
11
0.6233717322834645
21
0.712485
0
LINE
8
BLACK
6
CONTINUOUS
10
0.6233717322834645
20
0.712485
11
0.621496968503937
21
0.7106102362204725
0
LINE
8
BLACK
6
CONTINUOUS
10
0.621496968503937
20
0.7106102362204725
11
0.6207738582677165
21
0.710103937007874
0
LINE
8
BLACK
6
CONTINUOUS
10
0.6207738582677165
20
0.710103937007874
11
0.6207295669291338
21
0.710057125984252
0
LINE
8
BLACK
6
CONTINUOUS
10
0.6207295669291338
20
0.710057125984252
11
0.6169800393700787
21
0.7081823622047244
0
LINE
8
BLACK
6
CONTINUOUS
10
0.6169800393700787
20
0.7081823622047244
11
0.6159970866141732
21
0.70789
0
LINE
8
BLACK
6
CONTINUOUS
10
0.6159970866141732
20
0.70789
11
0.6158253937007874
21
0.7079309842519685
0
LINE
8
BLACK
6
CONTINUOUS
10
0.6158253937007874
20
0.7079309842519685
11
0.6156595275590551
21
0.7078706299212598
0
LINE
8
BLACK
6
CONTINUOUS
10
0.6156595275590551
20
0.7078706299212598
11
0.6100352362204724
21
0.7078706299212598
0
LINE
8
BLACK
6
CONTINUOUS
10
0.6100352362204724
20
0.7078706299212598
11
0.6090253149606299
21
0.7080487007874016
0
LINE
8
BLACK
6
CONTINUOUS
10
0.6090253149606299
20
0.7080487007874016
11
0.6088900393700787
21
0.7081621653543307
0
LINE
8
BLACK
6
CONTINUOUS
10
0.6088900393700787
20
0.7081621653543307
11
0.6087147244094488
21
0.7081823622047244
0
LINE
8
BLACK
6
CONTINUOUS
10
0.6087147244094488
20
0.7081823622047244
11
0.6049651968503937
21
0.710057125984252
0
LINE
8
BLACK
6
CONTINUOUS
10
0.6049651968503937
20
0.710057125984252
11
0.6042561023622047
21
0.7105829921259842
0
LINE
8
BLACK
6
CONTINUOUS
10
0.6042561023622047
20
0.7105829921259842
11
0.6041977952755906
21
0.7106102362204725
0
LINE
8
BLACK
6
CONTINUOUS
10
0.6041977952755906
20
0.7106102362204725
11
0.602323031496063
21
0.712485
0
LINE
8
BLACK
6
CONTINUOUS
10
0.602323031496063
20
0.712485
11
0.6018167322834646
21
0.7132080708661417
0
LINE
8
BLACK
6
CONTINUOUS
10
0.6018167322834646
20
0.7132080708661417
11
0.6017699212598425
21
0.7132524015748032
0
LINE
8
BLACK
6
CONTINUOUS
10
0.6017699212598425
20
0.7132524015748032
11
0.599895157480315
21
0.7170019291338583
0
LINE
8
BLACK
6
CONTINUOUS
10
0.599895157480315
20
0.7170019291338583
11
0.5996027952755906
21
0.7179848818897637
0
LINE
8
BLACK
6
CONTINUOUS
10
0.5996027952755906
20
0.7179848818897637
11
0.5996437795275591
21
0.7181565354330709
0
LINE
8
BLACK
6
CONTINUOUS
10
0.5996437795275591
20
0.7181565354330709
11
0.5995834251968504
21
0.7183224409448818
0
LINE
8
BLACK
6
CONTINUOUS
10
0.5995834251968504
20
0.7183224409448818
11
0.5995834251968504
21
0.7333205511811024
0
LINE
8
BLACK
6
CONTINUOUS
10
0.5995834251968504
20
0.7333205511811024
11
0.5996510236220473
21
0.7337040551181102
0
LINE
8
BLACK
6
CONTINUOUS
10
0.5996510236220473
20
0.7337040551181102
11
0.5996282677165354
21
0.7338333070866142
0
LINE
8
BLACK
6
CONTINUOUS
10
0.5996282677165354
20
0.7338333070866142
11
0.5996938582677165
21
0.7339468897637795
0
LINE
8
BLACK
6
CONTINUOUS
10
0.5996938582677165
20
0.7339468897637795
11
0.5997614960629921
21
0.7343304724409448
0
LINE
8
BLACK
6
CONTINUOUS
10
0.5997614960629921
20
0.7343304724409448
11
0.6002546062992126
21
0.7349181496062992
0
LINE
8
BLACK
6
CONTINUOUS
10
0.6002546062992126
20
0.7349181496062992
11
0.6006381889763779
21
0.7355824803149607
0
LINE
8
BLACK
6
CONTINUOUS
10
0.6006381889763779
20
0.7355824803149607
11
0.6008885039370079
21
0.7356735826771653
0
LINE
8
BLACK
6
CONTINUOUS
10
0.6008885039370079
20
0.7356735826771653
11
0.6010598031496063
21
0.7358777165354331
0
LINE
8
BLACK
6
CONTINUOUS
10
0.6010598031496063
20
0.7358777165354331
11
0.6018153543307087
21
0.7360109448818898
0
LINE
8
BLACK
6
CONTINUOUS
10
0.6018153543307087
20
0.7360109448818898
11
0.6025361811023622
21
0.7362733070866142
0
LINE
8
BLACK
6
CONTINUOUS
10
0.6025361811023622
20
0.7362733070866142
11
0.6419062598425197
21
0.7362733070866142
0
LINE
8
BLACK
6
CONTINUOUS
10
0.6419062598425197
20
0.7362733070866142
11
0.6429161811023621
21
0.7360952362204725
0
LINE
8
BLACK
6
CONTINUOUS
10
0.605488937007874
20
0.7190194881889763
11
0.6068376771653543
21
0.7163220078740158
0
LINE
8
BLACK
6
CONTINUOUS
10
0.6068376771653543
20
0.7163220078740158
11
0.6080348031496063
21
0.7151248818897638
0
LINE
8
BLACK
6
CONTINUOUS
10
0.6080348031496063
20
0.7151248818897638
11
0.6107322834645669
21
0.7137761417322834
0
LINE
8
BLACK
6
CONTINUOUS
10
0.6107322834645669
20
0.7137761417322834
11
0.6149624803149606
21
0.7137761417322834
0
LINE
8
BLACK
6
CONTINUOUS
10
0.6149624803149606
20
0.7137761417322834
11
0.6176599606299212
21
0.7151248818897638
0
LINE
8
BLACK
6
CONTINUOUS
10
0.6176599606299212
20
0.7151248818897638
11
0.6188570866141733
21
0.7163220078740158
0
LINE
8
BLACK
6
CONTINUOUS
10
0.6188570866141733
20
0.7163220078740158
11
0.6202058267716535
21
0.7190194881889763
0
LINE
8
BLACK
6
CONTINUOUS
10
0.6202058267716535
20
0.7190194881889763
11
0.6202058267716535
21
0.7303677952755905
0
LINE
8
BLACK
6
CONTINUOUS
10
0.6202058267716535
20
0.7303677952755905
11
0.605488937007874
21
0.7303677952755905
0
LINE
8
BLACK
6
CONTINUOUS
10
0.605488937007874
20
0.7303677952755905
11
0.605488937007874
21
0.7190194881889763
0
LINE
8
BLACK
6
CONTINUOUS
10
0.6438653149606299
20
0.7748998818897638
11
0.6448270866141732
21
0.7731237401574803
0
LINE
8
BLACK
6
CONTINUOUS
10
0.6448270866141732
20
0.7731237401574803
11
0.644422125984252
21
0.7711449606299212
0
LINE
8
BLACK
6
CONTINUOUS
10
0.644422125984252
20
0.7711449606299212
11
0.64284
21
0.7698894094488189
0
LINE
8
BLACK
6
CONTINUOUS
10
0.64284
20
0.7698894094488189
11
0.6336103937007874
21
0.766812874015748
0
LINE
8
BLACK
6
CONTINUOUS
10
0.6336103937007874
20
0.766812874015748
11
0.6336103937007874
21
0.752321653543307
0
LINE
8
BLACK
6
CONTINUOUS
10
0.6336103937007874
20
0.752321653543307
11
0.64284
21
0.7492451574803149
0
LINE
8
BLACK
6
CONTINUOUS
10
0.64284
20
0.7492451574803149
11
0.6437417716535433
21
0.7487568897637795
0
LINE
8
BLACK
6
CONTINUOUS
10
0.6437417716535433
20
0.7487568897637795
11
0.6447990551181102
21
0.747035905511811
0
LINE
8
BLACK
6
CONTINUOUS
10
0.6447990551181102
20
0.747035905511811
11
0.6445027952755905
21
0.7450379527559055
0
LINE
8
BLACK
6
CONTINUOUS
10
0.6445027952755905
20
0.7450379527559055
11
0.6429915354330709
21
0.7436978740157481
0
LINE
8
BLACK
6
CONTINUOUS
10
0.6429915354330709
20
0.7436978740157481
11
0.6409725196850393
21
0.743642716535433
0
LINE
8
BLACK
6
CONTINUOUS
10
0.6409725196850393
20
0.743642716535433
11
0.6016024409448819
21
0.756766062992126
0
LINE
8
BLACK
6
CONTINUOUS
10
0.6016024409448819
20
0.756766062992126
11
0.6007006692913386
21
0.7572543700787402
0
LINE
8
BLACK
6
CONTINUOUS
10
0.6007006692913386
20
0.7572543700787402
11
0.6006561417322834
21
0.7573267716535433
0
LINE
8
BLACK
6
CONTINUOUS
10
0.6006561417322834
20
0.7573267716535433
11
0.6005771259842519
21
0.757358031496063
0
LINE
8
BLACK
6
CONTINUOUS
10
0.6005771259842519
20
0.757358031496063
11
0.6001322834645669
21
0.7581794881889764
0
LINE
8
BLACK
6
CONTINUOUS
10
0.6001322834645669
20
0.7581794881889764
11
0.5996433858267717
21
0.7589753149606299
0
LINE
8
BLACK
6
CONTINUOUS
10
0.5996433858267717
20
0.7589753149606299
11
0.5996558267716535
21
0.7590593700787401
0
LINE
8
BLACK
6
CONTINUOUS
10
0.5996558267716535
20
0.7590593700787401
11
0.5996153543307087
21
0.7591341732283464
0
LINE
8
BLACK
6
CONTINUOUS
10
0.5996153543307087
20
0.7591341732283464
11
0.5998025984251968
21
0.7600492519685039
0
LINE
8
BLACK
6
CONTINUOUS
10
0.5998025984251968
20
0.7600492519685039
11
0.5999396456692914
21
0.7609733070866141
0
LINE
8
BLACK
6
CONTINUOUS
10
0.5999396456692914
20
0.7609733070866141
11
0.6000032677165354
21
0.7610297244094488
0
LINE
8
BLACK
6
CONTINUOUS
10
0.6000032677165354
20
0.7610297244094488
11
0.6000203149606299
21
0.7611129527559055
0
LINE
8
BLACK
6
CONTINUOUS
10
0.6000203149606299
20
0.7611129527559055
11
0.6007515748031496
21
0.7616932677165354
0
LINE
8
BLACK
6
CONTINUOUS
10
0.6007515748031496
20
0.7616932677165354
11
0.6014508661417323
21
0.7623133464566929
0
LINE
8
BLACK
6
CONTINUOUS
10
0.6014508661417323
20
0.7623133464566929
11
0.6015358267716535
21
0.7623156299212598
0
LINE
8
BLACK
6
CONTINUOUS
10
0.6015358267716535
20
0.7623156299212598
11
0.6016024409448819
21
0.7623685039370078
0
LINE
8
BLACK
6
CONTINUOUS
10
0.6016024409448819
20
0.7623685039370078
11
0.6409725196850393
21
0.7754918503937007
0
LINE
8
BLACK
6
CONTINUOUS
10
0.6409725196850393
20
0.7754918503937007
11
0.6419868897637795
21
0.7756422834645669
0
LINE
8
BLACK
6
CONTINUOUS
10
0.6419868897637795
20
0.7756422834645669
11
0.6438653149606299
21
0.7748998818897638
0
LINE
8
BLACK
6
CONTINUOUS
10
0.6118735826771653
20
0.7595672834645669
11
0.6277048818897638
21
0.7542901574803149
0
LINE
8
BLACK
6
CONTINUOUS
10
0.6277048818897638
20
0.7542901574803149
11
0.6277048818897638
21
0.7648443700787402
0
LINE
8
BLACK
6
CONTINUOUS
10
0.6277048818897638
20
0.7648443700787402
11
0.6118735826771653
21
0.7595672834645669
0
LINE
8
BLACK
6
CONTINUOUS
10
0.6402445669291339
20
0.8103991338582677
11
0.6421193700787401
21
0.8085243700787401
0
LINE
8
BLACK
6
CONTINUOUS
10
0.6421193700787401
20
0.8085243700787401
11
0.6426257480314961
21
0.8078011811023622
0
LINE
8
BLACK
6
CONTINUOUS
10
0.6426257480314961
20
0.8078011811023622
11
0.6426725196850394
21
0.8077569291338582
0
LINE
8
BLACK
6
CONTINUOUS
10
0.6426725196850394
20
0.8077569291338582
11
0.6445472834645669
21
0.8040074015748031
0
LINE
8
BLACK
6
CONTINUOUS
10
0.6445472834645669
20
0.8040074015748031
11
0.6448396456692913
21
0.8030244881889763
0
LINE
8
BLACK
6
CONTINUOUS
10
0.6448396456692913
20
0.8030244881889763
11
0.644798622047244
21
0.8028527559055118
0
LINE
8
BLACK
6
CONTINUOUS
10
0.644798622047244
20
0.8028527559055118
11
0.6448590157480315
21
0.8026868897637796
0
LINE
8
BLACK
6
CONTINUOUS
10
0.6448590157480315
20
0.8026868897637796
11
0.6448590157480315
21
0.7914383070866141
0
LINE
8
BLACK
6
CONTINUOUS
10
0.6448590157480315
20
0.7914383070866141
11
0.6446809448818898
21
0.7904283858267717
0
LINE
8
BLACK
6
CONTINUOUS
10
0.6446809448818898
20
0.7904283858267717
11
0.6445674409448818
21
0.7902931102362205
0
LINE
8
BLACK
6
CONTINUOUS
10
0.6445674409448818
20
0.7902931102362205
11
0.6445472834645669
21
0.7901177952755906
0
LINE
8
BLACK
6
CONTINUOUS
10
0.6445472834645669
20
0.7901177952755906
11
0.6426725196850394
21
0.7863682677165355
0
LINE
8
BLACK
6
CONTINUOUS
10
0.6426725196850394
20
0.7863682677165355
11
0.6421465354330709
21
0.7856591338582677
0
LINE
8
BLACK
6
CONTINUOUS
10
0.6421465354330709
20
0.7856591338582677
11
0.6421193700787401
21
0.7856008267716535
0
LINE
8
BLACK
6
CONTINUOUS
10
0.6421193700787401
20
0.7856008267716535
11
0.6402445669291339
21
0.783726062992126
0
LINE
8
BLACK
6
CONTINUOUS
10
0.6402445669291339
20
0.783726062992126
11
0.6395214960629921
21
0.7832197637795275
0
LINE
8
BLACK
6
CONTINUOUS
10
0.6395214960629921
20
0.7832197637795275
11
0.6394772047244094
21
0.7831729921259842
0
LINE
8
BLACK
6
CONTINUOUS
10
0.6394772047244094
20
0.7831729921259842
11
0.6357276771653543
21
0.7812982283464567
0
LINE
8
BLACK
6
CONTINUOUS
10
0.6357276771653543
20
0.7812982283464567
11
0.6347447244094488
21
0.7810058661417323
0
LINE
8
BLACK
6
CONTINUOUS
10
0.6347447244094488
20
0.7810058661417323
11
0.6345730314960629
21
0.7810468503937008
0
LINE
8
BLACK
6
CONTINUOUS
10
0.6345730314960629
20
0.7810468503937008
11
0.6344071653543307
21
0.7809864960629921
0
LINE
8
BLACK
6
CONTINUOUS
10
0.6344071653543307
20
0.7809864960629921
11
0.625033346456693
21
0.7809864960629921
0
LINE
8
BLACK
6
CONTINUOUS
10
0.625033346456693
20
0.7809864960629921
11
0.6240234251968504
21
0.7811645669291338
0
LINE
8
BLACK
6
CONTINUOUS
10
0.6240234251968504
20
0.7811645669291338
11
0.6238881496062992
21
0.781278031496063
0
LINE
8
BLACK
6
CONTINUOUS
10
0.6238881496062992
20
0.781278031496063
11
0.6237128346456693
21
0.7812982283464567
0
LINE
8
BLACK
6
CONTINUOUS
10
0.6237128346456693
20
0.7812982283464567
11
0.6199633070866142
21
0.7831729921259842
0
LINE
8
BLACK
6
CONTINUOUS
10
0.6199633070866142
20
0.7831729921259842
11
0.6192542125984252
21
0.7836988582677166
0
LINE
8
BLACK
6
CONTINUOUS
10
0.6192542125984252
20
0.7836988582677166
11
0.619195905511811
21
0.7837261023622047
0
LINE
8
BLACK
6
CONTINUOUS
10
0.619195905511811
20
0.7837261023622047
11
0.6173211417322835
21
0.7856008661417323
0
LINE
8
BLACK
6
CONTINUOUS
10
0.6173211417322835
20
0.7856008661417323
11
0.616814842519685
21
0.786323937007874
0
LINE
8
BLACK
6
CONTINUOUS
10
0.616814842519685
20
0.786323937007874
11
0.616768031496063
21
0.7863682677165355
0
LINE
8
BLACK
6
CONTINUOUS
10
0.616768031496063
20
0.7863682677165355
11
0.6148932677165354
21
0.7901177952755906
0
LINE
8
BLACK
6
CONTINUOUS
10
0.6148932677165354
20
0.7901177952755906
11
0.614725590551181
21
0.7906814566929133
0
LINE
8
BLACK
6
CONTINUOUS
10
0.614725590551181
20
0.7906814566929133
11
0.6044805905511811
21
0.7817170866141732
0
LINE
8
BLACK
6
CONTINUOUS
10
0.6044805905511811
20
0.7817170866141732
11
0.6041007086614173
21
0.7814871653543307
0
LINE
8
BLACK
6
CONTINUOUS
10
0.6041007086614173
20
0.7814871653543307
11
0.6040125590551181
21
0.7813820866141732
0
LINE
8
BLACK
6
CONTINUOUS
10
0.6040125590551181
20
0.7813820866141732
11
0.603891968503937
21
0.7813608267716535
0
LINE
8
BLACK
6
CONTINUOUS
10
0.603891968503937
20
0.7813608267716535
11
0.6036032677165354
21
0.781186062992126
0
LINE
8
BLACK
6
CONTINUOUS
10
0.6036032677165354
20
0.781186062992126
11
0.6028074015748032
21
0.7811695669291339
0
LINE
8
BLACK
6
CONTINUOUS
10
0.6028074015748032
20
0.7811695669291339
11
0.6020234251968504
21
0.7810313385826771
0
LINE
8
BLACK
6
CONTINUOUS
10
0.6020234251968504
20
0.7810313385826771
11
0.6018194094488188
21
0.7811490944881889
0
LINE
8
BLACK
6
CONTINUOUS
10
0.6018194094488188
20
0.7811490944881889
11
0.601583937007874
21
0.7811442519685039
0
LINE
8
BLACK
6
CONTINUOUS
10
0.601583937007874
20
0.7811442519685039
11
0.6009636614173228
21
0.781643188976378
0
LINE
8
BLACK
6
CONTINUOUS
10
0.6009636614173228
20
0.781643188976378
11
0.6002742519685039
21
0.7820412598425197
0
LINE
8
BLACK
6
CONTINUOUS
10
0.6002742519685039
20
0.7820412598425197
11
0.6001936614173228
21
0.7822625984251969
0
LINE
8
BLACK
6
CONTINUOUS
10
0.6001936614173228
20
0.7822625984251969
11
0.6000101181102362
21
0.7824102755905512
0
LINE
8
BLACK
6
CONTINUOUS
10
0.6000101181102362
20
0.7824102755905512
11
0.5998556692913386
21
0.7831912204724409
0
LINE
8
BLACK
6
CONTINUOUS
10
0.5998556692913386
20
0.7831912204724409
11
0.5995834251968504
21
0.7839392519685039
0
LINE
8
BLACK
6
CONTINUOUS
10
0.5995834251968504
20
0.7839392519685039
11
0.5995834251968504
21
0.8083111811023622
0
LINE
8
BLACK
6
CONTINUOUS
10
0.5995834251968504
20
0.8083111811023622
11
0.5997614960629921
21
0.8093211023622047
0
LINE
8
BLACK
6
CONTINUOUS
10
0.5997614960629921
20
0.8093211023622047
11
0.6010598031496063
21
0.8108683464566929
0
LINE
8
BLACK
6
CONTINUOUS
10
0.6010598031496063
20
0.8108683464566929
11
0.603048937007874
21
0.811219094488189
0
LINE
8
BLACK
6
CONTINUOUS
10
0.603048937007874
20
0.811219094488189
11
0.6047981102362204
21
0.8102091732283464
0
LINE
8
BLACK
6
CONTINUOUS
10
0.6047981102362204
20
0.8102091732283464
11
0.605488937007874
21
0.8083111811023622
0
LINE
8
BLACK
6
CONTINUOUS
10
0.605488937007874
20
0.8083111811023622
11
0.605488937007874
21
0.7904464173228346
0
LINE
8
BLACK
6
CONTINUOUS
10
0.605488937007874
20
0.7904464173228346
11
0.6155898818897637
21
0.7992847637795275
0
LINE
8
BLACK
6
CONTINUOUS
10
0.6155898818897637
20
0.7992847637795275
11
0.6159697244094489
21
0.7995146456692913
0
LINE
8
BLACK
6
CONTINUOUS
10
0.6159697244094489
20
0.7995146456692913
11
0.6160579133858267
21
0.7996197637795276
0
LINE
8
BLACK
6
CONTINUOUS
10
0.6160579133858267
20
0.7996197637795276
11
0.6161784645669292
21
0.7996409842519685
0
LINE
8
BLACK
6
CONTINUOUS
10
0.6161784645669292
20
0.7996409842519685
11
0.6164672047244094
21
0.7998157874015748
0
LINE
8
BLACK
6
CONTINUOUS
10
0.6164672047244094
20
0.7998157874015748
11
0.617263031496063
21
0.7998322440944882
0
LINE
8
BLACK
6
CONTINUOUS
10
0.617263031496063
20
0.7998322440944882
11
0.6180470472440944
21
0.7999705118110236
0
LINE
8
BLACK
6
CONTINUOUS
10
0.6180470472440944
20
0.7999705118110236
11
0.6182510236220472
21
0.7998527165354331
0
LINE
8
BLACK
6
CONTINUOUS
10
0.6182510236220472
20
0.7998527165354331
11
0.6184865748031496
21
0.7998575984251969
0
LINE
8
BLACK
6
CONTINUOUS
10
0.6184865748031496
20
0.7998575984251969
11
0.6191068503937007
21
0.7993585826771653
0
LINE
8
BLACK
6
CONTINUOUS
10
0.6191068503937007
20
0.7993585826771653
11
0.619796220472441
21
0.7989605905511811
0
LINE
8
BLACK
6
CONTINUOUS
10
0.619796220472441
20
0.7989605905511811
11
0.6198767716535433
21
0.7987392125984252
0
LINE
8
BLACK
6
CONTINUOUS
10
0.6198767716535433
20
0.7987392125984252
11
0.6200603543307086
21
0.7985915748031496
0
LINE
8
BLACK
6
CONTINUOUS
10
0.6200603543307086
20
0.7985915748031496
11
0.6202147637795276
21
0.7978105905511811
0
LINE
8
BLACK
6
CONTINUOUS
10
0.6202147637795276
20
0.7978105905511811
11
0.6204870472440944
21
0.7970625984251968
0
LINE
8
BLACK
6
CONTINUOUS
10
0.6204870472440944
20
0.7970625984251968
11
0.6204870472440944
21
0.7921353543307087
0
LINE
8
BLACK
6
CONTINUOUS
10
0.6204870472440944
20
0.7921353543307087
11
0.6218357874015747
21
0.7894378740157481
0
LINE
8
BLACK
6
CONTINUOUS
10
0.6218357874015747
20
0.7894378740157481
11
0.6230329133858268
21
0.788240748031496
0
LINE
8
BLACK
6
CONTINUOUS
10
0.6230329133858268
20
0.788240748031496
11
0.6257303937007874
21
0.7868920078740157
0
LINE
8
BLACK
6
CONTINUOUS
10
0.6257303937007874
20
0.7868920078740157
11
0.6337101181102363
21
0.7868920078740157
0
LINE
8
BLACK
6
CONTINUOUS
10
0.6337101181102363
20
0.7868920078740157
11
0.6364075984251968
21
0.788240748031496
0
LINE
8
BLACK
6
CONTINUOUS
10
0.6364075984251968
20
0.788240748031496
11
0.6376047637795276
21
0.7894378740157481
0
LINE
8
BLACK
6
CONTINUOUS
10
0.6376047637795276
20
0.7894378740157481
11
0.6389535039370079
21
0.7921353543307087
0
LINE
8
BLACK
6
CONTINUOUS
10
0.6389535039370079
20
0.7921353543307087
11
0.6389535039370079
21
0.801989842519685
0
LINE
8
BLACK
6
CONTINUOUS
10
0.6389535039370079
20
0.801989842519685
11
0.6376047637795276
21
0.8046872834645669
0
LINE
8
BLACK
6
CONTINUOUS
10
0.6376047637795276
20
0.8046872834645669
11
0.6360688188976378
21
0.8062232283464567
0
LINE
8
BLACK
6
CONTINUOUS
10
0.6360688188976378
20
0.8062232283464567
11
0.6354805905511811
21
0.8070632677165354
0
LINE
8
BLACK
6
CONTINUOUS
10
0.6354805905511811
20
0.8070632677165354
11
0.6353045275590551
21
0.8090753937007874
0
LINE
8
BLACK
6
CONTINUOUS
10
0.6353045275590551
20
0.8090753937007874
11
0.636463031496063
21
0.8107299606299212
0
LINE
8
BLACK
6
CONTINUOUS
10
0.636463031496063
20
0.8107299606299212
11
0.6384140157480315
21
0.8112526771653543
0
LINE
8
BLACK
6
CONTINUOUS
10
0.6384140157480315
20
0.8112526771653543
11
0.6402445669291339
21
0.8103991338582677
0
LINE
8
BLACK
6
CONTINUOUS
10
0.6425359448818897
20
0.8486468897637796
11
0.6426705118110236
21
0.8486586614173228
0
LINE
8
BLACK
6
CONTINUOUS
10
0.6426705118110236
20
0.8486586614173228
11
0.6433986614173228
21
0.8481487795275591
0
LINE
8
BLACK
6
CONTINUOUS
10
0.6433986614173228
20
0.8481487795275591
11
0.644168188976378
21
0.8477044881889764
0
LINE
8
BLACK
6
CONTINUOUS
10
0.644168188976378
20
0.8477044881889764
11
0.6442143307086614
21
0.8475775984251969
0
LINE
8
BLACK
6
CONTINUOUS
10
0.6442143307086614
20
0.8475775984251969
11
0.6443250393700787
21
0.8475001181102362
0
LINE
8
BLACK
6
CONTINUOUS
10
0.6443250393700787
20
0.8475001181102362
11
0.6445550393700787
21
0.8466415748031496
0
LINE
8
BLACK
6
CONTINUOUS
10
0.6445550393700787
20
0.8466415748031496
11
0.6448590157480315
21
0.8458064960629921
0
LINE
8
BLACK
6
CONTINUOUS
10
0.6448590157480315
20
0.8458064960629921
11
0.6448590157480315
21
0.8214345669291339
0
LINE
8
BLACK
6
CONTINUOUS
10
0.6448590157480315
20
0.8214345669291339
11
0.6446809448818898
21
0.8204246456692913
0
LINE
8
BLACK
6
CONTINUOUS
10
0.6446809448818898
20
0.8204246456692913
11
0.6433826377952756
21
0.8188774015748032
0
LINE
8
BLACK
6
CONTINUOUS
10
0.6433826377952756
20
0.8188774015748032
11
0.6413935039370079
21
0.8185266535433071
0
LINE
8
BLACK
6
CONTINUOUS
10
0.6413935039370079
20
0.8185266535433071
11
0.6396443307086614
21
0.8195365748031496
0
LINE
8
BLACK
6
CONTINUOUS
10
0.6396443307086614
20
0.8195365748031496
11
0.6389535039370079
21
0.8214345669291339
0
LINE
8
BLACK
6
CONTINUOUS
10
0.6389535039370079
20
0.8214345669291339
11
0.6389535039370079
21
0.8386779133858268
0
LINE
8
BLACK
6
CONTINUOUS
10
0.6389535039370079
20
0.8386779133858268
11
0.621496968503937
21
0.8212214173228346
0
LINE
8
BLACK
6
CONTINUOUS
10
0.621496968503937
20
0.8212214173228346
11
0.6206569291338583
21
0.8206332283464567
0
LINE
8
BLACK
6
CONTINUOUS
10
0.6206569291338583
20
0.8206332283464567
11
0.620481062992126
21
0.8206178346456693
0
LINE
8
BLACK
6
CONTINUOUS
10
0.620481062992126
20
0.8206178346456693
11
0.6203427952755906
21
0.8205081102362205
0
LINE
8
BLACK
6
CONTINUOUS
10
0.6203427952755906
20
0.8205081102362205
11
0.6147185039370079
21
0.8186333464566929
0
LINE
8
BLACK
6
CONTINUOUS
10
0.6147185039370079
20
0.8186333464566929
11
0.6138453149606299
21
0.8185038582677165
0
LINE
8
BLACK
6
CONTINUOUS
10
0.6138453149606299
20
0.8185038582677165
11
0.6137847637795275
21
0.8184818110236221
0
LINE
8
BLACK
6
CONTINUOUS
10
0.6137847637795275
20
0.8184818110236221
11
0.6100352362204724
21
0.8184818110236221
0
LINE
8
BLACK
6
CONTINUOUS
10
0.6100352362204724
20
0.8184818110236221
11
0.6090253149606299
21
0.8186598818897638
0
LINE
8
BLACK
6
CONTINUOUS
10
0.6090253149606299
20
0.8186598818897638
11
0.6088900393700787
21
0.8187733464566929
0
LINE
8
BLACK
6
CONTINUOUS
10
0.6088900393700787
20
0.8187733464566929
11
0.6087147244094488
21
0.8187935433070866
0
LINE
8
BLACK
6
CONTINUOUS
10
0.6087147244094488
20
0.8187935433070866
11
0.6049651968503937
21
0.8206683070866142
0
LINE
8
BLACK
6
CONTINUOUS
10
0.6049651968503937
20
0.8206683070866142
11
0.6042561023622047
21
0.8211941732283464
0
LINE
8
BLACK
6
CONTINUOUS
10
0.6042561023622047
20
0.8211941732283464
11
0.6041977952755906
21
0.8212214173228346
0
LINE
8
BLACK
6
CONTINUOUS
10
0.6041977952755906
20
0.8212214173228346
11
0.602323031496063
21
0.8230961811023622
0
LINE
8
BLACK
6
CONTINUOUS
10
0.602323031496063
20
0.8230961811023622
11
0.6018167322834646
21
0.8238192519685039
0
LINE
8
BLACK
6
CONTINUOUS
10
0.6018167322834646
20
0.8238192519685039
11
0.6017699212598425
21
0.8238635826771653
0
LINE
8
BLACK
6
CONTINUOUS
10
0.6017699212598425
20
0.8238635826771653
11
0.599895157480315
21
0.8276131102362204
0
LINE
8
BLACK
6
CONTINUOUS
10
0.599895157480315
20
0.8276131102362204
11
0.5996027952755906
21
0.828596062992126
0
LINE
8
BLACK
6
CONTINUOUS
10
0.5996027952755906
20
0.828596062992126
11
0.5996437795275591
21
0.828767716535433
0
LINE
8
BLACK
6
CONTINUOUS
10
0.5996437795275591
20
0.828767716535433
11
0.5995834251968504
21
0.8289336220472441
0
LINE
8
BLACK
6
CONTINUOUS
10
0.5995834251968504
20
0.8289336220472441
11
0.5995834251968504
21
0.8383074409448819
0
LINE
8
BLACK
6
CONTINUOUS
10
0.5995834251968504
20
0.8383074409448819
11
0.5997614960629921
21
0.8393173622047244
0
LINE
8
BLACK
6
CONTINUOUS
10
0.5997614960629921
20
0.8393173622047244
11
0.5998749606299213
21
0.8394525984251968
0
LINE
8
BLACK
6
CONTINUOUS
10
0.5998749606299213
20
0.8394525984251968
11
0.599895157480315
21
0.8396279527559055
0
LINE
8
BLACK
6
CONTINUOUS
10
0.599895157480315
20
0.8396279527559055
11
0.6017699212598425
21
0.8433774803149606
0
LINE
8
BLACK
6
CONTINUOUS
10
0.6017699212598425
20
0.8433774803149606
11
0.6022958267716535
21
0.8440865354330709
0
LINE
8
BLACK
6
CONTINUOUS
10
0.6022958267716535
20
0.8440865354330709
11
0.602323031496063
21
0.8441448818897638
0
LINE
8
BLACK
6
CONTINUOUS
10
0.602323031496063
20
0.8441448818897638
11
0.6041977952755906
21
0.8460196456692913
0
LINE
8
BLACK
6
CONTINUOUS
10
0.6041977952755906
20
0.8460196456692913
11
0.6050378346456693
21
0.8466078346456692
0
LINE
8
BLACK
6
CONTINUOUS
10
0.6050378346456693
20
0.8466078346456692
11
0.6070499212598425
21
0.8467838582677165
0
LINE
8
BLACK
6
CONTINUOUS
10
0.6070499212598425
20
0.8467838582677165
11
0.6087044881889764
21
0.8456253543307086
0
LINE
8
BLACK
6
CONTINUOUS
10
0.6087044881889764
20
0.8456253543307086
11
0.6092272047244094
21
0.8436743700787401
0
LINE
8
BLACK
6
CONTINUOUS
10
0.6092272047244094
20
0.8436743700787401
11
0.6083736220472441
21
0.8418438188976378
0
LINE
8
BLACK
6
CONTINUOUS
10
0.6083736220472441
20
0.8418438188976378
11
0.6068376771653543
21
0.840307874015748
0
LINE
8
BLACK
6
CONTINUOUS
10
0.6068376771653543
20
0.840307874015748
11
0.605488937007874
21
0.8376103937007874
0
LINE
8
BLACK
6
CONTINUOUS
10
0.605488937007874
20
0.8376103937007874
11
0.605488937007874
21
0.8296306692913386
0
LINE
8
BLACK
6
CONTINUOUS
10
0.605488937007874
20
0.8296306692913386
11
0.6068376771653543
21
0.8269331889763779
0
LINE
8
BLACK
6
CONTINUOUS
10
0.6068376771653543
20
0.8269331889763779
11
0.6080348031496063
21
0.825736062992126
0
LINE
8
BLACK
6
CONTINUOUS
10
0.6080348031496063
20
0.825736062992126
11
0.6107322834645669
21
0.8243873228346457
0
LINE
8
BLACK
6
CONTINUOUS
10
0.6107322834645669
20
0.8243873228346457
11
0.6133056299212598
21
0.8243873228346457
0
LINE
8
BLACK
6
CONTINUOUS
10
0.6133056299212598
20
0.8243873228346457
11
0.6178140157480315
21
0.8258901181102362
0
LINE
8
BLACK
6
CONTINUOUS
10
0.6178140157480315
20
0.8258901181102362
11
0.6398183464566929
21
0.8478944094488189
0
LINE
8
BLACK
6
CONTINUOUS
10
0.6398183464566929
20
0.8478944094488189
11
0.6403463779527558
21
0.8482641732283465
0
LINE
8
BLACK
6
CONTINUOUS
10
0.6403463779527558
20
0.8482641732283465
11
0.6404298818897638
21
0.8483636614173228
0
LINE
8
BLACK
6
CONTINUOUS
10
0.6404298818897638
20
0.8483636614173228
11
0.640508188976378
21
0.8483774409448819
0
LINE
8
BLACK
6
CONTINUOUS
10
0.640508188976378
20
0.8483774409448819
11
0.6406583858267716
21
0.8484826377952756
0
LINE
8
BLACK
6
CONTINUOUS
10
0.6406583858267716
20
0.8484826377952756
11
0.641543937007874
21
0.8485600787401575
0
LINE
8
BLACK
6
CONTINUOUS
10
0.641543937007874
20
0.8485600787401575
11
0.6424190157480315
21
0.8487144094488189
0
LINE
8
BLACK
6
CONTINUOUS
10
0.6424190157480315
20
0.8487144094488189
11
0.6425359448818897
21
0.8486468897637796
0
LINE
8
BLACK
6
CONTINUOUS
10
0.6429161811023621
20
0.8860764960629921
11
0.6444634251968504
21
0.8847781889763779
0
LINE
8
BLACK
6
CONTINUOUS
10
0.6444634251968504
20
0.8847781889763779
11
0.6448141732283464
21
0.8827890551181102
0
LINE
8
BLACK
6
CONTINUOUS
10
0.6448141732283464
20
0.8827890551181102
11
0.6438042519685039
21
0.8810398818897638
0
LINE
8
BLACK
6
CONTINUOUS
10
0.6438042519685039
20
0.8810398818897638
11
0.6419062598425197
21
0.8803490551181102
0
LINE
8
BLACK
6
CONTINUOUS
10
0.6419062598425197
20
0.8803490551181102
11
0.6242365748031496
21
0.8803490551181102
0
LINE
8
BLACK
6
CONTINUOUS
10
0.6242365748031496
20
0.8803490551181102
11
0.6242365748031496
21
0.8637574015748032
0
LINE
8
BLACK
6
CONTINUOUS
10
0.6242365748031496
20
0.8637574015748032
11
0.6419062598425197
21
0.8637574015748032
0
LINE
8
BLACK
6
CONTINUOUS
10
0.6419062598425197
20
0.8637574015748032
11
0.6429161811023621
21
0.8635793307086614
0
LINE
8
BLACK
6
CONTINUOUS
10
0.6429161811023621
20
0.8635793307086614
11
0.6444634251968504
21
0.8622810236220472
0
LINE
8
BLACK
6
CONTINUOUS
10
0.6444634251968504
20
0.8622810236220472
11
0.6448141732283464
21
0.8602918897637795
0
LINE
8
BLACK
6
CONTINUOUS
10
0.6448141732283464
20
0.8602918897637795
11
0.6438042519685039
21
0.858542716535433
0
LINE
8
BLACK
6
CONTINUOUS
10
0.6438042519685039
20
0.858542716535433
11
0.6419062598425197
21
0.8578518897637795
0
LINE
8
BLACK
6
CONTINUOUS
10
0.6419062598425197
20
0.8578518897637795
11
0.6025361811023622
21
0.8578518897637795
0
LINE
8
BLACK
6
CONTINUOUS
10
0.6025361811023622
20
0.8578518897637795
11
0.6015262598425196
21
0.8580299606299212
0
LINE
8
BLACK
6
CONTINUOUS
10
0.6015262598425196
20
0.8580299606299212
11
0.5999790157480315
21
0.8593282677165354
0
LINE
8
BLACK
6
CONTINUOUS
10
0.5999790157480315
20
0.8593282677165354
11
0.5996282677165354
21
0.8613174015748031
0
LINE
8
BLACK
6
CONTINUOUS
10
0.5996282677165354
20
0.8613174015748031
11
0.6006381889763779
21
0.8630665748031496
0
LINE
8
BLACK
6
CONTINUOUS
10
0.6006381889763779
20
0.8630665748031496
11
0.6025361811023622
21
0.8637574015748032
0
LINE
8
BLACK
6
CONTINUOUS
10
0.6025361811023622
20
0.8637574015748032
11
0.6183310629921259
21
0.8637574015748032
0
LINE
8
BLACK
6
CONTINUOUS
10
0.6183310629921259
20
0.8637574015748032
11
0.6183310629921259
21
0.8803490551181102
0
LINE
8
BLACK
6
CONTINUOUS
10
0.6183310629921259
20
0.8803490551181102
11
0.6025361811023622
21
0.8803490551181102
0
LINE
8
BLACK
6
CONTINUOUS
10
0.6025361811023622
20
0.8803490551181102
11
0.6015262598425196
21
0.880527125984252
0
LINE
8
BLACK
6
CONTINUOUS
10
0.6015262598425196
20
0.880527125984252
11
0.5999790157480315
21
0.8818254330708661
0
LINE
8
BLACK
6
CONTINUOUS
10
0.5999790157480315
20
0.8818254330708661
11
0.5996282677165354
21
0.8838145669291338
0
LINE
8
BLACK
6
CONTINUOUS
10
0.5996282677165354
20
0.8838145669291338
11
0.6006381889763779
21
0.8855637401574803
0
LINE
8
BLACK
6
CONTINUOUS
10
0.6006381889763779
20
0.8855637401574803
11
0.6025361811023622
21
0.8862545669291338
0
LINE
8
BLACK
6
CONTINUOUS
10
0.6025361811023622
20
0.8862545669291338
11
0.6419062598425197
21
0.8862545669291338
0
LINE
8
BLACK
6
CONTINUOUS
10
0.6419062598425197
20
0.8862545669291338
11
0.6429161811023621
21
0.8860764960629921
0
LINE
8
BLACK
6
CONTINUOUS
10
0.6422897637795275
20
0.9255570078740157
11
0.6424190157480315
21
0.9255798031496063
0
LINE
8
BLACK
6
CONTINUOUS
10
0.6424190157480315
20
0.9255798031496063
11
0.6425325984251968
21
0.9255141732283464
0
LINE
8
BLACK
6
CONTINUOUS
10
0.6425325984251968
20
0.9255141732283464
11
0.6429161811023621
21
0.9254465748031496
0
LINE
8
BLACK
6
CONTINUOUS
10
0.6429161811023621
20
0.9254465748031496
11
0.6435038582677165
21
0.9249534251968504
0
LINE
8
BLACK
6
CONTINUOUS
10
0.6435038582677165
20
0.9249534251968504
11
0.644168188976378
21
0.9245698818897637
0
LINE
8
BLACK
6
CONTINUOUS
10
0.644168188976378
20
0.9245698818897637
11
0.6442592913385826
21
0.9243195275590551
0
LINE
8
BLACK
6
CONTINUOUS
10
0.6442592913385826
20
0.9243195275590551
11
0.6444634251968504
21
0.9241482677165355
0
LINE
8
BLACK
6
CONTINUOUS
10
0.6444634251968504
20
0.9241482677165355
11
0.6445966535433071
21
0.9233926771653543
0
LINE
8
BLACK
6
CONTINUOUS
10
0.6445966535433071
20
0.9233926771653543
11
0.6448590157480315
21
0.9226718897637795
0
LINE
8
BLACK
6
CONTINUOUS
10
0.6448590157480315
20
0.9226718897637795
11
0.6448590157480315
21
0.907673779527559
0
LINE
8
BLACK
6
CONTINUOUS
10
0.6448590157480315
20
0.907673779527559
11
0.6446809448818898
21
0.9066638582677166
0
LINE
8
BLACK
6
CONTINUOUS
10
0.6446809448818898
20
0.9066638582677166
11
0.6445674409448818
21
0.9065285826771653
0
LINE
8
BLACK
6
CONTINUOUS
10
0.6445674409448818
20
0.9065285826771653
11
0.6445472834645669
21
0.9063532677165355
0
LINE
8
BLACK
6
CONTINUOUS
10
0.6445472834645669
20
0.9063532677165355
11
0.6426725196850394
21
0.9026037401574803
0
LINE
8
BLACK
6
CONTINUOUS
10
0.6426725196850394
20
0.9026037401574803
11
0.6421465354330709
21
0.9018946062992126
0
LINE
8
BLACK
6
CONTINUOUS
10
0.6421465354330709
20
0.9018946062992126
11
0.6421193700787401
21
0.9018362992125984
0
LINE
8
BLACK
6
CONTINUOUS
10
0.6421193700787401
20
0.9018362992125984
11
0.6402445669291339
21
0.8999615354330709
0
LINE
8
BLACK
6
CONTINUOUS
10
0.6402445669291339
20
0.8999615354330709
11
0.6395214960629921
21
0.8994552362204724
0
LINE
8
BLACK
6
CONTINUOUS
10
0.6395214960629921
20
0.8994552362204724
11
0.6394772047244094
21
0.8994084645669291
0
LINE
8
BLACK
6
CONTINUOUS
10
0.6394772047244094
20
0.8994084645669291
11
0.6357276771653543
21
0.8975337007874016
0
LINE
8
BLACK
6
CONTINUOUS
10
0.6357276771653543
20
0.8975337007874016
11
0.6347447244094488
21
0.8972413385826772
0
LINE
8
BLACK
6
CONTINUOUS
10
0.6347447244094488
20
0.8972413385826772
11
0.6345730314960629
21
0.8972823228346456
0
LINE
8
BLACK
6
CONTINUOUS
10
0.6345730314960629
20
0.8972823228346456
11
0.6344071653543307
21
0.897221968503937
0
LINE
8
BLACK
6
CONTINUOUS
10
0.6344071653543307
20
0.897221968503937
11
0.6287828740157481
21
0.897221968503937
0
LINE
8
BLACK
6
CONTINUOUS
10
0.6287828740157481
20
0.897221968503937
11
0.6277729527559055
21
0.8974000393700787
0
LINE
8
BLACK
6
CONTINUOUS
10
0.6277729527559055
20
0.8974000393700787
11
0.6276376771653543
21
0.8975135039370079
0
LINE
8
BLACK
6
CONTINUOUS
10
0.6276376771653543
20
0.8975135039370079
11
0.6274623622047244
21
0.8975337007874016
0
LINE
8
BLACK
6
CONTINUOUS
10
0.6274623622047244
20
0.8975337007874016
11
0.6237128346456693
21
0.8994084645669291
0
LINE
8
BLACK
6
CONTINUOUS
10
0.6237128346456693
20
0.8994084645669291
11
0.6230037401574803
21
0.8999343307086614
0
LINE
8
BLACK
6
CONTINUOUS
10
0.6230037401574803
20
0.8999343307086614
11
0.6229454330708661
21
0.8999615748031495
0
LINE
8
BLACK
6
CONTINUOUS
10
0.6229454330708661
20
0.8999615748031495
11
0.6210706692913386
21
0.9018363385826772
0
LINE
8
BLACK
6
CONTINUOUS
10
0.6210706692913386
20
0.9018363385826772
11
0.6204824803149606
21
0.9026763779527559
0
LINE
8
BLACK
6
CONTINUOUS
10
0.6204824803149606
20
0.9026763779527559
11
0.6204808267716535
21
0.9026949606299213
0
LINE
8
BLACK
6
CONTINUOUS
10
0.6204808267716535
20
0.9026949606299213
11
0.6196222047244094
21
0.9018363385826772
0
LINE
8
BLACK
6
CONTINUOUS
10
0.6196222047244094
20
0.9018363385826772
11
0.6188990944881889
21
0.9013300393700787
0
LINE
8
BLACK
6
CONTINUOUS
10
0.6188990944881889
20
0.9013300393700787
11
0.6188548031496063
21
0.9012832283464567
0
LINE
8
BLACK
6
CONTINUOUS
10
0.6188548031496063
20
0.9012832283464567
11
0.6151052755905512
21
0.8994084645669291
0
LINE
8
BLACK
6
CONTINUOUS
10
0.6151052755905512
20
0.8994084645669291
11
0.6141223228346456
21
0.8991161023622047
0
LINE
8
BLACK
6
CONTINUOUS
10
0.6141223228346456
20
0.8991161023622047
11
0.6139506299212598
21
0.8991570866141733
0
LINE
8
BLACK
6
CONTINUOUS
10
0.6139506299212598
20
0.8991570866141733
11
0.6137847637795275
21
0.8990967322834645
0
LINE
8
BLACK
6
CONTINUOUS
10
0.6137847637795275
20
0.8990967322834645
11
0.6100352362204724
21
0.8990967322834645
0
LINE
8
BLACK
6
CONTINUOUS
10
0.6100352362204724
20
0.8990967322834645
11
0.6090253149606299
21
0.8992748031496063
0
LINE
8
BLACK
6
CONTINUOUS
10
0.6090253149606299
20
0.8992748031496063
11
0.6088900393700787
21
0.8993882677165355
0
LINE
8
BLACK
6
CONTINUOUS
10
0.6088900393700787
20
0.8993882677165355
11
0.6087147244094488
21
0.8994084645669291
0
LINE
8
BLACK
6
CONTINUOUS
10
0.6087147244094488
20
0.8994084645669291
11
0.6049651968503937
21
0.9012832283464567
0
LINE
8
BLACK
6
CONTINUOUS
10
0.6049651968503937
20
0.9012832283464567
11
0.6042561023622047
21
0.9018090944881889
0
LINE
8
BLACK
6
CONTINUOUS
10
0.6042561023622047
20
0.9018090944881889
11
0.6041977952755906
21
0.9018363385826772
0
LINE
8
BLACK
6
CONTINUOUS
10
0.6041977952755906
20
0.9018363385826772
11
0.602323031496063
21
0.9037111023622048
0
LINE
8
BLACK
6
CONTINUOUS
10
0.602323031496063
20
0.9037111023622048
11
0.6018167322834646
21
0.9044341732283464
0
LINE
8
BLACK
6
CONTINUOUS
10
0.6018167322834646
20
0.9044341732283464
11
0.6017699212598425
21
0.9044785039370079
0
LINE
8
BLACK
6
CONTINUOUS
10
0.6017699212598425
20
0.9044785039370079
11
0.599895157480315
21
0.908228031496063
0
LINE
8
BLACK
6
CONTINUOUS
10
0.599895157480315
20
0.908228031496063
11
0.5996027952755906
21
0.9092109842519684
0
LINE
8
BLACK
6
CONTINUOUS
10
0.5996027952755906
20
0.9092109842519684
11
0.5996437795275591
21
0.9093826377952756
0
LINE
8
BLACK
6
CONTINUOUS
10
0.5996437795275591
20
0.9093826377952756
11
0.5995834251968504
21
0.9095485433070866
0
LINE
8
BLACK
6
CONTINUOUS
10
0.5995834251968504
20
0.9095485433070866
11
0.5995834251968504
21
0.9226718897637795
0
LINE
8
BLACK
6
CONTINUOUS
10
0.5995834251968504
20
0.9226718897637795
11
0.5996510236220473
21
0.9230553937007874
0
LINE
8
BLACK
6
CONTINUOUS
10
0.5996510236220473
20
0.9230553937007874
11
0.5996282677165354
21
0.9231846456692914
0
LINE
8
BLACK
6
CONTINUOUS
10
0.5996282677165354
20
0.9231846456692914
11
0.5996938582677165
21
0.9232982283464567
0
LINE
8
BLACK
6
CONTINUOUS
10
0.5996938582677165
20
0.9232982283464567
11
0.5997614960629921
21
0.923681811023622
0
LINE
8
BLACK
6
CONTINUOUS
10
0.5997614960629921
20
0.923681811023622
11
0.6002546062992126
21
0.9242694881889764
0
LINE
8
BLACK
6
CONTINUOUS
10
0.6002546062992126
20
0.9242694881889764
11
0.6006381889763779
21
0.9249338188976378
0
LINE
8
BLACK
6
CONTINUOUS
10
0.6006381889763779
20
0.9249338188976378
11
0.6008885039370079
21
0.9250249212598425
0
LINE
8
BLACK
6
CONTINUOUS
10
0.6008885039370079
20
0.9250249212598425
11
0.6010598031496063
21
0.9252290551181103
0
LINE
8
BLACK
6
CONTINUOUS
10
0.6010598031496063
20
0.9252290551181103
11
0.6018153543307087
21
0.9253622834645669
0
LINE
8
BLACK
6
CONTINUOUS
10
0.6018153543307087
20
0.9253622834645669
11
0.6025361811023622
21
0.9256246456692914
0
LINE
8
BLACK
6
CONTINUOUS
10
0.6025361811023622
20
0.9256246456692914
11
0.6419062598425197
21
0.9256246456692914
0
LINE
8
BLACK
6
CONTINUOUS
10
0.6419062598425197
20
0.9256246456692914
11
0.6422897637795275
21
0.9255570078740157
0
LINE
8
BLACK
6
CONTINUOUS
10
0.6242365748031496
20
0.9100276771653543
11
0.6257393700787401
21
0.9055192519685039
0
LINE
8
BLACK
6
CONTINUOUS
10
0.6257393700787401
20
0.9055192519685039
11
0.6267824409448819
21
0.9044762204724409
0
LINE
8
BLACK
6
CONTINUOUS
10
0.6267824409448819
20
0.9044762204724409
11
0.6294799212598425
21
0.9031274803149606
0
LINE
8
BLACK
6
CONTINUOUS
10
0.6294799212598425
20
0.9031274803149606
11
0.6337101181102363
21
0.9031274803149606
0
LINE
8
BLACK
6
CONTINUOUS
10
0.6337101181102363
20
0.9031274803149606
11
0.6364075984251968
21
0.9044762204724409
0
LINE
8
BLACK
6
CONTINUOUS
10
0.6364075984251968
20
0.9044762204724409
11
0.6376047637795276
21
0.9056733464566928
0
LINE
8
BLACK
6
CONTINUOUS
10
0.6376047637795276
20
0.9056733464566928
11
0.6389535039370079
21
0.9083708267716535
0
LINE
8
BLACK
6
CONTINUOUS
10
0.6389535039370079
20
0.9083708267716535
11
0.6389535039370079
21
0.9197191338582676
0
LINE
8
BLACK
6
CONTINUOUS
10
0.6389535039370079
20
0.9197191338582676
11
0.6242365748031496
21
0.9197191338582676
0
LINE
8
BLACK
6
CONTINUOUS
10
0.6242365748031496
20
0.9197191338582676
11
0.6242365748031496
21
0.9100276771653543
0
LINE
8
BLACK
6
CONTINUOUS
10
0.605488937007874
20
0.910245590551181
11
0.6068376771653543
21
0.9075481102362205
0
LINE
8
BLACK
6
CONTINUOUS
10
0.6068376771653543
20
0.9075481102362205
11
0.6080348031496063
21
0.9063509842519685
0
LINE
8
BLACK
6
CONTINUOUS
10
0.6080348031496063
20
0.9063509842519685
11
0.6107322834645669
21
0.9050022440944882
0
LINE
8
BLACK
6
CONTINUOUS
10
0.6107322834645669
20
0.9050022440944882
11
0.613087716535433
21
0.9050022440944882
0
LINE
8
BLACK
6
CONTINUOUS
10
0.613087716535433
20
0.9050022440944882
11
0.6157851968503937
21
0.9063509842519685
0
LINE
8
BLACK
6
CONTINUOUS
10
0.6157851968503937
20
0.9063509842519685
11
0.6169823228346456
21
0.9075481102362205
0
LINE
8
BLACK
6
CONTINUOUS
10
0.6169823228346456
20
0.9075481102362205
11
0.6183310629921259
21
0.910245590551181
0
LINE
8
BLACK
6
CONTINUOUS
10
0.6183310629921259
20
0.910245590551181
11
0.6183310629921259
21
0.9197191338582676
0
LINE
8
BLACK
6
CONTINUOUS
10
0.6183310629921259
20
0.9197191338582676
11
0.605488937007874
21
0.9197191338582676
0
LINE
8
BLACK
6
CONTINUOUS
10
0.605488937007874
20
0.9197191338582676
11
0.605488937007874
21
0.910245590551181
0
LINE
8
BLACK
6
CONTINUOUS
10
0.6392445669291339
20
1.1395281102362205
11
0.6411193700787401
21
1.1376533464566929
0
LINE
8
BLACK
6
CONTINUOUS
10
0.6411193700787401
20
1.1376533464566929
11
0.6416257480314961
21
1.136930157480315
0
LINE
8
BLACK
6
CONTINUOUS
10
0.6416257480314961
20
1.136930157480315
11
0.6416725196850394
21
1.136885905511811
0
LINE
8
BLACK
6
CONTINUOUS
10
0.6416725196850394
20
1.136885905511811
11
0.6435472834645669
21
1.1331363779527559
0
LINE
8
BLACK
6
CONTINUOUS
10
0.6435472834645669
20
1.1331363779527559
11
0.6438396456692913
21
1.1321534645669291
0
LINE
8
BLACK
6
CONTINUOUS
10
0.6438396456692913
20
1.1321534645669291
11
0.643798622047244
21
1.1319817322834644
0
LINE
8
BLACK
6
CONTINUOUS
10
0.643798622047244
20
1.1319817322834644
11
0.6438590157480315
21
1.1318158661417324
0
LINE
8
BLACK
6
CONTINUOUS
10
0.6438590157480315
20
1.1318158661417324
11
0.6438590157480315
21
1.1205672834645668
0
LINE
8
BLACK
6
CONTINUOUS
10
0.6438590157480315
20
1.1205672834645668
11
0.6436809448818898
21
1.1195573622047243
0
LINE
8
BLACK
6
CONTINUOUS
10
0.6436809448818898
20
1.1195573622047243
11
0.6435674409448818
21
1.1194220866141733
0
LINE
8
BLACK
6
CONTINUOUS
10
0.6435674409448818
20
1.1194220866141733
11
0.6435472834645669
21
1.1192467716535432
0
LINE
8
BLACK
6
CONTINUOUS
10
0.6435472834645669
20
1.1192467716535432
11
0.6416725196850394
21
1.1154972440944881
0
LINE
8
BLACK
6
CONTINUOUS
10
0.6416725196850394
20
1.1154972440944881
11
0.6411465354330709
21
1.1147881102362205
0
LINE
8
BLACK
6
CONTINUOUS
10
0.6411465354330709
20
1.1147881102362205
11
0.6411193700787401
21
1.1147298031496062
0
LINE
8
BLACK
6
CONTINUOUS
10
0.6411193700787401
20
1.1147298031496062
11
0.6392445669291339
21
1.1128550393700787
0
LINE
8
BLACK
6
CONTINUOUS
10
0.6392445669291339
20
1.1128550393700787
11
0.6385214960629921
21
1.1123487401574803
0
LINE
8
BLACK
6
CONTINUOUS
10
0.6385214960629921
20
1.1123487401574803
11
0.6384772047244094
21
1.112301968503937
0
LINE
8
BLACK
6
CONTINUOUS
10
0.6384772047244094
20
1.112301968503937
11
0.6347276771653543
21
1.1104272047244095
0
LINE
8
BLACK
6
CONTINUOUS
10
0.6347276771653543
20
1.1104272047244095
11
0.6337447244094488
21
1.1101348425196851
0
LINE
8
BLACK
6
CONTINUOUS
10
0.6337447244094488
20
1.1101348425196851
11
0.633573031496063
21
1.1101758267716535
0
LINE
8
BLACK
6
CONTINUOUS
10
0.633573031496063
20
1.1101758267716535
11
0.6334071653543307
21
1.1101154724409448
0
LINE
8
BLACK
6
CONTINUOUS
10
0.6334071653543307
20
1.1101154724409448
11
0.6240333464566929
21
1.1101154724409448
0
LINE
8
BLACK
6
CONTINUOUS
10
0.6240333464566929
20
1.1101154724409448
11
0.6230234251968504
21
1.1102935433070866
0
LINE
8
BLACK
6
CONTINUOUS
10
0.6230234251968504
20
1.1102935433070866
11
0.6228881496062992
21
1.1104070078740158
0
LINE
8
BLACK
6
CONTINUOUS
10
0.6228881496062992
20
1.1104070078740158
11
0.6227128346456693
21
1.1104272047244095
0
LINE
8
BLACK
6
CONTINUOUS
10
0.6227128346456693
20
1.1104272047244095
11
0.6189633070866142
21
1.112301968503937
0
LINE
8
BLACK
6
CONTINUOUS
10
0.6189633070866142
20
1.112301968503937
11
0.6182542125984252
21
1.1128278346456693
0
LINE
8
BLACK
6
CONTINUOUS
10
0.6182542125984252
20
1.1128278346456693
11
0.618195905511811
21
1.1128550787401574
0
LINE
8
BLACK
6
CONTINUOUS
10
0.618195905511811
20
1.1128550787401574
11
0.6163211417322835
21
1.114729842519685
0
LINE
8
BLACK
6
CONTINUOUS
10
0.6163211417322835
20
1.114729842519685
11
0.615814842519685
21
1.1154529133858266
0
LINE
8
BLACK
6
CONTINUOUS
10
0.615814842519685
20
1.1154529133858266
11
0.615768031496063
21
1.1154972440944881
0
LINE
8
BLACK
6
CONTINUOUS
10
0.615768031496063
20
1.1154972440944881
11
0.6138932677165354
21
1.1192467716535432
0
LINE
8
BLACK
6
CONTINUOUS
10
0.6138932677165354
20
1.1192467716535432
11
0.6137255905511811
21
1.119810433070866
0
LINE
8
BLACK
6
CONTINUOUS
10
0.6137255905511811
20
1.119810433070866
11
0.6034805905511811
21
1.110846062992126
0
LINE
8
BLACK
6
CONTINUOUS
10
0.6034805905511811
20
1.110846062992126
11
0.6031007086614173
21
1.1106161417322835
0
LINE
8
BLACK
6
CONTINUOUS
10
0.6031007086614173
20
1.1106161417322835
11
0.6030125590551181
21
1.110511062992126
0
LINE
8
BLACK
6
CONTINUOUS
10
0.6030125590551181
20
1.110511062992126
11
0.602891968503937
21
1.1104898031496062
0
LINE
8
BLACK
6
CONTINUOUS
10
0.602891968503937
20
1.1104898031496062
11
0.6026032677165354
21
1.1103150393700787
0
LINE
8
BLACK
6
CONTINUOUS
10
0.6026032677165354
20
1.1103150393700787
11
0.6018074015748032
21
1.1102985433070867
0
LINE
8
BLACK
6
CONTINUOUS
10
0.6018074015748032
20
1.1102985433070867
11
0.6010234251968504
21
1.1101603149606298
0
LINE
8
BLACK
6
CONTINUOUS
10
0.6010234251968504
20
1.1101603149606298
11
0.6008194094488188
21
1.1102780708661417
0
LINE
8
BLACK
6
CONTINUOUS
10
0.6008194094488188
20
1.1102780708661417
11
0.600583937007874
21
1.1102732283464567
0
LINE
8
BLACK
6
CONTINUOUS
10
0.600583937007874
20
1.1102732283464567
11
0.5999636614173228
21
1.1107721653543308
0
LINE
8
BLACK
6
CONTINUOUS
10
0.5999636614173228
20
1.1107721653543308
11
0.5992742519685039
21
1.1111702362204725
0
LINE
8
BLACK
6
CONTINUOUS
10
0.5992742519685039
20
1.1111702362204725
11
0.5991936614173228
21
1.1113915748031495
0
LINE
8
BLACK
6
CONTINUOUS
10
0.5991936614173228
20
1.1113915748031495
11
0.5990101181102362
21
1.1115392519685039
0
LINE
8
BLACK
6
CONTINUOUS
10
0.5990101181102362
20
1.1115392519685039
11
0.5988556692913386
21
1.1123201968503937
0
LINE
8
BLACK
6
CONTINUOUS
10
0.5988556692913386
20
1.1123201968503937
11
0.5985834251968504
21
1.1130682283464566
0
LINE
8
BLACK
6
CONTINUOUS
10
0.5985834251968504
20
1.1130682283464566
11
0.5985834251968504
21
1.137440157480315
0
LINE
8
BLACK
6
CONTINUOUS
10
0.5985834251968504
20
1.137440157480315
11
0.5987614960629921
21
1.1384500787401575
0
LINE
8
BLACK
6
CONTINUOUS
10
0.5987614960629921
20
1.1384500787401575
11
0.6000598031496063
21
1.1399973228346456
0
LINE
8
BLACK
6
CONTINUOUS
10
0.6000598031496063
20
1.1399973228346456
11
0.602048937007874
21
1.1403480708661418
0
LINE
8
BLACK
6
CONTINUOUS
10
0.602048937007874
20
1.1403480708661418
11
0.6037981102362204
21
1.1393381496062991
0
LINE
8
BLACK
6
CONTINUOUS
10
0.6037981102362204
20
1.1393381496062991
11
0.604488937007874
21
1.137440157480315
0
LINE
8
BLACK
6
CONTINUOUS
10
0.604488937007874
20
1.137440157480315
11
0.604488937007874
21
1.1195753937007873
0
LINE
8
BLACK
6
CONTINUOUS
10
0.604488937007874
20
1.1195753937007873
11
0.6145898818897637
21
1.1284137401574803
0
LINE
8
BLACK
6
CONTINUOUS
10
0.6145898818897637
20
1.1284137401574803
11
0.6149697244094489
21
1.128643622047244
0
LINE
8
BLACK
6
CONTINUOUS
10
0.6149697244094489
20
1.128643622047244
11
0.6150579133858267
21
1.1287487401574803
0
LINE
8
BLACK
6
CONTINUOUS
10
0.6150579133858267
20
1.1287487401574803
11
0.6151784645669292
21
1.1287699606299213
0
LINE
8
BLACK
6
CONTINUOUS
10
0.6151784645669292
20
1.1287699606299213
11
0.6154672047244094
21
1.1289447637795276
0
LINE
8
BLACK
6
CONTINUOUS
10
0.6154672047244094
20
1.1289447637795276
11
0.616263031496063
21
1.1289612204724409
0
LINE
8
BLACK
6
CONTINUOUS
10
0.616263031496063
20
1.1289612204724409
11
0.6170470472440944
21
1.1290994881889764
0
LINE
8
BLACK
6
CONTINUOUS
10
0.6170470472440944
20
1.1290994881889764
11
0.6172510236220472
21
1.1289816929133858
0
LINE
8
BLACK
6
CONTINUOUS
10
0.6172510236220472
20
1.1289816929133858
11
0.6174865748031496
21
1.1289865748031496
0
LINE
8
BLACK
6
CONTINUOUS
10
0.6174865748031496
20
1.1289865748031496
11
0.6181068503937007
21
1.128487559055118
0
LINE
8
BLACK
6
CONTINUOUS
10
0.6181068503937007
20
1.128487559055118
11
0.618796220472441
21
1.1280895669291338
0
LINE
8
BLACK
6
CONTINUOUS
10
0.618796220472441
20
1.1280895669291338
11
0.6188767716535433
21
1.127868188976378
0
LINE
8
BLACK
6
CONTINUOUS
10
0.6188767716535433
20
1.127868188976378
11
0.6190603543307086
21
1.1277205511811024
0
LINE
8
BLACK
6
CONTINUOUS
10
0.6190603543307086
20
1.1277205511811024
11
0.6192147637795276
21
1.1269395669291338
0
LINE
8
BLACK
6
CONTINUOUS
10
0.6192147637795276
20
1.1269395669291338
11
0.6194870472440944
21
1.1261915748031497
0
LINE
8
BLACK
6
CONTINUOUS
10
0.6194870472440944
20
1.1261915748031497
11
0.6194870472440944
21
1.1212643307086614
0
LINE
8
BLACK
6
CONTINUOUS
10
0.6194870472440944
20
1.1212643307086614
11
0.6208357874015747
21
1.1185668503937007
0
LINE
8
BLACK
6
CONTINUOUS
10
0.6208357874015747
20
1.1185668503937007
11
0.6220329133858268
21
1.1173697244094487
0
LINE
8
BLACK
6
CONTINUOUS
10
0.6220329133858268
20
1.1173697244094487
11
0.6247303937007874
21
1.1160209842519684
0
LINE
8
BLACK
6
CONTINUOUS
10
0.6247303937007874
20
1.1160209842519684
11
0.6327101181102363
21
1.1160209842519684
0
LINE
8
BLACK
6
CONTINUOUS
10
0.6327101181102363
20
1.1160209842519684
11
0.6354075984251968
21
1.1173697244094487
0
LINE
8
BLACK
6
CONTINUOUS
10
0.6354075984251968
20
1.1173697244094487
11
0.6366047637795276
21
1.1185668503937007
0
LINE
8
BLACK
6
CONTINUOUS
10
0.6366047637795276
20
1.1185668503937007
11
0.6379535039370079
21
1.1212643307086614
0
LINE
8
BLACK
6
CONTINUOUS
10
0.6379535039370079
20
1.1212643307086614
11
0.6379535039370079
21
1.1311188188976378
0
LINE
8
BLACK
6
CONTINUOUS
10
0.6379535039370079
20
1.1311188188976378
11
0.6366047637795276
21
1.1338162598425197
0
LINE
8
BLACK
6
CONTINUOUS
10
0.6366047637795276
20
1.1338162598425197
11
0.6350688188976378
21
1.1353522047244093
0
LINE
8
BLACK
6
CONTINUOUS
10
0.6350688188976378
20
1.1353522047244093
11
0.6344805905511811
21
1.1361922440944883
0
LINE
8
BLACK
6
CONTINUOUS
10
0.6344805905511811
20
1.1361922440944883
11
0.6343045275590551
21
1.1382043700787401
0
LINE
8
BLACK
6
CONTINUOUS
10
0.6343045275590551
20
1.1382043700787401
11
0.635463031496063
21
1.139858937007874
0
LINE
8
BLACK
6
CONTINUOUS
10
0.635463031496063
20
1.139858937007874
11
0.6374140157480315
21
1.1403816535433071
0
LINE
8
BLACK
6
CONTINUOUS
10
0.6374140157480315
20
1.1403816535433071
11
0.6392445669291339
21
1.1395281102362205
0
LINE
8
BLACK
6
CONTINUOUS
10
0.6037981102362204
20
1.1712091732283465
11
0.604488937007874
21
1.1693111811023622
0
LINE
8
BLACK
6
CONTINUOUS
10
0.604488937007874
20
1.1693111811023622
11
0.604488937007874
21
1.1610153543307087
0
LINE
8
BLACK
6
CONTINUOUS
10
0.604488937007874
20
1.1610153543307087
11
0.6409062598425197
21
1.1610153543307087
0
LINE
8
BLACK
6
CONTINUOUS
10
0.6409062598425197
20
1.1610153543307087
11
0.6419161811023621
21
1.1608372834645668
0
LINE
8
BLACK
6
CONTINUOUS
10
0.6419161811023621
20
1.1608372834645668
11
0.6434634251968504
21
1.1595389763779527
0
LINE
8
BLACK
6
CONTINUOUS
10
0.6434634251968504
20
1.1595389763779527
11
0.6438141732283464
21
1.1575498425196851
0
LINE
8
BLACK
6
CONTINUOUS
10
0.6438141732283464
20
1.1575498425196851
11
0.6428042519685039
21
1.1558006692913385
0
LINE
8
BLACK
6
CONTINUOUS
10
0.6428042519685039
20
1.1558006692913385
11
0.6409062598425197
21
1.1551098425196851
0
LINE
8
BLACK
6
CONTINUOUS
10
0.6409062598425197
20
1.1551098425196851
11
0.604488937007874
21
1.1551098425196851
0
LINE
8
BLACK
6
CONTINUOUS
10
0.604488937007874
20
1.1551098425196851
11
0.604488937007874
21
1.1468140157480315
0
LINE
8
BLACK
6
CONTINUOUS
10
0.604488937007874
20
1.1468140157480315
11
0.6043108661417322
21
1.1458040944881889
0
LINE
8
BLACK
6
CONTINUOUS
10
0.6043108661417322
20
1.1458040944881889
11
0.6030125590551181
21
1.1442568503937007
0
LINE
8
BLACK
6
CONTINUOUS
10
0.6030125590551181
20
1.1442568503937007
11
0.6010234251968504
21
1.1439061023622048
0
LINE
8
BLACK
6
CONTINUOUS
10
0.6010234251968504
20
1.1439061023622048
11
0.5992742519685039
21
1.1449160236220473
0
LINE
8
BLACK
6
CONTINUOUS
10
0.5992742519685039
20
1.1449160236220473
11
0.5985834251968504
21
1.1468140157480315
0
LINE
8
BLACK
6
CONTINUOUS
10
0.5985834251968504
20
1.1468140157480315
11
0.5985834251968504
21
1.1693111811023622
0
LINE
8
BLACK
6
CONTINUOUS
10
0.5985834251968504
20
1.1693111811023622
11
0.5987614960629921
21
1.1703211023622047
0
LINE
8
BLACK
6
CONTINUOUS
10
0.5987614960629921
20
1.1703211023622047
11
0.6000598031496063
21
1.1718683464566928
0
LINE
8
BLACK
6
CONTINUOUS
10
0.6000598031496063
20
1.1718683464566928
11
0.602048937007874
21
1.172219094488189
0
LINE
8
BLACK
6
CONTINUOUS
10
0.602048937007874
20
1.172219094488189
11
0.6037981102362204
21
1.1712091732283465
0
LINE
8
BLACK
6
CONTINUOUS
10
0.6412897637795275
20
1.2059420866141732
11
0.6414190157480315
21
1.2059648818897637
0
LINE
8
BLACK
6
CONTINUOUS
10
0.6414190157480315
20
1.2059648818897637
11
0.6415325984251968
21
1.2058992519685039
0
LINE
8
BLACK
6
CONTINUOUS
10
0.6415325984251968
20
1.2058992519685039
11
0.6419161811023621
21
1.2058316535433071
0
LINE
8
BLACK
6
CONTINUOUS
10
0.6419161811023621
20
1.2058316535433071
11
0.6425038582677165
21
1.2053385039370079
0
LINE
8
BLACK
6
CONTINUOUS
10
0.6425038582677165
20
1.2053385039370079
11
0.643168188976378
21
1.2049549606299212
0
LINE
8
BLACK
6
CONTINUOUS
10
0.643168188976378
20
1.2049549606299212
11
0.6432592913385826
21
1.2047046062992126
0
LINE
8
BLACK
6
CONTINUOUS
10
0.6432592913385826
20
1.2047046062992126
11
0.6434634251968504
21
1.204533346456693
0
LINE
8
BLACK
6
CONTINUOUS
10
0.6434634251968504
20
1.204533346456693
11
0.6435966535433071
21
1.2037777559055118
0
LINE
8
BLACK
6
CONTINUOUS
10
0.6435966535433071
20
1.2037777559055118
11
0.6438590157480315
21
1.203056968503937
0
LINE
8
BLACK
6
CONTINUOUS
10
0.6438590157480315
20
1.203056968503937
11
0.6438590157480315
21
1.1880588582677165
0
LINE
8
BLACK
6
CONTINUOUS
10
0.6438590157480315
20
1.1880588582677165
11
0.6436809448818898
21
1.1870489370078741
0
LINE
8
BLACK
6
CONTINUOUS
10
0.6436809448818898
20
1.1870489370078741
11
0.6435674409448818
21
1.1869136614173228
0
LINE
8
BLACK
6
CONTINUOUS
10
0.6435674409448818
20
1.1869136614173228
11
0.6435472834645669
21
1.186738346456693
0
LINE
8
BLACK
6
CONTINUOUS
10
0.6435472834645669
20
1.186738346456693
11
0.6416725196850394
21
1.1829888188976379
0
LINE
8
BLACK
6
CONTINUOUS
10
0.6416725196850394
20
1.1829888188976379
11
0.6411465354330709
21
1.18227968503937
0
LINE
8
BLACK
6
CONTINUOUS
10
0.6411465354330709
20
1.18227968503937
11
0.6411193700787401
21
1.1822213779527559
0
LINE
8
BLACK
6
CONTINUOUS
10
0.6411193700787401
20
1.1822213779527559
11
0.6392445669291339
21
1.1803466141732284
0
LINE
8
BLACK
6
CONTINUOUS
10
0.6392445669291339
20
1.1803466141732284
11
0.6385214960629921
21
1.1798403149606298
0
LINE
8
BLACK
6
CONTINUOUS
10
0.6385214960629921
20
1.1798403149606298
11
0.6384772047244094
21
1.1797935433070865
0
LINE
8
BLACK
6
CONTINUOUS
10
0.6384772047244094
20
1.1797935433070865
11
0.6347276771653543
21
1.177918779527559
0
LINE
8
BLACK
6
CONTINUOUS
10
0.6347276771653543
20
1.177918779527559
11
0.6337447244094488
21
1.1776264173228346
0
LINE
8
BLACK
6
CONTINUOUS
10
0.6337447244094488
20
1.1776264173228346
11
0.633573031496063
21
1.1776674015748032
0
LINE
8
BLACK
6
CONTINUOUS
10
0.633573031496063
20
1.1776674015748032
11
0.6334071653543307
21
1.1776070472440945
0
LINE
8
BLACK
6
CONTINUOUS
10
0.6334071653543307
20
1.1776070472440945
11
0.6277828740157481
21
1.1776070472440945
0
LINE
8
BLACK
6
CONTINUOUS
10
0.6277828740157481
20
1.1776070472440945
11
0.6267729527559055
21
1.1777851181102361
0
LINE
8
BLACK
6
CONTINUOUS
10
0.6267729527559055
20
1.1777851181102361
11
0.6266376771653543
21
1.1778985826771653
0
LINE
8
BLACK
6
CONTINUOUS
10
0.6266376771653543
20
1.1778985826771653
11
0.6264623622047244
21
1.177918779527559
0
LINE
8
BLACK
6
CONTINUOUS
10
0.6264623622047244
20
1.177918779527559
11
0.6227128346456693
21
1.1797935433070865
0
LINE
8
BLACK
6
CONTINUOUS
10
0.6227128346456693
20
1.1797935433070865
11
0.6220037401574803
21
1.180319409448819
0
LINE
8
BLACK
6
CONTINUOUS
10
0.6220037401574803
20
1.180319409448819
11
0.6219454330708661
21
1.1803466535433071
0
LINE
8
BLACK
6
CONTINUOUS
10
0.6219454330708661
20
1.1803466535433071
11
0.6200706692913386
21
1.1822214173228347
0
LINE
8
BLACK
6
CONTINUOUS
10
0.6200706692913386
20
1.1822214173228347
11
0.6194824803149607
21
1.1830614566929134
0
LINE
8
BLACK
6
CONTINUOUS
10
0.6194824803149607
20
1.1830614566929134
11
0.6194808267716535
21
1.1830800393700787
0
LINE
8
BLACK
6
CONTINUOUS
10
0.6194808267716535
20
1.1830800393700787
11
0.6186222047244094
21
1.1822214173228347
0
LINE
8
BLACK
6
CONTINUOUS
10
0.6186222047244094
20
1.1822214173228347
11
0.6178990944881889
21
1.1817151181102361
0
LINE
8
BLACK
6
CONTINUOUS
10
0.6178990944881889
20
1.1817151181102361
11
0.6178548031496063
21
1.1816683070866141
0
LINE
8
BLACK
6
CONTINUOUS
10
0.6178548031496063
20
1.1816683070866141
11
0.6141052755905512
21
1.1797935433070865
0
LINE
8
BLACK
6
CONTINUOUS
10
0.6141052755905512
20
1.1797935433070865
11
0.6131223228346456
21
1.1795011811023621
0
LINE
8
BLACK
6
CONTINUOUS
10
0.6131223228346456
20
1.1795011811023621
11
0.6129506299212598
21
1.1795421653543308
0
LINE
8
BLACK
6
CONTINUOUS
10
0.6129506299212598
20
1.1795421653543308
11
0.6127847637795275
21
1.179481811023622
0
LINE
8
BLACK
6
CONTINUOUS
10
0.6127847637795275
20
1.179481811023622
11
0.6090352362204724
21
1.179481811023622
0
LINE
8
BLACK
6
CONTINUOUS
10
0.6090352362204724
20
1.179481811023622
11
0.6080253149606299
21
1.1796598818897637
0
LINE
8
BLACK
6
CONTINUOUS
10
0.6080253149606299
20
1.1796598818897637
11
0.6078900393700787
21
1.1797733464566929
0
LINE
8
BLACK
6
CONTINUOUS
10
0.6078900393700787
20
1.1797733464566929
11
0.6077147244094488
21
1.1797935433070865
0
LINE
8
BLACK
6
CONTINUOUS
10
0.6077147244094488
20
1.1797935433070865
11
0.6039651968503937
21
1.1816683070866141
0
LINE
8
BLACK
6
CONTINUOUS
10
0.6039651968503937
20
1.1816683070866141
11
0.6032561023622047
21
1.1821941732283465
0
LINE
8
BLACK
6
CONTINUOUS
10
0.6032561023622047
20
1.1821941732283465
11
0.6031977952755906
21
1.1822214173228347
0
LINE
8
BLACK
6
CONTINUOUS
10
0.6031977952755906
20
1.1822214173228347
11
0.601323031496063
21
1.1840961811023623
0
LINE
8
BLACK
6
CONTINUOUS
10
0.601323031496063
20
1.1840961811023623
11
0.6008167322834645
21
1.1848192519685039
0
LINE
8
BLACK
6
CONTINUOUS
10
0.6008167322834645
20
1.1848192519685039
11
0.6007699212598425
21
1.1848635826771654
0
LINE
8
BLACK
6
CONTINUOUS
10
0.6007699212598425
20
1.1848635826771654
11
0.598895157480315
21
1.1886131102362205
0
LINE
8
BLACK
6
CONTINUOUS
10
0.598895157480315
20
1.1886131102362205
11
0.5986027952755906
21
1.1895960629921261
0
LINE
8
BLACK
6
CONTINUOUS
10
0.5986027952755906
20
1.1895960629921261
11
0.5986437795275591
21
1.189767716535433
0
LINE
8
BLACK
6
CONTINUOUS
10
0.5986437795275591
20
1.189767716535433
11
0.5985834251968504
21
1.1899336220472441
0
LINE
8
BLACK
6
CONTINUOUS
10
0.5985834251968504
20
1.1899336220472441
11
0.5985834251968504
21
1.203056968503937
0
LINE
8
BLACK
6
CONTINUOUS
10
0.5985834251968504
20
1.203056968503937
11
0.5986510236220473
21
1.2034404724409449
0
LINE
8
BLACK
6
CONTINUOUS
10
0.5986510236220473
20
1.2034404724409449
11
0.5986282677165354
21
1.2035697244094488
0
LINE
8
BLACK
6
CONTINUOUS
10
0.5986282677165354
20
1.2035697244094488
11
0.5986938582677165
21
1.2036833070866142
0
LINE
8
BLACK
6
CONTINUOUS
10
0.5986938582677165
20
1.2036833070866142
11
0.5987614960629921
21
1.2040668897637794
0
LINE
8
BLACK
6
CONTINUOUS
10
0.5987614960629921
20
1.2040668897637794
11
0.5992546062992126
21
1.2046545669291338
0
LINE
8
BLACK
6
CONTINUOUS
10
0.5992546062992126
20
1.2046545669291338
11
0.5996381889763779
21
1.2053188976377953
0
LINE
8
BLACK
6
CONTINUOUS
10
0.5996381889763779
20
1.2053188976377953
11
0.5998885039370079
21
1.2054099999999999
0
LINE
8
BLACK
6
CONTINUOUS
10
0.5998885039370079
20
1.2054099999999999
11
0.6000598031496063
21
1.2056141338582678
0
LINE
8
BLACK
6
CONTINUOUS
10
0.6000598031496063
20
1.2056141338582678
11
0.6008153543307087
21
1.2057473622047243
0
LINE
8
BLACK
6
CONTINUOUS
10
0.6008153543307087
20
1.2057473622047243
11
0.6015361811023622
21
1.2060097244094488
0
LINE
8
BLACK
6
CONTINUOUS
10
0.6015361811023622
20
1.2060097244094488
11
0.6409062598425197
21
1.2060097244094488
0
LINE
8
BLACK
6
CONTINUOUS
10
0.6409062598425197
20
1.2060097244094488
11
0.6412897637795275
21
1.2059420866141732
0
LINE
8
BLACK
6
CONTINUOUS
10
0.6232365748031496
20
1.1904127559055118
11
0.6247393700787401
21
1.1859043307086614
0
LINE
8
BLACK
6
CONTINUOUS
10
0.6247393700787401
20
1.1859043307086614
11
0.6257824409448819
21
1.1848612992125984
0
LINE
8
BLACK
6
CONTINUOUS
10
0.6257824409448819
20
1.1848612992125984
11
0.6284799212598425
21
1.1835125590551181
0
LINE
8
BLACK
6
CONTINUOUS
10
0.6284799212598425
20
1.1835125590551181
11
0.6327101181102363
21
1.1835125590551181
0
LINE
8
BLACK
6
CONTINUOUS
10
0.6327101181102363
20
1.1835125590551181
11
0.6354075984251968
21
1.1848612992125984
0
LINE
8
BLACK
6
CONTINUOUS
10
0.6354075984251968
20
1.1848612992125984
11
0.6366047637795276
21
1.1860584251968505
0
LINE
8
BLACK
6
CONTINUOUS
10
0.6366047637795276
20
1.1860584251968505
11
0.6379535039370079
21
1.1887559055118111
0
LINE
8
BLACK
6
CONTINUOUS
10
0.6379535039370079
20
1.1887559055118111
11
0.6379535039370079
21
1.2001042125984251
0
LINE
8
BLACK
6
CONTINUOUS
10
0.6379535039370079
20
1.2001042125984251
11
0.6232365748031496
21
1.2001042125984251
0
LINE
8
BLACK
6
CONTINUOUS
10
0.6232365748031496
20
1.2001042125984251
11
0.6232365748031496
21
1.1904127559055118
0
LINE
8
BLACK
6
CONTINUOUS
10
0.604488937007874
20
1.1906306692913387
11
0.6058376771653543
21
1.187933188976378
0
LINE
8
BLACK
6
CONTINUOUS
10
0.6058376771653543
20
1.187933188976378
11
0.6070348031496063
21
1.186736062992126
0
LINE
8
BLACK
6
CONTINUOUS
10
0.6070348031496063
20
1.186736062992126
11
0.6097322834645669
21
1.1853873228346457
0
LINE
8
BLACK
6
CONTINUOUS
10
0.6097322834645669
20
1.1853873228346457
11
0.612087716535433
21
1.1853873228346457
0
LINE
8
BLACK
6
CONTINUOUS
10
0.612087716535433
20
1.1853873228346457
11
0.6147851968503937
21
1.186736062992126
0
LINE
8
BLACK
6
CONTINUOUS
10
0.6147851968503937
20
1.186736062992126
11
0.6159823228346456
21
1.187933188976378
0
LINE
8
BLACK
6
CONTINUOUS
10
0.6159823228346456
20
1.187933188976378
11
0.6173310629921259
21
1.1906306692913387
0
LINE
8
BLACK
6
CONTINUOUS
10
0.6173310629921259
20
1.1906306692913387
11
0.6173310629921259
21
1.2001042125984251
0
LINE
8
BLACK
6
CONTINUOUS
10
0.6173310629921259
20
1.2001042125984251
11
0.604488937007874
21
1.2001042125984251
0
LINE
8
BLACK
6
CONTINUOUS
10
0.604488937007874
20
1.2001042125984251
11
0.604488937007874
21
1.1906306692913387
0
LINE
8
BLACK
6
CONTINUOUS
10
0.8828740157480315
20
1.5066929133858267
11
0.8842659448818897
21
1.5061163385826772
0
LINE
8
BLACK
6
CONTINUOUS
10
0.8842659448818897
20
1.5061163385826772
11
0.8848425196850394
21
1.5047244094488188
0
LINE
8
BLACK
6
CONTINUOUS
10
0.8848425196850394
20
1.5047244094488188
11
0.8848425196850394
21
0.0952755905511811
0
LINE
8
BLACK
6
CONTINUOUS
10
0.8848425196850394
20
0.0952755905511811
11
0.8842659448818897
21
0.0938836614173228
0
LINE
8
BLACK
6
CONTINUOUS
10
0.8842659448818897
20
0.0938836614173228
11
0.8828740157480315
21
0.0933070866141732
0
LINE
8
BLACK
6
CONTINUOUS
10
0.8828740157480315
20
0.0933070866141732
11
0.3671259842519685
21
0.0933070866141732
0
LINE
8
BLACK
6
CONTINUOUS
10
0.3671259842519685
20
0.0933070866141732
11
0.3657340551181102
21
0.0938836614173228
0
LINE
8
BLACK
6
CONTINUOUS
10
0.3657340551181102
20
0.0938836614173228
11
0.3651574803149606
21
0.0952755905511811
0
LINE
8
BLACK
6
CONTINUOUS
10
0.3651574803149606
20
0.0952755905511811
11
0.3651574803149606
21
1.5047244094488188
0
LINE
8
BLACK
6
CONTINUOUS
10
0.3651574803149606
20
1.5047244094488188
11
0.3657340551181102
21
1.5061163385826772
0
LINE
8
BLACK
6
CONTINUOUS
10
0.3657340551181102
20
1.5061163385826772
11
0.3671259842519685
21
1.5066929133858267
0
LINE
8
BLACK
6
CONTINUOUS
10
0.3671259842519685
20
1.5066929133858267
11
0.8828740157480315
21
1.5066929133858267
0
LINE
8
BLACK
6
CONTINUOUS
10
0.3690944881889764
20
1.5027559055118109
11
0.3690944881889764
21
0.097244094488189
0
LINE
8
BLACK
6
CONTINUOUS
10
0.3690944881889764
20
0.097244094488189
11
0.8809055118110236
21
0.097244094488189
0
LINE
8
BLACK
6
CONTINUOUS
10
0.8809055118110236
20
0.097244094488189
11
0.8809055118110236
21
1.5027559055118109
0
LINE
8
BLACK
6
CONTINUOUS
10
0.8809055118110236
20
1.5027559055118109
11
0.3690944881889764
21
1.5027559055118109
0
LINE
8
BLACK
6
CONTINUOUS
10
1.1756137007874015
20
0.6986756299212599
11
1.1757494881889763
21
0.698689842519685
0
LINE
8
BLACK
6
CONTINUOUS
10
1.1757494881889763
20
0.698689842519685
11
1.1832485433070865
21
0.6968150787401575
0
LINE
8
BLACK
6
CONTINUOUS
10
1.1832485433070865
20
0.6968150787401575
11
1.1837139763779527
21
0.6966074803149606
0
LINE
8
BLACK
6
CONTINUOUS
10
1.1837139763779527
20
0.6966074803149606
11
1.1838529133858267
21
0.6965914960629921
0
LINE
8
BLACK
6
CONTINUOUS
10
1.1838529133858267
20
0.6965914960629921
11
1.1876024409448818
21
0.6947167322834645
0
LINE
8
BLACK
6
CONTINUOUS
10
1.1876024409448818
20
0.6947167322834645
11
1.1883114960629921
21
0.6941907874015748
0
LINE
8
BLACK
6
CONTINUOUS
10
1.1883114960629921
20
0.6941907874015748
11
1.1883698425196849
21
0.6941636220472441
0
LINE
8
BLACK
6
CONTINUOUS
10
1.1883698425196849
20
0.6941636220472441
11
1.1921194094488188
21
0.6904140944881889
0
LINE
8
BLACK
6
CONTINUOUS
10
1.1921194094488188
20
0.6904140944881889
11
1.1927076377952757
21
0.6895740551181102
0
LINE
8
BLACK
6
CONTINUOUS
10
1.1927076377952757
20
0.6895740551181102
11
1.1927229921259843
21
0.6893981102362204
0
LINE
8
BLACK
6
CONTINUOUS
10
1.1927229921259843
20
0.6893981102362204
11
1.1928327165354331
21
0.6892599212598425
0
LINE
8
BLACK
6
CONTINUOUS
10
1.1928327165354331
20
0.6892599212598425
11
1.1947074803149607
21
0.6836356692913386
0
LINE
8
BLACK
6
CONTINUOUS
10
1.1947074803149607
20
0.6836356692913386
11
1.1948369685039371
21
0.6827624015748032
0
LINE
8
BLACK
6
CONTINUOUS
10
1.1948369685039371
20
0.6827624015748032
11
1.1948590157480314
21
0.6827018897637795
0
LINE
8
BLACK
6
CONTINUOUS
10
1.1948590157480314
20
0.6827018897637795
11
1.1948590157480314
21
0.6789523622047244
0
LINE
8
BLACK
6
CONTINUOUS
10
1.1948590157480314
20
0.6789523622047244
11
1.1947057086614172
21
0.6780829527559055
0
LINE
8
BLACK
6
CONTINUOUS
10
1.1947057086614172
20
0.6780829527559055
11
1.1947074803149607
21
0.6780185826771653
0
LINE
8
BLACK
6
CONTINUOUS
10
1.1947074803149607
20
0.6780185826771653
11
1.1928327165354331
21
0.6723943307086614
0
LINE
8
BLACK
6
CONTINUOUS
10
1.1928327165354331
20
0.6723943307086614
11
1.1923444094488189
21
0.6714925590551181
0
LINE
8
BLACK
6
CONTINUOUS
10
1.1923444094488189
20
0.6714925590551181
11
1.1921939763779528
21
0.6714001181102363
0
LINE
8
BLACK
6
CONTINUOUS
10
1.1921939763779528
20
0.6714001181102363
11
1.19211937007874
21
0.6712401181102362
0
LINE
8
BLACK
6
CONTINUOUS
10
1.19211937007874
20
0.6712401181102362
11
1.1902445669291339
21
0.6693653543307087
0
LINE
8
BLACK
6
CONTINUOUS
10
1.1902445669291339
20
0.6693653543307087
11
1.189404527559055
21
0.6687771653543307
0
LINE
8
BLACK
6
CONTINUOUS
10
1.189404527559055
20
0.6687771653543307
11
1.1873924409448819
21
0.6686011811023622
0
LINE
8
BLACK
6
CONTINUOUS
10
1.1873924409448819
20
0.6686011811023622
11
1.1857379133858268
21
0.6697596850393701
0
LINE
8
BLACK
6
CONTINUOUS
10
1.1857379133858268
20
0.6697596850393701
11
1.1852151968503937
21
0.6717106692913386
0
LINE
8
BLACK
6
CONTINUOUS
10
1.1852151968503937
20
0.6717106692913386
11
1.1860688188976378
21
0.6735412598425197
0
LINE
8
BLACK
6
CONTINUOUS
10
1.1860688188976378
20
0.6735412598425197
11
1.1874507086614172
21
0.6749231102362204
0
LINE
8
BLACK
6
CONTINUOUS
10
1.1874507086614172
20
0.6749231102362204
11
1.1889535039370078
21
0.6794314960629921
0
LINE
8
BLACK
6
CONTINUOUS
10
1.1889535039370078
20
0.6794314960629921
11
1.1889535039370078
21
0.6822227559055118
0
LINE
8
BLACK
6
CONTINUOUS
10
1.1889535039370078
20
0.6822227559055118
11
1.1874507086614172
21
0.6867311023622047
0
LINE
8
BLACK
6
CONTINUOUS
10
1.1874507086614172
20
0.6867311023622047
11
1.1845328346456692
21
0.689648937007874
0
LINE
8
BLACK
6
CONTINUOUS
10
1.1845328346456692
20
0.689648937007874
11
1.1815018503937007
21
0.6911644488188976
0
LINE
8
BLACK
6
CONTINUOUS
10
1.1815018503937007
20
0.6911644488188976
11
1.1746698031496063
21
0.6928724803149606
0
LINE
8
BLACK
6
CONTINUOUS
10
1.1746698031496063
20
0.6928724803149606
11
1.1697725984251968
21
0.6928724803149606
0
LINE
8
BLACK
6
CONTINUOUS
10
1.1697725984251968
20
0.6928724803149606
11
1.1629405511811024
21
0.6911644488188976
0
LINE
8
BLACK
6
CONTINUOUS
10
1.1629405511811024
20
0.6911644488188976
11
1.1599095669291339
21
0.6896489763779527
0
LINE
8
BLACK
6
CONTINUOUS
10
1.1599095669291339
20
0.6896489763779527
11
1.1569917322834646
21
0.6867311417322834
0
LINE
8
BLACK
6
CONTINUOUS
10
1.1569917322834646
20
0.6867311417322834
11
1.155488937007874
21
0.6822227165354331
0
LINE
8
BLACK
6
CONTINUOUS
10
1.155488937007874
20
0.6822227165354331
11
1.155488937007874
21
0.6794314960629921
0
LINE
8
BLACK
6
CONTINUOUS
10
1.155488937007874
20
0.6794314960629921
11
1.1569917322834646
21
0.6749230708661417
0
LINE
8
BLACK
6
CONTINUOUS
10
1.1569917322834646
20
0.6749230708661417
11
1.158373622047244
21
0.6735412204724409
0
LINE
8
BLACK
6
CONTINUOUS
10
1.158373622047244
20
0.6735412204724409
11
1.1589618110236219
21
0.6727011811023622
0
LINE
8
BLACK
6
CONTINUOUS
10
1.1589618110236219
20
0.6727011811023622
11
1.1591378346456693
21
0.6706890944881889
0
LINE
8
BLACK
6
CONTINUOUS
10
1.1591378346456693
20
0.6706890944881889
11
1.1579793307086614
21
0.6690345275590551
0
LINE
8
BLACK
6
CONTINUOUS
10
1.1579793307086614
20
0.6690345275590551
11
1.1560283464566929
21
0.668511811023622
0
LINE
8
BLACK
6
CONTINUOUS
10
1.1560283464566929
20
0.668511811023622
11
1.1541977952755906
21
0.6693653937007874
0
LINE
8
BLACK
6
CONTINUOUS
10
1.1541977952755906
20
0.6693653937007874
11
1.1523230314960629
21
0.671240157480315
0
LINE
8
BLACK
6
CONTINUOUS
10
1.1523230314960629
20
0.671240157480315
11
1.1517348425196849
21
0.6720801968503937
0
LINE
8
BLACK
6
CONTINUOUS
10
1.1517348425196849
20
0.6720801968503937
11
1.1517194488188975
21
0.6722560236220473
0
LINE
8
BLACK
6
CONTINUOUS
10
1.1517194488188975
20
0.6722560236220473
11
1.1516097244094488
21
0.6723943307086614
0
LINE
8
BLACK
6
CONTINUOUS
10
1.1516097244094488
20
0.6723943307086614
11
1.1497349606299212
21
0.6780186220472441
0
LINE
8
BLACK
6
CONTINUOUS
10
1.1497349606299212
20
0.6780186220472441
11
1.1496054724409448
21
0.6788917716535433
0
LINE
8
BLACK
6
CONTINUOUS
10
1.1496054724409448
20
0.6788917716535433
11
1.1495834251968504
21
0.6789523622047244
0
LINE
8
BLACK
6
CONTINUOUS
10
1.1495834251968504
20
0.6789523622047244
11
1.1495834251968504
21
0.6827018897637795
0
LINE
8
BLACK
6
CONTINUOUS
10
1.1495834251968504
20
0.6827018897637795
11
1.1497366929133859
21
0.6835712598425197
0
LINE
8
BLACK
6
CONTINUOUS
10
1.1497366929133859
20
0.6835712598425197
11
1.1497349606299212
21
0.6836356299212598
0
LINE
8
BLACK
6
CONTINUOUS
10
1.1497349606299212
20
0.6836356299212598
11
1.1516097244094488
21
0.6892599212598425
0
LINE
8
BLACK
6
CONTINUOUS
10
1.1516097244094488
20
0.6892599212598425
11
1.1520979921259842
21
0.6901616929133858
0
LINE
8
BLACK
6
CONTINUOUS
10
1.1520979921259842
20
0.6901616929133858
11
1.1522484251968503
21
0.690254094488189
0
LINE
8
BLACK
6
CONTINUOUS
10
1.1522484251968503
20
0.690254094488189
11
1.1523230314960629
21
0.6904140944881889
0
LINE
8
BLACK
6
CONTINUOUS
10
1.1523230314960629
20
0.6904140944881889
11
1.1560725590551182
21
0.6941636220472441
0
LINE
8
BLACK
6
CONTINUOUS
10
1.1560725590551182
20
0.6941636220472441
11
1.1567957086614173
21
0.69467
0
LINE
8
BLACK
6
CONTINUOUS
10
1.1567957086614173
20
0.69467
11
1.1568399606299213
21
0.6947167322834645
0
LINE
8
BLACK
6
CONTINUOUS
10
1.1568399606299213
20
0.6947167322834645
11
1.1605894881889764
21
0.6965914960629921
0
LINE
8
BLACK
6
CONTINUOUS
10
1.1605894881889764
20
0.6965914960629921
11
1.1610779133858267
21
0.6967367716535433
0
LINE
8
BLACK
6
CONTINUOUS
10
1.1610779133858267
20
0.6967367716535433
11
1.1611938582677166
21
0.6968150787401575
0
LINE
8
BLACK
6
CONTINUOUS
10
1.1611938582677166
20
0.6968150787401575
11
1.1686929133858268
21
0.698689842519685
0
LINE
8
BLACK
6
CONTINUOUS
10
1.1686929133858268
20
0.698689842519685
11
1.1692807874015747
21
0.6987312992125984
0
LINE
8
BLACK
6
CONTINUOUS
10
1.1692807874015747
20
0.6987312992125984
11
1.1694090551181102
21
0.6987779921259842
0
LINE
8
BLACK
6
CONTINUOUS
10
1.1694090551181102
20
0.6987779921259842
11
1.1750333464566929
21
0.6987779921259842
0
LINE
8
BLACK
6
CONTINUOUS
10
1.1750333464566929
20
0.6987779921259842
11
1.1756137007874015
21
0.6986756299212599
0
LINE
8
BLACK
6
CONTINUOUS
10
1.1929161811023621
20
0.7360952362204725
11
1.1944634251968504
21
0.7347969291338583
0
LINE
8
BLACK
6
CONTINUOUS
10
1.1944634251968504
20
0.7347969291338583
11
1.1948141732283464
21
0.7328077952755906
0
LINE
8
BLACK
6
CONTINUOUS
10
1.1948141732283464
20
0.7328077952755906
11
1.1938042519685039
21
0.731058622047244
0
LINE
8
BLACK
6
CONTINUOUS
10
1.1938042519685039
20
0.731058622047244
11
1.1919062598425196
21
0.7303677952755905
0
LINE
8
BLACK
6
CONTINUOUS
10
1.1919062598425196
20
0.7303677952755905
11
1.1761113385826771
21
0.7303677952755905
0
LINE
8
BLACK
6
CONTINUOUS
10
1.1761113385826771
20
0.7303677952755905
11
1.1761113385826771
21
0.7183224409448818
0
LINE
8
BLACK
6
CONTINUOUS
10
1.1761113385826771
20
0.7183224409448818
11
1.1759332677165355
21
0.7173125196850394
0
LINE
8
BLACK
6
CONTINUOUS
10
1.1759332677165355
20
0.7173125196850394
11
1.1758197637795276
21
0.7171772440944881
0
LINE
8
BLACK
6
CONTINUOUS
10
1.1758197637795276
20
0.7171772440944881
11
1.1757996062992127
21
0.7170019291338583
0
LINE
8
BLACK
6
CONTINUOUS
10
1.1757996062992127
20
0.7170019291338583
11
1.1739248425196851
21
0.7132524015748032
0
LINE
8
BLACK
6
CONTINUOUS
10
1.1739248425196851
20
0.7132524015748032
11
1.1733989370078739
21
0.7125433070866142
0
LINE
8
BLACK
6
CONTINUOUS
10
1.1733989370078739
20
0.7125433070866142
11
1.1733717322834645
21
0.712485
0
LINE
8
BLACK
6
CONTINUOUS
10
1.1733717322834645
20
0.712485
11
1.1714969685039369
21
0.7106102362204725
0
LINE
8
BLACK
6
CONTINUOUS
10
1.1714969685039369
20
0.7106102362204725
11
1.1707738582677165
21
0.710103937007874
0
LINE
8
BLACK
6
CONTINUOUS
10
1.1707738582677165
20
0.710103937007874
11
1.1707295669291338
21
0.710057125984252
0
LINE
8
BLACK
6
CONTINUOUS
10
1.1707295669291338
20
0.710057125984252
11
1.1669800393700787
21
0.7081823622047244
0
LINE
8
BLACK
6
CONTINUOUS
10
1.1669800393700787
20
0.7081823622047244
11
1.1659970866141731
21
0.70789
0
LINE
8
BLACK
6
CONTINUOUS
10
1.1659970866141731
20
0.70789
11
1.1658253937007874
21
0.7079309842519685
0
LINE
8
BLACK
6
CONTINUOUS
10
1.1658253937007874
20
0.7079309842519685
11
1.1656595275590551
21
0.7078706299212598
0
LINE
8
BLACK
6
CONTINUOUS
10
1.1656595275590551
20
0.7078706299212598
11
1.1600352362204724
21
0.7078706299212598
0
LINE
8
BLACK
6
CONTINUOUS
10
1.1600352362204724
20
0.7078706299212598
11
1.15902531496063
21
0.7080487007874016
0
LINE
8
BLACK
6
CONTINUOUS
10
1.15902531496063
20
0.7080487007874016
11
1.1588900393700787
21
0.7081621653543307
0
LINE
8
BLACK
6
CONTINUOUS
10
1.1588900393700787
20
0.7081621653543307
11
1.1587147244094489
21
0.7081823622047244
0
LINE
8
BLACK
6
CONTINUOUS
10
1.1587147244094489
20
0.7081823622047244
11
1.1549651968503938
21
0.710057125984252
0
LINE
8
BLACK
6
CONTINUOUS
10
1.1549651968503938
20
0.710057125984252
11
1.1542561023622047
21
0.7105829921259842
0
LINE
8
BLACK
6
CONTINUOUS
10
1.1542561023622047
20
0.7105829921259842
11
1.1541977952755906
21
0.7106102362204725
0
LINE
8
BLACK
6
CONTINUOUS
10
1.1541977952755906
20
0.7106102362204725
11
1.1523230314960629
21
0.712485
0
LINE
8
BLACK
6
CONTINUOUS
10
1.1523230314960629
20
0.712485
11
1.1518167322834645
21
0.7132080708661417
0
LINE
8
BLACK
6
CONTINUOUS
10
1.1518167322834645
20
0.7132080708661417
11
1.1517699212598425
21
0.7132524015748032
0
LINE
8
BLACK
6
CONTINUOUS
10
1.1517699212598425
20
0.7132524015748032
11
1.1498951574803149
21
0.7170019291338583
0
LINE
8
BLACK
6
CONTINUOUS
10
1.1498951574803149
20
0.7170019291338583
11
1.1496027952755905
21
0.7179848818897637
0
LINE
8
BLACK
6
CONTINUOUS
10
1.1496027952755905
20
0.7179848818897637
11
1.1496437795275591
21
0.7181565354330709
0
LINE
8
BLACK
6
CONTINUOUS
10
1.1496437795275591
20
0.7181565354330709
11
1.1495834251968504
21
0.7183224409448818
0
LINE
8
BLACK
6
CONTINUOUS
10
1.1495834251968504
20
0.7183224409448818
11
1.1495834251968504
21
0.7333205511811024
0
LINE
8
BLACK
6
CONTINUOUS
10
1.1495834251968504
20
0.7333205511811024
11
1.1496510236220472
21
0.7337040551181102
0
LINE
8
BLACK
6
CONTINUOUS
10
1.1496510236220472
20
0.7337040551181102
11
1.1496282677165355
21
0.7338333070866142
0
LINE
8
BLACK
6
CONTINUOUS
10
1.1496282677165355
20
0.7338333070866142
11
1.1496938582677165
21
0.7339468897637795
0
LINE
8
BLACK
6
CONTINUOUS
10
1.1496938582677165
20
0.7339468897637795
11
1.149761496062992
21
0.7343304724409448
0
LINE
8
BLACK
6
CONTINUOUS
10
1.149761496062992
20
0.7343304724409448
11
1.1502546062992125
21
0.7349181496062992
0
LINE
8
BLACK
6
CONTINUOUS
10
1.1502546062992125
20
0.7349181496062992
11
1.1506381889763779
21
0.7355824803149607
0
LINE
8
BLACK
6
CONTINUOUS
10
1.1506381889763779
20
0.7355824803149607
11
1.1508885039370078
21
0.7356735826771653
0
LINE
8
BLACK
6
CONTINUOUS
10
1.1508885039370078
20
0.7356735826771653
11
1.1510598031496062
21
0.7358777165354331
0
LINE
8
BLACK
6
CONTINUOUS
10
1.1510598031496062
20
0.7358777165354331
11
1.1518153543307086
21
0.7360109448818898
0
LINE
8
BLACK
6
CONTINUOUS
10
1.1518153543307086
20
0.7360109448818898
11
1.1525361811023622
21
0.7362733070866142
0
LINE
8
BLACK
6
CONTINUOUS
10
1.1525361811023622
20
0.7362733070866142
11
1.1919062598425196
21
0.7362733070866142
0
LINE
8
BLACK
6
CONTINUOUS
10
1.1919062598425196
20
0.7362733070866142
11
1.1929161811023621
21
0.7360952362204725
0
LINE
8
BLACK
6
CONTINUOUS
10
1.155488937007874
20
0.7190194881889763
11
1.1568376771653543
21
0.7163220078740158
0
LINE
8
BLACK
6
CONTINUOUS
10
1.1568376771653543
20
0.7163220078740158
11
1.1580348031496062
21
0.7151248818897638
0
LINE
8
BLACK
6
CONTINUOUS
10
1.1580348031496062
20
0.7151248818897638
11
1.1607322834645668
21
0.7137761417322834
0
LINE
8
BLACK
6
CONTINUOUS
10
1.1607322834645668
20
0.7137761417322834
11
1.1649624803149605
21
0.7137761417322834
0
LINE
8
BLACK
6
CONTINUOUS
10
1.1649624803149605
20
0.7137761417322834
11
1.1676599606299212
21
0.7151248818897638
0
LINE
8
BLACK
6
CONTINUOUS
10
1.1676599606299212
20
0.7151248818897638
11
1.1688570866141732
21
0.7163220078740158
0
LINE
8
BLACK
6
CONTINUOUS
10
1.1688570866141732
20
0.7163220078740158
11
1.1702058267716535
21
0.7190194881889763
0
LINE
8
BLACK
6
CONTINUOUS
10
1.1702058267716535
20
0.7190194881889763
11
1.1702058267716535
21
0.7303677952755905
0
LINE
8
BLACK
6
CONTINUOUS
10
1.1702058267716535
20
0.7303677952755905
11
1.155488937007874
21
0.7303677952755905
0
LINE
8
BLACK
6
CONTINUOUS
10
1.155488937007874
20
0.7303677952755905
11
1.155488937007874
21
0.7190194881889763
0
LINE
8
BLACK
6
CONTINUOUS
10
1.19386531496063
20
0.7748998818897638
11
1.1948270866141733
21
0.7731237401574803
0
LINE
8
BLACK
6
CONTINUOUS
10
1.1948270866141733
20
0.7731237401574803
11
1.194422125984252
21
0.7711449606299212
0
LINE
8
BLACK
6
CONTINUOUS
10
1.194422125984252
20
0.7711449606299212
11
1.1928399999999999
21
0.7698894094488189
0
LINE
8
BLACK
6
CONTINUOUS
10
1.1928399999999999
20
0.7698894094488189
11
1.1836103937007874
21
0.766812874015748
0
LINE
8
BLACK
6
CONTINUOUS
10
1.1836103937007874
20
0.766812874015748
11
1.1836103937007874
21
0.752321653543307
0
LINE
8
BLACK
6
CONTINUOUS
10
1.1836103937007874
20
0.752321653543307
11
1.1928399999999999
21
0.7492451574803149
0
LINE
8
BLACK
6
CONTINUOUS
10
1.1928399999999999
20
0.7492451574803149
11
1.1937417716535432
21
0.7487568897637795
0
LINE
8
BLACK
6
CONTINUOUS
10
1.1937417716535432
20
0.7487568897637795
11
1.1947990551181102
21
0.747035905511811
0
LINE
8
BLACK
6
CONTINUOUS
10
1.1947990551181102
20
0.747035905511811
11
1.1945027952755904
21
0.7450379527559055
0
LINE
8
BLACK
6
CONTINUOUS
10
1.1945027952755904
20
0.7450379527559055
11
1.1929915354330709
21
0.7436978740157481
0
LINE
8
BLACK
6
CONTINUOUS
10
1.1929915354330709
20
0.7436978740157481
11
1.1909725196850394
21
0.743642716535433
0
LINE
8
BLACK
6
CONTINUOUS
10
1.1909725196850394
20
0.743642716535433
11
1.151602440944882
21
0.756766062992126
0
LINE
8
BLACK
6
CONTINUOUS
10
1.151602440944882
20
0.756766062992126
11
1.1507006692913386
21
0.7572543700787402
0
LINE
8
BLACK
6
CONTINUOUS
10
1.1507006692913386
20
0.7572543700787402
11
1.1506561417322834
21
0.7573267716535433
0
LINE
8
BLACK
6
CONTINUOUS
10
1.1506561417322834
20
0.7573267716535433
11
1.1505771259842519
21
0.757358031496063
0
LINE
8
BLACK
6
CONTINUOUS
10
1.1505771259842519
20
0.757358031496063
11
1.1501322834645669
21
0.7581794881889764
0
LINE
8
BLACK
6
CONTINUOUS
10
1.1501322834645669
20
0.7581794881889764
11
1.1496433858267716
21
0.7589753149606299
0
LINE
8
BLACK
6
CONTINUOUS
10
1.1496433858267716
20
0.7589753149606299
11
1.1496558267716535
21
0.7590593700787401
0
LINE
8
BLACK
6
CONTINUOUS
10
1.1496558267716535
20
0.7590593700787401
11
1.1496153543307086
21
0.7591341732283464
0
LINE
8
BLACK
6
CONTINUOUS
10
1.1496153543307086
20
0.7591341732283464
11
1.1498025984251967
21
0.7600492519685039
0
LINE
8
BLACK
6
CONTINUOUS
10
1.1498025984251967
20
0.7600492519685039
11
1.1499396456692914
21
0.7609733070866141
0
LINE
8
BLACK
6
CONTINUOUS
10
1.1499396456692914
20
0.7609733070866141
11
1.1500032677165355
21
0.7610297244094488
0
LINE
8
BLACK
6
CONTINUOUS
10
1.1500032677165355
20
0.7610297244094488
11
1.1500203149606298
21
0.7611129527559055
0
LINE
8
BLACK
6
CONTINUOUS
10
1.1500203149606298
20
0.7611129527559055
11
1.1507515748031496
21
0.7616932677165354
0
LINE
8
BLACK
6
CONTINUOUS
10
1.1507515748031496
20
0.7616932677165354
11
1.1514508661417322
21
0.7623133464566929
0
LINE
8
BLACK
6
CONTINUOUS
10
1.1514508661417322
20
0.7623133464566929
11
1.1515358267716536
21
0.7623156299212598
0
LINE
8
BLACK
6
CONTINUOUS
10
1.1515358267716536
20
0.7623156299212598
11
1.151602440944882
21
0.7623685039370078
0
LINE
8
BLACK
6
CONTINUOUS
10
1.151602440944882
20
0.7623685039370078
11
1.1909725196850394
21
0.7754918503937007
0
LINE
8
BLACK
6
CONTINUOUS
10
1.1909725196850394
20
0.7754918503937007
11
1.1919868897637795
21
0.7756422834645669
0
LINE
8
BLACK
6
CONTINUOUS
10
1.1919868897637795
20
0.7756422834645669
11
1.19386531496063
21
0.7748998818897638
0
LINE
8
BLACK
6
CONTINUOUS
10
1.1618735826771653
20
0.7595672834645669
11
1.1777048818897637
21
0.7542901574803149
0
LINE
8
BLACK
6
CONTINUOUS
10
1.1777048818897637
20
0.7542901574803149
11
1.1777048818897637
21
0.7648443700787402
0
LINE
8
BLACK
6
CONTINUOUS
10
1.1777048818897637
20
0.7648443700787402
11
1.1618735826771653
21
0.7595672834645669
0
LINE
8
BLACK
6
CONTINUOUS
10
1.1902445669291339
20
0.8103991338582677
11
1.19211937007874
21
0.8085243700787401
0
LINE
8
BLACK
6
CONTINUOUS
10
1.19211937007874
20
0.8085243700787401
11
1.1926257480314961
21
0.8078011811023622
0
LINE
8
BLACK
6
CONTINUOUS
10
1.1926257480314961
20
0.8078011811023622
11
1.1926725196850394
21
0.8077569291338582
0
LINE
8
BLACK
6
CONTINUOUS
10
1.1926725196850394
20
0.8077569291338582
11
1.194547283464567
21
0.8040074015748031
0
LINE
8
BLACK
6
CONTINUOUS
10
1.194547283464567
20
0.8040074015748031
11
1.1948396456692914
21
0.8030244881889763
0
LINE
8
BLACK
6
CONTINUOUS
10
1.1948396456692914
20
0.8030244881889763
11
1.194798622047244
21
0.8028527559055118
0
LINE
8
BLACK
6
CONTINUOUS
10
1.194798622047244
20
0.8028527559055118
11
1.1948590157480314
21
0.8026868897637796
0
LINE
8
BLACK
6
CONTINUOUS
10
1.1948590157480314
20
0.8026868897637796
11
1.1948590157480314
21
0.7914383070866141
0
LINE
8
BLACK
6
CONTINUOUS
10
1.1948590157480314
20
0.7914383070866141
11
1.1946809448818898
21
0.7904283858267717
0
LINE
8
BLACK
6
CONTINUOUS
10
1.1946809448818898
20
0.7904283858267717
11
1.1945674409448819
21
0.7902931102362205
0
LINE
8
BLACK
6
CONTINUOUS
10
1.1945674409448819
20
0.7902931102362205
11
1.194547283464567
21
0.7901177952755906
0
LINE
8
BLACK
6
CONTINUOUS
10
1.194547283464567
20
0.7901177952755906
11
1.1926725196850394
21
0.7863682677165355
0
LINE
8
BLACK
6
CONTINUOUS
10
1.1926725196850394
20
0.7863682677165355
11
1.1921465354330709
21
0.7856591338582677
0
LINE
8
BLACK
6
CONTINUOUS
10
1.1921465354330709
20
0.7856591338582677
11
1.19211937007874
21
0.7856008267716535
0
LINE
8
BLACK
6
CONTINUOUS
10
1.19211937007874
20
0.7856008267716535
11
1.1902445669291339
21
0.783726062992126
0
LINE
8
BLACK
6
CONTINUOUS
10
1.1902445669291339
20
0.783726062992126
11
1.1895214960629921
21
0.7832197637795275
0
LINE
8
BLACK
6
CONTINUOUS
10
1.1895214960629921
20
0.7832197637795275
11
1.1894772047244093
21
0.7831729921259842
0
LINE
8
BLACK
6
CONTINUOUS
10
1.1894772047244093
20
0.7831729921259842
11
1.1857276771653542
21
0.7812982283464567
0
LINE
8
BLACK
6
CONTINUOUS
10
1.1857276771653542
20
0.7812982283464567
11
1.1847447244094489
21
0.7810058661417323
0
LINE
8
BLACK
6
CONTINUOUS
10
1.1847447244094489
20
0.7810058661417323
11
1.184573031496063
21
0.7810468503937008
0
LINE
8
BLACK
6
CONTINUOUS
10
1.184573031496063
20
0.7810468503937008
11
1.1844071653543307
21
0.7809864960629921
0
LINE
8
BLACK
6
CONTINUOUS
10
1.1844071653543307
20
0.7809864960629921
11
1.1750333464566929
21
0.7809864960629921
0
LINE
8
BLACK
6
CONTINUOUS
10
1.1750333464566929
20
0.7809864960629921
11
1.1740234251968504
21
0.7811645669291338
0
LINE
8
BLACK
6
CONTINUOUS
10
1.1740234251968504
20
0.7811645669291338
11
1.1738881496062992
21
0.781278031496063
0
LINE
8
BLACK
6
CONTINUOUS
10
1.1738881496062992
20
0.781278031496063
11
1.1737128346456693
21
0.7812982283464567
0
LINE
8
BLACK
6
CONTINUOUS
10
1.1737128346456693
20
0.7812982283464567
11
1.1699633070866142
21
0.7831729921259842
0
LINE
8
BLACK
6
CONTINUOUS
10
1.1699633070866142
20
0.7831729921259842
11
1.1692542125984251
21
0.7836988582677166
0
LINE
8
BLACK
6
CONTINUOUS
10
1.1692542125984251
20
0.7836988582677166
11
1.1691959055118111
21
0.7837261023622047
0
LINE
8
BLACK
6
CONTINUOUS
10
1.1691959055118111
20
0.7837261023622047
11
1.1673211417322835
21
0.7856008661417323
0
LINE
8
BLACK
6
CONTINUOUS
10
1.1673211417322835
20
0.7856008661417323
11
1.1668148425196849
21
0.786323937007874
0
LINE
8
BLACK
6
CONTINUOUS
10
1.1668148425196849
20
0.786323937007874
11
1.1667680314960629
21
0.7863682677165355
0
LINE
8
BLACK
6
CONTINUOUS
10
1.1667680314960629
20
0.7863682677165355
11
1.1648932677165353
21
0.7901177952755906
0
LINE
8
BLACK
6
CONTINUOUS
10
1.1648932677165353
20
0.7901177952755906
11
1.1647255905511811
21
0.7906814566929133
0
LINE
8
BLACK
6
CONTINUOUS
10
1.1647255905511811
20
0.7906814566929133
11
1.154480590551181
21
0.7817170866141732
0
LINE
8
BLACK
6
CONTINUOUS
10
1.154480590551181
20
0.7817170866141732
11
1.1541007086614172
21
0.7814871653543307
0
LINE
8
BLACK
6
CONTINUOUS
10
1.1541007086614172
20
0.7814871653543307
11
1.154012559055118
21
0.7813820866141732
0
LINE
8
BLACK
6
CONTINUOUS
10
1.154012559055118
20
0.7813820866141732
11
1.153891968503937
21
0.7813608267716535
0
LINE
8
BLACK
6
CONTINUOUS
10
1.153891968503937
20
0.7813608267716535
11
1.1536032677165353
21
0.781186062992126
0
LINE
8
BLACK
6
CONTINUOUS
10
1.1536032677165353
20
0.781186062992126
11
1.1528074015748031
21
0.7811695669291339
0
LINE
8
BLACK
6
CONTINUOUS
10
1.1528074015748031
20
0.7811695669291339
11
1.1520234251968504
21
0.7810313385826771
0
LINE
8
BLACK
6
CONTINUOUS
10
1.1520234251968504
20
0.7810313385826771
11
1.1518194094488188
21
0.7811490944881889
0
LINE
8
BLACK
6
CONTINUOUS
10
1.1518194094488188
20
0.7811490944881889
11
1.151583937007874
21
0.7811442519685039
0
LINE
8
BLACK
6
CONTINUOUS
10
1.151583937007874
20
0.7811442519685039
11
1.1509636614173229
21
0.781643188976378
0
LINE
8
BLACK
6
CONTINUOUS
10
1.1509636614173229
20
0.781643188976378
11
1.1502742519685039
21
0.7820412598425197
0
LINE
8
BLACK
6
CONTINUOUS
10
1.1502742519685039
20
0.7820412598425197
11
1.1501936614173227
21
0.7822625984251969
0
LINE
8
BLACK
6
CONTINUOUS
10
1.1501936614173227
20
0.7822625984251969
11
1.1500101181102362
21
0.7824102755905512
0
LINE
8
BLACK
6
CONTINUOUS
10
1.1500101181102362
20
0.7824102755905512
11
1.1498556692913386
21
0.7831912204724409
0
LINE
8
BLACK
6
CONTINUOUS
10
1.1498556692913386
20
0.7831912204724409
11
1.1495834251968504
21
0.7839392519685039
0
LINE
8
BLACK
6
CONTINUOUS
10
1.1495834251968504
20
0.7839392519685039
11
1.1495834251968504
21
0.8083111811023622
0
LINE
8
BLACK
6
CONTINUOUS
10
1.1495834251968504
20
0.8083111811023622
11
1.149761496062992
21
0.8093211023622047
0
LINE
8
BLACK
6
CONTINUOUS
10
1.149761496062992
20
0.8093211023622047
11
1.1510598031496062
21
0.8108683464566929
0
LINE
8
BLACK
6
CONTINUOUS
10
1.1510598031496062
20
0.8108683464566929
11
1.153048937007874
21
0.811219094488189
0
LINE
8
BLACK
6
CONTINUOUS
10
1.153048937007874
20
0.811219094488189
11
1.1547981102362204
21
0.8102091732283464
0
LINE
8
BLACK
6
CONTINUOUS
10
1.1547981102362204
20
0.8102091732283464
11
1.155488937007874
21
0.8083111811023622
0
LINE
8
BLACK
6
CONTINUOUS
10
1.155488937007874
20
0.8083111811023622
11
1.155488937007874
21
0.7904464173228346
0
LINE
8
BLACK
6
CONTINUOUS
10
1.155488937007874
20
0.7904464173228346
11
1.1655898818897636
21
0.7992847637795275
0
LINE
8
BLACK
6
CONTINUOUS
10
1.1655898818897636
20
0.7992847637795275
11
1.1659697244094487
21
0.7995146456692913
0
LINE
8
BLACK
6
CONTINUOUS
10
1.1659697244094487
20
0.7995146456692913
11
1.1660579133858266
21
0.7996197637795276
0
LINE
8
BLACK
6
CONTINUOUS
10
1.1660579133858266
20
0.7996197637795276
11
1.1661784645669291
21
0.7996409842519685
0
LINE
8
BLACK
6
CONTINUOUS
10
1.1661784645669291
20
0.7996409842519685
11
1.1664672047244093
21
0.7998157874015748
0
LINE
8
BLACK
6
CONTINUOUS
10
1.1664672047244093
20
0.7998157874015748
11
1.167263031496063
21
0.7998322440944882
0
LINE
8
BLACK
6
CONTINUOUS
10
1.167263031496063
20
0.7998322440944882
11
1.1680470472440945
21
0.7999705118110236
0
LINE
8
BLACK
6
CONTINUOUS
10
1.1680470472440945
20
0.7999705118110236
11
1.1682510236220471
21
0.7998527165354331
0
LINE
8
BLACK
6
CONTINUOUS
10
1.1682510236220471
20
0.7998527165354331
11
1.1684865748031497
21
0.7998575984251969
0
LINE
8
BLACK
6
CONTINUOUS
10
1.1684865748031497
20
0.7998575984251969
11
1.1691068503937008
21
0.7993585826771653
0
LINE
8
BLACK
6
CONTINUOUS
10
1.1691068503937008
20
0.7993585826771653
11
1.169796220472441
21
0.7989605905511811
0
LINE
8
BLACK
6
CONTINUOUS
10
1.169796220472441
20
0.7989605905511811
11
1.1698767716535432
21
0.7987392125984252
0
LINE
8
BLACK
6
CONTINUOUS
10
1.1698767716535432
20
0.7987392125984252
11
1.1700603543307087
21
0.7985915748031496
0
LINE
8
BLACK
6
CONTINUOUS
10
1.1700603543307087
20
0.7985915748031496
11
1.1702147637795275
21
0.7978105905511811
0
LINE
8
BLACK
6
CONTINUOUS
10
1.1702147637795275
20
0.7978105905511811
11
1.1704870472440945
21
0.7970625984251968
0
LINE
8
BLACK
6
CONTINUOUS
10
1.1704870472440945
20
0.7970625984251968
11
1.1704870472440945
21
0.7921353543307087
0
LINE
8
BLACK
6
CONTINUOUS
10
1.1704870472440945
20
0.7921353543307087
11
1.1718357874015748
21
0.7894378740157481
0
LINE
8
BLACK
6
CONTINUOUS
10
1.1718357874015748
20
0.7894378740157481
11
1.1730329133858268
21
0.788240748031496
0
LINE
8
BLACK
6
CONTINUOUS
10
1.1730329133858268
20
0.788240748031496
11
1.1757303937007875
21
0.7868920078740157
0
LINE
8
BLACK
6
CONTINUOUS
10
1.1757303937007875
20
0.7868920078740157
11
1.1837101181102363
21
0.7868920078740157
0
LINE
8
BLACK
6
CONTINUOUS
10
1.1837101181102363
20
0.7868920078740157
11
1.1864075984251967
21
0.788240748031496
0
LINE
8
BLACK
6
CONTINUOUS
10
1.1864075984251967
20
0.788240748031496
11
1.1876047637795275
21
0.7894378740157481
0
LINE
8
BLACK
6
CONTINUOUS
10
1.1876047637795275
20
0.7894378740157481
11
1.1889535039370078
21
0.7921353543307087
0
LINE
8
BLACK
6
CONTINUOUS
10
1.1889535039370078
20
0.7921353543307087
11
1.1889535039370078
21
0.801989842519685
0
LINE
8
BLACK
6
CONTINUOUS
10
1.1889535039370078
20
0.801989842519685
11
1.1876047637795275
21
0.8046872834645669
0
LINE
8
BLACK
6
CONTINUOUS
10
1.1876047637795275
20
0.8046872834645669
11
1.1860688188976378
21
0.8062232283464567
0
LINE
8
BLACK
6
CONTINUOUS
10
1.1860688188976378
20
0.8062232283464567
11
1.1854805905511812
21
0.8070632677165354
0
LINE
8
BLACK
6
CONTINUOUS
10
1.1854805905511812
20
0.8070632677165354
11
1.185304527559055
21
0.8090753937007874
0
LINE
8
BLACK
6
CONTINUOUS
10
1.185304527559055
20
0.8090753937007874
11
1.1864630314960629
21
0.8107299606299212
0
LINE
8
BLACK
6
CONTINUOUS
10
1.1864630314960629
20
0.8107299606299212
11
1.1884140157480314
21
0.8112526771653543
0
LINE
8
BLACK
6
CONTINUOUS
10
1.1884140157480314
20
0.8112526771653543
11
1.1902445669291339
21
0.8103991338582677
0
LINE
8
BLACK
6
CONTINUOUS
10
1.1925359448818897
20
0.8486468897637796
11
1.1926705118110237
21
0.8486586614173228
0
LINE
8
BLACK
6
CONTINUOUS
10
1.1926705118110237
20
0.8486586614173228
11
1.1933986614173229
21
0.8481487795275591
0
LINE
8
BLACK
6
CONTINUOUS
10
1.1933986614173229
20
0.8481487795275591
11
1.194168188976378
21
0.8477044881889764
0
LINE
8
BLACK
6
CONTINUOUS
10
1.194168188976378
20
0.8477044881889764
11
1.1942143307086615
21
0.8475775984251969
0
LINE
8
BLACK
6
CONTINUOUS
10
1.1942143307086615
20
0.8475775984251969
11
1.1943250393700786
21
0.8475001181102362
0
LINE
8
BLACK
6
CONTINUOUS
10
1.1943250393700786
20
0.8475001181102362
11
1.1945550393700788
21
0.8466415748031496
0
LINE
8
BLACK
6
CONTINUOUS
10
1.1945550393700788
20
0.8466415748031496
11
1.1948590157480314
21
0.8458064960629921
0
LINE
8
BLACK
6
CONTINUOUS
10
1.1948590157480314
20
0.8458064960629921
11
1.1948590157480314
21
0.8214345669291339
0
LINE
8
BLACK
6
CONTINUOUS
10
1.1948590157480314
20
0.8214345669291339
11
1.1946809448818898
21
0.8204246456692913
0
LINE
8
BLACK
6
CONTINUOUS
10
1.1946809448818898
20
0.8204246456692913
11
1.1933826377952756
21
0.8188774015748032
0
LINE
8
BLACK
6
CONTINUOUS
10
1.1933826377952756
20
0.8188774015748032
11
1.1913935039370078
21
0.8185266535433071
0
LINE
8
BLACK
6
CONTINUOUS
10
1.1913935039370078
20
0.8185266535433071
11
1.1896443307086615
21
0.8195365748031496
0
LINE
8
BLACK
6
CONTINUOUS
10
1.1896443307086615
20
0.8195365748031496
11
1.1889535039370078
21
0.8214345669291339
0
LINE
8
BLACK
6
CONTINUOUS
10
1.1889535039370078
20
0.8214345669291339
11
1.1889535039370078
21
0.8386779133858268
0
LINE
8
BLACK
6
CONTINUOUS
10
1.1889535039370078
20
0.8386779133858268
11
1.1714969685039369
21
0.8212214173228346
0
LINE
8
BLACK
6
CONTINUOUS
10
1.1714969685039369
20
0.8212214173228346
11
1.1706569291338582
21
0.8206332283464567
0
LINE
8
BLACK
6
CONTINUOUS
10
1.1706569291338582
20
0.8206332283464567
11
1.1704810629921261
21
0.8206178346456693
0
LINE
8
BLACK
6
CONTINUOUS
10
1.1704810629921261
20
0.8206178346456693
11
1.1703427952755905
21
0.8205081102362205
0
LINE
8
BLACK
6
CONTINUOUS
10
1.1703427952755905
20
0.8205081102362205
11
1.1647185039370078
21
0.8186333464566929
0
LINE
8
BLACK
6
CONTINUOUS
10
1.1647185039370078
20
0.8186333464566929
11
1.1638453149606298
21
0.8185038582677165
0
LINE
8
BLACK
6
CONTINUOUS
10
1.1638453149606298
20
0.8185038582677165
11
1.1637847637795276
21
0.8184818110236221
0
LINE
8
BLACK
6
CONTINUOUS
10
1.1637847637795276
20
0.8184818110236221
11
1.1600352362204724
21
0.8184818110236221
0
LINE
8
BLACK
6
CONTINUOUS
10
1.1600352362204724
20
0.8184818110236221
11
1.15902531496063
21
0.8186598818897638
0
LINE
8
BLACK
6
CONTINUOUS
10
1.15902531496063
20
0.8186598818897638
11
1.1588900393700787
21
0.8187733464566929
0
LINE
8
BLACK
6
CONTINUOUS
10
1.1588900393700787
20
0.8187733464566929
11
1.1587147244094489
21
0.8187935433070866
0
LINE
8
BLACK
6
CONTINUOUS
10
1.1587147244094489
20
0.8187935433070866
11
1.1549651968503938
21
0.8206683070866142
0
LINE
8
BLACK
6
CONTINUOUS
10
1.1549651968503938
20
0.8206683070866142
11
1.1542561023622047
21
0.8211941732283464
0
LINE
8
BLACK
6
CONTINUOUS
10
1.1542561023622047
20
0.8211941732283464
11
1.1541977952755906
21
0.8212214173228346
0
LINE
8
BLACK
6
CONTINUOUS
10
1.1541977952755906
20
0.8212214173228346
11
1.1523230314960629
21
0.8230961811023622
0
LINE
8
BLACK
6
CONTINUOUS
10
1.1523230314960629
20
0.8230961811023622
11
1.1518167322834645
21
0.8238192519685039
0
LINE
8
BLACK
6
CONTINUOUS
10
1.1518167322834645
20
0.8238192519685039
11
1.1517699212598425
21
0.8238635826771653
0
LINE
8
BLACK
6
CONTINUOUS
10
1.1517699212598425
20
0.8238635826771653
11
1.1498951574803149
21
0.8276131102362204
0
LINE
8
BLACK
6
CONTINUOUS
10
1.1498951574803149
20
0.8276131102362204
11
1.1496027952755905
21
0.828596062992126
0
LINE
8
BLACK
6
CONTINUOUS
10
1.1496027952755905
20
0.828596062992126
11
1.1496437795275591
21
0.828767716535433
0
LINE
8
BLACK
6
CONTINUOUS
10
1.1496437795275591
20
0.828767716535433
11
1.1495834251968504
21
0.8289336220472441
0
LINE
8
BLACK
6
CONTINUOUS
10
1.1495834251968504
20
0.8289336220472441
11
1.1495834251968504
21
0.8383074409448819
0
LINE
8
BLACK
6
CONTINUOUS
10
1.1495834251968504
20
0.8383074409448819
11
1.149761496062992
21
0.8393173622047244
0
LINE
8
BLACK
6
CONTINUOUS
10
1.149761496062992
20
0.8393173622047244
11
1.1498749606299212
21
0.8394525984251968
0
LINE
8
BLACK
6
CONTINUOUS
10
1.1498749606299212
20
0.8394525984251968
11
1.1498951574803149
21
0.8396279527559055
0
LINE
8
BLACK
6
CONTINUOUS
10
1.1498951574803149
20
0.8396279527559055
11
1.1517699212598425
21
0.8433774803149606
0
LINE
8
BLACK
6
CONTINUOUS
10
1.1517699212598425
20
0.8433774803149606
11
1.1522958267716534
21
0.8440865354330709
0
LINE
8
BLACK
6
CONTINUOUS
10
1.1522958267716534
20
0.8440865354330709
11
1.1523230314960629
21
0.8441448818897638
0
LINE
8
BLACK
6
CONTINUOUS
10
1.1523230314960629
20
0.8441448818897638
11
1.1541977952755906
21
0.8460196456692913
0
LINE
8
BLACK
6
CONTINUOUS
10
1.1541977952755906
20
0.8460196456692913
11
1.1550378346456693
21
0.8466078346456692
0
LINE
8
BLACK
6
CONTINUOUS
10
1.1550378346456693
20
0.8466078346456692
11
1.1570499212598424
21
0.8467838582677165
0
LINE
8
BLACK
6
CONTINUOUS
10
1.1570499212598424
20
0.8467838582677165
11
1.1587044881889763
21
0.8456253543307086
0
LINE
8
BLACK
6
CONTINUOUS
10
1.1587044881889763
20
0.8456253543307086
11
1.1592272047244094
21
0.8436743700787401
0
LINE
8
BLACK
6
CONTINUOUS
10
1.1592272047244094
20
0.8436743700787401
11
1.158373622047244
21
0.8418438188976378
0
LINE
8
BLACK
6
CONTINUOUS
10
1.158373622047244
20
0.8418438188976378
11
1.1568376771653543
21
0.840307874015748
0
LINE
8
BLACK
6
CONTINUOUS
10
1.1568376771653543
20
0.840307874015748
11
1.155488937007874
21
0.8376103937007874
0
LINE
8
BLACK
6
CONTINUOUS
10
1.155488937007874
20
0.8376103937007874
11
1.155488937007874
21
0.8296306692913386
0
LINE
8
BLACK
6
CONTINUOUS
10
1.155488937007874
20
0.8296306692913386
11
1.1568376771653543
21
0.8269331889763779
0
LINE
8
BLACK
6
CONTINUOUS
10
1.1568376771653543
20
0.8269331889763779
11
1.1580348031496062
21
0.825736062992126
0
LINE
8
BLACK
6
CONTINUOUS
10
1.1580348031496062
20
0.825736062992126
11
1.1607322834645668
21
0.8243873228346457
0
LINE
8
BLACK
6
CONTINUOUS
10
1.1607322834645668
20
0.8243873228346457
11
1.1633056299212599
21
0.8243873228346457
0
LINE
8
BLACK
6
CONTINUOUS
10
1.1633056299212599
20
0.8243873228346457
11
1.1678140157480315
21
0.8258901181102362
0
LINE
8
BLACK
6
CONTINUOUS
10
1.1678140157480315
20
0.8258901181102362
11
1.1898183464566929
21
0.8478944094488189
0
LINE
8
BLACK
6
CONTINUOUS
10
1.1898183464566929
20
0.8478944094488189
11
1.1903463779527559
21
0.8482641732283465
0
LINE
8
BLACK
6
CONTINUOUS
10
1.1903463779527559
20
0.8482641732283465
11
1.1904298818897638
21
0.8483636614173228
0
LINE
8
BLACK
6
CONTINUOUS
10
1.1904298818897638
20
0.8483636614173228
11
1.190508188976378
21
0.8483774409448819
0
LINE
8
BLACK
6
CONTINUOUS
10
1.190508188976378
20
0.8483774409448819
11
1.1906583858267716
21
0.8484826377952756
0
LINE
8
BLACK
6
CONTINUOUS
10
1.1906583858267716
20
0.8484826377952756
11
1.191543937007874
21
0.8485600787401575
0
LINE
8
BLACK
6
CONTINUOUS
10
1.191543937007874
20
0.8485600787401575
11
1.1924190157480314
21
0.8487144094488189
0
LINE
8
BLACK
6
CONTINUOUS
10
1.1924190157480314
20
0.8487144094488189
11
1.1925359448818897
21
0.8486468897637796
0
LINE
8
BLACK
6
CONTINUOUS
10
1.1929161811023621
20
0.8860764960629921
11
1.1944634251968504
21
0.8847781889763779
0
LINE
8
BLACK
6
CONTINUOUS
10
1.1944634251968504
20
0.8847781889763779
11
1.1948141732283464
21
0.8827890551181102
0
LINE
8
BLACK
6
CONTINUOUS
10
1.1948141732283464
20
0.8827890551181102
11
1.1938042519685039
21
0.8810398818897638
0
LINE
8
BLACK
6
CONTINUOUS
10
1.1938042519685039
20
0.8810398818897638
11
1.1919062598425196
21
0.8803490551181102
0
LINE
8
BLACK
6
CONTINUOUS
10
1.1919062598425196
20
0.8803490551181102
11
1.1742365748031496
21
0.8803490551181102
0
LINE
8
BLACK
6
CONTINUOUS
10
1.1742365748031496
20
0.8803490551181102
11
1.1742365748031496
21
0.8637574015748032
0
LINE
8
BLACK
6
CONTINUOUS
10
1.1742365748031496
20
0.8637574015748032
11
1.1919062598425196
21
0.8637574015748032
0
LINE
8
BLACK
6
CONTINUOUS
10
1.1919062598425196
20
0.8637574015748032
11
1.1929161811023621
21
0.8635793307086614
0
LINE
8
BLACK
6
CONTINUOUS
10
1.1929161811023621
20
0.8635793307086614
11
1.1944634251968504
21
0.8622810236220472
0
LINE
8
BLACK
6
CONTINUOUS
10
1.1944634251968504
20
0.8622810236220472
11
1.1948141732283464
21
0.8602918897637795
0
LINE
8
BLACK
6
CONTINUOUS
10
1.1948141732283464
20
0.8602918897637795
11
1.1938042519685039
21
0.858542716535433
0
LINE
8
BLACK
6
CONTINUOUS
10
1.1938042519685039
20
0.858542716535433
11
1.1919062598425196
21
0.8578518897637795
0
LINE
8
BLACK
6
CONTINUOUS
10
1.1919062598425196
20
0.8578518897637795
11
1.1525361811023622
21
0.8578518897637795
0
LINE
8
BLACK
6
CONTINUOUS
10
1.1525361811023622
20
0.8578518897637795
11
1.1515262598425196
21
0.8580299606299212
0
LINE
8
BLACK
6
CONTINUOUS
10
1.1515262598425196
20
0.8580299606299212
11
1.1499790157480314
21
0.8593282677165354
0
LINE
8
BLACK
6
CONTINUOUS
10
1.1499790157480314
20
0.8593282677165354
11
1.1496282677165355
21
0.8613174015748031
0
LINE
8
BLACK
6
CONTINUOUS
10
1.1496282677165355
20
0.8613174015748031
11
1.1506381889763779
21
0.8630665748031496
0
LINE
8
BLACK
6
CONTINUOUS
10
1.1506381889763779
20
0.8630665748031496
11
1.1525361811023622
21
0.8637574015748032
0
LINE
8
BLACK
6
CONTINUOUS
10
1.1525361811023622
20
0.8637574015748032
11
1.168331062992126
21
0.8637574015748032
0
LINE
8
BLACK
6
CONTINUOUS
10
1.168331062992126
20
0.8637574015748032
11
1.168331062992126
21
0.8803490551181102
0
LINE
8
BLACK
6
CONTINUOUS
10
1.168331062992126
20
0.8803490551181102
11
1.1525361811023622
21
0.8803490551181102
0
LINE
8
BLACK
6
CONTINUOUS
10
1.1525361811023622
20
0.8803490551181102
11
1.1515262598425196
21
0.880527125984252
0
LINE
8
BLACK
6
CONTINUOUS
10
1.1515262598425196
20
0.880527125984252
11
1.1499790157480314
21
0.8818254330708661
0
LINE
8
BLACK
6
CONTINUOUS
10
1.1499790157480314
20
0.8818254330708661
11
1.1496282677165355
21
0.8838145669291338
0
LINE
8
BLACK
6
CONTINUOUS
10
1.1496282677165355
20
0.8838145669291338
11
1.1506381889763779
21
0.8855637401574803
0
LINE
8
BLACK
6
CONTINUOUS
10
1.1506381889763779
20
0.8855637401574803
11
1.1525361811023622
21
0.8862545669291338
0
LINE
8
BLACK
6
CONTINUOUS
10
1.1525361811023622
20
0.8862545669291338
11
1.1919062598425196
21
0.8862545669291338
0
LINE
8
BLACK
6
CONTINUOUS
10
1.1919062598425196
20
0.8862545669291338
11
1.1929161811023621
21
0.8860764960629921
0
LINE
8
BLACK
6
CONTINUOUS
10
1.1922897637795276
20
0.9255570078740157
11
1.1924190157480314
21
0.9255798031496063
0
LINE
8
BLACK
6
CONTINUOUS
10
1.1924190157480314
20
0.9255798031496063
11
1.1925325984251969
21
0.9255141732283464
0
LINE
8
BLACK
6
CONTINUOUS
10
1.1925325984251969
20
0.9255141732283464
11
1.1929161811023621
21
0.9254465748031496
0
LINE
8
BLACK
6
CONTINUOUS
10
1.1929161811023621
20
0.9254465748031496
11
1.1935038582677164
21
0.9249534251968504
0
LINE
8
BLACK
6
CONTINUOUS
10
1.1935038582677164
20
0.9249534251968504
11
1.194168188976378
21
0.9245698818897637
0
LINE
8
BLACK
6
CONTINUOUS
10
1.194168188976378
20
0.9245698818897637
11
1.1942592913385826
21
0.9243195275590551
0
LINE
8
BLACK
6
CONTINUOUS
10
1.1942592913385826
20
0.9243195275590551
11
1.1944634251968504
21
0.9241482677165355
0
LINE
8
BLACK
6
CONTINUOUS
10
1.1944634251968504
20
0.9241482677165355
11
1.194596653543307
21
0.9233926771653543
0
LINE
8
BLACK
6
CONTINUOUS
10
1.194596653543307
20
0.9233926771653543
11
1.1948590157480314
21
0.9226718897637795
0
LINE
8
BLACK
6
CONTINUOUS
10
1.1948590157480314
20
0.9226718897637795
11
1.1948590157480314
21
0.907673779527559
0
LINE
8
BLACK
6
CONTINUOUS
10
1.1948590157480314
20
0.907673779527559
11
1.1946809448818898
21
0.9066638582677166
0
LINE
8
BLACK
6
CONTINUOUS
10
1.1946809448818898
20
0.9066638582677166
11
1.1945674409448819
21
0.9065285826771653
0
LINE
8
BLACK
6
CONTINUOUS
10
1.1945674409448819
20
0.9065285826771653
11
1.194547283464567
21
0.9063532677165355
0
LINE
8
BLACK
6
CONTINUOUS
10
1.194547283464567
20
0.9063532677165355
11
1.1926725196850394
21
0.9026037401574803
0
LINE
8
BLACK
6
CONTINUOUS
10
1.1926725196850394
20
0.9026037401574803
11
1.1921465354330709
21
0.9018946062992126
0
LINE
8
BLACK
6
CONTINUOUS
10
1.1921465354330709
20
0.9018946062992126
11
1.19211937007874
21
0.9018362992125984
0
LINE
8
BLACK
6
CONTINUOUS
10
1.19211937007874
20
0.9018362992125984
11
1.1902445669291339
21
0.8999615354330709
0
LINE
8
BLACK
6
CONTINUOUS
10
1.1902445669291339
20
0.8999615354330709
11
1.1895214960629921
21
0.8994552362204724
0
LINE
8
BLACK
6
CONTINUOUS
10
1.1895214960629921
20
0.8994552362204724
11
1.1894772047244093
21
0.8994084645669291
0
LINE
8
BLACK
6
CONTINUOUS
10
1.1894772047244093
20
0.8994084645669291
11
1.1857276771653542
21
0.8975337007874016
0
LINE
8
BLACK
6
CONTINUOUS
10
1.1857276771653542
20
0.8975337007874016
11
1.1847447244094489
21
0.8972413385826772
0
LINE
8
BLACK
6
CONTINUOUS
10
1.1847447244094489
20
0.8972413385826772
11
1.184573031496063
21
0.8972823228346456
0
LINE
8
BLACK
6
CONTINUOUS
10
1.184573031496063
20
0.8972823228346456
11
1.1844071653543307
21
0.897221968503937
0
LINE
8
BLACK
6
CONTINUOUS
10
1.1844071653543307
20
0.897221968503937
11
1.178782874015748
21
0.897221968503937
0
LINE
8
BLACK
6
CONTINUOUS
10
1.178782874015748
20
0.897221968503937
11
1.1777729527559055
21
0.8974000393700787
0
LINE
8
BLACK
6
CONTINUOUS
10
1.1777729527559055
20
0.8974000393700787
11
1.1776376771653543
21
0.8975135039370079
0
LINE
8
BLACK
6
CONTINUOUS
10
1.1776376771653543
20
0.8975135039370079
11
1.1774623622047244
21
0.8975337007874016
0
LINE
8
BLACK
6
CONTINUOUS
10
1.1774623622047244
20
0.8975337007874016
11
1.1737128346456693
21
0.8994084645669291
0
LINE
8
BLACK
6
CONTINUOUS
10
1.1737128346456693
20
0.8994084645669291
11
1.1730037401574802
21
0.8999343307086614
0
LINE
8
BLACK
6
CONTINUOUS
10
1.1730037401574802
20
0.8999343307086614
11
1.1729454330708662
21
0.8999615748031495
0
LINE
8
BLACK
6
CONTINUOUS
10
1.1729454330708662
20
0.8999615748031495
11
1.1710706692913386
21
0.9018363385826772
0
LINE
8
BLACK
6
CONTINUOUS
10
1.1710706692913386
20
0.9018363385826772
11
1.1704824803149605
21
0.9026763779527559
0
LINE
8
BLACK
6
CONTINUOUS
10
1.1704824803149605
20
0.9026763779527559
11
1.1704808267716535
21
0.9026949606299213
0
LINE
8
BLACK
6
CONTINUOUS
10
1.1704808267716535
20
0.9026949606299213
11
1.1696222047244094
21
0.9018363385826772
0
LINE
8
BLACK
6
CONTINUOUS
10
1.1696222047244094
20
0.9018363385826772
11
1.168899094488189
21
0.9013300393700787
0
LINE
8
BLACK
6
CONTINUOUS
10
1.168899094488189
20
0.9013300393700787
11
1.1688548031496062
21
0.9012832283464567
0
LINE
8
BLACK
6
CONTINUOUS
10
1.1688548031496062
20
0.9012832283464567
11
1.1651052755905511
21
0.8994084645669291
0
LINE
8
BLACK
6
CONTINUOUS
10
1.1651052755905511
20
0.8994084645669291
11
1.1641223228346456
21
0.8991161023622047
0
LINE
8
BLACK
6
CONTINUOUS
10
1.1641223228346456
20
0.8991161023622047
11
1.1639506299212599
21
0.8991570866141733
0
LINE
8
BLACK
6
CONTINUOUS
10
1.1639506299212599
20
0.8991570866141733
11
1.1637847637795276
21
0.8990967322834645
0
LINE
8
BLACK
6
CONTINUOUS
10
1.1637847637795276
20
0.8990967322834645
11
1.1600352362204724
21
0.8990967322834645
0
LINE
8
BLACK
6
CONTINUOUS
10
1.1600352362204724
20
0.8990967322834645
11
1.15902531496063
21
0.8992748031496063
0
LINE
8
BLACK
6
CONTINUOUS
10
1.15902531496063
20
0.8992748031496063
11
1.1588900393700787
21
0.8993882677165355
0
LINE
8
BLACK
6
CONTINUOUS
10
1.1588900393700787
20
0.8993882677165355
11
1.1587147244094489
21
0.8994084645669291
0
LINE
8
BLACK
6
CONTINUOUS
10
1.1587147244094489
20
0.8994084645669291
11
1.1549651968503938
21
0.9012832283464567
0
LINE
8
BLACK
6
CONTINUOUS
10
1.1549651968503938
20
0.9012832283464567
11
1.1542561023622047
21
0.9018090944881889
0
LINE
8
BLACK
6
CONTINUOUS
10
1.1542561023622047
20
0.9018090944881889
11
1.1541977952755906
21
0.9018363385826772
0
LINE
8
BLACK
6
CONTINUOUS
10
1.1541977952755906
20
0.9018363385826772
11
1.1523230314960629
21
0.9037111023622048
0
LINE
8
BLACK
6
CONTINUOUS
10
1.1523230314960629
20
0.9037111023622048
11
1.1518167322834645
21
0.9044341732283464
0
LINE
8
BLACK
6
CONTINUOUS
10
1.1518167322834645
20
0.9044341732283464
11
1.1517699212598425
21
0.9044785039370079
0
LINE
8
BLACK
6
CONTINUOUS
10
1.1517699212598425
20
0.9044785039370079
11
1.1498951574803149
21
0.908228031496063
0
LINE
8
BLACK
6
CONTINUOUS
10
1.1498951574803149
20
0.908228031496063
11
1.1496027952755905
21
0.9092109842519684
0
LINE
8
BLACK
6
CONTINUOUS
10
1.1496027952755905
20
0.9092109842519684
11
1.1496437795275591
21
0.9093826377952756
0
LINE
8
BLACK
6
CONTINUOUS
10
1.1496437795275591
20
0.9093826377952756
11
1.1495834251968504
21
0.9095485433070866
0
LINE
8
BLACK
6
CONTINUOUS
10
1.1495834251968504
20
0.9095485433070866
11
1.1495834251968504
21
0.9226718897637795
0
LINE
8
BLACK
6
CONTINUOUS
10
1.1495834251968504
20
0.9226718897637795
11
1.1496510236220472
21
0.9230553937007874
0
LINE
8
BLACK
6
CONTINUOUS
10
1.1496510236220472
20
0.9230553937007874
11
1.1496282677165355
21
0.9231846456692914
0
LINE
8
BLACK
6
CONTINUOUS
10
1.1496282677165355
20
0.9231846456692914
11
1.1496938582677165
21
0.9232982283464567
0
LINE
8
BLACK
6
CONTINUOUS
10
1.1496938582677165
20
0.9232982283464567
11
1.149761496062992
21
0.923681811023622
0
LINE
8
BLACK
6
CONTINUOUS
10
1.149761496062992
20
0.923681811023622
11
1.1502546062992125
21
0.9242694881889764
0
LINE
8
BLACK
6
CONTINUOUS
10
1.1502546062992125
20
0.9242694881889764
11
1.1506381889763779
21
0.9249338188976378
0
LINE
8
BLACK
6
CONTINUOUS
10
1.1506381889763779
20
0.9249338188976378
11
1.1508885039370078
21
0.9250249212598425
0
LINE
8
BLACK
6
CONTINUOUS
10
1.1508885039370078
20
0.9250249212598425
11
1.1510598031496062
21
0.9252290551181103
0
LINE
8
BLACK
6
CONTINUOUS
10
1.1510598031496062
20
0.9252290551181103
11
1.1518153543307086
21
0.9253622834645669
0
LINE
8
BLACK
6
CONTINUOUS
10
1.1518153543307086
20
0.9253622834645669
11
1.1525361811023622
21
0.9256246456692914
0
LINE
8
BLACK
6
CONTINUOUS
10
1.1525361811023622
20
0.9256246456692914
11
1.1919062598425196
21
0.9256246456692914
0
LINE
8
BLACK
6
CONTINUOUS
10
1.1919062598425196
20
0.9256246456692914
11
1.1922897637795276
21
0.9255570078740157
0
LINE
8
BLACK
6
CONTINUOUS
10
1.1742365748031496
20
0.9100276771653543
11
1.1757393700787402
21
0.9055192519685039
0
LINE
8
BLACK
6
CONTINUOUS
10
1.1757393700787402
20
0.9055192519685039
11
1.1767824409448819
21
0.9044762204724409
0
LINE
8
BLACK
6
CONTINUOUS
10
1.1767824409448819
20
0.9044762204724409
11
1.1794799212598426
21
0.9031274803149606
0
LINE
8
BLACK
6
CONTINUOUS
10
1.1794799212598426
20
0.9031274803149606
11
1.1837101181102363
21
0.9031274803149606
0
LINE
8
BLACK
6
CONTINUOUS
10
1.1837101181102363
20
0.9031274803149606
11
1.1864075984251967
21
0.9044762204724409
0
LINE
8
BLACK
6
CONTINUOUS
10
1.1864075984251967
20
0.9044762204724409
11
1.1876047637795275
21
0.9056733464566928
0
LINE
8
BLACK
6
CONTINUOUS
10
1.1876047637795275
20
0.9056733464566928
11
1.1889535039370078
21
0.9083708267716535
0
LINE
8
BLACK
6
CONTINUOUS
10
1.1889535039370078
20
0.9083708267716535
11
1.1889535039370078
21
0.9197191338582676
0
LINE
8
BLACK
6
CONTINUOUS
10
1.1889535039370078
20
0.9197191338582676
11
1.1742365748031496
21
0.9197191338582676
0
LINE
8
BLACK
6
CONTINUOUS
10
1.1742365748031496
20
0.9197191338582676
11
1.1742365748031496
21
0.9100276771653543
0
LINE
8
BLACK
6
CONTINUOUS
10
1.155488937007874
20
0.910245590551181
11
1.1568376771653543
21
0.9075481102362205
0
LINE
8
BLACK
6
CONTINUOUS
10
1.1568376771653543
20
0.9075481102362205
11
1.1580348031496062
21
0.9063509842519685
0
LINE
8
BLACK
6
CONTINUOUS
10
1.1580348031496062
20
0.9063509842519685
11
1.1607322834645668
21
0.9050022440944882
0
LINE
8
BLACK
6
CONTINUOUS
10
1.1607322834645668
20
0.9050022440944882
11
1.163087716535433
21
0.9050022440944882
0
LINE
8
BLACK
6
CONTINUOUS
10
1.163087716535433
20
0.9050022440944882
11
1.1657851968503936
21
0.9063509842519685
0
LINE
8
BLACK
6
CONTINUOUS
10
1.1657851968503936
20
0.9063509842519685
11
1.1669823228346456
21
0.9075481102362205
0
LINE
8
BLACK
6
CONTINUOUS
10
1.1669823228346456
20
0.9075481102362205
11
1.168331062992126
21
0.910245590551181
0
LINE
8
BLACK
6
CONTINUOUS
10
1.168331062992126
20
0.910245590551181
11
1.168331062992126
21
0.9197191338582676
0
LINE
8
BLACK
6
CONTINUOUS
10
1.168331062992126
20
0.9197191338582676
11
1.155488937007874
21
0.9197191338582676
0
LINE
8
BLACK
6
CONTINUOUS
10
1.155488937007874
20
0.9197191338582676
11
1.155488937007874
21
0.910245590551181
0
LINE
8
BLACK
6
CONTINUOUS
10
1.1915359448818896
20
1.1402805511811023
11
1.1916705118110236
21
1.1402923228346455
0
LINE
8
BLACK
6
CONTINUOUS
10
1.1916705118110236
20
1.1402923228346455
11
1.1923986614173228
21
1.1397824409448818
0
LINE
8
BLACK
6
CONTINUOUS
10
1.1923986614173228
20
1.1397824409448818
11
1.1931681889763779
21
1.1393381496062991
0
LINE
8
BLACK
6
CONTINUOUS
10
1.1931681889763779
20
1.1393381496062991
11
1.1932143307086613
21
1.1392112598425197
0
LINE
8
BLACK
6
CONTINUOUS
10
1.1932143307086613
20
1.1392112598425197
11
1.1933250393700787
21
1.1391337795275591
0
LINE
8
BLACK
6
CONTINUOUS
10
1.1933250393700787
20
1.1391337795275591
11
1.1935550393700787
21
1.1382752362204724
0
LINE
8
BLACK
6
CONTINUOUS
10
1.1935550393700787
20
1.1382752362204724
11
1.1938590157480315
21
1.137440157480315
0
LINE
8
BLACK
6
CONTINUOUS
10
1.1938590157480315
20
1.137440157480315
11
1.1938590157480315
21
1.1130682283464566
0
LINE
8
BLACK
6
CONTINUOUS
10
1.1938590157480315
20
1.1130682283464566
11
1.1936809448818897
21
1.1120583070866141
0
LINE
8
BLACK
6
CONTINUOUS
10
1.1936809448818897
20
1.1120583070866141
11
1.1923826377952755
21
1.110511062992126
0
LINE
8
BLACK
6
CONTINUOUS
10
1.1923826377952755
20
1.110511062992126
11
1.1903935039370079
21
1.1101603149606298
0
LINE
8
BLACK
6
CONTINUOUS
10
1.1903935039370079
20
1.1101603149606298
11
1.1886443307086614
21
1.1111702362204725
0
LINE
8
BLACK
6
CONTINUOUS
10
1.1886443307086614
20
1.1111702362204725
11
1.1879535039370079
21
1.1130682283464566
0
LINE
8
BLACK
6
CONTINUOUS
10
1.1879535039370079
20
1.1130682283464566
11
1.1879535039370079
21
1.1303115748031496
0
LINE
8
BLACK
6
CONTINUOUS
10
1.1879535039370079
20
1.1303115748031496
11
1.170496968503937
21
1.1128550787401574
0
LINE
8
BLACK
6
CONTINUOUS
10
1.170496968503937
20
1.1128550787401574
11
1.1696569291338583
21
1.1122668897637795
0
LINE
8
BLACK
6
CONTINUOUS
10
1.1696569291338583
20
1.1122668897637795
11
1.169481062992126
21
1.1122514960629921
0
LINE
8
BLACK
6
CONTINUOUS
10
1.169481062992126
20
1.1122514960629921
11
1.1693427952755906
21
1.1121417716535433
0
LINE
8
BLACK
6
CONTINUOUS
10
1.1693427952755906
20
1.1121417716535433
11
1.1637185039370079
21
1.1102670078740158
0
LINE
8
BLACK
6
CONTINUOUS
10
1.1637185039370079
20
1.1102670078740158
11
1.1628453149606299
21
1.1101375196850394
0
LINE
8
BLACK
6
CONTINUOUS
10
1.1628453149606299
20
1.1101375196850394
11
1.1627847637795274
21
1.1101154724409448
0
LINE
8
BLACK
6
CONTINUOUS
10
1.1627847637795274
20
1.1101154724409448
11
1.1590352362204723
21
1.1101154724409448
0
LINE
8
BLACK
6
CONTINUOUS
10
1.1590352362204723
20
1.1101154724409448
11
1.1580253149606299
21
1.1102935433070866
0
LINE
8
BLACK
6
CONTINUOUS
10
1.1580253149606299
20
1.1102935433070866
11
1.1578900393700786
21
1.1104070078740158
0
LINE
8
BLACK
6
CONTINUOUS
10
1.1578900393700786
20
1.1104070078740158
11
1.1577147244094488
21
1.1104272047244095
0
LINE
8
BLACK
6
CONTINUOUS
10
1.1577147244094488
20
1.1104272047244095
11
1.1539651968503937
21
1.112301968503937
0
LINE
8
BLACK
6
CONTINUOUS
10
1.1539651968503937
20
1.112301968503937
11
1.1532561023622048
21
1.1128278346456693
0
LINE
8
BLACK
6
CONTINUOUS
10
1.1532561023622048
20
1.1128278346456693
11
1.1531977952755905
21
1.1128550787401574
0
LINE
8
BLACK
6
CONTINUOUS
10
1.1531977952755905
20
1.1128550787401574
11
1.151323031496063
21
1.114729842519685
0
LINE
8
BLACK
6
CONTINUOUS
10
1.151323031496063
20
1.114729842519685
11
1.1508167322834646
21
1.1154529133858266
0
LINE
8
BLACK
6
CONTINUOUS
10
1.1508167322834646
20
1.1154529133858266
11
1.1507699212598426
21
1.1154972440944881
0
LINE
8
BLACK
6
CONTINUOUS
10
1.1507699212598426
20
1.1154972440944881
11
1.148895157480315
21
1.1192467716535432
0
LINE
8
BLACK
6
CONTINUOUS
10
1.148895157480315
20
1.1192467716535432
11
1.1486027952755906
21
1.1202297244094488
0
LINE
8
BLACK
6
CONTINUOUS
10
1.1486027952755906
20
1.1202297244094488
11
1.148643779527559
21
1.120401377952756
0
LINE
8
BLACK
6
CONTINUOUS
10
1.148643779527559
20
1.120401377952756
11
1.1485834251968503
21
1.1205672834645668
0
LINE
8
BLACK
6
CONTINUOUS
10
1.1485834251968503
20
1.1205672834645668
11
1.1485834251968503
21
1.1299411023622048
0
LINE
8
BLACK
6
CONTINUOUS
10
1.1485834251968503
20
1.1299411023622048
11
1.1487614960629922
21
1.1309510236220472
0
LINE
8
BLACK
6
CONTINUOUS
10
1.1487614960629922
20
1.1309510236220472
11
1.1488749606299213
21
1.1310862598425198
0
LINE
8
BLACK
6
CONTINUOUS
10
1.1488749606299213
20
1.1310862598425198
11
1.148895157480315
21
1.1312616141732283
0
LINE
8
BLACK
6
CONTINUOUS
10
1.148895157480315
20
1.1312616141732283
11
1.1507699212598426
21
1.1350111417322835
0
LINE
8
BLACK
6
CONTINUOUS
10
1.1507699212598426
20
1.1350111417322835
11
1.1512958267716535
21
1.1357201968503936
0
LINE
8
BLACK
6
CONTINUOUS
10
1.1512958267716535
20
1.1357201968503936
11
1.151323031496063
21
1.1357785433070866
0
LINE
8
BLACK
6
CONTINUOUS
10
1.151323031496063
20
1.1357785433070866
11
1.1531977952755905
21
1.1376533070866142
0
LINE
8
BLACK
6
CONTINUOUS
10
1.1531977952755905
20
1.1376533070866142
11
1.1540378346456692
21
1.1382414960629921
0
LINE
8
BLACK
6
CONTINUOUS
10
1.1540378346456692
20
1.1382414960629921
11
1.1560499212598425
21
1.1384175196850392
0
LINE
8
BLACK
6
CONTINUOUS
10
1.1560499212598425
20
1.1384175196850392
11
1.1577044881889764
21
1.1372590157480316
0
LINE
8
BLACK
6
CONTINUOUS
10
1.1577044881889764
20
1.1372590157480316
11
1.1582272047244093
21
1.1353080314960631
0
LINE
8
BLACK
6
CONTINUOUS
10
1.1582272047244093
20
1.1353080314960631
11
1.1573736220472441
21
1.1334774803149605
0
LINE
8
BLACK
6
CONTINUOUS
10
1.1573736220472441
20
1.1334774803149605
11
1.1558376771653542
21
1.1319415354330709
0
LINE
8
BLACK
6
CONTINUOUS
10
1.1558376771653542
20
1.1319415354330709
11
1.1544889370078739
21
1.1292440551181102
0
LINE
8
BLACK
6
CONTINUOUS
10
1.1544889370078739
20
1.1292440551181102
11
1.1544889370078739
21
1.1212643307086614
0
LINE
8
BLACK
6
CONTINUOUS
10
1.1544889370078739
20
1.1212643307086614
11
1.1558376771653542
21
1.1185668503937007
0
LINE
8
BLACK
6
CONTINUOUS
10
1.1558376771653542
20
1.1185668503937007
11
1.1570348031496063
21
1.1173697244094487
0
LINE
8
BLACK
6
CONTINUOUS
10
1.1570348031496063
20
1.1173697244094487
11
1.1597322834645669
21
1.1160209842519684
0
LINE
8
BLACK
6
CONTINUOUS
10
1.1597322834645669
20
1.1160209842519684
11
1.1623056299212597
21
1.1160209842519684
0
LINE
8
BLACK
6
CONTINUOUS
10
1.1623056299212597
20
1.1160209842519684
11
1.1668140157480316
21
1.117523779527559
0
LINE
8
BLACK
6
CONTINUOUS
10
1.1668140157480316
20
1.117523779527559
11
1.1888183464566928
21
1.1395280708661417
0
LINE
8
BLACK
6
CONTINUOUS
10
1.1888183464566928
20
1.1395280708661417
11
1.1893463779527558
21
1.1398978346456692
0
LINE
8
BLACK
6
CONTINUOUS
10
1.1893463779527558
20
1.1398978346456692
11
1.1894298818897637
21
1.1399973228346456
0
LINE
8
BLACK
6
CONTINUOUS
10
1.1894298818897637
20
1.1399973228346456
11
1.1895081889763779
21
1.1400111023622046
0
LINE
8
BLACK
6
CONTINUOUS
10
1.1895081889763779
20
1.1400111023622046
11
1.1896583858267715
21
1.1401162992125984
0
LINE
8
BLACK
6
CONTINUOUS
10
1.1896583858267715
20
1.1401162992125984
11
1.1905439370078741
21
1.1401937401574802
0
LINE
8
BLACK
6
CONTINUOUS
10
1.1905439370078741
20
1.1401937401574802
11
1.1914190157480316
21
1.1403480708661418
0
LINE
8
BLACK
6
CONTINUOUS
10
1.1914190157480316
20
1.1403480708661418
11
1.1915359448818896
21
1.1402805511811023
0
LINE
8
BLACK
6
CONTINUOUS
10
1.1537981102362205
20
1.1712091732283465
11
1.1544889370078739
21
1.1693111811023622
0
LINE
8
BLACK
6
CONTINUOUS
10
1.1544889370078739
20
1.1693111811023622
11
1.1544889370078739
21
1.1610153543307087
0
LINE
8
BLACK
6
CONTINUOUS
10
1.1544889370078739
20
1.1610153543307087
11
1.1909062598425197
21
1.1610153543307087
0
LINE
8
BLACK
6
CONTINUOUS
10
1.1909062598425197
20
1.1610153543307087
11
1.1919161811023622
21
1.1608372834645668
0
LINE
8
BLACK
6
CONTINUOUS
10
1.1919161811023622
20
1.1608372834645668
11
1.1934634251968503
21
1.1595389763779527
0
LINE
8
BLACK
6
CONTINUOUS
10
1.1934634251968503
20
1.1595389763779527
11
1.1938141732283465
21
1.1575498425196851
0
LINE
8
BLACK
6
CONTINUOUS
10
1.1938141732283465
20
1.1575498425196851
11
1.1928042519685038
21
1.1558006692913385
0
LINE
8
BLACK
6
CONTINUOUS
10
1.1928042519685038
20
1.1558006692913385
11
1.1909062598425197
21
1.1551098425196851
0
LINE
8
BLACK
6
CONTINUOUS
10
1.1909062598425197
20
1.1551098425196851
11
1.1544889370078739
21
1.1551098425196851
0
LINE
8
BLACK
6
CONTINUOUS
10
1.1544889370078739
20
1.1551098425196851
11
1.1544889370078739
21
1.1468140157480315
0
LINE
8
BLACK
6
CONTINUOUS
10
1.1544889370078739
20
1.1468140157480315
11
1.1543108661417323
21
1.1458040944881889
0
LINE
8
BLACK
6
CONTINUOUS
10
1.1543108661417323
20
1.1458040944881889
11
1.1530125590551181
21
1.1442568503937007
0
LINE
8
BLACK
6
CONTINUOUS
10
1.1530125590551181
20
1.1442568503937007
11
1.1510234251968503
21
1.1439061023622048
0
LINE
8
BLACK
6
CONTINUOUS
10
1.1510234251968503
20
1.1439061023622048
11
1.149274251968504
21
1.1449160236220473
0
LINE
8
BLACK
6
CONTINUOUS
10
1.149274251968504
20
1.1449160236220473
11
1.1485834251968503
21
1.1468140157480315
0
LINE
8
BLACK
6
CONTINUOUS
10
1.1485834251968503
20
1.1468140157480315
11
1.1485834251968503
21
1.1693111811023622
0
LINE
8
BLACK
6
CONTINUOUS
10
1.1485834251968503
20
1.1693111811023622
11
1.1487614960629922
21
1.1703211023622047
0
LINE
8
BLACK
6
CONTINUOUS
10
1.1487614960629922
20
1.1703211023622047
11
1.1500598031496063
21
1.1718683464566928
0
LINE
8
BLACK
6
CONTINUOUS
10
1.1500598031496063
20
1.1718683464566928
11
1.1520489370078739
21
1.172219094488189
0
LINE
8
BLACK
6
CONTINUOUS
10
1.1520489370078739
20
1.172219094488189
11
1.1537981102362205
21
1.1712091732283465
0
LINE
8
BLACK
6
CONTINUOUS
10
1.1912897637795274
20
1.2059420866141732
11
1.1914190157480316
21
1.2059648818897637
0
LINE
8
BLACK
6
CONTINUOUS
10
1.1914190157480316
20
1.2059648818897637
11
1.1915325984251968
21
1.2058992519685039
0
LINE
8
BLACK
6
CONTINUOUS
10
1.1915325984251968
20
1.2058992519685039
11
1.1919161811023622
21
1.2058316535433071
0
LINE
8
BLACK
6
CONTINUOUS
10
1.1919161811023622
20
1.2058316535433071
11
1.1925038582677165
21
1.2053385039370079
0
LINE
8
BLACK
6
CONTINUOUS
10
1.1925038582677165
20
1.2053385039370079
11
1.1931681889763779
21
1.2049549606299212
0
LINE
8
BLACK
6
CONTINUOUS
10
1.1931681889763779
20
1.2049549606299212
11
1.1932592913385827
21
1.2047046062992126
0
LINE
8
BLACK
6
CONTINUOUS
10
1.1932592913385827
20
1.2047046062992126
11
1.1934634251968503
21
1.204533346456693
0
LINE
8
BLACK
6
CONTINUOUS
10
1.1934634251968503
20
1.204533346456693
11
1.1935966535433071
21
1.2037777559055118
0
LINE
8
BLACK
6
CONTINUOUS
10
1.1935966535433071
20
1.2037777559055118
11
1.1938590157480315
21
1.203056968503937
0
LINE
8
BLACK
6
CONTINUOUS
10
1.1938590157480315
20
1.203056968503937
11
1.1938590157480315
21
1.1880588582677165
0
LINE
8
BLACK
6
CONTINUOUS
10
1.1938590157480315
20
1.1880588582677165
11
1.1936809448818897
21
1.1870489370078741
0
LINE
8
BLACK
6
CONTINUOUS
10
1.1936809448818897
20
1.1870489370078741
11
1.1935674409448818
21
1.1869136614173228
0
LINE
8
BLACK
6
CONTINUOUS
10
1.1935674409448818
20
1.1869136614173228
11
1.1935472834645668
21
1.186738346456693
0
LINE
8
BLACK
6
CONTINUOUS
10
1.1935472834645668
20
1.186738346456693
11
1.1916725196850393
21
1.1829888188976379
0
LINE
8
BLACK
6
CONTINUOUS
10
1.1916725196850393
20
1.1829888188976379
11
1.1911465354330708
21
1.18227968503937
0
LINE
8
BLACK
6
CONTINUOUS
10
1.1911465354330708
20
1.18227968503937
11
1.1911193700787401
21
1.1822213779527559
0
LINE
8
BLACK
6
CONTINUOUS
10
1.1911193700787401
20
1.1822213779527559
11
1.1892445669291338
21
1.1803466141732284
0
LINE
8
BLACK
6
CONTINUOUS
10
1.1892445669291338
20
1.1803466141732284
11
1.1885214960629922
21
1.1798403149606298
0
LINE
8
BLACK
6
CONTINUOUS
10
1.1885214960629922
20
1.1798403149606298
11
1.1884772047244094
21
1.1797935433070865
0
LINE
8
BLACK
6
CONTINUOUS
10
1.1884772047244094
20
1.1797935433070865
11
1.1847276771653543
21
1.177918779527559
0
LINE
8
BLACK
6
CONTINUOUS
10
1.1847276771653543
20
1.177918779527559
11
1.1837447244094488
21
1.1776264173228346
0
LINE
8
BLACK
6
CONTINUOUS
10
1.1837447244094488
20
1.1776264173228346
11
1.1835730314960629
21
1.1776674015748032
0
LINE
8
BLACK
6
CONTINUOUS
10
1.1835730314960629
20
1.1776674015748032
11
1.1834071653543308
21
1.1776070472440945
0
LINE
8
BLACK
6
CONTINUOUS
10
1.1834071653543308
20
1.1776070472440945
11
1.1777828740157481
21
1.1776070472440945
0
LINE
8
BLACK
6
CONTINUOUS
10
1.1777828740157481
20
1.1776070472440945
11
1.1767729527559054
21
1.1777851181102361
0
LINE
8
BLACK
6
CONTINUOUS
10
1.1767729527559054
20
1.1777851181102361
11
1.1766376771653544
21
1.1778985826771653
0
LINE
8
BLACK
6
CONTINUOUS
10
1.1766376771653544
20
1.1778985826771653
11
1.1764623622047243
21
1.177918779527559
0
LINE
8
BLACK
6
CONTINUOUS
10
1.1764623622047243
20
1.177918779527559
11
1.1727128346456692
21
1.1797935433070865
0
LINE
8
BLACK
6
CONTINUOUS
10
1.1727128346456692
20
1.1797935433070865
11
1.1720037401574803
21
1.180319409448819
0
LINE
8
BLACK
6
CONTINUOUS
10
1.1720037401574803
20
1.180319409448819
11
1.1719454330708661
21
1.1803466535433071
0
LINE
8
BLACK
6
CONTINUOUS
10
1.1719454330708661
20
1.1803466535433071
11
1.1700706692913385
21
1.1822214173228347
0
LINE
8
BLACK
6
CONTINUOUS
10
1.1700706692913385
20
1.1822214173228347
11
1.1694824803149606
21
1.1830614566929134
0
LINE
8
BLACK
6
CONTINUOUS
10
1.1694824803149606
20
1.1830614566929134
11
1.1694808267716534
21
1.1830800393700787
0
LINE
8
BLACK
6
CONTINUOUS
10
1.1694808267716534
20
1.1830800393700787
11
1.1686222047244095
21
1.1822214173228347
0
LINE
8
BLACK
6
CONTINUOUS
10
1.1686222047244095
20
1.1822214173228347
11
1.1678990944881888
21
1.1817151181102361
0
LINE
8
BLACK
6
CONTINUOUS
10
1.1678990944881888
20
1.1817151181102361
11
1.1678548031496063
21
1.1816683070866141
0
LINE
8
BLACK
6
CONTINUOUS
10
1.1678548031496063
20
1.1816683070866141
11
1.1641052755905512
21
1.1797935433070865
0
LINE
8
BLACK
6
CONTINUOUS
10
1.1641052755905512
20
1.1797935433070865
11
1.1631223228346457
21
1.1795011811023621
0
LINE
8
BLACK
6
CONTINUOUS
10
1.1631223228346457
20
1.1795011811023621
11
1.1629506299212597
21
1.1795421653543308
0
LINE
8
BLACK
6
CONTINUOUS
10
1.1629506299212597
20
1.1795421653543308
11
1.1627847637795274
21
1.179481811023622
0
LINE
8
BLACK
6
CONTINUOUS
10
1.1627847637795274
20
1.179481811023622
11
1.1590352362204723
21
1.179481811023622
0
LINE
8
BLACK
6
CONTINUOUS
10
1.1590352362204723
20
1.179481811023622
11
1.1580253149606299
21
1.1796598818897637
0
LINE
8
BLACK
6
CONTINUOUS
10
1.1580253149606299
20
1.1796598818897637
11
1.1578900393700786
21
1.1797733464566929
0
LINE
8
BLACK
6
CONTINUOUS
10
1.1578900393700786
20
1.1797733464566929
11
1.1577147244094488
21
1.1797935433070865
0
LINE
8
BLACK
6
CONTINUOUS
10
1.1577147244094488
20
1.1797935433070865
11
1.1539651968503937
21
1.1816683070866141
0
LINE
8
BLACK
6
CONTINUOUS
10
1.1539651968503937
20
1.1816683070866141
11
1.1532561023622048
21
1.1821941732283465
0
LINE
8
BLACK
6
CONTINUOUS
10
1.1532561023622048
20
1.1821941732283465
11
1.1531977952755905
21
1.1822214173228347
0
LINE
8
BLACK
6
CONTINUOUS
10
1.1531977952755905
20
1.1822214173228347
11
1.151323031496063
21
1.1840961811023623
0
LINE
8
BLACK
6
CONTINUOUS
10
1.151323031496063
20
1.1840961811023623
11
1.1508167322834646
21
1.1848192519685039
0
LINE
8
BLACK
6
CONTINUOUS
10
1.1508167322834646
20
1.1848192519685039
11
1.1507699212598426
21
1.1848635826771654
0
LINE
8
BLACK
6
CONTINUOUS
10
1.1507699212598426
20
1.1848635826771654
11
1.148895157480315
21
1.1886131102362205
0
LINE
8
BLACK
6
CONTINUOUS
10
1.148895157480315
20
1.1886131102362205
11
1.1486027952755906
21
1.1895960629921261
0
LINE
8
BLACK
6
CONTINUOUS
10
1.1486027952755906
20
1.1895960629921261
11
1.148643779527559
21
1.189767716535433
0
LINE
8
BLACK
6
CONTINUOUS
10
1.148643779527559
20
1.189767716535433
11
1.1485834251968503
21
1.1899336220472441
0
LINE
8
BLACK
6
CONTINUOUS
10
1.1485834251968503
20
1.1899336220472441
11
1.1485834251968503
21
1.203056968503937
0
LINE
8
BLACK
6
CONTINUOUS
10
1.1485834251968503
20
1.203056968503937
11
1.1486510236220473
21
1.2034404724409449
0
LINE
8
BLACK
6
CONTINUOUS
10
1.1486510236220473
20
1.2034404724409449
11
1.1486282677165354
21
1.2035697244094488
0
LINE
8
BLACK
6
CONTINUOUS
10
1.1486282677165354
20
1.2035697244094488
11
1.1486938582677164
21
1.2036833070866142
0
LINE
8
BLACK
6
CONTINUOUS
10
1.1486938582677164
20
1.2036833070866142
11
1.1487614960629922
21
1.2040668897637794
0
LINE
8
BLACK
6
CONTINUOUS
10
1.1487614960629922
20
1.2040668897637794
11
1.1492546062992126
21
1.2046545669291338
0
LINE
8
BLACK
6
CONTINUOUS
10
1.1492546062992126
20
1.2046545669291338
11
1.1496381889763778
21
1.2053188976377953
0
LINE
8
BLACK
6
CONTINUOUS
10
1.1496381889763778
20
1.2053188976377953
11
1.1498885039370079
21
1.2054099999999999
0
LINE
8
BLACK
6
CONTINUOUS
10
1.1498885039370079
20
1.2054099999999999
11
1.1500598031496063
21
1.2056141338582678
0
LINE
8
BLACK
6
CONTINUOUS
10
1.1500598031496063
20
1.2056141338582678
11
1.1508153543307087
21
1.2057473622047243
0
LINE
8
BLACK
6
CONTINUOUS
10
1.1508153543307087
20
1.2057473622047243
11
1.1515361811023621
21
1.2060097244094488
0
LINE
8
BLACK
6
CONTINUOUS
10
1.1515361811023621
20
1.2060097244094488
11
1.1909062598425197
21
1.2060097244094488
0
LINE
8
BLACK
6
CONTINUOUS
10
1.1909062598425197
20
1.2060097244094488
11
1.1912897637795274
21
1.2059420866141732
0
LINE
8
BLACK
6
CONTINUOUS
10
1.1732365748031497
20
1.1904127559055118
11
1.1747393700787401
21
1.1859043307086614
0
LINE
8
BLACK
6
CONTINUOUS
10
1.1747393700787401
20
1.1859043307086614
11
1.1757824409448818
21
1.1848612992125984
0
LINE
8
BLACK
6
CONTINUOUS
10
1.1757824409448818
20
1.1848612992125984
11
1.1784799212598425
21
1.1835125590551181
0
LINE
8
BLACK
6
CONTINUOUS
10
1.1784799212598425
20
1.1835125590551181
11
1.1827101181102362
21
1.1835125590551181
0
LINE
8
BLACK
6
CONTINUOUS
10
1.1827101181102362
20
1.1835125590551181
11
1.1854075984251968
21
1.1848612992125984
0
LINE
8
BLACK
6
CONTINUOUS
10
1.1854075984251968
20
1.1848612992125984
11
1.1866047637795276
21
1.1860584251968505
0
LINE
8
BLACK
6
CONTINUOUS
10
1.1866047637795276
20
1.1860584251968505
11
1.1879535039370079
21
1.1887559055118111
0
LINE
8
BLACK
6
CONTINUOUS
10
1.1879535039370079
20
1.1887559055118111
11
1.1879535039370079
21
1.2001042125984251
0
LINE
8
BLACK
6
CONTINUOUS
10
1.1879535039370079
20
1.2001042125984251
11
1.1732365748031497
21
1.2001042125984251
0
LINE
8
BLACK
6
CONTINUOUS
10
1.1732365748031497
20
1.2001042125984251
11
1.1732365748031497
21
1.1904127559055118
0
LINE
8
BLACK
6
CONTINUOUS
10
1.1544889370078739
20
1.1906306692913387
11
1.1558376771653542
21
1.187933188976378
0
LINE
8
BLACK
6
CONTINUOUS
10
1.1558376771653542
20
1.187933188976378
11
1.1570348031496063
21
1.186736062992126
0
LINE
8
BLACK
6
CONTINUOUS
10
1.1570348031496063
20
1.186736062992126
11
1.1597322834645669
21
1.1853873228346457
0
LINE
8
BLACK
6
CONTINUOUS
10
1.1597322834645669
20
1.1853873228346457
11
1.1620877165354331
21
1.1853873228346457
0
LINE
8
BLACK
6
CONTINUOUS
10
1.1620877165354331
20
1.1853873228346457
11
1.1647851968503937
21
1.186736062992126
0
LINE
8
BLACK
6
CONTINUOUS
10
1.1647851968503937
20
1.186736062992126
11
1.1659823228346455
21
1.187933188976378
0
LINE
8
BLACK
6
CONTINUOUS
10
1.1659823228346455
20
1.187933188976378
11
1.1673310629921259
21
1.1906306692913387
0
LINE
8
BLACK
6
CONTINUOUS
10
1.1673310629921259
20
1.1906306692913387
11
1.1673310629921259
21
1.2001042125984251
0
LINE
8
BLACK
6
CONTINUOUS
10
1.1673310629921259
20
1.2001042125984251
11
1.1544889370078739
21
1.2001042125984251
0
LINE
8
BLACK
6
CONTINUOUS
10
1.1544889370078739
20
1.2001042125984251
11
1.1544889370078739
21
1.1906306692913387
0
LINE
8
BLACK
6
CONTINUOUS
10
1.4328740157480315
20
1.5066929133858267
11
1.4342659448818897
21
1.5061163385826772
0
LINE
8
BLACK
6
CONTINUOUS
10
1.4342659448818897
20
1.5061163385826772
11
1.4348425196850394
21
1.5047244094488188
0
LINE
8
BLACK
6
CONTINUOUS
10
1.4348425196850394
20
1.5047244094488188
11
1.4348425196850394
21
0.0952755905511811
0
LINE
8
BLACK
6
CONTINUOUS
10
1.4348425196850394
20
0.0952755905511811
11
1.4342659448818897
21
0.0938836614173228
0
LINE
8
BLACK
6
CONTINUOUS
10
1.4342659448818897
20
0.0938836614173228
11
1.4328740157480315
21
0.0933070866141732
0
LINE
8
BLACK
6
CONTINUOUS
10
1.4328740157480315
20
0.0933070866141732
11
0.9171259842519685
21
0.0933070866141732
0
LINE
8
BLACK
6
CONTINUOUS
10
0.9171259842519685
20
0.0933070866141732
11
0.9157340551181102
21
0.0938836614173228
0
LINE
8
BLACK
6
CONTINUOUS
10
0.9157340551181102
20
0.0938836614173228
11
0.9151574803149606
21
0.0952755905511811
0
LINE
8
BLACK
6
CONTINUOUS
10
0.9151574803149606
20
0.0952755905511811
11
0.9151574803149606
21
1.5047244094488188
0
LINE
8
BLACK
6
CONTINUOUS
10
0.9151574803149606
20
1.5047244094488188
11
0.9157340551181102
21
1.5061163385826772
0
LINE
8
BLACK
6
CONTINUOUS
10
0.9157340551181102
20
1.5061163385826772
11
0.9171259842519685
21
1.5066929133858267
0
LINE
8
BLACK
6
CONTINUOUS
10
0.9171259842519685
20
1.5066929133858267
11
1.4328740157480315
21
1.5066929133858267
0
LINE
8
BLACK
6
CONTINUOUS
10
0.9190944881889763
20
1.5027559055118109
11
0.9190944881889763
21
0.097244094488189
0
LINE
8
BLACK
6
CONTINUOUS
10
0.9190944881889763
20
0.097244094488189
11
1.4309055118110237
21
0.097244094488189
0
LINE
8
BLACK
6
CONTINUOUS
10
1.4309055118110237
20
0.097244094488189
11
1.4309055118110237
21
1.5027559055118109
0
LINE
8
BLACK
6
CONTINUOUS
10
1.4309055118110237
20
1.5027559055118109
11
0.9190944881889763
21
1.5027559055118109
0
LINE
8
BLACK
6
CONTINUOUS
10
1.7185438582677166
20
0.419936968503937
11
1.7196566929133859
21
0.4182514173228347
0
LINE
8
BLACK
6
CONTINUOUS
10
1.7196566929133859
20
0.4182514173228347
11
1.7194257874015748
21
0.4162448818897638
0
LINE
8
BLACK
6
CONTINUOUS
10
1.7194257874015748
20
0.4162448818897638
11
1.7175510236220473
21
0.4124953543307087
0
LINE
8
BLACK
6
CONTINUOUS
10
1.7175510236220473
20
0.4124953543307087
11
1.7170250787401575
21
0.4117862598425197
0
LINE
8
BLACK
6
CONTINUOUS
10
1.7170250787401575
20
0.4117862598425197
11
1.7169979133858266
21
0.4117279527559055
0
LINE
8
BLACK
6
CONTINUOUS
10
1.7169979133858266
20
0.4117279527559055
11
1.7145395275590551
21
0.4092695669291339
0
LINE
8
BLACK
6
CONTINUOUS
10
1.7145395275590551
20
0.4092695669291339
11
1.7419535039370078
21
0.4092695669291339
0
LINE
8
BLACK
6
CONTINUOUS
10
1.7419535039370078
20
0.4092695669291339
11
1.7419535039370078
21
0.4175653937007874
0
LINE
8
BLACK
6
CONTINUOUS
10
1.7419535039370078
20
0.4175653937007874
11
1.7421315748031496
21
0.4185753149606299
0
LINE
8
BLACK
6
CONTINUOUS
10
1.7421315748031496
20
0.4185753149606299
11
1.7434298818897638
21
0.4201225590551181
0
LINE
8
BLACK
6
CONTINUOUS
10
1.7434298818897638
20
0.4201225590551181
11
1.7454190157480314
21
0.4204733070866142
0
LINE
8
BLACK
6
CONTINUOUS
10
1.7454190157480314
20
0.4204733070866142
11
1.7471681889763779
21
0.4194633858267716
0
LINE
8
BLACK
6
CONTINUOUS
10
1.7471681889763779
20
0.4194633858267716
11
1.7478590157480314
21
0.4175653937007874
0
LINE
8
BLACK
6
CONTINUOUS
10
1.7478590157480314
20
0.4175653937007874
11
1.7478590157480314
21
0.3950682283464567
0
LINE
8
BLACK
6
CONTINUOUS
10
1.7478590157480314
20
0.3950682283464567
11
1.7476809448818897
21
0.3940583070866142
0
LINE
8
BLACK
6
CONTINUOUS
10
1.7476809448818897
20
0.3940583070866142
11
1.7463826377952756
21
0.392511062992126
0
LINE
8
BLACK
6
CONTINUOUS
10
1.7463826377952756
20
0.392511062992126
11
1.7443935039370078
21
0.3921603149606299
0
LINE
8
BLACK
6
CONTINUOUS
10
1.7443935039370078
20
0.3921603149606299
11
1.7426443307086614
21
0.3931702362204724
0
LINE
8
BLACK
6
CONTINUOUS
10
1.7426443307086614
20
0.3931702362204724
11
1.7419535039370078
21
0.3950682283464567
0
LINE
8
BLACK
6
CONTINUOUS
10
1.7419535039370078
20
0.3950682283464567
11
1.7419535039370078
21
0.4033640551181102
0
LINE
8
BLACK
6
CONTINUOUS
10
1.7419535039370078
20
0.4033640551181102
11
1.7055361811023622
21
0.4033640551181102
0
LINE
8
BLACK
6
CONTINUOUS
10
1.7055361811023622
20
0.4033640551181102
11
1.7045262598425197
21
0.403542125984252
0
LINE
8
BLACK
6
CONTINUOUS
10
1.7045262598425197
20
0.403542125984252
11
1.7043961811023622
21
0.403651220472441
0
LINE
8
BLACK
6
CONTINUOUS
10
1.7043961811023622
20
0.403651220472441
11
1.7042274409448819
21
0.4036699212598425
0
LINE
8
BLACK
6
CONTINUOUS
10
1.7042274409448819
20
0.4036699212598425
11
1.7036355118110236
21
0.4042895275590551
0
LINE
8
BLACK
6
CONTINUOUS
10
1.7036355118110236
20
0.4042895275590551
11
1.7029790157480316
21
0.4048404330708661
0
LINE
8
BLACK
6
CONTINUOUS
10
1.7029790157480316
20
0.4048404330708661
11
1.7029495275590552
21
0.4050076377952756
0
LINE
8
BLACK
6
CONTINUOUS
10
1.7029495275590552
20
0.4050076377952756
11
1.7028322440944881
21
0.4051304330708662
0
LINE
8
BLACK
6
CONTINUOUS
10
1.7028322440944881
20
0.4051304330708662
11
1.7027770866141732
21
0.4059855511811024
0
LINE
8
BLACK
6
CONTINUOUS
10
1.7027770866141732
20
0.4059855511811024
11
1.7026282677165354
21
0.4068295669291339
0
LINE
8
BLACK
6
CONTINUOUS
10
1.7026282677165354
20
0.4068295669291339
11
1.7027131496062993
21
0.4069766141732283
0
LINE
8
BLACK
6
CONTINUOUS
10
1.7027131496062993
20
0.4069766141732283
11
1.7027022440944881
21
0.4071460236220472
0
LINE
8
BLACK
6
CONTINUOUS
10
1.7027022440944881
20
0.4071460236220472
11
1.7032096850393701
21
0.4078366141732284
0
LINE
8
BLACK
6
CONTINUOUS
10
1.7032096850393701
20
0.4078366141732284
11
1.7036381889763779
21
0.4085787401574803
0
LINE
8
BLACK
6
CONTINUOUS
10
1.7036381889763779
20
0.4085787401574803
11
1.7037976771653542
21
0.4086367716535433
0
LINE
8
BLACK
6
CONTINUOUS
10
1.7037976771653542
20
0.4086367716535433
11
1.7038982677165353
21
0.4087736614173228
0
LINE
8
BLACK
6
CONTINUOUS
10
1.7038982677165353
20
0.4087736614173228
11
1.7092792913385826
21
0.4123609842519685
0
LINE
8
BLACK
6
CONTINUOUS
10
1.7092792913385826
20
0.4123609842519685
11
1.7124832677165354
21
0.4155649606299213
0
LINE
8
BLACK
6
CONTINUOUS
10
1.7124832677165354
20
0.4155649606299213
11
1.7141437401574802
21
0.418885905511811
0
LINE
8
BLACK
6
CONTINUOUS
10
1.7141437401574802
20
0.418885905511811
11
1.7147546456692913
21
0.4197095669291339
0
LINE
8
BLACK
6
CONTINUOUS
10
1.7147546456692913
20
0.4197095669291339
11
1.7166078346456692
21
0.4205128346456693
0
LINE
8
BLACK
6
CONTINUOUS
10
1.7166078346456692
20
0.4205128346456693
11
1.7185438582677166
21
0.419936968503937
0
LINE
8
BLACK
6
CONTINUOUS
10
1.7077981102362205
20
0.4532091732283465
11
1.708488937007874
21
0.4513111811023622
0
LINE
8
BLACK
6
CONTINUOUS
10
1.708488937007874
20
0.4513111811023622
11
1.708488937007874
21
0.4430153543307087
0
LINE
8
BLACK
6
CONTINUOUS
10
1.708488937007874
20
0.4430153543307087
11
1.7449062598425196
21
0.4430153543307087
0
LINE
8
BLACK
6
CONTINUOUS
10
1.7449062598425196
20
0.4430153543307087
11
1.7459161811023622
21
0.4428372834645669
0
LINE
8
BLACK
6
CONTINUOUS
10
1.7459161811023622
20
0.4428372834645669
11
1.7474634251968504
21
0.4415389763779528
0
LINE
8
BLACK
6
CONTINUOUS
10
1.7474634251968504
20
0.4415389763779528
11
1.7478141732283463
21
0.439549842519685
0
LINE
8
BLACK
6
CONTINUOUS
10
1.7478141732283463
20
0.439549842519685
11
1.7468042519685039
21
0.4378006692913386
0
LINE
8
BLACK
6
CONTINUOUS
10
1.7468042519685039
20
0.4378006692913386
11
1.7449062598425196
21
0.437109842519685
0
LINE
8
BLACK
6
CONTINUOUS
10
1.7449062598425196
20
0.437109842519685
11
1.708488937007874
21
0.437109842519685
0
LINE
8
BLACK
6
CONTINUOUS
10
1.708488937007874
20
0.437109842519685
11
1.708488937007874
21
0.4288140157480315
0
LINE
8
BLACK
6
CONTINUOUS
10
1.708488937007874
20
0.4288140157480315
11
1.7083108661417323
21
0.427804094488189
0
LINE
8
BLACK
6
CONTINUOUS
10
1.7083108661417323
20
0.427804094488189
11
1.7070125590551182
21
0.4262568503937008
0
LINE
8
BLACK
6
CONTINUOUS
10
1.7070125590551182
20
0.4262568503937008
11
1.7050234251968504
21
0.4259061023622047
0
LINE
8
BLACK
6
CONTINUOUS
10
1.7050234251968504
20
0.4259061023622047
11
1.7032742519685038
21
0.4269160236220472
0
LINE
8
BLACK
6
CONTINUOUS
10
1.7032742519685038
20
0.4269160236220472
11
1.7025834251968504
21
0.4288140157480315
0
LINE
8
BLACK
6
CONTINUOUS
10
1.7025834251968504
20
0.4288140157480315
11
1.7025834251968504
21
0.4513111811023622
0
LINE
8
BLACK
6
CONTINUOUS
10
1.7025834251968504
20
0.4513111811023622
11
1.702761496062992
21
0.4523211023622047
0
LINE
8
BLACK
6
CONTINUOUS
10
1.702761496062992
20
0.4523211023622047
11
1.7040598031496064
21
0.4538683464566929
0
LINE
8
BLACK
6
CONTINUOUS
10
1.7040598031496064
20
0.4538683464566929
11
1.706048937007874
21
0.454219094488189
0
LINE
8
BLACK
6
CONTINUOUS
10
1.706048937007874
20
0.454219094488189
11
1.7077981102362205
21
0.4532091732283465
0
LINE
8
BLACK
6
CONTINUOUS
10
1.7452897637795275
20
0.4879420866141732
11
1.7454190157480314
21
0.4879648818897638
0
LINE
8
BLACK
6
CONTINUOUS
10
1.7454190157480314
20
0.4879648818897638
11
1.7455325984251968
21
0.4878992519685039
0
LINE
8
BLACK
6
CONTINUOUS
10
1.7455325984251968
20
0.4878992519685039
11
1.7459161811023622
21
0.4878316535433071
0
LINE
8
BLACK
6
CONTINUOUS
10
1.7459161811023622
20
0.4878316535433071
11
1.7465038582677166
21
0.4873385039370078
0
LINE
8
BLACK
6
CONTINUOUS
10
1.7465038582677166
20
0.4873385039370078
11
1.7471681889763779
21
0.4869549606299213
0
LINE
8
BLACK
6
CONTINUOUS
10
1.7471681889763779
20
0.4869549606299213
11
1.7472592913385827
21
0.4867046062992126
0
LINE
8
BLACK
6
CONTINUOUS
10
1.7472592913385827
20
0.4867046062992126
11
1.7474634251968504
21
0.4865333464566929
0
LINE
8
BLACK
6
CONTINUOUS
10
1.7474634251968504
20
0.4865333464566929
11
1.747596653543307
21
0.4857777559055118
0
LINE
8
BLACK
6
CONTINUOUS
10
1.747596653543307
20
0.4857777559055118
11
1.7478590157480314
21
0.485056968503937
0
LINE
8
BLACK
6
CONTINUOUS
10
1.7478590157480314
20
0.485056968503937
11
1.7478590157480314
21
0.4700588582677165
0
LINE
8
BLACK
6
CONTINUOUS
10
1.7478590157480314
20
0.4700588582677165
11
1.7476809448818897
21
0.469048937007874
0
LINE
8
BLACK
6
CONTINUOUS
10
1.7476809448818897
20
0.469048937007874
11
1.7475674409448818
21
0.4689136614173228
0
LINE
8
BLACK
6
CONTINUOUS
10
1.7475674409448818
20
0.4689136614173228
11
1.7475472834645669
21
0.4687383464566929
0
LINE
8
BLACK
6
CONTINUOUS
10
1.7475472834645669
20
0.4687383464566929
11
1.7456725196850393
21
0.4649888188976378
0
LINE
8
BLACK
6
CONTINUOUS
10
1.7456725196850393
20
0.4649888188976378
11
1.7451465354330709
21
0.4642796850393701
0
LINE
8
BLACK
6
CONTINUOUS
10
1.7451465354330709
20
0.4642796850393701
11
1.7451193700787402
21
0.4642213779527559
0
LINE
8
BLACK
6
CONTINUOUS
10
1.7451193700787402
20
0.4642213779527559
11
1.7432445669291339
21
0.4623466141732283
0
LINE
8
BLACK
6
CONTINUOUS
10
1.7432445669291339
20
0.4623466141732283
11
1.742521496062992
21
0.4618403149606299
0
LINE
8
BLACK
6
CONTINUOUS
10
1.742521496062992
20
0.4618403149606299
11
1.7424772047244095
21
0.4617935433070866
0
LINE
8
BLACK
6
CONTINUOUS
10
1.7424772047244095
20
0.4617935433070866
11
1.7387276771653544
21
0.4599187795275591
0
LINE
8
BLACK
6
CONTINUOUS
10
1.7387276771653544
20
0.4599187795275591
11
1.7377447244094488
21
0.4596264173228347
0
LINE
8
BLACK
6
CONTINUOUS
10
1.7377447244094488
20
0.4596264173228347
11
1.7375730314960629
21
0.4596674015748031
0
LINE
8
BLACK
6
CONTINUOUS
10
1.7375730314960629
20
0.4596674015748031
11
1.7374071653543306
21
0.4596070472440945
0
LINE
8
BLACK
6
CONTINUOUS
10
1.7374071653543306
20
0.4596070472440945
11
1.7317828740157479
21
0.4596070472440945
0
LINE
8
BLACK
6
CONTINUOUS
10
1.7317828740157479
20
0.4596070472440945
11
1.7307729527559055
21
0.4597851181102362
0
LINE
8
BLACK
6
CONTINUOUS
10
1.7307729527559055
20
0.4597851181102362
11
1.7306376771653542
21
0.4598985826771653
0
LINE
8
BLACK
6
CONTINUOUS
10
1.7306376771653542
20
0.4598985826771653
11
1.7304623622047244
21
0.4599187795275591
0
LINE
8
BLACK
6
CONTINUOUS
10
1.7304623622047244
20
0.4599187795275591
11
1.7267128346456693
21
0.4617935433070866
0
LINE
8
BLACK
6
CONTINUOUS
10
1.7267128346456693
20
0.4617935433070866
11
1.7260037401574804
21
0.4623194094488189
0
LINE
8
BLACK
6
CONTINUOUS
10
1.7260037401574804
20
0.4623194094488189
11
1.7259454330708661
21
0.4623466535433071
0
LINE
8
BLACK
6
CONTINUOUS
10
1.7259454330708661
20
0.4623466535433071
11
1.7240706692913386
21
0.4642214173228346
0
LINE
8
BLACK
6
CONTINUOUS
10
1.7240706692913386
20
0.4642214173228346
11
1.7234824803149607
21
0.4650614566929134
0
LINE
8
BLACK
6
CONTINUOUS
10
1.7234824803149607
20
0.4650614566929134
11
1.7234808267716535
21
0.4650800393700787
0
LINE
8
BLACK
6
CONTINUOUS
10
1.7234808267716535
20
0.4650800393700787
11
1.7226222047244093
21
0.4642214173228346
0
LINE
8
BLACK
6
CONTINUOUS
10
1.7226222047244093
20
0.4642214173228346
11
1.7218990944881889
21
0.4637151181102362
0
LINE
8
BLACK
6
CONTINUOUS
10
1.7218990944881889
20
0.4637151181102362
11
1.7218548031496062
21
0.4636683070866142
0
LINE
8
BLACK
6
CONTINUOUS
10
1.7218548031496062
20
0.4636683070866142
11
1.718105275590551
21
0.4617935433070866
0
LINE
8
BLACK
6
CONTINUOUS
10
1.718105275590551
20
0.4617935433070866
11
1.7171223228346457
21
0.4615011811023622
0
LINE
8
BLACK
6
CONTINUOUS
10
1.7171223228346457
20
0.4615011811023622
11
1.7169506299212598
21
0.4615421653543307
0
LINE
8
BLACK
6
CONTINUOUS
10
1.7169506299212598
20
0.4615421653543307
11
1.7167847637795275
21
0.461481811023622
0
LINE
8
BLACK
6
CONTINUOUS
10
1.7167847637795275
20
0.461481811023622
11
1.7130352362204724
21
0.461481811023622
0
LINE
8
BLACK
6
CONTINUOUS
10
1.7130352362204724
20
0.461481811023622
11
1.7120253149606299
21
0.4616598818897638
0
LINE
8
BLACK
6
CONTINUOUS
10
1.7120253149606299
20
0.4616598818897638
11
1.7118900393700787
21
0.4617733464566929
0
LINE
8
BLACK
6
CONTINUOUS
10
1.7118900393700787
20
0.4617733464566929
11
1.7117147244094488
21
0.4617935433070866
0
LINE
8
BLACK
6
CONTINUOUS
10
1.7117147244094488
20
0.4617935433070866
11
1.7079651968503937
21
0.4636683070866142
0
LINE
8
BLACK
6
CONTINUOUS
10
1.7079651968503937
20
0.4636683070866142
11
1.7072561023622046
21
0.4641941732283464
0
LINE
8
BLACK
6
CONTINUOUS
10
1.7072561023622046
20
0.4641941732283464
11
1.7071977952755906
21
0.4642214173228346
0
LINE
8
BLACK
6
CONTINUOUS
10
1.7071977952755906
20
0.4642214173228346
11
1.705323031496063
21
0.4660961811023622
0
LINE
8
BLACK
6
CONTINUOUS
10
1.705323031496063
20
0.4660961811023622
11
1.7048167322834644
21
0.4668192519685039
0
LINE
8
BLACK
6
CONTINUOUS
10
1.7048167322834644
20
0.4668192519685039
11
1.7047699212598424
21
0.4668635826771653
0
LINE
8
BLACK
6
CONTINUOUS
10
1.7047699212598424
20
0.4668635826771653
11
1.7028951574803148
21
0.4706131102362205
0
LINE
8
BLACK
6
CONTINUOUS
10
1.7028951574803148
20
0.4706131102362205
11
1.7026027952755904
21
0.471596062992126
0
LINE
8
BLACK
6
CONTINUOUS
10
1.7026027952755904
20
0.471596062992126
11
1.7026437795275591
21
0.471767716535433
0
LINE
8
BLACK
6
CONTINUOUS
10
1.7026437795275591
20
0.471767716535433
11
1.7025834251968504
21
0.4719336220472441
0
LINE
8
BLACK
6
CONTINUOUS
10
1.7025834251968504
20
0.4719336220472441
11
1.7025834251968504
21
0.485056968503937
0
LINE
8
BLACK
6
CONTINUOUS
10
1.7025834251968504
20
0.485056968503937
11
1.7026510236220471
21
0.4854404724409448
0
LINE
8
BLACK
6
CONTINUOUS
10
1.7026510236220471
20
0.4854404724409448
11
1.7026282677165354
21
0.4855697244094488
0
LINE
8
BLACK
6
CONTINUOUS
10
1.7026282677165354
20
0.4855697244094488
11
1.7026938582677165
21
0.4856833070866142
0
LINE
8
BLACK
6
CONTINUOUS
10
1.7026938582677165
20
0.4856833070866142
11
1.702761496062992
21
0.4860668897637795
0
LINE
8
BLACK
6
CONTINUOUS
10
1.702761496062992
20
0.4860668897637795
11
1.7032546062992127
21
0.4866545669291338
0
LINE
8
BLACK
6
CONTINUOUS
10
1.7032546062992127
20
0.4866545669291338
11
1.7036381889763779
21
0.4873188976377953
0
LINE
8
BLACK
6
CONTINUOUS
10
1.7036381889763779
20
0.4873188976377953
11
1.7038885039370077
21
0.48741
0
LINE
8
BLACK
6
CONTINUOUS
10
1.7038885039370077
20
0.48741
11
1.7040598031496064
21
0.4876141338582677
0
LINE
8
BLACK
6
CONTINUOUS
10
1.7040598031496064
20
0.4876141338582677
11
1.7048153543307085
21
0.4877473622047244
0
LINE
8
BLACK
6
CONTINUOUS
10
1.7048153543307085
20
0.4877473622047244
11
1.7055361811023622
21
0.4880097244094488
0
LINE
8
BLACK
6
CONTINUOUS
10
1.7055361811023622
20
0.4880097244094488
11
1.7449062598425196
21
0.4880097244094488
0
LINE
8
BLACK
6
CONTINUOUS
10
1.7449062598425196
20
0.4880097244094488
11
1.7452897637795275
21
0.4879420866141732
0
LINE
8
BLACK
6
CONTINUOUS
10
1.7272365748031495
20
0.4724127559055118
11
1.7287393700787401
21
0.4679043307086614
0
LINE
8
BLACK
6
CONTINUOUS
10
1.7287393700787401
20
0.4679043307086614
11
1.7297824409448819
21
0.4668612992125984
0
LINE
8
BLACK
6
CONTINUOUS
10
1.7297824409448819
20
0.4668612992125984
11
1.7324799212598425
21
0.4655125590551181
0
LINE
8
BLACK
6
CONTINUOUS
10
1.7324799212598425
20
0.4655125590551181
11
1.7367101181102362
21
0.4655125590551181
0
LINE
8
BLACK
6
CONTINUOUS
10
1.7367101181102362
20
0.4655125590551181
11
1.7394075984251969
21
0.4668612992125984
0
LINE
8
BLACK
6
CONTINUOUS
10
1.7394075984251969
20
0.4668612992125984
11
1.7406047637795274
21
0.4680584251968504
0
LINE
8
BLACK
6
CONTINUOUS
10
1.7406047637795274
20
0.4680584251968504
11
1.7419535039370078
21
0.470755905511811
0
LINE
8
BLACK
6
CONTINUOUS
10
1.7419535039370078
20
0.470755905511811
11
1.7419535039370078
21
0.4821042125984252
0
LINE
8
BLACK
6
CONTINUOUS
10
1.7419535039370078
20
0.4821042125984252
11
1.7272365748031495
21
0.4821042125984252
0
LINE
8
BLACK
6
CONTINUOUS
10
1.7272365748031495
20
0.4821042125984252
11
1.7272365748031495
21
0.4724127559055118
0
LINE
8
BLACK
6
CONTINUOUS
10
1.708488937007874
20
0.4726306692913386
11
1.7098376771653543
21
0.4699331889763779
0
LINE
8
BLACK
6
CONTINUOUS
10
1.7098376771653543
20
0.4699331889763779
11
1.7110348031496063
21
0.4687360629921259
0
LINE
8
BLACK
6
CONTINUOUS
10
1.7110348031496063
20
0.4687360629921259
11
1.713732283464567
21
0.4673873228346457
0
LINE
8
BLACK
6
CONTINUOUS
10
1.713732283464567
20
0.4673873228346457
11
1.7160877165354331
21
0.4673873228346457
0
LINE
8
BLACK
6
CONTINUOUS
10
1.7160877165354331
20
0.4673873228346457
11
1.7187851968503938
21
0.4687360629921259
0
LINE
8
BLACK
6
CONTINUOUS
10
1.7187851968503938
20
0.4687360629921259
11
1.7199823228346456
21
0.4699331889763779
0
LINE
8
BLACK
6
CONTINUOUS
10
1.7199823228346456
20
0.4699331889763779
11
1.7213310629921259
21
0.4726306692913386
0
LINE
8
BLACK
6
CONTINUOUS
10
1.7213310629921259
20
0.4726306692913386
11
1.7213310629921259
21
0.4821042125984252
0
LINE
8
BLACK
6
CONTINUOUS
10
1.7213310629921259
20
0.4821042125984252
11
1.708488937007874
21
0.4821042125984252
0
LINE
8
BLACK
6
CONTINUOUS
10
1.708488937007874
20
0.4821042125984252
11
1.708488937007874
21
0.4726306692913386
0
LINE
8
BLACK
6
CONTINUOUS
10
1.7276137007874015
20
0.7026756299212599
11
1.7277494881889763
21
0.702689842519685
0
LINE
8
BLACK
6
CONTINUOUS
10
1.7277494881889763
20
0.702689842519685
11
1.7352485433070866
21
0.7008150787401575
0
LINE
8
BLACK
6
CONTINUOUS
10
1.7352485433070866
20
0.7008150787401575
11
1.7357139763779528
21
0.7006074803149606
0
LINE
8
BLACK
6
CONTINUOUS
10
1.7357139763779528
20
0.7006074803149606
11
1.7358529133858267
21
0.7005914960629921
0
LINE
8
BLACK
6
CONTINUOUS
10
1.7358529133858267
20
0.7005914960629921
11
1.7396024409448818
21
0.6987167322834645
0
LINE
8
BLACK
6
CONTINUOUS
10
1.7396024409448818
20
0.6987167322834645
11
1.7403114960629922
21
0.6981907874015748
0
LINE
8
BLACK
6
CONTINUOUS
10
1.7403114960629922
20
0.6981907874015748
11
1.740369842519685
21
0.698163622047244
0
LINE
8
BLACK
6
CONTINUOUS
10
1.740369842519685
20
0.698163622047244
11
1.7441194094488188
21
0.6944140944881889
0
LINE
8
BLACK
6
CONTINUOUS
10
1.7441194094488188
20
0.6944140944881889
11
1.7447076377952755
21
0.6935740551181102
0
LINE
8
BLACK
6
CONTINUOUS
10
1.7447076377952755
20
0.6935740551181102
11
1.7447229921259841
21
0.6933981102362204
0
LINE
8
BLACK
6
CONTINUOUS
10
1.7447229921259841
20
0.6933981102362204
11
1.7448327165354329
21
0.6932599212598425
0
LINE
8
BLACK
6
CONTINUOUS
10
1.7448327165354329
20
0.6932599212598425
11
1.7467074803149605
21
0.6876356692913386
0
LINE
8
BLACK
6
CONTINUOUS
10
1.7467074803149605
20
0.6876356692913386
11
1.7468369685039369
21
0.6867624015748032
0
LINE
8
BLACK
6
CONTINUOUS
10
1.7468369685039369
20
0.6867624015748032
11
1.7468590157480315
21
0.6867018897637795
0
LINE
8
BLACK
6
CONTINUOUS
10
1.7468590157480315
20
0.6867018897637795
11
1.7468590157480315
21
0.6829523622047244
0
LINE
8
BLACK
6
CONTINUOUS
10
1.7468590157480315
20
0.6829523622047244
11
1.7467057086614173
21
0.6820829527559055
0
LINE
8
BLACK
6
CONTINUOUS
10
1.7467057086614173
20
0.6820829527559055
11
1.7467074803149605
21
0.6820185826771653
0
LINE
8
BLACK
6
CONTINUOUS
10
1.7467074803149605
20
0.6820185826771653
11
1.7448327165354329
21
0.6763943307086614
0
LINE
8
BLACK
6
CONTINUOUS
10
1.7448327165354329
20
0.6763943307086614
11
1.744344409448819
21
0.6754925590551181
0
LINE
8
BLACK
6
CONTINUOUS
10
1.744344409448819
20
0.6754925590551181
11
1.7441939763779528
21
0.6754001181102363
0
LINE
8
BLACK
6
CONTINUOUS
10
1.7441939763779528
20
0.6754001181102363
11
1.7441193700787401
21
0.6752401181102362
0
LINE
8
BLACK
6
CONTINUOUS
10
1.7441193700787401
20
0.6752401181102362
11
1.7422445669291338
21
0.6733653543307087
0
LINE
8
BLACK
6
CONTINUOUS
10
1.7422445669291338
20
0.6733653543307087
11
1.7414045275590551
21
0.6727771653543307
0
LINE
8
BLACK
6
CONTINUOUS
10
1.7414045275590551
20
0.6727771653543307
11
1.7393924409448818
21
0.6726011811023622
0
LINE
8
BLACK
6
CONTINUOUS
10
1.7393924409448818
20
0.6726011811023622
11
1.7377379133858268
21
0.6737596850393701
0
LINE
8
BLACK
6
CONTINUOUS
10
1.7377379133858268
20
0.6737596850393701
11
1.7372151968503937
21
0.6757106692913386
0
LINE
8
BLACK
6
CONTINUOUS
10
1.7372151968503937
20
0.6757106692913386
11
1.7380688188976376
21
0.6775412598425197
0
LINE
8
BLACK
6
CONTINUOUS
10
1.7380688188976376
20
0.6775412598425197
11
1.7394507086614173
21
0.6789231102362204
0
LINE
8
BLACK
6
CONTINUOUS
10
1.7394507086614173
20
0.6789231102362204
11
1.7409535039370079
21
0.6834314960629921
0
LINE
8
BLACK
6
CONTINUOUS
10
1.7409535039370079
20
0.6834314960629921
11
1.7409535039370079
21
0.6862227559055118
0
LINE
8
BLACK
6
CONTINUOUS
10
1.7409535039370079
20
0.6862227559055118
11
1.7394507086614173
21
0.6907311023622047
0
LINE
8
BLACK
6
CONTINUOUS
10
1.7394507086614173
20
0.6907311023622047
11
1.7365328346456692
21
0.693648937007874
0
LINE
8
BLACK
6
CONTINUOUS
10
1.7365328346456692
20
0.693648937007874
11
1.7335018503937007
21
0.6951644488188976
0
LINE
8
BLACK
6
CONTINUOUS
10
1.7335018503937007
20
0.6951644488188976
11
1.7266698031496062
21
0.6968724803149606
0
LINE
8
BLACK
6
CONTINUOUS
10
1.7266698031496062
20
0.6968724803149606
11
1.7217725984251968
21
0.6968724803149606
0
LINE
8
BLACK
6
CONTINUOUS
10
1.7217725984251968
20
0.6968724803149606
11
1.7149405511811022
21
0.6951644488188976
0
LINE
8
BLACK
6
CONTINUOUS
10
1.7149405511811022
20
0.6951644488188976
11
1.7119095669291338
21
0.6936489763779528
0
LINE
8
BLACK
6
CONTINUOUS
10
1.7119095669291338
20
0.6936489763779528
11
1.7089917322834645
21
0.6907311417322834
0
LINE
8
BLACK
6
CONTINUOUS
10
1.7089917322834645
20
0.6907311417322834
11
1.7074889370078741
21
0.6862227165354331
0
LINE
8
BLACK
6
CONTINUOUS
10
1.7074889370078741
20
0.6862227165354331
11
1.7074889370078741
21
0.6834314960629921
0
LINE
8
BLACK
6
CONTINUOUS
10
1.7074889370078741
20
0.6834314960629921
11
1.7089917322834645
21
0.6789230708661417
0
LINE
8
BLACK
6
CONTINUOUS
10
1.7089917322834645
20
0.6789230708661417
11
1.7103736220472441
21
0.6775412204724409
0
LINE
8
BLACK
6
CONTINUOUS
10
1.7103736220472441
20
0.6775412204724409
11
1.710961811023622
21
0.6767011811023622
0
LINE
8
BLACK
6
CONTINUOUS
10
1.710961811023622
20
0.6767011811023622
11
1.7111378346456692
21
0.6746890944881889
0
LINE
8
BLACK
6
CONTINUOUS
10
1.7111378346456692
20
0.6746890944881889
11
1.7099793307086615
21
0.6730345275590551
0
LINE
8
BLACK
6
CONTINUOUS
10
1.7099793307086615
20
0.6730345275590551
11
1.7080283464566928
21
0.672511811023622
0
LINE
8
BLACK
6
CONTINUOUS
10
1.7080283464566928
20
0.672511811023622
11
1.7061977952755905
21
0.6733653937007874
0
LINE
8
BLACK
6
CONTINUOUS
10
1.7061977952755905
20
0.6733653937007874
11
1.7043230314960629
21
0.675240157480315
0
LINE
8
BLACK
6
CONTINUOUS
10
1.7043230314960629
20
0.675240157480315
11
1.703734842519685
21
0.6760801968503937
0
LINE
8
BLACK
6
CONTINUOUS
10
1.703734842519685
20
0.6760801968503937
11
1.7037194488188976
21
0.6762560236220472
0
LINE
8
BLACK
6
CONTINUOUS
10
1.7037194488188976
20
0.6762560236220472
11
1.7036097244094488
21
0.6763943307086614
0
LINE
8
BLACK
6
CONTINUOUS
10
1.7036097244094488
20
0.6763943307086614
11
1.7017349606299212
21
0.6820186220472441
0
LINE
8
BLACK
6
CONTINUOUS
10
1.7017349606299212
20
0.6820186220472441
11
1.7016054724409448
21
0.6828917716535433
0
LINE
8
BLACK
6
CONTINUOUS
10
1.7016054724409448
20
0.6828917716535433
11
1.7015834251968505
21
0.6829523622047244
0
LINE
8
BLACK
6
CONTINUOUS
10
1.7015834251968505
20
0.6829523622047244
11
1.7015834251968505
21
0.6867018897637795
0
LINE
8
BLACK
6
CONTINUOUS
10
1.7015834251968505
20
0.6867018897637795
11
1.7017366929133857
21
0.6875712598425197
0
LINE
8
BLACK
6
CONTINUOUS
10
1.7017366929133857
20
0.6875712598425197
11
1.7017349606299212
21
0.6876356299212598
0
LINE
8
BLACK
6
CONTINUOUS
10
1.7017349606299212
20
0.6876356299212598
11
1.7036097244094488
21
0.6932599212598425
0
LINE
8
BLACK
6
CONTINUOUS
10
1.7036097244094488
20
0.6932599212598425
11
1.7040979921259842
21
0.6941616929133858
0
LINE
8
BLACK
6
CONTINUOUS
10
1.7040979921259842
20
0.6941616929133858
11
1.7042484251968504
21
0.694254094488189
0
LINE
8
BLACK
6
CONTINUOUS
10
1.7042484251968504
20
0.694254094488189
11
1.7043230314960629
21
0.6944140944881889
0
LINE
8
BLACK
6
CONTINUOUS
10
1.7043230314960629
20
0.6944140944881889
11
1.708072559055118
21
0.698163622047244
0
LINE
8
BLACK
6
CONTINUOUS
10
1.708072559055118
20
0.698163622047244
11
1.7087957086614174
21
0.69867
0
LINE
8
BLACK
6
CONTINUOUS
10
1.7087957086614174
20
0.69867
11
1.7088399606299212
21
0.6987167322834645
0
LINE
8
BLACK
6
CONTINUOUS
10
1.7088399606299212
20
0.6987167322834645
11
1.7125894881889763
21
0.7005914960629921
0
LINE
8
BLACK
6
CONTINUOUS
10
1.7125894881889763
20
0.7005914960629921
11
1.7130779133858267
21
0.7007367716535433
0
LINE
8
BLACK
6
CONTINUOUS
10
1.7130779133858267
20
0.7007367716535433
11
1.7131938582677164
21
0.7008150787401575
0
LINE
8
BLACK
6
CONTINUOUS
10
1.7131938582677164
20
0.7008150787401575
11
1.7206929133858266
21
0.702689842519685
0
LINE
8
BLACK
6
CONTINUOUS
10
1.7206929133858266
20
0.702689842519685
11
1.7212807874015748
21
0.7027312992125984
0
LINE
8
BLACK
6
CONTINUOUS
10
1.7212807874015748
20
0.7027312992125984
11
1.7214090551181103
21
0.7027779921259842
0
LINE
8
BLACK
6
CONTINUOUS
10
1.7214090551181103
20
0.7027779921259842
11
1.7270333464566929
21
0.7027779921259842
0
LINE
8
BLACK
6
CONTINUOUS
10
1.7270333464566929
20
0.7027779921259842
11
1.7276137007874015
21
0.7026756299212599
0
LINE
8
BLACK
6
CONTINUOUS
10
1.7449161811023621
20
0.7400952362204725
11
1.7464634251968503
21
0.7387969291338583
0
LINE
8
BLACK
6
CONTINUOUS
10
1.7464634251968503
20
0.7387969291338583
11
1.7468141732283464
21
0.7368077952755905
0
LINE
8
BLACK
6
CONTINUOUS
10
1.7468141732283464
20
0.7368077952755905
11
1.745804251968504
21
0.735058622047244
0
LINE
8
BLACK
6
CONTINUOUS
10
1.745804251968504
20
0.735058622047244
11
1.7439062598425197
21
0.7343677952755905
0
LINE
8
BLACK
6
CONTINUOUS
10
1.7439062598425197
20
0.7343677952755905
11
1.7281113385826772
21
0.7343677952755905
0
LINE
8
BLACK
6
CONTINUOUS
10
1.7281113385826772
20
0.7343677952755905
11
1.7281113385826772
21
0.7223224409448818
0
LINE
8
BLACK
6
CONTINUOUS
10
1.7281113385826772
20
0.7223224409448818
11
1.7279332677165353
21
0.7213125196850394
0
LINE
8
BLACK
6
CONTINUOUS
10
1.7279332677165353
20
0.7213125196850394
11
1.7278197637795276
21
0.7211772440944881
0
LINE
8
BLACK
6
CONTINUOUS
10
1.7278197637795276
20
0.7211772440944881
11
1.7277996062992125
21
0.7210019291338583
0
LINE
8
BLACK
6
CONTINUOUS
10
1.7277996062992125
20
0.7210019291338583
11
1.7259248425196849
21
0.7172524015748031
0
LINE
8
BLACK
6
CONTINUOUS
10
1.7259248425196849
20
0.7172524015748031
11
1.7253989370078739
21
0.7165433070866142
0
LINE
8
BLACK
6
CONTINUOUS
10
1.7253989370078739
20
0.7165433070866142
11
1.7253717322834645
21
0.716485
0
LINE
8
BLACK
6
CONTINUOUS
10
1.7253717322834645
20
0.716485
11
1.723496968503937
21
0.7146102362204724
0
LINE
8
BLACK
6
CONTINUOUS
10
1.723496968503937
20
0.7146102362204724
11
1.7227738582677166
21
0.714103937007874
0
LINE
8
BLACK
6
CONTINUOUS
10
1.7227738582677166
20
0.714103937007874
11
1.7227295669291338
21
0.714057125984252
0
LINE
8
BLACK
6
CONTINUOUS
10
1.7227295669291338
20
0.714057125984252
11
1.7189800393700787
21
0.7121823622047244
0
LINE
8
BLACK
6
CONTINUOUS
10
1.7189800393700787
20
0.7121823622047244
11
1.7179970866141732
21
0.71189
0
LINE
8
BLACK
6
CONTINUOUS
10
1.7179970866141732
20
0.71189
11
1.7178253937007875
21
0.7119309842519684
0
LINE
8
BLACK
6
CONTINUOUS
10
1.7178253937007875
20
0.7119309842519684
11
1.7176595275590552
21
0.7118706299212598
0
LINE
8
BLACK
6
CONTINUOUS
10
1.7176595275590552
20
0.7118706299212598
11
1.7120352362204725
21
0.7118706299212598
0
LINE
8
BLACK
6
CONTINUOUS
10
1.7120352362204725
20
0.7118706299212598
11
1.7110253149606298
21
0.7120487007874016
0
LINE
8
BLACK
6
CONTINUOUS
10
1.7110253149606298
20
0.7120487007874016
11
1.7108900393700788
21
0.7121621653543307
0
LINE
8
BLACK
6
CONTINUOUS
10
1.7108900393700788
20
0.7121621653543307
11
1.7107147244094487
21
0.7121823622047244
0
LINE
8
BLACK
6
CONTINUOUS
10
1.7107147244094487
20
0.7121823622047244
11
1.7069651968503936
21
0.714057125984252
0
LINE
8
BLACK
6
CONTINUOUS
10
1.7069651968503936
20
0.714057125984252
11
1.7062561023622047
21
0.7145829921259842
0
LINE
8
BLACK
6
CONTINUOUS
10
1.7062561023622047
20
0.7145829921259842
11
1.7061977952755905
21
0.7146102362204724
0
LINE
8
BLACK
6
CONTINUOUS
10
1.7061977952755905
20
0.7146102362204724
11
1.7043230314960629
21
0.716485
0
LINE
8
BLACK
6
CONTINUOUS
10
1.7043230314960629
20
0.716485
11
1.7038167322834645
21
0.7172080708661417
0
LINE
8
BLACK
6
CONTINUOUS
10
1.7038167322834645
20
0.7172080708661417
11
1.7037699212598425
21
0.7172524015748031
0
LINE
8
BLACK
6
CONTINUOUS
10
1.7037699212598425
20
0.7172524015748031
11
1.7018951574803149
21
0.7210019291338583
0
LINE
8
BLACK
6
CONTINUOUS
10
1.7018951574803149
20
0.7210019291338583
11
1.7016027952755906
21
0.7219848818897637
0
LINE
8
BLACK
6
CONTINUOUS
10
1.7016027952755906
20
0.7219848818897637
11
1.701643779527559
21
0.7221565354330709
0
LINE
8
BLACK
6
CONTINUOUS
10
1.701643779527559
20
0.7221565354330709
11
1.7015834251968505
21
0.7223224409448818
0
LINE
8
BLACK
6
CONTINUOUS
10
1.7015834251968505
20
0.7223224409448818
11
1.7015834251968505
21
0.7373205511811023
0
LINE
8
BLACK
6
CONTINUOUS
10
1.7015834251968505
20
0.7373205511811023
11
1.7016510236220472
21
0.7377040551181102
0
LINE
8
BLACK
6
CONTINUOUS
10
1.7016510236220472
20
0.7377040551181102
11
1.7016282677165353
21
0.7378333070866142
0
LINE
8
BLACK
6
CONTINUOUS
10
1.7016282677165353
20
0.7378333070866142
11
1.7016938582677166
21
0.7379468897637795
0
LINE
8
BLACK
6
CONTINUOUS
10
1.7016938582677166
20
0.7379468897637795
11
1.7017614960629921
21
0.7383304724409449
0
LINE
8
BLACK
6
CONTINUOUS
10
1.7017614960629921
20
0.7383304724409449
11
1.7022546062992125
21
0.7389181496062992
0
LINE
8
BLACK
6
CONTINUOUS
10
1.7022546062992125
20
0.7389181496062992
11
1.702638188976378
21
0.7395824803149607
0
LINE
8
BLACK
6
CONTINUOUS
10
1.702638188976378
20
0.7395824803149607
11
1.7028885039370079
21
0.7396735826771653
0
LINE
8
BLACK
6
CONTINUOUS
10
1.7028885039370079
20
0.7396735826771653
11
1.7030598031496063
21
0.7398777165354331
0
LINE
8
BLACK
6
CONTINUOUS
10
1.7030598031496063
20
0.7398777165354331
11
1.7038153543307086
21
0.7400109448818898
0
LINE
8
BLACK
6
CONTINUOUS
10
1.7038153543307086
20
0.7400109448818898
11
1.7045361811023623
21
0.7402733070866142
0
LINE
8
BLACK
6
CONTINUOUS
10
1.7045361811023623
20
0.7402733070866142
11
1.7439062598425197
21
0.7402733070866142
0
LINE
8
BLACK
6
CONTINUOUS
10
1.7439062598425197
20
0.7402733070866142
11
1.7449161811023621
21
0.7400952362204725
0
LINE
8
BLACK
6
CONTINUOUS
10
1.7074889370078741
20
0.7230194881889763
11
1.7088376771653544
21
0.7203220078740157
0
LINE
8
BLACK
6
CONTINUOUS
10
1.7088376771653544
20
0.7203220078740157
11
1.7100348031496062
21
0.7191248818897638
0
LINE
8
BLACK
6
CONTINUOUS
10
1.7100348031496062
20
0.7191248818897638
11
1.7127322834645669
21
0.7177761417322834
0
LINE
8
BLACK
6
CONTINUOUS
10
1.7127322834645669
20
0.7177761417322834
11
1.7169624803149606
21
0.7177761417322834
0
LINE
8
BLACK
6
CONTINUOUS
10
1.7169624803149606
20
0.7177761417322834
11
1.7196599606299212
21
0.7191248818897638
0
LINE
8
BLACK
6
CONTINUOUS
10
1.7196599606299212
20
0.7191248818897638
11
1.7208570866141732
21
0.7203220078740157
0
LINE
8
BLACK
6
CONTINUOUS
10
1.7208570866141732
20
0.7203220078740157
11
1.7222058267716536
21
0.7230194881889763
0
LINE
8
BLACK
6
CONTINUOUS
10
1.7222058267716536
20
0.7230194881889763
11
1.7222058267716536
21
0.7343677952755905
0
LINE
8
BLACK
6
CONTINUOUS
10
1.7222058267716536
20
0.7343677952755905
11
1.7074889370078741
21
0.7343677952755905
0
LINE
8
BLACK
6
CONTINUOUS
10
1.7074889370078741
20
0.7343677952755905
11
1.7074889370078741
21
0.7230194881889763
0
LINE
8
BLACK
6
CONTINUOUS
10
1.7458653149606298
20
0.7788998818897638
11
1.7468270866141733
21
0.7771237401574803
0
LINE
8
BLACK
6
CONTINUOUS
10
1.7468270866141733
20
0.7771237401574803
11
1.7464221259842518
21
0.7751449606299212
0
LINE
8
BLACK
6
CONTINUOUS
10
1.7464221259842518
20
0.7751449606299212
11
1.7448399999999999
21
0.7738894094488189
0
LINE
8
BLACK
6
CONTINUOUS
10
1.7448399999999999
20
0.7738894094488189
11
1.7356103937007874
21
0.7708128740157481
0
LINE
8
BLACK
6
CONTINUOUS
10
1.7356103937007874
20
0.7708128740157481
11
1.7356103937007874
21
0.756321653543307
0
LINE
8
BLACK
6
CONTINUOUS
10
1.7356103937007874
20
0.756321653543307
11
1.7448399999999999
21
0.753245157480315
0
LINE
8
BLACK
6
CONTINUOUS
10
1.7448399999999999
20
0.753245157480315
11
1.7457417716535433
21
0.7527568897637795
0
LINE
8
BLACK
6
CONTINUOUS
10
1.7457417716535433
20
0.7527568897637795
11
1.7467990551181103
21
0.751035905511811
0
LINE
8
BLACK
6
CONTINUOUS
10
1.7467990551181103
20
0.751035905511811
11
1.7465027952755905
21
0.7490379527559055
0
LINE
8
BLACK
6
CONTINUOUS
10
1.7465027952755905
20
0.7490379527559055
11
1.7449915354330707
21
0.7476978740157481
0
LINE
8
BLACK
6
CONTINUOUS
10
1.7449915354330707
20
0.7476978740157481
11
1.7429725196850394
21
0.747642716535433
0
LINE
8
BLACK
6
CONTINUOUS
10
1.7429725196850394
20
0.747642716535433
11
1.7036024409448818
21
0.760766062992126
0
LINE
8
BLACK
6
CONTINUOUS
10
1.7036024409448818
20
0.760766062992126
11
1.7027006692913385
21
0.7612543700787402
0
LINE
8
BLACK
6
CONTINUOUS
10
1.7027006692913385
20
0.7612543700787402
11
1.7026561417322834
21
0.7613267716535433
0
LINE
8
BLACK
6
CONTINUOUS
10
1.7026561417322834
20
0.7613267716535433
11
1.7025771259842519
21
0.761358031496063
0
LINE
8
BLACK
6
CONTINUOUS
10
1.7025771259842519
20
0.761358031496063
11
1.7021322834645669
21
0.7621794881889764
0
LINE
8
BLACK
6
CONTINUOUS
10
1.7021322834645669
20
0.7621794881889764
11
1.7016433858267717
21
0.7629753149606299
0
LINE
8
BLACK
6
CONTINUOUS
10
1.7016433858267717
20
0.7629753149606299
11
1.7016558267716535
21
0.7630593700787401
0
LINE
8
BLACK
6
CONTINUOUS
10
1.7016558267716535
20
0.7630593700787401
11
1.7016153543307087
21
0.7631341732283464
0
LINE
8
BLACK
6
CONTINUOUS
10
1.7016153543307087
20
0.7631341732283464
11
1.7018025984251968
21
0.7640492519685039
0
LINE
8
BLACK
6
CONTINUOUS
10
1.7018025984251968
20
0.7640492519685039
11
1.7019396456692912
21
0.7649733070866142
0
LINE
8
BLACK
6
CONTINUOUS
10
1.7019396456692912
20
0.7649733070866142
11
1.7020032677165353
21
0.7650297244094488
0
LINE
8
BLACK
6
CONTINUOUS
10
1.7020032677165353
20
0.7650297244094488
11
1.7020203149606299
21
0.7651129527559055
0
LINE
8
BLACK
6
CONTINUOUS
10
1.7020203149606299
20
0.7651129527559055
11
1.7027515748031496
21
0.7656932677165355
0
LINE
8
BLACK
6
CONTINUOUS
10
1.7027515748031496
20
0.7656932677165355
11
1.7034508661417322
21
0.7663133464566929
0
LINE
8
BLACK
6
CONTINUOUS
10
1.7034508661417322
20
0.7663133464566929
11
1.7035358267716536
21
0.7663156299212598
0
LINE
8
BLACK
6
CONTINUOUS
10
1.7035358267716536
20
0.7663156299212598
11
1.7036024409448818
21
0.7663685039370078
0
LINE
8
BLACK
6
CONTINUOUS
10
1.7036024409448818
20
0.7663685039370078
11
1.7429725196850394
21
0.7794918503937007
0
LINE
8
BLACK
6
CONTINUOUS
10
1.7429725196850394
20
0.7794918503937007
11
1.7439868897637796
21
0.7796422834645669
0
LINE
8
BLACK
6
CONTINUOUS
10
1.7439868897637796
20
0.7796422834645669
11
1.7458653149606298
21
0.7788998818897638
0
LINE
8
BLACK
6
CONTINUOUS
10
1.7138735826771654
20
0.7635672834645669
11
1.7297048818897638
21
0.7582901574803149
0
LINE
8
BLACK
6
CONTINUOUS
10
1.7297048818897638
20
0.7582901574803149
11
1.7297048818897638
21
0.7688443700787402
0
LINE
8
BLACK
6
CONTINUOUS
10
1.7297048818897638
20
0.7688443700787402
11
1.7138735826771654
21
0.7635672834645669
0
LINE
8
BLACK
6
CONTINUOUS
10
1.7422445669291338
20
0.8143991338582677
11
1.7441193700787401
21
0.8125243700787401
0
LINE
8
BLACK
6
CONTINUOUS
10
1.7441193700787401
20
0.8125243700787401
11
1.7446257480314959
21
0.8118011811023622
0
LINE
8
BLACK
6
CONTINUOUS
10
1.7446257480314959
20
0.8118011811023622
11
1.7446725196850392
21
0.8117569291338582
0
LINE
8
BLACK
6
CONTINUOUS
10
1.7446725196850392
20
0.8117569291338582
11
1.7465472834645668
21
0.8080074015748031
0
LINE
8
BLACK
6
CONTINUOUS
10
1.7465472834645668
20
0.8080074015748031
11
1.7468396456692914
21
0.8070244881889763
0
LINE
8
BLACK
6
CONTINUOUS
10
1.7468396456692914
20
0.8070244881889763
11
1.746798622047244
21
0.8068527559055118
0
LINE
8
BLACK
6
CONTINUOUS
10
1.746798622047244
20
0.8068527559055118
11
1.7468590157480315
21
0.8066868897637796
0
LINE
8
BLACK
6
CONTINUOUS
10
1.7468590157480315
20
0.8066868897637796
11
1.7468590157480315
21
0.7954383070866141
0
LINE
8
BLACK
6
CONTINUOUS
10
1.7468590157480315
20
0.7954383070866141
11
1.7466809448818896
21
0.7944283858267717
0
LINE
8
BLACK
6
CONTINUOUS
10
1.7466809448818896
20
0.7944283858267717
11
1.7465674409448819
21
0.7942931102362204
0
LINE
8
BLACK
6
CONTINUOUS
10
1.7465674409448819
20
0.7942931102362204
11
1.7465472834645668
21
0.7941177952755906
0
LINE
8
BLACK
6
CONTINUOUS
10
1.7465472834645668
20
0.7941177952755906
11
1.7446725196850392
21
0.7903682677165355
0
LINE
8
BLACK
6
CONTINUOUS
10
1.7446725196850392
20
0.7903682677165355
11
1.7441465354330707
21
0.7896591338582677
0
LINE
8
BLACK
6
CONTINUOUS
10
1.7441465354330707
20
0.7896591338582677
11
1.7441193700787401
21
0.7896008267716536
0
LINE
8
BLACK
6
CONTINUOUS
10
1.7441193700787401
20
0.7896008267716536
11
1.7422445669291338
21
0.787726062992126
0
LINE
8
BLACK
6
CONTINUOUS
10
1.7422445669291338
20
0.787726062992126
11
1.7415214960629921
21
0.7872197637795275
0
LINE
8
BLACK
6
CONTINUOUS
10
1.7415214960629921
20
0.7872197637795275
11
1.7414772047244094
21
0.7871729921259842
0
LINE
8
BLACK
6
CONTINUOUS
10
1.7414772047244094
20
0.7871729921259842
11
1.7377276771653543
21
0.7852982283464567
0
LINE
8
BLACK
6
CONTINUOUS
10
1.7377276771653543
20
0.7852982283464567
11
1.7367447244094487
21
0.7850058661417323
0
LINE
8
BLACK
6
CONTINUOUS
10
1.7367447244094487
20
0.7850058661417323
11
1.736573031496063
21
0.7850468503937008
0
LINE
8
BLACK
6
CONTINUOUS
10
1.736573031496063
20
0.7850468503937008
11
1.7364071653543307
21
0.7849864960629921
0
LINE
8
BLACK
6
CONTINUOUS
10
1.7364071653543307
20
0.7849864960629921
11
1.7270333464566929
21
0.7849864960629921
0
LINE
8
BLACK
6
CONTINUOUS
10
1.7270333464566929
20
0.7849864960629921
11
1.7260234251968503
21
0.7851645669291338
0
LINE
8
BLACK
6
CONTINUOUS
10
1.7260234251968503
20
0.7851645669291338
11
1.7258881496062992
21
0.785278031496063
0
LINE
8
BLACK
6
CONTINUOUS
10
1.7258881496062992
20
0.785278031496063
11
1.7257128346456692
21
0.7852982283464567
0
LINE
8
BLACK
6
CONTINUOUS
10
1.7257128346456692
20
0.7852982283464567
11
1.721963307086614
21
0.7871729921259842
0
LINE
8
BLACK
6
CONTINUOUS
10
1.721963307086614
20
0.7871729921259842
11
1.7212542125984251
21
0.7876988582677166
0
LINE
8
BLACK
6
CONTINUOUS
10
1.7212542125984251
20
0.7876988582677166
11
1.7211959055118109
21
0.7877261023622047
0
LINE
8
BLACK
6
CONTINUOUS
10
1.7211959055118109
20
0.7877261023622047
11
1.7193211417322833
21
0.7896008661417323
0
LINE
8
BLACK
6
CONTINUOUS
10
1.7193211417322833
20
0.7896008661417323
11
1.718814842519685
21
0.790323937007874
0
LINE
8
BLACK
6
CONTINUOUS
10
1.718814842519685
20
0.790323937007874
11
1.7187680314960629
21
0.7903682677165355
0
LINE
8
BLACK
6
CONTINUOUS
10
1.7187680314960629
20
0.7903682677165355
11
1.7168932677165354
21
0.7941177952755906
0
LINE
8
BLACK
6
CONTINUOUS
10
1.7168932677165354
20
0.7941177952755906
11
1.7167255905511811
21
0.7946814566929133
0
LINE
8
BLACK
6
CONTINUOUS
10
1.7167255905511811
20
0.7946814566929133
11
1.7064805905511811
21
0.7857170866141732
0
LINE
8
BLACK
6
CONTINUOUS
10
1.7064805905511811
20
0.7857170866141732
11
1.7061007086614173
21
0.7854871653543307
0
LINE
8
BLACK
6
CONTINUOUS
10
1.7061007086614173
20
0.7854871653543307
11
1.7060125590551181
21
0.7853820866141732
0
LINE
8
BLACK
6
CONTINUOUS
10
1.7060125590551181
20
0.7853820866141732
11
1.7058919685039369
21
0.7853608267716535
0
LINE
8
BLACK
6
CONTINUOUS
10
1.7058919685039369
20
0.7853608267716535
11
1.7056032677165354
21
0.785186062992126
0
LINE
8
BLACK
6
CONTINUOUS
10
1.7056032677165354
20
0.785186062992126
11
1.7048074015748031
21
0.7851695669291339
0
LINE
8
BLACK
6
CONTINUOUS
10
1.7048074015748031
20
0.7851695669291339
11
1.7040234251968505
21
0.7850313385826772
0
LINE
8
BLACK
6
CONTINUOUS
10
1.7040234251968505
20
0.7850313385826772
11
1.7038194094488188
21
0.7851490944881889
0
LINE
8
BLACK
6
CONTINUOUS
10
1.7038194094488188
20
0.7851490944881889
11
1.703583937007874
21
0.7851442519685039
0
LINE
8
BLACK
6
CONTINUOUS
10
1.703583937007874
20
0.7851442519685039
11
1.7029636614173227
21
0.785643188976378
0
LINE
8
BLACK
6
CONTINUOUS
10
1.7029636614173227
20
0.785643188976378
11
1.7022742519685039
21
0.7860412598425197
0
LINE
8
BLACK
6
CONTINUOUS
10
1.7022742519685039
20
0.7860412598425197
11
1.7021936614173228
21
0.7862625984251969
0
LINE
8
BLACK
6
CONTINUOUS
10
1.7021936614173228
20
0.7862625984251969
11
1.7020101181102363
21
0.7864102755905512
0
LINE
8
BLACK
6
CONTINUOUS
10
1.7020101181102363
20
0.7864102755905512
11
1.7018556692913385
21
0.7871912204724409
0
LINE
8
BLACK
6
CONTINUOUS
10
1.7018556692913385
20
0.7871912204724409
11
1.7015834251968505
21
0.7879392519685039
0
LINE
8
BLACK
6
CONTINUOUS
10
1.7015834251968505
20
0.7879392519685039
11
1.7015834251968505
21
0.8123111811023622
0
LINE
8
BLACK
6
CONTINUOUS
10
1.7015834251968505
20
0.8123111811023622
11
1.7017614960629921
21
0.8133211023622047
0
LINE
8
BLACK
6
CONTINUOUS
10
1.7017614960629921
20
0.8133211023622047
11
1.7030598031496063
21
0.8148683464566929
0
LINE
8
BLACK
6
CONTINUOUS
10
1.7030598031496063
20
0.8148683464566929
11
1.7050489370078741
21
0.815219094488189
0
LINE
8
BLACK
6
CONTINUOUS
10
1.7050489370078741
20
0.815219094488189
11
1.7067981102362204
21
0.8142091732283464
0
LINE
8
BLACK
6
CONTINUOUS
10
1.7067981102362204
20
0.8142091732283464
11
1.7074889370078741
21
0.8123111811023622
0
LINE
8
BLACK
6
CONTINUOUS
10
1.7074889370078741
20
0.8123111811023622
11
1.7074889370078741
21
0.7944464173228346
0
LINE
8
BLACK
6
CONTINUOUS
10
1.7074889370078741
20
0.7944464173228346
11
1.7175898818897637
21
0.8032847637795275
0
LINE
8
BLACK
6
CONTINUOUS
10
1.7175898818897637
20
0.8032847637795275
11
1.7179697244094487
21
0.8035146456692913
0
LINE
8
BLACK
6
CONTINUOUS
10
1.7179697244094487
20
0.8035146456692913
11
1.7180579133858267
21
0.8036197637795276
0
LINE
8
BLACK
6
CONTINUOUS
10
1.7180579133858267
20
0.8036197637795276
11
1.7181784645669291
21
0.8036409842519685
0
LINE
8
BLACK
6
CONTINUOUS
10
1.7181784645669291
20
0.8036409842519685
11
1.7184672047244094
21
0.8038157874015748
0
LINE
8
BLACK
6
CONTINUOUS
10
1.7184672047244094
20
0.8038157874015748
11
1.7192630314960629
21
0.8038322440944882
0
LINE
8
BLACK
6
CONTINUOUS
10
1.7192630314960629
20
0.8038322440944882
11
1.7200470472440945
21
0.8039705118110236
0
LINE
8
BLACK
6
CONTINUOUS
10
1.7200470472440945
20
0.8039705118110236
11
1.7202510236220472
21
0.803852716535433
0
LINE
8
BLACK
6
CONTINUOUS
10
1.7202510236220472
20
0.803852716535433
11
1.7204865748031495
21
0.8038575984251969
0
LINE
8
BLACK
6
CONTINUOUS
10
1.7204865748031495
20
0.8038575984251969
11
1.7211068503937008
21
0.8033585826771653
0
LINE
8
BLACK
6
CONTINUOUS
10
1.7211068503937008
20
0.8033585826771653
11
1.7217962204724409
21
0.8029605905511811
0
LINE
8
BLACK
6
CONTINUOUS
10
1.7217962204724409
20
0.8029605905511811
11
1.7218767716535432
21
0.8027392125984252
0
LINE
8
BLACK
6
CONTINUOUS
10
1.7218767716535432
20
0.8027392125984252
11
1.7220603543307087
21
0.8025915748031496
0
LINE
8
BLACK
6
CONTINUOUS
10
1.7220603543307087
20
0.8025915748031496
11
1.7222147637795275
21
0.8018105905511811
0
LINE
8
BLACK
6
CONTINUOUS
10
1.7222147637795275
20
0.8018105905511811
11
1.7224870472440945
21
0.8010625984251968
0
LINE
8
BLACK
6
CONTINUOUS
10
1.7224870472440945
20
0.8010625984251968
11
1.7224870472440945
21
0.7961353543307086
0
LINE
8
BLACK
6
CONTINUOUS
10
1.7224870472440945
20
0.7961353543307086
11
1.7238357874015748
21
0.7934378740157481
0
LINE
8
BLACK
6
CONTINUOUS
10
1.7238357874015748
20
0.7934378740157481
11
1.7250329133858266
21
0.792240748031496
0
LINE
8
BLACK
6
CONTINUOUS
10
1.7250329133858266
20
0.792240748031496
11
1.7277303937007873
21
0.7908920078740157
0
LINE
8
BLACK
6
CONTINUOUS
10
1.7277303937007873
20
0.7908920078740157
11
1.7357101181102361
21
0.7908920078740157
0
LINE
8
BLACK
6
CONTINUOUS
10
1.7357101181102361
20
0.7908920078740157
11
1.7384075984251968
21
0.792240748031496
0
LINE
8
BLACK
6
CONTINUOUS
10
1.7384075984251968
20
0.792240748031496
11
1.7396047637795276
21
0.7934378740157481
0
LINE
8
BLACK
6
CONTINUOUS
10
1.7396047637795276
20
0.7934378740157481
11
1.7409535039370079
21
0.7961353543307086
0
LINE
8
BLACK
6
CONTINUOUS
10
1.7409535039370079
20
0.7961353543307086
11
1.7409535039370079
21
0.805989842519685
0
LINE
8
BLACK
6
CONTINUOUS
10
1.7409535039370079
20
0.805989842519685
11
1.7396047637795276
21
0.8086872834645669
0
LINE
8
BLACK
6
CONTINUOUS
10
1.7396047637795276
20
0.8086872834645669
11
1.7380688188976376
21
0.8102232283464567
0
LINE
8
BLACK
6
CONTINUOUS
10
1.7380688188976376
20
0.8102232283464567
11
1.737480590551181
21
0.8110632677165354
0
LINE
8
BLACK
6
CONTINUOUS
10
1.737480590551181
20
0.8110632677165354
11
1.7373045275590551
21
0.8130753937007874
0
LINE
8
BLACK
6
CONTINUOUS
10
1.7373045275590551
20
0.8130753937007874
11
1.738463031496063
21
0.8147299606299212
0
LINE
8
BLACK
6
CONTINUOUS
10
1.738463031496063
20
0.8147299606299212
11
1.7404140157480315
21
0.8152526771653543
0
LINE
8
BLACK
6
CONTINUOUS
10
1.7404140157480315
20
0.8152526771653543
11
1.7422445669291338
21
0.8143991338582677
0
LINE
8
BLACK
6
CONTINUOUS
10
1.7445359448818898
20
0.8526468897637796
11
1.7446705118110235
21
0.8526586614173228
0
LINE
8
BLACK
6
CONTINUOUS
10
1.7446705118110235
20
0.8526586614173228
11
1.7453986614173227
21
0.8521487795275591
0
LINE
8
BLACK
6
CONTINUOUS
10
1.7453986614173227
20
0.8521487795275591
11
1.7461681889763778
21
0.8517044881889764
0
LINE
8
BLACK
6
CONTINUOUS
10
1.7461681889763778
20
0.8517044881889764
11
1.7462143307086613
21
0.8515775984251969
0
LINE
8
BLACK
6
CONTINUOUS
10
1.7462143307086613
20
0.8515775984251969
11
1.7463250393700787
21
0.8515001181102362
0
LINE
8
BLACK
6
CONTINUOUS
10
1.7463250393700787
20
0.8515001181102362
11
1.7465550393700786
21
0.8506415748031496
0
LINE
8
BLACK
6
CONTINUOUS
10
1.7465550393700786
20
0.8506415748031496
11
1.7468590157480315
21
0.8498064960629921
0
LINE
8
BLACK
6
CONTINUOUS
10
1.7468590157480315
20
0.8498064960629921
11
1.7468590157480315
21
0.8254345669291339
0
LINE
8
BLACK
6
CONTINUOUS
10
1.7468590157480315
20
0.8254345669291339
11
1.7466809448818896
21
0.8244246456692913
0
LINE
8
BLACK
6
CONTINUOUS
10
1.7466809448818896
20
0.8244246456692913
11
1.7453826377952755
21
0.8228774015748032
0
LINE
8
BLACK
6
CONTINUOUS
10
1.7453826377952755
20
0.8228774015748032
11
1.7433935039370079
21
0.8225266535433071
0
LINE
8
BLACK
6
CONTINUOUS
10
1.7433935039370079
20
0.8225266535433071
11
1.7416443307086613
21
0.8235365748031496
0
LINE
8
BLACK
6
CONTINUOUS
10
1.7416443307086613
20
0.8235365748031496
11
1.7409535039370079
21
0.8254345669291339
0
LINE
8
BLACK
6
CONTINUOUS
10
1.7409535039370079
20
0.8254345669291339
11
1.7409535039370079
21
0.8426779133858268
0
LINE
8
BLACK
6
CONTINUOUS
10
1.7409535039370079
20
0.8426779133858268
11
1.723496968503937
21
0.8252214173228346
0
LINE
8
BLACK
6
CONTINUOUS
10
1.723496968503937
20
0.8252214173228346
11
1.7226569291338583
21
0.8246332283464567
0
LINE
8
BLACK
6
CONTINUOUS
10
1.7226569291338583
20
0.8246332283464567
11
1.7224810629921259
21
0.8246178346456693
0
LINE
8
BLACK
6
CONTINUOUS
10
1.7224810629921259
20
0.8246178346456693
11
1.7223427952755905
21
0.8245081102362205
0
LINE
8
BLACK
6
CONTINUOUS
10
1.7223427952755905
20
0.8245081102362205
11
1.7167185039370079
21
0.8226333464566929
0
LINE
8
BLACK
6
CONTINUOUS
10
1.7167185039370079
20
0.8226333464566929
11
1.7158453149606299
21
0.8225038582677165
0
LINE
8
BLACK
6
CONTINUOUS
10
1.7158453149606299
20
0.8225038582677165
11
1.7157847637795276
21
0.8224818110236221
0
LINE
8
BLACK
6
CONTINUOUS
10
1.7157847637795276
20
0.8224818110236221
11
1.7120352362204725
21
0.8224818110236221
0
LINE
8
BLACK
6
CONTINUOUS
10
1.7120352362204725
20
0.8224818110236221
11
1.7110253149606298
21
0.8226598818897638
0
LINE
8
BLACK
6
CONTINUOUS
10
1.7110253149606298
20
0.8226598818897638
11
1.7108900393700788
21
0.8227733464566929
0
LINE
8
BLACK
6
CONTINUOUS
10
1.7108900393700788
20
0.8227733464566929
11
1.7107147244094487
21
0.8227935433070866
0
LINE
8
BLACK
6
CONTINUOUS
10
1.7107147244094487
20
0.8227935433070866
11
1.7069651968503936
21
0.8246683070866142
0
LINE
8
BLACK
6
CONTINUOUS
10
1.7069651968503936
20
0.8246683070866142
11
1.7062561023622047
21
0.8251941732283464
0
LINE
8
BLACK
6
CONTINUOUS
10
1.7062561023622047
20
0.8251941732283464
11
1.7061977952755905
21
0.8252214173228346
0
LINE
8
BLACK
6
CONTINUOUS
10
1.7061977952755905
20
0.8252214173228346
11
1.7043230314960629
21
0.8270961811023622
0
LINE
8
BLACK
6
CONTINUOUS
10
1.7043230314960629
20
0.8270961811023622
11
1.7038167322834645
21
0.8278192519685039
0
LINE
8
BLACK
6
CONTINUOUS
10
1.7038167322834645
20
0.8278192519685039
11
1.7037699212598425
21
0.8278635826771653
0
LINE
8
BLACK
6
CONTINUOUS
10
1.7037699212598425
20
0.8278635826771653
11
1.7018951574803149
21
0.8316131102362204
0
LINE
8
BLACK
6
CONTINUOUS
10
1.7018951574803149
20
0.8316131102362204
11
1.7016027952755906
21
0.832596062992126
0
LINE
8
BLACK
6
CONTINUOUS
10
1.7016027952755906
20
0.832596062992126
11
1.701643779527559
21
0.832767716535433
0
LINE
8
BLACK
6
CONTINUOUS
10
1.701643779527559
20
0.832767716535433
11
1.7015834251968505
21
0.8329336220472441
0
LINE
8
BLACK
6
CONTINUOUS
10
1.7015834251968505
20
0.8329336220472441
11
1.7015834251968505
21
0.8423074409448819
0
LINE
8
BLACK
6
CONTINUOUS
10
1.7015834251968505
20
0.8423074409448819
11
1.7017614960629921
21
0.8433173622047244
0
LINE
8
BLACK
6
CONTINUOUS
10
1.7017614960629921
20
0.8433173622047244
11
1.7018749606299213
21
0.8434525984251968
0
LINE
8
BLACK
6
CONTINUOUS
10
1.7018749606299213
20
0.8434525984251968
11
1.7018951574803149
21
0.8436279527559055
0
LINE
8
BLACK
6
CONTINUOUS
10
1.7018951574803149
20
0.8436279527559055
11
1.7037699212598425
21
0.8473774803149606
0
LINE
8
BLACK
6
CONTINUOUS
10
1.7037699212598425
20
0.8473774803149606
11
1.7042958267716535
21
0.8480865354330709
0
LINE
8
BLACK
6
CONTINUOUS
10
1.7042958267716535
20
0.8480865354330709
11
1.7043230314960629
21
0.8481448818897638
0
LINE
8
BLACK
6
CONTINUOUS
10
1.7043230314960629
20
0.8481448818897638
11
1.7061977952755905
21
0.8500196456692913
0
LINE
8
BLACK
6
CONTINUOUS
10
1.7061977952755905
20
0.8500196456692913
11
1.7070378346456692
21
0.8506078346456692
0
LINE
8
BLACK
6
CONTINUOUS
10
1.7070378346456692
20
0.8506078346456692
11
1.7090499212598425
21
0.8507838582677165
0
LINE
8
BLACK
6
CONTINUOUS
10
1.7090499212598425
20
0.8507838582677165
11
1.7107044881889764
21
0.8496253543307086
0
LINE
8
BLACK
6
CONTINUOUS
10
1.7107044881889764
20
0.8496253543307086
11
1.7112272047244095
21
0.8476743700787401
0
LINE
8
BLACK
6
CONTINUOUS
10
1.7112272047244095
20
0.8476743700787401
11
1.7103736220472441
21
0.8458438188976378
0
LINE
8
BLACK
6
CONTINUOUS
10
1.7103736220472441
20
0.8458438188976378
11
1.7088376771653544
21
0.844307874015748
0
LINE
8
BLACK
6
CONTINUOUS
10
1.7088376771653544
20
0.844307874015748
11
1.7074889370078741
21
0.8416103937007874
0
LINE
8
BLACK
6
CONTINUOUS
10
1.7074889370078741
20
0.8416103937007874
11
1.7074889370078741
21
0.8336306692913386
0
LINE
8
BLACK
6
CONTINUOUS
10
1.7074889370078741
20
0.8336306692913386
11
1.7088376771653544
21
0.8309331889763779
0
LINE
8
BLACK
6
CONTINUOUS
10
1.7088376771653544
20
0.8309331889763779
11
1.7100348031496062
21
0.829736062992126
0
LINE
8
BLACK
6
CONTINUOUS
10
1.7100348031496062
20
0.829736062992126
11
1.7127322834645669
21
0.8283873228346457
0
LINE
8
BLACK
6
CONTINUOUS
10
1.7127322834645669
20
0.8283873228346457
11
1.7153056299212599
21
0.8283873228346457
0
LINE
8
BLACK
6
CONTINUOUS
10
1.7153056299212599
20
0.8283873228346457
11
1.7198140157480315
21
0.8298901181102362
0
LINE
8
BLACK
6
CONTINUOUS
10
1.7198140157480315
20
0.8298901181102362
11
1.741818346456693
21
0.8518944094488189
0
LINE
8
BLACK
6
CONTINUOUS
10
1.741818346456693
20
0.8518944094488189
11
1.7423463779527559
21
0.8522641732283465
0
LINE
8
BLACK
6
CONTINUOUS
10
1.7423463779527559
20
0.8522641732283465
11
1.7424298818897637
21
0.8523636614173228
0
LINE
8
BLACK
6
CONTINUOUS
10
1.7424298818897637
20
0.8523636614173228
11
1.7425081889763778
21
0.8523774409448819
0
LINE
8
BLACK
6
CONTINUOUS
10
1.7425081889763778
20
0.8523774409448819
11
1.7426583858267717
21
0.8524826377952756
0
LINE
8
BLACK
6
CONTINUOUS
10
1.7426583858267717
20
0.8524826377952756
11
1.743543937007874
21
0.8525600787401575
0
LINE
8
BLACK
6
CONTINUOUS
10
1.743543937007874
20
0.8525600787401575
11
1.7444190157480315
21
0.8527144094488189
0
LINE
8
BLACK
6
CONTINUOUS
10
1.7444190157480315
20
0.8527144094488189
11
1.7445359448818898
21
0.8526468897637796
0
LINE
8
BLACK
6
CONTINUOUS
10
1.7449161811023621
20
0.8900764960629921
11
1.7464634251968503
21
0.8887781889763779
0
LINE
8
BLACK
6
CONTINUOUS
10
1.7464634251968503
20
0.8887781889763779
11
1.7468141732283464
21
0.8867890551181102
0
LINE
8
BLACK
6
CONTINUOUS
10
1.7468141732283464
20
0.8867890551181102
11
1.745804251968504
21
0.8850398818897638
0
LINE
8
BLACK
6
CONTINUOUS
10
1.745804251968504
20
0.8850398818897638
11
1.7439062598425197
21
0.8843490551181102
0
LINE
8
BLACK
6
CONTINUOUS
10
1.7439062598425197
20
0.8843490551181102
11
1.7262365748031496
21
0.8843490551181102
0
LINE
8
BLACK
6
CONTINUOUS
10
1.7262365748031496
20
0.8843490551181102
11
1.7262365748031496
21
0.8677574015748031
0
LINE
8
BLACK
6
CONTINUOUS
10
1.7262365748031496
20
0.8677574015748031
11
1.7439062598425197
21
0.8677574015748031
0
LINE
8
BLACK
6
CONTINUOUS
10
1.7439062598425197
20
0.8677574015748031
11
1.7449161811023621
21
0.8675793307086614
0
LINE
8
BLACK
6
CONTINUOUS
10
1.7449161811023621
20
0.8675793307086614
11
1.7464634251968503
21
0.8662810236220472
0
LINE
8
BLACK
6
CONTINUOUS
10
1.7464634251968503
20
0.8662810236220472
11
1.7468141732283464
21
0.8642918897637795
0
LINE
8
BLACK
6
CONTINUOUS
10
1.7468141732283464
20
0.8642918897637795
11
1.745804251968504
21
0.862542716535433
0
LINE
8
BLACK
6
CONTINUOUS
10
1.745804251968504
20
0.862542716535433
11
1.7439062598425197
21
0.8618518897637795
0
LINE
8
BLACK
6
CONTINUOUS
10
1.7439062598425197
20
0.8618518897637795
11
1.7045361811023623
21
0.8618518897637795
0
LINE
8
BLACK
6
CONTINUOUS
10
1.7045361811023623
20
0.8618518897637795
11
1.7035262598425196
21
0.8620299606299212
0
LINE
8
BLACK
6
CONTINUOUS
10
1.7035262598425196
20
0.8620299606299212
11
1.7019790157480315
21
0.8633282677165354
0
LINE
8
BLACK
6
CONTINUOUS
10
1.7019790157480315
20
0.8633282677165354
11
1.7016282677165353
21
0.8653174015748031
0
LINE
8
BLACK
6
CONTINUOUS
10
1.7016282677165353
20
0.8653174015748031
11
1.702638188976378
21
0.8670665748031496
0
LINE
8
BLACK
6
CONTINUOUS
10
1.702638188976378
20
0.8670665748031496
11
1.7045361811023623
21
0.8677574015748031
0
LINE
8
BLACK
6
CONTINUOUS
10
1.7045361811023623
20
0.8677574015748031
11
1.720331062992126
21
0.8677574015748031
0
LINE
8
BLACK
6
CONTINUOUS
10
1.720331062992126
20
0.8677574015748031
11
1.720331062992126
21
0.8843490551181102
0
LINE
8
BLACK
6
CONTINUOUS
10
1.720331062992126
20
0.8843490551181102
11
1.7045361811023623
21
0.8843490551181102
0
LINE
8
BLACK
6
CONTINUOUS
10
1.7045361811023623
20
0.8843490551181102
11
1.7035262598425196
21
0.884527125984252
0
LINE
8
BLACK
6
CONTINUOUS
10
1.7035262598425196
20
0.884527125984252
11
1.7019790157480315
21
0.8858254330708661
0
LINE
8
BLACK
6
CONTINUOUS
10
1.7019790157480315
20
0.8858254330708661
11
1.7016282677165353
21
0.8878145669291339
0
LINE
8
BLACK
6
CONTINUOUS
10
1.7016282677165353
20
0.8878145669291339
11
1.702638188976378
21
0.8895637401574803
0
LINE
8
BLACK
6
CONTINUOUS
10
1.702638188976378
20
0.8895637401574803
11
1.7045361811023623
21
0.8902545669291339
0
LINE
8
BLACK
6
CONTINUOUS
10
1.7045361811023623
20
0.8902545669291339
11
1.7439062598425197
21
0.8902545669291339
0
LINE
8
BLACK
6
CONTINUOUS
10
1.7439062598425197
20
0.8902545669291339
11
1.7449161811023621
21
0.8900764960629921
0
LINE
8
BLACK
6
CONTINUOUS
10
1.7442897637795276
20
0.9295570078740157
11
1.7444190157480315
21
0.9295798031496063
0
LINE
8
BLACK
6
CONTINUOUS
10
1.7444190157480315
20
0.9295798031496063
11
1.7445325984251967
21
0.9295141732283464
0
LINE
8
BLACK
6
CONTINUOUS
10
1.7445325984251967
20
0.9295141732283464
11
1.7449161811023621
21
0.9294465748031496
0
LINE
8
BLACK
6
CONTINUOUS
10
1.7449161811023621
20
0.9294465748031496
11
1.7455038582677165
21
0.9289534251968504
0
LINE
8
BLACK
6
CONTINUOUS
10
1.7455038582677165
20
0.9289534251968504
11
1.7461681889763778
21
0.9285698818897637
0
LINE
8
BLACK
6
CONTINUOUS
10
1.7461681889763778
20
0.9285698818897637
11
1.7462592913385826
21
0.9283195275590551
0
LINE
8
BLACK
6
CONTINUOUS
10
1.7462592913385826
20
0.9283195275590551
11
1.7464634251968503
21
0.9281482677165354
0
LINE
8
BLACK
6
CONTINUOUS
10
1.7464634251968503
20
0.9281482677165354
11
1.7465966535433071
21
0.9273926771653543
0
LINE
8
BLACK
6
CONTINUOUS
10
1.7465966535433071
20
0.9273926771653543
11
1.7468590157480315
21
0.9266718897637795
0
LINE
8
BLACK
6
CONTINUOUS
10
1.7468590157480315
20
0.9266718897637795
11
1.7468590157480315
21
0.911673779527559
0
LINE
8
BLACK
6
CONTINUOUS
10
1.7468590157480315
20
0.911673779527559
11
1.7466809448818896
21
0.9106638582677166
0
LINE
8
BLACK
6
CONTINUOUS
10
1.7466809448818896
20
0.9106638582677166
11
1.7465674409448819
21
0.9105285826771653
0
LINE
8
BLACK
6
CONTINUOUS
10
1.7465674409448819
20
0.9105285826771653
11
1.7465472834645668
21
0.9103532677165355
0
LINE
8
BLACK
6
CONTINUOUS
10
1.7465472834645668
20
0.9103532677165355
11
1.7446725196850392
21
0.9066037401574802
0
LINE
8
BLACK
6
CONTINUOUS
10
1.7446725196850392
20
0.9066037401574802
11
1.7441465354330707
21
0.9058946062992126
0
LINE
8
BLACK
6
CONTINUOUS
10
1.7441465354330707
20
0.9058946062992126
11
1.7441193700787401
21
0.9058362992125985
0
LINE
8
BLACK
6
CONTINUOUS
10
1.7441193700787401
20
0.9058362992125985
11
1.7422445669291338
21
0.9039615354330709
0
LINE
8
BLACK
6
CONTINUOUS
10
1.7422445669291338
20
0.9039615354330709
11
1.7415214960629921
21
0.9034552362204724
0
LINE
8
BLACK
6
CONTINUOUS
10
1.7415214960629921
20
0.9034552362204724
11
1.7414772047244094
21
0.9034084645669291
0
LINE
8
BLACK
6
CONTINUOUS
10
1.7414772047244094
20
0.9034084645669291
11
1.7377276771653543
21
0.9015337007874016
0
LINE
8
BLACK
6
CONTINUOUS
10
1.7377276771653543
20
0.9015337007874016
11
1.7367447244094487
21
0.9012413385826772
0
LINE
8
BLACK
6
CONTINUOUS
10
1.7367447244094487
20
0.9012413385826772
11
1.736573031496063
21
0.9012823228346456
0
LINE
8
BLACK
6
CONTINUOUS
10
1.736573031496063
20
0.9012823228346456
11
1.7364071653543307
21
0.901221968503937
0
LINE
8
BLACK
6
CONTINUOUS
10
1.7364071653543307
20
0.901221968503937
11
1.730782874015748
21
0.901221968503937
0
LINE
8
BLACK
6
CONTINUOUS
10
1.730782874015748
20
0.901221968503937
11
1.7297729527559054
21
0.9014000393700787
0
LINE
8
BLACK
6
CONTINUOUS
10
1.7297729527559054
20
0.9014000393700787
11
1.7296376771653543
21
0.9015135039370078
0
LINE
8
BLACK
6
CONTINUOUS
10
1.7296376771653543
20
0.9015135039370078
11
1.7294623622047243
21
0.9015337007874016
0
LINE
8
BLACK
6
CONTINUOUS
10
1.7294623622047243
20
0.9015337007874016
11
1.7257128346456692
21
0.9034084645669291
0
LINE
8
BLACK
6
CONTINUOUS
10
1.7257128346456692
20
0.9034084645669291
11
1.7250037401574803
21
0.9039343307086614
0
LINE
8
BLACK
6
CONTINUOUS
10
1.7250037401574803
20
0.9039343307086614
11
1.724945433070866
21
0.9039615748031495
0
LINE
8
BLACK
6
CONTINUOUS
10
1.724945433070866
20
0.9039615748031495
11
1.7230706692913385
21
0.9058363385826771
0
LINE
8
BLACK
6
CONTINUOUS
10
1.7230706692913385
20
0.9058363385826771
11
1.7224824803149605
21
0.9066763779527559
0
LINE
8
BLACK
6
CONTINUOUS
10
1.7224824803149605
20
0.9066763779527559
11
1.7224808267716536
21
0.9066949606299213
0
LINE
8
BLACK
6
CONTINUOUS
10
1.7224808267716536
20
0.9066949606299213
11
1.7216222047244094
21
0.9058363385826771
0
LINE
8
BLACK
6
CONTINUOUS
10
1.7216222047244094
20
0.9058363385826771
11
1.720899094488189
21
0.9053300393700787
0
LINE
8
BLACK
6
CONTINUOUS
10
1.720899094488189
20
0.9053300393700787
11
1.7208548031496063
21
0.9052832283464567
0
LINE
8
BLACK
6
CONTINUOUS
10
1.7208548031496063
20
0.9052832283464567
11
1.7171052755905511
21
0.9034084645669291
0
LINE
8
BLACK
6
CONTINUOUS
10
1.7171052755905511
20
0.9034084645669291
11
1.7161223228346456
21
0.9031161023622047
0
LINE
8
BLACK
6
CONTINUOUS
10
1.7161223228346456
20
0.9031161023622047
11
1.7159506299212599
21
0.9031570866141732
0
LINE
8
BLACK
6
CONTINUOUS
10
1.7159506299212599
20
0.9031570866141732
11
1.7157847637795276
21
0.9030967322834645
0
LINE
8
BLACK
6
CONTINUOUS
10
1.7157847637795276
20
0.9030967322834645
11
1.7120352362204725
21
0.9030967322834645
0
LINE
8
BLACK
6
CONTINUOUS
10
1.7120352362204725
20
0.9030967322834645
11
1.7110253149606298
21
0.9032748031496063
0
LINE
8
BLACK
6
CONTINUOUS
10
1.7110253149606298
20
0.9032748031496063
11
1.7108900393700788
21
0.9033882677165355
0
LINE
8
BLACK
6
CONTINUOUS
10
1.7108900393700788
20
0.9033882677165355
11
1.7107147244094487
21
0.9034084645669291
0
LINE
8
BLACK
6
CONTINUOUS
10
1.7107147244094487
20
0.9034084645669291
11
1.7069651968503936
21
0.9052832283464567
0
LINE
8
BLACK
6
CONTINUOUS
10
1.7069651968503936
20
0.9052832283464567
11
1.7062561023622047
21
0.9058090944881889
0
LINE
8
BLACK
6
CONTINUOUS
10
1.7062561023622047
20
0.9058090944881889
11
1.7061977952755905
21
0.9058363385826771
0
LINE
8
BLACK
6
CONTINUOUS
10
1.7061977952755905
20
0.9058363385826771
11
1.7043230314960629
21
0.9077111023622048
0
LINE
8
BLACK
6
CONTINUOUS
10
1.7043230314960629
20
0.9077111023622048
11
1.7038167322834645
21
0.9084341732283464
0
LINE
8
BLACK
6
CONTINUOUS
10
1.7038167322834645
20
0.9084341732283464
11
1.7037699212598425
21
0.9084785039370079
0
LINE
8
BLACK
6
CONTINUOUS
10
1.7037699212598425
20
0.9084785039370079
11
1.7018951574803149
21
0.912228031496063
0
LINE
8
BLACK
6
CONTINUOUS
10
1.7018951574803149
20
0.912228031496063
11
1.7016027952755906
21
0.9132109842519684
0
LINE
8
BLACK
6
CONTINUOUS
10
1.7016027952755906
20
0.9132109842519684
11
1.701643779527559
21
0.9133826377952756
0
LINE
8
BLACK
6
CONTINUOUS
10
1.701643779527559
20
0.9133826377952756
11
1.7015834251968505
21
0.9135485433070866
0
LINE
8
BLACK
6
CONTINUOUS
10
1.7015834251968505
20
0.9135485433070866
11
1.7015834251968505
21
0.9266718897637795
0
LINE
8
BLACK
6
CONTINUOUS
10
1.7015834251968505
20
0.9266718897637795
11
1.7016510236220472
21
0.9270553937007874
0
LINE
8
BLACK
6
CONTINUOUS
10
1.7016510236220472
20
0.9270553937007874
11
1.7016282677165353
21
0.9271846456692913
0
LINE
8
BLACK
6
CONTINUOUS
10
1.7016282677165353
20
0.9271846456692913
11
1.7016938582677166
21
0.9272982283464567
0
LINE
8
BLACK
6
CONTINUOUS
10
1.7016938582677166
20
0.9272982283464567
11
1.7017614960629921
21
0.927681811023622
0
LINE
8
BLACK
6
CONTINUOUS
10
1.7017614960629921
20
0.927681811023622
11
1.7022546062992125
21
0.9282694881889764
0
LINE
8
BLACK
6
CONTINUOUS
10
1.7022546062992125
20
0.9282694881889764
11
1.702638188976378
21
0.9289338188976378
0
LINE
8
BLACK
6
CONTINUOUS
10
1.702638188976378
20
0.9289338188976378
11
1.7028885039370079
21
0.9290249212598425
0
LINE
8
BLACK
6
CONTINUOUS
10
1.7028885039370079
20
0.9290249212598425
11
1.7030598031496063
21
0.9292290551181103
0
LINE
8
BLACK
6
CONTINUOUS
10
1.7030598031496063
20
0.9292290551181103
11
1.7038153543307086
21
0.929362283464567
0
LINE
8
BLACK
6
CONTINUOUS
10
1.7038153543307086
20
0.929362283464567
11
1.7045361811023623
21
0.9296246456692914
0
LINE
8
BLACK
6
CONTINUOUS
10
1.7045361811023623
20
0.9296246456692914
11
1.7439062598425197
21
0.9296246456692914
0
LINE
8
BLACK
6
CONTINUOUS
10
1.7439062598425197
20
0.9296246456692914
11
1.7442897637795276
21
0.9295570078740157
0
LINE
8
BLACK
6
CONTINUOUS
10
1.7262365748031496
20
0.9140276771653543
11
1.72773937007874
21
0.9095192519685039
0
LINE
8
BLACK
6
CONTINUOUS
10
1.72773937007874
20
0.9095192519685039
11
1.7287824409448818
21
0.9084762204724409
0
LINE
8
BLACK
6
CONTINUOUS
10
1.7287824409448818
20
0.9084762204724409
11
1.7314799212598424
21
0.9071274803149606
0
LINE
8
BLACK
6
CONTINUOUS
10
1.7314799212598424
20
0.9071274803149606
11
1.7357101181102361
21
0.9071274803149606
0
LINE
8
BLACK
6
CONTINUOUS
10
1.7357101181102361
20
0.9071274803149606
11
1.7384075984251968
21
0.9084762204724409
0
LINE
8
BLACK
6
CONTINUOUS
10
1.7384075984251968
20
0.9084762204724409
11
1.7396047637795276
21
0.9096733464566928
0
LINE
8
BLACK
6
CONTINUOUS
10
1.7396047637795276
20
0.9096733464566928
11
1.7409535039370079
21
0.9123708267716535
0
LINE
8
BLACK
6
CONTINUOUS
10
1.7409535039370079
20
0.9123708267716535
11
1.7409535039370079
21
0.9237191338582676
0
LINE
8
BLACK
6
CONTINUOUS
10
1.7409535039370079
20
0.9237191338582676
11
1.7262365748031496
21
0.9237191338582676
0
LINE
8
BLACK
6
CONTINUOUS
10
1.7262365748031496
20
0.9237191338582676
11
1.7262365748031496
21
0.9140276771653543
0
LINE
8
BLACK
6
CONTINUOUS
10
1.7074889370078741
20
0.914245590551181
11
1.7088376771653544
21
0.9115481102362204
0
LINE
8
BLACK
6
CONTINUOUS
10
1.7088376771653544
20
0.9115481102362204
11
1.7100348031496062
21
0.9103509842519685
0
LINE
8
BLACK
6
CONTINUOUS
10
1.7100348031496062
20
0.9103509842519685
11
1.7127322834645669
21
0.9090022440944882
0
LINE
8
BLACK
6
CONTINUOUS
10
1.7127322834645669
20
0.9090022440944882
11
1.715087716535433
21
0.9090022440944882
0
LINE
8
BLACK
6
CONTINUOUS
10
1.715087716535433
20
0.9090022440944882
11
1.7177851968503937
21
0.9103509842519685
0
LINE
8
BLACK
6
CONTINUOUS
10
1.7177851968503937
20
0.9103509842519685
11
1.7189823228346457
21
0.9115481102362204
0
LINE
8
BLACK
6
CONTINUOUS
10
1.7189823228346457
20
0.9115481102362204
11
1.720331062992126
21
0.914245590551181
0
LINE
8
BLACK
6
CONTINUOUS
10
1.720331062992126
20
0.914245590551181
11
1.720331062992126
21
0.9237191338582676
0
LINE
8
BLACK
6
CONTINUOUS
10
1.720331062992126
20
0.9237191338582676
11
1.7074889370078741
21
0.9237191338582676
0
LINE
8
BLACK
6
CONTINUOUS
10
1.7074889370078741
20
0.9237191338582676
11
1.7074889370078741
21
0.914245590551181
0
LINE
8
BLACK
6
CONTINUOUS
10
1.9828740157480313
20
1.5066929133858267
11
1.9842659448818898
21
1.5061163385826772
0
LINE
8
BLACK
6
CONTINUOUS
10
1.9842659448818898
20
1.5061163385826772
11
1.9848425196850392
21
1.5047244094488188
0
LINE
8
BLACK
6
CONTINUOUS
10
1.9848425196850392
20
1.5047244094488188
11
1.9848425196850392
21
0.0952755905511811
0
LINE
8
BLACK
6
CONTINUOUS
10
1.9848425196850392
20
0.0952755905511811
11
1.9842659448818898
21
0.0938836614173228
0
LINE
8
BLACK
6
CONTINUOUS
10
1.9842659448818898
20
0.0938836614173228
11
1.9828740157480313
21
0.0933070866141732
0
LINE
8
BLACK
6
CONTINUOUS
10
1.9828740157480313
20
0.0933070866141732
11
1.4671259842519684
21
0.0933070866141732
0
LINE
8
BLACK
6
CONTINUOUS
10
1.4671259842519684
20
0.0933070866141732
11
1.4657340551181102
21
0.0938836614173228
0
LINE
8
BLACK
6
CONTINUOUS
10
1.4657340551181102
20
0.0938836614173228
11
1.4651574803149605
21
0.0952755905511811
0
LINE
8
BLACK
6
CONTINUOUS
10
1.4651574803149605
20
0.0952755905511811
11
1.4651574803149605
21
1.5047244094488188
0
LINE
8
BLACK
6
CONTINUOUS
10
1.4651574803149605
20
1.5047244094488188
11
1.4657340551181102
21
1.5061163385826772
0
LINE
8
BLACK
6
CONTINUOUS
10
1.4657340551181102
20
1.5061163385826772
11
1.4671259842519684
21
1.5066929133858267
0
LINE
8
BLACK
6
CONTINUOUS
10
1.4671259842519684
20
1.5066929133858267
11
1.9828740157480313
21
1.5066929133858267
0
LINE
8
BLACK
6
CONTINUOUS
10
1.4690944881889763
20
1.5027559055118109
11
1.4690944881889763
21
0.097244094488189
0
LINE
8
BLACK
6
CONTINUOUS
10
1.4690944881889763
20
0.097244094488189
11
1.9809055118110235
21
0.097244094488189
0
LINE
8
BLACK
6
CONTINUOUS
10
1.9809055118110235
20
0.097244094488189
11
1.9809055118110235
21
1.5027559055118109
0
LINE
8
BLACK
6
CONTINUOUS
10
1.9809055118110235
20
1.5027559055118109
11
1.4690944881889763
21
1.5027559055118109
0
LINE
8
BLACK
6
CONTINUOUS
10
2.2531429527559053
20
0.5618556692913386
11
2.2536042125984252
21
0.560742125984252
0
LINE
8
BLACK
6
CONTINUOUS
10
2.2536042125984252
20
0.560742125984252
11
2.2536042125984252
21
0.5410570866141732
0
LINE
8
BLACK
6
CONTINUOUS
10
2.2536042125984252
20
0.5410570866141732
11
2.2531429527559053
21
0.5399435433070866
0
LINE
8
BLACK
6
CONTINUOUS
10
2.2531429527559053
20
0.5399435433070866
11
2.2520294094488187
21
0.5394822834645669
0
LINE
8
BLACK
6
CONTINUOUS
10
2.2520294094488187
20
0.5394822834645669
11
2.2509158661417321
21
0.5399435433070866
0
LINE
8
BLACK
6
CONTINUOUS
10
2.2509158661417321
20
0.5399435433070866
11
2.2504546062992126
21
0.5410570866141732
0
LINE
8
BLACK
6
CONTINUOUS
10
2.2504546062992126
20
0.5410570866141732
11
2.2504546062992126
21
0.5488561023622047
0
LINE
8
BLACK
6
CONTINUOUS
10
2.2504546062992126
20
0.5488561023622047
11
2.248162401574803
21
0.5488561023622047
0
LINE
8
BLACK
6
CONTINUOUS
10
2.248162401574803
20
0.5488561023622047
11
2.2420709448818896
21
0.5401540157480315
0
LINE
8
BLACK
6
CONTINUOUS
10
2.2420709448818896
20
0.5401540157480315
11
2.2410544881889765
21
0.5395062598425197
0
LINE
8
BLACK
6
CONTINUOUS
10
2.2410544881889765
20
0.5395062598425197
11
2.2398777559055119
21
0.539766968503937
0
LINE
8
BLACK
6
CONTINUOUS
10
2.2398777559055119
20
0.539766968503937
11
2.2392300000000001
21
0.5407834251968504
0
LINE
8
BLACK
6
CONTINUOUS
10
2.2392300000000001
20
0.5407834251968504
11
2.2394907086614171
21
0.5419601574803149
0
LINE
8
BLACK
6
CONTINUOUS
10
2.2394907086614171
20
0.5419601574803149
11
2.244365590551181
21
0.5489243307086614
0
LINE
8
BLACK
6
CONTINUOUS
10
2.244365590551181
20
0.5489243307086614
11
2.2441916929133856
21
0.5489963779527559
0
LINE
8
BLACK
6
CONTINUOUS
10
2.2441916929133856
20
0.5489963779527559
11
2.2438260629921261
21
0.5490223622047244
0
LINE
8
BLACK
6
CONTINUOUS
10
2.2438260629921261
20
0.5490223622047244
11
2.2419512992125985
21
0.5499597637795276
0
LINE
8
BLACK
6
CONTINUOUS
10
2.2419512992125985
20
0.5499597637795276
11
2.2417814566929133
21
0.5501555511811024
0
LINE
8
BLACK
6
CONTINUOUS
10
2.2417814566929133
20
0.5501555511811024
11
2.2415420866141731
21
0.5502547244094488
0
LINE
8
BLACK
6
CONTINUOUS
10
2.2415420866141731
20
0.5502547244094488
11
2.2406046456692912
21
0.5511920866141732
0
LINE
8
BLACK
6
CONTINUOUS
10
2.2406046456692912
20
0.5511920866141732
11
2.2405053937007873
21
0.5514316141732283
0
LINE
8
BLACK
6
CONTINUOUS
10
2.2405053937007873
20
0.5514316141732283
11
2.2403096456692912
21
0.5516014173228346
0
LINE
8
BLACK
6
CONTINUOUS
10
2.2403096456692912
20
0.5516014173228346
11
2.2393722834645668
21
0.5534761811023622
0
LINE
8
BLACK
6
CONTINUOUS
10
2.2393722834645668
20
0.5534761811023622
11
2.2393462992125985
21
0.5538417716535433
0
LINE
8
BLACK
6
CONTINUOUS
10
2.2393462992125985
20
0.5538417716535433
11
2.2392060236220472
21
0.5541804330708662
0
LINE
8
BLACK
6
CONTINUOUS
10
2.2392060236220472
20
0.5541804330708662
11
2.2392060236220472
21
0.5569925984251969
0
LINE
8
BLACK
6
CONTINUOUS
10
2.2392060236220472
20
0.5569925984251969
11
2.2393462992125985
21
0.5573312204724409
0
LINE
8
BLACK
6
CONTINUOUS
10
2.2393462992125985
20
0.5573312204724409
11
2.2393722834645668
21
0.5576968503937008
0
LINE
8
BLACK
6
CONTINUOUS
10
2.2393722834645668
20
0.5576968503937008
11
2.2403096456692912
21
0.5595716141732283
0
LINE
8
BLACK
6
CONTINUOUS
10
2.2403096456692912
20
0.5595716141732283
11
2.2405053937007873
21
0.5597413779527559
0
LINE
8
BLACK
6
CONTINUOUS
10
2.2405053937007873
20
0.5597413779527559
11
2.2406046456692912
21
0.5599809448818898
0
LINE
8
BLACK
6
CONTINUOUS
10
2.2406046456692912
20
0.5599809448818898
11
2.2415420866141731
21
0.5609183070866142
0
LINE
8
BLACK
6
CONTINUOUS
10
2.2415420866141731
20
0.5609183070866142
11
2.2417814566929133
21
0.5610174409448819
0
LINE
8
BLACK
6
CONTINUOUS
10
2.2417814566929133
20
0.5610174409448819
11
2.2419512992125985
21
0.5612132677165355
0
LINE
8
BLACK
6
CONTINUOUS
10
2.2419512992125985
20
0.5612132677165355
11
2.2438260629921261
21
0.5621506692913386
0
LINE
8
BLACK
6
CONTINUOUS
10
2.2438260629921261
20
0.5621506692913386
11
2.2441916929133856
21
0.5621766141732283
0
LINE
8
BLACK
6
CONTINUOUS
10
2.2441916929133856
20
0.5621766141732283
11
2.2445303543307085
21
0.5623169291338582
0
LINE
8
BLACK
6
CONTINUOUS
10
2.2445303543307085
20
0.5623169291338582
11
2.2520294094488187
21
0.5623169291338582
0
LINE
8
BLACK
6
CONTINUOUS
10
2.2520294094488187
20
0.5623169291338582
11
2.2531429527559053
21
0.5618556692913386
0
LINE
8
BLACK
6
CONTINUOUS
10
2.2435884251968505
20
0.5585104330708661
11
2.243012401574803
21
0.5579344488188976
0
LINE
8
BLACK
6
CONTINUOUS
10
2.243012401574803
20
0.5579344488188976
11
2.2423556299212599
21
0.5566208661417322
0
LINE
8
BLACK
6
CONTINUOUS
10
2.2423556299212599
20
0.5566208661417322
11
2.2423556299212599
21
0.5545521653543307
0
LINE
8
BLACK
6
CONTINUOUS
10
2.2423556299212599
20
0.5545521653543307
11
2.243012401574803
21
0.5532385433070865
0
LINE
8
BLACK
6
CONTINUOUS
10
2.243012401574803
20
0.5532385433070865
11
2.2435884251968505
21
0.5526625590551181
0
LINE
8
BLACK
6
CONTINUOUS
10
2.2435884251968505
20
0.5526625590551181
11
2.2449021259842521
21
0.5520057086614173
0
LINE
8
BLACK
6
CONTINUOUS
10
2.2449021259842521
20
0.5520057086614173
11
2.2504546062992126
21
0.5520057086614173
0
LINE
8
BLACK
6
CONTINUOUS
10
2.2504546062992126
20
0.5520057086614173
11
2.2504546062992126
21
0.5591673228346457
0
LINE
8
BLACK
6
CONTINUOUS
10
2.2504546062992126
20
0.5591673228346457
11
2.2449021259842521
21
0.5591673228346457
0
LINE
8
BLACK
6
CONTINUOUS
10
2.2449021259842521
20
0.5591673228346457
11
2.2435884251968505
21
0.5585104330708661
0
LINE
8
BLACK
6
CONTINUOUS
10
2.2353326771653541
20
0.5618556692913386
11
2.2357939370078741
21
0.560742125984252
0
LINE
8
BLACK
6
CONTINUOUS
10
2.2357939370078741
20
0.560742125984252
11
2.2353326771653541
21
0.5596285826771653
0
LINE
8
BLACK
6
CONTINUOUS
10
2.2353326771653541
20
0.5596285826771653
11
2.2342191338582675
21
0.5591673228346457
0
LINE
8
BLACK
6
CONTINUOUS
10
2.2342191338582675
20
0.5591673228346457
11
2.2234840551181101
21
0.5591673228346457
0
LINE
8
BLACK
6
CONTINUOUS
10
2.2234840551181101
20
0.5591673228346457
11
2.2309796850393702
21
0.5416774015748032
0
LINE
8
BLACK
6
CONTINUOUS
10
2.2309796850393702
20
0.5416774015748032
11
2.23099437007874
21
0.5404722047244095
0
LINE
8
BLACK
6
CONTINUOUS
10
2.23099437007874
20
0.5404722047244095
11
2.2301525590551181
21
0.5396096062992126
0
LINE
8
BLACK
6
CONTINUOUS
10
2.2301525590551181
20
0.5396096062992126
11
2.2289473622047242
21
0.5395949212598425
0
LINE
8
BLACK
6
CONTINUOUS
10
2.2289473622047242
20
0.5395949212598425
11
2.2280847244094488
21
0.5404367322834646
0
LINE
8
BLACK
6
CONTINUOUS
10
2.2280847244094488
20
0.5404367322834646
11
2.2196483070866142
21
0.5601217716535433
0
LINE
8
BLACK
6
CONTINUOUS
10
2.2196483070866142
20
0.5601217716535433
11
2.2196443700787403
21
0.5604442125984251
0
LINE
8
BLACK
6
CONTINUOUS
10
2.2196443700787403
20
0.5604442125984251
11
2.2195209842519685
21
0.560742125984252
0
LINE
8
BLACK
6
CONTINUOUS
10
2.2195209842519685
20
0.560742125984252
11
2.2196373228346458
21
0.5610229527559055
0
LINE
8
BLACK
6
CONTINUOUS
10
2.2196373228346458
20
0.5610229527559055
11
2.2196336220472439
21
0.5613270078740157
0
LINE
8
BLACK
6
CONTINUOUS
10
2.2196336220472439
20
0.5613270078740157
11
2.2198588582677163
21
0.5615577952755906
0
LINE
8
BLACK
6
CONTINUOUS
10
2.2198588582677163
20
0.5615577952755906
11
2.2199822440944881
21
0.5618556692913386
0
LINE
8
BLACK
6
CONTINUOUS
10
2.2199822440944881
20
0.5618556692913386
11
2.2202630314960627
21
0.561971968503937
0
LINE
8
BLACK
6
CONTINUOUS
10
2.2202630314960627
20
0.561971968503937
11
2.2204754330708663
21
0.5621896062992126
0
LINE
8
BLACK
6
CONTINUOUS
10
2.2204754330708663
20
0.5621896062992126
11
2.2207978740157479
21
0.5621935039370078
0
LINE
8
BLACK
6
CONTINUOUS
10
2.2207978740157479
20
0.5621935039370078
11
2.2210957874015747
21
0.5623169291338582
0
LINE
8
BLACK
6
CONTINUOUS
10
2.2210957874015747
20
0.5623169291338582
11
2.2342191338582675
21
0.5623169291338582
0
LINE
8
BLACK
6
CONTINUOUS
10
2.2342191338582675
20
0.5623169291338582
11
2.2353326771653541
21
0.5618556692913386
0
LINE
8
BLACK
6
CONTINUOUS
10
2.2768700787401572
20
0.5755905511811024
11
2.2782620078740159
21
0.5750139763779527
0
LINE
8
BLACK
6
CONTINUOUS
10
2.2782620078740159
20
0.5750139763779527
11
2.2788385826771651
21
0.5736220472440945
0
LINE
8
BLACK
6
CONTINUOUS
10
2.2788385826771651
20
0.5736220472440945
11
2.2788385826771651
21
0.5263779527559055
0
LINE
8
BLACK
6
CONTINUOUS
10
2.2788385826771651
20
0.5263779527559055
11
2.2782620078740159
21
0.5249860236220473
0
LINE
8
BLACK
6
CONTINUOUS
10
2.2782620078740159
20
0.5249860236220473
11
2.2768700787401572
21
0.5244094488188976
0
LINE
8
BLACK
6
CONTINUOUS
10
2.2768700787401572
20
0.5244094488188976
11
2.1981299212598424
21
0.5244094488188976
0
LINE
8
BLACK
6
CONTINUOUS
10
2.1981299212598424
20
0.5244094488188976
11
2.1967379921259842
21
0.5249860236220473
0
LINE
8
BLACK
6
CONTINUOUS
10
2.1967379921259842
20
0.5249860236220473
11
2.1961614173228345
21
0.5263779527559055
0
LINE
8
BLACK
6
CONTINUOUS
10
2.1961614173228345
20
0.5263779527559055
11
2.1961614173228345
21
0.5736220472440945
0
LINE
8
BLACK
6
CONTINUOUS
10
2.1961614173228345
20
0.5736220472440945
11
2.1967379921259842
21
0.5750139763779527
0
LINE
8
BLACK
6
CONTINUOUS
10
2.1967379921259842
20
0.5750139763779527
11
2.1981299212598424
21
0.5755905511811024
0
LINE
8
BLACK
6
CONTINUOUS
10
2.1981299212598424
20
0.5755905511811024
11
2.2768700787401572
21
0.5755905511811024
0
LINE
8
BLACK
6
CONTINUOUS
10
2.2000984251968503
20
0.5716535433070866
11
2.2000984251968503
21
0.5283464566929134
0
LINE
8
BLACK
6
CONTINUOUS
10
2.2000984251968503
20
0.5283464566929134
11
2.2749015748031494
21
0.5283464566929134
0
LINE
8
BLACK
6
CONTINUOUS
10
2.2749015748031494
20
0.5283464566929134
11
2.2749015748031494
21
0.5716535433070866
0
LINE
8
BLACK
6
CONTINUOUS
10
2.2749015748031494
20
0.5716535433070866
11
2.2000984251968503
21
0.5716535433070866
0
LINE
8
BLACK
6
CONTINUOUS
10
2.2328341732283463
20
0.7871140157480315
11
2.2333415748031498
21
0.7869609448818897
0
LINE
8
BLACK
6
CONTINUOUS
10
2.2333415748031498
20
0.7869609448818897
11
2.2333809448818895
21
0.7868875196850393
0
LINE
8
BLACK
6
CONTINUOUS
10
2.2333809448818895
20
0.7868875196850393
11
2.2334579133858266
21
0.7868556692913385
0
LINE
8
BLACK
6
CONTINUOUS
10
2.2334579133858266
20
0.7868556692913385
11
2.2336607874015746
21
0.7863657874015748
0
LINE
8
BLACK
6
CONTINUOUS
10
2.2336607874015746
20
0.7863657874015748
11
2.233911338582677
21
0.7858988188976378
0
LINE
8
BLACK
6
CONTINUOUS
10
2.233911338582677
20
0.7858988188976378
11
2.2348487007874014
21
0.7765250393700788
0
LINE
8
BLACK
6
CONTINUOUS
10
2.2348487007874014
20
0.7765250393700788
11
2.2348246062992128
21
0.7764452755905512
0
LINE
8
BLACK
6
CONTINUOUS
10
2.2348246062992128
20
0.7764452755905512
11
2.2348565354330709
21
0.7763683070866142
0
LINE
8
BLACK
6
CONTINUOUS
10
2.2348565354330709
20
0.7763683070866142
11
2.2346535826771654
21
0.7758784251968504
0
LINE
8
BLACK
6
CONTINUOUS
10
2.2346535826771654
20
0.7758784251968504
11
2.2345005511811022
21
0.7753711023622047
0
LINE
8
BLACK
6
CONTINUOUS
10
2.2345005511811022
20
0.7753711023622047
11
2.2344271259842521
21
0.7753316929133858
0
LINE
8
BLACK
6
CONTINUOUS
10
2.2344271259842521
20
0.7753316929133858
11
2.234395275590551
21
0.7752547637795275
0
LINE
8
BLACK
6
CONTINUOUS
10
2.234395275590551
20
0.7752547637795275
11
2.2339053937007876
21
0.7750518503937007
0
LINE
8
BLACK
6
CONTINUOUS
10
2.2339053937007876
20
0.7750518503937007
11
2.2334384251968502
21
0.7748013385826772
0
LINE
8
BLACK
6
CONTINUOUS
10
2.2334384251968502
20
0.7748013385826772
11
2.2333587007874014
21
0.7748253543307086
0
LINE
8
BLACK
6
CONTINUOUS
10
2.2333587007874014
20
0.7748253543307086
11
2.2332817322834644
21
0.7747935039370079
0
LINE
8
BLACK
6
CONTINUOUS
10
2.2332817322834644
20
0.7747935039370079
11
2.232791692913386
21
0.7749964566929134
0
LINE
8
BLACK
6
CONTINUOUS
10
2.232791692913386
20
0.7749964566929134
11
2.232284527559055
21
0.7751495275590551
0
LINE
8
BLACK
6
CONTINUOUS
10
2.232284527559055
20
0.7751495275590551
11
2.2322451574803148
21
0.7752228346456693
0
LINE
8
BLACK
6
CONTINUOUS
10
2.2322451574803148
20
0.7752228346456693
11
2.2321681889763778
21
0.7752547637795275
0
LINE
8
BLACK
6
CONTINUOUS
10
2.2321681889763778
20
0.7752547637795275
11
2.2314115354330708
21
0.7760113779527559
0
LINE
8
BLACK
6
CONTINUOUS
10
2.2314115354330708
20
0.7760113779527559
11
2.2300978346456692
21
0.7766682677165354
0
LINE
8
BLACK
6
CONTINUOUS
10
2.2300978346456692
20
0.7766682677165354
11
2.2261544488188978
21
0.7766682677165354
0
LINE
8
BLACK
6
CONTINUOUS
10
2.2261544488188978
20
0.7766682677165354
11
2.2248407086614175
21
0.7760113779527559
0
LINE
8
BLACK
6
CONTINUOUS
10
2.2248407086614175
20
0.7760113779527559
11
2.2242648031496062
21
0.7754354724409449
0
LINE
8
BLACK
6
CONTINUOUS
10
2.2242648031496062
20
0.7754354724409449
11
2.2236079527559056
21
0.7741217322834646
0
LINE
8
BLACK
6
CONTINUOUS
10
2.2236079527559056
20
0.7741217322834646
11
2.2236079527559056
21
0.7701783858267717
0
LINE
8
BLACK
6
CONTINUOUS
10
2.2236079527559056
20
0.7701783858267717
11
2.2242648031496062
21
0.7688646456692914
0
LINE
8
BLACK
6
CONTINUOUS
10
2.2242648031496062
20
0.7688646456692914
11
2.2248407086614175
21
0.7682887401574803
0
LINE
8
BLACK
6
CONTINUOUS
10
2.2248407086614175
20
0.7682887401574803
11
2.2261544488188978
21
0.7676318897637795
0
LINE
8
BLACK
6
CONTINUOUS
10
2.2261544488188978
20
0.7676318897637795
11
2.2300978346456692
21
0.7676318897637795
0
LINE
8
BLACK
6
CONTINUOUS
10
2.2300978346456692
20
0.7676318897637795
11
2.2314115354330708
21
0.7682887401574803
0
LINE
8
BLACK
6
CONTINUOUS
10
2.2314115354330708
20
0.7682887401574803
11
2.2321681889763778
21
0.7690453937007874
0
LINE
8
BLACK
6
CONTINUOUS
10
2.2321681889763778
20
0.7690453937007874
11
2.2332817322834644
21
0.7695066535433071
0
LINE
8
BLACK
6
CONTINUOUS
10
2.2332817322834644
20
0.7695066535433071
11
2.234395275590551
21
0.7690453937007874
0
LINE
8
BLACK
6
CONTINUOUS
10
2.234395275590551
20
0.7690453937007874
11
2.2348565354330709
21
0.7679318503937008
0
LINE
8
BLACK
6
CONTINUOUS
10
2.2348565354330709
20
0.7679318503937008
11
2.234395275590551
21
0.7668183070866141
0
LINE
8
BLACK
6
CONTINUOUS
10
2.234395275590551
20
0.7668183070866141
11
2.2334579133858266
21
0.7658809448818897
0
LINE
8
BLACK
6
CONTINUOUS
10
2.2334579133858266
20
0.7658809448818897
11
2.2332184645669293
21
0.7657817322834646
0
LINE
8
BLACK
6
CONTINUOUS
10
2.2332184645669293
20
0.7657817322834646
11
2.2330486614173228
21
0.7655859448818898
0
LINE
8
BLACK
6
CONTINUOUS
10
2.2330486614173228
20
0.7655859448818898
11
2.2311738976377953
21
0.7646485433070866
0
LINE
8
BLACK
6
CONTINUOUS
10
2.2311738976377953
20
0.7646485433070866
11
2.2308082283464565
21
0.7646225590551181
0
LINE
8
BLACK
6
CONTINUOUS
10
2.2308082283464565
20
0.7646225590551181
11
2.2304696062992124
21
0.7644822834645669
0
LINE
8
BLACK
6
CONTINUOUS
10
2.2304696062992124
20
0.7644822834645669
11
2.2257826771653542
21
0.7644822834645669
0
LINE
8
BLACK
6
CONTINUOUS
10
2.2257826771653542
20
0.7644822834645669
11
2.2254440157480313
21
0.7646225590551181
0
LINE
8
BLACK
6
CONTINUOUS
10
2.2254440157480313
20
0.7646225590551181
11
2.2250783858267718
21
0.7646485433070866
0
LINE
8
BLACK
6
CONTINUOUS
10
2.2250783858267718
20
0.7646485433070866
11
2.2232036220472442
21
0.7655859448818898
0
LINE
8
BLACK
6
CONTINUOUS
10
2.2232036220472442
20
0.7655859448818898
11
2.223033779527559
21
0.7657817322834646
0
LINE
8
BLACK
6
CONTINUOUS
10
2.223033779527559
20
0.7657817322834646
11
2.22279437007874
21
0.7658809448818897
0
LINE
8
BLACK
6
CONTINUOUS
10
2.22279437007874
20
0.7658809448818897
11
2.2218570078740156
21
0.7668183070866141
0
LINE
8
BLACK
6
CONTINUOUS
10
2.2218570078740156
20
0.7668183070866141
11
2.2217577952755905
21
0.7670577165354331
0
LINE
8
BLACK
6
CONTINUOUS
10
2.2217577952755905
20
0.7670577165354331
11
2.2215620078740157
21
0.7672275590551181
0
LINE
8
BLACK
6
CONTINUOUS
10
2.2215620078740157
20
0.7672275590551181
11
2.2206246062992125
21
0.7691023228346456
0
LINE
8
BLACK
6
CONTINUOUS
10
2.2206246062992125
20
0.7691023228346456
11
2.2205986220472442
21
0.7694679527559055
0
LINE
8
BLACK
6
CONTINUOUS
10
2.2205986220472442
20
0.7694679527559055
11
2.2204583464566929
21
0.7698066141732284
0
LINE
8
BLACK
6
CONTINUOUS
10
2.2204583464566929
20
0.7698066141732284
11
2.2204583464566929
21
0.7744935433070866
0
LINE
8
BLACK
6
CONTINUOUS
10
2.2204583464566929
20
0.7744935433070866
11
2.2205986220472442
21
0.7748321653543306
0
LINE
8
BLACK
6
CONTINUOUS
10
2.2205986220472442
20
0.7748321653543306
11
2.2206246062992125
21
0.7751978346456693
0
LINE
8
BLACK
6
CONTINUOUS
10
2.2206246062992125
20
0.7751978346456693
11
2.2215620078740157
21
0.7770725984251968
0
LINE
8
BLACK
6
CONTINUOUS
10
2.2215620078740157
20
0.7770725984251968
11
2.2217577952755905
21
0.7772424015748032
0
LINE
8
BLACK
6
CONTINUOUS
10
2.2217577952755905
20
0.7772424015748032
11
2.2218570078740156
21
0.7774818503937008
0
LINE
8
BLACK
6
CONTINUOUS
10
2.2218570078740156
20
0.7774818503937008
11
2.22279437007874
21
0.7784192125984252
0
LINE
8
BLACK
6
CONTINUOUS
10
2.22279437007874
20
0.7784192125984252
11
2.223033779527559
21
0.7785183858267717
0
LINE
8
BLACK
6
CONTINUOUS
10
2.223033779527559
20
0.7785183858267717
11
2.2232036220472442
21
0.7787142125984252
0
LINE
8
BLACK
6
CONTINUOUS
10
2.2232036220472442
20
0.7787142125984252
11
2.2250783858267718
21
0.7796516141732284
0
LINE
8
BLACK
6
CONTINUOUS
10
2.2250783858267718
20
0.7796516141732284
11
2.2254440157480313
21
0.779677559055118
0
LINE
8
BLACK
6
CONTINUOUS
10
2.2254440157480313
20
0.779677559055118
11
2.2257826771653542
21
0.779817874015748
0
LINE
8
BLACK
6
CONTINUOUS
10
2.2257826771653542
20
0.779817874015748
11
2.2304696062992124
21
0.779817874015748
0
LINE
8
BLACK
6
CONTINUOUS
10
2.2304696062992124
20
0.779817874015748
11
2.2308082283464565
21
0.779677559055118
0
LINE
8
BLACK
6
CONTINUOUS
10
2.2308082283464565
20
0.779677559055118
11
2.2311738976377953
21
0.7796516141732284
0
LINE
8
BLACK
6
CONTINUOUS
10
2.2311738976377953
20
0.7796516141732284
11
2.2313811023622048
21
0.7795479921259842
0
LINE
8
BLACK
6
CONTINUOUS
10
2.2313811023622048
20
0.7795479921259842
11
2.2309192125984252
21
0.7841673228346456
0
LINE
8
BLACK
6
CONTINUOUS
10
2.2309192125984252
20
0.7841673228346456
11
2.2229705511811022
21
0.7841673228346456
0
LINE
8
BLACK
6
CONTINUOUS
10
2.2229705511811022
20
0.7841673228346456
11
2.2218570078740156
21
0.7846285826771653
0
LINE
8
BLACK
6
CONTINUOUS
10
2.2218570078740156
20
0.7846285826771653
11
2.2213957480314961
21
0.785742125984252
0
LINE
8
BLACK
6
CONTINUOUS
10
2.2213957480314961
20
0.785742125984252
11
2.2218570078740156
21
0.7868556692913385
0
LINE
8
BLACK
6
CONTINUOUS
10
2.2218570078740156
20
0.7868556692913385
11
2.2229705511811022
21
0.7873169291338582
0
LINE
8
BLACK
6
CONTINUOUS
10
2.2229705511811022
20
0.7873169291338582
11
2.23234437007874
21
0.7873169291338582
0
LINE
8
BLACK
6
CONTINUOUS
10
2.23234437007874
20
0.7873169291338582
11
2.2328341732283463
21
0.7871140157480315
0
LINE
8
BLACK
6
CONTINUOUS
10
2.2531429527559053
20
0.7868556692913385
11
2.2536042125984252
21
0.785742125984252
0
LINE
8
BLACK
6
CONTINUOUS
10
2.2536042125984252
20
0.785742125984252
11
2.2536042125984252
21
0.7660570866141733
0
LINE
8
BLACK
6
CONTINUOUS
10
2.2536042125984252
20
0.7660570866141733
11
2.2531429527559053
21
0.7649435433070866
0
LINE
8
BLACK
6
CONTINUOUS
10
2.2531429527559053
20
0.7649435433070866
11
2.2520294094488187
21
0.7644822834645669
0
LINE
8
BLACK
6
CONTINUOUS
10
2.2520294094488187
20
0.7644822834645669
11
2.2509158661417321
21
0.7649435433070866
0
LINE
8
BLACK
6
CONTINUOUS
10
2.2509158661417321
20
0.7649435433070866
11
2.2504546062992126
21
0.7660570866141733
0
LINE
8
BLACK
6
CONTINUOUS
10
2.2504546062992126
20
0.7660570866141733
11
2.2504546062992126
21
0.7738561023622047
0
LINE
8
BLACK
6
CONTINUOUS
10
2.2504546062992126
20
0.7738561023622047
11
2.248162401574803
21
0.7738561023622047
0
LINE
8
BLACK
6
CONTINUOUS
10
2.248162401574803
20
0.7738561023622047
11
2.2420709448818896
21
0.7651540157480314
0
LINE
8
BLACK
6
CONTINUOUS
10
2.2420709448818896
20
0.7651540157480314
11
2.2410544881889765
21
0.7645062598425196
0
LINE
8
BLACK
6
CONTINUOUS
10
2.2410544881889765
20
0.7645062598425196
11
2.2398777559055119
21
0.764766968503937
0
LINE
8
BLACK
6
CONTINUOUS
10
2.2398777559055119
20
0.764766968503937
11
2.2392300000000001
21
0.7657834251968504
0
LINE
8
BLACK
6
CONTINUOUS
10
2.2392300000000001
20
0.7657834251968504
11
2.2394907086614171
21
0.766960157480315
0
LINE
8
BLACK
6
CONTINUOUS
10
2.2394907086614171
20
0.766960157480315
11
2.244365590551181
21
0.7739243307086614
0
LINE
8
BLACK
6
CONTINUOUS
10
2.244365590551181
20
0.7739243307086614
11
2.2441916929133856
21
0.7739963779527559
0
LINE
8
BLACK
6
CONTINUOUS
10
2.2441916929133856
20
0.7739963779527559
11
2.2438260629921261
21
0.7740223622047244
0
LINE
8
BLACK
6
CONTINUOUS
10
2.2438260629921261
20
0.7740223622047244
11
2.2419512992125985
21
0.7749597637795276
0
LINE
8
BLACK
6
CONTINUOUS
10
2.2419512992125985
20
0.7749597637795276
11
2.2417814566929133
21
0.7751555511811024
0
LINE
8
BLACK
6
CONTINUOUS
10
2.2417814566929133
20
0.7751555511811024
11
2.2415420866141731
21
0.7752547244094488
0
LINE
8
BLACK
6
CONTINUOUS
10
2.2415420866141731
20
0.7752547244094488
11
2.2406046456692912
21
0.7761920866141732
0
LINE
8
BLACK
6
CONTINUOUS
10
2.2406046456692912
20
0.7761920866141732
11
2.2405053937007873
21
0.7764316141732284
0
LINE
8
BLACK
6
CONTINUOUS
10
2.2405053937007873
20
0.7764316141732284
11
2.2403096456692912
21
0.7766014173228346
0
LINE
8
BLACK
6
CONTINUOUS
10
2.2403096456692912
20
0.7766014173228346
11
2.2393722834645668
21
0.7784761811023622
0
LINE
8
BLACK
6
CONTINUOUS
10
2.2393722834645668
20
0.7784761811023622
11
2.2393462992125985
21
0.7788417716535433
0
LINE
8
BLACK
6
CONTINUOUS
10
2.2393462992125985
20
0.7788417716535433
11
2.2392060236220472
21
0.7791804330708662
0
LINE
8
BLACK
6
CONTINUOUS
10
2.2392060236220472
20
0.7791804330708662
11
2.2392060236220472
21
0.7819925984251969
0
LINE
8
BLACK
6
CONTINUOUS
10
2.2392060236220472
20
0.7819925984251969
11
2.2393462992125985
21
0.782331220472441
0
LINE
8
BLACK
6
CONTINUOUS
10
2.2393462992125985
20
0.782331220472441
11
2.2393722834645668
21
0.7826968503937007
0
LINE
8
BLACK
6
CONTINUOUS
10
2.2393722834645668
20
0.7826968503937007
11
2.2403096456692912
21
0.7845716141732283
0
LINE
8
BLACK
6
CONTINUOUS
10
2.2403096456692912
20
0.7845716141732283
11
2.2405053937007873
21
0.7847413779527559
0
LINE
8
BLACK
6
CONTINUOUS
10
2.2405053937007873
20
0.7847413779527559
11
2.2406046456692912
21
0.7849809448818897
0
LINE
8
BLACK
6
CONTINUOUS
10
2.2406046456692912
20
0.7849809448818897
11
2.2415420866141731
21
0.7859183070866141
0
LINE
8
BLACK
6
CONTINUOUS
10
2.2415420866141731
20
0.7859183070866141
11
2.2417814566929133
21
0.7860174409448819
0
LINE
8
BLACK
6
CONTINUOUS
10
2.2417814566929133
20
0.7860174409448819
11
2.2419512992125985
21
0.7862132677165354
0
LINE
8
BLACK
6
CONTINUOUS
10
2.2419512992125985
20
0.7862132677165354
11
2.2438260629921261
21
0.7871506692913386
0
LINE
8
BLACK
6
CONTINUOUS
10
2.2438260629921261
20
0.7871506692913386
11
2.2441916929133856
21
0.7871766141732284
0
LINE
8
BLACK
6
CONTINUOUS
10
2.2441916929133856
20
0.7871766141732284
11
2.2445303543307085
21
0.7873169291338582
0
LINE
8
BLACK
6
CONTINUOUS
10
2.2445303543307085
20
0.7873169291338582
11
2.2520294094488187
21
0.7873169291338582
0
LINE
8
BLACK
6
CONTINUOUS
10
2.2520294094488187
20
0.7873169291338582
11
2.2531429527559053
21
0.7868556692913385
0
LINE
8
BLACK
6
CONTINUOUS
10
2.2435884251968505
20
0.7835104330708661
11
2.243012401574803
21
0.7829344488188976
0
LINE
8
BLACK
6
CONTINUOUS
10
2.243012401574803
20
0.7829344488188976
11
2.2423556299212599
21
0.7816208661417323
0
LINE
8
BLACK
6
CONTINUOUS
10
2.2423556299212599
20
0.7816208661417323
11
2.2423556299212599
21
0.7795521653543307
0
LINE
8
BLACK
6
CONTINUOUS
10
2.2423556299212599
20
0.7795521653543307
11
2.243012401574803
21
0.7782385433070866
0
LINE
8
BLACK
6
CONTINUOUS
10
2.243012401574803
20
0.7782385433070866
11
2.2435884251968505
21
0.7776625590551181
0
LINE
8
BLACK
6
CONTINUOUS
10
2.2435884251968505
20
0.7776625590551181
11
2.2449021259842521
21
0.7770057086614173
0
LINE
8
BLACK
6
CONTINUOUS
10
2.2449021259842521
20
0.7770057086614173
11
2.2504546062992126
21
0.7770057086614173
0
LINE
8
BLACK
6
CONTINUOUS
10
2.2504546062992126
20
0.7770057086614173
11
2.2504546062992126
21
0.7841673228346456
0
LINE
8
BLACK
6
CONTINUOUS
10
2.2504546062992126
20
0.7841673228346456
11
2.2449021259842521
21
0.7841673228346456
0
LINE
8
BLACK
6
CONTINUOUS
10
2.2449021259842521
20
0.7841673228346456
11
2.2435884251968505
21
0.7835104330708661
0
LINE
8
BLACK
6
CONTINUOUS
10
2.2768700787401572
20
0.8005905511811023
11
2.2782620078740159
21
0.8000139763779527
0
LINE
8
BLACK
6
CONTINUOUS
10
2.2782620078740159
20
0.8000139763779527
11
2.2788385826771651
21
0.7986220472440945
0
LINE
8
BLACK
6
CONTINUOUS
10
2.2788385826771651
20
0.7986220472440945
11
2.2788385826771651
21
0.7513779527559055
0
LINE
8
BLACK
6
CONTINUOUS
10
2.2788385826771651
20
0.7513779527559055
11
2.2782620078740159
21
0.7499860236220472
0
LINE
8
BLACK
6
CONTINUOUS
10
2.2782620078740159
20
0.7499860236220472
11
2.2768700787401572
21
0.7494094488188976
0
LINE
8
BLACK
6
CONTINUOUS
10
2.2768700787401572
20
0.7494094488188976
11
2.1981299212598424
21
0.7494094488188976
0
LINE
8
BLACK
6
CONTINUOUS
10
2.1981299212598424
20
0.7494094488188976
11
2.1967379921259842
21
0.7499860236220472
0
LINE
8
BLACK
6
CONTINUOUS
10
2.1967379921259842
20
0.7499860236220472
11
2.1961614173228345
21
0.7513779527559055
0
LINE
8
BLACK
6
CONTINUOUS
10
2.1961614173228345
20
0.7513779527559055
11
2.1961614173228345
21
0.7986220472440945
0
LINE
8
BLACK
6
CONTINUOUS
10
2.1961614173228345
20
0.7986220472440945
11
2.1967379921259842
21
0.8000139763779527
0
LINE
8
BLACK
6
CONTINUOUS
10
2.1967379921259842
20
0.8000139763779527
11
2.1981299212598424
21
0.8005905511811023
0
LINE
8
BLACK
6
CONTINUOUS
10
2.1981299212598424
20
0.8005905511811023
11
2.2768700787401572
21
0.8005905511811023
0
LINE
8
BLACK
6
CONTINUOUS
10
2.2000984251968503
20
0.7966535433070866
11
2.2000984251968503
21
0.7533464566929133
0
LINE
8
BLACK
6
CONTINUOUS
10
2.2000984251968503
20
0.7533464566929133
11
2.2749015748031494
21
0.7533464566929133
0
LINE
8
BLACK
6
CONTINUOUS
10
2.2749015748031494
20
0.7533464566929133
11
2.2749015748031494
21
0.7966535433070866
0
LINE
8
BLACK
6
CONTINUOUS
10
2.2749015748031494
20
0.7966535433070866
11
2.2000984251968503
21
0.7966535433070866
0
LINE
8
BLACK
6
CONTINUOUS
10
2.2100564173228348
20
1.0093952755905511
11
2.2105176771653543
21
1.0082817322834645
0
LINE
8
BLACK
6
CONTINUOUS
10
2.2105176771653543
20
1.0082817322834645
11
2.2105176771653543
21
0.9970331496062992
0
LINE
8
BLACK
6
CONTINUOUS
10
2.2105176771653543
20
0.9970331496062992
11
2.2100564173228348
21
0.9959196062992126
0
LINE
8
BLACK
6
CONTINUOUS
10
2.2100564173228348
20
0.9959196062992126
11
2.2089428740157482
21
0.9954583464566928
0
LINE
8
BLACK
6
CONTINUOUS
10
2.2089428740157482
20
0.9954583464566928
11
2.2078293307086612
21
0.9959196062992126
0
LINE
8
BLACK
6
CONTINUOUS
10
2.2078293307086612
20
0.9959196062992126
11
2.2073680708661416
21
0.9970331496062992
0
LINE
8
BLACK
6
CONTINUOUS
10
2.2073680708661416
20
0.9970331496062992
11
2.2073680708661416
21
1.0010826377952755
0
LINE
8
BLACK
6
CONTINUOUS
10
2.2073680708661416
20
1.0010826377952755
11
2.189257834645669
21
1.0010826377952755
0
LINE
8
BLACK
6
CONTINUOUS
10
2.189257834645669
20
1.0010826377952755
11
2.1891079921259844
21
1.0011446850393702
0
LINE
8
BLACK
6
CONTINUOUS
10
2.1891079921259844
20
1.0011446850393702
11
2.1889489763779526
21
1.0011132283464568
0
LINE
8
BLACK
6
CONTINUOUS
10
2.1889489763779526
20
1.0011132283464568
11
2.1885679133858269
21
1.0013683858267717
0
LINE
8
BLACK
6
CONTINUOUS
10
2.1885679133858269
20
1.0013683858267717
11
2.1881442913385825
21
1.0015438976377953
0
LINE
8
BLACK
6
CONTINUOUS
10
2.1881442913385825
20
1.0015438976377953
11
2.1880822440944883
21
1.0016936614173229
0
LINE
8
BLACK
6
CONTINUOUS
10
2.1880822440944883
20
1.0016936614173229
11
2.1879475196850393
21
1.0017838976377953
0
LINE
8
BLACK
6
CONTINUOUS
10
2.1879475196850393
20
1.0017838976377953
11
2.187858503937008
21
1.0022337401574803
0
LINE
8
BLACK
6
CONTINUOUS
10
2.187858503937008
20
1.0022337401574803
11
2.1876830314960629
21
1.0026574409448819
0
LINE
8
BLACK
6
CONTINUOUS
10
2.1876830314960629
20
1.0026574409448819
11
2.1877450787401576
21
1.0028072440944882
0
LINE
8
BLACK
6
CONTINUOUS
10
2.1877450787401576
20
1.0028072440944882
11
2.187713622047244
21
1.0029662992125985
0
LINE
8
BLACK
6
CONTINUOUS
10
2.187713622047244
20
1.0029662992125985
11
2.1879687795275591
21
1.0033473228346457
0
LINE
8
BLACK
6
CONTINUOUS
10
2.1879687795275591
20
1.0033473228346457
11
2.1881442913385825
21
1.0037709842519684
0
LINE
8
BLACK
6
CONTINUOUS
10
2.1881442913385825
20
1.0037709842519684
11
2.18829405511811
21
1.0038329921259843
0
LINE
8
BLACK
6
CONTINUOUS
10
2.18829405511811
20
1.0038329921259843
11
2.1883842913385827
21
1.0039677559055118
0
LINE
8
BLACK
6
CONTINUOUS
10
2.1883842913385827
20
1.0039677559055118
11
2.1910667322834647
21
1.0057560236220473
0
LINE
8
BLACK
6
CONTINUOUS
10
2.1910667322834647
20
1.0057560236220473
11
2.1926505118110238
21
1.0073398425196851
0
LINE
8
BLACK
6
CONTINUOUS
10
2.1926505118110238
20
1.0073398425196851
11
2.1934735826771652
21
1.0089859842519684
0
LINE
8
BLACK
6
CONTINUOUS
10
2.1934735826771652
20
1.0089859842519684
11
2.1943840944881887
21
1.0097756692913387
0
LINE
8
BLACK
6
CONTINUOUS
10
2.1943840944881887
20
1.0097756692913387
11
2.1955863779527558
21
1.0096902755905512
0
LINE
8
BLACK
6
CONTINUOUS
10
2.1955863779527558
20
1.0096902755905512
11
2.1963761023622048
21
1.0087797244094487
0
LINE
8
BLACK
6
CONTINUOUS
10
2.1963761023622048
20
1.0087797244094487
11
2.1962906692913386
21
1.0075774409448819
0
LINE
8
BLACK
6
CONTINUOUS
10
2.1962906692913386
20
1.0075774409448819
11
2.1953533070866142
21
1.0057027165354331
0
LINE
8
BLACK
6
CONTINUOUS
10
2.1953533070866142
20
1.0057027165354331
11
2.1951574803149607
21
1.0055328740157481
0
LINE
8
BLACK
6
CONTINUOUS
10
2.1951574803149607
20
1.0055328740157481
11
2.1950583070866143
21
1.0052933858267716
0
LINE
8
BLACK
6
CONTINUOUS
10
2.1950583070866143
20
1.0052933858267716
11
2.1939971259842519
21
1.0042322440944882
0
LINE
8
BLACK
6
CONTINUOUS
10
2.1939971259842519
20
1.0042322440944882
11
2.2073680708661416
21
1.0042322440944882
0
LINE
8
BLACK
6
CONTINUOUS
10
2.2073680708661416
20
1.0042322440944882
11
2.2073680708661416
21
1.0082817322834645
0
LINE
8
BLACK
6
CONTINUOUS
10
2.2073680708661416
20
1.0082817322834645
11
2.2078293307086612
21
1.0093952755905511
0
LINE
8
BLACK
6
CONTINUOUS
10
2.2078293307086612
20
1.0093952755905511
11
2.2089428740157482
21
1.0098565354330709
0
LINE
8
BLACK
6
CONTINUOUS
10
2.2089428740157482
20
1.0098565354330709
11
2.2100564173228348
21
1.0093952755905511
0
LINE
8
BLACK
6
CONTINUOUS
10
2.2100564173228348
20
1.0281429527559054
11
2.2105176771653543
21
1.0270294094488188
0
LINE
8
BLACK
6
CONTINUOUS
10
2.2105176771653543
20
1.0270294094488188
11
2.2100564173228348
21
1.0259158661417322
0
LINE
8
BLACK
6
CONTINUOUS
10
2.2100564173228348
20
1.0259158661417322
11
2.2089428740157482
21
1.0254546062992125
0
LINE
8
BLACK
6
CONTINUOUS
10
2.2089428740157482
20
1.0254546062992125
11
2.2011438582677165
21
1.0254546062992125
0
LINE
8
BLACK
6
CONTINUOUS
10
2.2011438582677165
20
1.0254546062992125
11
2.2011438582677165
21
1.0231623622047243
0
LINE
8
BLACK
6
CONTINUOUS
10
2.2011438582677165
20
1.0231623622047243
11
2.2098459842519684
21
1.0170709448818898
0
LINE
8
BLACK
6
CONTINUOUS
10
2.2098459842519684
20
1.0170709448818898
11
2.2104937007874015
21
1.0160544881889764
0
LINE
8
BLACK
6
CONTINUOUS
10
2.2104937007874015
20
1.0160544881889764
11
2.2102330314960628
21
1.014877716535433
0
LINE
8
BLACK
6
CONTINUOUS
10
2.2102330314960628
20
1.014877716535433
11
2.2092165748031496
21
1.01423
0
LINE
8
BLACK
6
CONTINUOUS
10
2.2092165748031496
20
1.01423
11
2.2080398031496062
21
1.0144907086614172
0
LINE
8
BLACK
6
CONTINUOUS
10
2.2080398031496062
20
1.0144907086614172
11
2.2010755905511812
21
1.0193655905511811
0
LINE
8
BLACK
6
CONTINUOUS
10
2.2010755905511812
20
1.0193655905511811
11
2.2010035433070865
21
1.0191916929133857
0
LINE
8
BLACK
6
CONTINUOUS
10
2.2010035433070865
20
1.0191916929133857
11
2.2009775984251969
21
1.018826062992126
0
LINE
8
BLACK
6
CONTINUOUS
10
2.2009775984251969
20
1.018826062992126
11
2.2000401968503938
21
1.0169512992125984
0
LINE
8
BLACK
6
CONTINUOUS
10
2.2000401968503938
20
1.0169512992125984
11
2.1998443700787402
21
1.0167814566929134
0
LINE
8
BLACK
6
CONTINUOUS
10
2.1998443700787402
20
1.0167814566929134
11
2.1997452362204726
21
1.0165420866141732
0
LINE
8
BLACK
6
CONTINUOUS
10
2.1997452362204726
20
1.0165420866141732
11
2.1988078740157482
21
1.0156046456692913
0
LINE
8
BLACK
6
CONTINUOUS
10
2.1988078740157482
20
1.0156046456692913
11
2.1985683070866142
21
1.0155053937007874
0
LINE
8
BLACK
6
CONTINUOUS
10
2.1985683070866142
20
1.0155053937007874
11
2.1983985433070865
21
1.0153096456692914
0
LINE
8
BLACK
6
CONTINUOUS
10
2.1983985433070865
20
1.0153096456692914
11
2.196523779527559
21
1.014372283464567
0
LINE
8
BLACK
6
CONTINUOUS
10
2.196523779527559
20
1.014372283464567
11
2.196158149606299
21
1.0143462992125984
0
LINE
8
BLACK
6
CONTINUOUS
10
2.196158149606299
20
1.0143462992125984
11
2.1958195275590549
21
1.0142060236220471
0
LINE
8
BLACK
6
CONTINUOUS
10
2.1958195275590549
20
1.0142060236220471
11
2.1930073622047241
21
1.0142060236220471
0
LINE
8
BLACK
6
CONTINUOUS
10
2.1930073622047241
20
1.0142060236220471
11
2.1926687007874017
21
1.0143462992125984
0
LINE
8
BLACK
6
CONTINUOUS
10
2.1926687007874017
20
1.0143462992125984
11
2.1923030708661417
21
1.014372283464567
0
LINE
8
BLACK
6
CONTINUOUS
10
2.1923030708661417
20
1.014372283464567
11
2.1904283464566929
21
1.0153096456692914
0
LINE
8
BLACK
6
CONTINUOUS
10
2.1904283464566929
20
1.0153096456692914
11
2.1902585433070865
21
1.0155053937007874
0
LINE
8
BLACK
6
CONTINUOUS
10
2.1902585433070865
20
1.0155053937007874
11
2.1900190157480313
21
1.0156046456692913
0
LINE
8
BLACK
6
CONTINUOUS
10
2.1900190157480313
20
1.0156046456692913
11
2.1890816535433069
21
1.0165420472440945
0
LINE
8
BLACK
6
CONTINUOUS
10
2.1890816535433069
20
1.0165420472440945
11
2.1889824409448817
21
1.0167814960629922
0
LINE
8
BLACK
6
CONTINUOUS
10
2.1889824409448817
20
1.0167814960629922
11
2.1887866929133857
21
1.0169512992125984
0
LINE
8
BLACK
6
CONTINUOUS
10
2.1887866929133857
20
1.0169512992125984
11
2.1878492913385825
21
1.018826062992126
0
LINE
8
BLACK
6
CONTINUOUS
10
2.1878492913385825
20
1.018826062992126
11
2.1878233070866142
21
1.0191916929133857
0
LINE
8
BLACK
6
CONTINUOUS
10
2.1878233070866142
20
1.0191916929133857
11
2.1876830314960629
21
1.0195303543307086
0
LINE
8
BLACK
6
CONTINUOUS
10
2.1876830314960629
20
1.0195303543307086
11
2.1876830314960629
21
1.0270294094488188
0
LINE
8
BLACK
6
CONTINUOUS
10
2.1876830314960629
20
1.0270294094488188
11
2.1881442913385825
21
1.0281429527559054
0
LINE
8
BLACK
6
CONTINUOUS
10
2.1881442913385825
20
1.0281429527559054
11
2.189257834645669
21
1.0286042125984252
0
LINE
8
BLACK
6
CONTINUOUS
10
2.189257834645669
20
1.0286042125984252
11
2.2089428740157482
21
1.0286042125984252
0
LINE
8
BLACK
6
CONTINUOUS
10
2.2089428740157482
20
1.0286042125984252
11
2.2100564173228348
21
1.0281429527559054
0
LINE
8
BLACK
6
CONTINUOUS
10
2.1908326377952756
20
1.019902125984252
11
2.1914894881889762
21
1.0185884251968504
0
LINE
8
BLACK
6
CONTINUOUS
10
2.1914894881889762
20
1.0185884251968504
11
2.1920654330708662
21
1.0180124015748031
0
LINE
8
BLACK
6
CONTINUOUS
10
2.1920654330708662
20
1.0180124015748031
11
2.193379094488189
21
1.0173556299212598
0
LINE
8
BLACK
6
CONTINUOUS
10
2.193379094488189
20
1.0173556299212598
11
2.1954477952755904
21
1.0173556299212598
0
LINE
8
BLACK
6
CONTINUOUS
10
2.1954477952755904
20
1.0173556299212598
11
2.1967613779527557
21
1.0180124015748031
0
LINE
8
BLACK
6
CONTINUOUS
10
2.1967613779527557
20
1.0180124015748031
11
2.1973373622047245
21
1.0185884251968504
0
LINE
8
BLACK
6
CONTINUOUS
10
2.1973373622047245
20
1.0185884251968504
11
2.1979942519685038
21
1.019902125984252
0
LINE
8
BLACK
6
CONTINUOUS
10
2.1979942519685038
20
1.019902125984252
11
2.1979942519685038
21
1.0254546062992125
0
LINE
8
BLACK
6
CONTINUOUS
10
2.1979942519685038
20
1.0254546062992125
11
2.1908326377952756
21
1.0254546062992125
0
LINE
8
BLACK
6
CONTINUOUS
10
2.1908326377952756
20
1.0254546062992125
11
2.1908326377952756
21
1.019902125984252
0
LINE
8
BLACK
6
CONTINUOUS
10
2.2236220472440946
20
1.0538385826771652
11
2.2250139763779528
21
1.0532620078740158
0
LINE
8
BLACK
6
CONTINUOUS
10
2.2250139763779528
20
1.0532620078740158
11
2.2255905511811025
21
1.0518700787401574
0
LINE
8
BLACK
6
CONTINUOUS
10
2.2255905511811025
20
1.0518700787401574
11
2.2255905511811025
21
0.9731299212598425
0
LINE
8
BLACK
6
CONTINUOUS
10
2.2255905511811025
20
0.9731299212598425
11
2.2250139763779528
21
0.9717379921259842
0
LINE
8
BLACK
6
CONTINUOUS
10
2.2250139763779528
20
0.9717379921259842
11
2.2236220472440946
21
0.9711614173228347
0
LINE
8
BLACK
6
CONTINUOUS
10
2.2236220472440946
20
0.9711614173228347
11
2.1763779527559053
21
0.9711614173228347
0
LINE
8
BLACK
6
CONTINUOUS
10
2.1763779527559053
20
0.9711614173228347
11
2.1749860236220471
21
0.9717379921259842
0
LINE
8
BLACK
6
CONTINUOUS
10
2.1749860236220471
20
0.9717379921259842
11
2.1744094488188974
21
0.9731299212598425
0
LINE
8
BLACK
6
CONTINUOUS
10
2.1744094488188974
20
0.9731299212598425
11
2.1744094488188974
21
1.0518700787401574
0
LINE
8
BLACK
6
CONTINUOUS
10
2.1744094488188974
20
1.0518700787401574
11
2.1749860236220471
21
1.0532620078740158
0
LINE
8
BLACK
6
CONTINUOUS
10
2.1749860236220471
20
1.0532620078740158
11
2.1763779527559053
21
1.0538385826771652
0
LINE
8
BLACK
6
CONTINUOUS
10
2.1763779527559053
20
1.0538385826771652
11
2.2236220472440946
21
1.0538385826771652
0
LINE
8
BLACK
6
CONTINUOUS
10
2.1783464566929132
20
1.0499015748031495
11
2.1783464566929132
21
0.9750984251968504
0
LINE
8
BLACK
6
CONTINUOUS
10
2.1783464566929132
20
0.9750984251968504
11
2.2216535433070868
21
0.9750984251968504
0
LINE
8
BLACK
6
CONTINUOUS
10
2.2216535433070868
20
0.9750984251968504
11
2.2216535433070868
21
1.0499015748031495
0
LINE
8
BLACK
6
CONTINUOUS
10
2.2216535433070868
20
1.0499015748031495
11
2.1783464566929132
21
1.0499015748031495
0
LINE
8
BLACK
6
CONTINUOUS
10
2.3081816535433068
20
1.0103326771653542
11
2.30911905511811
21
1.0093953149606298
0
LINE
8
BLACK
6
CONTINUOUS
10
2.30911905511811
20
1.0093953149606298
11
2.3092182283464568
21
1.0091557874015749
0
LINE
8
BLACK
6
CONTINUOUS
10
2.3092182283464568
20
1.0091557874015749
11
2.3094140551181104
21
1.0089859842519684
0
LINE
8
BLACK
6
CONTINUOUS
10
2.3094140551181104
20
1.0089859842519684
11
2.3103514173228348
21
1.0071112598425196
0
LINE
8
BLACK
6
CONTINUOUS
10
2.3103514173228348
20
1.0071112598425196
11
2.3103773622047243
21
1.0067455905511811
0
LINE
8
BLACK
6
CONTINUOUS
10
2.3103773622047243
20
1.0067455905511811
11
2.3105176771653544
21
1.006406968503937
0
LINE
8
BLACK
6
CONTINUOUS
10
2.3105176771653544
20
1.006406968503937
11
2.3105176771653544
21
1.0007826771653543
0
LINE
8
BLACK
6
CONTINUOUS
10
2.3105176771653544
20
1.0007826771653543
11
2.3103773622047243
21
1.0004440157480314
0
LINE
8
BLACK
6
CONTINUOUS
10
2.3103773622047243
20
1.0004440157480314
11
2.3103514173228348
21
1.0000783858267717
0
LINE
8
BLACK
6
CONTINUOUS
10
2.3103514173228348
20
1.0000783858267717
11
2.3094140551181104
21
0.9982036614173229
0
LINE
8
BLACK
6
CONTINUOUS
10
2.3094140551181104
20
0.9982036614173229
11
2.3092182677165356
21
0.9980338582677165
0
LINE
8
BLACK
6
CONTINUOUS
10
2.3092182677165356
20
0.9980338582677165
11
2.30911905511811
21
0.9977943307086614
0
LINE
8
BLACK
6
CONTINUOUS
10
2.30911905511811
20
0.9977943307086614
11
2.3081816535433068
21
0.996856968503937
0
LINE
8
BLACK
6
CONTINUOUS
10
2.3081816535433068
20
0.996856968503937
11
2.3079421653543308
21
0.9967577559055117
0
LINE
8
BLACK
6
CONTINUOUS
10
2.3079421653543308
20
0.9967577559055117
11
2.3077724015748031
21
0.9965620078740157
0
LINE
8
BLACK
6
CONTINUOUS
10
2.3077724015748031
20
0.9965620078740157
11
2.3058976377952756
21
0.9956246062992126
0
LINE
8
BLACK
6
CONTINUOUS
10
2.3058976377952756
20
0.9956246062992126
11
2.3055319685039368
21
0.995598622047244
0
LINE
8
BLACK
6
CONTINUOUS
10
2.3055319685039368
20
0.995598622047244
11
2.3051933464566927
21
0.9954583464566928
0
LINE
8
BLACK
6
CONTINUOUS
10
2.3051933464566927
20
0.9954583464566928
11
2.3005064173228345
21
0.9954583464566928
0
LINE
8
BLACK
6
CONTINUOUS
10
2.3005064173228345
20
0.9954583464566928
11
2.3001677559055116
21
0.995598622047244
0
LINE
8
BLACK
6
CONTINUOUS
10
2.3001677559055116
20
0.995598622047244
11
2.299802125984252
21
0.9956246062992126
0
LINE
8
BLACK
6
CONTINUOUS
10
2.299802125984252
20
0.9956246062992126
11
2.2979273622047245
21
0.9965620078740157
0
LINE
8
BLACK
6
CONTINUOUS
10
2.2979273622047245
20
0.9965620078740157
11
2.2977575196850393
21
0.9967577952755905
0
LINE
8
BLACK
6
CONTINUOUS
10
2.2977575196850393
20
0.9967577952755905
11
2.2975181102362203
21
0.9968570078740158
0
LINE
8
BLACK
6
CONTINUOUS
10
2.2975181102362203
20
0.9968570078740158
11
2.2965807480314959
21
0.9977943700787402
0
LINE
8
BLACK
6
CONTINUOUS
10
2.2965807480314959
20
0.9977943700787402
11
2.2964815354330708
21
0.998033779527559
0
LINE
8
BLACK
6
CONTINUOUS
10
2.2964815354330708
20
0.998033779527559
11
2.296285748031496
21
0.9982036220472441
0
LINE
8
BLACK
6
CONTINUOUS
10
2.296285748031496
20
0.9982036220472441
11
2.2953483464566928
21
1.0000783858267717
0
LINE
8
BLACK
6
CONTINUOUS
10
2.2953483464566928
20
1.0000783858267717
11
2.2953355118110235
21
1.0002585826771653
0
LINE
8
BLACK
6
CONTINUOUS
10
2.2953355118110235
20
1.0002585826771653
11
2.290294842519685
21
0.9958479921259842
0
LINE
8
BLACK
6
CONTINUOUS
10
2.290294842519685
20
0.9958479921259842
11
2.2897698818897636
21
0.9956704330708661
0
LINE
8
BLACK
6
CONTINUOUS
10
2.2897698818897636
20
0.9956704330708661
11
2.2892578346456691
21
0.9954583464566928
0
LINE
8
BLACK
6
CONTINUOUS
10
2.2892578346456691
20
0.9954583464566928
11
2.2892060629921258
21
0.9954797637795275
0
LINE
8
BLACK
6
CONTINUOUS
10
2.2892060629921258
20
0.9954797637795275
11
2.2891530708661416
21
0.9954618503937007
0
LINE
8
BLACK
6
CONTINUOUS
10
2.2891530708661416
20
0.9954618503937007
11
2.2886562992125983
21
0.9957074803149606
0
LINE
8
BLACK
6
CONTINUOUS
10
2.2886562992125983
20
0.9957074803149606
11
2.2881442913385825
21
0.9959196062992126
0
LINE
8
BLACK
6
CONTINUOUS
10
2.2881442913385825
20
0.9959196062992126
11
2.2881228346456695
21
0.9959712992125984
0
LINE
8
BLACK
6
CONTINUOUS
10
2.2881228346456695
20
0.9959712992125984
11
2.2880726771653541
21
0.9959961417322835
0
LINE
8
BLACK
6
CONTINUOUS
10
2.2880726771653541
20
0.9959961417322835
11
2.287895118110236
21
0.9965210629921259
0
LINE
8
BLACK
6
CONTINUOUS
10
2.287895118110236
20
0.9965210629921259
11
2.287683031496063
21
0.9970331496062992
0
LINE
8
BLACK
6
CONTINUOUS
10
2.287683031496063
20
0.9970331496062992
11
2.287683031496063
21
1.0092191338582677
0
LINE
8
BLACK
6
CONTINUOUS
10
2.287683031496063
20
1.0092191338582677
11
2.2881442913385825
21
1.0103326771653542
0
LINE
8
BLACK
6
CONTINUOUS
10
2.2881442913385825
20
1.0103326771653542
11
2.2892578346456691
21
1.010793937007874
0
LINE
8
BLACK
6
CONTINUOUS
10
2.2892578346456691
20
1.010793937007874
11
2.2903713779527557
21
1.0103326771653542
0
LINE
8
BLACK
6
CONTINUOUS
10
2.2903713779527557
20
1.0103326771653542
11
2.2908326377952757
21
1.0092191338582677
0
LINE
8
BLACK
6
CONTINUOUS
10
2.2908326377952757
20
1.0092191338582677
11
2.2908326377952757
21
1.0005036220472441
0
LINE
8
BLACK
6
CONTINUOUS
10
2.2908326377952757
20
1.0005036220472441
11
2.2957198818897639
21
1.00478
0
LINE
8
BLACK
6
CONTINUOUS
10
2.2957198818897639
20
1.00478
11
2.2962448031496061
21
1.0049575196850393
0
LINE
8
BLACK
6
CONTINUOUS
10
2.2962448031496061
20
1.0049575196850393
11
2.2967568897637793
21
1.0051696456692913
0
LINE
8
BLACK
6
CONTINUOUS
10
2.2967568897637793
20
1.0051696456692913
11
2.2968086220472439
21
1.005148188976378
0
LINE
8
BLACK
6
CONTINUOUS
10
2.2968086220472439
20
1.005148188976378
11
2.2968616535433068
21
1.0051661417322835
0
LINE
8
BLACK
6
CONTINUOUS
10
2.2968616535433068
20
1.0051661417322835
11
2.2973583858267714
21
1.0049204724409448
0
LINE
8
BLACK
6
CONTINUOUS
10
2.2973583858267714
20
1.0049204724409448
11
2.2978704330708659
21
1.0047083858267716
0
LINE
8
BLACK
6
CONTINUOUS
10
2.2978704330708659
20
1.0047083858267716
11
2.2978918503937007
21
1.004656653543307
0
LINE
8
BLACK
6
CONTINUOUS
10
2.2978918503937007
20
1.004656653543307
11
2.2979420472440943
21
1.0046318503937008
0
LINE
8
BLACK
6
CONTINUOUS
10
2.2979420472440943
20
1.0046318503937008
11
2.2981195669291337
21
1.0041068897637795
0
LINE
8
BLACK
6
CONTINUOUS
10
2.2981195669291337
20
1.0041068897637795
11
2.2983316929133859
21
1.003594842519685
0
LINE
8
BLACK
6
CONTINUOUS
10
2.2983316929133859
20
1.003594842519685
11
2.2983316929133859
21
1.0011544488188977
0
LINE
8
BLACK
6
CONTINUOUS
10
2.2983316929133859
20
1.0011544488188977
11
2.2989885433070865
21
0.9998407086614173
0
LINE
8
BLACK
6
CONTINUOUS
10
2.2989885433070865
20
0.9998407086614173
11
2.2995644488188978
21
0.9992648031496063
0
LINE
8
BLACK
6
CONTINUOUS
10
2.2995644488188978
20
0.9992648031496063
11
2.3008781889763781
21
0.9986079527559055
0
LINE
8
BLACK
6
CONTINUOUS
10
2.3008781889763781
20
0.9986079527559055
11
2.3048215748031495
21
0.9986079527559055
0
LINE
8
BLACK
6
CONTINUOUS
10
2.3048215748031495
20
0.9986079527559055
11
2.3061352362204723
21
0.9992648031496063
0
LINE
8
BLACK
6
CONTINUOUS
10
2.3061352362204723
20
0.9992648031496063
11
2.3067112598425195
21
0.999840748031496
0
LINE
8
BLACK
6
CONTINUOUS
10
2.3067112598425195
20
0.999840748031496
11
2.3073680708661417
21
1.0011543700787402
0
LINE
8
BLACK
6
CONTINUOUS
10
2.3073680708661417
20
1.0011543700787402
11
2.3073680708661417
21
1.0060352362204725
0
LINE
8
BLACK
6
CONTINUOUS
10
2.3073680708661417
20
1.0060352362204725
11
2.3067112598425195
21
1.0073488188976378
0
LINE
8
BLACK
6
CONTINUOUS
10
2.3067112598425195
20
1.0073488188976378
11
2.3059545669291337
21
1.0081055905511811
0
LINE
8
BLACK
6
CONTINUOUS
10
2.3059545669291337
20
1.0081055905511811
11
2.3054933070866142
21
1.0092191338582677
0
LINE
8
BLACK
6
CONTINUOUS
10
2.3054933070866142
20
1.0092191338582677
11
2.3059545669291337
21
1.0103326771653542
0
LINE
8
BLACK
6
CONTINUOUS
10
2.3059545669291337
20
1.0103326771653542
11
2.3070681102362203
21
1.010793937007874
0
LINE
8
BLACK
6
CONTINUOUS
10
2.3070681102362203
20
1.010793937007874
11
2.3081816535433068
21
1.0103326771653542
0
LINE
8
BLACK
6
CONTINUOUS
10
2.3100564173228344
20
1.0281429527559054
11
2.3105176771653544
21
1.0270294094488188
0
LINE
8
BLACK
6
CONTINUOUS
10
2.3105176771653544
20
1.0270294094488188
11
2.3100564173228344
21
1.0259158661417322
0
LINE
8
BLACK
6
CONTINUOUS
10
2.3100564173228344
20
1.0259158661417322
11
2.3089428740157478
21
1.0254546062992125
0
LINE
8
BLACK
6
CONTINUOUS
10
2.3089428740157478
20
1.0254546062992125
11
2.3011438582677166
21
1.0254546062992125
0
LINE
8
BLACK
6
CONTINUOUS
10
2.3011438582677166
20
1.0254546062992125
11
2.3011438582677166
21
1.0231623622047243
0
LINE
8
BLACK
6
CONTINUOUS
10
2.3011438582677166
20
1.0231623622047243
11
2.3098459842519685
21
1.0170709448818898
0
LINE
8
BLACK
6
CONTINUOUS
10
2.3098459842519685
20
1.0170709448818898
11
2.3104937007874016
21
1.0160544881889764
0
LINE
8
BLACK
6
CONTINUOUS
10
2.3104937007874016
20
1.0160544881889764
11
2.3102330314960628
21
1.014877716535433
0
LINE
8
BLACK
6
CONTINUOUS
10
2.3102330314960628
20
1.014877716535433
11
2.3092165748031497
21
1.01423
0
LINE
8
BLACK
6
CONTINUOUS
10
2.3092165748031497
20
1.01423
11
2.3080398031496063
21
1.0144907086614172
0
LINE
8
BLACK
6
CONTINUOUS
10
2.3080398031496063
20
1.0144907086614172
11
2.3010755905511813
21
1.0193655905511811
0
LINE
8
BLACK
6
CONTINUOUS
10
2.3010755905511813
20
1.0193655905511811
11
2.3010035433070866
21
1.0191916929133857
0
LINE
8
BLACK
6
CONTINUOUS
10
2.3010035433070866
20
1.0191916929133857
11
2.300977598425197
21
1.018826062992126
0
LINE
8
BLACK
6
CONTINUOUS
10
2.300977598425197
20
1.018826062992126
11
2.3000401968503938
21
1.0169512992125984
0
LINE
8
BLACK
6
CONTINUOUS
10
2.3000401968503938
20
1.0169512992125984
11
2.2998443700787403
21
1.0167814566929134
0
LINE
8
BLACK
6
CONTINUOUS
10
2.2998443700787403
20
1.0167814566929134
11
2.2997452362204722
21
1.0165420866141732
0
LINE
8
BLACK
6
CONTINUOUS
10
2.2997452362204722
20
1.0165420866141732
11
2.2988078740157478
21
1.0156046456692913
0
LINE
8
BLACK
6
CONTINUOUS
10
2.2988078740157478
20
1.0156046456692913
11
2.2985683070866143
21
1.0155053937007874
0
LINE
8
BLACK
6
CONTINUOUS
10
2.2985683070866143
20
1.0155053937007874
11
2.2983985433070866
21
1.0153096456692914
0
LINE
8
BLACK
6
CONTINUOUS
10
2.2983985433070866
20
1.0153096456692914
11
2.296523779527559
21
1.014372283464567
0
LINE
8
BLACK
6
CONTINUOUS
10
2.296523779527559
20
1.014372283464567
11
2.296158149606299
21
1.0143462992125984
0
LINE
8
BLACK
6
CONTINUOUS
10
2.296158149606299
20
1.0143462992125984
11
2.2958195275590549
21
1.0142060236220471
0
LINE
8
BLACK
6
CONTINUOUS
10
2.2958195275590549
20
1.0142060236220471
11
2.2930073622047242
21
1.0142060236220471
0
LINE
8
BLACK
6
CONTINUOUS
10
2.2930073622047242
20
1.0142060236220471
11
2.2926687007874014
21
1.0143462992125984
0
LINE
8
BLACK
6
CONTINUOUS
10
2.2926687007874014
20
1.0143462992125984
11
2.2923030708661418
21
1.014372283464567
0
LINE
8
BLACK
6
CONTINUOUS
10
2.2923030708661418
20
1.014372283464567
11
2.290428346456693
21
1.0153096456692914
0
LINE
8
BLACK
6
CONTINUOUS
10
2.290428346456693
20
1.0153096456692914
11
2.2902585433070866
21
1.0155053937007874
0
LINE
8
BLACK
6
CONTINUOUS
10
2.2902585433070866
20
1.0155053937007874
11
2.2900190157480314
21
1.0156046456692913
0
LINE
8
BLACK
6
CONTINUOUS
10
2.2900190157480314
20
1.0156046456692913
11
2.2890816535433069
21
1.0165420472440945
0
LINE
8
BLACK
6
CONTINUOUS
10
2.2890816535433069
20
1.0165420472440945
11
2.2889824409448818
21
1.0167814960629922
0
LINE
8
BLACK
6
CONTINUOUS
10
2.2889824409448818
20
1.0167814960629922
11
2.2887866929133858
21
1.0169512992125984
0
LINE
8
BLACK
6
CONTINUOUS
10
2.2887866929133858
20
1.0169512992125984
11
2.2878492913385826
21
1.018826062992126
0
LINE
8
BLACK
6
CONTINUOUS
10
2.2878492913385826
20
1.018826062992126
11
2.2878233070866143
21
1.0191916929133857
0
LINE
8
BLACK
6
CONTINUOUS
10
2.2878233070866143
20
1.0191916929133857
11
2.287683031496063
21
1.0195303543307086
0
LINE
8
BLACK
6
CONTINUOUS
10
2.287683031496063
20
1.0195303543307086
11
2.287683031496063
21
1.0270294094488188
0
LINE
8
BLACK
6
CONTINUOUS
10
2.287683031496063
20
1.0270294094488188
11
2.2881442913385825
21
1.0281429527559054
0
LINE
8
BLACK
6
CONTINUOUS
10
2.2881442913385825
20
1.0281429527559054
11
2.2892578346456691
21
1.0286042125984252
0
LINE
8
BLACK
6
CONTINUOUS
10
2.2892578346456691
20
1.0286042125984252
11
2.3089428740157478
21
1.0286042125984252
0
LINE
8
BLACK
6
CONTINUOUS
10
2.3089428740157478
20
1.0286042125984252
11
2.3100564173228344
21
1.0281429527559054
0
LINE
8
BLACK
6
CONTINUOUS
10
2.2908326377952757
20
1.019902125984252
11
2.2914894881889762
21
1.0185884251968504
0
LINE
8
BLACK
6
CONTINUOUS
10
2.2914894881889762
20
1.0185884251968504
11
2.2920654330708663
21
1.0180124015748031
0
LINE
8
BLACK
6
CONTINUOUS
10
2.2920654330708663
20
1.0180124015748031
11
2.2933790944881891
21
1.0173556299212598
0
LINE
8
BLACK
6
CONTINUOUS
10
2.2933790944881891
20
1.0173556299212598
11
2.2954477952755905
21
1.0173556299212598
0
LINE
8
BLACK
6
CONTINUOUS
10
2.2954477952755905
20
1.0173556299212598
11
2.2967613779527558
21
1.0180124015748031
0
LINE
8
BLACK
6
CONTINUOUS
10
2.2967613779527558
20
1.0180124015748031
11
2.2973373622047242
21
1.0185884251968504
0
LINE
8
BLACK
6
CONTINUOUS
10
2.2973373622047242
20
1.0185884251968504
11
2.2979942519685039
21
1.019902125984252
0
LINE
8
BLACK
6
CONTINUOUS
10
2.2979942519685039
20
1.019902125984252
11
2.2979942519685039
21
1.0254546062992125
0
LINE
8
BLACK
6
CONTINUOUS
10
2.2979942519685039
20
1.0254546062992125
11
2.2908326377952757
21
1.0254546062992125
0
LINE
8
BLACK
6
CONTINUOUS
10
2.2908326377952757
20
1.0254546062992125
11
2.2908326377952757
21
1.019902125984252
0
LINE
8
BLACK
6
CONTINUOUS
10
2.3236220472440943
20
1.0538385826771652
11
2.3250139763779525
21
1.0532620078740158
0
LINE
8
BLACK
6
CONTINUOUS
10
2.3250139763779525
20
1.0532620078740158
11
2.3255905511811021
21
1.0518700787401574
0
LINE
8
BLACK
6
CONTINUOUS
10
2.3255905511811021
20
1.0518700787401574
11
2.3255905511811021
21
0.9731299212598425
0
LINE
8
BLACK
6
CONTINUOUS
10
2.3255905511811021
20
0.9731299212598425
11
2.3250139763779525
21
0.9717379921259842
0
LINE
8
BLACK
6
CONTINUOUS
10
2.3250139763779525
20
0.9717379921259842
11
2.3236220472440943
21
0.9711614173228347
0
LINE
8
BLACK
6
CONTINUOUS
10
2.3236220472440943
20
0.9711614173228347
11
2.2763779527559054
21
0.9711614173228347
0
LINE
8
BLACK
6
CONTINUOUS
10
2.2763779527559054
20
0.9711614173228347
11
2.2749860236220472
21
0.9717379921259842
0
LINE
8
BLACK
6
CONTINUOUS
10
2.2749860236220472
20
0.9717379921259842
11
2.2744094488188975
21
0.9731299212598425
0
LINE
8
BLACK
6
CONTINUOUS
10
2.2744094488188975
20
0.9731299212598425
11
2.2744094488188975
21
1.0518700787401574
0
LINE
8
BLACK
6
CONTINUOUS
10
2.2744094488188975
20
1.0518700787401574
11
2.2749860236220472
21
1.0532620078740158
0
LINE
8
BLACK
6
CONTINUOUS
10
2.2749860236220472
20
1.0532620078740158
11
2.2763779527559054
21
1.0538385826771652
0
LINE
8
BLACK
6
CONTINUOUS
10
2.2763779527559054
20
1.0538385826771652
11
2.3236220472440943
21
1.0538385826771652
0
LINE
8
BLACK
6
CONTINUOUS
10
2.2783464566929132
20
1.0499015748031495
11
2.2783464566929132
21
0.9750984251968504
0
LINE
8
BLACK
6
CONTINUOUS
10
2.2783464566929132
20
0.9750984251968504
11
2.3216535433070864
21
0.9750984251968504
0
LINE
8
BLACK
6
CONTINUOUS
10
2.3216535433070864
20
0.9750984251968504
11
2.3216535433070864
21
1.0499015748031495
0
LINE
8
BLACK
6
CONTINUOUS
10
2.3216535433070864
20
1.0499015748031495
11
2.2783464566929132
21
1.0499015748031495
  0
ENDSEC
  0
EOF
