  0
SECTION
  2
HEADER
  9
$ANGBASE
  50
0.0
  9
$ANGDIR
  70
1
  9
$MEASUREMENT
  70
0
  0
ENDSEC
  0
SECTION
  2
TABLES
  0
TABLE
  2
LTYPE
  70
4
  0
LTYPE
  5
40F
  2
CONTINUOUS
  70
0
  3
Solid line
  72
65
  73
0
  40
0.0
  0
LTYPE
  5
410
  2
DASHDOT
 70
0
  3
Dash Dot ____ _ ____ _
 72
65
 73
4
 40
2.0
 49
1.25
 49
-0.25
 49
0.25
 49
-0.25
  0
LTYPE
  5
411
  2
DASHED
 70
0
  3
Dashed __ __ __ __ __
 72
65
 73
2
 40
0.75
 49
0.5
 49
-0.25
  0
LTYPE
  5
43B
  2
DOTTED
 70
0
  3
Dotted .  .  .  .
 72
65
 73
2
 40
0.2
 49
0.0
 49
-0.2
  0
ENDTAB
  0
TABLE
  2
STYLE
  70
4
  0
STYLE
  2
KICAD
  70
0
  40
0
  41
1
  42
1
  50
0
  71
0
  3
isocp.shx
  0
STYLE
  2
KICADB
  70
0
  40
0
  41
1
  42
1
  50
0
  71
0
  3
isocp.shx
  0
STYLE
  2
KICADI
  70
0
  40
0
  41
1
  42
1
  50
15
  71
0
  3
isocp.shx
  0
STYLE
  2
KICADBI
  70
0
  40
0
  41
1
  42
1
  50
15
  71
0
  3
isocp.shx
  0
ENDTAB
  0
TABLE
  2
LAYER
  70
1
  0
LAYER
  2
BLACK
  70
0
  62
7
  6
CONTINUOUS
  0
ENDTAB
  0
ENDSEC
  0
SECTION
  2
ENTITIES
0
LINE
8
BLACK
6
CONTINUOUS
10
1.2504685039370078
20
0.3380086614173228
11
1.251417559055118
21
0.3379516929133858
0
LINE
8
BLACK
6
CONTINUOUS
10
1.251417559055118
20
0.3379516929133858
11
1.2598540157480316
21
0.3351395669291338
0
LINE
8
BLACK
6
CONTINUOUS
10
1.2598540157480316
20
0.3351395669291338
11
1.2624050393700788
21
0.3334552362204724
0
LINE
8
BLACK
6
CONTINUOUS
10
1.2624050393700788
20
0.3334552362204724
11
1.2637721653543308
21
0.3307210236220472
0
LINE
8
BLACK
6
CONTINUOUS
10
1.2637721653543308
20
0.3307210236220472
11
1.2635889763779526
21
0.3276696062992126
0
LINE
8
BLACK
6
CONTINUOUS
10
1.2635889763779526
20
0.3276696062992126
11
1.2619046456692913
21
0.3251185433070866
0
LINE
8
BLACK
6
CONTINUOUS
10
1.2619046456692913
20
0.3251185433070866
11
1.2591704330708662
21
0.3237514566929134
0
LINE
8
BLACK
6
CONTINUOUS
10
1.2591704330708662
20
0.3237514566929134
11
1.2561190157480315
21
0.3239346456692913
0
LINE
8
BLACK
6
CONTINUOUS
10
1.2561190157480315
20
0.3239346456692913
11
1.248591811023622
21
0.3264437401574803
0
LINE
8
BLACK
6
CONTINUOUS
10
1.248591811023622
20
0.3264437401574803
11
1.2368834251968504
21
0.3264437401574803
0
LINE
8
BLACK
6
CONTINUOUS
10
1.2368834251968504
20
0.3264437401574803
11
1.2333631889763779
21
0.3246835826771653
0
LINE
8
BLACK
6
CONTINUOUS
10
1.2333631889763779
20
0.3246835826771653
11
1.2319062992125984
21
0.3232266929133858
0
LINE
8
BLACK
6
CONTINUOUS
10
1.2319062992125984
20
0.3232266929133858
11
1.2301462598425197
21
0.3197065748031496
0
LINE
8
BLACK
6
CONTINUOUS
10
1.2301462598425197
20
0.3197065748031496
11
1.2301462598425197
21
0.3168704330708662
0
LINE
8
BLACK
6
CONTINUOUS
10
1.2301462598425197
20
0.3168704330708662
11
1.2319063385826772
21
0.3133501968503937
0
LINE
8
BLACK
6
CONTINUOUS
10
1.2319063385826772
20
0.3133501968503937
11
1.2333631889763779
21
0.3118933858267717
0
LINE
8
BLACK
6
CONTINUOUS
10
1.2333631889763779
20
0.3118933858267717
11
1.237550590551181
21
0.3097996850393701
0
LINE
8
BLACK
6
CONTINUOUS
10
1.237550590551181
20
0.3097996850393701
11
1.2481701968503938
21
0.3071448031496063
0
LINE
8
BLACK
6
CONTINUOUS
10
1.2481701968503938
20
0.3071448031496063
11
1.248740157480315
21
0.3068283858267716
0
LINE
8
BLACK
6
CONTINUOUS
10
1.248740157480315
20
0.3068283858267716
11
1.2493789370078741
21
0.3066976771653543
0
LINE
8
BLACK
6
CONTINUOUS
10
1.2493789370078741
20
0.3066976771653543
11
1.2550032677165355
21
0.3038855118110236
0
LINE
8
BLACK
6
CONTINUOUS
10
1.2550032677165355
20
0.3038855118110236
11
1.2557146456692914
21
0.3032546456692913
0
LINE
8
BLACK
6
CONTINUOUS
10
1.2557146456692914
20
0.3032546456692913
11
1.2565380708661418
21
0.3027792913385827
0
LINE
8
BLACK
6
CONTINUOUS
10
1.2565380708661418
20
0.3027792913385827
11
1.2593501968503937
21
0.2999671653543307
0
LINE
8
BLACK
6
CONTINUOUS
10
1.2593501968503937
20
0.2999671653543307
11
1.2598255511811023
21
0.2991437401574803
0
LINE
8
BLACK
6
CONTINUOUS
10
1.2598255511811023
20
0.2991437401574803
11
1.2604564173228345
21
0.2984323622047244
0
LINE
8
BLACK
6
CONTINUOUS
10
1.2604564173228345
20
0.2984323622047244
11
1.2632685826771652
21
0.292808031496063
0
LINE
8
BLACK
6
CONTINUOUS
10
1.2632685826771652
20
0.292808031496063
11
1.2635407086614172
21
0.2914780708661417
0
LINE
8
BLACK
6
CONTINUOUS
10
1.2635407086614172
20
0.2914780708661417
11
1.2638920472440944
21
0.2901670078740157
0
LINE
8
BLACK
6
CONTINUOUS
10
1.2638920472440944
20
0.2901670078740157
11
1.2638920472440944
21
0.2845427165354331
0
LINE
8
BLACK
6
CONTINUOUS
10
1.2638920472440944
20
0.2845427165354331
11
1.263540748031496
21
0.2832316535433071
0
LINE
8
BLACK
6
CONTINUOUS
10
1.263540748031496
20
0.2832316535433071
11
1.2632685826771652
21
0.2819016535433071
0
LINE
8
BLACK
6
CONTINUOUS
10
1.2632685826771652
20
0.2819016535433071
11
1.2604564173228345
21
0.2762774015748031
0
LINE
8
BLACK
6
CONTINUOUS
10
1.2604564173228345
20
0.2762774015748031
11
1.259825590551181
21
0.2755660236220472
0
LINE
8
BLACK
6
CONTINUOUS
10
1.259825590551181
20
0.2755660236220472
11
1.2593501968503937
21
0.2747425984251968
0
LINE
8
BLACK
6
CONTINUOUS
10
1.2593501968503937
20
0.2747425984251968
11
1.2565380708661418
21
0.2719304724409449
0
LINE
8
BLACK
6
CONTINUOUS
10
1.2565380708661418
20
0.2719304724409449
11
1.2557146456692914
21
0.2714550787401575
0
LINE
8
BLACK
6
CONTINUOUS
10
1.2557146456692914
20
0.2714550787401575
11
1.2550032677165355
21
0.2708242519685039
0
LINE
8
BLACK
6
CONTINUOUS
10
1.2550032677165355
20
0.2708242519685039
11
1.2493789370078741
21
0.2680120866141732
0
LINE
8
BLACK
6
CONTINUOUS
10
1.2493789370078741
20
0.2680120866141732
11
1.2480489763779528
21
0.2677399212598425
0
LINE
8
BLACK
6
CONTINUOUS
10
1.2480489763779528
20
0.2677399212598425
11
1.2467379133858267
21
0.2673886220472441
0
LINE
8
BLACK
6
CONTINUOUS
10
1.2467379133858267
20
0.2673886220472441
11
1.2326772047244094
21
0.2673886220472441
0
LINE
8
BLACK
6
CONTINUOUS
10
1.2326772047244094
20
0.2673886220472441
11
1.2317587401574803
21
0.26763468503937
0
LINE
8
BLACK
6
CONTINUOUS
10
1.2317587401574803
20
0.26763468503937
11
1.2308096850393702
21
0.2676916929133858
0
LINE
8
BLACK
6
CONTINUOUS
10
1.2308096850393702
20
0.2676916929133858
11
1.2223732677165353
21
0.2705038582677165
0
LINE
8
BLACK
6
CONTINUOUS
10
1.2223732677165353
20
0.2705038582677165
11
1.2198222047244094
21
0.2721881496062992
0
LINE
8
BLACK
6
CONTINUOUS
10
1.2198222047244094
20
0.2721881496062992
11
1.2184551181102361
21
0.2749223622047244
0
LINE
8
BLACK
6
CONTINUOUS
10
1.2184551181102361
20
0.2749223622047244
11
1.2186383070866142
21
0.277973779527559
0
LINE
8
BLACK
6
CONTINUOUS
10
1.2186383070866142
20
0.277973779527559
11
1.2203225984251969
21
0.280524842519685
0
LINE
8
BLACK
6
CONTINUOUS
10
1.2203225984251969
20
0.280524842519685
11
1.223056811023622
21
0.2818919291338582
0
LINE
8
BLACK
6
CONTINUOUS
10
1.223056811023622
20
0.2818919291338582
11
1.2261082283464566
21
0.2817087401574803
0
LINE
8
BLACK
6
CONTINUOUS
10
1.2261082283464566
20
0.2817087401574803
11
1.2336355905511811
21
0.2791996456692913
0
LINE
8
BLACK
6
CONTINUOUS
10
1.2336355905511811
20
0.2791996456692913
11
1.2453438188976378
21
0.2791996456692913
0
LINE
8
BLACK
6
CONTINUOUS
10
1.2453438188976378
20
0.2791996456692913
11
1.2488640551181103
21
0.2809597637795275
0
LINE
8
BLACK
6
CONTINUOUS
10
1.2488640551181103
20
0.2809597637795275
11
1.250320905511811
21
0.2824166141732283
0
LINE
8
BLACK
6
CONTINUOUS
10
1.250320905511811
20
0.2824166141732283
11
1.2520810236220472
21
0.2859368110236221
0
LINE
8
BLACK
6
CONTINUOUS
10
1.2520810236220472
20
0.2859368110236221
11
1.2520810236220472
21
0.2887729133858268
0
LINE
8
BLACK
6
CONTINUOUS
10
1.2520810236220472
20
0.2887729133858268
11
1.250320905511811
21
0.2922931496062992
0
LINE
8
BLACK
6
CONTINUOUS
10
1.250320905511811
20
0.2922931496062992
11
1.2488640551181103
21
0.29375
0
LINE
8
BLACK
6
CONTINUOUS
10
1.2488640551181103
20
0.29375
11
1.2446766535433071
21
0.2958436614173228
0
LINE
8
BLACK
6
CONTINUOUS
10
1.2446766535433071
20
0.2958436614173228
11
1.2340570472440944
21
0.2984985826771653
0
LINE
8
BLACK
6
CONTINUOUS
10
1.2340570472440944
20
0.2984985826771653
11
1.2334870866141732
21
0.2988149606299212
0
LINE
8
BLACK
6
CONTINUOUS
10
1.2334870866141732
20
0.2988149606299212
11
1.2328482677165353
21
0.2989457086614173
0
LINE
8
BLACK
6
CONTINUOUS
10
1.2328482677165353
20
0.2989457086614173
11
1.2272240157480314
21
0.3017578740157481
0
LINE
8
BLACK
6
CONTINUOUS
10
1.2272240157480314
20
0.3017578740157481
11
1.2265126377952755
21
0.3023886614173228
0
LINE
8
BLACK
6
CONTINUOUS
10
1.2265126377952755
20
0.3023886614173228
11
1.2256892519685039
21
0.3028640551181102
0
LINE
8
BLACK
6
CONTINUOUS
10
1.2256892519685039
20
0.3028640551181102
11
1.2228770866141732
21
0.3056761811023622
0
LINE
8
BLACK
6
CONTINUOUS
10
1.2228770866141732
20
0.3056761811023622
11
1.2224016535433071
21
0.3064996062992126
0
LINE
8
BLACK
6
CONTINUOUS
10
1.2224016535433071
20
0.3064996062992126
11
1.2217708267716536
21
0.3072110236220472
0
LINE
8
BLACK
6
CONTINUOUS
10
1.2217708267716536
20
0.3072110236220472
11
1.2189587007874016
21
0.3128353937007874
0
LINE
8
BLACK
6
CONTINUOUS
10
1.2189587007874016
20
0.3128353937007874
11
1.2186865748031497
21
0.3141651181102362
0
LINE
8
BLACK
6
CONTINUOUS
10
1.2186865748031497
20
0.3141651181102362
11
1.2183352362204725
21
0.3154763779527559
0
LINE
8
BLACK
6
CONTINUOUS
10
1.2183352362204725
20
0.3154763779527559
11
1.2183352362204725
21
0.3211006692913386
0
LINE
8
BLACK
6
CONTINUOUS
10
1.2183352362204725
20
0.3211006692913386
11
1.2186865354330709
21
0.322411811023622
0
LINE
8
BLACK
6
CONTINUOUS
10
1.2186865354330709
20
0.322411811023622
11
1.2189587007874016
21
0.3237416929133858
0
LINE
8
BLACK
6
CONTINUOUS
10
1.2189587007874016
20
0.3237416929133858
11
1.2217708267716536
21
0.3293659842519685
0
LINE
8
BLACK
6
CONTINUOUS
10
1.2217708267716536
20
0.3293659842519685
11
1.2224016535433071
21
0.3300773622047244
0
LINE
8
BLACK
6
CONTINUOUS
10
1.2224016535433071
20
0.3300773622047244
11
1.2228770866141732
21
0.3309008267716536
0
LINE
8
BLACK
6
CONTINUOUS
10
1.2228770866141732
20
0.3309008267716536
11
1.2256892519685039
21
0.3337129527559055
0
LINE
8
BLACK
6
CONTINUOUS
10
1.2256892519685039
20
0.3337129527559055
11
1.2265126377952755
21
0.3341883070866142
0
LINE
8
BLACK
6
CONTINUOUS
10
1.2265126377952755
20
0.3341883070866142
11
1.2272240157480314
21
0.3348191338582677
0
LINE
8
BLACK
6
CONTINUOUS
10
1.2272240157480314
20
0.3348191338582677
11
1.2328482677165353
21
0.3376312992125984
0
LINE
8
BLACK
6
CONTINUOUS
10
1.2328482677165353
20
0.3376312992125984
11
1.2341782677165354
21
0.3379034645669291
0
LINE
8
BLACK
6
CONTINUOUS
10
1.2341782677165354
20
0.3379034645669291
11
1.2354893307086614
21
0.3382547637795276
0
LINE
8
BLACK
6
CONTINUOUS
10
1.2354893307086614
20
0.3382547637795276
11
1.2495500787401574
21
0.3382547637795276
0
LINE
8
BLACK
6
CONTINUOUS
10
1.2495500787401574
20
0.3382547637795276
11
1.2504685039370078
21
0.3380086614173228
0
LINE
8
BLACK
6
CONTINUOUS
10
1.2862485826771652
20
0.3374635826771654
11
1.2884101574803148
21
0.3353020078740158
0
LINE
8
BLACK
6
CONTINUOUS
10
1.2884101574803148
20
0.3353020078740158
11
1.289201338582677
21
0.332349251968504
0
LINE
8
BLACK
6
CONTINUOUS
10
1.289201338582677
20
0.332349251968504
11
1.289201338582677
21
0.2732941338582677
0
LINE
8
BLACK
6
CONTINUOUS
10
1.289201338582677
20
0.2732941338582677
11
1.2884101574803148
21
0.2703413779527559
0
LINE
8
BLACK
6
CONTINUOUS
10
1.2884101574803148
20
0.2703413779527559
11
1.2862485826771652
21
0.2681798031496063
0
LINE
8
BLACK
6
CONTINUOUS
10
1.2862485826771652
20
0.2681798031496063
11
1.2832958267716534
21
0.2673886220472441
0
LINE
8
BLACK
6
CONTINUOUS
10
1.2832958267716534
20
0.2673886220472441
11
1.2803430708661416
21
0.2681798031496063
0
LINE
8
BLACK
6
CONTINUOUS
10
1.2803430708661416
20
0.2681798031496063
11
1.278181496062992
21
0.2703413779527559
0
LINE
8
BLACK
6
CONTINUOUS
10
1.278181496062992
20
0.2703413779527559
11
1.2773903149606298
21
0.2732941338582677
0
LINE
8
BLACK
6
CONTINUOUS
10
1.2773903149606298
20
0.2732941338582677
11
1.2773903149606298
21
0.332349251968504
0
LINE
8
BLACK
6
CONTINUOUS
10
1.2773903149606298
20
0.332349251968504
11
1.278181496062992
21
0.3353020078740158
0
LINE
8
BLACK
6
CONTINUOUS
10
1.278181496062992
20
0.3353020078740158
11
1.2803430708661416
21
0.3374635826771654
0
LINE
8
BLACK
6
CONTINUOUS
10
1.2803430708661416
20
0.3374635826771654
11
1.2832958267716534
21
0.3382547637795276
0
LINE
8
BLACK
6
CONTINUOUS
10
1.2832958267716534
20
0.3382547637795276
11
1.2862485826771652
21
0.3374635826771654
0
LINE
8
BLACK
6
CONTINUOUS
10
1.3352255905511812
20
0.3379034251968504
11
1.3365555511811023
21
0.3376312992125984
0
LINE
8
BLACK
6
CONTINUOUS
10
1.3365555511811023
20
0.3376312992125984
11
1.3421798425196849
21
0.3348191338582677
0
LINE
8
BLACK
6
CONTINUOUS
10
1.3421798425196849
20
0.3348191338582677
11
1.3428911811023623
21
0.3341883070866142
0
LINE
8
BLACK
6
CONTINUOUS
10
1.3428911811023623
20
0.3341883070866142
11
1.3437146062992125
21
0.3337129527559055
0
LINE
8
BLACK
6
CONTINUOUS
10
1.3437146062992125
20
0.3337129527559055
11
1.3465267716535432
21
0.3309008267716536
0
LINE
8
BLACK
6
CONTINUOUS
10
1.3465267716535432
20
0.3309008267716536
11
1.3470021653543307
21
0.3300773622047244
0
LINE
8
BLACK
6
CONTINUOUS
10
1.3470021653543307
20
0.3300773622047244
11
1.3476330314960629
21
0.3293659842519685
0
LINE
8
BLACK
6
CONTINUOUS
10
1.3476330314960629
20
0.3293659842519685
11
1.3504451574803149
21
0.3237416535433071
0
LINE
8
BLACK
6
CONTINUOUS
10
1.3504451574803149
20
0.3237416535433071
11
1.3507172440944881
21
0.3224118897637795
0
LINE
8
BLACK
6
CONTINUOUS
10
1.3507172440944881
20
0.3224118897637795
11
1.3510686220472441
21
0.3211006692913386
0
LINE
8
BLACK
6
CONTINUOUS
10
1.3510686220472441
20
0.3211006692913386
11
1.3510686220472441
21
0.3126642125984252
0
LINE
8
BLACK
6
CONTINUOUS
10
1.3510686220472441
20
0.3126642125984252
11
1.3507172440944881
21
0.3113529527559055
0
LINE
8
BLACK
6
CONTINUOUS
10
1.3507172440944881
20
0.3113529527559055
11
1.3504451574803149
21
0.3100232283464567
0
LINE
8
BLACK
6
CONTINUOUS
10
1.3504451574803149
20
0.3100232283464567
11
1.3476330314960629
21
0.3043988976377953
0
LINE
8
BLACK
6
CONTINUOUS
10
1.3476330314960629
20
0.3043988976377953
11
1.3470021653543307
21
0.3036874803149606
0
LINE
8
BLACK
6
CONTINUOUS
10
1.3470021653543307
20
0.3036874803149606
11
1.3465268110236219
21
0.302864094488189
0
LINE
8
BLACK
6
CONTINUOUS
10
1.3465268110236219
20
0.302864094488189
11
1.3437146456692912
21
0.3000519291338583
0
LINE
8
BLACK
6
CONTINUOUS
10
1.3437146456692912
20
0.3000519291338583
11
1.3428912204724408
21
0.2995765354330708
0
LINE
8
BLACK
6
CONTINUOUS
10
1.3428912204724408
20
0.2995765354330708
11
1.3421798425196849
21
0.2989457086614173
0
LINE
8
BLACK
6
CONTINUOUS
10
1.3421798425196849
20
0.2989457086614173
11
1.3365555511811023
21
0.2961335826771653
0
LINE
8
BLACK
6
CONTINUOUS
10
1.3365555511811023
20
0.2961335826771653
11
1.3352256692913385
21
0.2958614173228347
0
LINE
8
BLACK
6
CONTINUOUS
10
1.3352256692913385
20
0.2958614173228347
11
1.3339145275590552
21
0.2955101181102362
0
LINE
8
BLACK
6
CONTINUOUS
10
1.3339145275590552
20
0.2955101181102362
11
1.3173228346456693
21
0.2955101181102362
0
LINE
8
BLACK
6
CONTINUOUS
10
1.3173228346456693
20
0.2955101181102362
11
1.3173228346456693
21
0.2732941338582677
0
LINE
8
BLACK
6
CONTINUOUS
10
1.3173228346456693
20
0.2732941338582677
11
1.3165316535433071
21
0.2703413779527559
0
LINE
8
BLACK
6
CONTINUOUS
10
1.3165316535433071
20
0.2703413779527559
11
1.3143700787401575
21
0.2681798031496063
0
LINE
8
BLACK
6
CONTINUOUS
10
1.3143700787401575
20
0.2681798031496063
11
1.3114173228346457
21
0.2673886220472441
0
LINE
8
BLACK
6
CONTINUOUS
10
1.3114173228346457
20
0.2673886220472441
11
1.3084645669291339
21
0.2681798031496063
0
LINE
8
BLACK
6
CONTINUOUS
10
1.3084645669291339
20
0.2681798031496063
11
1.3063029921259843
21
0.2703413779527559
0
LINE
8
BLACK
6
CONTINUOUS
10
1.3063029921259843
20
0.2703413779527559
11
1.3055118110236221
21
0.2732941338582677
0
LINE
8
BLACK
6
CONTINUOUS
10
1.3055118110236221
20
0.2732941338582677
11
1.3055118110236221
21
0.332349251968504
0
LINE
8
BLACK
6
CONTINUOUS
10
1.3055118110236221
20
0.332349251968504
11
1.3063029921259843
21
0.3353020078740158
0
LINE
8
BLACK
6
CONTINUOUS
10
1.3063029921259843
20
0.3353020078740158
11
1.3084645669291339
21
0.3374635826771654
0
LINE
8
BLACK
6
CONTINUOUS
10
1.3084645669291339
20
0.3374635826771654
11
1.3114173228346457
21
0.3382547637795276
0
LINE
8
BLACK
6
CONTINUOUS
10
1.3114173228346457
20
0.3382547637795276
11
1.3339145275590552
21
0.3382547637795276
0
LINE
8
BLACK
6
CONTINUOUS
10
1.3339145275590552
20
0.3382547637795276
11
1.3352255905511812
21
0.3379034251968504
0
LINE
8
BLACK
6
CONTINUOUS
10
1.3173228346456693
20
0.3073211417322835
11
1.3325204330708662
21
0.3073211417322835
0
LINE
8
BLACK
6
CONTINUOUS
10
1.3325204330708662
20
0.3073211417322835
11
1.336040590551181
21
0.3090811811023622
0
LINE
8
BLACK
6
CONTINUOUS
10
1.336040590551181
20
0.3090811811023622
11
1.3374974803149606
21
0.3105380708661417
0
LINE
8
BLACK
6
CONTINUOUS
10
1.3374974803149606
20
0.3105380708661417
11
1.3392575984251969
21
0.3140582677165354
0
LINE
8
BLACK
6
CONTINUOUS
10
1.3392575984251969
20
0.3140582677165354
11
1.3392575984251969
21
0.3197065748031496
0
LINE
8
BLACK
6
CONTINUOUS
10
1.3392575984251969
20
0.3197065748031496
11
1.3374975196850394
21
0.3232267322834645
0
LINE
8
BLACK
6
CONTINUOUS
10
1.3374975196850394
20
0.3232267322834645
11
1.3360406692913385
21
0.3246835826771653
0
LINE
8
BLACK
6
CONTINUOUS
10
1.3360406692913385
20
0.3246835826771653
11
1.3325204330708662
21
0.3264437401574803
0
LINE
8
BLACK
6
CONTINUOUS
10
1.3325204330708662
20
0.3264437401574803
11
1.3173228346456693
21
0.3264437401574803
0
LINE
8
BLACK
6
CONTINUOUS
10
1.3173228346456693
20
0.3264437401574803
11
1.3173228346456693
21
0.3073211417322835
0
LINE
8
BLACK
6
CONTINUOUS
10
1.4110788188976378
20
0.3379234645669291
11
1.4123398818897637
21
0.3377007480314961
0
LINE
8
BLACK
6
CONTINUOUS
10
1.4123398818897637
20
0.3377007480314961
11
1.4125412992125983
21
0.3375316141732284
0
LINE
8
BLACK
6
CONTINUOUS
10
1.4125412992125983
20
0.3375316141732284
11
1.4127952755905511
21
0.3374635826771654
0
LINE
8
BLACK
6
CONTINUOUS
10
1.4127952755905511
20
0.3374635826771654
11
1.413700433070866
21
0.3365583858267717
0
LINE
8
BLACK
6
CONTINUOUS
10
1.413700433070866
20
0.3365583858267717
11
1.4146810236220473
21
0.3357351181102362
0
LINE
8
BLACK
6
CONTINUOUS
10
1.4146810236220473
20
0.3357351181102362
11
1.4147708661417322
21
0.3354879527559055
0
LINE
8
BLACK
6
CONTINUOUS
10
1.4147708661417322
20
0.3354879527559055
11
1.4149568503937007
21
0.3353020078740158
0
LINE
8
BLACK
6
CONTINUOUS
10
1.4149568503937007
20
0.3353020078740158
11
1.415288188976378
21
0.3340653937007874
0
LINE
8
BLACK
6
CONTINUOUS
10
1.415288188976378
20
0.3340653937007874
11
1.4157257086614172
21
0.3328622440944882
0
LINE
8
BLACK
6
CONTINUOUS
10
1.4157257086614172
20
0.3328622440944882
11
1.4156799606299213
21
0.3326032677165354
0
LINE
8
BLACK
6
CONTINUOUS
10
1.4156799606299213
20
0.3326032677165354
11
1.4157480314960629
21
0.332349251968504
0
LINE
8
BLACK
6
CONTINUOUS
10
1.4157480314960629
20
0.332349251968504
11
1.4157480314960629
21
0.2732941338582677
0
LINE
8
BLACK
6
CONTINUOUS
10
1.4157480314960629
20
0.2732941338582677
11
1.4149568503937007
21
0.2703413779527559
0
LINE
8
BLACK
6
CONTINUOUS
10
1.4149568503937007
20
0.2703413779527559
11
1.4127952755905511
21
0.2681798031496063
0
LINE
8
BLACK
6
CONTINUOUS
10
1.4127952755905511
20
0.2681798031496063
11
1.4098425196850393
21
0.2673886220472441
0
LINE
8
BLACK
6
CONTINUOUS
10
1.4098425196850393
20
0.2673886220472441
11
1.4068897637795275
21
0.2681798031496063
0
LINE
8
BLACK
6
CONTINUOUS
10
1.4068897637795275
20
0.2681798031496063
11
1.4047281889763779
21
0.2703413779527559
0
LINE
8
BLACK
6
CONTINUOUS
10
1.4047281889763779
20
0.2703413779527559
11
1.4039370078740157
21
0.2732941338582677
0
LINE
8
BLACK
6
CONTINUOUS
10
1.4039370078740157
20
0.2732941338582677
11
1.4039370078740157
21
0.3057297637795275
0
LINE
8
BLACK
6
CONTINUOUS
10
1.4039370078740157
20
0.3057297637795275
11
1.3955089370078739
21
0.2876696456692913
0
LINE
8
BLACK
6
CONTINUOUS
10
1.3955089370078739
20
0.2876696456692913
11
1.3951740157480315
21
0.287270748031496
0
LINE
8
BLACK
6
CONTINUOUS
10
1.3951740157480315
20
0.287270748031496
11
1.3949959842519686
21
0.2867811417322835
0
LINE
8
BLACK
6
CONTINUOUS
10
1.3949959842519686
20
0.2867811417322835
11
1.3942061811023623
21
0.286118031496063
0
LINE
8
BLACK
6
CONTINUOUS
10
1.3942061811023623
20
0.286118031496063
11
1.3935433070866141
21
0.2853285039370079
0
LINE
8
BLACK
6
CONTINUOUS
10
1.3935433070866141
20
0.2853285039370079
11
1.3930538188976378
21
0.2851505118110236
0
LINE
8
BLACK
6
CONTINUOUS
10
1.3930538188976378
20
0.2851505118110236
11
1.392654842519685
21
0.2848155118110236
0
LINE
8
BLACK
6
CONTINUOUS
10
1.392654842519685
20
0.2848155118110236
11
1.3916392519685039
21
0.2846361023622047
0
LINE
8
BLACK
6
CONTINUOUS
10
1.3916392519685039
20
0.2846361023622047
11
1.3906704330708661
21
0.2842838188976378
0
LINE
8
BLACK
6
CONTINUOUS
10
1.3906704330708661
20
0.2842838188976378
11
1.3901575590551181
21
0.2843743700787402
0
LINE
8
BLACK
6
CONTINUOUS
10
1.3901575590551181
20
0.2843743700787402
11
1.389644527559055
21
0.2842837795275591
0
LINE
8
BLACK
6
CONTINUOUS
10
1.389644527559055
20
0.2842837795275591
11
1.3886752362204724
21
0.2846362204724409
0
LINE
8
BLACK
6
CONTINUOUS
10
1.3886752362204724
20
0.2846362204724409
11
1.3876601181102362
21
0.2848155511811024
0
LINE
8
BLACK
6
CONTINUOUS
10
1.3876601181102362
20
0.2848155511811024
11
1.3872612598425196
21
0.2851503937007874
0
LINE
8
BLACK
6
CONTINUOUS
10
1.3872612598425196
20
0.2851503937007874
11
1.386771653543307
21
0.2853284645669291
0
LINE
8
BLACK
6
CONTINUOUS
10
1.386771653543307
20
0.2853284645669291
11
1.3861085433070865
21
0.2861182283464567
0
LINE
8
BLACK
6
CONTINUOUS
10
1.3861085433070865
20
0.2861182283464567
11
1.3853189763779528
21
0.2867811811023622
0
LINE
8
BLACK
6
CONTINUOUS
10
1.3853189763779528
20
0.2867811811023622
11
1.3851409448818897
21
0.2872707086614173
0
LINE
8
BLACK
6
CONTINUOUS
10
1.3851409448818897
20
0.2872707086614173
11
1.3848060236220472
21
0.2876696456692913
0
LINE
8
BLACK
6
CONTINUOUS
10
1.3848060236220472
20
0.2876696456692913
11
1.3763779527559055
21
0.3057298031496063
0
LINE
8
BLACK
6
CONTINUOUS
10
1.3763779527559055
20
0.3057298031496063
11
1.3763779527559055
21
0.2732941338582677
0
LINE
8
BLACK
6
CONTINUOUS
10
1.3763779527559055
20
0.2732941338582677
11
1.3755867716535433
21
0.2703413779527559
0
LINE
8
BLACK
6
CONTINUOUS
10
1.3755867716535433
20
0.2703413779527559
11
1.3734251968503937
21
0.2681798031496063
0
LINE
8
BLACK
6
CONTINUOUS
10
1.3734251968503937
20
0.2681798031496063
11
1.3704724409448819
21
0.2673886220472441
0
LINE
8
BLACK
6
CONTINUOUS
10
1.3704724409448819
20
0.2673886220472441
11
1.36751968503937
21
0.2681798031496063
0
LINE
8
BLACK
6
CONTINUOUS
10
1.36751968503937
20
0.2681798031496063
11
1.3653581102362204
21
0.2703413779527559
0
LINE
8
BLACK
6
CONTINUOUS
10
1.3653581102362204
20
0.2703413779527559
11
1.3645669291338582
21
0.2732941338582677
0
LINE
8
BLACK
6
CONTINUOUS
10
1.3645669291338582
20
0.2732941338582677
11
1.3645669291338582
21
0.332349251968504
0
LINE
8
BLACK
6
CONTINUOUS
10
1.3645669291338582
20
0.332349251968504
11
1.3646349606299213
21
0.3326032283464567
0
LINE
8
BLACK
6
CONTINUOUS
10
1.3646349606299213
20
0.3326032283464567
11
1.3645892519685039
21
0.3328622047244094
0
LINE
8
BLACK
6
CONTINUOUS
10
1.3645892519685039
20
0.3328622047244094
11
1.3650266929133859
21
0.3340652362204724
0
LINE
8
BLACK
6
CONTINUOUS
10
1.3650266929133859
20
0.3340652362204724
11
1.3653581102362204
21
0.3353020078740158
0
LINE
8
BLACK
6
CONTINUOUS
10
1.3653581102362204
20
0.3353020078740158
11
1.3655440551181102
21
0.3354879527559055
0
LINE
8
BLACK
6
CONTINUOUS
10
1.3655440551181102
20
0.3354879527559055
11
1.3656339370078741
21
0.3357350787401575
0
LINE
8
BLACK
6
CONTINUOUS
10
1.3656339370078741
20
0.3357350787401575
11
1.3666142519685038
21
0.3365581496062992
0
LINE
8
BLACK
6
CONTINUOUS
10
1.3666142519685038
20
0.3365581496062992
11
1.36751968503937
21
0.3374635826771654
0
LINE
8
BLACK
6
CONTINUOUS
10
1.36751968503937
20
0.3374635826771654
11
1.3677737007874016
21
0.3375316141732284
0
LINE
8
BLACK
6
CONTINUOUS
10
1.3677737007874016
20
0.3375316141732284
11
1.3679750787401574
21
0.3377007086614173
0
LINE
8
BLACK
6
CONTINUOUS
10
1.3679750787401574
20
0.3377007086614173
11
1.3692356692913386
21
0.3379233464566929
0
LINE
8
BLACK
6
CONTINUOUS
10
1.3692356692913386
20
0.3379233464566929
11
1.3704724409448819
21
0.3382547637795276
0
LINE
8
BLACK
6
CONTINUOUS
10
1.3704724409448819
20
0.3382547637795276
11
1.3707264173228346
21
0.3381866929133858
0
LINE
8
BLACK
6
CONTINUOUS
10
1.3707264173228346
20
0.3381866929133858
11
1.3709853937007874
21
0.3382324409448819
0
LINE
8
BLACK
6
CONTINUOUS
10
1.3709853937007874
20
0.3382324409448819
11
1.3721884251968504
21
0.3377949606299213
0
LINE
8
BLACK
6
CONTINUOUS
10
1.3721884251968504
20
0.3377949606299213
11
1.3734251968503937
21
0.3374635826771654
0
LINE
8
BLACK
6
CONTINUOUS
10
1.3734251968503937
20
0.3374635826771654
11
1.3736111417322834
21
0.3372775984251968
0
LINE
8
BLACK
6
CONTINUOUS
10
1.3736111417322834
20
0.3372775984251968
11
1.3738582677165354
21
0.3371877559055118
0
LINE
8
BLACK
6
CONTINUOUS
10
1.3738582677165354
20
0.3371877559055118
11
1.374681338582677
21
0.3362074015748032
0
LINE
8
BLACK
6
CONTINUOUS
10
1.374681338582677
20
0.3362074015748032
11
1.3755867716535433
21
0.3353020078740158
0
LINE
8
BLACK
6
CONTINUOUS
10
1.3755867716535433
20
0.3353020078740158
11
1.3756548031496063
21
0.3350479527559055
0
LINE
8
BLACK
6
CONTINUOUS
10
1.3756548031496063
20
0.3350479527559055
11
1.3758238976377952
21
0.3348466141732284
0
LINE
8
BLACK
6
CONTINUOUS
10
1.3758238976377952
20
0.3348466141732284
11
1.3901574803149606
21
0.3041317716535433
0
LINE
8
BLACK
6
CONTINUOUS
10
1.3901574803149606
20
0.3041317716535433
11
1.4044910629921259
21
0.3348466141732284
0
LINE
8
BLACK
6
CONTINUOUS
10
1.4044910629921259
20
0.3348466141732284
11
1.4046601181102363
21
0.3350479527559055
0
LINE
8
BLACK
6
CONTINUOUS
10
1.4046601181102363
20
0.3350479527559055
11
1.4047281889763779
21
0.3353020078740158
0
LINE
8
BLACK
6
CONTINUOUS
10
1.4047281889763779
20
0.3353020078740158
11
1.4056334645669291
21
0.3362072834645669
0
LINE
8
BLACK
6
CONTINUOUS
10
1.4056334645669291
20
0.3362072834645669
11
1.4064566929133857
21
0.3371877952755906
0
LINE
8
BLACK
6
CONTINUOUS
10
1.4064566929133857
20
0.3371877952755906
11
1.4067038188976377
21
0.3372776377952756
0
LINE
8
BLACK
6
CONTINUOUS
10
1.4067038188976377
20
0.3372776377952756
11
1.4068897637795275
21
0.3374635826771654
0
LINE
8
BLACK
6
CONTINUOUS
10
1.4068897637795275
20
0.3374635826771654
11
1.4081261023622047
21
0.3377948425196851
0
LINE
8
BLACK
6
CONTINUOUS
10
1.4081261023622047
20
0.3377948425196851
11
1.4093295669291339
21
0.3382324803149606
0
LINE
8
BLACK
6
CONTINUOUS
10
1.4093295669291339
20
0.3382324803149606
11
1.4095885826771652
21
0.3381866929133858
0
LINE
8
BLACK
6
CONTINUOUS
10
1.4095885826771652
20
0.3381866929133858
11
1.4098425196850393
21
0.3382547637795276
0
LINE
8
BLACK
6
CONTINUOUS
10
1.4098425196850393
20
0.3382547637795276
11
1.4110788188976378
21
0.3379234645669291
0
LINE
8
BLACK
6
CONTINUOUS
10
1.4561479921259841
20
0.3379034251968504
11
1.4574779527559054
21
0.3376312992125984
0
LINE
8
BLACK
6
CONTINUOUS
10
1.4574779527559054
20
0.3376312992125984
11
1.4631022440944881
21
0.3348191338582677
0
LINE
8
BLACK
6
CONTINUOUS
10
1.4631022440944881
20
0.3348191338582677
11
1.4638135826771652
21
0.3341883070866142
0
LINE
8
BLACK
6
CONTINUOUS
10
1.4638135826771652
20
0.3341883070866142
11
1.4646370078740156
21
0.3337129527559055
0
LINE
8
BLACK
6
CONTINUOUS
10
1.4646370078740156
20
0.3337129527559055
11
1.4674491732283463
21
0.3309008267716536
0
LINE
8
BLACK
6
CONTINUOUS
10
1.4674491732283463
20
0.3309008267716536
11
1.4679245669291339
21
0.3300773622047244
0
LINE
8
BLACK
6
CONTINUOUS
10
1.4679245669291339
20
0.3300773622047244
11
1.4685554330708661
21
0.3293659842519685
0
LINE
8
BLACK
6
CONTINUOUS
10
1.4685554330708661
20
0.3293659842519685
11
1.4713675590551181
21
0.3237416535433071
0
LINE
8
BLACK
6
CONTINUOUS
10
1.4713675590551181
20
0.3237416535433071
11
1.4714982283464566
21
0.3231029133858268
0
LINE
8
BLACK
6
CONTINUOUS
10
1.4714982283464566
20
0.3231029133858268
11
1.4718146850393701
21
0.3225329527559055
0
LINE
8
BLACK
6
CONTINUOUS
10
1.4718146850393701
20
0.3225329527559055
11
1.4746268503937008
21
0.3112843700787402
0
LINE
8
BLACK
6
CONTINUOUS
10
1.4746268503937008
20
0.3112843700787402
11
1.4746145669291337
21
0.3105558267716536
0
LINE
8
BLACK
6
CONTINUOUS
10
1.4746145669291337
20
0.3105558267716536
11
1.474803188976378
21
0.3098520472440945
0
LINE
8
BLACK
6
CONTINUOUS
10
1.474803188976378
20
0.3098520472440945
11
1.474803188976378
21
0.2957913385826771
0
LINE
8
BLACK
6
CONTINUOUS
10
1.474803188976378
20
0.2957913385826771
11
1.4746145669291337
21
0.2950875196850394
0
LINE
8
BLACK
6
CONTINUOUS
10
1.4746145669291337
20
0.2950875196850394
11
1.4746268503937008
21
0.2943590157480315
0
LINE
8
BLACK
6
CONTINUOUS
10
1.4746268503937008
20
0.2943590157480315
11
1.4718146850393701
21
0.2831104330708661
0
LINE
8
BLACK
6
CONTINUOUS
10
1.4718146850393701
20
0.2831104330708661
11
1.4714982283464566
21
0.2825404330708661
0
LINE
8
BLACK
6
CONTINUOUS
10
1.4714982283464566
20
0.2825404330708661
11
1.4713675590551181
21
0.2819017322834645
0
LINE
8
BLACK
6
CONTINUOUS
10
1.4713675590551181
20
0.2819017322834645
11
1.4685554330708661
21
0.2762774015748031
0
LINE
8
BLACK
6
CONTINUOUS
10
1.4685554330708661
20
0.2762774015748031
11
1.4679245669291339
21
0.2755659842519685
0
LINE
8
BLACK
6
CONTINUOUS
10
1.4679245669291339
20
0.2755659842519685
11
1.4674491732283463
21
0.2747425590551181
0
LINE
8
BLACK
6
CONTINUOUS
10
1.4674491732283463
20
0.2747425590551181
11
1.4646370078740156
21
0.2719304330708661
0
LINE
8
BLACK
6
CONTINUOUS
10
1.4646370078740156
20
0.2719304330708661
11
1.4638135826771652
21
0.2714550393700788
0
LINE
8
BLACK
6
CONTINUOUS
10
1.4638135826771652
20
0.2714550393700788
11
1.4631022440944881
21
0.2708242519685039
0
LINE
8
BLACK
6
CONTINUOUS
10
1.4631022440944881
20
0.2708242519685039
11
1.4574779527559054
21
0.2680120866141732
0
LINE
8
BLACK
6
CONTINUOUS
10
1.4574779527559054
20
0.2680120866141732
11
1.4561479921259841
21
0.2677399212598425
0
LINE
8
BLACK
6
CONTINUOUS
10
1.4561479921259841
20
0.2677399212598425
11
1.4548369291338583
21
0.2673886220472441
0
LINE
8
BLACK
6
CONTINUOUS
10
1.4548369291338583
20
0.2673886220472441
11
1.4492126377952756
21
0.2673886220472441
0
LINE
8
BLACK
6
CONTINUOUS
10
1.4492126377952756
20
0.2673886220472441
11
1.4479015748031496
21
0.2677398818897638
0
LINE
8
BLACK
6
CONTINUOUS
10
1.4479015748031496
20
0.2677398818897638
11
1.4465715748031496
21
0.2680120866141732
0
LINE
8
BLACK
6
CONTINUOUS
10
1.4465715748031496
20
0.2680120866141732
11
1.4409473228346457
21
0.2708242519685039
0
LINE
8
BLACK
6
CONTINUOUS
10
1.4409473228346457
20
0.2708242519685039
11
1.4402359448818898
21
0.2714550393700788
0
LINE
8
BLACK
6
CONTINUOUS
10
1.4402359448818898
20
0.2714550393700788
11
1.4394125590551181
21
0.2719304330708661
0
LINE
8
BLACK
6
CONTINUOUS
10
1.4394125590551181
20
0.2719304330708661
11
1.4366003937007874
21
0.2747425590551181
0
LINE
8
BLACK
6
CONTINUOUS
10
1.4366003937007874
20
0.2747425590551181
11
1.4361249212598426
21
0.2755660236220472
0
LINE
8
BLACK
6
CONTINUOUS
10
1.4361249212598426
20
0.2755660236220472
11
1.4354941338582676
21
0.2762774015748031
0
LINE
8
BLACK
6
CONTINUOUS
10
1.4354941338582676
20
0.2762774015748031
11
1.4326819685039369
21
0.2819016929133858
0
LINE
8
BLACK
6
CONTINUOUS
10
1.4326819685039369
20
0.2819016929133858
11
1.4325512204724409
21
0.2825404330708661
0
LINE
8
BLACK
6
CONTINUOUS
10
1.4325512204724409
20
0.2825404330708661
11
1.4322348425196849
21
0.2831104330708661
0
LINE
8
BLACK
6
CONTINUOUS
10
1.4322348425196849
20
0.2831104330708661
11
1.429422716535433
21
0.2943590551181102
0
LINE
8
BLACK
6
CONTINUOUS
10
1.429422716535433
20
0.2943590551181102
11
1.4294349606299213
21
0.2950874803149606
0
LINE
8
BLACK
6
CONTINUOUS
10
1.4294349606299213
20
0.2950874803149606
11
1.4292463779527558
21
0.2957913385826771
0
LINE
8
BLACK
6
CONTINUOUS
10
1.4292463779527558
20
0.2957913385826771
11
1.4292463779527558
21
0.3098520472440945
0
LINE
8
BLACK
6
CONTINUOUS
10
1.4292463779527558
20
0.3098520472440945
11
1.4294349606299213
21
0.3105558661417323
0
LINE
8
BLACK
6
CONTINUOUS
10
1.4294349606299213
20
0.3105558661417323
11
1.429422716535433
21
0.3112843307086614
0
LINE
8
BLACK
6
CONTINUOUS
10
1.429422716535433
20
0.3112843307086614
11
1.4322348425196849
21
0.3225329527559055
0
LINE
8
BLACK
6
CONTINUOUS
10
1.4322348425196849
20
0.3225329527559055
11
1.4325512204724409
21
0.3231029133858268
0
LINE
8
BLACK
6
CONTINUOUS
10
1.4325512204724409
20
0.3231029133858268
11
1.4326819685039369
21
0.3237416929133858
0
LINE
8
BLACK
6
CONTINUOUS
10
1.4326819685039369
20
0.3237416929133858
11
1.4354941338582676
21
0.3293659842519685
0
LINE
8
BLACK
6
CONTINUOUS
10
1.4354941338582676
20
0.3293659842519685
11
1.4361249212598426
21
0.3300773228346456
0
LINE
8
BLACK
6
CONTINUOUS
10
1.4361249212598426
20
0.3300773228346456
11
1.4366003937007874
21
0.3309008267716536
0
LINE
8
BLACK
6
CONTINUOUS
10
1.4366003937007874
20
0.3309008267716536
11
1.4394125590551181
21
0.3337129527559055
0
LINE
8
BLACK
6
CONTINUOUS
10
1.4394125590551181
20
0.3337129527559055
11
1.4402359448818898
21
0.3341883070866142
0
LINE
8
BLACK
6
CONTINUOUS
10
1.4402359448818898
20
0.3341883070866142
11
1.4409473228346457
21
0.3348191338582677
0
LINE
8
BLACK
6
CONTINUOUS
10
1.4409473228346457
20
0.3348191338582677
11
1.4465715748031496
21
0.3376312992125984
0
LINE
8
BLACK
6
CONTINUOUS
10
1.4465715748031496
20
0.3376312992125984
11
1.4479015748031496
21
0.3379034645669291
0
LINE
8
BLACK
6
CONTINUOUS
10
1.4479015748031496
20
0.3379034645669291
11
1.4492126377952756
21
0.3382547637795276
0
LINE
8
BLACK
6
CONTINUOUS
10
1.4492126377952756
20
0.3382547637795276
11
1.4548369291338583
21
0.3382547637795276
0
LINE
8
BLACK
6
CONTINUOUS
10
1.4548369291338583
20
0.3382547637795276
11
1.4561479921259841
21
0.3379034251968504
0
LINE
8
BLACK
6
CONTINUOUS
10
1.4470864960629921
20
0.3246835826771653
11
1.4456296456692912
21
0.3232267716535433
0
LINE
8
BLACK
6
CONTINUOUS
10
1.4456296456692912
20
0.3232267716535433
11
1.4435359055118111
21
0.3190393700787402
0
LINE
8
BLACK
6
CONTINUOUS
10
1.4435359055118111
20
0.3190393700787402
11
1.4410574015748032
21
0.3091251181102362
0
LINE
8
BLACK
6
CONTINUOUS
10
1.4410574015748032
20
0.3091251181102362
11
1.4410574015748032
21
0.2965182283464567
0
LINE
8
BLACK
6
CONTINUOUS
10
1.4410574015748032
20
0.2965182283464567
11
1.4435359055118111
21
0.2866039763779528
0
LINE
8
BLACK
6
CONTINUOUS
10
1.4435359055118111
20
0.2866039763779528
11
1.4456296456692912
21
0.2824165748031496
0
LINE
8
BLACK
6
CONTINUOUS
10
1.4456296456692912
20
0.2824165748031496
11
1.4470864960629921
21
0.2809597637795275
0
LINE
8
BLACK
6
CONTINUOUS
10
1.4470864960629921
20
0.2809597637795275
11
1.4506067322834646
21
0.2791996456692913
0
LINE
8
BLACK
6
CONTINUOUS
10
1.4506067322834646
20
0.2791996456692913
11
1.4534428346456694
21
0.2791996456692913
0
LINE
8
BLACK
6
CONTINUOUS
10
1.4534428346456694
20
0.2791996456692913
11
1.4569630708661416
21
0.2809597637795275
0
LINE
8
BLACK
6
CONTINUOUS
10
1.4569630708661416
20
0.2809597637795275
11
1.4584199212598425
21
0.2824166141732283
0
LINE
8
BLACK
6
CONTINUOUS
10
1.4584199212598425
20
0.2824166141732283
11
1.4605135433070866
21
0.286603937007874
0
LINE
8
BLACK
6
CONTINUOUS
10
1.4605135433070866
20
0.286603937007874
11
1.4629921653543307
21
0.2965182677165354
0
LINE
8
BLACK
6
CONTINUOUS
10
1.4629921653543307
20
0.2965182677165354
11
1.4629921653543307
21
0.3091250787401575
0
LINE
8
BLACK
6
CONTINUOUS
10
1.4629921653543307
20
0.3091250787401575
11
1.4605135433070866
21
0.3190394094488189
0
LINE
8
BLACK
6
CONTINUOUS
10
1.4605135433070866
20
0.3190394094488189
11
1.4584199212598425
21
0.3232267322834645
0
LINE
8
BLACK
6
CONTINUOUS
10
1.4584199212598425
20
0.3232267322834645
11
1.4569630708661416
21
0.3246835826771653
0
LINE
8
BLACK
6
CONTINUOUS
10
1.4569630708661416
20
0.3246835826771653
11
1.4534428346456694
21
0.3264437401574803
0
LINE
8
BLACK
6
CONTINUOUS
10
1.4534428346456694
20
0.3264437401574803
11
1.4506067322834646
21
0.3264437401574803
0
LINE
8
BLACK
6
CONTINUOUS
10
1.4506067322834646
20
0.3264437401574803
11
1.4470864960629921
21
0.3246835826771653
0
LINE
8
BLACK
6
CONTINUOUS
10
1.508456220472441
20
0.3382042125984252
11
1.5086477952755906
21
0.3382425590551181
0
LINE
8
BLACK
6
CONTINUOUS
10
1.5086477952755906
20
0.3382425590551181
11
1.5099219291338581
21
0.3378114960629921
0
LINE
8
BLACK
6
CONTINUOUS
10
1.5099219291338581
20
0.3378114960629921
11
1.5112204724409448
21
0.3374635826771654
0
LINE
8
BLACK
6
CONTINUOUS
10
1.5112204724409448
20
0.3374635826771654
11
1.5113585039370079
21
0.3373255118110236
0
LINE
8
BLACK
6
CONTINUOUS
10
1.5113585039370079
20
0.3373255118110236
11
1.5115435039370078
21
0.3372629527559055
0
LINE
8
BLACK
6
CONTINUOUS
10
1.5115435039370078
20
0.3372629527559055
11
1.5124313779527558
21
0.3362526377952756
0
LINE
8
BLACK
6
CONTINUOUS
10
1.5124313779527558
20
0.3362526377952756
11
1.5133820472440944
21
0.3353020078740158
0
LINE
8
BLACK
6
CONTINUOUS
10
1.5133820472440944
20
0.3353020078740158
11
1.5134325590551181
21
0.3351134645669291
0
LINE
8
BLACK
6
CONTINUOUS
10
1.5134325590551181
20
0.3351134645669291
11
1.5135614960629922
21
0.3349667716535433
0
LINE
8
BLACK
6
CONTINUOUS
10
1.5135614960629922
20
0.3349667716535433
11
1.5138252362204725
21
0.333647874015748
0
LINE
8
BLACK
6
CONTINUOUS
10
1.5138252362204725
20
0.333647874015748
11
1.5141732283464566
21
0.332349251968504
0
LINE
8
BLACK
6
CONTINUOUS
10
1.5141732283464566
20
0.332349251968504
11
1.5141732283464566
21
0.2791996456692913
0
LINE
8
BLACK
6
CONTINUOUS
10
1.5141732283464566
20
0.2791996456692913
11
1.5251406299212598
21
0.2791996456692913
0
LINE
8
BLACK
6
CONTINUOUS
10
1.5251406299212598
20
0.2791996456692913
11
1.5280933858267716
21
0.2784084645669291
0
LINE
8
BLACK
6
CONTINUOUS
10
1.5280933858267716
20
0.2784084645669291
11
1.5302549606299212
21
0.2762468897637795
0
LINE
8
BLACK
6
CONTINUOUS
10
1.5302549606299212
20
0.2762468897637795
11
1.5310461417322834
21
0.2732941338582677
0
LINE
8
BLACK
6
CONTINUOUS
10
1.5310461417322834
20
0.2732941338582677
11
1.5302549606299212
21
0.2703413779527559
0
LINE
8
BLACK
6
CONTINUOUS
10
1.5302549606299212
20
0.2703413779527559
11
1.5280933858267716
21
0.2681798031496063
0
LINE
8
BLACK
6
CONTINUOUS
10
1.5280933858267716
20
0.2681798031496063
11
1.5251406299212598
21
0.2673886220472441
0
LINE
8
BLACK
6
CONTINUOUS
10
1.5251406299212598
20
0.2673886220472441
11
1.508267716535433
21
0.2673886220472441
0
LINE
8
BLACK
6
CONTINUOUS
10
1.508267716535433
20
0.2673886220472441
11
1.491394842519685
21
0.2673886220472441
0
LINE
8
BLACK
6
CONTINUOUS
10
1.491394842519685
20
0.2673886220472441
11
1.4884420866141732
21
0.2681798031496063
0
LINE
8
BLACK
6
CONTINUOUS
10
1.4884420866141732
20
0.2681798031496063
11
1.4862805118110236
21
0.2703413779527559
0
LINE
8
BLACK
6
CONTINUOUS
10
1.4862805118110236
20
0.2703413779527559
11
1.4854893307086614
21
0.2732941338582677
0
LINE
8
BLACK
6
CONTINUOUS
10
1.4854893307086614
20
0.2732941338582677
11
1.4862805118110236
21
0.2762468897637795
0
LINE
8
BLACK
6
CONTINUOUS
10
1.4862805118110236
20
0.2762468897637795
11
1.4884420866141732
21
0.2784084645669291
0
LINE
8
BLACK
6
CONTINUOUS
10
1.4884420866141732
20
0.2784084645669291
11
1.491394842519685
21
0.2791996456692913
0
LINE
8
BLACK
6
CONTINUOUS
10
1.491394842519685
20
0.2791996456692913
11
1.5023622047244094
21
0.2791996456692913
0
LINE
8
BLACK
6
CONTINUOUS
10
1.5023622047244094
20
0.2791996456692913
11
1.5023622047244094
21
0.3152799212598425
0
LINE
8
BLACK
6
CONTINUOUS
10
1.5023622047244094
20
0.3152799212598425
11
1.5011949606299213
21
0.3141126771653543
0
LINE
8
BLACK
6
CONTINUOUS
10
1.5011949606299213
20
0.3141126771653543
11
1.5003715354330709
21
0.3136372834645669
0
LINE
8
BLACK
6
CONTINUOUS
10
1.5003715354330709
20
0.3136372834645669
11
1.499660157480315
21
0.3130064566929134
0
LINE
8
BLACK
6
CONTINUOUS
10
1.499660157480315
20
0.3130064566929134
11
1.4940358661417323
21
0.3101943307086614
0
LINE
8
BLACK
6
CONTINUOUS
10
1.4940358661417323
20
0.3101943307086614
11
1.4910409842519685
21
0.3095814566929134
0
LINE
8
BLACK
6
CONTINUOUS
10
1.4910409842519685
20
0.3095814566929134
11
1.4881409448818896
21
0.3105481496062992
0
LINE
8
BLACK
6
CONTINUOUS
10
1.4881409448818896
20
0.3105481496062992
11
1.4861127952755906
21
0.3128353543307086
0
LINE
8
BLACK
6
CONTINUOUS
10
1.4861127952755906
20
0.3128353543307086
11
1.4854999212598425
21
0.3158302362204725
0
LINE
8
BLACK
6
CONTINUOUS
10
1.4854999212598425
20
0.3158302362204725
11
1.4864666141732283
21
0.3187302755905512
0
LINE
8
BLACK
6
CONTINUOUS
10
1.4864666141732283
20
0.3187302755905512
11
1.4887538188976377
21
0.3207584251968504
0
LINE
8
BLACK
6
CONTINUOUS
10
1.4887538188976377
20
0.3207584251968504
11
1.493520905511811
21
0.3231419291338583
0
LINE
8
BLACK
6
CONTINUOUS
10
1.493520905511811
20
0.3231419291338583
11
1.4980540551181103
21
0.3276750787401575
0
LINE
8
BLACK
6
CONTINUOUS
10
1.4980540551181103
20
0.3276750787401575
11
1.5033540551181102
21
0.3356250393700788
0
LINE
8
BLACK
6
CONTINUOUS
10
1.5033540551181102
20
0.3356250393700788
11
1.5043640157480314
21
0.3365126377952756
0
LINE
8
BLACK
6
CONTINUOUS
10
1.5043640157480314
20
0.3365126377952756
11
1.5053149606299212
21
0.3374635826771654
0
LINE
8
BLACK
6
CONTINUOUS
10
1.5053149606299212
20
0.3374635826771654
11
1.5055035433070867
21
0.337514094488189
0
LINE
8
BLACK
6
CONTINUOUS
10
1.5055035433070867
20
0.337514094488189
11
1.5056502362204724
21
0.337643031496063
0
LINE
8
BLACK
6
CONTINUOUS
10
1.5056502362204724
20
0.337643031496063
11
1.5069691732283463
21
0.337906811023622
0
LINE
8
BLACK
6
CONTINUOUS
10
1.5069691732283463
20
0.337906811023622
11
1.508267716535433
21
0.3382547637795276
0
LINE
8
BLACK
6
CONTINUOUS
10
1.508267716535433
20
0.3382547637795276
11
1.508456220472441
21
0.3382042125984252
0
LINE
8
BLACK
6
CONTINUOUS
10
1.5632054724409448
20
0.3379733464566929
11
1.5635660236220472
21
0.3379517322834645
0
LINE
8
BLACK
6
CONTINUOUS
10
1.5635660236220472
20
0.3379517322834645
11
1.5645559448818898
21
0.3372981102362205
0
LINE
8
BLACK
6
CONTINUOUS
10
1.5645559448818898
20
0.3372981102362205
11
1.5656166929133859
21
0.3367677559055118
0
LINE
8
BLACK
6
CONTINUOUS
10
1.5656166929133859
20
0.3367677559055118
11
1.5658156299212598
21
0.3364664173228347
0
LINE
8
BLACK
6
CONTINUOUS
10
1.5658156299212598
20
0.3364664173228347
11
1.5661170866141731
21
0.3362674015748031
0
LINE
8
BLACK
6
CONTINUOUS
10
1.5661170866141731
20
0.3362674015748031
11
1.5666475984251969
21
0.3352062992125984
0
LINE
8
BLACK
6
CONTINUOUS
10
1.5666475984251969
20
0.3352062992125984
11
1.5673009842519685
21
0.3342167322834645
0
LINE
8
BLACK
6
CONTINUOUS
10
1.5673009842519685
20
0.3342167322834645
11
1.586986062992126
21
0.2751616141732283
0
LINE
8
BLACK
6
CONTINUOUS
10
1.586986062992126
20
0.2751616141732283
11
1.5871692125984251
21
0.2721101968503937
0
LINE
8
BLACK
6
CONTINUOUS
10
1.5871692125984251
20
0.2721101968503937
11
1.5858021259842519
21
0.2693759842519685
0
LINE
8
BLACK
6
CONTINUOUS
10
1.5858021259842519
20
0.2693759842519685
11
1.5832510629921259
21
0.2676916535433071
0
LINE
8
BLACK
6
CONTINUOUS
10
1.5832510629921259
20
0.2676916535433071
11
1.5801996456692913
21
0.2675085039370079
0
LINE
8
BLACK
6
CONTINUOUS
10
1.5801996456692913
20
0.2675085039370079
11
1.5774654330708662
21
0.2688755905511811
0
LINE
8
BLACK
6
CONTINUOUS
10
1.5774654330708662
20
0.2688755905511811
11
1.5757811417322833
21
0.2714266535433071
0
LINE
8
BLACK
6
CONTINUOUS
10
1.5757811417322833
20
0.2714266535433071
11
1.571502874015748
21
0.2842614960629921
0
LINE
8
BLACK
6
CONTINUOUS
10
1.571502874015748
20
0.2842614960629921
11
1.5518942519685039
21
0.2842614960629921
0
LINE
8
BLACK
6
CONTINUOUS
10
1.5518942519685039
20
0.2842614960629921
11
1.5476159448818898
21
0.2714266535433071
0
LINE
8
BLACK
6
CONTINUOUS
10
1.5476159448818898
20
0.2714266535433071
11
1.545931653543307
21
0.2688756299212599
0
LINE
8
BLACK
6
CONTINUOUS
10
1.545931653543307
20
0.2688756299212599
11
1.5431974409448819
21
0.2675085039370079
0
LINE
8
BLACK
6
CONTINUOUS
10
1.5431974409448819
20
0.2675085039370079
11
1.5401460236220472
21
0.2676916929133858
0
LINE
8
BLACK
6
CONTINUOUS
10
1.5401460236220472
20
0.2676916929133858
11
1.537595
21
0.2693759842519685
0
LINE
8
BLACK
6
CONTINUOUS
10
1.537595
20
0.2693759842519685
11
1.536227874015748
21
0.2721101968503937
0
LINE
8
BLACK
6
CONTINUOUS
10
1.536227874015748
20
0.2721101968503937
11
1.5364110629921259
21
0.2751616141732283
0
LINE
8
BLACK
6
CONTINUOUS
10
1.5364110629921259
20
0.2751616141732283
11
1.5560961023622046
21
0.3342167322834645
0
LINE
8
BLACK
6
CONTINUOUS
10
1.5560961023622046
20
0.3342167322834645
11
1.5567495669291338
21
0.3352064960629921
0
LINE
8
BLACK
6
CONTINUOUS
10
1.5567495669291338
20
0.3352064960629921
11
1.5572800393700788
21
0.3362674015748031
0
LINE
8
BLACK
6
CONTINUOUS
10
1.5572800393700788
20
0.3362674015748031
11
1.5575813385826771
21
0.3364663385826772
0
LINE
8
BLACK
6
CONTINUOUS
10
1.5575813385826771
20
0.3364663385826772
11
1.5577803937007875
21
0.3367677952755905
0
LINE
8
BLACK
6
CONTINUOUS
10
1.5577803937007875
20
0.3367677952755905
11
1.5588414566929134
21
0.3372983070866142
0
LINE
8
BLACK
6
CONTINUOUS
10
1.5588414566929134
20
0.3372983070866142
11
1.5598310629921259
21
0.3379516929133858
0
LINE
8
BLACK
6
CONTINUOUS
10
1.5598310629921259
20
0.3379516929133858
11
1.5601914960629921
21
0.3379733070866142
0
LINE
8
BLACK
6
CONTINUOUS
10
1.5601914960629921
20
0.3379733070866142
11
1.5605146062992126
21
0.3381348818897638
0
LINE
8
BLACK
6
CONTINUOUS
10
1.5605146062992126
20
0.3381348818897638
11
1.5616986614173227
21
0.3380637795275591
0
LINE
8
BLACK
6
CONTINUOUS
10
1.5616986614173227
20
0.3380637795275591
11
1.5628824803149606
21
0.3381348818897638
0
LINE
8
BLACK
6
CONTINUOUS
10
1.5628824803149606
20
0.3381348818897638
11
1.5632054724409448
21
0.3379733464566929
0
LINE
8
BLACK
6
CONTINUOUS
10
1.5558312598425197
20
0.2960725196850393
11
1.5675658661417322
21
0.2960725196850393
0
LINE
8
BLACK
6
CONTINUOUS
10
1.5675658661417322
20
0.2960725196850393
11
1.5616985433070867
21
0.3136743700787402
0
LINE
8
BLACK
6
CONTINUOUS
10
1.5616985433070867
20
0.3136743700787402
11
1.5558312598425197
21
0.2960725196850393
0
LINE
8
BLACK
6
CONTINUOUS
10
1.6912445669291338
20
0.3642785826771653
11
1.6931193700787401
21
0.3624038188976378
0
LINE
8
BLACK
6
CONTINUOUS
10
1.6931193700787401
20
0.3624038188976378
11
1.6937075984251968
21
0.361563779527559
0
LINE
8
BLACK
6
CONTINUOUS
10
1.6937075984251968
20
0.361563779527559
11
1.6937229527559055
21
0.3613878346456693
0
LINE
8
BLACK
6
CONTINUOUS
10
1.6937229527559055
20
0.3613878346456693
11
1.693832716535433
21
0.3612496062992126
0
LINE
8
BLACK
6
CONTINUOUS
10
1.693832716535433
20
0.3612496062992126
11
1.6957074803149605
21
0.3556253543307086
0
LINE
8
BLACK
6
CONTINUOUS
10
1.6957074803149605
20
0.3556253543307086
11
1.6958369685039369
21
0.3547520866141732
0
LINE
8
BLACK
6
CONTINUOUS
10
1.6958369685039369
20
0.3547520866141732
11
1.6958590157480316
21
0.3546915748031496
0
LINE
8
BLACK
6
CONTINUOUS
10
1.6958590157480316
20
0.3546915748031496
11
1.6958590157480316
21
0.3509420472440945
0
LINE
8
BLACK
6
CONTINUOUS
10
1.6958590157480316
20
0.3509420472440945
11
1.6957057086614173
21
0.3500726377952756
0
LINE
8
BLACK
6
CONTINUOUS
10
1.6957057086614173
20
0.3500726377952756
11
1.6957074803149605
21
0.3500082677165354
0
LINE
8
BLACK
6
CONTINUOUS
10
1.6957074803149605
20
0.3500082677165354
11
1.693832716535433
21
0.3443840157480315
0
LINE
8
BLACK
6
CONTINUOUS
10
1.693832716535433
20
0.3443840157480315
11
1.6933444094488188
21
0.3434822440944882
0
LINE
8
BLACK
6
CONTINUOUS
10
1.6933444094488188
20
0.3434822440944882
11
1.6931940157480314
21
0.343389842519685
0
LINE
8
BLACK
6
CONTINUOUS
10
1.6931940157480314
20
0.343389842519685
11
1.6931194094488189
21
0.343229842519685
0
LINE
8
BLACK
6
CONTINUOUS
10
1.6931194094488189
20
0.343229842519685
11
1.689369842519685
21
0.3394803149606299
0
LINE
8
BLACK
6
CONTINUOUS
10
1.689369842519685
20
0.3394803149606299
11
1.6886466535433071
21
0.3389738976377953
0
LINE
8
BLACK
6
CONTINUOUS
10
1.6886466535433071
20
0.3389738976377953
11
1.6886024409448819
21
0.3389272047244095
0
LINE
8
BLACK
6
CONTINUOUS
10
1.6886024409448819
20
0.3389272047244095
11
1.6848529133858268
21
0.3370524409448819
0
LINE
8
BLACK
6
CONTINUOUS
10
1.6848529133858268
20
0.3370524409448819
11
1.6843644488188976
21
0.336907125984252
0
LINE
8
BLACK
6
CONTINUOUS
10
1.6843644488188976
20
0.336907125984252
11
1.6842485433070866
21
0.3368288582677165
0
LINE
8
BLACK
6
CONTINUOUS
10
1.6842485433070866
20
0.3368288582677165
11
1.6767494881889764
21
0.334954094488189
0
LINE
8
BLACK
6
CONTINUOUS
10
1.6767494881889764
20
0.334954094488189
11
1.6761615748031495
21
0.3349125984251968
0
LINE
8
BLACK
6
CONTINUOUS
10
1.6761615748031495
20
0.3349125984251968
11
1.6760333464566928
21
0.3348659448818898
0
LINE
8
BLACK
6
CONTINUOUS
10
1.6760333464566928
20
0.3348659448818898
11
1.6704090551181101
21
0.3348659448818898
0
LINE
8
BLACK
6
CONTINUOUS
10
1.6704090551181101
20
0.3348659448818898
11
1.6698286614173228
21
0.3349682677165354
0
LINE
8
BLACK
6
CONTINUOUS
10
1.6698286614173228
20
0.3349682677165354
11
1.6696929133858267
21
0.334954094488189
0
LINE
8
BLACK
6
CONTINUOUS
10
1.6696929133858267
20
0.334954094488189
11
1.6621938582677165
21
0.3368288582677165
0
LINE
8
BLACK
6
CONTINUOUS
10
1.6621938582677165
20
0.3368288582677165
11
1.6617283858267715
21
0.3370364173228346
0
LINE
8
BLACK
6
CONTINUOUS
10
1.6617283858267715
20
0.3370364173228346
11
1.6615894881889763
21
0.3370524409448819
0
LINE
8
BLACK
6
CONTINUOUS
10
1.6615894881889763
20
0.3370524409448819
11
1.6578399606299212
21
0.3389272047244095
0
LINE
8
BLACK
6
CONTINUOUS
10
1.6578399606299212
20
0.3389272047244095
11
1.6571308661417323
21
0.3394531102362205
0
LINE
8
BLACK
6
CONTINUOUS
10
1.6571308661417323
20
0.3394531102362205
11
1.6570725590551181
21
0.3394803149606299
0
LINE
8
BLACK
6
CONTINUOUS
10
1.6570725590551181
20
0.3394803149606299
11
1.653323031496063
21
0.343229842519685
0
LINE
8
BLACK
6
CONTINUOUS
10
1.653323031496063
20
0.343229842519685
11
1.6527348425196851
21
0.3440698818897638
0
LINE
8
BLACK
6
CONTINUOUS
10
1.6527348425196851
20
0.3440698818897638
11
1.6527194488188977
21
0.3442457086614173
0
LINE
8
BLACK
6
CONTINUOUS
10
1.6527194488188977
20
0.3442457086614173
11
1.6526097244094489
21
0.3443840157480315
0
LINE
8
BLACK
6
CONTINUOUS
10
1.6526097244094489
20
0.3443840157480315
11
1.6507349606299213
21
0.3500083070866142
0
LINE
8
BLACK
6
CONTINUOUS
10
1.6507349606299213
20
0.3500083070866142
11
1.6506054724409449
21
0.3508814566929134
0
LINE
8
BLACK
6
CONTINUOUS
10
1.6506054724409449
20
0.3508814566929134
11
1.6505834251968503
21
0.3509420472440945
0
LINE
8
BLACK
6
CONTINUOUS
10
1.6505834251968503
20
0.3509420472440945
11
1.6505834251968503
21
0.3546915748031496
0
LINE
8
BLACK
6
CONTINUOUS
10
1.6505834251968503
20
0.3546915748031496
11
1.6507366929133858
21
0.3555609448818898
0
LINE
8
BLACK
6
CONTINUOUS
10
1.6507366929133858
20
0.3555609448818898
11
1.6507349606299213
21
0.3556253149606299
0
LINE
8
BLACK
6
CONTINUOUS
10
1.6507349606299213
20
0.3556253149606299
11
1.6526097244094489
21
0.3612496062992126
0
LINE
8
BLACK
6
CONTINUOUS
10
1.6526097244094489
20
0.3612496062992126
11
1.6530979921259843
21
0.3621513779527559
0
LINE
8
BLACK
6
CONTINUOUS
10
1.6530979921259843
20
0.3621513779527559
11
1.6532484251968504
21
0.362243779527559
0
LINE
8
BLACK
6
CONTINUOUS
10
1.6532484251968504
20
0.362243779527559
11
1.653323031496063
21
0.362403779527559
0
LINE
8
BLACK
6
CONTINUOUS
10
1.653323031496063
20
0.362403779527559
11
1.6551977952755905
21
0.3642785433070866
0
LINE
8
BLACK
6
CONTINUOUS
10
1.6551977952755905
20
0.3642785433070866
11
1.6560378346456692
21
0.3648667322834646
0
LINE
8
BLACK
6
CONTINUOUS
10
1.6560378346456692
20
0.3648667322834646
11
1.6580499212598425
21
0.3650427559055118
0
LINE
8
BLACK
6
CONTINUOUS
10
1.6580499212598425
20
0.3650427559055118
11
1.6597044881889764
21
0.3638842519685039
0
LINE
8
BLACK
6
CONTINUOUS
10
1.6597044881889764
20
0.3638842519685039
11
1.6602272047244093
21
0.3619332677165354
0
LINE
8
BLACK
6
CONTINUOUS
10
1.6602272047244093
20
0.3619332677165354
11
1.6593736220472441
21
0.3601027165354331
0
LINE
8
BLACK
6
CONTINUOUS
10
1.6593736220472441
20
0.3601027165354331
11
1.6579917322834645
21
0.3587208267716535
0
LINE
8
BLACK
6
CONTINUOUS
10
1.6579917322834645
20
0.3587208267716535
11
1.6564889370078739
21
0.3542124015748032
0
LINE
8
BLACK
6
CONTINUOUS
10
1.6564889370078739
20
0.3542124015748032
11
1.6564889370078739
21
0.3514211811023622
0
LINE
8
BLACK
6
CONTINUOUS
10
1.6564889370078739
20
0.3514211811023622
11
1.6579917322834645
21
0.3469127559055118
0
LINE
8
BLACK
6
CONTINUOUS
10
1.6579917322834645
20
0.3469127559055118
11
1.6609095669291338
21
0.3439949606299212
0
LINE
8
BLACK
6
CONTINUOUS
10
1.6609095669291338
20
0.3439949606299212
11
1.6639405511811023
21
0.3424794488188976
0
LINE
8
BLACK
6
CONTINUOUS
10
1.6639405511811023
20
0.3424794488188976
11
1.6707725984251969
21
0.3407714566929134
0
LINE
8
BLACK
6
CONTINUOUS
10
1.6707725984251969
20
0.3407714566929134
11
1.6756698031496062
21
0.3407714566929134
0
LINE
8
BLACK
6
CONTINUOUS
10
1.6756698031496062
20
0.3407714566929134
11
1.6825018503937008
21
0.3424794488188976
0
LINE
8
BLACK
6
CONTINUOUS
10
1.6825018503937008
20
0.3424794488188976
11
1.6855328346456693
21
0.3439949606299212
0
LINE
8
BLACK
6
CONTINUOUS
10
1.6855328346456693
20
0.3439949606299212
11
1.6884507086614173
21
0.3469127952755905
0
LINE
8
BLACK
6
CONTINUOUS
10
1.6884507086614173
20
0.3469127952755905
11
1.6899535039370079
21
0.3514211811023622
0
LINE
8
BLACK
6
CONTINUOUS
10
1.6899535039370079
20
0.3514211811023622
11
1.6899535039370079
21
0.3542124409448819
0
LINE
8
BLACK
6
CONTINUOUS
10
1.6899535039370079
20
0.3542124409448819
11
1.6884507086614173
21
0.3587207874015748
0
LINE
8
BLACK
6
CONTINUOUS
10
1.6884507086614173
20
0.3587207874015748
11
1.6870688188976377
21
0.3601026771653543
0
LINE
8
BLACK
6
CONTINUOUS
10
1.6870688188976377
20
0.3601026771653543
11
1.686480590551181
21
0.3609427165354331
0
LINE
8
BLACK
6
CONTINUOUS
10
1.686480590551181
20
0.3609427165354331
11
1.6863045275590551
21
0.362954842519685
0
LINE
8
BLACK
6
CONTINUOUS
10
1.6863045275590551
20
0.362954842519685
11
1.687463031496063
21
0.3646094094488189
0
LINE
8
BLACK
6
CONTINUOUS
10
1.687463031496063
20
0.3646094094488189
11
1.6894140157480315
21
0.365132125984252
0
LINE
8
BLACK
6
CONTINUOUS
10
1.6894140157480315
20
0.365132125984252
11
1.6912445669291338
21
0.3642785826771653
0
LINE
8
BLACK
6
CONTINUOUS
10
1.7662445669291338
20
0.3642785826771653
11
1.7681193700787401
21
0.3624038188976378
0
LINE
8
BLACK
6
CONTINUOUS
10
1.7681193700787401
20
0.3624038188976378
11
1.7687075984251968
21
0.361563779527559
0
LINE
8
BLACK
6
CONTINUOUS
10
1.7687075984251968
20
0.361563779527559
11
1.7687229527559054
21
0.3613878346456693
0
LINE
8
BLACK
6
CONTINUOUS
10
1.7687229527559054
20
0.3613878346456693
11
1.7688327165354329
21
0.3612496062992126
0
LINE
8
BLACK
6
CONTINUOUS
10
1.7688327165354329
20
0.3612496062992126
11
1.7707074803149605
21
0.3556253543307086
0
LINE
8
BLACK
6
CONTINUOUS
10
1.7707074803149605
20
0.3556253543307086
11
1.7708369685039369
21
0.3547520866141732
0
LINE
8
BLACK
6
CONTINUOUS
10
1.7708369685039369
20
0.3547520866141732
11
1.7708590157480315
21
0.3546915748031496
0
LINE
8
BLACK
6
CONTINUOUS
10
1.7708590157480315
20
0.3546915748031496
11
1.7708590157480315
21
0.3509420472440945
0
LINE
8
BLACK
6
CONTINUOUS
10
1.7708590157480315
20
0.3509420472440945
11
1.7707057086614173
21
0.3500726377952756
0
LINE
8
BLACK
6
CONTINUOUS
10
1.7707057086614173
20
0.3500726377952756
11
1.7707074803149605
21
0.3500082677165354
0
LINE
8
BLACK
6
CONTINUOUS
10
1.7707074803149605
20
0.3500082677165354
11
1.7688327165354329
21
0.3443840157480315
0
LINE
8
BLACK
6
CONTINUOUS
10
1.7688327165354329
20
0.3443840157480315
11
1.7683444094488188
21
0.3434822440944882
0
LINE
8
BLACK
6
CONTINUOUS
10
1.7683444094488188
20
0.3434822440944882
11
1.7681940157480314
21
0.343389842519685
0
LINE
8
BLACK
6
CONTINUOUS
10
1.7681940157480314
20
0.343389842519685
11
1.7681194094488188
21
0.343229842519685
0
LINE
8
BLACK
6
CONTINUOUS
10
1.7681194094488188
20
0.343229842519685
11
1.764369842519685
21
0.3394803149606299
0
LINE
8
BLACK
6
CONTINUOUS
10
1.764369842519685
20
0.3394803149606299
11
1.7636466535433071
21
0.3389738976377953
0
LINE
8
BLACK
6
CONTINUOUS
10
1.7636466535433071
20
0.3389738976377953
11
1.7636024409448818
21
0.3389272047244095
0
LINE
8
BLACK
6
CONTINUOUS
10
1.7636024409448818
20
0.3389272047244095
11
1.7598529133858267
21
0.3370524409448819
0
LINE
8
BLACK
6
CONTINUOUS
10
1.7598529133858267
20
0.3370524409448819
11
1.7593644488188975
21
0.336907125984252
0
LINE
8
BLACK
6
CONTINUOUS
10
1.7593644488188975
20
0.336907125984252
11
1.7592485433070866
21
0.3368288582677165
0
LINE
8
BLACK
6
CONTINUOUS
10
1.7592485433070866
20
0.3368288582677165
11
1.7517494881889764
21
0.334954094488189
0
LINE
8
BLACK
6
CONTINUOUS
10
1.7517494881889764
20
0.334954094488189
11
1.7511615748031495
21
0.3349125984251968
0
LINE
8
BLACK
6
CONTINUOUS
10
1.7511615748031495
20
0.3349125984251968
11
1.751033346456693
21
0.3348659448818898
0
LINE
8
BLACK
6
CONTINUOUS
10
1.751033346456693
20
0.3348659448818898
11
1.7454090551181103
21
0.3348659448818898
0
LINE
8
BLACK
6
CONTINUOUS
10
1.7454090551181103
20
0.3348659448818898
11
1.7448286614173227
21
0.3349682677165354
0
LINE
8
BLACK
6
CONTINUOUS
10
1.7448286614173227
20
0.3349682677165354
11
1.7446929133858267
21
0.334954094488189
0
LINE
8
BLACK
6
CONTINUOUS
10
1.7446929133858267
20
0.334954094488189
11
1.7371938582677164
21
0.3368288582677165
0
LINE
8
BLACK
6
CONTINUOUS
10
1.7371938582677164
20
0.3368288582677165
11
1.7367283858267717
21
0.3370364173228346
0
LINE
8
BLACK
6
CONTINUOUS
10
1.7367283858267717
20
0.3370364173228346
11
1.7365894881889763
21
0.3370524409448819
0
LINE
8
BLACK
6
CONTINUOUS
10
1.7365894881889763
20
0.3370524409448819
11
1.7328399606299212
21
0.3389272047244095
0
LINE
8
BLACK
6
CONTINUOUS
10
1.7328399606299212
20
0.3389272047244095
11
1.7321308661417323
21
0.3394531102362205
0
LINE
8
BLACK
6
CONTINUOUS
10
1.7321308661417323
20
0.3394531102362205
11
1.732072559055118
21
0.3394803149606299
0
LINE
8
BLACK
6
CONTINUOUS
10
1.732072559055118
20
0.3394803149606299
11
1.7283230314960629
21
0.343229842519685
0
LINE
8
BLACK
6
CONTINUOUS
10
1.7283230314960629
20
0.343229842519685
11
1.727734842519685
21
0.3440698818897638
0
LINE
8
BLACK
6
CONTINUOUS
10
1.727734842519685
20
0.3440698818897638
11
1.7277194488188976
21
0.3442457086614173
0
LINE
8
BLACK
6
CONTINUOUS
10
1.7277194488188976
20
0.3442457086614173
11
1.7276097244094488
21
0.3443840157480315
0
LINE
8
BLACK
6
CONTINUOUS
10
1.7276097244094488
20
0.3443840157480315
11
1.7257349606299213
21
0.3500083070866142
0
LINE
8
BLACK
6
CONTINUOUS
10
1.7257349606299213
20
0.3500083070866142
11
1.7256054724409449
21
0.3508814566929134
0
LINE
8
BLACK
6
CONTINUOUS
10
1.7256054724409449
20
0.3508814566929134
11
1.7255834251968503
21
0.3509420472440945
0
LINE
8
BLACK
6
CONTINUOUS
10
1.7255834251968503
20
0.3509420472440945
11
1.7255834251968503
21
0.3546915748031496
0
LINE
8
BLACK
6
CONTINUOUS
10
1.7255834251968503
20
0.3546915748031496
11
1.7257366929133857
21
0.3555609448818898
0
LINE
8
BLACK
6
CONTINUOUS
10
1.7257366929133857
20
0.3555609448818898
11
1.7257349606299213
21
0.3556253149606299
0
LINE
8
BLACK
6
CONTINUOUS
10
1.7257349606299213
20
0.3556253149606299
11
1.7276097244094488
21
0.3612496062992126
0
LINE
8
BLACK
6
CONTINUOUS
10
1.7276097244094488
20
0.3612496062992126
11
1.7280979921259843
21
0.3621513779527559
0
LINE
8
BLACK
6
CONTINUOUS
10
1.7280979921259843
20
0.3621513779527559
11
1.7282484251968504
21
0.362243779527559
0
LINE
8
BLACK
6
CONTINUOUS
10
1.7282484251968504
20
0.362243779527559
11
1.7283230314960629
21
0.362403779527559
0
LINE
8
BLACK
6
CONTINUOUS
10
1.7283230314960629
20
0.362403779527559
11
1.7301977952755905
21
0.3642785433070866
0
LINE
8
BLACK
6
CONTINUOUS
10
1.7301977952755905
20
0.3642785433070866
11
1.7310378346456692
21
0.3648667322834646
0
LINE
8
BLACK
6
CONTINUOUS
10
1.7310378346456692
20
0.3648667322834646
11
1.7330499212598425
21
0.3650427559055118
0
LINE
8
BLACK
6
CONTINUOUS
10
1.7330499212598425
20
0.3650427559055118
11
1.7347044881889764
21
0.3638842519685039
0
LINE
8
BLACK
6
CONTINUOUS
10
1.7347044881889764
20
0.3638842519685039
11
1.7352272047244095
21
0.3619332677165354
0
LINE
8
BLACK
6
CONTINUOUS
10
1.7352272047244095
20
0.3619332677165354
11
1.7343736220472441
21
0.3601027165354331
0
LINE
8
BLACK
6
CONTINUOUS
10
1.7343736220472441
20
0.3601027165354331
11
1.7329917322834645
21
0.3587208267716535
0
LINE
8
BLACK
6
CONTINUOUS
10
1.7329917322834645
20
0.3587208267716535
11
1.7314889370078739
21
0.3542124015748032
0
LINE
8
BLACK
6
CONTINUOUS
10
1.7314889370078739
20
0.3542124015748032
11
1.7314889370078739
21
0.3514211811023622
0
LINE
8
BLACK
6
CONTINUOUS
10
1.7314889370078739
20
0.3514211811023622
11
1.7329917322834645
21
0.3469127559055118
0
LINE
8
BLACK
6
CONTINUOUS
10
1.7329917322834645
20
0.3469127559055118
11
1.7359095669291338
21
0.3439949606299212
0
LINE
8
BLACK
6
CONTINUOUS
10
1.7359095669291338
20
0.3439949606299212
11
1.7389405511811022
21
0.3424794488188976
0
LINE
8
BLACK
6
CONTINUOUS
10
1.7389405511811022
20
0.3424794488188976
11
1.7457725984251968
21
0.3407714566929134
0
LINE
8
BLACK
6
CONTINUOUS
10
1.7457725984251968
20
0.3407714566929134
11
1.7506698031496062
21
0.3407714566929134
0
LINE
8
BLACK
6
CONTINUOUS
10
1.7506698031496062
20
0.3407714566929134
11
1.7575018503937008
21
0.3424794488188976
0
LINE
8
BLACK
6
CONTINUOUS
10
1.7575018503937008
20
0.3424794488188976
11
1.7605328346456692
21
0.3439949606299212
0
LINE
8
BLACK
6
CONTINUOUS
10
1.7605328346456692
20
0.3439949606299212
11
1.7634507086614173
21
0.3469127952755905
0
LINE
8
BLACK
6
CONTINUOUS
10
1.7634507086614173
20
0.3469127952755905
11
1.7649535039370079
21
0.3514211811023622
0
LINE
8
BLACK
6
CONTINUOUS
10
1.7649535039370079
20
0.3514211811023622
11
1.7649535039370079
21
0.3542124409448819
0
LINE
8
BLACK
6
CONTINUOUS
10
1.7649535039370079
20
0.3542124409448819
11
1.7634507086614173
21
0.3587207874015748
0
LINE
8
BLACK
6
CONTINUOUS
10
1.7634507086614173
20
0.3587207874015748
11
1.7620688188976377
21
0.3601026771653543
0
LINE
8
BLACK
6
CONTINUOUS
10
1.7620688188976377
20
0.3601026771653543
11
1.761480590551181
21
0.3609427165354331
0
LINE
8
BLACK
6
CONTINUOUS
10
1.761480590551181
20
0.3609427165354331
11
1.7613045275590551
21
0.362954842519685
0
LINE
8
BLACK
6
CONTINUOUS
10
1.7613045275590551
20
0.362954842519685
11
1.762463031496063
21
0.3646094094488189
0
LINE
8
BLACK
6
CONTINUOUS
10
1.762463031496063
20
0.3646094094488189
11
1.7644140157480315
21
0.365132125984252
0
LINE
8
BLACK
6
CONTINUOUS
10
1.7644140157480315
20
0.365132125984252
11
1.7662445669291338
21
0.3642785826771653
0
LINE
8
BLACK
6
CONTINUOUS
10
2.3673228346456692
20
0.5519685039370079
11
2.368993149606299
21
0.5512766141732284
0
LINE
8
BLACK
6
CONTINUOUS
10
2.368993149606299
20
0.5512766141732284
11
2.3696850393700788
21
0.5496062992125984
0
LINE
8
BLACK
6
CONTINUOUS
10
2.3696850393700788
20
0.5496062992125984
11
2.3696850393700788
21
0.35
0
LINE
8
BLACK
6
CONTINUOUS
10
2.3696850393700788
20
0.35
11
2.368993149606299
21
0.3483296850393701
0
LINE
8
BLACK
6
CONTINUOUS
10
2.368993149606299
20
0.3483296850393701
11
2.3673228346456692
21
0.3476377952755905
0
LINE
8
BLACK
6
CONTINUOUS
10
2.3673228346456692
20
0.3476377952755905
11
1.9826771653543307
21
0.3476377952755905
0
LINE
8
BLACK
6
CONTINUOUS
10
1.9826771653543307
20
0.3476377952755905
11
1.9810068503937008
21
0.3483296850393701
0
LINE
8
BLACK
6
CONTINUOUS
10
1.9810068503937008
20
0.3483296850393701
11
1.9803149606299213
21
0.35
0
LINE
8
BLACK
6
CONTINUOUS
10
1.9803149606299213
20
0.35
11
1.9803149606299213
21
0.5496062992125984
0
LINE
8
BLACK
6
CONTINUOUS
10
1.9803149606299213
20
0.5496062992125984
11
1.9810068503937008
21
0.5512766141732284
0
LINE
8
BLACK
6
CONTINUOUS
10
1.9810068503937008
20
0.5512766141732284
11
1.9826771653543307
21
0.5519685039370079
0
LINE
8
BLACK
6
CONTINUOUS
10
1.9826771653543307
20
0.5519685039370079
11
2.3673228346456692
21
0.5519685039370079
0
LINE
8
BLACK
6
CONTINUOUS
10
2.0874307874015749
20
0.547244094488189
11
2.0794060629921258
21
0.523169842519685
0
LINE
8
BLACK
6
CONTINUOUS
10
2.0794060629921258
20
0.523169842519685
11
2.0911042125984252
21
0.523169842519685
0
LINE
8
BLACK
6
CONTINUOUS
10
2.0911042125984252
20
0.523169842519685
11
2.0911042125984252
21
0.5333404330708661
0
LINE
8
BLACK
6
CONTINUOUS
10
2.0911042125984252
20
0.5333404330708661
11
2.091282283464567
21
0.5343503543307087
0
LINE
8
BLACK
6
CONTINUOUS
10
2.091282283464567
20
0.5343503543307087
11
2.0925805905511812
21
0.5358975984251968
0
LINE
8
BLACK
6
CONTINUOUS
10
2.0925805905511812
20
0.5358975984251968
11
2.0945697244094488
21
0.5362483464566929
0
LINE
8
BLACK
6
CONTINUOUS
10
2.0945697244094488
20
0.5362483464566929
11
2.0963188976377953
21
0.5352384251968504
0
LINE
8
BLACK
6
CONTINUOUS
10
2.0963188976377953
20
0.5352384251968504
11
2.0970097244094488
21
0.5333404330708661
0
LINE
8
BLACK
6
CONTINUOUS
10
2.0970097244094488
20
0.5333404330708661
11
2.0970097244094488
21
0.523169842519685
0
LINE
8
BLACK
6
CONTINUOUS
10
2.0970097244094488
20
0.523169842519685
11
2.0996812598425199
21
0.523169842519685
0
LINE
8
BLACK
6
CONTINUOUS
10
2.0996812598425199
20
0.523169842519685
11
2.1006911811023623
21
0.5229917716535433
0
LINE
8
BLACK
6
CONTINUOUS
10
2.1006911811023623
20
0.5229917716535433
11
2.1022384251968504
21
0.5216934645669291
0
LINE
8
BLACK
6
CONTINUOUS
10
2.1022384251968504
20
0.5216934645669291
11
2.1025891732283464
21
0.5197043307086614
0
LINE
8
BLACK
6
CONTINUOUS
10
2.1025891732283464
20
0.5197043307086614
11
2.1015792519685039
21
0.517955157480315
0
LINE
8
BLACK
6
CONTINUOUS
10
2.1015792519685039
20
0.517955157480315
11
2.0996812598425199
21
0.5172643307086614
0
LINE
8
BLACK
6
CONTINUOUS
10
2.0996812598425199
20
0.5172643307086614
11
2.0970097244094488
21
0.5172643307086614
0
LINE
8
BLACK
6
CONTINUOUS
10
2.0970097244094488
20
0.5172643307086614
11
2.0970097244094488
21
0.5070937007874016
0
LINE
8
BLACK
6
CONTINUOUS
10
2.0970097244094488
20
0.5070937007874016
11
2.0968316535433069
21
0.506083779527559
0
LINE
8
BLACK
6
CONTINUOUS
10
2.0968316535433069
20
0.506083779527559
11
2.0955333464566928
21
0.5045365354330709
0
LINE
8
BLACK
6
CONTINUOUS
10
2.0955333464566928
20
0.5045365354330709
11
2.0935442125984252
21
0.5041857874015748
0
LINE
8
BLACK
6
CONTINUOUS
10
2.0935442125984252
20
0.5041857874015748
11
2.0917950393700786
21
0.5051957086614173
0
LINE
8
BLACK
6
CONTINUOUS
10
2.0917950393700786
20
0.5051957086614173
11
2.0911042125984252
21
0.5070937007874016
0
LINE
8
BLACK
6
CONTINUOUS
10
2.0911042125984252
20
0.5070937007874016
11
2.0911042125984252
21
0.5172643307086614
0
LINE
8
BLACK
6
CONTINUOUS
10
2.0911042125984252
20
0.5172643307086614
11
2.0753093307086612
21
0.5172643307086614
0
LINE
8
BLACK
6
CONTINUOUS
10
2.0753093307086612
20
0.5172643307086614
11
2.0742994094488187
21
0.5174424015748031
0
LINE
8
BLACK
6
CONTINUOUS
10
2.0742994094488187
20
0.5174424015748031
11
2.0741265354330709
21
0.5175874409448818
0
LINE
8
BLACK
6
CONTINUOUS
10
2.0741265354330709
20
0.5175874409448818
11
2.073903307086614
21
0.5176205511811024
0
LINE
8
BLACK
6
CONTINUOUS
10
2.073903307086614
20
0.5176205511811024
11
2.0733689763779526
21
0.5182231102362205
0
LINE
8
BLACK
6
CONTINUOUS
10
2.0733689763779526
20
0.5182231102362205
11
2.0727521653543306
21
0.5187407086614173
0
LINE
8
BLACK
6
CONTINUOUS
10
2.0727521653543306
20
0.5187407086614173
11
2.0727129527559054
21
0.5189629133858268
0
LINE
8
BLACK
6
CONTINUOUS
10
2.0727129527559054
20
0.5189629133858268
11
2.0725632677165353
21
0.5191317716535433
0
LINE
8
BLACK
6
CONTINUOUS
10
2.0725632677165353
20
0.5191317716535433
11
2.0725412598425197
21
0.5199366535433071
0
LINE
8
BLACK
6
CONTINUOUS
10
2.0725412598425197
20
0.5199366535433071
11
2.0724014173228347
21
0.520729842519685
0
LINE
8
BLACK
6
CONTINUOUS
10
2.0724014173228347
20
0.520729842519685
11
2.0725142519685038
21
0.5209252755905511
0
LINE
8
BLACK
6
CONTINUOUS
10
2.0725142519685038
20
0.5209252755905511
11
2.0725081102362206
21
0.5211508267716536
0
LINE
8
BLACK
6
CONTINUOUS
10
2.0725081102362206
20
0.5211508267716536
11
2.0812058661417323
21
0.547244094488189
0
LINE
8
BLACK
6
CONTINUOUS
10
2.0812058661417323
20
0.547244094488189
11
2.0668151181102363
21
0.547244094488189
0
LINE
8
BLACK
6
CONTINUOUS
10
2.0668151181102363
20
0.547244094488189
11
2.0668619291338581
21
0.5455300393700787
0
LINE
8
BLACK
6
CONTINUOUS
10
2.0668619291338581
20
0.5455300393700787
11
2.0537385826771652
21
0.5061599606299213
0
LINE
8
BLACK
6
CONTINUOUS
10
2.0537385826771652
20
0.5061599606299213
11
2.0532502755905511
21
0.505258188976378
0
LINE
8
BLACK
6
CONTINUOUS
10
2.0532502755905511
20
0.505258188976378
11
2.0531778346456693
21
0.5052136614173228
0
LINE
8
BLACK
6
CONTINUOUS
10
2.0531778346456693
20
0.5052136614173228
11
2.0531466141732282
21
0.5051346456692913
0
LINE
8
BLACK
6
CONTINUOUS
10
2.0531466141732282
20
0.5051346456692913
11
2.052325118110236
21
0.5046898031496063
0
LINE
8
BLACK
6
CONTINUOUS
10
2.052325118110236
20
0.5046898031496063
11
2.0515293307086613
21
0.504200905511811
0
LINE
8
BLACK
6
CONTINUOUS
10
2.0515293307086613
20
0.504200905511811
11
2.0514452362204723
21
0.5042133464566929
0
LINE
8
BLACK
6
CONTINUOUS
10
2.0514452362204723
20
0.5042133464566929
11
2.0513704724409449
21
0.5041728740157481
0
LINE
8
BLACK
6
CONTINUOUS
10
2.0513704724409449
20
0.5041728740157481
11
2.0504553543307087
21
0.5043601181102362
0
LINE
8
BLACK
6
CONTINUOUS
10
2.0504553543307087
20
0.5043601181102362
11
2.049531338582677
21
0.5044971653543306
0
LINE
8
BLACK
6
CONTINUOUS
10
2.049531338582677
20
0.5044971653543306
11
2.0494748818897639
21
0.5045607874015748
0
LINE
8
BLACK
6
CONTINUOUS
10
2.0494748818897639
20
0.5045607874015748
11
2.0493916929133857
21
0.5045778346456693
0
LINE
8
BLACK
6
CONTINUOUS
10
2.0493916929133857
20
0.5045778346456693
11
2.0488113385826772
21
0.5053090944881889
0
LINE
8
BLACK
6
CONTINUOUS
10
2.0488113385826772
20
0.5053090944881889
11
2.0481912992125983
21
0.5060083858267717
0
LINE
8
BLACK
6
CONTINUOUS
10
2.0481912992125983
20
0.5060083858267717
11
2.0481889763779528
21
0.5060933464566929
0
LINE
8
BLACK
6
CONTINUOUS
10
2.0481889763779528
20
0.5060933464566929
11
2.0481361417322832
21
0.5061599606299213
0
LINE
8
BLACK
6
CONTINUOUS
10
2.0481361417322832
20
0.5061599606299213
11
2.0350127952755903
21
0.5455300393700787
0
LINE
8
BLACK
6
CONTINUOUS
10
2.0350127952755903
20
0.5455300393700787
11
2.0348623622047244
21
0.5465444488188976
0
LINE
8
BLACK
6
CONTINUOUS
10
2.0348623622047244
20
0.5465444488188976
11
2.0351388976377951
21
0.547244094488189
0
LINE
8
BLACK
6
CONTINUOUS
10
2.0351388976377951
20
0.547244094488189
11
2.0241082677165352
21
0.547244094488189
0
LINE
8
BLACK
6
CONTINUOUS
10
2.0241082677165352
20
0.547244094488189
11
2.0241363779527557
21
0.5472300393700787
0
LINE
8
BLACK
6
CONTINUOUS
10
2.0241363779527557
20
0.5472300393700787
11
2.0248454330708663
21
0.546704094488189
0
LINE
8
BLACK
6
CONTINUOUS
10
2.0248454330708663
20
0.546704094488189
11
2.0249037795275591
21
0.5466769291338582
0
LINE
8
BLACK
6
CONTINUOUS
10
2.0249037795275591
20
0.5466769291338582
11
2.0267785433070866
21
0.5448021653543307
0
LINE
8
BLACK
6
CONTINUOUS
10
2.0267785433070866
20
0.5448021653543307
11
2.0272848031496062
21
0.5440790551181103
0
LINE
8
BLACK
6
CONTINUOUS
10
2.0272848031496062
20
0.5440790551181103
11
2.0273316535433072
21
0.5440347637795275
0
LINE
8
BLACK
6
CONTINUOUS
10
2.0273316535433072
20
0.5440347637795275
11
2.0292064173228348
21
0.5402852362204724
0
LINE
8
BLACK
6
CONTINUOUS
10
2.0292064173228348
20
0.5402852362204724
11
2.0294987795275592
21
0.5393023228346456
0
LINE
8
BLACK
6
CONTINUOUS
10
2.0294987795275592
20
0.5393023228346456
11
2.0294577559055118
21
0.5391305905511811
0
LINE
8
BLACK
6
CONTINUOUS
10
2.0294577559055118
20
0.5391305905511811
11
2.0295181496062993
21
0.5389647244094488
0
LINE
8
BLACK
6
CONTINUOUS
10
2.0295181496062993
20
0.5389647244094488
11
2.0295181496062993
21
0.5333404330708661
0
LINE
8
BLACK
6
CONTINUOUS
10
2.0295181496062993
20
0.5333404330708661
11
2.0293400787401574
21
0.5323305118110236
0
LINE
8
BLACK
6
CONTINUOUS
10
2.0293400787401574
20
0.5323305118110236
11
2.0292265748031495
21
0.5321952362204724
0
LINE
8
BLACK
6
CONTINUOUS
10
2.0292265748031495
20
0.5321952362204724
11
2.0292064173228348
21
0.5320199212598425
0
LINE
8
BLACK
6
CONTINUOUS
10
2.0292064173228348
20
0.5320199212598425
11
2.0273316535433072
21
0.5282703937007874
0
LINE
8
BLACK
6
CONTINUOUS
10
2.0273316535433072
20
0.5282703937007874
11
2.0268057480314958
21
0.5275612992125984
0
LINE
8
BLACK
6
CONTINUOUS
10
2.0268057480314958
20
0.5275612992125984
11
2.0267785433070866
21
0.5275029921259843
0
LINE
8
BLACK
6
CONTINUOUS
10
2.0267785433070866
20
0.5275029921259843
11
2.0249037795275591
21
0.5256282283464567
0
LINE
8
BLACK
6
CONTINUOUS
10
2.0249037795275591
20
0.5256282283464567
11
2.0241806692913387
21
0.5251219291338582
0
LINE
8
BLACK
6
CONTINUOUS
10
2.0241806692913387
20
0.5251219291338582
11
2.0241363779527557
21
0.5250751181102362
0
LINE
8
BLACK
6
CONTINUOUS
10
2.0241363779527557
20
0.5250751181102362
11
2.0203868503937006
21
0.5232003543307087
0
LINE
8
BLACK
6
CONTINUOUS
10
2.0203868503937006
20
0.5232003543307087
11
2.0194038976377953
21
0.5229079921259843
0
LINE
8
BLACK
6
CONTINUOUS
10
2.0194038976377953
20
0.5229079921259843
11
2.0192322047244096
21
0.5229489763779528
0
LINE
8
BLACK
6
CONTINUOUS
10
2.0192322047244096
20
0.5229489763779528
11
2.0191037007874013
21
0.5229022047244094
0
LINE
8
BLACK
6
CONTINUOUS
10
2.0191037007874013
20
0.5229022047244094
11
2.0289844094488187
21
0.508786968503937
0
LINE
8
BLACK
6
CONTINUOUS
10
2.0289844094488187
20
0.508786968503937
11
2.0294176771653545
21
0.5078575196850393
0
LINE
8
BLACK
6
CONTINUOUS
10
2.0294176771653545
20
0.5078575196850393
11
2.0292413385826773
21
0.5058454330708662
0
LINE
8
BLACK
6
CONTINUOUS
10
2.0292413385826773
20
0.5058454330708662
11
2.0278129133858269
21
0.5044174015748032
0
LINE
8
BLACK
6
CONTINUOUS
10
2.0278129133858269
20
0.5044174015748032
11
2.0258007874015749
21
0.5042416535433071
0
LINE
8
BLACK
6
CONTINUOUS
10
2.0258007874015749
20
0.5042416535433071
11
2.0241464173228345
21
0.5054003937007874
0
LINE
8
BLACK
6
CONTINUOUS
10
2.0241464173228345
20
0.5054003937007874
11
2.01190468503937
21
0.5228886220472441
0
LINE
8
BLACK
6
CONTINUOUS
10
2.01190468503937
20
0.5228886220472441
11
2.0070209842519686
21
0.5228886220472441
0
LINE
8
BLACK
6
CONTINUOUS
10
2.0070209842519686
20
0.5228886220472441
11
2.0070209842519686
21
0.5070937007874016
0
LINE
8
BLACK
6
CONTINUOUS
10
2.0070209842519686
20
0.5070937007874016
11
2.0068429133858268
21
0.506083779527559
0
LINE
8
BLACK
6
CONTINUOUS
10
2.0068429133858268
20
0.506083779527559
11
2.0055446062992126
21
0.5045365354330709
0
LINE
8
BLACK
6
CONTINUOUS
10
2.0055446062992126
20
0.5045365354330709
11
2.003555472440945
21
0.5041857874015748
0
LINE
8
BLACK
6
CONTINUOUS
10
2.003555472440945
20
0.5041857874015748
11
2.0018062992125985
21
0.5051957086614173
0
LINE
8
BLACK
6
CONTINUOUS
10
2.0018062992125985
20
0.5051957086614173
11
2.001115472440945
21
0.5070937007874016
0
LINE
8
BLACK
6
CONTINUOUS
10
2.001115472440945
20
0.5070937007874016
11
2.001115472440945
21
0.5464637795275591
0
LINE
8
BLACK
6
CONTINUOUS
10
2.001115472440945
20
0.5464637795275591
11
2.0011830708661416
21
0.5468472834645669
0
LINE
8
BLACK
6
CONTINUOUS
10
2.0011830708661416
20
0.5468472834645669
11
2.0011603149606301
21
0.5469765354330709
0
LINE
8
BLACK
6
CONTINUOUS
10
2.0011603149606301
20
0.5469765354330709
11
2.0012259055118111
21
0.5470901181102362
0
LINE
8
BLACK
6
CONTINUOUS
10
2.0012259055118111
20
0.5470901181102362
11
2.0012530708661416
21
0.547244094488189
0
LINE
8
BLACK
6
CONTINUOUS
10
2.0012530708661416
20
0.547244094488189
11
1.9850393700787401
21
0.547244094488189
0
LINE
8
BLACK
6
CONTINUOUS
10
1.9850393700787401
20
0.547244094488189
11
1.9850393700787401
21
0.3523622047244094
0
LINE
8
BLACK
6
CONTINUOUS
10
1.9850393700787401
20
0.3523622047244094
11
2.36496062992126
21
0.3523622047244094
0
LINE
8
BLACK
6
CONTINUOUS
10
2.36496062992126
20
0.3523622047244094
11
2.36496062992126
21
0.547244094488189
0
LINE
8
BLACK
6
CONTINUOUS
10
2.36496062992126
20
0.547244094488189
11
2.0874307874015749
21
0.547244094488189
0
LINE
8
BLACK
6
CONTINUOUS
10
2.0406663779527561
20
0.547244094488189
11
2.0509373622047242
21
0.5164311023622047
0
LINE
8
BLACK
6
CONTINUOUS
10
2.0509373622047242
20
0.5164311023622047
11
2.0612083464566928
21
0.547244094488189
0
LINE
8
BLACK
6
CONTINUOUS
10
2.0612083464566928
20
0.547244094488189
11
2.0406663779527561
21
0.547244094488189
0
LINE
8
BLACK
6
CONTINUOUS
10
2.0070209842519686
20
0.5287941338582677
11
2.0183692913385824
21
0.5287941338582677
0
LINE
8
BLACK
6
CONTINUOUS
10
2.0183692913385824
20
0.5287941338582677
11
2.0210667716535431
21
0.530142874015748
0
LINE
8
BLACK
6
CONTINUOUS
10
2.0210667716535431
20
0.530142874015748
11
2.0222638976377953
21
0.53134
0
LINE
8
BLACK
6
CONTINUOUS
10
2.0222638976377953
20
0.53134
11
2.0236126377952757
21
0.5340374803149606
0
LINE
8
BLACK
6
CONTINUOUS
10
2.0236126377952757
20
0.5340374803149606
11
2.0236126377952757
21
0.5382676771653543
0
LINE
8
BLACK
6
CONTINUOUS
10
2.0236126377952757
20
0.5382676771653543
11
2.0222638976377953
21
0.5409651574803149
0
LINE
8
BLACK
6
CONTINUOUS
10
2.0222638976377953
20
0.5409651574803149
11
2.0210667716535431
21
0.542162283464567
0
LINE
8
BLACK
6
CONTINUOUS
10
2.0210667716535431
20
0.542162283464567
11
2.0183692913385824
21
0.5435110236220473
0
LINE
8
BLACK
6
CONTINUOUS
10
2.0183692913385824
20
0.5435110236220473
11
2.0070209842519686
21
0.5435110236220473
0
LINE
8
BLACK
6
CONTINUOUS
10
2.0070209842519686
20
0.5435110236220473
11
2.0070209842519686
21
0.5287941338582677
0
LINE
8
BLACK
6
CONTINUOUS
10
1.2704713779527559
20
0.4379234645669291
11
1.2717324409448818
21
0.4377007480314961
0
LINE
8
BLACK
6
CONTINUOUS
10
1.2717324409448818
20
0.4377007480314961
11
1.2719338582677164
21
0.4375316141732283
0
LINE
8
BLACK
6
CONTINUOUS
10
1.2719338582677164
20
0.4375316141732283
11
1.2721878346456692
21
0.4374635826771653
0
LINE
8
BLACK
6
CONTINUOUS
10
1.2721878346456692
20
0.4374635826771653
11
1.2730929921259841
21
0.4365583858267716
0
LINE
8
BLACK
6
CONTINUOUS
10
1.2730929921259841
20
0.4365583858267716
11
1.2740735826771654
21
0.4357351181102362
0
LINE
8
BLACK
6
CONTINUOUS
10
1.2740735826771654
20
0.4357351181102362
11
1.2741634251968503
21
0.4354879527559055
0
LINE
8
BLACK
6
CONTINUOUS
10
1.2741634251968503
20
0.4354879527559055
11
1.2743494094488188
21
0.4353020078740157
0
LINE
8
BLACK
6
CONTINUOUS
10
1.2743494094488188
20
0.4353020078740157
11
1.2746807480314961
21
0.4340653937007874
0
LINE
8
BLACK
6
CONTINUOUS
10
1.2746807480314961
20
0.4340653937007874
11
1.2751182677165354
21
0.4328622440944882
0
LINE
8
BLACK
6
CONTINUOUS
10
1.2751182677165354
20
0.4328622440944882
11
1.2750725196850394
21
0.4326032677165354
0
LINE
8
BLACK
6
CONTINUOUS
10
1.2750725196850394
20
0.4326032677165354
11
1.275140590551181
21
0.4323492519685039
0
LINE
8
BLACK
6
CONTINUOUS
10
1.275140590551181
20
0.4323492519685039
11
1.275140590551181
21
0.3732941338582677
0
LINE
8
BLACK
6
CONTINUOUS
10
1.275140590551181
20
0.3732941338582677
11
1.2743494094488188
21
0.3703413779527559
0
LINE
8
BLACK
6
CONTINUOUS
10
1.2743494094488188
20
0.3703413779527559
11
1.2721878346456692
21
0.3681798031496063
0
LINE
8
BLACK
6
CONTINUOUS
10
1.2721878346456692
20
0.3681798031496063
11
1.2692350787401574
21
0.3673886220472441
0
LINE
8
BLACK
6
CONTINUOUS
10
1.2692350787401574
20
0.3673886220472441
11
1.2662823228346456
21
0.3681798031496063
0
LINE
8
BLACK
6
CONTINUOUS
10
1.2662823228346456
20
0.3681798031496063
11
1.264120748031496
21
0.3703413779527559
0
LINE
8
BLACK
6
CONTINUOUS
10
1.264120748031496
20
0.3703413779527559
11
1.2633295669291338
21
0.3732941338582677
0
LINE
8
BLACK
6
CONTINUOUS
10
1.2633295669291338
20
0.3732941338582677
11
1.2633295669291338
21
0.4057297637795276
0
LINE
8
BLACK
6
CONTINUOUS
10
1.2633295669291338
20
0.4057297637795276
11
1.2549014960629921
21
0.3876696456692914
0
LINE
8
BLACK
6
CONTINUOUS
10
1.2549014960629921
20
0.3876696456692914
11
1.2545665748031496
21
0.3872707480314961
0
LINE
8
BLACK
6
CONTINUOUS
10
1.2545665748031496
20
0.3872707480314961
11
1.2543885433070865
21
0.3867811417322835
0
LINE
8
BLACK
6
CONTINUOUS
10
1.2543885433070865
20
0.3867811417322835
11
1.2535987401574802
21
0.386118031496063
0
LINE
8
BLACK
6
CONTINUOUS
10
1.2535987401574802
20
0.386118031496063
11
1.2529358661417322
21
0.3853285039370078
0
LINE
8
BLACK
6
CONTINUOUS
10
1.2529358661417322
20
0.3853285039370078
11
1.2524463779527559
21
0.3851505118110236
0
LINE
8
BLACK
6
CONTINUOUS
10
1.2524463779527559
20
0.3851505118110236
11
1.2520474015748031
21
0.3848155118110236
0
LINE
8
BLACK
6
CONTINUOUS
10
1.2520474015748031
20
0.3848155118110236
11
1.251031811023622
21
0.3846361023622047
0
LINE
8
BLACK
6
CONTINUOUS
10
1.251031811023622
20
0.3846361023622047
11
1.2500629921259843
21
0.3842838188976378
0
LINE
8
BLACK
6
CONTINUOUS
10
1.2500629921259843
20
0.3842838188976378
11
1.2495501181102362
21
0.3843743700787401
0
LINE
8
BLACK
6
CONTINUOUS
10
1.2495501181102362
20
0.3843743700787401
11
1.2490370866141731
21
0.384283779527559
0
LINE
8
BLACK
6
CONTINUOUS
10
1.2490370866141731
20
0.384283779527559
11
1.2480677952755905
21
0.3846362204724409
0
LINE
8
BLACK
6
CONTINUOUS
10
1.2480677952755905
20
0.3846362204724409
11
1.2470526771653543
21
0.3848155511811023
0
LINE
8
BLACK
6
CONTINUOUS
10
1.2470526771653543
20
0.3848155511811023
11
1.2466538188976377
21
0.3851503937007874
0
LINE
8
BLACK
6
CONTINUOUS
10
1.2466538188976377
20
0.3851503937007874
11
1.2461642125984251
21
0.3853284645669292
0
LINE
8
BLACK
6
CONTINUOUS
10
1.2461642125984251
20
0.3853284645669292
11
1.2455011023622047
21
0.3861182283464567
0
LINE
8
BLACK
6
CONTINUOUS
10
1.2455011023622047
20
0.3861182283464567
11
1.2447115354330709
21
0.3867811811023622
0
LINE
8
BLACK
6
CONTINUOUS
10
1.2447115354330709
20
0.3867811811023622
11
1.2445335039370078
21
0.3872707086614173
0
LINE
8
BLACK
6
CONTINUOUS
10
1.2445335039370078
20
0.3872707086614173
11
1.2441985826771653
21
0.3876696456692914
0
LINE
8
BLACK
6
CONTINUOUS
10
1.2441985826771653
20
0.3876696456692914
11
1.2357705118110236
21
0.4057298031496063
0
LINE
8
BLACK
6
CONTINUOUS
10
1.2357705118110236
20
0.4057298031496063
11
1.2357705118110236
21
0.3732941338582677
0
LINE
8
BLACK
6
CONTINUOUS
10
1.2357705118110236
20
0.3732941338582677
11
1.2349793307086614
21
0.3703413779527559
0
LINE
8
BLACK
6
CONTINUOUS
10
1.2349793307086614
20
0.3703413779527559
11
1.2328177559055118
21
0.3681798031496063
0
LINE
8
BLACK
6
CONTINUOUS
10
1.2328177559055118
20
0.3681798031496063
11
1.229865
21
0.3673886220472441
0
LINE
8
BLACK
6
CONTINUOUS
10
1.229865
20
0.3673886220472441
11
1.2269122440944882
21
0.3681798031496063
0
LINE
8
BLACK
6
CONTINUOUS
10
1.2269122440944882
20
0.3681798031496063
11
1.2247506692913386
21
0.3703413779527559
0
LINE
8
BLACK
6
CONTINUOUS
10
1.2247506692913386
20
0.3703413779527559
11
1.2239594881889764
21
0.3732941338582677
0
LINE
8
BLACK
6
CONTINUOUS
10
1.2239594881889764
20
0.3732941338582677
11
1.2239594881889764
21
0.4323492519685039
0
LINE
8
BLACK
6
CONTINUOUS
10
1.2239594881889764
20
0.4323492519685039
11
1.2240275196850394
21
0.4326032283464567
0
LINE
8
BLACK
6
CONTINUOUS
10
1.2240275196850394
20
0.4326032283464567
11
1.223981811023622
21
0.4328622047244094
0
LINE
8
BLACK
6
CONTINUOUS
10
1.223981811023622
20
0.4328622047244094
11
1.224419251968504
21
0.4340652362204724
0
LINE
8
BLACK
6
CONTINUOUS
10
1.224419251968504
20
0.4340652362204724
11
1.2247506692913386
21
0.4353020078740157
0
LINE
8
BLACK
6
CONTINUOUS
10
1.2247506692913386
20
0.4353020078740157
11
1.2249366141732283
21
0.4354879527559055
0
LINE
8
BLACK
6
CONTINUOUS
10
1.2249366141732283
20
0.4354879527559055
11
1.2250264960629922
21
0.4357350787401575
0
LINE
8
BLACK
6
CONTINUOUS
10
1.2250264960629922
20
0.4357350787401575
11
1.226006811023622
21
0.4365581496062992
0
LINE
8
BLACK
6
CONTINUOUS
10
1.226006811023622
20
0.4365581496062992
11
1.2269122440944882
21
0.4374635826771653
0
LINE
8
BLACK
6
CONTINUOUS
10
1.2269122440944882
20
0.4374635826771653
11
1.2271662598425197
21
0.4375316141732283
0
LINE
8
BLACK
6
CONTINUOUS
10
1.2271662598425197
20
0.4375316141732283
11
1.2273676377952756
21
0.4377007086614173
0
LINE
8
BLACK
6
CONTINUOUS
10
1.2273676377952756
20
0.4377007086614173
11
1.2286282283464567
21
0.4379233464566929
0
LINE
8
BLACK
6
CONTINUOUS
10
1.2286282283464567
20
0.4379233464566929
11
1.229865
21
0.4382547637795275
0
LINE
8
BLACK
6
CONTINUOUS
10
1.229865
20
0.4382547637795275
11
1.2301189763779528
21
0.4381866929133858
0
LINE
8
BLACK
6
CONTINUOUS
10
1.2301189763779528
20
0.4381866929133858
11
1.2303779527559056
21
0.4382324409448819
0
LINE
8
BLACK
6
CONTINUOUS
10
1.2303779527559056
20
0.4382324409448819
11
1.2315809842519685
21
0.4377949606299212
0
LINE
8
BLACK
6
CONTINUOUS
10
1.2315809842519685
20
0.4377949606299212
11
1.2328177559055118
21
0.4374635826771653
0
LINE
8
BLACK
6
CONTINUOUS
10
1.2328177559055118
20
0.4374635826771653
11
1.2330037007874015
21
0.4372775984251969
0
LINE
8
BLACK
6
CONTINUOUS
10
1.2330037007874015
20
0.4372775984251969
11
1.2332508267716535
21
0.4371877559055118
0
LINE
8
BLACK
6
CONTINUOUS
10
1.2332508267716535
20
0.4371877559055118
11
1.2340738976377952
21
0.4362074015748031
0
LINE
8
BLACK
6
CONTINUOUS
10
1.2340738976377952
20
0.4362074015748031
11
1.2349793307086614
21
0.4353020078740157
0
LINE
8
BLACK
6
CONTINUOUS
10
1.2349793307086614
20
0.4353020078740157
11
1.2350473622047244
21
0.4350479527559055
0
LINE
8
BLACK
6
CONTINUOUS
10
1.2350473622047244
20
0.4350479527559055
11
1.2352164566929134
21
0.4348466141732283
0
LINE
8
BLACK
6
CONTINUOUS
10
1.2352164566929134
20
0.4348466141732283
11
1.2495500393700787
21
0.4041317716535433
0
LINE
8
BLACK
6
CONTINUOUS
10
1.2495500393700787
20
0.4041317716535433
11
1.263883622047244
21
0.4348466141732283
0
LINE
8
BLACK
6
CONTINUOUS
10
1.263883622047244
20
0.4348466141732283
11
1.2640526771653544
21
0.4350479527559055
0
LINE
8
BLACK
6
CONTINUOUS
10
1.2640526771653544
20
0.4350479527559055
11
1.264120748031496
21
0.4353020078740157
0
LINE
8
BLACK
6
CONTINUOUS
10
1.264120748031496
20
0.4353020078740157
11
1.2650260236220472
21
0.4362072834645669
0
LINE
8
BLACK
6
CONTINUOUS
10
1.2650260236220472
20
0.4362072834645669
11
1.2658492519685038
21
0.4371877952755905
0
LINE
8
BLACK
6
CONTINUOUS
10
1.2658492519685038
20
0.4371877952755905
11
1.2660963779527559
21
0.4372776377952756
0
LINE
8
BLACK
6
CONTINUOUS
10
1.2660963779527559
20
0.4372776377952756
11
1.2662823228346456
21
0.4374635826771653
0
LINE
8
BLACK
6
CONTINUOUS
10
1.2662823228346456
20
0.4374635826771653
11
1.2675186614173228
21
0.437794842519685
0
LINE
8
BLACK
6
CONTINUOUS
10
1.2675186614173228
20
0.437794842519685
11
1.268722125984252
21
0.4382324803149606
0
LINE
8
BLACK
6
CONTINUOUS
10
1.268722125984252
20
0.4382324803149606
11
1.2689811417322834
21
0.4381866929133858
0
LINE
8
BLACK
6
CONTINUOUS
10
1.2689811417322834
20
0.4381866929133858
11
1.2692350787401574
21
0.4382547637795275
0
LINE
8
BLACK
6
CONTINUOUS
10
1.2692350787401574
20
0.4382547637795275
11
1.2704713779527559
21
0.4379234645669291
0
LINE
8
BLACK
6
CONTINUOUS
10
1.3003093307086613
20
0.4374635826771653
11
1.3024709055118109
21
0.4353020078740157
0
LINE
8
BLACK
6
CONTINUOUS
10
1.3024709055118109
20
0.4353020078740157
11
1.3032620866141733
21
0.4323492519685039
0
LINE
8
BLACK
6
CONTINUOUS
10
1.3032620866141733
20
0.4323492519685039
11
1.3032620866141733
21
0.3791996456692913
0
LINE
8
BLACK
6
CONTINUOUS
10
1.3032620866141733
20
0.3791996456692913
11
1.3254780708661418
21
0.3791996456692913
0
LINE
8
BLACK
6
CONTINUOUS
10
1.3254780708661418
20
0.3791996456692913
11
1.3284308267716536
21
0.3784084645669291
0
LINE
8
BLACK
6
CONTINUOUS
10
1.3284308267716536
20
0.3784084645669291
11
1.3305924015748032
21
0.3762468897637795
0
LINE
8
BLACK
6
CONTINUOUS
10
1.3305924015748032
20
0.3762468897637795
11
1.3310801181102363
21
0.3744266141732283
0
LINE
8
BLACK
6
CONTINUOUS
10
1.3310801181102363
20
0.3744266141732283
11
1.3311242519685038
21
0.3751616141732284
0
LINE
8
BLACK
6
CONTINUOUS
10
1.3311242519685038
20
0.3751616141732284
11
1.3508092913385827
21
0.4342167322834646
0
LINE
8
BLACK
6
CONTINUOUS
10
1.3508092913385827
20
0.4342167322834646
11
1.3514627559055117
21
0.4352064960629921
0
LINE
8
BLACK
6
CONTINUOUS
10
1.3514627559055117
20
0.4352064960629921
11
1.3519932283464566
21
0.4362674015748031
0
LINE
8
BLACK
6
CONTINUOUS
10
1.3519932283464566
20
0.4362674015748031
11
1.352294527559055
21
0.4364663385826771
0
LINE
8
BLACK
6
CONTINUOUS
10
1.352294527559055
20
0.4364663385826771
11
1.3524935826771654
21
0.4367677952755906
0
LINE
8
BLACK
6
CONTINUOUS
10
1.3524935826771654
20
0.4367677952755906
11
1.3535546456692913
21
0.4372983070866142
0
LINE
8
BLACK
6
CONTINUOUS
10
1.3535546456692913
20
0.4372983070866142
11
1.3545442519685038
21
0.4379516929133858
0
LINE
8
BLACK
6
CONTINUOUS
10
1.3545442519685038
20
0.4379516929133858
11
1.35490468503937
21
0.4379733070866141
0
LINE
8
BLACK
6
CONTINUOUS
10
1.35490468503937
20
0.4379733070866141
11
1.3552277952755905
21
0.4381348818897638
0
LINE
8
BLACK
6
CONTINUOUS
10
1.3552277952755905
20
0.4381348818897638
11
1.3564118503937008
21
0.438063779527559
0
LINE
8
BLACK
6
CONTINUOUS
10
1.3564118503937008
20
0.438063779527559
11
1.3575956692913385
21
0.4381348818897638
0
LINE
8
BLACK
6
CONTINUOUS
10
1.3575956692913385
20
0.4381348818897638
11
1.3579186614173229
21
0.4379733464566929
0
LINE
8
BLACK
6
CONTINUOUS
10
1.3579186614173229
20
0.4379733464566929
11
1.3582792125984251
21
0.4379517322834646
0
LINE
8
BLACK
6
CONTINUOUS
10
1.3582792125984251
20
0.4379517322834646
11
1.3592691338582676
21
0.4372981102362204
0
LINE
8
BLACK
6
CONTINUOUS
10
1.3592691338582676
20
0.4372981102362204
11
1.3603298818897638
21
0.4367677559055118
0
LINE
8
BLACK
6
CONTINUOUS
10
1.3603298818897638
20
0.4367677559055118
11
1.3605288188976377
21
0.4364664173228346
0
LINE
8
BLACK
6
CONTINUOUS
10
1.3605288188976377
20
0.4364664173228346
11
1.3608302755905513
21
0.4362674015748031
0
LINE
8
BLACK
6
CONTINUOUS
10
1.3608302755905513
20
0.4362674015748031
11
1.3613607874015747
21
0.4352062992125984
0
LINE
8
BLACK
6
CONTINUOUS
10
1.3613607874015747
20
0.4352062992125984
11
1.3620141732283464
21
0.4342167322834646
0
LINE
8
BLACK
6
CONTINUOUS
10
1.3620141732283464
20
0.4342167322834646
11
1.3816992519685038
21
0.3751616141732284
0
LINE
8
BLACK
6
CONTINUOUS
10
1.3816992519685038
20
0.3751616141732284
11
1.381882401574803
21
0.3721101968503937
0
LINE
8
BLACK
6
CONTINUOUS
10
1.381882401574803
20
0.3721101968503937
11
1.38051531496063
21
0.3693759842519685
0
LINE
8
BLACK
6
CONTINUOUS
10
1.38051531496063
20
0.3693759842519685
11
1.3779642519685038
21
0.3676916535433071
0
LINE
8
BLACK
6
CONTINUOUS
10
1.3779642519685038
20
0.3676916535433071
11
1.3749128346456692
21
0.3675085039370078
0
LINE
8
BLACK
6
CONTINUOUS
10
1.3749128346456692
20
0.3675085039370078
11
1.3721786220472441
21
0.3688755905511811
0
LINE
8
BLACK
6
CONTINUOUS
10
1.3721786220472441
20
0.3688755905511811
11
1.3704943307086614
21
0.3714266535433071
0
LINE
8
BLACK
6
CONTINUOUS
10
1.3704943307086614
20
0.3714266535433071
11
1.3662160629921261
21
0.3842614960629921
0
LINE
8
BLACK
6
CONTINUOUS
10
1.3662160629921261
20
0.3842614960629921
11
1.3466074409448818
21
0.3842614960629921
0
LINE
8
BLACK
6
CONTINUOUS
10
1.3466074409448818
20
0.3842614960629921
11
1.3423291338582677
21
0.3714266535433071
0
LINE
8
BLACK
6
CONTINUOUS
10
1.3423291338582677
20
0.3714266535433071
11
1.3406448425196851
21
0.3688756299212598
0
LINE
8
BLACK
6
CONTINUOUS
10
1.3406448425196851
20
0.3688756299212598
11
1.3379106299212598
21
0.3675085039370078
0
LINE
8
BLACK
6
CONTINUOUS
10
1.3379106299212598
20
0.3675085039370078
11
1.3348592125984251
21
0.3676916929133858
0
LINE
8
BLACK
6
CONTINUOUS
10
1.3348592125984251
20
0.3676916929133858
11
1.3323081889763779
21
0.3693759842519685
0
LINE
8
BLACK
6
CONTINUOUS
10
1.3323081889763779
20
0.3693759842519685
11
1.3310225984251969
21
0.3719470472440945
0
LINE
8
BLACK
6
CONTINUOUS
10
1.3310225984251969
20
0.3719470472440945
11
1.3305924015748032
21
0.3703413779527559
0
LINE
8
BLACK
6
CONTINUOUS
10
1.3305924015748032
20
0.3703413779527559
11
1.3284308267716536
21
0.3681798031496063
0
LINE
8
BLACK
6
CONTINUOUS
10
1.3284308267716536
20
0.3681798031496063
11
1.3254780708661418
21
0.3673886220472441
0
LINE
8
BLACK
6
CONTINUOUS
10
1.3254780708661418
20
0.3673886220472441
11
1.2973565748031495
21
0.3673886220472441
0
LINE
8
BLACK
6
CONTINUOUS
10
1.2973565748031495
20
0.3673886220472441
11
1.2944038188976377
21
0.3681798031496063
0
LINE
8
BLACK
6
CONTINUOUS
10
1.2944038188976377
20
0.3681798031496063
11
1.2922422440944881
21
0.3703413779527559
0
LINE
8
BLACK
6
CONTINUOUS
10
1.2922422440944881
20
0.3703413779527559
11
1.2914510629921259
21
0.3732941338582677
0
LINE
8
BLACK
6
CONTINUOUS
10
1.2914510629921259
20
0.3732941338582677
11
1.2914510629921259
21
0.4323492519685039
0
LINE
8
BLACK
6
CONTINUOUS
10
1.2914510629921259
20
0.4323492519685039
11
1.2922422440944881
21
0.4353020078740157
0
LINE
8
BLACK
6
CONTINUOUS
10
1.2922422440944881
20
0.4353020078740157
11
1.2944038188976377
21
0.4374635826771653
0
LINE
8
BLACK
6
CONTINUOUS
10
1.2944038188976377
20
0.4374635826771653
11
1.2973565748031495
21
0.4382547637795275
0
LINE
8
BLACK
6
CONTINUOUS
10
1.2973565748031495
20
0.4382547637795275
11
1.3003093307086613
21
0.4374635826771653
0
LINE
8
BLACK
6
CONTINUOUS
10
1.3505444488188976
20
0.3960725196850394
11
1.3622790551181103
21
0.3960725196850394
0
LINE
8
BLACK
6
CONTINUOUS
10
1.3622790551181103
20
0.3960725196850394
11
1.3564117322834646
21
0.4136743700787401
0
LINE
8
BLACK
6
CONTINUOUS
10
1.3564117322834646
20
0.4136743700787401
11
1.3505444488188976
21
0.3960725196850394
0
LINE
8
BLACK
6
CONTINUOUS
10
1.416777874015748
20
0.4379034251968504
11
1.4181078346456693
21
0.4376312992125984
0
LINE
8
BLACK
6
CONTINUOUS
10
1.4181078346456693
20
0.4376312992125984
11
1.4237321653543307
21
0.4348191338582677
0
LINE
8
BLACK
6
CONTINUOUS
10
1.4237321653543307
20
0.4348191338582677
11
1.4244435433070866
21
0.4341882677165354
0
LINE
8
BLACK
6
CONTINUOUS
10
1.4244435433070866
20
0.4341882677165354
11
1.425266968503937
21
0.4337129133858267
0
LINE
8
BLACK
6
CONTINUOUS
10
1.425266968503937
20
0.4337129133858267
11
1.4280790944881889
21
0.4309007874015748
0
LINE
8
BLACK
6
CONTINUOUS
10
1.4280790944881889
20
0.4309007874015748
11
1.4285544881889762
21
0.4300773228346457
0
LINE
8
BLACK
6
CONTINUOUS
10
1.4285544881889762
20
0.4300773228346457
11
1.4291853149606299
21
0.4293659842519685
0
LINE
8
BLACK
6
CONTINUOUS
10
1.4291853149606299
20
0.4293659842519685
11
1.4319974803149607
21
0.4237417322834646
0
LINE
8
BLACK
6
CONTINUOUS
10
1.4319974803149607
20
0.4237417322834646
11
1.4322696456692914
21
0.4224116929133858
0
LINE
8
BLACK
6
CONTINUOUS
10
1.4322696456692914
20
0.4224116929133858
11
1.4326209448818896
21
0.4211006692913385
0
LINE
8
BLACK
6
CONTINUOUS
10
1.4326209448818896
20
0.4211006692913385
11
1.4326209448818896
21
0.4154763779527559
0
LINE
8
BLACK
6
CONTINUOUS
10
1.4326209448818896
20
0.4154763779527559
11
1.4322696062992126
21
0.4141652755905512
0
LINE
8
BLACK
6
CONTINUOUS
10
1.4322696062992126
20
0.4141652755905512
11
1.4319974803149607
21
0.4128353543307087
0
LINE
8
BLACK
6
CONTINUOUS
10
1.4319974803149607
20
0.4128353543307087
11
1.4291853149606299
21
0.4072110236220473
0
LINE
8
BLACK
6
CONTINUOUS
10
1.4291853149606299
20
0.4072110236220473
11
1.4285544488188977
21
0.4064996062992126
0
LINE
8
BLACK
6
CONTINUOUS
10
1.4285544488188977
20
0.4064996062992126
11
1.4280790944881889
21
0.405676220472441
0
LINE
8
BLACK
6
CONTINUOUS
10
1.4280790944881889
20
0.405676220472441
11
1.4280253543307087
21
0.4056224803149606
0
LINE
8
BLACK
6
CONTINUOUS
10
1.4280253543307087
20
0.4056224803149606
11
1.4280790944881889
21
0.4055914566929134
0
LINE
8
BLACK
6
CONTINUOUS
10
1.4280790944881889
20
0.4055914566929134
11
1.4308912598425196
21
0.4027792913385826
0
LINE
8
BLACK
6
CONTINUOUS
10
1.4308912598425196
20
0.4027792913385826
11
1.4313666141732284
21
0.4019558661417323
0
LINE
8
BLACK
6
CONTINUOUS
10
1.4313666141732284
20
0.4019558661417323
11
1.4319974803149607
21
0.4012444881889763
0
LINE
8
BLACK
6
CONTINUOUS
10
1.4319974803149607
20
0.4012444881889763
11
1.4348096062992126
21
0.3956201574803149
0
LINE
8
BLACK
6
CONTINUOUS
10
1.4348096062992126
20
0.3956201574803149
11
1.4350816929133858
21
0.3942903937007874
0
LINE
8
BLACK
6
CONTINUOUS
10
1.4350816929133858
20
0.3942903937007874
11
1.4354330708661418
21
0.3929791732283465
0
LINE
8
BLACK
6
CONTINUOUS
10
1.4354330708661418
20
0.3929791732283465
11
1.4354330708661418
21
0.384542716535433
0
LINE
8
BLACK
6
CONTINUOUS
10
1.4354330708661418
20
0.384542716535433
11
1.4350816929133858
21
0.3832314566929134
0
LINE
8
BLACK
6
CONTINUOUS
10
1.4350816929133858
20
0.3832314566929134
11
1.4348096062992126
21
0.3819017322834646
0
LINE
8
BLACK
6
CONTINUOUS
10
1.4348096062992126
20
0.3819017322834646
11
1.4319974803149607
21
0.3762774015748032
0
LINE
8
BLACK
6
CONTINUOUS
10
1.4319974803149607
20
0.3762774015748032
11
1.4313666141732284
21
0.3755659842519685
0
LINE
8
BLACK
6
CONTINUOUS
10
1.4313666141732284
20
0.3755659842519685
11
1.4308912204724409
21
0.3747425590551181
0
LINE
8
BLACK
6
CONTINUOUS
10
1.4308912204724409
20
0.3747425590551181
11
1.4280790551181102
21
0.3719304330708662
0
LINE
8
BLACK
6
CONTINUOUS
10
1.4280790551181102
20
0.3719304330708662
11
1.4272556299212598
21
0.3714550393700787
0
LINE
8
BLACK
6
CONTINUOUS
10
1.4272556299212598
20
0.3714550393700787
11
1.4265442913385826
21
0.3708242519685039
0
LINE
8
BLACK
6
CONTINUOUS
10
1.4265442913385826
20
0.3708242519685039
11
1.42092
21
0.3680120866141732
0
LINE
8
BLACK
6
CONTINUOUS
10
1.42092
20
0.3680120866141732
11
1.4195900393700787
21
0.3677399212598425
0
LINE
8
BLACK
6
CONTINUOUS
10
1.4195900393700787
20
0.3677399212598425
11
1.4182789763779526
21
0.3673886220472441
0
LINE
8
BLACK
6
CONTINUOUS
10
1.4182789763779526
20
0.3673886220472441
11
1.3957817716535432
21
0.3673886220472441
0
LINE
8
BLACK
6
CONTINUOUS
10
1.3957817716535432
20
0.3673886220472441
11
1.3928290157480314
21
0.3681798031496063
0
LINE
8
BLACK
6
CONTINUOUS
10
1.3928290157480314
20
0.3681798031496063
11
1.3906674409448818
21
0.3703413779527559
0
LINE
8
BLACK
6
CONTINUOUS
10
1.3906674409448818
20
0.3703413779527559
11
1.3898762598425196
21
0.3732941338582677
0
LINE
8
BLACK
6
CONTINUOUS
10
1.3898762598425196
20
0.3732941338582677
11
1.3898762598425196
21
0.4323492519685039
0
LINE
8
BLACK
6
CONTINUOUS
10
1.3898762598425196
20
0.4323492519685039
11
1.3906674409448818
21
0.4353020078740157
0
LINE
8
BLACK
6
CONTINUOUS
10
1.3906674409448818
20
0.4353020078740157
11
1.3928290157480314
21
0.4374635826771653
0
LINE
8
BLACK
6
CONTINUOUS
10
1.3928290157480314
20
0.4374635826771653
11
1.3957817716535432
21
0.4382547637795275
0
LINE
8
BLACK
6
CONTINUOUS
10
1.3957817716535432
20
0.4382547637795275
11
1.4154668110236219
21
0.4382547637795275
0
LINE
8
BLACK
6
CONTINUOUS
10
1.4154668110236219
20
0.4382547637795275
11
1.416777874015748
21
0.4379034251968504
0
LINE
8
BLACK
6
CONTINUOUS
10
1.4016872834645668
20
0.3791996456692913
11
1.4168848818897637
21
0.3791996456692913
0
LINE
8
BLACK
6
CONTINUOUS
10
1.4168848818897637
20
0.3791996456692913
11
1.4204051181102362
21
0.3809597637795276
0
LINE
8
BLACK
6
CONTINUOUS
10
1.4204051181102362
20
0.3809597637795276
11
1.4218619685039369
21
0.3824166141732284
0
LINE
8
BLACK
6
CONTINUOUS
10
1.4218619685039369
20
0.3824166141732284
11
1.4236220472440944
21
0.3859367716535433
0
LINE
8
BLACK
6
CONTINUOUS
10
1.4236220472440944
20
0.3859367716535433
11
1.4236220472440944
21
0.3915850787401575
0
LINE
8
BLACK
6
CONTINUOUS
10
1.4236220472440944
20
0.3915850787401575
11
1.4218619291338583
21
0.3951052755905512
0
LINE
8
BLACK
6
CONTINUOUS
10
1.4218619291338583
20
0.3951052755905512
11
1.4207132283464567
21
0.3962539763779527
0
LINE
8
BLACK
6
CONTINUOUS
10
1.4207132283464567
20
0.3962539763779527
11
1.4145084251968503
21
0.3983222440944882
0
LINE
8
BLACK
6
CONTINUOUS
10
1.4145084251968503
20
0.3983222440944882
11
1.4016872834645668
21
0.3983222440944882
0
LINE
8
BLACK
6
CONTINUOUS
10
1.4016872834645668
20
0.3983222440944882
11
1.4016872834645668
21
0.3791996456692913
0
LINE
8
BLACK
6
CONTINUOUS
10
1.4016872834645668
20
0.4101332677165354
11
1.414072716535433
21
0.4101332677165354
0
LINE
8
BLACK
6
CONTINUOUS
10
1.414072716535433
20
0.4101332677165354
11
1.4175929527559055
21
0.4118933858267717
0
LINE
8
BLACK
6
CONTINUOUS
10
1.4175929527559055
20
0.4118933858267717
11
1.4190498031496062
21
0.4133502362204725
0
LINE
8
BLACK
6
CONTINUOUS
10
1.4190498031496062
20
0.4133502362204725
11
1.4208099212598424
21
0.4168704724409449
0
LINE
8
BLACK
6
CONTINUOUS
10
1.4208099212598424
20
0.4168704724409449
11
1.4208099212598424
21
0.4197065354330708
0
LINE
8
BLACK
6
CONTINUOUS
10
1.4208099212598424
20
0.4197065354330708
11
1.4190498031496062
21
0.4232267322834646
0
LINE
8
BLACK
6
CONTINUOUS
10
1.4190498031496062
20
0.4232267322834646
11
1.4175929527559055
21
0.4246836220472441
0
LINE
8
BLACK
6
CONTINUOUS
10
1.4175929527559055
20
0.4246836220472441
11
1.414072716535433
21
0.4264437401574803
0
LINE
8
BLACK
6
CONTINUOUS
10
1.414072716535433
20
0.4264437401574803
11
1.4016872834645668
21
0.4264437401574803
0
LINE
8
BLACK
6
CONTINUOUS
10
1.4016872834645668
20
0.4264437401574803
11
1.4016872834645668
21
0.4101332677165354
0
LINE
8
BLACK
6
CONTINUOUS
10
1.455587874015748
20
0.3846227165354331
11
1.4563653149606299
21
0.3846227165354331
0
LINE
8
BLACK
6
CONTINUOUS
10
1.4563653149606299
20
0.3846227165354331
11
1.4563653543307087
21
0.3846227165354331
0
LINE
8
BLACK
6
CONTINUOUS
10
1.4563653543307087
20
0.3846227165354331
11
1.4570386614173227
21
0.3842339763779528
0
LINE
8
BLACK
6
CONTINUOUS
10
1.4570386614173227
20
0.3842339763779528
11
1.4577896456692914
21
0.3840327559055118
0
LINE
8
BLACK
6
CONTINUOUS
10
1.4577896456692914
20
0.3840327559055118
11
1.4583393700787401
21
0.3834829921259842
0
LINE
8
BLACK
6
CONTINUOUS
10
1.4583393700787401
20
0.3834829921259842
11
1.4590126771653542
21
0.3830942913385827
0
LINE
8
BLACK
6
CONTINUOUS
10
1.4590126771653542
20
0.3830942913385827
11
1.4618248425196849
21
0.3802821653543307
0
LINE
8
BLACK
6
CONTINUOUS
10
1.4618248425196849
20
0.3802821653543307
11
1.4618248425196849
21
0.380282125984252
0
LINE
8
BLACK
6
CONTINUOUS
10
1.4618248425196849
20
0.380282125984252
11
1.4618248818897637
21
0.380282125984252
0
LINE
8
BLACK
6
CONTINUOUS
10
1.4618248818897637
20
0.380282125984252
11
1.4618710629921259
21
0.380202125984252
0
LINE
8
BLACK
6
CONTINUOUS
10
1.4618710629921259
20
0.380202125984252
11
1.4633533464566928
21
0.3776348031496063
0
LINE
8
BLACK
6
CONTINUOUS
10
1.4633533464566928
20
0.3776348031496063
11
1.4633533464566928
21
0.3776347637795275
0
LINE
8
BLACK
6
CONTINUOUS
10
1.4633533464566928
20
0.3776347637795275
11
1.4633533464566928
21
0.3745778346456693
0
LINE
8
BLACK
6
CONTINUOUS
10
1.4633533464566928
20
0.3745778346456693
11
1.4628164566929134
21
0.3736479527559055
0
LINE
8
BLACK
6
CONTINUOUS
10
1.4628164566929134
20
0.3736479527559055
11
1.4623572047244093
21
0.3728524409448819
0
LINE
8
BLACK
6
CONTINUOUS
10
1.4623572047244093
20
0.3728524409448819
11
1.4618248818897637
21
0.3719304724409448
0
LINE
8
BLACK
6
CONTINUOUS
10
1.4618248818897637
20
0.3719304724409448
11
1.459012716535433
21
0.3691183070866141
0
LINE
8
BLACK
6
CONTINUOUS
10
1.459012716535433
20
0.3691183070866141
11
1.4590126771653542
21
0.3691182677165354
0
LINE
8
BLACK
6
CONTINUOUS
10
1.4590126771653542
20
0.3691182677165354
11
1.4585924015748031
21
0.3688756299212598
0
LINE
8
BLACK
6
CONTINUOUS
10
1.4585924015748031
20
0.3688756299212598
11
1.4583394094488189
21
0.3687295669291338
0
LINE
8
BLACK
6
CONTINUOUS
10
1.4583394094488189
20
0.3687295669291338
11
1.4577896456692914
21
0.3681798031496063
0
LINE
8
BLACK
6
CONTINUOUS
10
1.4577896456692914
20
0.3681798031496063
11
1.4570386614173227
21
0.3679785433070866
0
LINE
8
BLACK
6
CONTINUOUS
10
1.4570386614173227
20
0.3679785433070866
11
1.4563653543307087
21
0.367589842519685
0
LINE
8
BLACK
6
CONTINUOUS
10
1.4563653543307087
20
0.367589842519685
11
1.455587874015748
21
0.367589842519685
0
LINE
8
BLACK
6
CONTINUOUS
10
1.455587874015748
20
0.367589842519685
11
1.4548368897637796
21
0.3673886220472441
0
LINE
8
BLACK
6
CONTINUOUS
10
1.4548368897637796
20
0.3673886220472441
11
1.4540859055118109
21
0.367589842519685
0
LINE
8
BLACK
6
CONTINUOUS
10
1.4540859055118109
20
0.367589842519685
11
1.4533084251968504
21
0.367589842519685
0
LINE
8
BLACK
6
CONTINUOUS
10
1.4533084251968504
20
0.367589842519685
11
1.4533083858267717
21
0.367589842519685
0
LINE
8
BLACK
6
CONTINUOUS
10
1.4533083858267717
20
0.367589842519685
11
1.4526350393700787
21
0.3679785826771653
0
LINE
8
BLACK
6
CONTINUOUS
10
1.4526350393700787
20
0.3679785826771653
11
1.4518841338582678
21
0.3681798031496063
0
LINE
8
BLACK
6
CONTINUOUS
10
1.4518841338582678
20
0.3681798031496063
11
1.4513343307086615
21
0.3687295669291338
0
LINE
8
BLACK
6
CONTINUOUS
10
1.4513343307086615
20
0.3687295669291338
11
1.4510814566929133
21
0.3688755905511811
0
LINE
8
BLACK
6
CONTINUOUS
10
1.4510814566929133
20
0.3688755905511811
11
1.4506610629921259
21
0.3691183070866141
0
LINE
8
BLACK
6
CONTINUOUS
10
1.4506610629921259
20
0.3691183070866141
11
1.4506610236220472
21
0.3691183464566929
0
LINE
8
BLACK
6
CONTINUOUS
10
1.4506610236220472
20
0.3691183464566929
11
1.4478488976377952
21
0.3719305118110236
0
LINE
8
BLACK
6
CONTINUOUS
10
1.4478488976377952
20
0.3719305118110236
11
1.4468573622047243
21
0.3736479527559055
0
LINE
8
BLACK
6
CONTINUOUS
10
1.4468573622047243
20
0.3736479527559055
11
1.4463204724409449
21
0.3745778346456693
0
LINE
8
BLACK
6
CONTINUOUS
10
1.4463204724409449
20
0.3745778346456693
11
1.4463204724409449
21
0.3776347637795275
0
LINE
8
BLACK
6
CONTINUOUS
10
1.4463204724409449
20
0.3776347637795275
11
1.4463204724409449
21
0.3776348031496063
0
LINE
8
BLACK
6
CONTINUOUS
10
1.4463204724409449
20
0.3776348031496063
11
1.4478027559055118
21
0.380202125984252
0
LINE
8
BLACK
6
CONTINUOUS
10
1.4478027559055118
20
0.380202125984252
11
1.447848937007874
21
0.380282125984252
0
LINE
8
BLACK
6
CONTINUOUS
10
1.447848937007874
20
0.380282125984252
11
1.4506610629921259
21
0.3830942519685039
0
LINE
8
BLACK
6
CONTINUOUS
10
1.4506610629921259
20
0.3830942519685039
11
1.4513343307086615
21
0.3834829527559055
0
LINE
8
BLACK
6
CONTINUOUS
10
1.4513343307086615
20
0.3834829527559055
11
1.4518841338582678
21
0.3840327559055118
0
LINE
8
BLACK
6
CONTINUOUS
10
1.4518841338582678
20
0.3840327559055118
11
1.4526350393700787
21
0.384233937007874
0
LINE
8
BLACK
6
CONTINUOUS
10
1.4526350393700787
20
0.384233937007874
11
1.4533083858267717
21
0.3846227165354331
0
LINE
8
BLACK
6
CONTINUOUS
10
1.4533083858267717
20
0.3846227165354331
11
1.4540859055118109
21
0.3846227165354331
0
LINE
8
BLACK
6
CONTINUOUS
10
1.4540859055118109
20
0.3846227165354331
11
1.4548368897637796
21
0.384823937007874
0
LINE
8
BLACK
6
CONTINUOUS
10
1.4548368897637796
20
0.384823937007874
11
1.455587874015748
21
0.3846227165354331
0
LINE
8
BLACK
6
CONTINUOUS
10
1.5063740157480314
20
0.4380086614173228
11
1.5073230708661416
21
0.4379516929133858
0
LINE
8
BLACK
6
CONTINUOUS
10
1.5073230708661416
20
0.4379516929133858
11
1.5157595275590552
21
0.4351395669291339
0
LINE
8
BLACK
6
CONTINUOUS
10
1.5157595275590552
20
0.4351395669291339
11
1.5168924015748031
21
0.4343915354330709
0
LINE
8
BLACK
6
CONTINUOUS
10
1.5168924015748031
20
0.4343915354330709
11
1.5180678740157481
21
0.4337129133858267
0
LINE
8
BLACK
6
CONTINUOUS
10
1.5180678740157481
20
0.4337129133858267
11
1.52088
21
0.4309007874015748
0
LINE
8
BLACK
6
CONTINUOUS
10
1.52088
20
0.4309007874015748
11
1.5224084645669291
21
0.4282534251968504
0
LINE
8
BLACK
6
CONTINUOUS
10
1.5224084645669291
20
0.4282534251968504
11
1.5224084645669291
21
0.4251964960629921
0
LINE
8
BLACK
6
CONTINUOUS
10
1.5224084645669291
20
0.4251964960629921
11
1.52088
21
0.4225491338582677
0
LINE
8
BLACK
6
CONTINUOUS
10
1.52088
20
0.4225491338582677
11
1.5182326377952755
21
0.4210206692913386
0
LINE
8
BLACK
6
CONTINUOUS
10
1.5182326377952755
20
0.4210206692913386
11
1.5151757086614173
21
0.4210206692913386
0
LINE
8
BLACK
6
CONTINUOUS
10
1.5151757086614173
20
0.4210206692913386
11
1.512528346456693
21
0.4225491338582677
0
LINE
8
BLACK
6
CONTINUOUS
10
1.512528346456693
20
0.4225491338582677
11
1.5107019685039369
21
0.4243754724409449
0
LINE
8
BLACK
6
CONTINUOUS
10
1.5107019685039369
20
0.4243754724409449
11
1.5044973228346457
21
0.4264437401574803
0
LINE
8
BLACK
6
CONTINUOUS
10
1.5044973228346457
20
0.4264437401574803
11
1.50078968503937
21
0.4264437401574803
0
LINE
8
BLACK
6
CONTINUOUS
10
1.50078968503937
20
0.4264437401574803
11
1.4945848818897638
21
0.4243754724409449
0
LINE
8
BLACK
6
CONTINUOUS
10
1.4945848818897638
20
0.4243754724409449
11
1.4906240157480315
21
0.4204146062992126
0
LINE
8
BLACK
6
CONTINUOUS
10
1.4906240157480315
20
0.4204146062992126
11
1.4885302755905512
21
0.4162272047244094
0
LINE
8
BLACK
6
CONTINUOUS
10
1.4885302755905512
20
0.4162272047244094
11
1.4860517716535433
21
0.4063129921259843
0
LINE
8
BLACK
6
CONTINUOUS
10
1.4860517716535433
20
0.4063129921259843
11
1.4860517716535433
21
0.3993303543307086
0
LINE
8
BLACK
6
CONTINUOUS
10
1.4860517716535433
20
0.3993303543307086
11
1.4885302755905512
21
0.3894161417322834
0
LINE
8
BLACK
6
CONTINUOUS
10
1.4885302755905512
20
0.3894161417322834
11
1.4906240157480315
21
0.3852287401574803
0
LINE
8
BLACK
6
CONTINUOUS
10
1.4906240157480315
20
0.3852287401574803
11
1.4945848818897638
21
0.381267874015748
0
LINE
8
BLACK
6
CONTINUOUS
10
1.4945848818897638
20
0.381267874015748
11
1.50078968503937
21
0.3791996456692913
0
LINE
8
BLACK
6
CONTINUOUS
10
1.50078968503937
20
0.3791996456692913
11
1.5044973228346457
21
0.3791996456692913
0
LINE
8
BLACK
6
CONTINUOUS
10
1.5044973228346457
20
0.3791996456692913
11
1.5107019685039369
21
0.381267874015748
0
LINE
8
BLACK
6
CONTINUOUS
10
1.5107019685039369
20
0.381267874015748
11
1.512528346456693
21
0.3830942519685039
0
LINE
8
BLACK
6
CONTINUOUS
10
1.512528346456693
20
0.3830942519685039
11
1.5151757086614173
21
0.3846227165354331
0
LINE
8
BLACK
6
CONTINUOUS
10
1.5151757086614173
20
0.3846227165354331
11
1.5182326377952755
21
0.3846227165354331
0
LINE
8
BLACK
6
CONTINUOUS
10
1.5182326377952755
20
0.3846227165354331
11
1.52088
21
0.3830942519685039
0
LINE
8
BLACK
6
CONTINUOUS
10
1.52088
20
0.3830942519685039
11
1.5224084645669291
21
0.3804468897637795
0
LINE
8
BLACK
6
CONTINUOUS
10
1.5224084645669291
20
0.3804468897637795
11
1.5224084645669291
21
0.3773899606299213
0
LINE
8
BLACK
6
CONTINUOUS
10
1.5224084645669291
20
0.3773899606299213
11
1.52088
21
0.3747425984251969
0
LINE
8
BLACK
6
CONTINUOUS
10
1.52088
20
0.3747425984251969
11
1.5180678740157481
21
0.3719304724409448
0
LINE
8
BLACK
6
CONTINUOUS
10
1.5180678740157481
20
0.3719304724409448
11
1.5168924015748031
21
0.371251811023622
0
LINE
8
BLACK
6
CONTINUOUS
10
1.5168924015748031
20
0.371251811023622
11
1.5157595275590552
21
0.3705038188976378
0
LINE
8
BLACK
6
CONTINUOUS
10
1.5157595275590552
20
0.3705038188976378
11
1.5073230708661416
21
0.3676916929133858
0
LINE
8
BLACK
6
CONTINUOUS
10
1.5073230708661416
20
0.3676916929133858
11
1.5063740157480314
21
0.3676346850393701
0
LINE
8
BLACK
6
CONTINUOUS
10
1.5063740157480314
20
0.3676346850393701
11
1.5054555905511811
21
0.3673886220472441
0
LINE
8
BLACK
6
CONTINUOUS
10
1.5054555905511811
20
0.3673886220472441
11
1.4998312992125984
21
0.3673886220472441
0
LINE
8
BLACK
6
CONTINUOUS
10
1.4998312992125984
20
0.3673886220472441
11
1.4989128346456693
21
0.3676346850393701
0
LINE
8
BLACK
6
CONTINUOUS
10
1.4989128346456693
20
0.3676346850393701
11
1.4979637795275591
21
0.3676916929133858
0
LINE
8
BLACK
6
CONTINUOUS
10
1.4979637795275591
20
0.3676916929133858
11
1.4895273622047245
21
0.3705038582677165
0
LINE
8
BLACK
6
CONTINUOUS
10
1.4895273622047245
20
0.3705038582677165
11
1.4883945669291339
21
0.3712517322834646
0
LINE
8
BLACK
6
CONTINUOUS
10
1.4883945669291339
20
0.3712517322834646
11
1.4872190157480314
21
0.3719304724409448
0
LINE
8
BLACK
6
CONTINUOUS
10
1.4872190157480314
20
0.3719304724409448
11
1.4815947244094487
21
0.3775547637795276
0
LINE
8
BLACK
6
CONTINUOUS
10
1.4815947244094487
20
0.3775547637795276
11
1.4811192913385827
21
0.3783781889763779
0
LINE
8
BLACK
6
CONTINUOUS
10
1.4811192913385827
20
0.3783781889763779
11
1.4804885039370079
21
0.3790895669291339
0
LINE
8
BLACK
6
CONTINUOUS
10
1.4804885039370079
20
0.3790895669291339
11
1.4776763385826772
21
0.3847138582677165
0
LINE
8
BLACK
6
CONTINUOUS
10
1.4776763385826772
20
0.3847138582677165
11
1.4775455905511812
21
0.3853525984251969
0
LINE
8
BLACK
6
CONTINUOUS
10
1.4775455905511812
20
0.3853525984251969
11
1.4772292125984252
21
0.3859225984251968
0
LINE
8
BLACK
6
CONTINUOUS
10
1.4772292125984252
20
0.3859225984251968
11
1.4744170866141733
21
0.3971711811023622
0
LINE
8
BLACK
6
CONTINUOUS
10
1.4744170866141733
20
0.3971711811023622
11
1.4744293307086613
21
0.3978996062992126
0
LINE
8
BLACK
6
CONTINUOUS
10
1.4744293307086613
20
0.3978996062992126
11
1.4742407480314961
21
0.3986034645669291
0
LINE
8
BLACK
6
CONTINUOUS
10
1.4742407480314961
20
0.3986034645669291
11
1.4742407480314961
21
0.4070399212598425
0
LINE
8
BLACK
6
CONTINUOUS
10
1.4742407480314961
20
0.4070399212598425
11
1.4744293307086613
21
0.4077437401574803
0
LINE
8
BLACK
6
CONTINUOUS
10
1.4744293307086613
20
0.4077437401574803
11
1.4744170866141733
21
0.4084722047244094
0
LINE
8
BLACK
6
CONTINUOUS
10
1.4744170866141733
20
0.4084722047244094
11
1.4772292125984252
21
0.4197207874015748
0
LINE
8
BLACK
6
CONTINUOUS
10
1.4772292125984252
20
0.4197207874015748
11
1.4775455905511812
21
0.4202907480314961
0
LINE
8
BLACK
6
CONTINUOUS
10
1.4775455905511812
20
0.4202907480314961
11
1.4776763385826772
21
0.4209295275590551
0
LINE
8
BLACK
6
CONTINUOUS
10
1.4776763385826772
20
0.4209295275590551
11
1.4804885039370079
21
0.4265538188976378
0
LINE
8
BLACK
6
CONTINUOUS
10
1.4804885039370079
20
0.4265538188976378
11
1.4811192913385827
21
0.427265157480315
0
LINE
8
BLACK
6
CONTINUOUS
10
1.4811192913385827
20
0.427265157480315
11
1.4815947244094487
21
0.4280886220472441
0
LINE
8
BLACK
6
CONTINUOUS
10
1.4815947244094487
20
0.4280886220472441
11
1.4872190157480314
21
0.4337129133858267
0
LINE
8
BLACK
6
CONTINUOUS
10
1.4872190157480314
20
0.4337129133858267
11
1.4883945669291339
21
0.4343916141732284
0
LINE
8
BLACK
6
CONTINUOUS
10
1.4883945669291339
20
0.4343916141732284
11
1.4895273622047245
21
0.4351395275590551
0
LINE
8
BLACK
6
CONTINUOUS
10
1.4895273622047245
20
0.4351395275590551
11
1.4979637795275591
21
0.4379516929133858
0
LINE
8
BLACK
6
CONTINUOUS
10
1.4979637795275591
20
0.4379516929133858
11
1.4989128346456693
21
0.4380086614173228
0
LINE
8
BLACK
6
CONTINUOUS
10
1.4989128346456693
20
0.4380086614173228
11
1.4998312992125984
21
0.4382547637795275
0
LINE
8
BLACK
6
CONTINUOUS
10
1.4998312992125984
20
0.4382547637795275
11
1.5054555905511811
21
0.4382547637795275
0
LINE
8
BLACK
6
CONTINUOUS
10
1.5054555905511811
20
0.4382547637795275
11
1.5063740157480314
21
0.4380086614173228
0
LINE
8
BLACK
6
CONTINUOUS
10
1.575947874015748
20
0.4382042125984252
11
1.5761393700787401
21
0.4382425196850394
0
LINE
8
BLACK
6
CONTINUOUS
10
1.5761393700787401
20
0.4382425196850394
11
1.5774131889763778
21
0.4378115748031496
0
LINE
8
BLACK
6
CONTINUOUS
10
1.5774131889763778
20
0.4378115748031496
11
1.5787120472440945
21
0.4374635826771653
0
LINE
8
BLACK
6
CONTINUOUS
10
1.5787120472440945
20
0.4374635826771653
11
1.5788500787401574
21
0.4373255118110236
0
LINE
8
BLACK
6
CONTINUOUS
10
1.5788500787401574
20
0.4373255118110236
11
1.5790350787401575
21
0.4372629527559055
0
LINE
8
BLACK
6
CONTINUOUS
10
1.5790350787401575
20
0.4372629527559055
11
1.5799228346456693
21
0.4362527559055118
0
LINE
8
BLACK
6
CONTINUOUS
10
1.5799228346456693
20
0.4362527559055118
11
1.5808736220472441
21
0.4353020078740157
0
LINE
8
BLACK
6
CONTINUOUS
10
1.5808736220472441
20
0.4353020078740157
11
1.5809241338582676
21
0.4351134251968504
0
LINE
8
BLACK
6
CONTINUOUS
10
1.5809241338582676
20
0.4351134251968504
11
1.5810530708661417
21
0.4349667322834646
0
LINE
8
BLACK
6
CONTINUOUS
10
1.5810530708661417
20
0.4349667322834646
11
1.5813167716535432
21
0.4336479921259843
0
LINE
8
BLACK
6
CONTINUOUS
10
1.5813167716535432
20
0.4336479921259843
11
1.5816648031496063
21
0.4323492519685039
0
LINE
8
BLACK
6
CONTINUOUS
10
1.5816648031496063
20
0.4323492519685039
11
1.5816142519685039
21
0.4321606299212598
0
LINE
8
BLACK
6
CONTINUOUS
10
1.5816142519685039
20
0.4321606299212598
11
1.581652559055118
21
0.4319691732283464
0
LINE
8
BLACK
6
CONTINUOUS
10
1.581652559055118
20
0.4319691732283464
11
1.5812216141732283
21
0.4306953149606299
0
LINE
8
BLACK
6
CONTINUOUS
10
1.5812216141732283
20
0.4306953149606299
11
1.5808736220472441
21
0.4293964960629921
0
LINE
8
BLACK
6
CONTINUOUS
10
1.5808736220472441
20
0.4293964960629921
11
1.5807355511811023
21
0.4292584251968504
0
LINE
8
BLACK
6
CONTINUOUS
10
1.5807355511811023
20
0.4292584251968504
11
1.5806729921259841
21
0.4290734645669291
0
LINE
8
BLACK
6
CONTINUOUS
10
1.5806729921259841
20
0.4290734645669291
11
1.5474237795275589
21
0.3791996456692913
0
LINE
8
BLACK
6
CONTINUOUS
10
1.5474237795275589
20
0.3791996456692913
11
1.5757592913385827
21
0.3791996456692913
0
LINE
8
BLACK
6
CONTINUOUS
10
1.5757592913385827
20
0.3791996456692913
11
1.5787120472440945
21
0.3784084645669291
0
LINE
8
BLACK
6
CONTINUOUS
10
1.5787120472440945
20
0.3784084645669291
11
1.5808736220472441
21
0.3762468897637795
0
LINE
8
BLACK
6
CONTINUOUS
10
1.5808736220472441
20
0.3762468897637795
11
1.5816648031496063
21
0.3732941338582677
0
LINE
8
BLACK
6
CONTINUOUS
10
1.5816648031496063
20
0.3732941338582677
11
1.5808736220472441
21
0.3703413779527559
0
LINE
8
BLACK
6
CONTINUOUS
10
1.5808736220472441
20
0.3703413779527559
11
1.5787120472440945
21
0.3681798031496063
0
LINE
8
BLACK
6
CONTINUOUS
10
1.5787120472440945
20
0.3681798031496063
11
1.5757592913385827
21
0.3673886220472441
0
LINE
8
BLACK
6
CONTINUOUS
10
1.5757592913385827
20
0.3673886220472441
11
1.5363892125984251
21
0.3673886220472441
0
LINE
8
BLACK
6
CONTINUOUS
10
1.5363892125984251
20
0.3673886220472441
11
1.5362005905511811
21
0.3674391338582677
0
LINE
8
BLACK
6
CONTINUOUS
10
1.5362005905511811
20
0.3674391338582677
11
1.5360091338582678
21
0.3674008661417323
0
LINE
8
BLACK
6
CONTINUOUS
10
1.5360091338582678
20
0.3674008661417323
11
1.5347352755905512
21
0.3678317716535433
0
LINE
8
BLACK
6
CONTINUOUS
10
1.5347352755905512
20
0.3678317716535433
11
1.5334364566929133
21
0.3681798031496063
0
LINE
8
BLACK
6
CONTINUOUS
10
1.5334364566929133
20
0.3681798031496063
11
1.5332983858267717
21
0.3683178346456693
0
LINE
8
BLACK
6
CONTINUOUS
10
1.5332983858267717
20
0.3683178346456693
11
1.5331134251968503
21
0.3683804330708662
0
LINE
8
BLACK
6
CONTINUOUS
10
1.5331134251968503
20
0.3683804330708662
11
1.5322256299212598
21
0.3693905905511811
0
LINE
8
BLACK
6
CONTINUOUS
10
1.5322256299212598
20
0.3693905905511811
11
1.5312748818897637
21
0.3703413779527559
0
LINE
8
BLACK
6
CONTINUOUS
10
1.5312748818897637
20
0.3703413779527559
11
1.5312243307086615
21
0.3705299212598425
0
LINE
8
BLACK
6
CONTINUOUS
10
1.5312243307086615
20
0.3705299212598425
11
1.5310954330708662
21
0.3706766535433071
0
LINE
8
BLACK
6
CONTINUOUS
10
1.5310954330708662
20
0.3706766535433071
11
1.5308316929133858
21
0.3719953543307086
0
LINE
8
BLACK
6
CONTINUOUS
10
1.5308316929133858
20
0.3719953543307086
11
1.5304837007874015
21
0.3732941338582677
0
LINE
8
BLACK
6
CONTINUOUS
10
1.5304837007874015
20
0.3732941338582677
11
1.5305342125984251
21
0.3734827165354331
0
LINE
8
BLACK
6
CONTINUOUS
10
1.5305342125984251
20
0.3734827165354331
11
1.5304959448818898
21
0.3736742125984252
0
LINE
8
BLACK
6
CONTINUOUS
10
1.5304959448818898
20
0.3736742125984252
11
1.5309268503937008
21
0.374948031496063
0
LINE
8
BLACK
6
CONTINUOUS
10
1.5309268503937008
20
0.374948031496063
11
1.5312748818897637
21
0.3762468897637795
0
LINE
8
BLACK
6
CONTINUOUS
10
1.5312748818897637
20
0.3762468897637795
11
1.5314129133858267
21
0.3763849212598425
0
LINE
8
BLACK
6
CONTINUOUS
10
1.5314129133858267
20
0.3763849212598425
11
1.5314755118110235
21
0.3765699212598425
0
LINE
8
BLACK
6
CONTINUOUS
10
1.5314755118110235
20
0.3765699212598425
11
1.5647247637795276
21
0.4264437401574803
0
LINE
8
BLACK
6
CONTINUOUS
10
1.5647247637795276
20
0.4264437401574803
11
1.5363892125984251
21
0.4264437401574803
0
LINE
8
BLACK
6
CONTINUOUS
10
1.5363892125984251
20
0.4264437401574803
11
1.5334364566929133
21
0.4272349212598425
0
LINE
8
BLACK
6
CONTINUOUS
10
1.5334364566929133
20
0.4272349212598425
11
1.5312748818897637
21
0.4293964960629921
0
LINE
8
BLACK
6
CONTINUOUS
10
1.5312748818897637
20
0.4293964960629921
11
1.5304837007874015
21
0.4323492519685039
0
LINE
8
BLACK
6
CONTINUOUS
10
1.5304837007874015
20
0.4323492519685039
11
1.5312748818897637
21
0.4353020078740157
0
LINE
8
BLACK
6
CONTINUOUS
10
1.5312748818897637
20
0.4353020078740157
11
1.5334364566929133
21
0.4374635826771653
0
LINE
8
BLACK
6
CONTINUOUS
10
1.5334364566929133
20
0.4374635826771653
11
1.5363892125984251
21
0.4382547637795275
0
LINE
8
BLACK
6
CONTINUOUS
10
1.5363892125984251
20
0.4382547637795275
11
1.5757592913385827
21
0.4382547637795275
0
LINE
8
BLACK
6
CONTINUOUS
10
1.5757592913385827
20
0.4382547637795275
11
1.575947874015748
21
0.4382042125984252
0
LINE
8
BLACK
6
CONTINUOUS
10
1.6951681889763779
20
0.401583937007874
11
1.6958590157480316
21
0.3996859448818897
0
LINE
8
BLACK
6
CONTINUOUS
10
1.6958590157480316
20
0.3996859448818897
11
1.6958590157480316
21
0.377188779527559
0
LINE
8
BLACK
6
CONTINUOUS
10
1.6958590157480316
20
0.377188779527559
11
1.6956809448818897
21
0.3761788582677165
0
LINE
8
BLACK
6
CONTINUOUS
10
1.6956809448818897
20
0.3761788582677165
11
1.6943826377952755
21
0.3746316141732283
0
LINE
8
BLACK
6
CONTINUOUS
10
1.6943826377952755
20
0.3746316141732283
11
1.6923935039370079
21
0.3742808661417323
0
LINE
8
BLACK
6
CONTINUOUS
10
1.6923935039370079
20
0.3742808661417323
11
1.6906443307086614
21
0.3752907874015748
0
LINE
8
BLACK
6
CONTINUOUS
10
1.6906443307086614
20
0.3752907874015748
11
1.6899535039370079
21
0.377188779527559
0
LINE
8
BLACK
6
CONTINUOUS
10
1.6899535039370079
20
0.377188779527559
11
1.6899535039370079
21
0.3854846062992126
0
LINE
8
BLACK
6
CONTINUOUS
10
1.6899535039370079
20
0.3854846062992126
11
1.6625395275590551
21
0.3854846062992126
0
LINE
8
BLACK
6
CONTINUOUS
10
1.6625395275590551
20
0.3854846062992126
11
1.6649979133858268
21
0.3830262204724409
0
LINE
8
BLACK
6
CONTINUOUS
10
1.6649979133858268
20
0.3830262204724409
11
1.6655042913385827
21
0.382303031496063
0
LINE
8
BLACK
6
CONTINUOUS
10
1.6655042913385827
20
0.382303031496063
11
1.6655510236220472
21
0.3822588188976378
0
LINE
8
BLACK
6
CONTINUOUS
10
1.6655510236220472
20
0.3822588188976378
11
1.6674257874015748
21
0.3785092913385827
0
LINE
8
BLACK
6
CONTINUOUS
10
1.6674257874015748
20
0.3785092913385827
11
1.6677181496062992
21
0.3775263779527559
0
LINE
8
BLACK
6
CONTINUOUS
10
1.6677181496062992
20
0.3775263779527559
11
1.6672488582677165
21
0.3755618503937008
0
LINE
8
BLACK
6
CONTINUOUS
10
1.6672488582677165
20
0.3755618503937008
11
1.6656265748031496
21
0.3743585433070866
0
LINE
8
BLACK
6
CONTINUOUS
10
1.6656265748031496
20
0.3743585433070866
11
1.6636104330708661
21
0.3744796062992126
0
LINE
8
BLACK
6
CONTINUOUS
10
1.6636104330708661
20
0.3744796062992126
11
1.6621437401574803
21
0.3758682677165354
0
LINE
8
BLACK
6
CONTINUOUS
10
1.6621437401574803
20
0.3758682677165354
11
1.6604832677165353
21
0.3791892125984252
0
LINE
8
BLACK
6
CONTINUOUS
10
1.6604832677165353
20
0.3791892125984252
11
1.6572792913385825
21
0.3823931496062992
0
LINE
8
BLACK
6
CONTINUOUS
10
1.6572792913385825
20
0.3823931496062992
11
1.6518982677165355
21
0.3859805118110236
0
LINE
8
BLACK
6
CONTINUOUS
10
1.6518982677165355
20
0.3859805118110236
11
1.6511567716535434
21
0.3866888976377953
0
LINE
8
BLACK
6
CONTINUOUS
10
1.6511567716535434
20
0.3866888976377953
11
1.6511090551181102
21
0.386851811023622
0
LINE
8
BLACK
6
CONTINUOUS
10
1.6511090551181102
20
0.386851811023622
11
1.6509790157480315
21
0.3869609842519685
0
LINE
8
BLACK
6
CONTINUOUS
10
1.6509790157480315
20
0.3869609842519685
11
1.6508301968503936
21
0.3878048818897638
0
LINE
8
BLACK
6
CONTINUOUS
10
1.6508301968503936
20
0.3878048818897638
11
1.650589527559055
21
0.3886274015748031
0
LINE
8
BLACK
6
CONTINUOUS
10
1.650589527559055
20
0.3886274015748031
11
1.650657716535433
21
0.388782874015748
0
LINE
8
BLACK
6
CONTINUOUS
10
1.650657716535433
20
0.388782874015748
11
1.6506282677165354
21
0.3889501181102362
0
LINE
8
BLACK
6
CONTINUOUS
10
1.6506282677165354
20
0.3889501181102362
11
1.6510566929133859
21
0.3896921653543307
0
LINE
8
BLACK
6
CONTINUOUS
10
1.6510566929133859
20
0.3896921653543307
11
1.6514010629921259
21
0.3904770078740157
0
LINE
8
BLACK
6
CONTINUOUS
10
1.6514010629921259
20
0.3904770078740157
11
1.6515533070866142
21
0.3905522440944882
0
LINE
8
BLACK
6
CONTINUOUS
10
1.6515533070866142
20
0.3905522440944882
11
1.6516381889763778
21
0.3906992913385827
0
LINE
8
BLACK
6
CONTINUOUS
10
1.6516381889763778
20
0.3906992913385827
11
1.6524434251968503
21
0.3909923622047244
0
LINE
8
BLACK
6
CONTINUOUS
10
1.6524434251968503
20
0.3909923622047244
11
1.653211653543307
21
0.3913722047244094
0
LINE
8
BLACK
6
CONTINUOUS
10
1.653211653543307
20
0.3913722047244094
11
1.6533765748031495
21
0.3913320078740157
0
LINE
8
BLACK
6
CONTINUOUS
10
1.6533765748031495
20
0.3913320078740157
11
1.6535361811023621
21
0.3913901181102362
0
LINE
8
BLACK
6
CONTINUOUS
10
1.6535361811023621
20
0.3913901181102362
11
1.6899535039370079
21
0.3913901181102362
0
LINE
8
BLACK
6
CONTINUOUS
10
1.6899535039370079
20
0.3913901181102362
11
1.6899535039370079
21
0.3996859448818897
0
LINE
8
BLACK
6
CONTINUOUS
10
1.6899535039370079
20
0.3996859448818897
11
1.6901315748031496
21
0.4006958661417322
0
LINE
8
BLACK
6
CONTINUOUS
10
1.6901315748031496
20
0.4006958661417322
11
1.6914298818897637
21
0.4022431102362204
0
LINE
8
BLACK
6
CONTINUOUS
10
1.6914298818897637
20
0.4022431102362204
11
1.6934190157480316
21
0.4025938582677165
0
LINE
8
BLACK
6
CONTINUOUS
10
1.6934190157480316
20
0.4025938582677165
11
1.6951681889763779
21
0.401583937007874
0
LINE
8
BLACK
6
CONTINUOUS
10
1.7701681889763778
20
0.401583937007874
11
1.7708590157480315
21
0.3996859448818897
0
LINE
8
BLACK
6
CONTINUOUS
10
1.7708590157480315
20
0.3996859448818897
11
1.7708590157480315
21
0.377188779527559
0
LINE
8
BLACK
6
CONTINUOUS
10
1.7708590157480315
20
0.377188779527559
11
1.7706809448818897
21
0.3761788582677165
0
LINE
8
BLACK
6
CONTINUOUS
10
1.7706809448818897
20
0.3761788582677165
11
1.7693826377952755
21
0.3746316141732283
0
LINE
8
BLACK
6
CONTINUOUS
10
1.7693826377952755
20
0.3746316141732283
11
1.7673935039370079
21
0.3742808661417323
0
LINE
8
BLACK
6
CONTINUOUS
10
1.7673935039370079
20
0.3742808661417323
11
1.7656443307086613
21
0.3752907874015748
0
LINE
8
BLACK
6
CONTINUOUS
10
1.7656443307086613
20
0.3752907874015748
11
1.7649535039370079
21
0.377188779527559
0
LINE
8
BLACK
6
CONTINUOUS
10
1.7649535039370079
20
0.377188779527559
11
1.7649535039370079
21
0.3854846062992126
0
LINE
8
BLACK
6
CONTINUOUS
10
1.7649535039370079
20
0.3854846062992126
11
1.7375395275590551
21
0.3854846062992126
0
LINE
8
BLACK
6
CONTINUOUS
10
1.7375395275590551
20
0.3854846062992126
11
1.7399979133858268
21
0.3830262204724409
0
LINE
8
BLACK
6
CONTINUOUS
10
1.7399979133858268
20
0.3830262204724409
11
1.7405042913385826
21
0.382303031496063
0
LINE
8
BLACK
6
CONTINUOUS
10
1.7405042913385826
20
0.382303031496063
11
1.7405510236220472
21
0.3822588188976378
0
LINE
8
BLACK
6
CONTINUOUS
10
1.7405510236220472
20
0.3822588188976378
11
1.7424257874015747
21
0.3785092913385827
0
LINE
8
BLACK
6
CONTINUOUS
10
1.7424257874015747
20
0.3785092913385827
11
1.7427181496062991
21
0.3775263779527559
0
LINE
8
BLACK
6
CONTINUOUS
10
1.7427181496062991
20
0.3775263779527559
11
1.7422488582677165
21
0.3755618503937008
0
LINE
8
BLACK
6
CONTINUOUS
10
1.7422488582677165
20
0.3755618503937008
11
1.7406265748031495
21
0.3743585433070866
0
LINE
8
BLACK
6
CONTINUOUS
10
1.7406265748031495
20
0.3743585433070866
11
1.738610433070866
21
0.3744796062992126
0
LINE
8
BLACK
6
CONTINUOUS
10
1.738610433070866
20
0.3744796062992126
11
1.7371437401574803
21
0.3758682677165354
0
LINE
8
BLACK
6
CONTINUOUS
10
1.7371437401574803
20
0.3758682677165354
11
1.7354832677165355
21
0.3791892125984252
0
LINE
8
BLACK
6
CONTINUOUS
10
1.7354832677165355
20
0.3791892125984252
11
1.7322792913385827
21
0.3823931496062992
0
LINE
8
BLACK
6
CONTINUOUS
10
1.7322792913385827
20
0.3823931496062992
11
1.7268982677165354
21
0.3859805118110236
0
LINE
8
BLACK
6
CONTINUOUS
10
1.7268982677165354
20
0.3859805118110236
11
1.7261567716535433
21
0.3866888976377953
0
LINE
8
BLACK
6
CONTINUOUS
10
1.7261567716535433
20
0.3866888976377953
11
1.7261090551181102
21
0.386851811023622
0
LINE
8
BLACK
6
CONTINUOUS
10
1.7261090551181102
20
0.386851811023622
11
1.7259790157480315
21
0.3869609842519685
0
LINE
8
BLACK
6
CONTINUOUS
10
1.7259790157480315
20
0.3869609842519685
11
1.7258301968503937
21
0.3878048818897638
0
LINE
8
BLACK
6
CONTINUOUS
10
1.7258301968503937
20
0.3878048818897638
11
1.7255895275590551
21
0.3886274015748031
0
LINE
8
BLACK
6
CONTINUOUS
10
1.7255895275590551
20
0.3886274015748031
11
1.725657716535433
21
0.388782874015748
0
LINE
8
BLACK
6
CONTINUOUS
10
1.725657716535433
20
0.388782874015748
11
1.7256282677165353
21
0.3889501181102362
0
LINE
8
BLACK
6
CONTINUOUS
10
1.7256282677165353
20
0.3889501181102362
11
1.7260566929133858
21
0.3896921653543307
0
LINE
8
BLACK
6
CONTINUOUS
10
1.7260566929133858
20
0.3896921653543307
11
1.726401062992126
21
0.3904770078740157
0
LINE
8
BLACK
6
CONTINUOUS
10
1.726401062992126
20
0.3904770078740157
11
1.7265533070866141
21
0.3905522440944882
0
LINE
8
BLACK
6
CONTINUOUS
10
1.7265533070866141
20
0.3905522440944882
11
1.726638188976378
21
0.3906992913385827
0
LINE
8
BLACK
6
CONTINUOUS
10
1.726638188976378
20
0.3906992913385827
11
1.7274434251968505
21
0.3909923622047244
0
LINE
8
BLACK
6
CONTINUOUS
10
1.7274434251968505
20
0.3909923622047244
11
1.728211653543307
21
0.3913722047244094
0
LINE
8
BLACK
6
CONTINUOUS
10
1.728211653543307
20
0.3913722047244094
11
1.7283765748031497
21
0.3913320078740157
0
LINE
8
BLACK
6
CONTINUOUS
10
1.7283765748031497
20
0.3913320078740157
11
1.7285361811023621
21
0.3913901181102362
0
LINE
8
BLACK
6
CONTINUOUS
10
1.7285361811023621
20
0.3913901181102362
11
1.7649535039370079
21
0.3913901181102362
0
LINE
8
BLACK
6
CONTINUOUS
10
1.7649535039370079
20
0.3913901181102362
11
1.7649535039370079
21
0.3996859448818897
0
LINE
8
BLACK
6
CONTINUOUS
10
1.7649535039370079
20
0.3996859448818897
11
1.7651315748031495
21
0.4006958661417322
0
LINE
8
BLACK
6
CONTINUOUS
10
1.7651315748031495
20
0.4006958661417322
11
1.7664298818897637
21
0.4022431102362204
0
LINE
8
BLACK
6
CONTINUOUS
10
1.7664298818897637
20
0.4022431102362204
11
1.7684190157480315
21
0.4025938582677165
0
LINE
8
BLACK
6
CONTINUOUS
10
1.7684190157480315
20
0.4025938582677165
11
1.7701681889763778
21
0.401583937007874
0
LINE
8
BLACK
6
CONTINUOUS
10
0.147570905511811
20
0.4629034251968504
11
0.1489008661417323
21
0.4626312992125984
0
LINE
8
BLACK
6
CONTINUOUS
10
0.1489008661417323
20
0.4626312992125984
11
0.1545251968503937
21
0.4598191338582677
0
LINE
8
BLACK
6
CONTINUOUS
10
0.1545251968503937
20
0.4598191338582677
11
0.1552365748031496
21
0.4591882677165354
0
LINE
8
BLACK
6
CONTINUOUS
10
0.1552365748031496
20
0.4591882677165354
11
0.15606
21
0.4587129133858268
0
LINE
8
BLACK
6
CONTINUOUS
10
0.15606
20
0.4587129133858268
11
0.158872125984252
21
0.4559007874015748
0
LINE
8
BLACK
6
CONTINUOUS
10
0.158872125984252
20
0.4559007874015748
11
0.1593475196850394
21
0.4550773228346456
0
LINE
8
BLACK
6
CONTINUOUS
10
0.1593475196850394
20
0.4550773228346456
11
0.1599783464566929
21
0.4543659842519685
0
LINE
8
BLACK
6
CONTINUOUS
10
0.1599783464566929
20
0.4543659842519685
11
0.1627905118110236
21
0.4487417322834645
0
LINE
8
BLACK
6
CONTINUOUS
10
0.1627905118110236
20
0.4487417322834645
11
0.1630626771653543
21
0.4474116929133858
0
LINE
8
BLACK
6
CONTINUOUS
10
0.1630626771653543
20
0.4474116929133858
11
0.1634139763779527
21
0.4461006692913386
0
LINE
8
BLACK
6
CONTINUOUS
10
0.1634139763779527
20
0.4461006692913386
11
0.1634139763779527
21
0.4404763779527559
0
LINE
8
BLACK
6
CONTINUOUS
10
0.1634139763779527
20
0.4404763779527559
11
0.163167874015748
21
0.4395579133858268
0
LINE
8
BLACK
6
CONTINUOUS
10
0.163167874015748
20
0.4395579133858268
11
0.163110905511811
21
0.4386088582677165
0
LINE
8
BLACK
6
CONTINUOUS
10
0.163110905511811
20
0.4386088582677165
11
0.1602987401574803
21
0.4301724409448819
0
LINE
8
BLACK
6
CONTINUOUS
10
0.1602987401574803
20
0.4301724409448819
11
0.1595508267716536
21
0.4290396456692913
0
LINE
8
BLACK
6
CONTINUOUS
10
0.1595508267716536
20
0.4290396456692913
11
0.158872125984252
21
0.427864094488189
0
LINE
8
BLACK
6
CONTINUOUS
10
0.158872125984252
20
0.427864094488189
11
0.1352076771653543
21
0.4041996456692913
0
LINE
8
BLACK
6
CONTINUOUS
10
0.1352076771653543
20
0.4041996456692913
11
0.1575084645669291
21
0.4041996456692913
0
LINE
8
BLACK
6
CONTINUOUS
10
0.1575084645669291
20
0.4041996456692913
11
0.1604612204724409
21
0.4034084645669291
0
LINE
8
BLACK
6
CONTINUOUS
10
0.1604612204724409
20
0.4034084645669291
11
0.1626227952755905
21
0.4012468897637795
0
LINE
8
BLACK
6
CONTINUOUS
10
0.1626227952755905
20
0.4012468897637795
11
0.1634139763779527
21
0.3982941338582677
0
LINE
8
BLACK
6
CONTINUOUS
10
0.1634139763779527
20
0.3982941338582677
11
0.1626227952755905
21
0.3953413779527559
0
LINE
8
BLACK
6
CONTINUOUS
10
0.1626227952755905
20
0.3953413779527559
11
0.1604612204724409
21
0.3931798031496063
0
LINE
8
BLACK
6
CONTINUOUS
10
0.1604612204724409
20
0.3931798031496063
11
0.1575084645669291
21
0.3923886220472441
0
LINE
8
BLACK
6
CONTINUOUS
10
0.1575084645669291
20
0.3923886220472441
11
0.1209505118110236
21
0.3923886220472441
0
LINE
8
BLACK
6
CONTINUOUS
10
0.1209505118110236
20
0.3923886220472441
11
0.1201995275590551
21
0.392589842519685
0
LINE
8
BLACK
6
CONTINUOUS
10
0.1201995275590551
20
0.392589842519685
11
0.1194220472440945
21
0.392589842519685
0
LINE
8
BLACK
6
CONTINUOUS
10
0.1194220472440945
20
0.392589842519685
11
0.1187487007874016
21
0.3929785433070866
0
LINE
8
BLACK
6
CONTINUOUS
10
0.1187487007874016
20
0.3929785433070866
11
0.1179977559055118
21
0.3931798031496063
0
LINE
8
BLACK
6
CONTINUOUS
10
0.1179977559055118
20
0.3931798031496063
11
0.1174479527559055
21
0.3937295669291339
0
LINE
8
BLACK
6
CONTINUOUS
10
0.1174479527559055
20
0.3937295669291339
11
0.1167746850393701
21
0.3941183070866142
0
LINE
8
BLACK
6
CONTINUOUS
10
0.1167746850393701
20
0.3941183070866142
11
0.1163859448818898
21
0.3947915748031496
0
LINE
8
BLACK
6
CONTINUOUS
10
0.1163859448818898
20
0.3947915748031496
11
0.1158361811023622
21
0.3953413779527559
0
LINE
8
BLACK
6
CONTINUOUS
10
0.1158361811023622
20
0.3953413779527559
11
0.1156349212598425
21
0.3960923228346457
0
LINE
8
BLACK
6
CONTINUOUS
10
0.1156349212598425
20
0.3960923228346457
11
0.1152462204724409
21
0.3967656692913386
0
LINE
8
BLACK
6
CONTINUOUS
10
0.1152462204724409
20
0.3967656692913386
11
0.1152462204724409
21
0.3975431496062992
0
LINE
8
BLACK
6
CONTINUOUS
10
0.1152462204724409
20
0.3975431496062992
11
0.115045
21
0.3982941338582677
0
LINE
8
BLACK
6
CONTINUOUS
10
0.115045
20
0.3982941338582677
11
0.1152462204724409
21
0.3990450787401575
0
LINE
8
BLACK
6
CONTINUOUS
10
0.1152462204724409
20
0.3990450787401575
11
0.1152462204724409
21
0.3998225984251969
0
LINE
8
BLACK
6
CONTINUOUS
10
0.1152462204724409
20
0.3998225984251969
11
0.1156349212598425
21
0.400495905511811
0
LINE
8
BLACK
6
CONTINUOUS
10
0.1156349212598425
20
0.400495905511811
11
0.1158361811023622
21
0.4012468897637795
0
LINE
8
BLACK
6
CONTINUOUS
10
0.1158361811023622
20
0.4012468897637795
11
0.1163859448818898
21
0.4017966535433071
0
LINE
8
BLACK
6
CONTINUOUS
10
0.1163859448818898
20
0.4017966535433071
11
0.1167746850393701
21
0.4024699606299212
0
LINE
8
BLACK
6
CONTINUOUS
10
0.1167746850393701
20
0.4024699606299212
11
0.1495346850393701
21
0.4352299606299213
0
LINE
8
BLACK
6
CONTINUOUS
10
0.1495346850393701
20
0.4352299606299213
11
0.1516029527559055
21
0.4414347244094488
0
LINE
8
BLACK
6
CONTINUOUS
10
0.1516029527559055
20
0.4414347244094488
11
0.1516029527559055
21
0.4447065354330709
0
LINE
8
BLACK
6
CONTINUOUS
10
0.1516029527559055
20
0.4447065354330709
11
0.1498428346456693
21
0.4482267322834645
0
LINE
8
BLACK
6
CONTINUOUS
10
0.1498428346456693
20
0.4482267322834645
11
0.1483859842519685
21
0.4496836220472441
0
LINE
8
BLACK
6
CONTINUOUS
10
0.1483859842519685
20
0.4496836220472441
11
0.1448657480314961
21
0.4514437401574803
0
LINE
8
BLACK
6
CONTINUOUS
10
0.1448657480314961
20
0.4514437401574803
11
0.1335932283464567
21
0.4514437401574803
0
LINE
8
BLACK
6
CONTINUOUS
10
0.1335932283464567
20
0.4514437401574803
11
0.1300729921259842
21
0.4496836220472441
0
LINE
8
BLACK
6
CONTINUOUS
10
0.1300729921259842
20
0.4496836220472441
11
0.1279385039370079
21
0.4475491338582677
0
LINE
8
BLACK
6
CONTINUOUS
10
0.1279385039370079
20
0.4475491338582677
11
0.1252911417322835
21
0.4460206692913385
0
LINE
8
BLACK
6
CONTINUOUS
10
0.1252911417322835
20
0.4460206692913385
11
0.1222342125984252
21
0.4460206692913385
0
LINE
8
BLACK
6
CONTINUOUS
10
0.1222342125984252
20
0.4460206692913385
11
0.1195868503937008
21
0.4475491338582677
0
LINE
8
BLACK
6
CONTINUOUS
10
0.1195868503937008
20
0.4475491338582677
11
0.1180583858267717
21
0.4501964960629921
0
LINE
8
BLACK
6
CONTINUOUS
10
0.1180583858267717
20
0.4501964960629921
11
0.1180583858267717
21
0.4532534251968504
0
LINE
8
BLACK
6
CONTINUOUS
10
0.1180583858267717
20
0.4532534251968504
11
0.1195868503937008
21
0.4559007874015748
0
LINE
8
BLACK
6
CONTINUOUS
10
0.1195868503937008
20
0.4559007874015748
11
0.1223989763779528
21
0.4587129133858268
0
LINE
8
BLACK
6
CONTINUOUS
10
0.1223989763779528
20
0.4587129133858268
11
0.1232223622047244
21
0.4591882677165354
0
LINE
8
BLACK
6
CONTINUOUS
10
0.1232223622047244
20
0.4591882677165354
11
0.123933779527559
21
0.4598191338582677
0
LINE
8
BLACK
6
CONTINUOUS
10
0.123933779527559
20
0.4598191338582677
11
0.1295581102362205
21
0.4626312992125984
0
LINE
8
BLACK
6
CONTINUOUS
10
0.1295581102362205
20
0.4626312992125984
11
0.130888031496063
21
0.4629034251968504
0
LINE
8
BLACK
6
CONTINUOUS
10
0.130888031496063
20
0.4629034251968504
11
0.1321991338582677
21
0.4632547637795276
0
LINE
8
BLACK
6
CONTINUOUS
10
0.1321991338582677
20
0.4632547637795276
11
0.146259842519685
21
0.4632547637795276
0
LINE
8
BLACK
6
CONTINUOUS
10
0.146259842519685
20
0.4632547637795276
11
0.147570905511811
21
0.4629034251968504
0
LINE
8
BLACK
6
CONTINUOUS
10
0.2010017322834646
20
0.4629034251968504
11
0.2023316929133858
21
0.4626312992125984
0
LINE
8
BLACK
6
CONTINUOUS
10
0.2023316929133858
20
0.4626312992125984
11
0.2079559842519685
21
0.4598191338582677
0
LINE
8
BLACK
6
CONTINUOUS
10
0.2079559842519685
20
0.4598191338582677
11
0.2086673228346457
21
0.4591883070866142
0
LINE
8
BLACK
6
CONTINUOUS
10
0.2086673228346457
20
0.4591883070866142
11
0.2094907480314961
21
0.4587129527559055
0
LINE
8
BLACK
6
CONTINUOUS
10
0.2094907480314961
20
0.4587129527559055
11
0.2123029133858268
21
0.4559008267716536
0
LINE
8
BLACK
6
CONTINUOUS
10
0.2123029133858268
20
0.4559008267716536
11
0.2127783070866142
21
0.4550773622047244
0
LINE
8
BLACK
6
CONTINUOUS
10
0.2127783070866142
20
0.4550773622047244
11
0.2134091732283465
21
0.4543659842519685
0
LINE
8
BLACK
6
CONTINUOUS
10
0.2134091732283465
20
0.4543659842519685
11
0.2162212992125984
21
0.4487416535433071
0
LINE
8
BLACK
6
CONTINUOUS
10
0.2162212992125984
20
0.4487416535433071
11
0.216351968503937
21
0.4481029133858268
0
LINE
8
BLACK
6
CONTINUOUS
10
0.216351968503937
20
0.4481029133858268
11
0.2166684251968504
21
0.4475329527559055
0
LINE
8
BLACK
6
CONTINUOUS
10
0.2166684251968504
20
0.4475329527559055
11
0.2194805905511811
21
0.4362843700787402
0
LINE
8
BLACK
6
CONTINUOUS
10
0.2194805905511811
20
0.4362843700787402
11
0.2194683070866142
21
0.4355558267716536
0
LINE
8
BLACK
6
CONTINUOUS
10
0.2194683070866142
20
0.4355558267716536
11
0.2196569291338583
21
0.4348520472440945
0
LINE
8
BLACK
6
CONTINUOUS
10
0.2196569291338583
20
0.4348520472440945
11
0.2196569291338583
21
0.4207913385826771
0
LINE
8
BLACK
6
CONTINUOUS
10
0.2196569291338583
20
0.4207913385826771
11
0.2194683070866142
21
0.4200875196850394
0
LINE
8
BLACK
6
CONTINUOUS
10
0.2194683070866142
20
0.4200875196850394
11
0.2194805905511811
21
0.4193590157480315
0
LINE
8
BLACK
6
CONTINUOUS
10
0.2194805905511811
20
0.4193590157480315
11
0.2166684251968504
21
0.4081104330708661
0
LINE
8
BLACK
6
CONTINUOUS
10
0.2166684251968504
20
0.4081104330708661
11
0.216351968503937
21
0.4075404330708661
0
LINE
8
BLACK
6
CONTINUOUS
10
0.216351968503937
20
0.4075404330708661
11
0.2162212992125984
21
0.4069017322834645
0
LINE
8
BLACK
6
CONTINUOUS
10
0.2162212992125984
20
0.4069017322834645
11
0.2134091732283465
21
0.4012774015748031
0
LINE
8
BLACK
6
CONTINUOUS
10
0.2134091732283465
20
0.4012774015748031
11
0.2127783070866142
21
0.4005659842519685
0
LINE
8
BLACK
6
CONTINUOUS
10
0.2127783070866142
20
0.4005659842519685
11
0.2123029133858268
21
0.3997425590551181
0
LINE
8
BLACK
6
CONTINUOUS
10
0.2123029133858268
20
0.3997425590551181
11
0.2094907480314961
21
0.3969304330708661
0
LINE
8
BLACK
6
CONTINUOUS
10
0.2094907480314961
20
0.3969304330708661
11
0.2086673228346457
21
0.3964550393700788
0
LINE
8
BLACK
6
CONTINUOUS
10
0.2086673228346457
20
0.3964550393700788
11
0.2079559842519685
21
0.3958242519685039
0
LINE
8
BLACK
6
CONTINUOUS
10
0.2079559842519685
20
0.3958242519685039
11
0.2023316929133858
21
0.3930120866141732
0
LINE
8
BLACK
6
CONTINUOUS
10
0.2023316929133858
20
0.3930120866141732
11
0.2010017322834646
21
0.3927399212598425
0
LINE
8
BLACK
6
CONTINUOUS
10
0.2010017322834646
20
0.3927399212598425
11
0.1996906692913386
21
0.3923886220472441
0
LINE
8
BLACK
6
CONTINUOUS
10
0.1996906692913386
20
0.3923886220472441
11
0.1940663779527559
21
0.3923886220472441
0
LINE
8
BLACK
6
CONTINUOUS
10
0.1940663779527559
20
0.3923886220472441
11
0.1927553149606299
21
0.3927398818897638
0
LINE
8
BLACK
6
CONTINUOUS
10
0.1927553149606299
20
0.3927398818897638
11
0.1914253149606299
21
0.3930120866141732
0
LINE
8
BLACK
6
CONTINUOUS
10
0.1914253149606299
20
0.3930120866141732
11
0.185801062992126
21
0.3958242519685039
0
LINE
8
BLACK
6
CONTINUOUS
10
0.185801062992126
20
0.3958242519685039
11
0.1850896850393701
21
0.3964550393700788
0
LINE
8
BLACK
6
CONTINUOUS
10
0.1850896850393701
20
0.3964550393700788
11
0.1842662992125984
21
0.3969304330708661
0
LINE
8
BLACK
6
CONTINUOUS
10
0.1842662992125984
20
0.3969304330708661
11
0.1814541338582677
21
0.3997425590551181
0
LINE
8
BLACK
6
CONTINUOUS
10
0.1814541338582677
20
0.3997425590551181
11
0.1809786614173228
21
0.4005660236220472
0
LINE
8
BLACK
6
CONTINUOUS
10
0.1809786614173228
20
0.4005660236220472
11
0.180347874015748
21
0.4012774015748031
0
LINE
8
BLACK
6
CONTINUOUS
10
0.180347874015748
20
0.4012774015748031
11
0.1775357086614173
21
0.4069016929133858
0
LINE
8
BLACK
6
CONTINUOUS
10
0.1775357086614173
20
0.4069016929133858
11
0.1774049606299213
21
0.4075404330708661
0
LINE
8
BLACK
6
CONTINUOUS
10
0.1774049606299213
20
0.4075404330708661
11
0.1770885826771653
21
0.4081104330708661
0
LINE
8
BLACK
6
CONTINUOUS
10
0.1770885826771653
20
0.4081104330708661
11
0.1742764566929134
21
0.4193590551181102
0
LINE
8
BLACK
6
CONTINUOUS
10
0.1742764566929134
20
0.4193590551181102
11
0.1742887007874016
21
0.4200874803149606
0
LINE
8
BLACK
6
CONTINUOUS
10
0.1742887007874016
20
0.4200874803149606
11
0.1741001181102362
21
0.4207913385826771
0
LINE
8
BLACK
6
CONTINUOUS
10
0.1741001181102362
20
0.4207913385826771
11
0.1741001181102362
21
0.4348520472440945
0
LINE
8
BLACK
6
CONTINUOUS
10
0.1741001181102362
20
0.4348520472440945
11
0.1742887007874016
21
0.4355558661417323
0
LINE
8
BLACK
6
CONTINUOUS
10
0.1742887007874016
20
0.4355558661417323
11
0.1742764566929134
21
0.4362843307086614
0
LINE
8
BLACK
6
CONTINUOUS
10
0.1742764566929134
20
0.4362843307086614
11
0.1770885826771653
21
0.4475329527559055
0
LINE
8
BLACK
6
CONTINUOUS
10
0.1770885826771653
20
0.4475329527559055
11
0.1774049606299213
21
0.4481029133858268
0
LINE
8
BLACK
6
CONTINUOUS
10
0.1774049606299213
20
0.4481029133858268
11
0.1775357086614173
21
0.4487416929133858
0
LINE
8
BLACK
6
CONTINUOUS
10
0.1775357086614173
20
0.4487416929133858
11
0.180347874015748
21
0.4543659842519685
0
LINE
8
BLACK
6
CONTINUOUS
10
0.180347874015748
20
0.4543659842519685
11
0.1809786614173228
21
0.4550773228346456
0
LINE
8
BLACK
6
CONTINUOUS
10
0.1809786614173228
20
0.4550773228346456
11
0.1814541338582677
21
0.4559008267716536
0
LINE
8
BLACK
6
CONTINUOUS
10
0.1814541338582677
20
0.4559008267716536
11
0.1842662992125984
21
0.4587129527559055
0
LINE
8
BLACK
6
CONTINUOUS
10
0.1842662992125984
20
0.4587129527559055
11
0.1850896850393701
21
0.4591883070866142
0
LINE
8
BLACK
6
CONTINUOUS
10
0.1850896850393701
20
0.4591883070866142
11
0.185801062992126
21
0.4598191338582677
0
LINE
8
BLACK
6
CONTINUOUS
10
0.185801062992126
20
0.4598191338582677
11
0.1914253149606299
21
0.4626312992125984
0
LINE
8
BLACK
6
CONTINUOUS
10
0.1914253149606299
20
0.4626312992125984
11
0.1927553149606299
21
0.4629034645669291
0
LINE
8
BLACK
6
CONTINUOUS
10
0.1927553149606299
20
0.4629034645669291
11
0.1940663779527559
21
0.4632547637795276
0
LINE
8
BLACK
6
CONTINUOUS
10
0.1940663779527559
20
0.4632547637795276
11
0.1996906692913386
21
0.4632547637795276
0
LINE
8
BLACK
6
CONTINUOUS
10
0.1996906692913386
20
0.4632547637795276
11
0.2010017322834646
21
0.4629034251968504
0
LINE
8
BLACK
6
CONTINUOUS
10
0.1919402362204724
20
0.4496835826771653
11
0.1904833858267717
21
0.4482267716535433
0
LINE
8
BLACK
6
CONTINUOUS
10
0.1904833858267717
20
0.4482267716535433
11
0.1883896456692913
21
0.4440393700787402
0
LINE
8
BLACK
6
CONTINUOUS
10
0.1883896456692913
20
0.4440393700787402
11
0.1859111417322835
21
0.4341251181102362
0
LINE
8
BLACK
6
CONTINUOUS
10
0.1859111417322835
20
0.4341251181102362
11
0.1859111417322835
21
0.4215182283464567
0
LINE
8
BLACK
6
CONTINUOUS
10
0.1859111417322835
20
0.4215182283464567
11
0.1883896456692913
21
0.4116039763779528
0
LINE
8
BLACK
6
CONTINUOUS
10
0.1883896456692913
20
0.4116039763779528
11
0.1904833858267717
21
0.4074165748031496
0
LINE
8
BLACK
6
CONTINUOUS
10
0.1904833858267717
20
0.4074165748031496
11
0.1919402362204724
21
0.4059597637795275
0
LINE
8
BLACK
6
CONTINUOUS
10
0.1919402362204724
20
0.4059597637795275
11
0.1954604724409449
21
0.4041996456692913
0
LINE
8
BLACK
6
CONTINUOUS
10
0.1954604724409449
20
0.4041996456692913
11
0.1982965748031496
21
0.4041996456692913
0
LINE
8
BLACK
6
CONTINUOUS
10
0.1982965748031496
20
0.4041996456692913
11
0.201816811023622
21
0.4059597637795275
0
LINE
8
BLACK
6
CONTINUOUS
10
0.201816811023622
20
0.4059597637795275
11
0.2032736614173228
21
0.4074166141732283
0
LINE
8
BLACK
6
CONTINUOUS
10
0.2032736614173228
20
0.4074166141732283
11
0.2053672834645669
21
0.411603937007874
0
LINE
8
BLACK
6
CONTINUOUS
10
0.2053672834645669
20
0.411603937007874
11
0.207845905511811
21
0.4215182677165354
0
LINE
8
BLACK
6
CONTINUOUS
10
0.207845905511811
20
0.4215182677165354
11
0.207845905511811
21
0.4341250787401575
0
LINE
8
BLACK
6
CONTINUOUS
10
0.207845905511811
20
0.4341250787401575
11
0.2053672834645669
21
0.4440394094488189
0
LINE
8
BLACK
6
CONTINUOUS
10
0.2053672834645669
20
0.4440394094488189
11
0.2032736614173228
21
0.4482267322834645
0
LINE
8
BLACK
6
CONTINUOUS
10
0.2032736614173228
20
0.4482267322834645
11
0.201816811023622
21
0.4496835826771653
0
LINE
8
BLACK
6
CONTINUOUS
10
0.201816811023622
20
0.4496835826771653
11
0.1982965748031496
21
0.4514437401574803
0
LINE
8
BLACK
6
CONTINUOUS
10
0.1982965748031496
20
0.4514437401574803
11
0.1954604724409449
21
0.4514437401574803
0
LINE
8
BLACK
6
CONTINUOUS
10
0.1954604724409449
20
0.4514437401574803
11
0.1919402362204724
21
0.4496835826771653
0
LINE
8
BLACK
6
CONTINUOUS
10
0.2533099606299212
20
0.4632042125984252
11
0.2535015354330709
21
0.4632425590551181
0
LINE
8
BLACK
6
CONTINUOUS
10
0.2535015354330709
20
0.4632425590551181
11
0.2547756692913386
21
0.4628114960629921
0
LINE
8
BLACK
6
CONTINUOUS
10
0.2547756692913386
20
0.4628114960629921
11
0.2560742125984252
21
0.4624635826771654
0
LINE
8
BLACK
6
CONTINUOUS
10
0.2560742125984252
20
0.4624635826771654
11
0.2562122440944882
21
0.4623255118110236
0
LINE
8
BLACK
6
CONTINUOUS
10
0.2562122440944882
20
0.4623255118110236
11
0.2563972440944882
21
0.4622629527559055
0
LINE
8
BLACK
6
CONTINUOUS
10
0.2563972440944882
20
0.4622629527559055
11
0.2572851181102362
21
0.4612526377952756
0
LINE
8
BLACK
6
CONTINUOUS
10
0.2572851181102362
20
0.4612526377952756
11
0.2582357874015748
21
0.4603020078740158
0
LINE
8
BLACK
6
CONTINUOUS
10
0.2582357874015748
20
0.4603020078740158
11
0.2582862992125984
21
0.4601134645669291
0
LINE
8
BLACK
6
CONTINUOUS
10
0.2582862992125984
20
0.4601134645669291
11
0.2584152362204724
21
0.4599667716535433
0
LINE
8
BLACK
6
CONTINUOUS
10
0.2584152362204724
20
0.4599667716535433
11
0.2586789763779527
21
0.458647874015748
0
LINE
8
BLACK
6
CONTINUOUS
10
0.2586789763779527
20
0.458647874015748
11
0.259026968503937
21
0.4573492519685039
0
LINE
8
BLACK
6
CONTINUOUS
10
0.259026968503937
20
0.4573492519685039
11
0.259026968503937
21
0.4041996456692913
0
LINE
8
BLACK
6
CONTINUOUS
10
0.259026968503937
20
0.4041996456692913
11
0.2699943700787402
21
0.4041996456692913
0
LINE
8
BLACK
6
CONTINUOUS
10
0.2699943700787402
20
0.4041996456692913
11
0.272947125984252
21
0.4034084645669291
0
LINE
8
BLACK
6
CONTINUOUS
10
0.272947125984252
20
0.4034084645669291
11
0.2751087007874016
21
0.4012468897637795
0
LINE
8
BLACK
6
CONTINUOUS
10
0.2751087007874016
20
0.4012468897637795
11
0.2758998818897638
21
0.3982941338582677
0
LINE
8
BLACK
6
CONTINUOUS
10
0.2758998818897638
20
0.3982941338582677
11
0.2751087007874016
21
0.3953413779527559
0
LINE
8
BLACK
6
CONTINUOUS
10
0.2751087007874016
20
0.3953413779527559
11
0.272947125984252
21
0.3931798031496063
0
LINE
8
BLACK
6
CONTINUOUS
10
0.272947125984252
20
0.3931798031496063
11
0.2699943700787402
21
0.3923886220472441
0
LINE
8
BLACK
6
CONTINUOUS
10
0.2699943700787402
20
0.3923886220472441
11
0.2531214566929134
21
0.3923886220472441
0
LINE
8
BLACK
6
CONTINUOUS
10
0.2531214566929134
20
0.3923886220472441
11
0.2362485826771653
21
0.3923886220472441
0
LINE
8
BLACK
6
CONTINUOUS
10
0.2362485826771653
20
0.3923886220472441
11
0.2332958267716535
21
0.3931798031496063
0
LINE
8
BLACK
6
CONTINUOUS
10
0.2332958267716535
20
0.3931798031496063
11
0.2311342519685039
21
0.3953413779527559
0
LINE
8
BLACK
6
CONTINUOUS
10
0.2311342519685039
20
0.3953413779527559
11
0.2303430708661417
21
0.3982941338582677
0
LINE
8
BLACK
6
CONTINUOUS
10
0.2303430708661417
20
0.3982941338582677
11
0.2311342519685039
21
0.4012468897637795
0
LINE
8
BLACK
6
CONTINUOUS
10
0.2311342519685039
20
0.4012468897637795
11
0.2332958267716535
21
0.4034084645669291
0
LINE
8
BLACK
6
CONTINUOUS
10
0.2332958267716535
20
0.4034084645669291
11
0.2362485826771653
21
0.4041996456692913
0
LINE
8
BLACK
6
CONTINUOUS
10
0.2362485826771653
20
0.4041996456692913
11
0.2472159448818897
21
0.4041996456692913
0
LINE
8
BLACK
6
CONTINUOUS
10
0.2472159448818897
20
0.4041996456692913
11
0.2472159448818897
21
0.4402799212598425
0
LINE
8
BLACK
6
CONTINUOUS
10
0.2472159448818897
20
0.4402799212598425
11
0.2460487007874016
21
0.4391126771653543
0
LINE
8
BLACK
6
CONTINUOUS
10
0.2460487007874016
20
0.4391126771653543
11
0.2452252755905512
21
0.4386372834645669
0
LINE
8
BLACK
6
CONTINUOUS
10
0.2452252755905512
20
0.4386372834645669
11
0.2445138976377953
21
0.4380064566929134
0
LINE
8
BLACK
6
CONTINUOUS
10
0.2445138976377953
20
0.4380064566929134
11
0.2388896062992126
21
0.4351943307086614
0
LINE
8
BLACK
6
CONTINUOUS
10
0.2388896062992126
20
0.4351943307086614
11
0.2358947244094488
21
0.4345814566929134
0
LINE
8
BLACK
6
CONTINUOUS
10
0.2358947244094488
20
0.4345814566929134
11
0.2329946850393701
21
0.4355481496062992
0
LINE
8
BLACK
6
CONTINUOUS
10
0.2329946850393701
20
0.4355481496062992
11
0.2309665354330709
21
0.4378353543307086
0
LINE
8
BLACK
6
CONTINUOUS
10
0.2309665354330709
20
0.4378353543307086
11
0.2303536614173228
21
0.4408302362204724
0
LINE
8
BLACK
6
CONTINUOUS
10
0.2303536614173228
20
0.4408302362204724
11
0.2313203543307087
21
0.4437302755905512
0
LINE
8
BLACK
6
CONTINUOUS
10
0.2313203543307087
20
0.4437302755905512
11
0.2336075590551181
21
0.4457584251968504
0
LINE
8
BLACK
6
CONTINUOUS
10
0.2336075590551181
20
0.4457584251968504
11
0.2383746456692913
21
0.4481419291338583
0
LINE
8
BLACK
6
CONTINUOUS
10
0.2383746456692913
20
0.4481419291338583
11
0.2429077952755905
21
0.4526750787401574
0
LINE
8
BLACK
6
CONTINUOUS
10
0.2429077952755905
20
0.4526750787401574
11
0.2482077952755906
21
0.4606250393700787
0
LINE
8
BLACK
6
CONTINUOUS
10
0.2482077952755906
20
0.4606250393700787
11
0.2492177559055118
21
0.4615126377952756
0
LINE
8
BLACK
6
CONTINUOUS
10
0.2492177559055118
20
0.4615126377952756
11
0.2501687007874016
21
0.4624635826771654
0
LINE
8
BLACK
6
CONTINUOUS
10
0.2501687007874016
20
0.4624635826771654
11
0.2503572834645669
21
0.462514094488189
0
LINE
8
BLACK
6
CONTINUOUS
10
0.2503572834645669
20
0.462514094488189
11
0.2505039763779527
21
0.462643031496063
0
LINE
8
BLACK
6
CONTINUOUS
10
0.2505039763779527
20
0.462643031496063
11
0.2518229133858267
21
0.462906811023622
0
LINE
8
BLACK
6
CONTINUOUS
10
0.2518229133858267
20
0.462906811023622
11
0.2531214566929134
21
0.4632547637795276
0
LINE
8
BLACK
6
CONTINUOUS
10
0.2531214566929134
20
0.4632547637795276
11
0.2533099606299212
21
0.4632042125984252
0
LINE
8
BLACK
6
CONTINUOUS
10
0.3162997637795276
20
0.4629034251968504
11
0.3176297244094488
21
0.4626312992125984
0
LINE
8
BLACK
6
CONTINUOUS
10
0.3176297244094488
20
0.4626312992125984
11
0.3232540551181102
21
0.4598191338582677
0
LINE
8
BLACK
6
CONTINUOUS
10
0.3232540551181102
20
0.4598191338582677
11
0.3239654330708661
21
0.4591882677165354
0
LINE
8
BLACK
6
CONTINUOUS
10
0.3239654330708661
20
0.4591882677165354
11
0.3247888582677165
21
0.4587129133858268
0
LINE
8
BLACK
6
CONTINUOUS
10
0.3247888582677165
20
0.4587129133858268
11
0.3276009842519685
21
0.4559007874015748
0
LINE
8
BLACK
6
CONTINUOUS
10
0.3276009842519685
20
0.4559007874015748
11
0.3280763779527559
21
0.4550773228346456
0
LINE
8
BLACK
6
CONTINUOUS
10
0.3280763779527559
20
0.4550773228346456
11
0.3287072047244095
21
0.4543659842519685
0
LINE
8
BLACK
6
CONTINUOUS
10
0.3287072047244095
20
0.4543659842519685
11
0.3315193700787402
21
0.4487417322834645
0
LINE
8
BLACK
6
CONTINUOUS
10
0.3315193700787402
20
0.4487417322834645
11
0.3317915354330709
21
0.4474116929133858
0
LINE
8
BLACK
6
CONTINUOUS
10
0.3317915354330709
20
0.4474116929133858
11
0.3321428346456693
21
0.4461006692913386
0
LINE
8
BLACK
6
CONTINUOUS
10
0.3321428346456693
20
0.4461006692913386
11
0.3321428346456693
21
0.4432885039370079
0
LINE
8
BLACK
6
CONTINUOUS
10
0.3321428346456693
20
0.4432885039370079
11
0.3317915354330709
21
0.4419774409448819
0
LINE
8
BLACK
6
CONTINUOUS
10
0.3317915354330709
20
0.4419774409448819
11
0.3315193700787402
21
0.4406474409448819
0
LINE
8
BLACK
6
CONTINUOUS
10
0.3315193700787402
20
0.4406474409448819
11
0.3287072047244095
21
0.4350231889763779
0
LINE
8
BLACK
6
CONTINUOUS
10
0.3287072047244095
20
0.4350231889763779
11
0.3280763779527559
21
0.434311811023622
0
LINE
8
BLACK
6
CONTINUOUS
10
0.3280763779527559
20
0.434311811023622
11
0.3276010236220472
21
0.4334884251968504
0
LINE
8
BLACK
6
CONTINUOUS
10
0.3276010236220472
20
0.4334884251968504
11
0.3261525196850394
21
0.4320398818897638
0
LINE
8
BLACK
6
CONTINUOUS
10
0.3261525196850394
20
0.4320398818897638
11
0.3276009842519685
21
0.4305914566929134
0
LINE
8
BLACK
6
CONTINUOUS
10
0.3276009842519685
20
0.4305914566929134
11
0.3280763779527559
21
0.4297679921259843
0
LINE
8
BLACK
6
CONTINUOUS
10
0.3280763779527559
20
0.4297679921259843
11
0.3287072047244095
21
0.4290566535433071
0
LINE
8
BLACK
6
CONTINUOUS
10
0.3287072047244095
20
0.4290566535433071
11
0.3315193700787402
21
0.4234324015748032
0
LINE
8
BLACK
6
CONTINUOUS
10
0.3315193700787402
20
0.4234324015748032
11
0.3317915354330709
21
0.4221023622047244
0
LINE
8
BLACK
6
CONTINUOUS
10
0.3317915354330709
20
0.4221023622047244
11
0.3321428346456693
21
0.4207913385826771
0
LINE
8
BLACK
6
CONTINUOUS
10
0.3321428346456693
20
0.4207913385826771
11
0.3321428346456693
21
0.4095427165354331
0
LINE
8
BLACK
6
CONTINUOUS
10
0.3321428346456693
20
0.4095427165354331
11
0.3317915354330709
21
0.4082316535433071
0
LINE
8
BLACK
6
CONTINUOUS
10
0.3317915354330709
20
0.4082316535433071
11
0.3315193700787402
21
0.4069016535433071
0
LINE
8
BLACK
6
CONTINUOUS
10
0.3315193700787402
20
0.4069016535433071
11
0.3287072047244095
21
0.4012774015748031
0
LINE
8
BLACK
6
CONTINUOUS
10
0.3287072047244095
20
0.4012774015748031
11
0.3280763779527559
21
0.4005660236220472
0
LINE
8
BLACK
6
CONTINUOUS
10
0.3280763779527559
20
0.4005660236220472
11
0.3276009842519685
21
0.3997425984251968
0
LINE
8
BLACK
6
CONTINUOUS
10
0.3276009842519685
20
0.3997425984251968
11
0.3247888582677165
21
0.3969304724409449
0
LINE
8
BLACK
6
CONTINUOUS
10
0.3247888582677165
20
0.3969304724409449
11
0.3239654330708661
21
0.3964550787401575
0
LINE
8
BLACK
6
CONTINUOUS
10
0.3239654330708661
20
0.3964550787401575
11
0.3232540551181102
21
0.3958242519685039
0
LINE
8
BLACK
6
CONTINUOUS
10
0.3232540551181102
20
0.3958242519685039
11
0.3176297244094488
21
0.3930120866141732
0
LINE
8
BLACK
6
CONTINUOUS
10
0.3176297244094488
20
0.3930120866141732
11
0.3162997637795276
21
0.3927399212598425
0
LINE
8
BLACK
6
CONTINUOUS
10
0.3162997637795276
20
0.3927399212598425
11
0.3149887007874015
21
0.3923886220472441
0
LINE
8
BLACK
6
CONTINUOUS
10
0.3149887007874015
20
0.3923886220472441
11
0.3037401181102362
21
0.3923886220472441
0
LINE
8
BLACK
6
CONTINUOUS
10
0.3037401181102362
20
0.3923886220472441
11
0.3024290551181102
21
0.3927398818897638
0
LINE
8
BLACK
6
CONTINUOUS
10
0.3024290551181102
20
0.3927398818897638
11
0.3010990551181102
21
0.3930120866141732
0
LINE
8
BLACK
6
CONTINUOUS
10
0.3010990551181102
20
0.3930120866141732
11
0.2954748031496063
21
0.3958242519685039
0
LINE
8
BLACK
6
CONTINUOUS
10
0.2954748031496063
20
0.3958242519685039
11
0.2947634251968504
21
0.3964550393700788
0
LINE
8
BLACK
6
CONTINUOUS
10
0.2947634251968504
20
0.3964550393700788
11
0.2939400393700787
21
0.3969304330708661
0
LINE
8
BLACK
6
CONTINUOUS
10
0.2939400393700787
20
0.3969304330708661
11
0.291127874015748
21
0.3997425590551181
0
LINE
8
BLACK
6
CONTINUOUS
10
0.291127874015748
20
0.3997425590551181
11
0.2906524409448819
21
0.4005659842519685
0
LINE
8
BLACK
6
CONTINUOUS
10
0.2906524409448819
20
0.4005659842519685
11
0.2900216141732284
21
0.4012774015748031
0
LINE
8
BLACK
6
CONTINUOUS
10
0.2900216141732284
20
0.4012774015748031
11
0.2872094881889763
21
0.4069016929133858
0
LINE
8
BLACK
6
CONTINUOUS
10
0.2872094881889763
20
0.4069016929133858
11
0.2869373228346457
21
0.4082315354330708
0
LINE
8
BLACK
6
CONTINUOUS
10
0.2869373228346457
20
0.4082315354330708
11
0.2865860236220472
21
0.4095427165354331
0
LINE
8
BLACK
6
CONTINUOUS
10
0.2865860236220472
20
0.4095427165354331
11
0.2865860236220472
21
0.4207913385826771
0
LINE
8
BLACK
6
CONTINUOUS
10
0.2865860236220472
20
0.4207913385826771
11
0.2869373228346457
21
0.4221024803149606
0
LINE
8
BLACK
6
CONTINUOUS
10
0.2869373228346457
20
0.4221024803149606
11
0.2872094881889763
21
0.4234323622047244
0
LINE
8
BLACK
6
CONTINUOUS
10
0.2872094881889763
20
0.4234323622047244
11
0.2900216141732284
21
0.4290566535433071
0
LINE
8
BLACK
6
CONTINUOUS
10
0.2900216141732284
20
0.4290566535433071
11
0.2906524409448819
21
0.429768031496063
0
LINE
8
BLACK
6
CONTINUOUS
10
0.2906524409448819
20
0.429768031496063
11
0.291127874015748
21
0.4305914960629921
0
LINE
8
BLACK
6
CONTINUOUS
10
0.291127874015748
20
0.4305914960629921
11
0.2925762992125984
21
0.4320398818897638
0
LINE
8
BLACK
6
CONTINUOUS
10
0.2925762992125984
20
0.4320398818897638
11
0.2911278346456693
21
0.4334883858267716
0
LINE
8
BLACK
6
CONTINUOUS
10
0.2911278346456693
20
0.4334883858267716
11
0.2906524409448819
21
0.4343117716535433
0
LINE
8
BLACK
6
CONTINUOUS
10
0.2906524409448819
20
0.4343117716535433
11
0.2900216141732284
21
0.4350231889763779
0
LINE
8
BLACK
6
CONTINUOUS
10
0.2900216141732284
20
0.4350231889763779
11
0.2872094881889763
21
0.4406474803149606
0
LINE
8
BLACK
6
CONTINUOUS
10
0.2872094881889763
20
0.4406474803149606
11
0.2869373228346457
21
0.4419773228346456
0
LINE
8
BLACK
6
CONTINUOUS
10
0.2869373228346457
20
0.4419773228346456
11
0.2865860236220472
21
0.4432885039370079
0
LINE
8
BLACK
6
CONTINUOUS
10
0.2865860236220472
20
0.4432885039370079
11
0.2865860236220472
21
0.4461006692913386
0
LINE
8
BLACK
6
CONTINUOUS
10
0.2865860236220472
20
0.4461006692913386
11
0.2869373228346457
21
0.447411811023622
0
LINE
8
BLACK
6
CONTINUOUS
10
0.2869373228346457
20
0.447411811023622
11
0.2872094881889763
21
0.4487416929133858
0
LINE
8
BLACK
6
CONTINUOUS
10
0.2872094881889763
20
0.4487416929133858
11
0.2900216141732284
21
0.4543659842519685
0
LINE
8
BLACK
6
CONTINUOUS
10
0.2900216141732284
20
0.4543659842519685
11
0.2906524409448819
21
0.4550773622047244
0
LINE
8
BLACK
6
CONTINUOUS
10
0.2906524409448819
20
0.4550773622047244
11
0.291127874015748
21
0.4559008267716536
0
LINE
8
BLACK
6
CONTINUOUS
10
0.291127874015748
20
0.4559008267716536
11
0.2939400393700787
21
0.4587129527559055
0
LINE
8
BLACK
6
CONTINUOUS
10
0.2939400393700787
20
0.4587129527559055
11
0.2947634251968504
21
0.4591883070866142
0
LINE
8
BLACK
6
CONTINUOUS
10
0.2947634251968504
20
0.4591883070866142
11
0.2954748031496063
21
0.4598191338582677
0
LINE
8
BLACK
6
CONTINUOUS
10
0.2954748031496063
20
0.4598191338582677
11
0.3010990551181102
21
0.4626312992125984
0
LINE
8
BLACK
6
CONTINUOUS
10
0.3010990551181102
20
0.4626312992125984
11
0.3024290551181102
21
0.4629034645669291
0
LINE
8
BLACK
6
CONTINUOUS
10
0.3024290551181102
20
0.4629034645669291
11
0.3037401181102362
21
0.4632547637795276
0
LINE
8
BLACK
6
CONTINUOUS
10
0.3037401181102362
20
0.4632547637795276
11
0.3149887007874015
21
0.4632547637795276
0
LINE
8
BLACK
6
CONTINUOUS
10
0.3149887007874015
20
0.4632547637795276
11
0.3162997637795276
21
0.4629034251968504
0
LINE
8
BLACK
6
CONTINUOUS
10
0.3016139763779527
20
0.4243742519685039
11
0.3001570866141732
21
0.4229173622047244
0
LINE
8
BLACK
6
CONTINUOUS
10
0.3001570866141732
20
0.4229173622047244
11
0.2983970472440945
21
0.4193972440944882
0
LINE
8
BLACK
6
CONTINUOUS
10
0.2983970472440945
20
0.4193972440944882
11
0.2983970472440945
21
0.4109367716535433
0
LINE
8
BLACK
6
CONTINUOUS
10
0.2983970472440945
20
0.4109367716535433
11
0.3001570866141732
21
0.4074166535433071
0
LINE
8
BLACK
6
CONTINUOUS
10
0.3001570866141732
20
0.4074166535433071
11
0.3016139763779527
21
0.4059597637795275
0
LINE
8
BLACK
6
CONTINUOUS
10
0.3016139763779527
20
0.4059597637795275
11
0.3051342125984252
21
0.4041996456692913
0
LINE
8
BLACK
6
CONTINUOUS
10
0.3051342125984252
20
0.4041996456692913
11
0.3135946062992126
21
0.4041996456692913
0
LINE
8
BLACK
6
CONTINUOUS
10
0.3135946062992126
20
0.4041996456692913
11
0.317114842519685
21
0.4059597637795275
0
LINE
8
BLACK
6
CONTINUOUS
10
0.317114842519685
20
0.4059597637795275
11
0.3185716929133858
21
0.4074166141732283
0
LINE
8
BLACK
6
CONTINUOUS
10
0.3185716929133858
20
0.4074166141732283
11
0.320331811023622
21
0.4109368110236221
0
LINE
8
BLACK
6
CONTINUOUS
10
0.320331811023622
20
0.4109368110236221
11
0.320331811023622
21
0.4193972047244094
0
LINE
8
BLACK
6
CONTINUOUS
10
0.320331811023622
20
0.4193972047244094
11
0.3185716929133858
21
0.4229174015748031
0
LINE
8
BLACK
6
CONTINUOUS
10
0.3185716929133858
20
0.4229174015748031
11
0.317114842519685
21
0.4243742913385827
0
LINE
8
BLACK
6
CONTINUOUS
10
0.317114842519685
20
0.4243742913385827
11
0.3135946062992126
21
0.4261344094488189
0
LINE
8
BLACK
6
CONTINUOUS
10
0.3135946062992126
20
0.4261344094488189
11
0.3051342125984252
21
0.4261344094488189
0
LINE
8
BLACK
6
CONTINUOUS
10
0.3051342125984252
20
0.4261344094488189
11
0.3016139763779527
21
0.4243742519685039
0
LINE
8
BLACK
6
CONTINUOUS
10
0.3016139763779527
20
0.4496835826771653
11
0.3001570866141732
21
0.4482266929133858
0
LINE
8
BLACK
6
CONTINUOUS
10
0.3001570866141732
20
0.4482266929133858
11
0.2983970472440945
21
0.4447065748031496
0
LINE
8
BLACK
6
CONTINUOUS
10
0.2983970472440945
20
0.4447065748031496
11
0.2983970472440945
21
0.4446825590551181
0
LINE
8
BLACK
6
CONTINUOUS
10
0.2983970472440945
20
0.4446825590551181
11
0.3001570866141732
21
0.4411624015748031
0
LINE
8
BLACK
6
CONTINUOUS
10
0.3001570866141732
20
0.4411624015748031
11
0.3016139763779527
21
0.4397055118110236
0
LINE
8
BLACK
6
CONTINUOUS
10
0.3016139763779527
20
0.4397055118110236
11
0.3051342125984252
21
0.4379454330708661
0
LINE
8
BLACK
6
CONTINUOUS
10
0.3051342125984252
20
0.4379454330708661
11
0.3135946456692913
21
0.4379454330708661
0
LINE
8
BLACK
6
CONTINUOUS
10
0.3135946456692913
20
0.4379454330708661
11
0.317114842519685
21
0.4397055118110236
0
LINE
8
BLACK
6
CONTINUOUS
10
0.317114842519685
20
0.4397055118110236
11
0.3185716535433071
21
0.4411623622047244
0
LINE
8
BLACK
6
CONTINUOUS
10
0.3185716535433071
20
0.4411623622047244
11
0.320331811023622
21
0.4446825984251969
0
LINE
8
BLACK
6
CONTINUOUS
10
0.320331811023622
20
0.4446825984251969
11
0.320331811023622
21
0.4447065354330709
0
LINE
8
BLACK
6
CONTINUOUS
10
0.320331811023622
20
0.4447065354330709
11
0.3185716929133858
21
0.4482267322834645
0
LINE
8
BLACK
6
CONTINUOUS
10
0.3185716929133858
20
0.4482267322834645
11
0.317114842519685
21
0.4496836220472441
0
LINE
8
BLACK
6
CONTINUOUS
10
0.317114842519685
20
0.4496836220472441
11
0.3135946062992126
21
0.4514437401574803
0
LINE
8
BLACK
6
CONTINUOUS
10
0.3135946062992126
20
0.4514437401574803
11
0.3051342125984252
21
0.4514437401574803
0
LINE
8
BLACK
6
CONTINUOUS
10
0.3051342125984252
20
0.4514437401574803
11
0.3016139763779527
21
0.4496835826771653
0
LINE
8
BLACK
6
CONTINUOUS
10
1.0702755905511812
20
0.9226377952755905
11
1.071945905511811
21
0.921945905511811
0
LINE
8
BLACK
6
CONTINUOUS
10
1.071945905511811
20
0.921945905511811
11
1.0726377952755906
21
0.9202755905511811
0
LINE
8
BLACK
6
CONTINUOUS
10
1.0726377952755906
20
0.9202755905511811
11
1.0726377952755906
21
0.4297244094488189
0
LINE
8
BLACK
6
CONTINUOUS
10
1.0726377952755906
20
0.4297244094488189
11
1.071945905511811
21
0.428054094488189
0
LINE
8
BLACK
6
CONTINUOUS
10
1.071945905511811
20
0.428054094488189
11
1.0702755905511812
21
0.4273622047244094
0
LINE
8
BLACK
6
CONTINUOUS
10
1.0702755905511812
20
0.4273622047244094
11
0.588779527559055
21
0.4273622047244094
0
LINE
8
BLACK
6
CONTINUOUS
10
0.588779527559055
20
0.4273622047244094
11
0.5871092125984252
21
0.428054094488189
0
LINE
8
BLACK
6
CONTINUOUS
10
0.5871092125984252
20
0.428054094488189
11
0.5864173228346456
21
0.4297244094488189
0
LINE
8
BLACK
6
CONTINUOUS
10
0.5864173228346456
20
0.4297244094488189
11
0.5871092125984252
21
0.4313947244094488
0
LINE
8
BLACK
6
CONTINUOUS
10
0.5871092125984252
20
0.4313947244094488
11
0.588779527559055
21
0.4320866141732284
0
LINE
8
BLACK
6
CONTINUOUS
10
0.588779527559055
20
0.4320866141732284
11
1.0679133858267715
21
0.4320866141732284
0
LINE
8
BLACK
6
CONTINUOUS
10
1.0679133858267715
20
0.4320866141732284
11
1.0679133858267715
21
0.9179133858267716
0
LINE
8
BLACK
6
CONTINUOUS
10
1.0679133858267715
20
0.9179133858267716
11
0.5820866141732284
21
0.9179133858267716
0
LINE
8
BLACK
6
CONTINUOUS
10
0.5820866141732284
20
0.9179133858267716
11
0.5820866141732284
21
0.4297244094488189
0
LINE
8
BLACK
6
CONTINUOUS
10
0.5820866141732284
20
0.4297244094488189
11
0.5813947244094488
21
0.428054094488189
0
LINE
8
BLACK
6
CONTINUOUS
10
0.5813947244094488
20
0.428054094488189
11
0.5797244094488189
21
0.4273622047244094
0
LINE
8
BLACK
6
CONTINUOUS
10
0.5797244094488189
20
0.4273622047244094
11
0.578054094488189
21
0.428054094488189
0
LINE
8
BLACK
6
CONTINUOUS
10
0.578054094488189
20
0.428054094488189
11
0.5773622047244095
21
0.4297244094488189
0
LINE
8
BLACK
6
CONTINUOUS
10
0.5773622047244095
20
0.4297244094488189
11
0.5773622047244095
21
0.9202755905511811
0
LINE
8
BLACK
6
CONTINUOUS
10
0.5773622047244095
20
0.9202755905511811
11
0.578054094488189
21
0.921945905511811
0
LINE
8
BLACK
6
CONTINUOUS
10
0.578054094488189
20
0.921945905511811
11
0.5797244094488189
21
0.9226377952755905
0
LINE
8
BLACK
6
CONTINUOUS
10
0.5797244094488189
20
0.9226377952755905
11
1.0702755905511812
21
0.9226377952755905
0
LINE
8
BLACK
6
CONTINUOUS
10
0.9114170866141732
20
0.7782755905511811
11
0.9115523228346456
21
0.7781620866141732
0
LINE
8
BLACK
6
CONTINUOUS
10
0.9115523228346456
20
0.7781620866141732
11
0.9117276771653543
21
0.7781419291338583
0
LINE
8
BLACK
6
CONTINUOUS
10
0.9117276771653543
20
0.7781419291338583
11
0.9154772047244094
21
0.7762671653543307
0
LINE
8
BLACK
6
CONTINUOUS
10
0.9154772047244094
20
0.7762671653543307
11
0.9161861811023622
21
0.7757412992125984
0
LINE
8
BLACK
6
CONTINUOUS
10
0.9161861811023622
20
0.7757412992125984
11
0.9162445669291338
21
0.775714094488189
0
LINE
8
BLACK
6
CONTINUOUS
10
0.9162445669291338
20
0.775714094488189
11
0.9181193700787401
21
0.7738393307086614
0
LINE
8
BLACK
6
CONTINUOUS
10
0.9181193700787401
20
0.7738393307086614
11
0.918625748031496
21
0.7731161417322835
0
LINE
8
BLACK
6
CONTINUOUS
10
0.918625748031496
20
0.7731161417322835
11
0.9186725196850394
21
0.7730718897637795
0
LINE
8
BLACK
6
CONTINUOUS
10
0.9186725196850394
20
0.7730718897637795
11
0.9205472834645669
21
0.7693223622047244
0
LINE
8
BLACK
6
CONTINUOUS
10
0.9205472834645669
20
0.7693223622047244
11
0.9208396456692913
21
0.7683394488188976
0
LINE
8
BLACK
6
CONTINUOUS
10
0.9208396456692913
20
0.7683394488188976
11
0.9207986220472441
21
0.768167716535433
0
LINE
8
BLACK
6
CONTINUOUS
10
0.9207986220472441
20
0.768167716535433
11
0.9208590157480315
21
0.7680018503937007
0
LINE
8
BLACK
6
CONTINUOUS
10
0.9208590157480315
20
0.7680018503937007
11
0.9208590157480315
21
0.7605027952755905
0
LINE
8
BLACK
6
CONTINUOUS
10
0.9208590157480315
20
0.7605027952755905
11
0.9206809448818898
21
0.7594928740157481
0
LINE
8
BLACK
6
CONTINUOUS
10
0.9206809448818898
20
0.7594928740157481
11
0.9205674409448819
21
0.7593575984251968
0
LINE
8
BLACK
6
CONTINUOUS
10
0.9205674409448819
20
0.7593575984251968
11
0.9205472834645669
21
0.759182283464567
0
LINE
8
BLACK
6
CONTINUOUS
10
0.9205472834645669
20
0.759182283464567
11
0.9186725196850394
21
0.7554327559055118
0
LINE
8
BLACK
6
CONTINUOUS
10
0.9186725196850394
20
0.7554327559055118
11
0.9181465354330709
21
0.7547236220472441
0
LINE
8
BLACK
6
CONTINUOUS
10
0.9181465354330709
20
0.7547236220472441
11
0.9181193700787401
21
0.7546653149606299
0
LINE
8
BLACK
6
CONTINUOUS
10
0.9181193700787401
20
0.7546653149606299
11
0.9162445669291338
21
0.7527905511811024
0
LINE
8
BLACK
6
CONTINUOUS
10
0.9162445669291338
20
0.7527905511811024
11
0.9155214960629922
21
0.7522842519685039
0
LINE
8
BLACK
6
CONTINUOUS
10
0.9155214960629922
20
0.7522842519685039
11
0.9154772047244094
21
0.7522374803149606
0
LINE
8
BLACK
6
CONTINUOUS
10
0.9154772047244094
20
0.7522374803149606
11
0.9117276771653543
21
0.7503627165354331
0
LINE
8
BLACK
6
CONTINUOUS
10
0.9117276771653543
20
0.7503627165354331
11
0.9107447244094488
21
0.7500703543307087
0
LINE
8
BLACK
6
CONTINUOUS
10
0.9107447244094488
20
0.7500703543307087
11
0.9105730314960629
21
0.7501113385826772
0
LINE
8
BLACK
6
CONTINUOUS
10
0.9105730314960629
20
0.7501113385826772
11
0.9104071653543306
21
0.7500509842519685
0
LINE
8
BLACK
6
CONTINUOUS
10
0.9104071653543306
20
0.7500509842519685
11
0.8785361811023622
21
0.7500509842519685
0
LINE
8
BLACK
6
CONTINUOUS
10
0.8785361811023622
20
0.7500509842519685
11
0.8775262598425196
21
0.7502290551181102
0
LINE
8
BLACK
6
CONTINUOUS
10
0.8775262598425196
20
0.7502290551181102
11
0.8759790157480315
21
0.7515273622047244
0
LINE
8
BLACK
6
CONTINUOUS
10
0.8759790157480315
20
0.7515273622047244
11
0.8756282677165355
21
0.7535164960629921
0
LINE
8
BLACK
6
CONTINUOUS
10
0.8756282677165355
20
0.7535164960629921
11
0.8766381889763779
21
0.7552656692913385
0
LINE
8
BLACK
6
CONTINUOUS
10
0.8766381889763779
20
0.7552656692913385
11
0.8785361811023622
21
0.7559564960629921
0
LINE
8
BLACK
6
CONTINUOUS
10
0.8785361811023622
20
0.7559564960629921
11
0.9097101181102362
21
0.7559564960629921
0
LINE
8
BLACK
6
CONTINUOUS
10
0.9097101181102362
20
0.7559564960629921
11
0.9124075984251968
21
0.7573052362204724
0
LINE
8
BLACK
6
CONTINUOUS
10
0.9124075984251968
20
0.7573052362204724
11
0.9136047637795275
21
0.7585023622047244
0
LINE
8
BLACK
6
CONTINUOUS
10
0.9136047637795275
20
0.7585023622047244
11
0.9149535039370078
21
0.761199842519685
0
LINE
8
BLACK
6
CONTINUOUS
10
0.9149535039370078
20
0.761199842519685
11
0.9149535039370078
21
0.7673048031496063
0
LINE
8
BLACK
6
CONTINUOUS
10
0.9149535039370078
20
0.7673048031496063
11
0.9136047637795275
21
0.7700022440944881
0
LINE
8
BLACK
6
CONTINUOUS
10
0.9136047637795275
20
0.7700022440944881
11
0.9124075984251968
21
0.7711993700787402
0
LINE
8
BLACK
6
CONTINUOUS
10
0.9124075984251968
20
0.7711993700787402
11
0.9097101181102362
21
0.7725481496062993
0
LINE
8
BLACK
6
CONTINUOUS
10
0.9097101181102362
20
0.7725481496062993
11
0.8785361811023622
21
0.7725481496062993
0
LINE
8
BLACK
6
CONTINUOUS
10
0.8785361811023622
20
0.7725481496062993
11
0.8775262598425196
21
0.7727262204724409
0
LINE
8
BLACK
6
CONTINUOUS
10
0.8775262598425196
20
0.7727262204724409
11
0.8759790157480315
21
0.7740245275590552
0
LINE
8
BLACK
6
CONTINUOUS
10
0.8759790157480315
20
0.7740245275590552
11
0.8756282677165355
21
0.7760136614173229
0
LINE
8
BLACK
6
CONTINUOUS
10
0.8756282677165355
20
0.7760136614173229
11
0.8766381889763779
21
0.7777628346456693
0
LINE
8
BLACK
6
CONTINUOUS
10
0.8766381889763779
20
0.7777628346456693
11
0.8785361811023622
21
0.7784536614173229
0
LINE
8
BLACK
6
CONTINUOUS
10
0.8785361811023622
20
0.7784536614173229
11
0.9104071653543306
21
0.7784536614173229
0
LINE
8
BLACK
6
CONTINUOUS
10
0.9104071653543306
20
0.7784536614173229
11
0.9114170866141732
21
0.7782755905511811
0
LINE
8
BLACK
6
CONTINUOUS
10
1.0497829527559055
20
0.8100664173228346
11
1.05074468503937
21
0.8082902755905511
0
LINE
8
BLACK
6
CONTINUOUS
10
1.05074468503937
20
0.8082902755905511
11
1.0503397637795275
21
0.8063114960629921
0
LINE
8
BLACK
6
CONTINUOUS
10
1.0503397637795275
20
0.8063114960629921
11
1.0487575984251969
21
0.8050559448818897
0
LINE
8
BLACK
6
CONTINUOUS
10
1.0487575984251969
20
0.8050559448818897
11
1.036490905511811
21
0.8009670078740158
0
LINE
8
BLACK
6
CONTINUOUS
10
1.036490905511811
20
0.8009670078740158
11
1.036490905511811
21
0.7814138976377952
0
LINE
8
BLACK
6
CONTINUOUS
10
1.036490905511811
20
0.7814138976377952
11
1.0487575984251969
21
0.7773250393700787
0
LINE
8
BLACK
6
CONTINUOUS
10
1.0487575984251969
20
0.7773250393700787
11
1.0496593700787402
21
0.7768367716535433
0
LINE
8
BLACK
6
CONTINUOUS
10
1.0496593700787402
20
0.7768367716535433
11
1.050716653543307
21
0.7751157874015748
0
LINE
8
BLACK
6
CONTINUOUS
10
1.050716653543307
20
0.7751157874015748
11
1.0504203937007874
21
0.7731178346456693
0
LINE
8
BLACK
6
CONTINUOUS
10
1.0504203937007874
20
0.7731178346456693
11
1.0489091338582677
21
0.7717777559055118
0
LINE
8
BLACK
6
CONTINUOUS
10
1.0489091338582677
20
0.7717777559055118
11
1.0468901181102361
21
0.7717225984251969
0
LINE
8
BLACK
6
CONTINUOUS
10
1.0468901181102361
20
0.7717225984251969
11
0.9968901181102362
21
0.788389251968504
0
LINE
8
BLACK
6
CONTINUOUS
10
0.9968901181102362
20
0.788389251968504
11
0.9959883464566929
21
0.7888775590551181
0
LINE
8
BLACK
6
CONTINUOUS
10
0.9959883464566929
20
0.7888775590551181
11
0.9959438188976377
21
0.7889499606299213
0
LINE
8
BLACK
6
CONTINUOUS
10
0.9959438188976377
20
0.7889499606299213
11
0.9958648031496062
21
0.7889812204724409
0
LINE
8
BLACK
6
CONTINUOUS
10
0.9958648031496062
20
0.7889812204724409
11
0.9954199606299212
21
0.7898026771653543
0
LINE
8
BLACK
6
CONTINUOUS
10
0.9954199606299212
20
0.7898026771653543
11
0.994931062992126
21
0.7905985039370078
0
LINE
8
BLACK
6
CONTINUOUS
10
0.994931062992126
20
0.7905985039370078
11
0.9949435039370078
21
0.7906825590551181
0
LINE
8
BLACK
6
CONTINUOUS
10
0.9949435039370078
20
0.7906825590551181
11
0.994903031496063
21
0.7907573622047244
0
LINE
8
BLACK
6
CONTINUOUS
10
0.994903031496063
20
0.7907573622047244
11
0.9950902755905512
21
0.7916724409448819
0
LINE
8
BLACK
6
CONTINUOUS
10
0.9950902755905512
20
0.7916724409448819
11
0.9952273228346457
21
0.7925964960629921
0
LINE
8
BLACK
6
CONTINUOUS
10
0.9952273228346457
20
0.7925964960629921
11
0.9952909448818897
21
0.7926529133858268
0
LINE
8
BLACK
6
CONTINUOUS
10
0.9952909448818897
20
0.7926529133858268
11
0.9953079921259842
21
0.7927361417322835
0
LINE
8
BLACK
6
CONTINUOUS
10
0.9953079921259842
20
0.7927361417322835
11
0.996039251968504
21
0.7933164566929134
0
LINE
8
BLACK
6
CONTINUOUS
10
0.996039251968504
20
0.7933164566929134
11
0.9967385433070866
21
0.7939365354330709
0
LINE
8
BLACK
6
CONTINUOUS
10
0.9967385433070866
20
0.7939365354330709
11
0.9968235039370078
21
0.7939388188976377
0
LINE
8
BLACK
6
CONTINUOUS
10
0.9968235039370078
20
0.7939388188976377
11
0.9968901181102362
21
0.7939916929133858
0
LINE
8
BLACK
6
CONTINUOUS
10
0.9968901181102362
20
0.7939916929133858
11
1.0468901181102361
21
0.8106583858267716
0
LINE
8
BLACK
6
CONTINUOUS
10
1.0468901181102361
20
0.8106583858267716
11
1.0479045275590551
21
0.8108088188976378
0
LINE
8
BLACK
6
CONTINUOUS
10
1.0479045275590551
20
0.8108088188976378
11
1.0497829527559055
21
0.8100664173228346
0
LINE
8
BLACK
6
CONTINUOUS
10
1.0071612204724409
20
0.7911904724409449
11
1.0305853937007874
21
0.7833824015748031
0
LINE
8
BLACK
6
CONTINUOUS
10
1.0305853937007874
20
0.7833824015748031
11
1.0305853937007874
21
0.7989985039370079
0
LINE
8
BLACK
6
CONTINUOUS
10
1.0305853937007874
20
0.7989985039370079
11
1.0071612204724409
21
0.7911904724409449
0
LINE
8
BLACK
6
CONTINUOUS
10
0.920168188976378
20
0.8167689763779528
11
0.9208590157480315
21
0.8148709842519685
0
LINE
8
BLACK
6
CONTINUOUS
10
0.9208590157480315
20
0.8148709842519685
11
0.9208590157480315
21
0.7923738188976378
0
LINE
8
BLACK
6
CONTINUOUS
10
0.9208590157480315
20
0.7923738188976378
11
0.9206809448818898
21
0.7913638976377952
0
LINE
8
BLACK
6
CONTINUOUS
10
0.9206809448818898
20
0.7913638976377952
11
0.9193826377952755
21
0.7898166535433071
0
LINE
8
BLACK
6
CONTINUOUS
10
0.9193826377952755
20
0.7898166535433071
11
0.9173935039370078
21
0.789465905511811
0
LINE
8
BLACK
6
CONTINUOUS
10
0.9173935039370078
20
0.789465905511811
11
0.9156443307086614
21
0.7904758267716535
0
LINE
8
BLACK
6
CONTINUOUS
10
0.9156443307086614
20
0.7904758267716535
11
0.9149535039370078
21
0.7923738188976378
0
LINE
8
BLACK
6
CONTINUOUS
10
0.9149535039370078
20
0.7923738188976378
11
0.9149535039370078
21
0.8006696456692913
0
LINE
8
BLACK
6
CONTINUOUS
10
0.9149535039370078
20
0.8006696456692913
11
0.8875395275590551
21
0.8006696456692913
0
LINE
8
BLACK
6
CONTINUOUS
10
0.8875395275590551
20
0.8006696456692913
11
0.8899979133858268
21
0.7982112598425196
0
LINE
8
BLACK
6
CONTINUOUS
10
0.8899979133858268
20
0.7982112598425196
11
0.8905042913385827
21
0.7974880708661417
0
LINE
8
BLACK
6
CONTINUOUS
10
0.8905042913385827
20
0.7974880708661417
11
0.8905510236220472
21
0.7974438582677165
0
LINE
8
BLACK
6
CONTINUOUS
10
0.8905510236220472
20
0.7974438582677165
11
0.8924257874015747
21
0.7936943307086614
0
LINE
8
BLACK
6
CONTINUOUS
10
0.8924257874015747
20
0.7936943307086614
11
0.8927181496062991
21
0.7927114173228347
0
LINE
8
BLACK
6
CONTINUOUS
10
0.8927181496062991
20
0.7927114173228347
11
0.8922488582677165
21
0.7907468897637795
0
LINE
8
BLACK
6
CONTINUOUS
10
0.8922488582677165
20
0.7907468897637795
11
0.8906265748031496
21
0.7895435826771653
0
LINE
8
BLACK
6
CONTINUOUS
10
0.8906265748031496
20
0.7895435826771653
11
0.8886104330708661
21
0.7896646456692913
0
LINE
8
BLACK
6
CONTINUOUS
10
0.8886104330708661
20
0.7896646456692913
11
0.8871437401574803
21
0.7910533070866141
0
LINE
8
BLACK
6
CONTINUOUS
10
0.8871437401574803
20
0.7910533070866141
11
0.8854832677165354
21
0.7943742519685039
0
LINE
8
BLACK
6
CONTINUOUS
10
0.8854832677165354
20
0.7943742519685039
11
0.8822792913385826
21
0.7975781889763779
0
LINE
8
BLACK
6
CONTINUOUS
10
0.8822792913385826
20
0.7975781889763779
11
0.8768982677165355
21
0.8011655511811023
0
LINE
8
BLACK
6
CONTINUOUS
10
0.8768982677165355
20
0.8011655511811023
11
0.8761567716535433
21
0.801873937007874
0
LINE
8
BLACK
6
CONTINUOUS
10
0.8761567716535433
20
0.801873937007874
11
0.8761090551181102
21
0.8020368503937008
0
LINE
8
BLACK
6
CONTINUOUS
10
0.8761090551181102
20
0.8020368503937008
11
0.8759790157480315
21
0.8021460236220472
0
LINE
8
BLACK
6
CONTINUOUS
10
0.8759790157480315
20
0.8021460236220472
11
0.8758301968503936
21
0.8029899212598425
0
LINE
8
BLACK
6
CONTINUOUS
10
0.8758301968503936
20
0.8029899212598425
11
0.8755895275590551
21
0.8038124409448819
0
LINE
8
BLACK
6
CONTINUOUS
10
0.8755895275590551
20
0.8038124409448819
11
0.875657716535433
21
0.8039679133858267
0
LINE
8
BLACK
6
CONTINUOUS
10
0.875657716535433
20
0.8039679133858267
11
0.8756282677165355
21
0.8041351574803149
0
LINE
8
BLACK
6
CONTINUOUS
10
0.8756282677165355
20
0.8041351574803149
11
0.8760566929133858
21
0.8048772047244094
0
LINE
8
BLACK
6
CONTINUOUS
10
0.8760566929133858
20
0.8048772047244094
11
0.8764010629921259
21
0.8056620472440945
0
LINE
8
BLACK
6
CONTINUOUS
10
0.8764010629921259
20
0.8056620472440945
11
0.8765533070866142
21
0.8057372834645669
0
LINE
8
BLACK
6
CONTINUOUS
10
0.8765533070866142
20
0.8057372834645669
11
0.8766381889763779
21
0.8058843307086614
0
LINE
8
BLACK
6
CONTINUOUS
10
0.8766381889763779
20
0.8058843307086614
11
0.8774434251968504
21
0.8061774015748031
0
LINE
8
BLACK
6
CONTINUOUS
10
0.8774434251968504
20
0.8061774015748031
11
0.8782116535433071
21
0.8065572440944881
0
LINE
8
BLACK
6
CONTINUOUS
10
0.8782116535433071
20
0.8065572440944881
11
0.8783765748031496
21
0.8065170472440945
0
LINE
8
BLACK
6
CONTINUOUS
10
0.8783765748031496
20
0.8065170472440945
11
0.8785361811023622
21
0.8065751574803149
0
LINE
8
BLACK
6
CONTINUOUS
10
0.8785361811023622
20
0.8065751574803149
11
0.9149535039370078
21
0.8065751574803149
0
LINE
8
BLACK
6
CONTINUOUS
10
0.9149535039370078
20
0.8065751574803149
11
0.9149535039370078
21
0.8148709842519685
0
LINE
8
BLACK
6
CONTINUOUS
10
0.9149535039370078
20
0.8148709842519685
11
0.9151315748031496
21
0.815880905511811
0
LINE
8
BLACK
6
CONTINUOUS
10
0.9151315748031496
20
0.815880905511811
11
0.9164298818897637
21
0.8174281496062992
0
LINE
8
BLACK
6
CONTINUOUS
10
0.9164298818897637
20
0.8174281496062992
11
0.9184190157480314
21
0.8177788976377952
0
LINE
8
BLACK
6
CONTINUOUS
10
0.9184190157480314
20
0.8177788976377952
11
0.920168188976378
21
0.8167689763779528
0
LINE
8
BLACK
6
CONTINUOUS
10
1.0500857874015748
20
0.8526122834645669
11
1.0507766141732284
21
0.8507142913385827
0
LINE
8
BLACK
6
CONTINUOUS
10
1.0507766141732284
20
0.8507142913385827
11
1.0507766141732284
21
0.8221428346456693
0
LINE
8
BLACK
6
CONTINUOUS
10
1.0507766141732284
20
0.8221428346456693
11
1.0505985433070866
21
0.8211329133858267
0
LINE
8
BLACK
6
CONTINUOUS
10
1.0505985433070866
20
0.8211329133858267
11
1.0493002362204724
21
0.8195856692913386
0
LINE
8
BLACK
6
CONTINUOUS
10
1.0493002362204724
20
0.8195856692913386
11
1.0473111023622046
21
0.8192349212598425
0
LINE
8
BLACK
6
CONTINUOUS
10
1.0473111023622046
20
0.8192349212598425
11
1.0455619291338583
21
0.820244842519685
0
LINE
8
BLACK
6
CONTINUOUS
10
1.0455619291338583
20
0.820244842519685
11
1.0448711023622046
21
0.8221428346456693
0
LINE
8
BLACK
6
CONTINUOUS
10
1.0448711023622046
20
0.8221428346456693
11
1.0448711023622046
21
0.8334757874015748
0
LINE
8
BLACK
6
CONTINUOUS
10
1.0448711023622046
20
0.8334757874015748
11
1.0073333858267717
21
0.8334757874015748
0
LINE
8
BLACK
6
CONTINUOUS
10
1.0073333858267717
20
0.8334757874015748
11
1.0118165354330708
21
0.8289926771653543
0
LINE
8
BLACK
6
CONTINUOUS
10
1.0118165354330708
20
0.8289926771653543
11
1.0123229133858267
21
0.8282694881889764
0
LINE
8
BLACK
6
CONTINUOUS
10
1.0123229133858267
20
0.8282694881889764
11
1.0123696456692912
21
0.8282252755905511
0
LINE
8
BLACK
6
CONTINUOUS
10
1.0123696456692912
20
0.8282252755905511
11
1.0147505905511811
21
0.8234633464566929
0
LINE
8
BLACK
6
CONTINUOUS
10
1.0147505905511811
20
0.8234633464566929
11
1.0150429527559055
21
0.8224803937007874
0
LINE
8
BLACK
6
CONTINUOUS
10
1.0150429527559055
20
0.8224803937007874
11
1.0145736614173229
21
0.820515905511811
0
LINE
8
BLACK
6
CONTINUOUS
10
1.0145736614173229
20
0.820515905511811
11
1.0129513779527559
21
0.8193125984251969
0
LINE
8
BLACK
6
CONTINUOUS
10
1.0129513779527559
20
0.8193125984251969
11
1.0109352362204724
21
0.8194336614173228
0
LINE
8
BLACK
6
CONTINUOUS
10
1.0109352362204724
20
0.8194336614173228
11
1.0094685433070867
21
0.8208223622047244
0
LINE
8
BLACK
6
CONTINUOUS
10
1.0094685433070867
20
0.8208223622047244
11
1.0073018897637795
21
0.8251556299212598
0
LINE
8
BLACK
6
CONTINUOUS
10
1.0073018897637795
20
0.8251556299212598
11
1.0030855905511811
21
0.8293718897637795
0
LINE
8
BLACK
6
CONTINUOUS
10
1.0030855905511811
20
0.8293718897637795
11
0.9961859448818897
21
0.8339716929133858
0
LINE
8
BLACK
6
CONTINUOUS
10
0.9961859448818897
20
0.8339716929133858
11
0.9954444488188976
21
0.8346800787401575
0
LINE
8
BLACK
6
CONTINUOUS
10
0.9954444488188976
20
0.8346800787401575
11
0.9953967322834646
21
0.8348429921259842
0
LINE
8
BLACK
6
CONTINUOUS
10
0.9953967322834646
20
0.8348429921259842
11
0.9952666929133858
21
0.8349521653543307
0
LINE
8
BLACK
6
CONTINUOUS
10
0.9952666929133858
20
0.8349521653543307
11
0.995117874015748
21
0.8357960629921259
0
LINE
8
BLACK
6
CONTINUOUS
10
0.995117874015748
20
0.8357960629921259
11
0.9948772047244094
21
0.8366185826771654
0
LINE
8
BLACK
6
CONTINUOUS
10
0.9948772047244094
20
0.8366185826771654
11
0.9949453937007874
21
0.8367740551181102
0
LINE
8
BLACK
6
CONTINUOUS
10
0.9949453937007874
20
0.8367740551181102
11
0.9949159448818897
21
0.8369412992125984
0
LINE
8
BLACK
6
CONTINUOUS
10
0.9949159448818897
20
0.8369412992125984
11
0.9953443700787401
21
0.8376833464566928
0
LINE
8
BLACK
6
CONTINUOUS
10
0.9953443700787401
20
0.8376833464566928
11
0.9956887401574803
21
0.838468188976378
0
LINE
8
BLACK
6
CONTINUOUS
10
0.9956887401574803
20
0.838468188976378
11
0.9958409842519684
21
0.8385434251968503
0
LINE
8
BLACK
6
CONTINUOUS
10
0.9958409842519684
20
0.8385434251968503
11
0.9959258661417323
21
0.8386904724409449
0
LINE
8
BLACK
6
CONTINUOUS
10
0.9959258661417323
20
0.8386904724409449
11
0.9967311023622047
21
0.8389835433070866
0
LINE
8
BLACK
6
CONTINUOUS
10
0.9967311023622047
20
0.8389835433070866
11
0.9974993307086614
21
0.8393633858267716
0
LINE
8
BLACK
6
CONTINUOUS
10
0.9974993307086614
20
0.8393633858267716
11
0.9976642519685039
21
0.8393231889763779
0
LINE
8
BLACK
6
CONTINUOUS
10
0.9976642519685039
20
0.8393231889763779
11
0.9978238582677165
21
0.8393812992125984
0
LINE
8
BLACK
6
CONTINUOUS
10
0.9978238582677165
20
0.8393812992125984
11
1.0448711023622046
21
0.8393812992125984
0
LINE
8
BLACK
6
CONTINUOUS
10
1.0448711023622046
20
0.8393812992125984
11
1.0448711023622046
21
0.8507142913385827
0
LINE
8
BLACK
6
CONTINUOUS
10
1.0448711023622046
20
0.8507142913385827
11
1.0450491732283465
21
0.8517242125984251
0
LINE
8
BLACK
6
CONTINUOUS
10
1.0450491732283465
20
0.8517242125984251
11
1.0463474803149606
21
0.8532714566929134
0
LINE
8
BLACK
6
CONTINUOUS
10
1.0463474803149606
20
0.8532714566929134
11
1.0483366141732284
21
0.8536222047244094
0
LINE
8
BLACK
6
CONTINUOUS
10
1.0483366141732284
20
0.8536222047244094
11
1.0500857874015748
21
0.8526122834645669
0
LINE
8
BLACK
6
CONTINUOUS
10
1.104527559055118
20
0.9568897637795275
11
1.1061978740157481
21
0.956197874015748
0
LINE
8
BLACK
6
CONTINUOUS
10
1.1061978740157481
20
0.956197874015748
11
1.1068897637795276
21
0.9545275590551181
0
LINE
8
BLACK
6
CONTINUOUS
10
1.1068897637795276
20
0.9545275590551181
11
1.1068897637795276
21
0.3954724409448819
0
LINE
8
BLACK
6
CONTINUOUS
10
1.1068897637795276
20
0.3954724409448819
11
1.1061978740157481
21
0.393802125984252
0
LINE
8
BLACK
6
CONTINUOUS
10
1.1061978740157481
20
0.393802125984252
11
1.104527559055118
21
0.3931102362204724
0
LINE
8
BLACK
6
CONTINUOUS
10
1.104527559055118
20
0.3931102362204724
11
0.5454724409448819
21
0.3931102362204724
0
LINE
8
BLACK
6
CONTINUOUS
10
0.5454724409448819
20
0.3931102362204724
11
0.5438021259842519
21
0.393802125984252
0
LINE
8
BLACK
6
CONTINUOUS
10
0.5438021259842519
20
0.393802125984252
11
0.5431102362204724
21
0.3954724409448819
0
LINE
8
BLACK
6
CONTINUOUS
10
0.5431102362204724
20
0.3954724409448819
11
0.5431102362204724
21
0.9545275590551181
0
LINE
8
BLACK
6
CONTINUOUS
10
0.5431102362204724
20
0.9545275590551181
11
0.5438021259842519
21
0.956197874015748
0
LINE
8
BLACK
6
CONTINUOUS
10
0.5438021259842519
20
0.956197874015748
11
0.5454724409448819
21
0.9568897637795275
0
LINE
8
BLACK
6
CONTINUOUS
10
0.5454724409448819
20
0.9568897637795275
11
1.104527559055118
21
0.9568897637795275
0
LINE
8
BLACK
6
CONTINUOUS
10
0.5478346456692913
20
0.9521653543307086
11
0.5478346456692913
21
0.3978346456692913
0
LINE
8
BLACK
6
CONTINUOUS
10
0.5478346456692913
20
0.3978346456692913
11
1.1021653543307086
21
0.3978346456692913
0
LINE
8
BLACK
6
CONTINUOUS
10
1.1021653543307086
20
0.3978346456692913
11
1.1021653543307086
21
0.9521653543307086
0
LINE
8
BLACK
6
CONTINUOUS
10
1.1021653543307086
20
0.9521653543307086
11
0.5478346456692913
21
0.9521653543307086
0
LINE
8
BLACK
6
CONTINUOUS
10
1.6656541338582678
20
0.4399807086614173
11
1.6657185039370079
21
0.4399824803149606
0
LINE
8
BLACK
6
CONTINUOUS
10
1.6657185039370079
20
0.4399824803149606
11
1.6713427952755906
21
0.4381077165354331
0
LINE
8
BLACK
6
CONTINUOUS
10
1.6713427952755906
20
0.4381077165354331
11
1.6722445669291339
21
0.4376194488188976
0
LINE
8
BLACK
6
CONTINUOUS
10
1.6722445669291339
20
0.4376194488188976
11
1.6723369685039369
21
0.4374689763779527
0
LINE
8
BLACK
6
CONTINUOUS
10
1.6723369685039369
20
0.4374689763779527
11
1.672496968503937
21
0.4373944094488189
0
LINE
8
BLACK
6
CONTINUOUS
10
1.672496968503937
20
0.4373944094488189
11
1.6899535039370079
21
0.419937874015748
0
LINE
8
BLACK
6
CONTINUOUS
10
1.6899535039370079
20
0.419937874015748
11
1.6899535039370079
21
0.4371812598425197
0
LINE
8
BLACK
6
CONTINUOUS
10
1.6899535039370079
20
0.4371812598425197
11
1.6901315748031496
21
0.4381911811023622
0
LINE
8
BLACK
6
CONTINUOUS
10
1.6901315748031496
20
0.4381911811023622
11
1.6914298818897637
21
0.4397384251968504
0
LINE
8
BLACK
6
CONTINUOUS
10
1.6914298818897637
20
0.4397384251968504
11
1.6934190157480316
21
0.4400891732283465
0
LINE
8
BLACK
6
CONTINUOUS
10
1.6934190157480316
20
0.4400891732283465
11
1.6951681889763779
21
0.4390792519685039
0
LINE
8
BLACK
6
CONTINUOUS
10
1.6951681889763779
20
0.4390792519685039
11
1.6958590157480316
21
0.4371812598425197
0
LINE
8
BLACK
6
CONTINUOUS
10
1.6958590157480316
20
0.4371812598425197
11
1.6958590157480316
21
0.4128093307086614
0
LINE
8
BLACK
6
CONTINUOUS
10
1.6958590157480316
20
0.4128093307086614
11
1.6957470866141733
21
0.4121745669291338
0
LINE
8
BLACK
6
CONTINUOUS
10
1.6957470866141733
20
0.4121745669291338
11
1.6957584251968503
21
0.4120451181102362
0
LINE
8
BLACK
6
CONTINUOUS
10
1.6957584251968503
20
0.4120451181102362
11
1.6957127559055118
21
0.4119798818897638
0
LINE
8
BLACK
6
CONTINUOUS
10
1.6957127559055118
20
0.4119798818897638
11
1.6956809448818897
21
0.4117994094488189
0
LINE
8
BLACK
6
CONTINUOUS
10
1.6956809448818897
20
0.4117994094488189
11
1.6951096456692913
21
0.4111185433070866
0
LINE
8
BLACK
6
CONTINUOUS
10
1.6951096456692913
20
0.4111185433070866
11
1.6945998818897638
21
0.4103905511811023
0
LINE
8
BLACK
6
CONTINUOUS
10
1.6945998818897638
20
0.4103905511811023
11
1.6944694094488189
21
0.4103555905511811
0
LINE
8
BLACK
6
CONTINUOUS
10
1.6944694094488189
20
0.4103555905511811
11
1.6943826377952755
21
0.4102521653543307
0
LINE
8
BLACK
6
CONTINUOUS
10
1.6943826377952755
20
0.4102521653543307
11
1.6935072834645668
21
0.4100977952755905
0
LINE
8
BLACK
6
CONTINUOUS
10
1.6935072834645668
20
0.4100977952755905
11
1.6926489370078739
21
0.4098678346456693
0
LINE
8
BLACK
6
CONTINUOUS
10
1.6926489370078739
20
0.4098678346456693
11
1.6925265748031495
21
0.4099248818897638
0
LINE
8
BLACK
6
CONTINUOUS
10
1.6925265748031495
20
0.4099248818897638
11
1.6923935039370079
21
0.4099014173228346
0
LINE
8
BLACK
6
CONTINUOUS
10
1.6923935039370079
20
0.4099014173228346
11
1.6916235826771653
21
0.410345905511811
0
LINE
8
BLACK
6
CONTINUOUS
10
1.6916235826771653
20
0.410345905511811
11
1.6908183464566928
21
0.4107214173228346
0
LINE
8
BLACK
6
CONTINUOUS
10
1.6908183464566928
20
0.4107214173228346
11
1.6688140157480316
21
0.4327256692913386
0
LINE
8
BLACK
6
CONTINUOUS
10
1.6688140157480316
20
0.4327256692913386
11
1.6643056299212597
21
0.4342285039370078
0
LINE
8
BLACK
6
CONTINUOUS
10
1.6643056299212597
20
0.4342285039370078
11
1.6617322834645669
21
0.4342285039370078
0
LINE
8
BLACK
6
CONTINUOUS
10
1.6617322834645669
20
0.4342285039370078
11
1.6590348031496063
21
0.4328797637795275
0
LINE
8
BLACK
6
CONTINUOUS
10
1.6590348031496063
20
0.4328797637795275
11
1.6578376771653542
21
0.4316826377952756
0
LINE
8
BLACK
6
CONTINUOUS
10
1.6578376771653542
20
0.4316826377952756
11
1.6564889370078739
21
0.428985157480315
0
LINE
8
BLACK
6
CONTINUOUS
10
1.6564889370078739
20
0.428985157480315
11
1.6564889370078739
21
0.4210054330708661
0
LINE
8
BLACK
6
CONTINUOUS
10
1.6564889370078739
20
0.4210054330708661
11
1.6578376771653542
21
0.4183079527559055
0
LINE
8
BLACK
6
CONTINUOUS
10
1.6578376771653542
20
0.4183079527559055
11
1.6593736220472441
21
0.4167720078740157
0
LINE
8
BLACK
6
CONTINUOUS
10
1.6593736220472441
20
0.4167720078740157
11
1.6599618110236221
21
0.415931968503937
0
LINE
8
BLACK
6
CONTINUOUS
10
1.6599618110236221
20
0.415931968503937
11
1.6601378346456692
21
0.4139198818897638
0
LINE
8
BLACK
6
CONTINUOUS
10
1.6601378346456692
20
0.4139198818897638
11
1.6589793307086613
21
0.4122653149606299
0
LINE
8
BLACK
6
CONTINUOUS
10
1.6589793307086613
20
0.4122653149606299
11
1.6570283464566928
21
0.4117425984251968
0
LINE
8
BLACK
6
CONTINUOUS
10
1.6570283464566928
20
0.4117425984251968
11
1.6551977952755905
21
0.4125961811023622
0
LINE
8
BLACK
6
CONTINUOUS
10
1.6551977952755905
20
0.4125961811023622
11
1.653323031496063
21
0.4144709448818897
0
LINE
8
BLACK
6
CONTINUOUS
10
1.653323031496063
20
0.4144709448818897
11
1.6528167322834646
21
0.4151940157480315
0
LINE
8
BLACK
6
CONTINUOUS
10
1.6528167322834646
20
0.4151940157480315
11
1.6527699212598426
21
0.4152383464566929
0
LINE
8
BLACK
6
CONTINUOUS
10
1.6527699212598426
20
0.4152383464566929
11
1.650895157480315
21
0.418987874015748
0
LINE
8
BLACK
6
CONTINUOUS
10
1.650895157480315
20
0.418987874015748
11
1.6506027952755906
21
0.4199708267716535
0
LINE
8
BLACK
6
CONTINUOUS
10
1.6506027952755906
20
0.4199708267716535
11
1.650643779527559
21
0.4201424803149606
0
LINE
8
BLACK
6
CONTINUOUS
10
1.650643779527559
20
0.4201424803149606
11
1.6505834251968503
21
0.4203083858267717
0
LINE
8
BLACK
6
CONTINUOUS
10
1.6505834251968503
20
0.4203083858267717
11
1.6505834251968503
21
0.4296822047244094
0
LINE
8
BLACK
6
CONTINUOUS
10
1.6505834251968503
20
0.4296822047244094
11
1.6507614960629922
21
0.4306921259842519
0
LINE
8
BLACK
6
CONTINUOUS
10
1.6507614960629922
20
0.4306921259842519
11
1.6508749606299211
21
0.4308273622047244
0
LINE
8
BLACK
6
CONTINUOUS
10
1.6508749606299211
20
0.4308273622047244
11
1.650895157480315
21
0.431002716535433
0
LINE
8
BLACK
6
CONTINUOUS
10
1.650895157480315
20
0.431002716535433
11
1.6527699212598426
21
0.4347522440944882
0
LINE
8
BLACK
6
CONTINUOUS
10
1.6527699212598426
20
0.4347522440944882
11
1.6532958267716535
21
0.4354612992125984
0
LINE
8
BLACK
6
CONTINUOUS
10
1.6532958267716535
20
0.4354612992125984
11
1.653323031496063
21
0.4355196456692914
0
LINE
8
BLACK
6
CONTINUOUS
10
1.653323031496063
20
0.4355196456692914
11
1.6551977952755905
21
0.4373944094488189
0
LINE
8
BLACK
6
CONTINUOUS
10
1.6551977952755905
20
0.4373944094488189
11
1.6559208661417322
21
0.4379006692913386
0
LINE
8
BLACK
6
CONTINUOUS
10
1.6559208661417322
20
0.4379006692913386
11
1.6559651968503937
21
0.4379475196850394
0
LINE
8
BLACK
6
CONTINUOUS
10
1.6559651968503937
20
0.4379475196850394
11
1.6597147244094488
21
0.4398222834645669
0
LINE
8
BLACK
6
CONTINUOUS
10
1.6597147244094488
20
0.4398222834645669
11
1.6606976377952756
21
0.4401146456692913
0
LINE
8
BLACK
6
CONTINUOUS
10
1.6606976377952756
20
0.4401146456692913
11
1.6608693307086613
21
0.4400736220472441
0
LINE
8
BLACK
6
CONTINUOUS
10
1.6608693307086613
20
0.4400736220472441
11
1.6610352362204723
21
0.4401340157480315
0
LINE
8
BLACK
6
CONTINUOUS
10
1.6610352362204723
20
0.4401340157480315
11
1.6647847637795274
21
0.4401340157480315
0
LINE
8
BLACK
6
CONTINUOUS
10
1.6647847637795274
20
0.4401340157480315
11
1.6656541338582678
21
0.4399807086614173
0
LINE
8
BLACK
6
CONTINUOUS
10
1.7701681889763778
20
0.4390792519685039
11
1.7708590157480315
21
0.4371812598425197
0
LINE
8
BLACK
6
CONTINUOUS
10
1.7708590157480315
20
0.4371812598425197
11
1.7708590157480315
21
0.414684094488189
0
LINE
8
BLACK
6
CONTINUOUS
10
1.7708590157480315
20
0.414684094488189
11
1.7706809448818897
21
0.4136741732283464
0
LINE
8
BLACK
6
CONTINUOUS
10
1.7706809448818897
20
0.4136741732283464
11
1.7693826377952755
21
0.4121269291338582
0
LINE
8
BLACK
6
CONTINUOUS
10
1.7693826377952755
20
0.4121269291338582
11
1.7673935039370079
21
0.4117761811023622
0
LINE
8
BLACK
6
CONTINUOUS
10
1.7673935039370079
20
0.4117761811023622
11
1.7656443307086613
21
0.4127861023622047
0
LINE
8
BLACK
6
CONTINUOUS
10
1.7656443307086613
20
0.4127861023622047
11
1.7649535039370079
21
0.414684094488189
0
LINE
8
BLACK
6
CONTINUOUS
10
1.7649535039370079
20
0.414684094488189
11
1.7649535039370079
21
0.4229799212598425
0
LINE
8
BLACK
6
CONTINUOUS
10
1.7649535039370079
20
0.4229799212598425
11
1.7375395275590551
21
0.4229799212598425
0
LINE
8
BLACK
6
CONTINUOUS
10
1.7375395275590551
20
0.4229799212598425
11
1.7399979133858268
21
0.4205215354330709
0
LINE
8
BLACK
6
CONTINUOUS
10
1.7399979133858268
20
0.4205215354330709
11
1.7405042913385826
21
0.4197983464566929
0
LINE
8
BLACK
6
CONTINUOUS
10
1.7405042913385826
20
0.4197983464566929
11
1.7405510236220472
21
0.4197541338582677
0
LINE
8
BLACK
6
CONTINUOUS
10
1.7405510236220472
20
0.4197541338582677
11
1.7424257874015747
21
0.4160046062992126
0
LINE
8
BLACK
6
CONTINUOUS
10
1.7424257874015747
20
0.4160046062992126
11
1.7427181496062991
21
0.4150216929133858
0
LINE
8
BLACK
6
CONTINUOUS
10
1.7427181496062991
20
0.4150216929133858
11
1.7422488582677165
21
0.4130571653543307
0
LINE
8
BLACK
6
CONTINUOUS
10
1.7422488582677165
20
0.4130571653543307
11
1.7406265748031495
21
0.4118538582677165
0
LINE
8
BLACK
6
CONTINUOUS
10
1.7406265748031495
20
0.4118538582677165
11
1.738610433070866
21
0.4119749212598425
0
LINE
8
BLACK
6
CONTINUOUS
10
1.738610433070866
20
0.4119749212598425
11
1.7371437401574803
21
0.4133635826771653
0
LINE
8
BLACK
6
CONTINUOUS
10
1.7371437401574803
20
0.4133635826771653
11
1.7354832677165355
21
0.4166845275590551
0
LINE
8
BLACK
6
CONTINUOUS
10
1.7354832677165355
20
0.4166845275590551
11
1.7322792913385827
21
0.4198884645669291
0
LINE
8
BLACK
6
CONTINUOUS
10
1.7322792913385827
20
0.4198884645669291
11
1.7268982677165354
21
0.4234758267716535
0
LINE
8
BLACK
6
CONTINUOUS
10
1.7268982677165354
20
0.4234758267716535
11
1.7261567716535433
21
0.4241842125984252
0
LINE
8
BLACK
6
CONTINUOUS
10
1.7261567716535433
20
0.4241842125984252
11
1.7261090551181102
21
0.4243471259842519
0
LINE
8
BLACK
6
CONTINUOUS
10
1.7261090551181102
20
0.4243471259842519
11
1.7259790157480315
21
0.4244562992125984
0
LINE
8
BLACK
6
CONTINUOUS
10
1.7259790157480315
20
0.4244562992125984
11
1.7258301968503937
21
0.4253001968503937
0
LINE
8
BLACK
6
CONTINUOUS
10
1.7258301968503937
20
0.4253001968503937
11
1.7255895275590551
21
0.426122716535433
0
LINE
8
BLACK
6
CONTINUOUS
10
1.7255895275590551
20
0.426122716535433
11
1.725657716535433
21
0.4262781889763779
0
LINE
8
BLACK
6
CONTINUOUS
10
1.725657716535433
20
0.4262781889763779
11
1.7256282677165353
21
0.4264454330708661
0
LINE
8
BLACK
6
CONTINUOUS
10
1.7256282677165353
20
0.4264454330708661
11
1.7260566929133858
21
0.4271874803149606
0
LINE
8
BLACK
6
CONTINUOUS
10
1.7260566929133858
20
0.4271874803149606
11
1.726401062992126
21
0.4279723228346456
0
LINE
8
BLACK
6
CONTINUOUS
10
1.726401062992126
20
0.4279723228346456
11
1.7265533070866141
21
0.4280475590551181
0
LINE
8
BLACK
6
CONTINUOUS
10
1.7265533070866141
20
0.4280475590551181
11
1.726638188976378
21
0.4281946062992126
0
LINE
8
BLACK
6
CONTINUOUS
10
1.726638188976378
20
0.4281946062992126
11
1.7274434251968505
21
0.4284876771653543
0
LINE
8
BLACK
6
CONTINUOUS
10
1.7274434251968505
20
0.4284876771653543
11
1.728211653543307
21
0.4288675196850393
0
LINE
8
BLACK
6
CONTINUOUS
10
1.728211653543307
20
0.4288675196850393
11
1.7283765748031497
21
0.4288273228346456
0
LINE
8
BLACK
6
CONTINUOUS
10
1.7283765748031497
20
0.4288273228346456
11
1.7285361811023621
21
0.4288854330708661
0
LINE
8
BLACK
6
CONTINUOUS
10
1.7285361811023621
20
0.4288854330708661
11
1.7649535039370079
21
0.4288854330708661
0
LINE
8
BLACK
6
CONTINUOUS
10
1.7649535039370079
20
0.4288854330708661
11
1.7649535039370079
21
0.4371812598425197
0
LINE
8
BLACK
6
CONTINUOUS
10
1.7649535039370079
20
0.4371812598425197
11
1.7651315748031495
21
0.4381911811023622
0
LINE
8
BLACK
6
CONTINUOUS
10
1.7651315748031495
20
0.4381911811023622
11
1.7664298818897637
21
0.4397384251968504
0
LINE
8
BLACK
6
CONTINUOUS
10
1.7664298818897637
20
0.4397384251968504
11
1.7684190157480315
21
0.4400891732283465
0
LINE
8
BLACK
6
CONTINUOUS
10
1.7684190157480315
20
0.4400891732283465
11
1.7701681889763778
21
0.4390792519685039
0
LINE
8
BLACK
6
CONTINUOUS
10
1.8244444881889763
20
0.5242384645669291
11
1.8245797244094488
21
0.5241249606299212
0
LINE
8
BLACK
6
CONTINUOUS
10
1.8245797244094488
20
0.5241249606299212
11
1.8247550787401574
21
0.5241048031496063
0
LINE
8
BLACK
6
CONTINUOUS
10
1.8247550787401574
20
0.5241048031496063
11
1.8285046062992125
21
0.5222300393700787
0
LINE
8
BLACK
6
CONTINUOUS
10
1.8285046062992125
20
0.5222300393700787
11
1.8292136614173229
21
0.521704094488189
0
LINE
8
BLACK
6
CONTINUOUS
10
1.8292136614173229
20
0.521704094488189
11
1.8292720078740157
21
0.5216769291338582
0
LINE
8
BLACK
6
CONTINUOUS
10
1.8292720078740157
20
0.5216769291338582
11
1.8311467716535432
21
0.5198021653543307
0
LINE
8
BLACK
6
CONTINUOUS
10
1.8311467716535432
20
0.5198021653543307
11
1.8316530314960628
21
0.5190790551181103
0
LINE
8
BLACK
6
CONTINUOUS
10
1.8316530314960628
20
0.5190790551181103
11
1.8316998818897638
21
0.5190347637795275
0
LINE
8
BLACK
6
CONTINUOUS
10
1.8316998818897638
20
0.5190347637795275
11
1.8335746456692914
21
0.5152852362204724
0
LINE
8
BLACK
6
CONTINUOUS
10
1.8335746456692914
20
0.5152852362204724
11
1.8338670078740158
21
0.5143023228346456
0
LINE
8
BLACK
6
CONTINUOUS
10
1.8338670078740158
20
0.5143023228346456
11
1.8338259842519684
21
0.514130590551181
0
LINE
8
BLACK
6
CONTINUOUS
10
1.8338259842519684
20
0.514130590551181
11
1.8338863779527559
21
0.5139647244094488
0
LINE
8
BLACK
6
CONTINUOUS
10
1.8338863779527559
20
0.5139647244094488
11
1.8338863779527559
21
0.5120899606299213
0
LINE
8
BLACK
6
CONTINUOUS
10
1.8338863779527559
20
0.5120899606299213
11
1.833708307086614
21
0.5110800393700787
0
LINE
8
BLACK
6
CONTINUOUS
10
1.833708307086614
20
0.5110800393700787
11
1.8335948031496063
21
0.5109447637795276
0
LINE
8
BLACK
6
CONTINUOUS
10
1.8335948031496063
20
0.5109447637795276
11
1.8335746456692914
21
0.5107694488188976
0
LINE
8
BLACK
6
CONTINUOUS
10
1.8335746456692914
20
0.5107694488188976
11
1.8316998818897638
21
0.5070199212598425
0
LINE
8
BLACK
6
CONTINUOUS
10
1.8316998818897638
20
0.5070199212598425
11
1.8311739763779527
21
0.5063108267716535
0
LINE
8
BLACK
6
CONTINUOUS
10
1.8311739763779527
20
0.5063108267716535
11
1.8311467716535432
21
0.5062525196850394
0
LINE
8
BLACK
6
CONTINUOUS
10
1.8311467716535432
20
0.5062525196850394
11
1.8294851574803148
21
0.504590905511811
0
LINE
8
BLACK
6
CONTINUOUS
10
1.8294851574803148
20
0.504590905511811
11
1.8311467716535432
21
0.5029292913385827
0
LINE
8
BLACK
6
CONTINUOUS
10
1.8311467716535432
20
0.5029292913385827
11
1.8316530314960628
21
0.5022061811023621
0
LINE
8
BLACK
6
CONTINUOUS
10
1.8316530314960628
20
0.5022061811023621
11
1.8316998818897638
21
0.5021618897637795
0
LINE
8
BLACK
6
CONTINUOUS
10
1.8316998818897638
20
0.5021618897637795
11
1.8335746456692914
21
0.4984123622047244
0
LINE
8
BLACK
6
CONTINUOUS
10
1.8335746456692914
20
0.4984123622047244
11
1.8338670078740158
21
0.4974294488188976
0
LINE
8
BLACK
6
CONTINUOUS
10
1.8338670078740158
20
0.4974294488188976
11
1.8338259842519684
21
0.497257716535433
0
LINE
8
BLACK
6
CONTINUOUS
10
1.8338259842519684
20
0.497257716535433
11
1.8338863779527559
21
0.4970918503937008
0
LINE
8
BLACK
6
CONTINUOUS
10
1.8338863779527559
20
0.4970918503937008
11
1.8338863779527559
21
0.4895927952755905
0
LINE
8
BLACK
6
CONTINUOUS
10
1.8338863779527559
20
0.4895927952755905
11
1.833708307086614
21
0.488582874015748
0
LINE
8
BLACK
6
CONTINUOUS
10
1.833708307086614
20
0.488582874015748
11
1.8335948031496063
21
0.4884475984251969
0
LINE
8
BLACK
6
CONTINUOUS
10
1.8335948031496063
20
0.4884475984251969
11
1.8335746456692914
21
0.4882722834645669
0
LINE
8
BLACK
6
CONTINUOUS
10
1.8335746456692914
20
0.4882722834645669
11
1.8316998818897638
21
0.4845227559055118
0
LINE
8
BLACK
6
CONTINUOUS
10
1.8316998818897638
20
0.4845227559055118
11
1.8311739763779527
21
0.4838136614173228
0
LINE
8
BLACK
6
CONTINUOUS
10
1.8311739763779527
20
0.4838136614173228
11
1.8311467716535432
21
0.4837553543307087
0
LINE
8
BLACK
6
CONTINUOUS
10
1.8311467716535432
20
0.4837553543307087
11
1.8292720078740157
21
0.4818805905511811
0
LINE
8
BLACK
6
CONTINUOUS
10
1.8292720078740157
20
0.4818805905511811
11
1.8285490157480315
21
0.4813743700787401
0
LINE
8
BLACK
6
CONTINUOUS
10
1.8285490157480315
20
0.4813743700787401
11
1.8285046456692913
21
0.4813274803149606
0
LINE
8
BLACK
6
CONTINUOUS
10
1.8285046456692913
20
0.4813274803149606
11
1.8247551181102362
21
0.4794526771653543
0
LINE
8
BLACK
6
CONTINUOUS
10
1.8247551181102362
20
0.4794526771653543
11
1.8237721653543306
21
0.4791603149606299
0
LINE
8
BLACK
6
CONTINUOUS
10
1.8237721653543306
20
0.4791603149606299
11
1.8236004330708662
21
0.4792012992125984
0
LINE
8
BLACK
6
CONTINUOUS
10
1.8236004330708662
20
0.4792012992125984
11
1.8234345669291339
21
0.4791409448818897
0
LINE
8
BLACK
6
CONTINUOUS
10
1.8234345669291339
20
0.4791409448818897
11
1.8159355118110236
21
0.4791409448818897
0
LINE
8
BLACK
6
CONTINUOUS
10
1.8159355118110236
20
0.4791409448818897
11
1.814925590551181
21
0.4793190157480315
0
LINE
8
BLACK
6
CONTINUOUS
10
1.814925590551181
20
0.4793190157480315
11
1.8147903149606299
21
0.4794324803149606
0
LINE
8
BLACK
6
CONTINUOUS
10
1.8147903149606299
20
0.4794324803149606
11
1.8146149999999999
21
0.4794526771653543
0
LINE
8
BLACK
6
CONTINUOUS
10
1.8146149999999999
20
0.4794526771653543
11
1.810865433070866
21
0.4813274803149606
0
LINE
8
BLACK
6
CONTINUOUS
10
1.810865433070866
20
0.4813274803149606
11
1.8101564173228346
21
0.4818533464566929
0
LINE
8
BLACK
6
CONTINUOUS
10
1.8101564173228346
20
0.4818533464566929
11
1.8100980708661416
21
0.4818805905511811
0
LINE
8
BLACK
6
CONTINUOUS
10
1.8100980708661416
20
0.4818805905511811
11
1.8082233070866141
21
0.4837553543307087
0
LINE
8
BLACK
6
CONTINUOUS
10
1.8082233070866141
20
0.4837553543307087
11
1.8077170078740157
21
0.4844784251968504
0
LINE
8
BLACK
6
CONTINUOUS
10
1.8077170078740157
20
0.4844784251968504
11
1.8076701968503937
21
0.4845227559055118
0
LINE
8
BLACK
6
CONTINUOUS
10
1.8076701968503937
20
0.4845227559055118
11
1.8057954330708661
21
0.4882722834645669
0
LINE
8
BLACK
6
CONTINUOUS
10
1.8057954330708661
20
0.4882722834645669
11
1.8055030708661417
21
0.4892552362204725
0
LINE
8
BLACK
6
CONTINUOUS
10
1.8055030708661417
20
0.4892552362204725
11
1.8055440551181101
21
0.4894268897637795
0
LINE
8
BLACK
6
CONTINUOUS
10
1.8055440551181101
20
0.4894268897637795
11
1.8054837007874016
21
0.4895927952755905
0
LINE
8
BLACK
6
CONTINUOUS
10
1.8054837007874016
20
0.4895927952755905
11
1.8054837007874016
21
0.4970918503937008
0
LINE
8
BLACK
6
CONTINUOUS
10
1.8054837007874016
20
0.4970918503937008
11
1.8056617716535432
21
0.4981017716535433
0
LINE
8
BLACK
6
CONTINUOUS
10
1.8056617716535432
20
0.4981017716535433
11
1.8057752362204724
21
0.4982370078740158
0
LINE
8
BLACK
6
CONTINUOUS
10
1.8057752362204724
20
0.4982370078740158
11
1.8057954330708661
21
0.4984123622047244
0
LINE
8
BLACK
6
CONTINUOUS
10
1.8057954330708661
20
0.4984123622047244
11
1.8076701968503937
21
0.5021618897637795
0
LINE
8
BLACK
6
CONTINUOUS
10
1.8076701968503937
20
0.5021618897637795
11
1.8081961023622046
21
0.5028709448818898
0
LINE
8
BLACK
6
CONTINUOUS
10
1.8081961023622046
20
0.5028709448818898
11
1.8082233070866141
21
0.5029292913385827
0
LINE
8
BLACK
6
CONTINUOUS
10
1.8082233070866141
20
0.5029292913385827
11
1.8098849212598425
21
0.504590905511811
0
LINE
8
BLACK
6
CONTINUOUS
10
1.8098849212598425
20
0.504590905511811
11
1.8082233070866141
21
0.5062525196850394
0
LINE
8
BLACK
6
CONTINUOUS
10
1.8082233070866141
20
0.5062525196850394
11
1.8077170078740157
21
0.5069755905511811
0
LINE
8
BLACK
6
CONTINUOUS
10
1.8077170078740157
20
0.5069755905511811
11
1.8076701968503937
21
0.5070199212598425
0
LINE
8
BLACK
6
CONTINUOUS
10
1.8076701968503937
20
0.5070199212598425
11
1.8057954330708661
21
0.5107694488188976
0
LINE
8
BLACK
6
CONTINUOUS
10
1.8057954330708661
20
0.5107694488188976
11
1.8055030708661417
21
0.5117524015748032
0
LINE
8
BLACK
6
CONTINUOUS
10
1.8055030708661417
20
0.5117524015748032
11
1.8055440551181101
21
0.5119240551181102
0
LINE
8
BLACK
6
CONTINUOUS
10
1.8055440551181101
20
0.5119240551181102
11
1.8054837007874016
21
0.5120899606299213
0
LINE
8
BLACK
6
CONTINUOUS
10
1.8054837007874016
20
0.5120899606299213
11
1.8054837007874016
21
0.5139647244094488
0
LINE
8
BLACK
6
CONTINUOUS
10
1.8054837007874016
20
0.5139647244094488
11
1.8056617716535432
21
0.5149746456692913
0
LINE
8
BLACK
6
CONTINUOUS
10
1.8056617716535432
20
0.5149746456692913
11
1.8057752362204724
21
0.5151098818897638
0
LINE
8
BLACK
6
CONTINUOUS
10
1.8057752362204724
20
0.5151098818897638
11
1.8057954330708661
21
0.5152852362204724
0
LINE
8
BLACK
6
CONTINUOUS
10
1.8057954330708661
20
0.5152852362204724
11
1.8076701968503937
21
0.5190347637795275
0
LINE
8
BLACK
6
CONTINUOUS
10
1.8076701968503937
20
0.5190347637795275
11
1.8081961023622046
21
0.5197438188976378
0
LINE
8
BLACK
6
CONTINUOUS
10
1.8081961023622046
20
0.5197438188976378
11
1.8082233070866141
21
0.5198021653543307
0
LINE
8
BLACK
6
CONTINUOUS
10
1.8082233070866141
20
0.5198021653543307
11
1.8100980708661416
21
0.5216769291338582
0
LINE
8
BLACK
6
CONTINUOUS
10
1.8100980708661416
20
0.5216769291338582
11
1.8108211417322835
21
0.5221831889763779
0
LINE
8
BLACK
6
CONTINUOUS
10
1.8108211417322835
20
0.5221831889763779
11
1.8108654724409448
21
0.5222300393700787
0
LINE
8
BLACK
6
CONTINUOUS
10
1.8108654724409448
20
0.5222300393700787
11
1.8146149999999999
21
0.5241048031496063
0
LINE
8
BLACK
6
CONTINUOUS
10
1.8146149999999999
20
0.5241048031496063
11
1.8155979133858267
21
0.5243971653543307
0
LINE
8
BLACK
6
CONTINUOUS
10
1.8155979133858267
20
0.5243971653543307
11
1.8157696062992126
21
0.5243561417322834
0
LINE
8
BLACK
6
CONTINUOUS
10
1.8157696062992126
20
0.5243561417322834
11
1.8159355118110236
21
0.5244165354330709
0
LINE
8
BLACK
6
CONTINUOUS
10
1.8159355118110236
20
0.5244165354330709
11
1.8234345669291339
21
0.5244165354330709
0
LINE
8
BLACK
6
CONTINUOUS
10
1.8234345669291339
20
0.5244165354330709
11
1.8244444881889763
21
0.5242384645669291
0
LINE
8
BLACK
6
CONTINUOUS
10
1.8139350787401574
20
0.5002894094488188
11
1.8127379527559055
21
0.4990922834645669
0
LINE
8
BLACK
6
CONTINUOUS
10
1.8127379527559055
20
0.4990922834645669
11
1.8113892125984252
21
0.4963948031496063
0
LINE
8
BLACK
6
CONTINUOUS
10
1.8113892125984252
20
0.4963948031496063
11
1.8113892125984252
21
0.490289842519685
0
LINE
8
BLACK
6
CONTINUOUS
10
1.8113892125984252
20
0.490289842519685
11
1.8127379527559055
21
0.4875923622047244
0
LINE
8
BLACK
6
CONTINUOUS
10
1.8127379527559055
20
0.4875923622047244
11
1.8139350393700786
21
0.4863952362204724
0
LINE
8
BLACK
6
CONTINUOUS
10
1.8139350393700786
20
0.4863952362204724
11
1.8166325984251968
21
0.4850464566929134
0
LINE
8
BLACK
6
CONTINUOUS
10
1.8166325984251968
20
0.4850464566929134
11
1.8227374803149605
21
0.4850464566929134
0
LINE
8
BLACK
6
CONTINUOUS
10
1.8227374803149605
20
0.4850464566929134
11
1.8254349606299212
21
0.4863951968503937
0
LINE
8
BLACK
6
CONTINUOUS
10
1.8254349606299212
20
0.4863951968503937
11
1.826632125984252
21
0.4875923622047244
0
LINE
8
BLACK
6
CONTINUOUS
10
1.826632125984252
20
0.4875923622047244
11
1.8279808661417323
21
0.490289842519685
0
LINE
8
BLACK
6
CONTINUOUS
10
1.8279808661417323
20
0.490289842519685
11
1.8279808661417323
21
0.4963948031496063
0
LINE
8
BLACK
6
CONTINUOUS
10
1.8279808661417323
20
0.4963948031496063
11
1.826632125984252
21
0.4990922834645669
0
LINE
8
BLACK
6
CONTINUOUS
10
1.826632125984252
20
0.4990922834645669
11
1.8254349999999999
21
0.5002894094488188
0
LINE
8
BLACK
6
CONTINUOUS
10
1.8254349999999999
20
0.5002894094488188
11
1.8227375196850393
21
0.5016381496062992
0
LINE
8
BLACK
6
CONTINUOUS
10
1.8227375196850393
20
0.5016381496062992
11
1.816632559055118
21
0.5016381496062992
0
LINE
8
BLACK
6
CONTINUOUS
10
1.816632559055118
20
0.5016381496062992
11
1.8139350787401574
21
0.5002894094488188
0
LINE
8
BLACK
6
CONTINUOUS
10
1.8139350787401574
20
0.5171622834645669
11
1.8127379527559055
21
0.5159651574803149
0
LINE
8
BLACK
6
CONTINUOUS
10
1.8127379527559055
20
0.5159651574803149
11
1.8113892125984252
21
0.5132676771653543
0
LINE
8
BLACK
6
CONTINUOUS
10
1.8113892125984252
20
0.5132676771653543
11
1.8113892125984252
21
0.5127870078740158
0
LINE
8
BLACK
6
CONTINUOUS
10
1.8113892125984252
20
0.5127870078740158
11
1.8127379527559055
21
0.5100895275590551
0
LINE
8
BLACK
6
CONTINUOUS
10
1.8127379527559055
20
0.5100895275590551
11
1.8139350787401574
21
0.5088924015748031
0
LINE
8
BLACK
6
CONTINUOUS
10
1.8139350787401574
20
0.5088924015748031
11
1.816632559055118
21
0.5075436614173229
0
LINE
8
BLACK
6
CONTINUOUS
10
1.816632559055118
20
0.5075436614173229
11
1.8227375196850393
21
0.5075436614173229
0
LINE
8
BLACK
6
CONTINUOUS
10
1.8227375196850393
20
0.5075436614173229
11
1.8254349999999999
21
0.5088924015748031
0
LINE
8
BLACK
6
CONTINUOUS
10
1.8254349999999999
20
0.5088924015748031
11
1.826632125984252
21
0.5100895275590551
0
LINE
8
BLACK
6
CONTINUOUS
10
1.826632125984252
20
0.5100895275590551
11
1.8279808661417323
21
0.5127870078740158
0
LINE
8
BLACK
6
CONTINUOUS
10
1.8279808661417323
20
0.5127870078740158
11
1.8279808661417323
21
0.5132676771653543
0
LINE
8
BLACK
6
CONTINUOUS
10
1.8279808661417323
20
0.5132676771653543
11
1.826632125984252
21
0.5159651574803149
0
LINE
8
BLACK
6
CONTINUOUS
10
1.826632125984252
20
0.5159651574803149
11
1.8254349999999999
21
0.5171622834645669
0
LINE
8
BLACK
6
CONTINUOUS
10
1.8254349999999999
20
0.5171622834645669
11
1.8227375196850393
21
0.5185110236220473
0
LINE
8
BLACK
6
CONTINUOUS
10
1.8227375196850393
20
0.5185110236220473
11
1.816632559055118
21
0.5185110236220473
0
LINE
8
BLACK
6
CONTINUOUS
10
1.816632559055118
20
0.5185110236220473
11
1.8139350787401574
21
0.5171622834645669
0
LINE
8
BLACK
6
CONTINUOUS
10
1.7869491732283465
20
0.5242384645669291
11
1.787084409448819
21
0.5241249606299212
0
LINE
8
BLACK
6
CONTINUOUS
10
1.787084409448819
20
0.5241249606299212
11
1.7872597637795276
21
0.5241048031496063
0
LINE
8
BLACK
6
CONTINUOUS
10
1.7872597637795276
20
0.5241048031496063
11
1.7910092913385827
21
0.5222300393700787
0
LINE
8
BLACK
6
CONTINUOUS
10
1.7910092913385827
20
0.5222300393700787
11
1.7917183464566928
21
0.521704094488189
0
LINE
8
BLACK
6
CONTINUOUS
10
1.7917183464566928
20
0.521704094488189
11
1.7917766929133858
21
0.5216769291338582
0
LINE
8
BLACK
6
CONTINUOUS
10
1.7917766929133858
20
0.5216769291338582
11
1.7936514566929134
21
0.5198021653543307
0
LINE
8
BLACK
6
CONTINUOUS
10
1.7936514566929134
20
0.5198021653543307
11
1.794157716535433
21
0.5190790551181103
0
LINE
8
BLACK
6
CONTINUOUS
10
1.794157716535433
20
0.5190790551181103
11
1.7942045669291338
21
0.5190347637795275
0
LINE
8
BLACK
6
CONTINUOUS
10
1.7942045669291338
20
0.5190347637795275
11
1.7960793307086613
21
0.5152852362204724
0
LINE
8
BLACK
6
CONTINUOUS
10
1.7960793307086613
20
0.5152852362204724
11
1.7963716929133857
21
0.5143023228346456
0
LINE
8
BLACK
6
CONTINUOUS
10
1.7963716929133857
20
0.5143023228346456
11
1.7963306692913386
21
0.514130590551181
0
LINE
8
BLACK
6
CONTINUOUS
10
1.7963306692913386
20
0.514130590551181
11
1.796391062992126
21
0.5139647244094488
0
LINE
8
BLACK
6
CONTINUOUS
10
1.796391062992126
20
0.5139647244094488
11
1.796391062992126
21
0.5083404330708662
0
LINE
8
BLACK
6
CONTINUOUS
10
1.796391062992126
20
0.5083404330708662
11
1.7962129921259842
21
0.5073305118110236
0
LINE
8
BLACK
6
CONTINUOUS
10
1.7962129921259842
20
0.5073305118110236
11
1.7960994881889762
21
0.5071952362204725
0
LINE
8
BLACK
6
CONTINUOUS
10
1.7960994881889762
20
0.5071952362204725
11
1.7960793307086613
21
0.5070199212598425
0
LINE
8
BLACK
6
CONTINUOUS
10
1.7960793307086613
20
0.5070199212598425
11
1.7942045669291338
21
0.5032703937007874
0
LINE
8
BLACK
6
CONTINUOUS
10
1.7942045669291338
20
0.5032703937007874
11
1.7936786614173228
21
0.5025612992125984
0
LINE
8
BLACK
6
CONTINUOUS
10
1.7936786614173228
20
0.5025612992125984
11
1.7936514566929134
21
0.5025029921259843
0
LINE
8
BLACK
6
CONTINUOUS
10
1.7936514566929134
20
0.5025029921259843
11
1.7917766929133858
21
0.5006282283464567
0
LINE
8
BLACK
6
CONTINUOUS
10
1.7917766929133858
20
0.5006282283464567
11
1.7910535826771654
21
0.5001219291338582
0
LINE
8
BLACK
6
CONTINUOUS
10
1.7910535826771654
20
0.5001219291338582
11
1.7910092913385827
21
0.5000751181102362
0
LINE
8
BLACK
6
CONTINUOUS
10
1.7910092913385827
20
0.5000751181102362
11
1.7872597637795276
21
0.4982003543307086
0
LINE
8
BLACK
6
CONTINUOUS
10
1.7872597637795276
20
0.4982003543307086
11
1.786276811023622
21
0.4979079921259842
0
LINE
8
BLACK
6
CONTINUOUS
10
1.786276811023622
20
0.4979079921259842
11
1.7861051181102361
21
0.4979489763779528
0
LINE
8
BLACK
6
CONTINUOUS
10
1.7861051181102361
20
0.4979489763779528
11
1.7859766141732283
21
0.4979022047244094
0
LINE
8
BLACK
6
CONTINUOUS
10
1.7859766141732283
20
0.4979022047244094
11
1.7958573228346457
21
0.483786968503937
0
LINE
8
BLACK
6
CONTINUOUS
10
1.7958573228346457
20
0.483786968503937
11
1.796290590551181
21
0.4828575196850394
0
LINE
8
BLACK
6
CONTINUOUS
10
1.796290590551181
20
0.4828575196850394
11
1.7961142519685038
21
0.4808454330708661
0
LINE
8
BLACK
6
CONTINUOUS
10
1.7961142519685038
20
0.4808454330708661
11
1.7946858267716534
21
0.4794174015748031
0
LINE
8
BLACK
6
CONTINUOUS
10
1.7946858267716534
20
0.4794174015748031
11
1.7926737007874016
21
0.4792416535433071
0
LINE
8
BLACK
6
CONTINUOUS
10
1.7926737007874016
20
0.4792416535433071
11
1.7910193307086615
21
0.4804003937007874
0
LINE
8
BLACK
6
CONTINUOUS
10
1.7910193307086615
20
0.4804003937007874
11
1.7787775984251968
21
0.4978886220472441
0
LINE
8
BLACK
6
CONTINUOUS
10
1.7787775984251968
20
0.4978886220472441
11
1.7738938976377951
21
0.4978886220472441
0
LINE
8
BLACK
6
CONTINUOUS
10
1.7738938976377951
20
0.4978886220472441
11
1.7738938976377951
21
0.4820937007874015
0
LINE
8
BLACK
6
CONTINUOUS
10
1.7738938976377951
20
0.4820937007874015
11
1.7737158267716535
21
0.481083779527559
0
LINE
8
BLACK
6
CONTINUOUS
10
1.7737158267716535
20
0.481083779527559
11
1.7724175196850394
21
0.4795365354330708
0
LINE
8
BLACK
6
CONTINUOUS
10
1.7724175196850394
20
0.4795365354330708
11
1.7704283858267715
21
0.4791857874015748
0
LINE
8
BLACK
6
CONTINUOUS
10
1.7704283858267715
20
0.4791857874015748
11
1.7686792125984252
21
0.4801957086614173
0
LINE
8
BLACK
6
CONTINUOUS
10
1.7686792125984252
20
0.4801957086614173
11
1.7679883858267715
21
0.4820937007874015
0
LINE
8
BLACK
6
CONTINUOUS
10
1.7679883858267715
20
0.4820937007874015
11
1.7679883858267715
21
0.5214637795275591
0
LINE
8
BLACK
6
CONTINUOUS
10
1.7679883858267715
20
0.5214637795275591
11
1.7680559842519685
21
0.5218472834645669
0
LINE
8
BLACK
6
CONTINUOUS
10
1.7680559842519685
20
0.5218472834645669
11
1.7680332283464566
21
0.5219765354330709
0
LINE
8
BLACK
6
CONTINUOUS
10
1.7680332283464566
20
0.5219765354330709
11
1.7680988188976376
21
0.5220901181102362
0
LINE
8
BLACK
6
CONTINUOUS
10
1.7680988188976376
20
0.5220901181102362
11
1.7681664566929134
21
0.5224737007874015
0
LINE
8
BLACK
6
CONTINUOUS
10
1.7681664566929134
20
0.5224737007874015
11
1.7686595669291338
21
0.5230613779527559
0
LINE
8
BLACK
6
CONTINUOUS
10
1.7686595669291338
20
0.5230613779527559
11
1.7690431496062993
21
0.5237257086614173
0
LINE
8
BLACK
6
CONTINUOUS
10
1.7690431496062993
20
0.5237257086614173
11
1.7692934645669292
21
0.523816811023622
0
LINE
8
BLACK
6
CONTINUOUS
10
1.7692934645669292
20
0.523816811023622
11
1.7694647637795275
21
0.5240209448818898
0
LINE
8
BLACK
6
CONTINUOUS
10
1.7694647637795275
20
0.5240209448818898
11
1.7702203149606299
21
0.5241541732283465
0
LINE
8
BLACK
6
CONTINUOUS
10
1.7702203149606299
20
0.5241541732283465
11
1.7709411417322833
21
0.5244165354330709
0
LINE
8
BLACK
6
CONTINUOUS
10
1.7709411417322833
20
0.5244165354330709
11
1.785939251968504
21
0.5244165354330709
0
LINE
8
BLACK
6
CONTINUOUS
10
1.785939251968504
20
0.5244165354330709
11
1.7869491732283465
21
0.5242384645669291
0
LINE
8
BLACK
6
CONTINUOUS
10
1.7738938976377951
20
0.5037941338582677
11
1.7852422047244094
21
0.5037941338582677
0
LINE
8
BLACK
6
CONTINUOUS
10
1.7852422047244094
20
0.5037941338582677
11
1.7879396850393701
21
0.505142874015748
0
LINE
8
BLACK
6
CONTINUOUS
10
1.7879396850393701
20
0.505142874015748
11
1.7891368110236221
21
0.50634
0
LINE
8
BLACK
6
CONTINUOUS
10
1.7891368110236221
20
0.50634
11
1.7904855511811024
21
0.5090374803149607
0
LINE
8
BLACK
6
CONTINUOUS
10
1.7904855511811024
20
0.5090374803149607
11
1.7904855511811024
21
0.5132676771653543
0
LINE
8
BLACK
6
CONTINUOUS
10
1.7904855511811024
20
0.5132676771653543
11
1.7891368110236221
21
0.5159651574803149
0
LINE
8
BLACK
6
CONTINUOUS
10
1.7891368110236221
20
0.5159651574803149
11
1.7879396850393701
21
0.5171622834645669
0
LINE
8
BLACK
6
CONTINUOUS
10
1.7879396850393701
20
0.5171622834645669
11
1.7852422047244094
21
0.5185110236220473
0
LINE
8
BLACK
6
CONTINUOUS
10
1.7852422047244094
20
0.5185110236220473
11
1.7738938976377951
21
0.5185110236220473
0
LINE
8
BLACK
6
CONTINUOUS
10
1.7738938976377951
20
0.5185110236220473
11
1.7738938976377951
21
0.5037941338582677
0
LINE
8
BLACK
6
CONTINUOUS
10
0.1196850393700787
20
0.5624635826771653
11
0.1218466141732283
21
0.5603020078740157
0
LINE
8
BLACK
6
CONTINUOUS
10
0.1218466141732283
20
0.5603020078740157
11
0.1226377952755905
21
0.5573492519685039
0
LINE
8
BLACK
6
CONTINUOUS
10
0.1226377952755905
20
0.5573492519685039
11
0.1226377952755905
21
0.5151670078740157
0
LINE
8
BLACK
6
CONTINUOUS
10
0.1226377952755905
20
0.5151670078740157
11
0.1223916929133858
21
0.5142485433070866
0
LINE
8
BLACK
6
CONTINUOUS
10
0.1223916929133858
20
0.5142485433070866
11
0.1223347244094488
21
0.5132994881889764
0
LINE
8
BLACK
6
CONTINUOUS
10
0.1223347244094488
20
0.5132994881889764
11
0.1195225590551181
21
0.5048630708661417
0
LINE
8
BLACK
6
CONTINUOUS
10
0.1195225590551181
20
0.5048630708661417
11
0.1187746850393701
21
0.5037303543307087
0
LINE
8
BLACK
6
CONTINUOUS
10
0.1187746850393701
20
0.5037303543307087
11
0.1180959448818898
21
0.5025547637795276
0
LINE
8
BLACK
6
CONTINUOUS
10
0.1180959448818898
20
0.5025547637795276
11
0.1124716535433071
21
0.4969304724409448
0
LINE
8
BLACK
6
CONTINUOUS
10
0.1124716535433071
20
0.4969304724409448
11
0.1112961811023622
21
0.496251811023622
0
LINE
8
BLACK
6
CONTINUOUS
10
0.1112961811023622
20
0.496251811023622
11
0.1101633070866142
21
0.4955038188976378
0
LINE
8
BLACK
6
CONTINUOUS
10
0.1101633070866142
20
0.4955038188976378
11
0.1017268503937008
21
0.4926916929133858
0
LINE
8
BLACK
6
CONTINUOUS
10
0.1017268503937008
20
0.4926916929133858
11
0.1007777952755906
21
0.4926346850393701
0
LINE
8
BLACK
6
CONTINUOUS
10
0.1007777952755906
20
0.4926346850393701
11
0.0998593700787402
21
0.4923886220472441
0
LINE
8
BLACK
6
CONTINUOUS
10
0.0998593700787402
20
0.4923886220472441
11
0.0942350787401575
21
0.4923886220472441
0
LINE
8
BLACK
6
CONTINUOUS
10
0.0942350787401575
20
0.4923886220472441
11
0.0912823228346457
21
0.4931798031496063
0
LINE
8
BLACK
6
CONTINUOUS
10
0.0912823228346457
20
0.4931798031496063
11
0.0891207480314961
21
0.4953413779527559
0
LINE
8
BLACK
6
CONTINUOUS
10
0.0891207480314961
20
0.4953413779527559
11
0.0883295669291339
21
0.4982941338582677
0
LINE
8
BLACK
6
CONTINUOUS
10
0.0883295669291339
20
0.4982941338582677
11
0.0891207480314961
21
0.5012468897637795
0
LINE
8
BLACK
6
CONTINUOUS
10
0.0891207480314961
20
0.5012468897637795
11
0.0912823228346457
21
0.5034084645669291
0
LINE
8
BLACK
6
CONTINUOUS
10
0.0912823228346457
20
0.5034084645669291
11
0.0942350787401575
21
0.5041996456692913
0
LINE
8
BLACK
6
CONTINUOUS
10
0.0942350787401575
20
0.5041996456692913
11
0.0989011023622047
21
0.5041996456692913
0
LINE
8
BLACK
6
CONTINUOUS
10
0.0989011023622047
20
0.5041996456692913
11
0.1051057480314961
21
0.506267874015748
0
LINE
8
BLACK
6
CONTINUOUS
10
0.1051057480314961
20
0.506267874015748
11
0.1087585039370079
21
0.5099206299212599
0
LINE
8
BLACK
6
CONTINUOUS
10
0.1087585039370079
20
0.5099206299212599
11
0.1108267716535433
21
0.5161252755905512
0
LINE
8
BLACK
6
CONTINUOUS
10
0.1108267716535433
20
0.5161252755905512
11
0.1108267716535433
21
0.5573492519685039
0
LINE
8
BLACK
6
CONTINUOUS
10
0.1108267716535433
20
0.5573492519685039
11
0.1116179527559055
21
0.5603020078740157
0
LINE
8
BLACK
6
CONTINUOUS
10
0.1116179527559055
20
0.5603020078740157
11
0.1137795275590551
21
0.5624635826771653
0
LINE
8
BLACK
6
CONTINUOUS
10
0.1137795275590551
20
0.5624635826771653
11
0.1167322834645669
21
0.5632547637795275
0
LINE
8
BLACK
6
CONTINUOUS
10
0.1167322834645669
20
0.5632547637795275
11
0.1196850393700787
21
0.5624635826771653
0
LINE
8
BLACK
6
CONTINUOUS
10
0.218888031496063
20
0.5630086614173229
11
0.2198370866141732
21
0.5629516929133858
0
LINE
8
BLACK
6
CONTINUOUS
10
0.2198370866141732
20
0.5629516929133858
11
0.2282735433070866
21
0.5601395669291338
0
LINE
8
BLACK
6
CONTINUOUS
10
0.2282735433070866
20
0.5601395669291338
11
0.2294064173228346
21
0.5593915354330709
0
LINE
8
BLACK
6
CONTINUOUS
10
0.2294064173228346
20
0.5593915354330709
11
0.2305818897637795
21
0.5587129133858267
0
LINE
8
BLACK
6
CONTINUOUS
10
0.2305818897637795
20
0.5587129133858267
11
0.2333940157480315
21
0.5559007874015748
0
LINE
8
BLACK
6
CONTINUOUS
10
0.2333940157480315
20
0.5559007874015748
11
0.2349224803149606
21
0.5532534251968504
0
LINE
8
BLACK
6
CONTINUOUS
10
0.2349224803149606
20
0.5532534251968504
11
0.2349224803149606
21
0.5501964960629921
0
LINE
8
BLACK
6
CONTINUOUS
10
0.2349224803149606
20
0.5501964960629921
11
0.2333940157480315
21
0.5475491338582678
0
LINE
8
BLACK
6
CONTINUOUS
10
0.2333940157480315
20
0.5475491338582678
11
0.2307466535433071
21
0.5460206692913385
0
LINE
8
BLACK
6
CONTINUOUS
10
0.2307466535433071
20
0.5460206692913385
11
0.2276897244094488
21
0.5460206692913385
0
LINE
8
BLACK
6
CONTINUOUS
10
0.2276897244094488
20
0.5460206692913385
11
0.2250423622047244
21
0.5475491338582678
0
LINE
8
BLACK
6
CONTINUOUS
10
0.2250423622047244
20
0.5475491338582678
11
0.2232159842519685
21
0.5493754724409449
0
LINE
8
BLACK
6
CONTINUOUS
10
0.2232159842519685
20
0.5493754724409449
11
0.2170113385826772
21
0.5514437401574803
0
LINE
8
BLACK
6
CONTINUOUS
10
0.2170113385826772
20
0.5514437401574803
11
0.2133037007874016
21
0.5514437401574803
0
LINE
8
BLACK
6
CONTINUOUS
10
0.2133037007874016
20
0.5514437401574803
11
0.2070988976377953
21
0.5493754724409449
0
LINE
8
BLACK
6
CONTINUOUS
10
0.2070988976377953
20
0.5493754724409449
11
0.203138031496063
21
0.5454146062992126
0
LINE
8
BLACK
6
CONTINUOUS
10
0.203138031496063
20
0.5454146062992126
11
0.2010442913385827
21
0.5412272047244094
0
LINE
8
BLACK
6
CONTINUOUS
10
0.2010442913385827
20
0.5412272047244094
11
0.1985657874015748
21
0.5313129921259843
0
LINE
8
BLACK
6
CONTINUOUS
10
0.1985657874015748
20
0.5313129921259843
11
0.1985657874015748
21
0.5243303543307086
0
LINE
8
BLACK
6
CONTINUOUS
10
0.1985657874015748
20
0.5243303543307086
11
0.2010442913385827
21
0.5144161417322834
0
LINE
8
BLACK
6
CONTINUOUS
10
0.2010442913385827
20
0.5144161417322834
11
0.203138031496063
21
0.5102287401574803
0
LINE
8
BLACK
6
CONTINUOUS
10
0.203138031496063
20
0.5102287401574803
11
0.2070988976377953
21
0.506267874015748
0
LINE
8
BLACK
6
CONTINUOUS
10
0.2070988976377953
20
0.506267874015748
11
0.2133037007874016
21
0.5041996456692913
0
LINE
8
BLACK
6
CONTINUOUS
10
0.2133037007874016
20
0.5041996456692913
11
0.2170113385826772
21
0.5041996456692913
0
LINE
8
BLACK
6
CONTINUOUS
10
0.2170113385826772
20
0.5041996456692913
11
0.2232159842519685
21
0.506267874015748
0
LINE
8
BLACK
6
CONTINUOUS
10
0.2232159842519685
20
0.506267874015748
11
0.2250423622047244
21
0.5080942519685039
0
LINE
8
BLACK
6
CONTINUOUS
10
0.2250423622047244
20
0.5080942519685039
11
0.2276897244094488
21
0.509622716535433
0
LINE
8
BLACK
6
CONTINUOUS
10
0.2276897244094488
20
0.509622716535433
11
0.2307466535433071
21
0.509622716535433
0
LINE
8
BLACK
6
CONTINUOUS
10
0.2307466535433071
20
0.509622716535433
11
0.2333940157480315
21
0.5080942519685039
0
LINE
8
BLACK
6
CONTINUOUS
10
0.2333940157480315
20
0.5080942519685039
11
0.2349224803149606
21
0.5054468897637795
0
LINE
8
BLACK
6
CONTINUOUS
10
0.2349224803149606
20
0.5054468897637795
11
0.2349224803149606
21
0.5023899606299213
0
LINE
8
BLACK
6
CONTINUOUS
10
0.2349224803149606
20
0.5023899606299213
11
0.2333940157480315
21
0.4997425984251969
0
LINE
8
BLACK
6
CONTINUOUS
10
0.2333940157480315
20
0.4997425984251969
11
0.2305818897637795
21
0.4969304724409448
0
LINE
8
BLACK
6
CONTINUOUS
10
0.2305818897637795
20
0.4969304724409448
11
0.2294064173228346
21
0.496251811023622
0
LINE
8
BLACK
6
CONTINUOUS
10
0.2294064173228346
20
0.496251811023622
11
0.2282735433070866
21
0.4955038188976378
0
LINE
8
BLACK
6
CONTINUOUS
10
0.2282735433070866
20
0.4955038188976378
11
0.2198370866141732
21
0.4926916929133858
0
LINE
8
BLACK
6
CONTINUOUS
10
0.2198370866141732
20
0.4926916929133858
11
0.218888031496063
21
0.4926346850393701
0
LINE
8
BLACK
6
CONTINUOUS
10
0.218888031496063
20
0.4926346850393701
11
0.2179696062992126
21
0.4923886220472441
0
LINE
8
BLACK
6
CONTINUOUS
10
0.2179696062992126
20
0.4923886220472441
11
0.2123453149606299
21
0.4923886220472441
0
LINE
8
BLACK
6
CONTINUOUS
10
0.2123453149606299
20
0.4923886220472441
11
0.2114268503937008
21
0.4926346850393701
0
LINE
8
BLACK
6
CONTINUOUS
10
0.2114268503937008
20
0.4926346850393701
11
0.2104777952755905
21
0.4926916929133858
0
LINE
8
BLACK
6
CONTINUOUS
10
0.2104777952755905
20
0.4926916929133858
11
0.2020413779527559
21
0.4955038582677165
0
LINE
8
BLACK
6
CONTINUOUS
10
0.2020413779527559
20
0.4955038582677165
11
0.2009085826771654
21
0.4962517322834645
0
LINE
8
BLACK
6
CONTINUOUS
10
0.2009085826771654
20
0.4962517322834645
11
0.199733031496063
21
0.4969304724409448
0
LINE
8
BLACK
6
CONTINUOUS
10
0.199733031496063
20
0.4969304724409448
11
0.1941087401574803
21
0.5025547637795276
0
LINE
8
BLACK
6
CONTINUOUS
10
0.1941087401574803
20
0.5025547637795276
11
0.1936333070866142
21
0.503378188976378
0
LINE
8
BLACK
6
CONTINUOUS
10
0.1936333070866142
20
0.503378188976378
11
0.1930025196850394
21
0.5040895669291339
0
LINE
8
BLACK
6
CONTINUOUS
10
0.1930025196850394
20
0.5040895669291339
11
0.1901903543307087
21
0.5097138582677165
0
LINE
8
BLACK
6
CONTINUOUS
10
0.1901903543307087
20
0.5097138582677165
11
0.1900596062992126
21
0.5103525984251969
0
LINE
8
BLACK
6
CONTINUOUS
10
0.1900596062992126
20
0.5103525984251969
11
0.1897432283464567
21
0.5109225984251968
0
LINE
8
BLACK
6
CONTINUOUS
10
0.1897432283464567
20
0.5109225984251968
11
0.1869311023622047
21
0.5221711811023622
0
LINE
8
BLACK
6
CONTINUOUS
10
0.1869311023622047
20
0.5221711811023622
11
0.1869433464566929
21
0.5228996062992126
0
LINE
8
BLACK
6
CONTINUOUS
10
0.1869433464566929
20
0.5228996062992126
11
0.1867547637795275
21
0.5236034645669291
0
LINE
8
BLACK
6
CONTINUOUS
10
0.1867547637795275
20
0.5236034645669291
11
0.1867547637795275
21
0.5320399212598425
0
LINE
8
BLACK
6
CONTINUOUS
10
0.1867547637795275
20
0.5320399212598425
11
0.1869433464566929
21
0.5327437401574803
0
LINE
8
BLACK
6
CONTINUOUS
10
0.1869433464566929
20
0.5327437401574803
11
0.1869311023622047
21
0.5334722047244095
0
LINE
8
BLACK
6
CONTINUOUS
10
0.1869311023622047
20
0.5334722047244095
11
0.1897432283464567
21
0.5447207874015748
0
LINE
8
BLACK
6
CONTINUOUS
10
0.1897432283464567
20
0.5447207874015748
11
0.1900596062992126
21
0.545290748031496
0
LINE
8
BLACK
6
CONTINUOUS
10
0.1900596062992126
20
0.545290748031496
11
0.1901903543307087
21
0.5459295275590551
0
LINE
8
BLACK
6
CONTINUOUS
10
0.1901903543307087
20
0.5459295275590551
11
0.1930025196850394
21
0.5515538188976378
0
LINE
8
BLACK
6
CONTINUOUS
10
0.1930025196850394
20
0.5515538188976378
11
0.1936333070866142
21
0.5522651574803149
0
LINE
8
BLACK
6
CONTINUOUS
10
0.1936333070866142
20
0.5522651574803149
11
0.1941087401574803
21
0.5530886220472441
0
LINE
8
BLACK
6
CONTINUOUS
10
0.1941087401574803
20
0.5530886220472441
11
0.199733031496063
21
0.5587129133858267
0
LINE
8
BLACK
6
CONTINUOUS
10
0.199733031496063
20
0.5587129133858267
11
0.2009085826771654
21
0.5593916141732284
0
LINE
8
BLACK
6
CONTINUOUS
10
0.2009085826771654
20
0.5593916141732284
11
0.2020413779527559
21
0.5601395275590551
0
LINE
8
BLACK
6
CONTINUOUS
10
0.2020413779527559
20
0.5601395275590551
11
0.2104777952755905
21
0.5629516929133858
0
LINE
8
BLACK
6
CONTINUOUS
10
0.2104777952755905
20
0.5629516929133858
11
0.2114268503937008
21
0.5630086614173229
0
LINE
8
BLACK
6
CONTINUOUS
10
0.2114268503937008
20
0.5630086614173229
11
0.2123453149606299
21
0.5632547637795275
0
LINE
8
BLACK
6
CONTINUOUS
10
0.2123453149606299
20
0.5632547637795275
11
0.2179696062992126
21
0.5632547637795275
0
LINE
8
BLACK
6
CONTINUOUS
10
0.2179696062992126
20
0.5632547637795275
11
0.218888031496063
21
0.5630086614173229
0
LINE
8
BLACK
6
CONTINUOUS
10
0.291226062992126
20
0.5624635826771653
11
0.2933876377952756
21
0.5603020078740157
0
LINE
8
BLACK
6
CONTINUOUS
10
0.2933876377952756
20
0.5603020078740157
11
0.2941788188976378
21
0.5573492519685039
0
LINE
8
BLACK
6
CONTINUOUS
10
0.2941788188976378
20
0.5573492519685039
11
0.2941788188976378
21
0.4982941338582677
0
LINE
8
BLACK
6
CONTINUOUS
10
0.2941788188976378
20
0.4982941338582677
11
0.2933876377952756
21
0.4953413779527559
0
LINE
8
BLACK
6
CONTINUOUS
10
0.2933876377952756
20
0.4953413779527559
11
0.291226062992126
21
0.4931798031496063
0
LINE
8
BLACK
6
CONTINUOUS
10
0.291226062992126
20
0.4931798031496063
11
0.2882733070866141
21
0.4923886220472441
0
LINE
8
BLACK
6
CONTINUOUS
10
0.2882733070866141
20
0.4923886220472441
11
0.2853205511811023
21
0.4931798031496063
0
LINE
8
BLACK
6
CONTINUOUS
10
0.2853205511811023
20
0.4931798031496063
11
0.2831589763779527
21
0.4953413779527559
0
LINE
8
BLACK
6
CONTINUOUS
10
0.2831589763779527
20
0.4953413779527559
11
0.2823677952755905
21
0.4982941338582677
0
LINE
8
BLACK
6
CONTINUOUS
10
0.2823677952755905
20
0.4982941338582677
11
0.2823677952755905
21
0.5233222440944881
0
LINE
8
BLACK
6
CONTINUOUS
10
0.2823677952755905
20
0.5233222440944881
11
0.260433031496063
21
0.5233222440944881
0
LINE
8
BLACK
6
CONTINUOUS
10
0.260433031496063
20
0.5233222440944881
11
0.260433031496063
21
0.4982941338582677
0
LINE
8
BLACK
6
CONTINUOUS
10
0.260433031496063
20
0.4982941338582677
11
0.2596418503937008
21
0.4953413779527559
0
LINE
8
BLACK
6
CONTINUOUS
10
0.2596418503937008
20
0.4953413779527559
11
0.2574802755905512
21
0.4931798031496063
0
LINE
8
BLACK
6
CONTINUOUS
10
0.2574802755905512
20
0.4931798031496063
11
0.2545275196850393
21
0.4923886220472441
0
LINE
8
BLACK
6
CONTINUOUS
10
0.2545275196850393
20
0.4923886220472441
11
0.2515747637795275
21
0.4931798031496063
0
LINE
8
BLACK
6
CONTINUOUS
10
0.2515747637795275
20
0.4931798031496063
11
0.249413188976378
21
0.4953413779527559
0
LINE
8
BLACK
6
CONTINUOUS
10
0.249413188976378
20
0.4953413779527559
11
0.2486220078740158
21
0.4982941338582677
0
LINE
8
BLACK
6
CONTINUOUS
10
0.2486220078740158
20
0.4982941338582677
11
0.2486220078740158
21
0.5573492519685039
0
LINE
8
BLACK
6
CONTINUOUS
10
0.2486220078740158
20
0.5573492519685039
11
0.249413188976378
21
0.5603020078740157
0
LINE
8
BLACK
6
CONTINUOUS
10
0.249413188976378
20
0.5603020078740157
11
0.2515747637795275
21
0.5624635826771653
0
LINE
8
BLACK
6
CONTINUOUS
10
0.2515747637795275
20
0.5624635826771653
11
0.2545275196850393
21
0.5632547637795275
0
LINE
8
BLACK
6
CONTINUOUS
10
0.2545275196850393
20
0.5632547637795275
11
0.2574802755905512
21
0.5624635826771653
0
LINE
8
BLACK
6
CONTINUOUS
10
0.2574802755905512
20
0.5624635826771653
11
0.2596418503937008
21
0.5603020078740157
0
LINE
8
BLACK
6
CONTINUOUS
10
0.2596418503937008
20
0.5603020078740157
11
0.260433031496063
21
0.5573492519685039
0
LINE
8
BLACK
6
CONTINUOUS
10
0.260433031496063
20
0.5573492519685039
11
0.260433031496063
21
0.5351332677165355
0
LINE
8
BLACK
6
CONTINUOUS
10
0.260433031496063
20
0.5351332677165355
11
0.2823677952755905
21
0.5351332677165355
0
LINE
8
BLACK
6
CONTINUOUS
10
0.2823677952755905
20
0.5351332677165355
11
0.2823677952755905
21
0.5573492519685039
0
LINE
8
BLACK
6
CONTINUOUS
10
0.2823677952755905
20
0.5573492519685039
11
0.2831589763779527
21
0.5603020078740157
0
LINE
8
BLACK
6
CONTINUOUS
10
0.2831589763779527
20
0.5603020078740157
11
0.2853205511811023
21
0.5624635826771653
0
LINE
8
BLACK
6
CONTINUOUS
10
0.2853205511811023
20
0.5624635826771653
11
0.2882733070866141
21
0.5632547637795275
0
LINE
8
BLACK
6
CONTINUOUS
10
0.2882733070866141
20
0.5632547637795275
11
0.291226062992126
21
0.5624635826771653
0
LINE
8
BLACK
6
CONTINUOUS
10
0.3402030708661417
20
0.5629034251968503
11
0.341533031496063
21
0.5626312992125984
0
LINE
8
BLACK
6
CONTINUOUS
10
0.341533031496063
20
0.5626312992125984
11
0.3471573228346457
21
0.5598191338582678
0
LINE
8
BLACK
6
CONTINUOUS
10
0.3471573228346457
20
0.5598191338582678
11
0.3478686614173228
21
0.5591883070866142
0
LINE
8
BLACK
6
CONTINUOUS
10
0.3478686614173228
20
0.5591883070866142
11
0.348692125984252
21
0.5587129133858267
0
LINE
8
BLACK
6
CONTINUOUS
10
0.348692125984252
20
0.5587129133858267
11
0.3543164173228346
21
0.5530886220472441
0
LINE
8
BLACK
6
CONTINUOUS
10
0.3543164173228346
20
0.5530886220472441
11
0.3543420472440945
21
0.5530441732283464
0
LINE
8
BLACK
6
CONTINUOUS
10
0.3543420472440945
20
0.5530441732283464
11
0.354386062992126
21
0.5530177952755906
0
LINE
8
BLACK
6
CONTINUOUS
10
0.354386062992126
20
0.5530177952755906
11
0.3551044881889764
21
0.5517235826771654
0
LINE
8
BLACK
6
CONTINUOUS
10
0.3551044881889764
20
0.5517235826771654
11
0.3558448818897638
21
0.5504412598425197
0
LINE
8
BLACK
6
CONTINUOUS
10
0.3558448818897638
20
0.5504412598425197
11
0.3558448818897638
21
0.5503899212598425
0
LINE
8
BLACK
6
CONTINUOUS
10
0.3558448818897638
20
0.5503899212598425
11
0.3558697637795276
21
0.5503451181102362
0
LINE
8
BLACK
6
CONTINUOUS
10
0.3558697637795276
20
0.5503451181102362
11
0.3586819291338583
21
0.5390965354330709
0
LINE
8
BLACK
6
CONTINUOUS
10
0.3586819291338583
20
0.5390965354330709
11
0.3586696456692913
21
0.5383679921259842
0
LINE
8
BLACK
6
CONTINUOUS
10
0.3586696456692913
20
0.5383679921259842
11
0.3588582677165355
21
0.5376642125984252
0
LINE
8
BLACK
6
CONTINUOUS
10
0.3588582677165355
20
0.5376642125984252
11
0.3588582677165355
21
0.5179791732283464
0
LINE
8
BLACK
6
CONTINUOUS
10
0.3588582677165355
20
0.5179791732283464
11
0.3586696456692913
21
0.5172753543307087
0
LINE
8
BLACK
6
CONTINUOUS
10
0.3586696456692913
20
0.5172753543307087
11
0.3586819291338583
21
0.5165468503937007
0
LINE
8
BLACK
6
CONTINUOUS
10
0.3586819291338583
20
0.5165468503937007
11
0.3558697637795276
21
0.5052982677165354
0
LINE
8
BLACK
6
CONTINUOUS
10
0.3558697637795276
20
0.5052982677165354
11
0.3558448818897638
21
0.5052534251968503
0
LINE
8
BLACK
6
CONTINUOUS
10
0.3558448818897638
20
0.5052534251968503
11
0.3558448818897638
21
0.505202125984252
0
LINE
8
BLACK
6
CONTINUOUS
10
0.3558448818897638
20
0.505202125984252
11
0.3551044881889764
21
0.5039197637795275
0
LINE
8
BLACK
6
CONTINUOUS
10
0.3551044881889764
20
0.5039197637795275
11
0.354386062992126
21
0.5026255905511811
0
LINE
8
BLACK
6
CONTINUOUS
10
0.354386062992126
20
0.5026255905511811
11
0.3543420472440945
21
0.5025991732283465
0
LINE
8
BLACK
6
CONTINUOUS
10
0.3543420472440945
20
0.5025991732283465
11
0.3543164173228346
21
0.5025547637795276
0
LINE
8
BLACK
6
CONTINUOUS
10
0.3543164173228346
20
0.5025547637795276
11
0.348692125984252
21
0.4969304724409448
0
LINE
8
BLACK
6
CONTINUOUS
10
0.348692125984252
20
0.4969304724409448
11
0.3478686614173228
21
0.4964550393700787
0
LINE
8
BLACK
6
CONTINUOUS
10
0.3478686614173228
20
0.4964550393700787
11
0.3471573228346457
21
0.4958242519685039
0
LINE
8
BLACK
6
CONTINUOUS
10
0.3471573228346457
20
0.4958242519685039
11
0.341533031496063
21
0.4930120866141732
0
LINE
8
BLACK
6
CONTINUOUS
10
0.341533031496063
20
0.4930120866141732
11
0.3402030708661417
21
0.4927399212598425
0
LINE
8
BLACK
6
CONTINUOUS
10
0.3402030708661417
20
0.4927399212598425
11
0.3388920078740157
21
0.4923886220472441
0
LINE
8
BLACK
6
CONTINUOUS
10
0.3388920078740157
20
0.4923886220472441
11
0.3276434251968504
21
0.4923886220472441
0
LINE
8
BLACK
6
CONTINUOUS
10
0.3276434251968504
20
0.4923886220472441
11
0.3263323622047244
21
0.4927398818897638
0
LINE
8
BLACK
6
CONTINUOUS
10
0.3263323622047244
20
0.4927398818897638
11
0.3250023622047244
21
0.4930120866141732
0
LINE
8
BLACK
6
CONTINUOUS
10
0.3250023622047244
20
0.4930120866141732
11
0.3193781102362205
21
0.4958242519685039
0
LINE
8
BLACK
6
CONTINUOUS
10
0.3193781102362205
20
0.4958242519685039
11
0.3186666929133858
21
0.4964550393700787
0
LINE
8
BLACK
6
CONTINUOUS
10
0.3186666929133858
20
0.4964550393700787
11
0.3178433070866142
21
0.4969304724409448
0
LINE
8
BLACK
6
CONTINUOUS
10
0.3178433070866142
20
0.4969304724409448
11
0.3122189763779528
21
0.5025547637795276
0
LINE
8
BLACK
6
CONTINUOUS
10
0.3122189763779528
20
0.5025547637795276
11
0.3121933070866142
21
0.5025991732283465
0
LINE
8
BLACK
6
CONTINUOUS
10
0.3121933070866142
20
0.5025991732283465
11
0.3121493307086614
21
0.5026255905511811
0
LINE
8
BLACK
6
CONTINUOUS
10
0.3121493307086614
20
0.5026255905511811
11
0.3114311417322835
21
0.5039192913385827
0
LINE
8
BLACK
6
CONTINUOUS
10
0.3114311417322835
20
0.5039192913385827
11
0.3106905118110236
21
0.505202125984252
0
LINE
8
BLACK
6
CONTINUOUS
10
0.3106905118110236
20
0.505202125984252
11
0.3106905118110236
21
0.5052534645669291
0
LINE
8
BLACK
6
CONTINUOUS
10
0.3106905118110236
20
0.5052534645669291
11
0.3106656299212598
21
0.5052983070866142
0
LINE
8
BLACK
6
CONTINUOUS
10
0.3106656299212598
20
0.5052983070866142
11
0.3078535039370079
21
0.5165468897637795
0
LINE
8
BLACK
6
CONTINUOUS
10
0.3078535039370079
20
0.5165468897637795
11
0.3078657480314961
21
0.51727531496063
0
LINE
8
BLACK
6
CONTINUOUS
10
0.3078657480314961
20
0.51727531496063
11
0.3076771653543307
21
0.5179791732283464
0
LINE
8
BLACK
6
CONTINUOUS
10
0.3076771653543307
20
0.5179791732283464
11
0.3076771653543307
21
0.5376642125984252
0
LINE
8
BLACK
6
CONTINUOUS
10
0.3076771653543307
20
0.5376642125984252
11
0.3078657480314961
21
0.5383680314960629
0
LINE
8
BLACK
6
CONTINUOUS
10
0.3078657480314961
20
0.5383680314960629
11
0.3078535039370079
21
0.5390964960629921
0
LINE
8
BLACK
6
CONTINUOUS
10
0.3078535039370079
20
0.5390964960629921
11
0.3106656299212598
21
0.5503450787401575
0
LINE
8
BLACK
6
CONTINUOUS
10
0.3106656299212598
20
0.5503450787401575
11
0.3106905118110236
21
0.5503898818897638
0
LINE
8
BLACK
6
CONTINUOUS
10
0.3106905118110236
20
0.5503898818897638
11
0.3106905118110236
21
0.5504412598425197
0
LINE
8
BLACK
6
CONTINUOUS
10
0.3106905118110236
20
0.5504412598425197
11
0.3114311417322835
21
0.5517240551181102
0
LINE
8
BLACK
6
CONTINUOUS
10
0.3114311417322835
20
0.5517240551181102
11
0.3121493307086614
21
0.5530177952755906
0
LINE
8
BLACK
6
CONTINUOUS
10
0.3121493307086614
20
0.5530177952755906
11
0.3121933070866142
21
0.5530441732283464
0
LINE
8
BLACK
6
CONTINUOUS
10
0.3121933070866142
20
0.5530441732283464
11
0.3122189763779528
21
0.5530886220472441
0
LINE
8
BLACK
6
CONTINUOUS
10
0.3122189763779528
20
0.5530886220472441
11
0.3178433070866142
21
0.5587129133858267
0
LINE
8
BLACK
6
CONTINUOUS
10
0.3178433070866142
20
0.5587129133858267
11
0.3186666929133858
21
0.5591883070866142
0
LINE
8
BLACK
6
CONTINUOUS
10
0.3186666929133858
20
0.5591883070866142
11
0.3193781102362205
21
0.5598191338582678
0
LINE
8
BLACK
6
CONTINUOUS
10
0.3193781102362205
20
0.5598191338582678
11
0.3250023622047244
21
0.5626312992125984
0
LINE
8
BLACK
6
CONTINUOUS
10
0.3250023622047244
20
0.5626312992125984
11
0.3263323622047244
21
0.5629034645669291
0
LINE
8
BLACK
6
CONTINUOUS
10
0.3263323622047244
20
0.5629034645669291
11
0.3276434251968504
21
0.5632547637795275
0
LINE
8
BLACK
6
CONTINUOUS
10
0.3276434251968504
20
0.5632547637795275
11
0.3388920078740157
21
0.5632547637795275
0
LINE
8
BLACK
6
CONTINUOUS
10
0.3388920078740157
20
0.5632547637795275
11
0.3402030708661417
21
0.5629034251968503
0
LINE
8
BLACK
6
CONTINUOUS
10
0.3255172834645669
20
0.5496836220472441
11
0.3217272440944882
21
0.5458935433070866
0
LINE
8
BLACK
6
CONTINUOUS
10
0.3217272440944882
20
0.5458935433070866
11
0.3194881889763779
21
0.5369372834645669
0
LINE
8
BLACK
6
CONTINUOUS
10
0.3194881889763779
20
0.5369372834645669
11
0.3194881889763779
21
0.518706062992126
0
LINE
8
BLACK
6
CONTINUOUS
10
0.3194881889763779
20
0.518706062992126
11
0.3217272440944882
21
0.5097498031496063
0
LINE
8
BLACK
6
CONTINUOUS
10
0.3217272440944882
20
0.5097498031496063
11
0.3255172834645669
21
0.5059597244094488
0
LINE
8
BLACK
6
CONTINUOUS
10
0.3255172834645669
20
0.5059597244094488
11
0.3290375196850394
21
0.5041996456692913
0
LINE
8
BLACK
6
CONTINUOUS
10
0.3290375196850394
20
0.5041996456692913
11
0.3374979133858267
21
0.5041996456692913
0
LINE
8
BLACK
6
CONTINUOUS
10
0.3374979133858267
20
0.5041996456692913
11
0.3410181102362205
21
0.5059597637795276
0
LINE
8
BLACK
6
CONTINUOUS
10
0.3410181102362205
20
0.5059597637795276
11
0.3448081102362205
21
0.5097497637795275
0
LINE
8
BLACK
6
CONTINUOUS
10
0.3448081102362205
20
0.5097497637795275
11
0.3470472440944882
21
0.5187061023622047
0
LINE
8
BLACK
6
CONTINUOUS
10
0.3470472440944882
20
0.5187061023622047
11
0.3470472440944882
21
0.5369372440944882
0
LINE
8
BLACK
6
CONTINUOUS
10
0.3470472440944882
20
0.5369372440944882
11
0.3448081102362205
21
0.5458935826771654
0
LINE
8
BLACK
6
CONTINUOUS
10
0.3448081102362205
20
0.5458935826771654
11
0.3410181102362205
21
0.5496835826771653
0
LINE
8
BLACK
6
CONTINUOUS
10
0.3410181102362205
20
0.5496835826771653
11
0.3374979133858267
21
0.5514437401574803
0
LINE
8
BLACK
6
CONTINUOUS
10
0.3374979133858267
20
0.5514437401574803
11
0.3290375196850394
21
0.5514437401574803
0
LINE
8
BLACK
6
CONTINUOUS
10
0.3290375196850394
20
0.5514437401574803
11
0.3255172834645669
21
0.5496836220472441
0
LINE
8
BLACK
6
CONTINUOUS
10
0.1576092913385827
20
0.5629733464566929
11
0.157969842519685
21
0.5629517322834645
0
LINE
8
BLACK
6
CONTINUOUS
10
0.157969842519685
20
0.5629517322834645
11
0.1589597637795276
21
0.5622981102362204
0
LINE
8
BLACK
6
CONTINUOUS
10
0.1589597637795276
20
0.5622981102362204
11
0.1600205118110236
21
0.5617677559055118
0
LINE
8
BLACK
6
CONTINUOUS
10
0.1600205118110236
20
0.5617677559055118
11
0.1602194488188976
21
0.5614664173228346
0
LINE
8
BLACK
6
CONTINUOUS
10
0.1602194488188976
20
0.5614664173228346
11
0.160520905511811
21
0.5612674015748031
0
LINE
8
BLACK
6
CONTINUOUS
10
0.160520905511811
20
0.5612674015748031
11
0.1610514173228347
21
0.5602062992125985
0
LINE
8
BLACK
6
CONTINUOUS
10
0.1610514173228347
20
0.5602062992125985
11
0.1617048031496063
21
0.5592167322834646
0
LINE
8
BLACK
6
CONTINUOUS
10
0.1617048031496063
20
0.5592167322834646
11
0.1813898818897638
21
0.5001616141732284
0
LINE
8
BLACK
6
CONTINUOUS
10
0.1813898818897638
20
0.5001616141732284
11
0.181573031496063
21
0.4971101968503937
0
LINE
8
BLACK
6
CONTINUOUS
10
0.181573031496063
20
0.4971101968503937
11
0.1802059448818898
21
0.4943759842519685
0
LINE
8
BLACK
6
CONTINUOUS
10
0.1802059448818898
20
0.4943759842519685
11
0.1776548818897638
21
0.4926916535433071
0
LINE
8
BLACK
6
CONTINUOUS
10
0.1776548818897638
20
0.4926916535433071
11
0.1746034645669291
21
0.4925085039370078
0
LINE
8
BLACK
6
CONTINUOUS
10
0.1746034645669291
20
0.4925085039370078
11
0.1718692519685039
21
0.4938755905511811
0
LINE
8
BLACK
6
CONTINUOUS
10
0.1718692519685039
20
0.4938755905511811
11
0.1701849606299213
21
0.4964266535433071
0
LINE
8
BLACK
6
CONTINUOUS
10
0.1701849606299213
20
0.4964266535433071
11
0.1659066929133858
21
0.5092614960629921
0
LINE
8
BLACK
6
CONTINUOUS
10
0.1659066929133858
20
0.5092614960629921
11
0.1462980708661417
21
0.5092614960629921
0
LINE
8
BLACK
6
CONTINUOUS
10
0.1462980708661417
20
0.5092614960629921
11
0.1420197637795275
21
0.4964266535433071
0
LINE
8
BLACK
6
CONTINUOUS
10
0.1420197637795275
20
0.4964266535433071
11
0.1403354724409449
21
0.4938756299212598
0
LINE
8
BLACK
6
CONTINUOUS
10
0.1403354724409449
20
0.4938756299212598
11
0.1376012598425197
21
0.4925085039370078
0
LINE
8
BLACK
6
CONTINUOUS
10
0.1376012598425197
20
0.4925085039370078
11
0.134549842519685
21
0.4926916929133858
0
LINE
8
BLACK
6
CONTINUOUS
10
0.134549842519685
20
0.4926916929133858
11
0.1319988188976378
21
0.4943759842519685
0
LINE
8
BLACK
6
CONTINUOUS
10
0.1319988188976378
20
0.4943759842519685
11
0.1306316929133858
21
0.4971101968503937
0
LINE
8
BLACK
6
CONTINUOUS
10
0.1306316929133858
20
0.4971101968503937
11
0.1308148818897638
21
0.5001616141732284
0
LINE
8
BLACK
6
CONTINUOUS
10
0.1308148818897638
20
0.5001616141732284
11
0.1504999212598425
21
0.5592167322834646
0
LINE
8
BLACK
6
CONTINUOUS
10
0.1504999212598425
20
0.5592167322834646
11
0.1511533858267717
21
0.5602064960629921
0
LINE
8
BLACK
6
CONTINUOUS
10
0.1511533858267717
20
0.5602064960629921
11
0.1516838582677165
21
0.5612674015748031
0
LINE
8
BLACK
6
CONTINUOUS
10
0.1516838582677165
20
0.5612674015748031
11
0.151985157480315
21
0.5614663385826771
0
LINE
8
BLACK
6
CONTINUOUS
10
0.151985157480315
20
0.5614663385826771
11
0.1521842125984252
21
0.5617677952755905
0
LINE
8
BLACK
6
CONTINUOUS
10
0.1521842125984252
20
0.5617677952755905
11
0.1532452755905512
21
0.5622983070866142
0
LINE
8
BLACK
6
CONTINUOUS
10
0.1532452755905512
20
0.5622983070866142
11
0.1542348818897638
21
0.5629516929133858
0
LINE
8
BLACK
6
CONTINUOUS
10
0.1542348818897638
20
0.5629516929133858
11
0.1545953149606299
21
0.5629733070866142
0
LINE
8
BLACK
6
CONTINUOUS
10
0.1545953149606299
20
0.5629733070866142
11
0.1549184251968504
21
0.5631348818897638
0
LINE
8
BLACK
6
CONTINUOUS
10
0.1549184251968504
20
0.5631348818897638
11
0.1561024803149606
21
0.563063779527559
0
LINE
8
BLACK
6
CONTINUOUS
10
0.1561024803149606
20
0.563063779527559
11
0.1572862992125984
21
0.5631348818897638
0
LINE
8
BLACK
6
CONTINUOUS
10
0.1572862992125984
20
0.5631348818897638
11
0.1576092913385827
21
0.5629733464566929
0
LINE
8
BLACK
6
CONTINUOUS
10
0.1502350787401575
20
0.5210725196850393
11
0.1619696850393701
21
0.5210725196850393
0
LINE
8
BLACK
6
CONTINUOUS
10
0.1619696850393701
20
0.5210725196850393
11
0.1561023622047244
21
0.5386743700787402
0
LINE
8
BLACK
6
CONTINUOUS
10
0.1561023622047244
20
0.5386743700787402
11
0.1502350787401575
21
0.5210725196850393
0
LINE
8
BLACK
6
CONTINUOUS
10
1.5335296456692913
20
0.6124635826771654
11
1.5356912204724409
21
0.6103020078740158
0
LINE
8
BLACK
6
CONTINUOUS
10
1.5356912204724409
20
0.6103020078740158
11
1.5364824015748031
21
0.607349251968504
0
LINE
8
BLACK
6
CONTINUOUS
10
1.5364824015748031
20
0.607349251968504
11
1.5364824015748031
21
0.5595427165354331
0
LINE
8
BLACK
6
CONTINUOUS
10
1.5364824015748031
20
0.5595427165354331
11
1.5361310236220471
21
0.5582314566929134
0
LINE
8
BLACK
6
CONTINUOUS
10
1.5361310236220471
20
0.5582314566929134
11
1.5358589370078739
21
0.5569017322834645
0
LINE
8
BLACK
6
CONTINUOUS
10
1.5358589370078739
20
0.5569017322834645
11
1.5330468110236219
21
0.5512774015748031
0
LINE
8
BLACK
6
CONTINUOUS
10
1.5330468110236219
20
0.5512774015748031
11
1.5324159448818897
21
0.5505659842519685
0
LINE
8
BLACK
6
CONTINUOUS
10
1.5324159448818897
20
0.5505659842519685
11
1.5319405511811024
21
0.5497425590551182
0
LINE
8
BLACK
6
CONTINUOUS
10
1.5319405511811024
20
0.5497425590551182
11
1.5291283858267717
21
0.5469304330708661
0
LINE
8
BLACK
6
CONTINUOUS
10
1.5291283858267717
20
0.5469304330708661
11
1.5283049606299213
21
0.5464550393700788
0
LINE
8
BLACK
6
CONTINUOUS
10
1.5283049606299213
20
0.5464550393700788
11
1.5275936220472441
21
0.5458242519685039
0
LINE
8
BLACK
6
CONTINUOUS
10
1.5275936220472441
20
0.5458242519685039
11
1.5219693307086615
21
0.5430120866141732
0
LINE
8
BLACK
6
CONTINUOUS
10
1.5219693307086615
20
0.5430120866141732
11
1.5206393700787402
21
0.5427399212598425
0
LINE
8
BLACK
6
CONTINUOUS
10
1.5206393700787402
20
0.5427399212598425
11
1.5193283070866141
21
0.542388622047244
0
LINE
8
BLACK
6
CONTINUOUS
10
1.5193283070866141
20
0.542388622047244
11
1.5080797244094488
21
0.542388622047244
0
LINE
8
BLACK
6
CONTINUOUS
10
1.5080797244094488
20
0.542388622047244
11
1.5067686614173228
21
0.5427398818897637
0
LINE
8
BLACK
6
CONTINUOUS
10
1.5067686614173228
20
0.5427398818897637
11
1.5054386614173227
21
0.5430120866141732
0
LINE
8
BLACK
6
CONTINUOUS
10
1.5054386614173227
20
0.5430120866141732
11
1.4998144094488188
21
0.5458242519685039
0
LINE
8
BLACK
6
CONTINUOUS
10
1.4998144094488188
20
0.5458242519685039
11
1.4991030314960629
21
0.5464550393700788
0
LINE
8
BLACK
6
CONTINUOUS
10
1.4991030314960629
20
0.5464550393700788
11
1.4982796456692913
21
0.5469304330708661
0
LINE
8
BLACK
6
CONTINUOUS
10
1.4982796456692913
20
0.5469304330708661
11
1.4954674803149606
21
0.5497425590551182
0
LINE
8
BLACK
6
CONTINUOUS
10
1.4954674803149606
20
0.5497425590551182
11
1.4949920078740158
21
0.5505660236220472
0
LINE
8
BLACK
6
CONTINUOUS
10
1.4949920078740158
20
0.5505660236220472
11
1.494361220472441
21
0.5512774015748031
0
LINE
8
BLACK
6
CONTINUOUS
10
1.494361220472441
20
0.5512774015748031
11
1.4915490551181103
21
0.5569016929133858
0
LINE
8
BLACK
6
CONTINUOUS
10
1.4915490551181103
20
0.5569016929133858
11
1.4912768897637796
21
0.5582316141732283
0
LINE
8
BLACK
6
CONTINUOUS
10
1.4912768897637796
20
0.5582316141732283
11
1.4909255905511811
21
0.5595427165354331
0
LINE
8
BLACK
6
CONTINUOUS
10
1.4909255905511811
20
0.5595427165354331
11
1.4909255905511811
21
0.607349251968504
0
LINE
8
BLACK
6
CONTINUOUS
10
1.4909255905511811
20
0.607349251968504
11
1.4917167716535433
21
0.6103020078740158
0
LINE
8
BLACK
6
CONTINUOUS
10
1.4917167716535433
20
0.6103020078740158
11
1.4938783464566929
21
0.6124635826771654
0
LINE
8
BLACK
6
CONTINUOUS
10
1.4938783464566929
20
0.6124635826771654
11
1.4968311023622047
21
0.6132547637795276
0
LINE
8
BLACK
6
CONTINUOUS
10
1.4968311023622047
20
0.6132547637795276
11
1.4997838582677165
21
0.6124635826771654
0
LINE
8
BLACK
6
CONTINUOUS
10
1.4997838582677165
20
0.6124635826771654
11
1.5019454330708661
21
0.6103020078740158
0
LINE
8
BLACK
6
CONTINUOUS
10
1.5019454330708661
20
0.6103020078740158
11
1.5027366141732283
21
0.607349251968504
0
LINE
8
BLACK
6
CONTINUOUS
10
1.5027366141732283
20
0.607349251968504
11
1.5027366141732283
21
0.560936811023622
0
LINE
8
BLACK
6
CONTINUOUS
10
1.5027366141732283
20
0.560936811023622
11
1.5044967322834646
21
0.5574165748031495
0
LINE
8
BLACK
6
CONTINUOUS
10
1.5044967322834646
20
0.5574165748031495
11
1.5059535826771653
21
0.5559597637795275
0
LINE
8
BLACK
6
CONTINUOUS
10
1.5059535826771653
20
0.5559597637795275
11
1.5094738188976378
21
0.5541996456692914
0
LINE
8
BLACK
6
CONTINUOUS
10
1.5094738188976378
20
0.5541996456692914
11
1.5179342125984252
21
0.5541996456692914
0
LINE
8
BLACK
6
CONTINUOUS
10
1.5179342125984252
20
0.5541996456692914
11
1.5214544488188977
21
0.5559597637795275
0
LINE
8
BLACK
6
CONTINUOUS
10
1.5214544488188977
20
0.5559597637795275
11
1.5229112992125984
21
0.5574166141732283
0
LINE
8
BLACK
6
CONTINUOUS
10
1.5229112992125984
20
0.5574166141732283
11
1.5246713779527559
21
0.5609367716535433
0
LINE
8
BLACK
6
CONTINUOUS
10
1.5246713779527559
20
0.5609367716535433
11
1.5246713779527559
21
0.607349251968504
0
LINE
8
BLACK
6
CONTINUOUS
10
1.5246713779527559
20
0.607349251968504
11
1.5254625590551181
21
0.6103020078740158
0
LINE
8
BLACK
6
CONTINUOUS
10
1.5254625590551181
20
0.6103020078740158
11
1.5276241338582677
21
0.6124635826771654
0
LINE
8
BLACK
6
CONTINUOUS
10
1.5276241338582677
20
0.6124635826771654
11
1.5305768897637795
21
0.6132547637795276
0
LINE
8
BLACK
6
CONTINUOUS
10
1.5305768897637795
20
0.6132547637795276
11
1.5335296456692913
21
0.6124635826771654
0
LINE
8
BLACK
6
CONTINUOUS
10
1.5718144881889764
20
0.6157638582677165
11
1.5743655118110236
21
0.6140795275590551
0
LINE
8
BLACK
6
CONTINUOUS
10
1.5743655118110236
20
0.6140795275590551
11
1.5757326377952756
21
0.6113453543307087
0
LINE
8
BLACK
6
CONTINUOUS
10
1.5757326377952756
20
0.6113453543307087
11
1.5755494488188977
21
0.608293937007874
0
LINE
8
BLACK
6
CONTINUOUS
10
1.5755494488188977
20
0.608293937007874
11
1.5640796850393701
21
0.5738846850393701
0
LINE
8
BLACK
6
CONTINUOUS
10
1.5640796850393701
20
0.5738846850393701
11
1.5781022440944881
21
0.5738846850393701
0
LINE
8
BLACK
6
CONTINUOUS
10
1.5781022440944881
20
0.5738846850393701
11
1.5781022440944881
21
0.5876642125984252
0
LINE
8
BLACK
6
CONTINUOUS
10
1.5781022440944881
20
0.5876642125984252
11
1.5788934251968503
21
0.590616968503937
0
LINE
8
BLACK
6
CONTINUOUS
10
1.5788934251968503
20
0.590616968503937
11
1.5810549999999999
21
0.5927785433070866
0
LINE
8
BLACK
6
CONTINUOUS
10
1.5810549999999999
20
0.5927785433070866
11
1.5840077559055117
21
0.5935697244094488
0
LINE
8
BLACK
6
CONTINUOUS
10
1.5840077559055117
20
0.5935697244094488
11
1.5869605118110235
21
0.5927785433070866
0
LINE
8
BLACK
6
CONTINUOUS
10
1.5869605118110235
20
0.5927785433070866
11
1.5891220866141731
21
0.590616968503937
0
LINE
8
BLACK
6
CONTINUOUS
10
1.5891220866141731
20
0.590616968503937
11
1.5899132677165353
21
0.5876642125984252
0
LINE
8
BLACK
6
CONTINUOUS
10
1.5899132677165353
20
0.5876642125984252
11
1.5899132677165353
21
0.5738846850393701
0
LINE
8
BLACK
6
CONTINUOUS
10
1.5899132677165353
20
0.5738846850393701
11
1.5924441732283465
21
0.5738846850393701
0
LINE
8
BLACK
6
CONTINUOUS
10
1.5924441732283465
20
0.5738846850393701
11
1.5953969291338583
21
0.5730935039370079
0
LINE
8
BLACK
6
CONTINUOUS
10
1.5953969291338583
20
0.5730935039370079
11
1.5975585039370079
21
0.5709319291338583
0
LINE
8
BLACK
6
CONTINUOUS
10
1.5975585039370079
20
0.5709319291338583
11
1.5983496850393701
21
0.5679791732283465
0
LINE
8
BLACK
6
CONTINUOUS
10
1.5983496850393701
20
0.5679791732283465
11
1.5975585039370079
21
0.5650264173228347
0
LINE
8
BLACK
6
CONTINUOUS
10
1.5975585039370079
20
0.5650264173228347
11
1.5953969291338583
21
0.562864842519685
0
LINE
8
BLACK
6
CONTINUOUS
10
1.5953969291338583
20
0.562864842519685
11
1.5924441732283465
21
0.5620736614173228
0
LINE
8
BLACK
6
CONTINUOUS
10
1.5924441732283465
20
0.5620736614173228
11
1.5899132677165353
21
0.5620736614173228
0
LINE
8
BLACK
6
CONTINUOUS
10
1.5899132677165353
20
0.5620736614173228
11
1.5899132677165353
21
0.5482941338582678
0
LINE
8
BLACK
6
CONTINUOUS
10
1.5899132677165353
20
0.5482941338582678
11
1.5891220866141731
21
0.5453413779527559
0
LINE
8
BLACK
6
CONTINUOUS
10
1.5891220866141731
20
0.5453413779527559
11
1.5869605118110235
21
0.5431798031496062
0
LINE
8
BLACK
6
CONTINUOUS
10
1.5869605118110235
20
0.5431798031496062
11
1.5840077559055117
21
0.542388622047244
0
LINE
8
BLACK
6
CONTINUOUS
10
1.5840077559055117
20
0.542388622047244
11
1.5810549999999999
21
0.5431798031496062
0
LINE
8
BLACK
6
CONTINUOUS
10
1.5810549999999999
20
0.5431798031496062
11
1.5788934251968503
21
0.5453413779527559
0
LINE
8
BLACK
6
CONTINUOUS
10
1.5788934251968503
20
0.5453413779527559
11
1.5781022440944881
21
0.5482941338582678
0
LINE
8
BLACK
6
CONTINUOUS
10
1.5781022440944881
20
0.5482941338582678
11
1.5781022440944881
21
0.5620736614173228
0
LINE
8
BLACK
6
CONTINUOUS
10
1.5781022440944881
20
0.5620736614173228
11
1.5558862598425196
21
0.5620736614173228
0
LINE
8
BLACK
6
CONTINUOUS
10
1.5558862598425196
20
0.5620736614173228
11
1.5549677952755905
21
0.5623197244094488
0
LINE
8
BLACK
6
CONTINUOUS
10
1.5549677952755905
20
0.5623197244094488
11
1.5540187795275591
21
0.5623767322834645
0
LINE
8
BLACK
6
CONTINUOUS
10
1.5540187795275591
20
0.5623767322834645
11
1.5535157874015748
21
0.562708779527559
0
LINE
8
BLACK
6
CONTINUOUS
10
1.5535157874015748
20
0.562708779527559
11
1.5529335039370078
21
0.562864842519685
0
LINE
8
BLACK
6
CONTINUOUS
10
1.5529335039370078
20
0.562864842519685
11
1.5522611417322834
21
0.5635371653543307
0
LINE
8
BLACK
6
CONTINUOUS
10
1.5522611417322834
20
0.5635371653543307
11
1.5514677559055117
21
0.5640610236220472
0
LINE
8
BLACK
6
CONTINUOUS
10
1.5514677559055117
20
0.5640610236220472
11
1.5511981496062992
21
0.564600157480315
0
LINE
8
BLACK
6
CONTINUOUS
10
1.5511981496062992
20
0.564600157480315
11
1.5507719291338582
21
0.5650264173228347
0
LINE
8
BLACK
6
CONTINUOUS
10
1.5507719291338582
20
0.5650264173228347
11
1.5505258267716535
21
0.5659448031496063
0
LINE
8
BLACK
6
CONTINUOUS
10
1.5505258267716535
20
0.5659448031496063
11
1.5501006299212599
21
0.5667952362204725
0
LINE
8
BLACK
6
CONTINUOUS
10
1.5501006299212599
20
0.5667952362204725
11
1.5501367322834645
21
0.5673969291338583
0
LINE
8
BLACK
6
CONTINUOUS
10
1.5501367322834645
20
0.5673969291338583
11
1.549980748031496
21
0.5679791732283465
0
LINE
8
BLACK
6
CONTINUOUS
10
1.549980748031496
20
0.5679791732283465
11
1.5502268110236219
21
0.5688975984251968
0
LINE
8
BLACK
6
CONTINUOUS
10
1.5502268110236219
20
0.5688975984251968
11
1.5502838188976378
21
0.5698466535433071
0
LINE
8
BLACK
6
CONTINUOUS
10
1.5502838188976378
20
0.5698466535433071
11
1.5643445275590551
21
0.6120288976377952
0
LINE
8
BLACK
6
CONTINUOUS
10
1.5643445275590551
20
0.6120288976377952
11
1.5660288582677164
21
0.6145799212598425
0
LINE
8
BLACK
6
CONTINUOUS
10
1.5660288582677164
20
0.6145799212598425
11
1.5687630708661418
21
0.6159470472440944
0
LINE
8
BLACK
6
CONTINUOUS
10
1.5687630708661418
20
0.6159470472440944
11
1.5718144881889764
21
0.6157638582677165
0
LINE
8
BLACK
6
CONTINUOUS
10
1.6912445669291338
20
0.5892785826771654
11
1.6931193700787401
21
0.5874038188976378
0
LINE
8
BLACK
6
CONTINUOUS
10
1.6931193700787401
20
0.5874038188976378
11
1.6937075984251968
21
0.586563779527559
0
LINE
8
BLACK
6
CONTINUOUS
10
1.6937075984251968
20
0.586563779527559
11
1.6937229527559055
21
0.5863878346456692
0
LINE
8
BLACK
6
CONTINUOUS
10
1.6937229527559055
20
0.5863878346456692
11
1.693832716535433
21
0.5862496062992126
0
LINE
8
BLACK
6
CONTINUOUS
10
1.693832716535433
20
0.5862496062992126
11
1.6957074803149605
21
0.5806253543307086
0
LINE
8
BLACK
6
CONTINUOUS
10
1.6957074803149605
20
0.5806253543307086
11
1.6958369685039369
21
0.5797520866141732
0
LINE
8
BLACK
6
CONTINUOUS
10
1.6958369685039369
20
0.5797520866141732
11
1.6958590157480316
21
0.5796915748031496
0
LINE
8
BLACK
6
CONTINUOUS
10
1.6958590157480316
20
0.5796915748031496
11
1.6958590157480316
21
0.5759420472440945
0
LINE
8
BLACK
6
CONTINUOUS
10
1.6958590157480316
20
0.5759420472440945
11
1.6957057086614173
21
0.5750726377952756
0
LINE
8
BLACK
6
CONTINUOUS
10
1.6957057086614173
20
0.5750726377952756
11
1.6957074803149605
21
0.5750082677165355
0
LINE
8
BLACK
6
CONTINUOUS
10
1.6957074803149605
20
0.5750082677165355
11
1.693832716535433
21
0.5693840157480314
0
LINE
8
BLACK
6
CONTINUOUS
10
1.693832716535433
20
0.5693840157480314
11
1.6933444094488188
21
0.5684822440944882
0
LINE
8
BLACK
6
CONTINUOUS
10
1.6933444094488188
20
0.5684822440944882
11
1.6931940157480314
21
0.5683898425196851
0
LINE
8
BLACK
6
CONTINUOUS
10
1.6931940157480314
20
0.5683898425196851
11
1.6931194094488189
21
0.568229842519685
0
LINE
8
BLACK
6
CONTINUOUS
10
1.6931194094488189
20
0.568229842519685
11
1.689369842519685
21
0.5644803149606299
0
LINE
8
BLACK
6
CONTINUOUS
10
1.689369842519685
20
0.5644803149606299
11
1.6886466535433071
21
0.5639738976377953
0
LINE
8
BLACK
6
CONTINUOUS
10
1.6886466535433071
20
0.5639738976377953
11
1.6886024409448819
21
0.5639272047244094
0
LINE
8
BLACK
6
CONTINUOUS
10
1.6886024409448819
20
0.5639272047244094
11
1.6848529133858268
21
0.5620524409448818
0
LINE
8
BLACK
6
CONTINUOUS
10
1.6848529133858268
20
0.5620524409448818
11
1.6843644488188976
21
0.561907125984252
0
LINE
8
BLACK
6
CONTINUOUS
10
1.6843644488188976
20
0.561907125984252
11
1.6842485433070866
21
0.5618288582677166
0
LINE
8
BLACK
6
CONTINUOUS
10
1.6842485433070866
20
0.5618288582677166
11
1.6767494881889764
21
0.559954094488189
0
LINE
8
BLACK
6
CONTINUOUS
10
1.6767494881889764
20
0.559954094488189
11
1.6761615748031495
21
0.5599125984251968
0
LINE
8
BLACK
6
CONTINUOUS
10
1.6761615748031495
20
0.5599125984251968
11
1.6760333464566928
21
0.5598659448818898
0
LINE
8
BLACK
6
CONTINUOUS
10
1.6760333464566928
20
0.5598659448818898
11
1.6704090551181101
21
0.5598659448818898
0
LINE
8
BLACK
6
CONTINUOUS
10
1.6704090551181101
20
0.5598659448818898
11
1.6698286614173228
21
0.5599682677165354
0
LINE
8
BLACK
6
CONTINUOUS
10
1.6698286614173228
20
0.5599682677165354
11
1.6696929133858267
21
0.559954094488189
0
LINE
8
BLACK
6
CONTINUOUS
10
1.6696929133858267
20
0.559954094488189
11
1.6621938582677165
21
0.5618288582677166
0
LINE
8
BLACK
6
CONTINUOUS
10
1.6621938582677165
20
0.5618288582677166
11
1.6617283858267715
21
0.5620364173228346
0
LINE
8
BLACK
6
CONTINUOUS
10
1.6617283858267715
20
0.5620364173228346
11
1.6615894881889763
21
0.5620524409448818
0
LINE
8
BLACK
6
CONTINUOUS
10
1.6615894881889763
20
0.5620524409448818
11
1.6578399606299212
21
0.5639272047244094
0
LINE
8
BLACK
6
CONTINUOUS
10
1.6578399606299212
20
0.5639272047244094
11
1.6571308661417323
21
0.5644531102362205
0
LINE
8
BLACK
6
CONTINUOUS
10
1.6571308661417323
20
0.5644531102362205
11
1.6570725590551181
21
0.5644803149606299
0
LINE
8
BLACK
6
CONTINUOUS
10
1.6570725590551181
20
0.5644803149606299
11
1.653323031496063
21
0.568229842519685
0
LINE
8
BLACK
6
CONTINUOUS
10
1.653323031496063
20
0.568229842519685
11
1.6527348425196851
21
0.5690698818897638
0
LINE
8
BLACK
6
CONTINUOUS
10
1.6527348425196851
20
0.5690698818897638
11
1.6527194488188977
21
0.5692457086614173
0
LINE
8
BLACK
6
CONTINUOUS
10
1.6527194488188977
20
0.5692457086614173
11
1.6526097244094489
21
0.5693840157480314
0
LINE
8
BLACK
6
CONTINUOUS
10
1.6526097244094489
20
0.5693840157480314
11
1.6507349606299213
21
0.5750083070866142
0
LINE
8
BLACK
6
CONTINUOUS
10
1.6507349606299213
20
0.5750083070866142
11
1.6506054724409449
21
0.5758814566929134
0
LINE
8
BLACK
6
CONTINUOUS
10
1.6506054724409449
20
0.5758814566929134
11
1.6505834251968503
21
0.5759420472440945
0
LINE
8
BLACK
6
CONTINUOUS
10
1.6505834251968503
20
0.5759420472440945
11
1.6505834251968503
21
0.5796915748031496
0
LINE
8
BLACK
6
CONTINUOUS
10
1.6505834251968503
20
0.5796915748031496
11
1.6507366929133858
21
0.5805609448818897
0
LINE
8
BLACK
6
CONTINUOUS
10
1.6507366929133858
20
0.5805609448818897
11
1.6507349606299213
21
0.5806253149606299
0
LINE
8
BLACK
6
CONTINUOUS
10
1.6507349606299213
20
0.5806253149606299
11
1.6526097244094489
21
0.5862496062992126
0
LINE
8
BLACK
6
CONTINUOUS
10
1.6526097244094489
20
0.5862496062992126
11
1.6530979921259843
21
0.5871513779527558
0
LINE
8
BLACK
6
CONTINUOUS
10
1.6530979921259843
20
0.5871513779527558
11
1.6532484251968504
21
0.587243779527559
0
LINE
8
BLACK
6
CONTINUOUS
10
1.6532484251968504
20
0.587243779527559
11
1.653323031496063
21
0.5874037795275591
0
LINE
8
BLACK
6
CONTINUOUS
10
1.653323031496063
20
0.5874037795275591
11
1.6551977952755905
21
0.5892785433070866
0
LINE
8
BLACK
6
CONTINUOUS
10
1.6551977952755905
20
0.5892785433070866
11
1.6560378346456692
21
0.5898667322834645
0
LINE
8
BLACK
6
CONTINUOUS
10
1.6560378346456692
20
0.5898667322834645
11
1.6580499212598425
21
0.5900427559055118
0
LINE
8
BLACK
6
CONTINUOUS
10
1.6580499212598425
20
0.5900427559055118
11
1.6597044881889764
21
0.5888842519685039
0
LINE
8
BLACK
6
CONTINUOUS
10
1.6597044881889764
20
0.5888842519685039
11
1.6602272047244093
21
0.5869332677165354
0
LINE
8
BLACK
6
CONTINUOUS
10
1.6602272047244093
20
0.5869332677165354
11
1.6593736220472441
21
0.5851027165354331
0
LINE
8
BLACK
6
CONTINUOUS
10
1.6593736220472441
20
0.5851027165354331
11
1.6579917322834645
21
0.5837208267716535
0
LINE
8
BLACK
6
CONTINUOUS
10
1.6579917322834645
20
0.5837208267716535
11
1.6564889370078739
21
0.5792124015748031
0
LINE
8
BLACK
6
CONTINUOUS
10
1.6564889370078739
20
0.5792124015748031
11
1.6564889370078739
21
0.5764211811023622
0
LINE
8
BLACK
6
CONTINUOUS
10
1.6564889370078739
20
0.5764211811023622
11
1.6579917322834645
21
0.5719127559055118
0
LINE
8
BLACK
6
CONTINUOUS
10
1.6579917322834645
20
0.5719127559055118
11
1.6609095669291338
21
0.5689949606299213
0
LINE
8
BLACK
6
CONTINUOUS
10
1.6609095669291338
20
0.5689949606299213
11
1.6639405511811023
21
0.5674794488188977
0
LINE
8
BLACK
6
CONTINUOUS
10
1.6639405511811023
20
0.5674794488188977
11
1.6707725984251969
21
0.5657714566929134
0
LINE
8
BLACK
6
CONTINUOUS
10
1.6707725984251969
20
0.5657714566929134
11
1.6756698031496062
21
0.5657714566929134
0
LINE
8
BLACK
6
CONTINUOUS
10
1.6756698031496062
20
0.5657714566929134
11
1.6825018503937008
21
0.5674794488188977
0
LINE
8
BLACK
6
CONTINUOUS
10
1.6825018503937008
20
0.5674794488188977
11
1.6855328346456693
21
0.5689949606299213
0
LINE
8
BLACK
6
CONTINUOUS
10
1.6855328346456693
20
0.5689949606299213
11
1.6884507086614173
21
0.5719127952755906
0
LINE
8
BLACK
6
CONTINUOUS
10
1.6884507086614173
20
0.5719127952755906
11
1.6899535039370079
21
0.5764211811023622
0
LINE
8
BLACK
6
CONTINUOUS
10
1.6899535039370079
20
0.5764211811023622
11
1.6899535039370079
21
0.5792124409448819
0
LINE
8
BLACK
6
CONTINUOUS
10
1.6899535039370079
20
0.5792124409448819
11
1.6884507086614173
21
0.5837207874015747
0
LINE
8
BLACK
6
CONTINUOUS
10
1.6884507086614173
20
0.5837207874015747
11
1.6870688188976377
21
0.5851026771653544
0
LINE
8
BLACK
6
CONTINUOUS
10
1.6870688188976377
20
0.5851026771653544
11
1.686480590551181
21
0.5859427165354331
0
LINE
8
BLACK
6
CONTINUOUS
10
1.686480590551181
20
0.5859427165354331
11
1.6863045275590551
21
0.587954842519685
0
LINE
8
BLACK
6
CONTINUOUS
10
1.6863045275590551
20
0.587954842519685
11
1.687463031496063
21
0.5896094094488189
0
LINE
8
BLACK
6
CONTINUOUS
10
1.687463031496063
20
0.5896094094488189
11
1.6894140157480315
21
0.5901321259842519
0
LINE
8
BLACK
6
CONTINUOUS
10
1.6894140157480315
20
0.5901321259842519
11
1.6912445669291338
21
0.5892785826771654
0
LINE
8
BLACK
6
CONTINUOUS
10
2.3673228346456692
20
0.7769685039370079
11
2.368993149606299
21
0.7762766141732284
0
LINE
8
BLACK
6
CONTINUOUS
10
2.368993149606299
20
0.7762766141732284
11
2.3696850393700788
21
0.7746062992125984
0
LINE
8
BLACK
6
CONTINUOUS
10
2.3696850393700788
20
0.7746062992125984
11
2.3696850393700788
21
0.575
0
LINE
8
BLACK
6
CONTINUOUS
10
2.3696850393700788
20
0.575
11
2.368993149606299
21
0.5733296850393701
0
LINE
8
BLACK
6
CONTINUOUS
10
2.368993149606299
20
0.5733296850393701
11
2.3673228346456692
21
0.5726377952755906
0
LINE
8
BLACK
6
CONTINUOUS
10
2.3673228346456692
20
0.5726377952755906
11
1.9826771653543307
21
0.5726377952755906
0
LINE
8
BLACK
6
CONTINUOUS
10
1.9826771653543307
20
0.5726377952755906
11
1.9810068503937008
21
0.5733296850393701
0
LINE
8
BLACK
6
CONTINUOUS
10
1.9810068503937008
20
0.5733296850393701
11
1.9803149606299213
21
0.575
0
LINE
8
BLACK
6
CONTINUOUS
10
1.9803149606299213
20
0.575
11
1.9803149606299213
21
0.7746062992125984
0
LINE
8
BLACK
6
CONTINUOUS
10
1.9803149606299213
20
0.7746062992125984
11
1.9810068503937008
21
0.7762766141732284
0
LINE
8
BLACK
6
CONTINUOUS
10
1.9810068503937008
20
0.7762766141732284
11
1.9826771653543307
21
0.7769685039370079
0
LINE
8
BLACK
6
CONTINUOUS
10
1.9826771653543307
20
0.7769685039370079
11
2.3673228346456692
21
0.7769685039370079
0
LINE
8
BLACK
6
CONTINUOUS
10
2.1004863779527558
20
0.772244094488189
11
2.1005018897637795
21
0.7721561811023622
0
LINE
8
BLACK
6
CONTINUOUS
10
2.1005018897637795
20
0.7721561811023622
11
2.1007586220472438
21
0.7714026771653543
0
LINE
8
BLACK
6
CONTINUOUS
10
2.1007586220472438
20
0.7714026771653543
11
2.1006734645669289
21
0.7711830314960629
0
LINE
8
BLACK
6
CONTINUOUS
10
2.1006734645669289
20
0.7711830314960629
11
2.1007144094488188
21
0.7709510236220473
0
LINE
8
BLACK
6
CONTINUOUS
10
2.1007144094488188
20
0.7709510236220473
11
2.1003162992125985
21
0.7702615354330709
0
LINE
8
BLACK
6
CONTINUOUS
10
2.1003162992125985
20
0.7702615354330709
11
2.1000286614173227
21
0.7695193700787402
0
LINE
8
BLACK
6
CONTINUOUS
10
2.1000286614173227
20
0.7695193700787402
11
2.0910723228346457
21
0.7592835433070866
0
LINE
8
BLACK
6
CONTINUOUS
10
2.0910723228346457
20
0.7592835433070866
11
2.0913173622047245
21
0.7592403543307087
0
LINE
8
BLACK
6
CONTINUOUS
10
2.0913173622047245
20
0.7592403543307087
11
2.0914525984251968
21
0.7591268503937008
0
LINE
8
BLACK
6
CONTINUOUS
10
2.0914525984251968
20
0.7591268503937008
11
2.0916279527559056
21
0.7591066929133858
0
LINE
8
BLACK
6
CONTINUOUS
10
2.0916279527559056
20
0.7591066929133858
11
2.0953774803149607
21
0.7572319291338583
0
LINE
8
BLACK
6
CONTINUOUS
10
2.0953774803149607
20
0.7572319291338583
11
2.0960865354330709
21
0.7567059842519684
0
LINE
8
BLACK
6
CONTINUOUS
10
2.0960865354330709
20
0.7567059842519684
11
2.0961448818897637
21
0.7566788188976378
0
LINE
8
BLACK
6
CONTINUOUS
10
2.0961448818897637
20
0.7566788188976378
11
2.0980196456692912
21
0.7548040551181102
0
LINE
8
BLACK
6
CONTINUOUS
10
2.0980196456692912
20
0.7548040551181102
11
2.0985259055118108
21
0.7540809448818897
0
LINE
8
BLACK
6
CONTINUOUS
10
2.0985259055118108
20
0.7540809448818897
11
2.0985727559055118
21
0.7540366535433071
0
LINE
8
BLACK
6
CONTINUOUS
10
2.0985727559055118
20
0.7540366535433071
11
2.1004475196850394
21
0.750287125984252
0
LINE
8
BLACK
6
CONTINUOUS
10
2.1004475196850394
20
0.750287125984252
11
2.1007398818897638
21
0.7493042125984252
0
LINE
8
BLACK
6
CONTINUOUS
10
2.1007398818897638
20
0.7493042125984252
11
2.1006988582677164
21
0.7491324803149606
0
LINE
8
BLACK
6
CONTINUOUS
10
2.1006988582677164
20
0.7491324803149606
11
2.1007592519685039
21
0.7489666141732283
0
LINE
8
BLACK
6
CONTINUOUS
10
2.1007592519685039
20
0.7489666141732283
11
2.1007592519685039
21
0.7395927952755905
0
LINE
8
BLACK
6
CONTINUOUS
10
2.1007592519685039
20
0.7395927952755905
11
2.100581181102362
21
0.7385828740157481
0
LINE
8
BLACK
6
CONTINUOUS
10
2.100581181102362
20
0.7385828740157481
11
2.1004676771653541
21
0.7384475984251968
0
LINE
8
BLACK
6
CONTINUOUS
10
2.1004676771653541
20
0.7384475984251968
11
2.1004475196850394
21
0.7382722834645669
0
LINE
8
BLACK
6
CONTINUOUS
10
2.1004475196850394
20
0.7382722834645669
11
2.0985727559055118
21
0.7345227559055117
0
LINE
8
BLACK
6
CONTINUOUS
10
2.0985727559055118
20
0.7345227559055117
11
2.0980468503937009
21
0.7338136614173228
0
LINE
8
BLACK
6
CONTINUOUS
10
2.0980468503937009
20
0.7338136614173228
11
2.0980196456692912
21
0.7337553543307086
0
LINE
8
BLACK
6
CONTINUOUS
10
2.0980196456692912
20
0.7337553543307086
11
2.0961448818897637
21
0.731880590551181
0
LINE
8
BLACK
6
CONTINUOUS
10
2.0961448818897637
20
0.731880590551181
11
2.0954218897637795
21
0.7313743700787402
0
LINE
8
BLACK
6
CONTINUOUS
10
2.0954218897637795
20
0.7313743700787402
11
2.0953775196850395
21
0.7313274803149606
0
LINE
8
BLACK
6
CONTINUOUS
10
2.0953775196850395
20
0.7313274803149606
11
2.0916279921259844
21
0.7294526771653543
0
LINE
8
BLACK
6
CONTINUOUS
10
2.0916279921259844
20
0.7294526771653543
11
2.0906450393700786
21
0.7291603149606299
0
LINE
8
BLACK
6
CONTINUOUS
10
2.0906450393700786
20
0.7291603149606299
11
2.0904733070866142
21
0.7292012992125985
0
LINE
8
BLACK
6
CONTINUOUS
10
2.0904733070866142
20
0.7292012992125985
11
2.0903074409448816
21
0.7291409448818897
0
LINE
8
BLACK
6
CONTINUOUS
10
2.0903074409448816
20
0.7291409448818897
11
2.0790588582677163
21
0.7291409448818897
0
LINE
8
BLACK
6
CONTINUOUS
10
2.0790588582677163
20
0.7291409448818897
11
2.0780489370078739
21
0.7293190157480315
0
LINE
8
BLACK
6
CONTINUOUS
10
2.0780489370078739
20
0.7293190157480315
11
2.0779136614173228
21
0.7294324803149607
0
LINE
8
BLACK
6
CONTINUOUS
10
2.0779136614173228
20
0.7294324803149607
11
2.0777383464566928
21
0.7294526771653543
0
LINE
8
BLACK
6
CONTINUOUS
10
2.0777383464566928
20
0.7294526771653543
11
2.0739887795275589
21
0.7313274803149606
0
LINE
8
BLACK
6
CONTINUOUS
10
2.0739887795275589
20
0.7313274803149606
11
2.0732797637795275
21
0.7318533464566929
0
LINE
8
BLACK
6
CONTINUOUS
10
2.0732797637795275
20
0.7318533464566929
11
2.0732214173228347
21
0.731880590551181
0
LINE
8
BLACK
6
CONTINUOUS
10
2.0732214173228347
20
0.731880590551181
11
2.0713466535433072
21
0.7337553543307086
0
LINE
8
BLACK
6
CONTINUOUS
10
2.0713466535433072
20
0.7337553543307086
11
2.070758464566929
21
0.7345953937007874
0
LINE
8
BLACK
6
CONTINUOUS
10
2.070758464566929
20
0.7345953937007874
11
2.0705824015748031
21
0.7366074803149606
0
LINE
8
BLACK
6
CONTINUOUS
10
2.0705824015748031
20
0.7366074803149606
11
2.0717409448818898
21
0.7382620472440945
0
LINE
8
BLACK
6
CONTINUOUS
10
2.0717409448818898
20
0.7382620472440945
11
2.0736918897637793
21
0.7387847637795275
0
LINE
8
BLACK
6
CONTINUOUS
10
2.0736918897637793
20
0.7387847637795275
11
2.0755224803149606
21
0.7379311811023622
0
LINE
8
BLACK
6
CONTINUOUS
10
2.0755224803149606
20
0.7379311811023622
11
2.0770583858267715
21
0.7363952362204724
0
LINE
8
BLACK
6
CONTINUOUS
10
2.0770583858267715
20
0.7363952362204724
11
2.0797559448818896
21
0.7350464566929134
0
LINE
8
BLACK
6
CONTINUOUS
10
2.0797559448818896
20
0.7350464566929134
11
2.0896103543307087
21
0.7350464566929134
0
LINE
8
BLACK
6
CONTINUOUS
10
2.0896103543307087
20
0.7350464566929134
11
2.0923078346456694
21
0.7363951968503937
0
LINE
8
BLACK
6
CONTINUOUS
10
2.0923078346456694
20
0.7363951968503937
11
2.0935049999999999
21
0.7375923622047243
0
LINE
8
BLACK
6
CONTINUOUS
10
2.0935049999999999
20
0.7375923622047243
11
2.0948537401574803
21
0.740289842519685
0
LINE
8
BLACK
6
CONTINUOUS
10
2.0948537401574803
20
0.740289842519685
11
2.0948537401574803
21
0.7482695669291338
0
LINE
8
BLACK
6
CONTINUOUS
10
2.0948537401574803
20
0.7482695669291338
11
2.0935049999999999
21
0.7509670472440945
0
LINE
8
BLACK
6
CONTINUOUS
10
2.0935049999999999
20
0.7509670472440945
11
2.0923078740157481
21
0.7521641732283464
0
LINE
8
BLACK
6
CONTINUOUS
10
2.0923078740157481
20
0.7521641732283464
11
2.0896103937007875
21
0.7535129133858267
0
LINE
8
BLACK
6
CONTINUOUS
10
2.0896103937007875
20
0.7535129133858267
11
2.084683149606299
21
0.7535129133858267
0
LINE
8
BLACK
6
CONTINUOUS
10
2.084683149606299
20
0.7535129133858267
11
2.0842457874015747
21
0.75359
0
LINE
8
BLACK
6
CONTINUOUS
10
2.0842457874015747
20
0.75359
11
2.0841103149606299
21
0.7535690157480315
0
LINE
8
BLACK
6
CONTINUOUS
10
2.0841103149606299
20
0.7535690157480315
11
2.0840056299212599
21
0.7536323622047244
0
LINE
8
BLACK
6
CONTINUOUS
10
2.0840056299212599
20
0.7536323622047244
11
2.0836732283464565
21
0.7536909842519685
0
LINE
8
BLACK
6
CONTINUOUS
10
2.0836732283464565
20
0.7536909842519685
11
2.0830634251968503
21
0.7542026377952755
0
LINE
8
BLACK
6
CONTINUOUS
10
2.0830634251968503
20
0.7542026377952755
11
2.0823824015748031
21
0.7546148818897638
0
LINE
8
BLACK
6
CONTINUOUS
10
2.0823824015748031
20
0.7546148818897638
11
2.0823064173228345
21
0.754837874015748
0
LINE
8
BLACK
6
CONTINUOUS
10
2.0823064173228345
20
0.754837874015748
11
2.0821259842519684
21
0.7549892913385826
0
LINE
8
BLACK
6
CONTINUOUS
10
2.0821259842519684
20
0.7549892913385826
11
2.081987716535433
21
0.7557732283464567
0
LINE
8
BLACK
6
CONTINUOUS
10
2.081987716535433
20
0.7557732283464567
11
2.081731023622047
21
0.7565267716535433
0
LINE
8
BLACK
6
CONTINUOUS
10
2.081731023622047
20
0.7565267716535433
11
2.0818161417322836
21
0.7567463779527559
0
LINE
8
BLACK
6
CONTINUOUS
10
2.0818161417322836
20
0.7567463779527559
11
2.0817752362204724
21
0.7569784251968503
0
LINE
8
BLACK
6
CONTINUOUS
10
2.0817752362204724
20
0.7569784251968503
11
2.082173307086614
21
0.757667874015748
0
LINE
8
BLACK
6
CONTINUOUS
10
2.082173307086614
20
0.757667874015748
11
2.0824609842519686
21
0.7584100787401574
0
LINE
8
BLACK
6
CONTINUOUS
10
2.0824609842519686
20
0.7584100787401574
11
2.0912993307086616
21
0.7685110236220473
0
LINE
8
BLACK
6
CONTINUOUS
10
2.0912993307086616
20
0.7685110236220473
11
2.0734345669291336
21
0.7685110236220473
0
LINE
8
BLACK
6
CONTINUOUS
10
2.0734345669291336
20
0.7685110236220473
11
2.0724246456692912
21
0.768689094488189
0
LINE
8
BLACK
6
CONTINUOUS
10
2.0724246456692912
20
0.768689094488189
11
2.070877401574803
21
0.7699874015748032
0
LINE
8
BLACK
6
CONTINUOUS
10
2.070877401574803
20
0.7699874015748032
11
2.0705266535433071
21
0.7719765354330709
0
LINE
8
BLACK
6
CONTINUOUS
10
2.0705266535433071
20
0.7719765354330709
11
2.0706811417322832
21
0.772244094488189
0
LINE
8
BLACK
6
CONTINUOUS
10
2.0706811417322832
20
0.772244094488189
11
2.0668151181102363
21
0.772244094488189
0
LINE
8
BLACK
6
CONTINUOUS
10
2.0668151181102363
20
0.772244094488189
11
2.0668619291338581
21
0.7705300393700787
0
LINE
8
BLACK
6
CONTINUOUS
10
2.0668619291338581
20
0.7705300393700787
11
2.0537385826771652
21
0.7311599606299213
0
LINE
8
BLACK
6
CONTINUOUS
10
2.0537385826771652
20
0.7311599606299213
11
2.0532502755905511
21
0.730258188976378
0
LINE
8
BLACK
6
CONTINUOUS
10
2.0532502755905511
20
0.730258188976378
11
2.0531778346456693
21
0.7302136614173228
0
LINE
8
BLACK
6
CONTINUOUS
10
2.0531778346456693
20
0.7302136614173228
11
2.0531466141732282
21
0.7301346456692913
0
LINE
8
BLACK
6
CONTINUOUS
10
2.0531466141732282
20
0.7301346456692913
11
2.052325118110236
21
0.7296898031496063
0
LINE
8
BLACK
6
CONTINUOUS
10
2.052325118110236
20
0.7296898031496063
11
2.0515293307086613
21
0.729200905511811
0
LINE
8
BLACK
6
CONTINUOUS
10
2.0515293307086613
20
0.729200905511811
11
2.0514452362204723
21
0.7292133464566929
0
LINE
8
BLACK
6
CONTINUOUS
10
2.0514452362204723
20
0.7292133464566929
11
2.0513704724409449
21
0.729172874015748
0
LINE
8
BLACK
6
CONTINUOUS
10
2.0513704724409449
20
0.729172874015748
11
2.0504553543307087
21
0.7293601181102362
0
LINE
8
BLACK
6
CONTINUOUS
10
2.0504553543307087
20
0.7293601181102362
11
2.049531338582677
21
0.7294971653543307
0
LINE
8
BLACK
6
CONTINUOUS
10
2.049531338582677
20
0.7294971653543307
11
2.0494748818897639
21
0.7295607874015748
0
LINE
8
BLACK
6
CONTINUOUS
10
2.0494748818897639
20
0.7295607874015748
11
2.0493916929133857
21
0.7295778346456693
0
LINE
8
BLACK
6
CONTINUOUS
10
2.0493916929133857
20
0.7295778346456693
11
2.0488113385826772
21
0.7303090944881889
0
LINE
8
BLACK
6
CONTINUOUS
10
2.0488113385826772
20
0.7303090944881889
11
2.0481912992125983
21
0.7310083858267716
0
LINE
8
BLACK
6
CONTINUOUS
10
2.0481912992125983
20
0.7310083858267716
11
2.0481889763779528
21
0.7310933464566929
0
LINE
8
BLACK
6
CONTINUOUS
10
2.0481889763779528
20
0.7310933464566929
11
2.0481361417322832
21
0.7311599606299213
0
LINE
8
BLACK
6
CONTINUOUS
10
2.0481361417322832
20
0.7311599606299213
11
2.0350127952755903
21
0.7705300393700787
0
LINE
8
BLACK
6
CONTINUOUS
10
2.0350127952755903
20
0.7705300393700787
11
2.0348623622047244
21
0.7715444488188976
0
LINE
8
BLACK
6
CONTINUOUS
10
2.0348623622047244
20
0.7715444488188976
11
2.0351388976377951
21
0.772244094488189
0
LINE
8
BLACK
6
CONTINUOUS
10
2.0351388976377951
20
0.772244094488189
11
2.0241082677165352
21
0.772244094488189
0
LINE
8
BLACK
6
CONTINUOUS
10
2.0241082677165352
20
0.772244094488189
11
2.0241363779527557
21
0.7722300393700787
0
LINE
8
BLACK
6
CONTINUOUS
10
2.0241363779527557
20
0.7722300393700787
11
2.0248454330708663
21
0.771704094488189
0
LINE
8
BLACK
6
CONTINUOUS
10
2.0248454330708663
20
0.771704094488189
11
2.0249037795275591
21
0.7716769291338582
0
LINE
8
BLACK
6
CONTINUOUS
10
2.0249037795275591
20
0.7716769291338582
11
2.0267785433070866
21
0.7698021653543307
0
LINE
8
BLACK
6
CONTINUOUS
10
2.0267785433070866
20
0.7698021653543307
11
2.0272848031496062
21
0.7690790551181103
0
LINE
8
BLACK
6
CONTINUOUS
10
2.0272848031496062
20
0.7690790551181103
11
2.0273316535433072
21
0.7690347637795275
0
LINE
8
BLACK
6
CONTINUOUS
10
2.0273316535433072
20
0.7690347637795275
11
2.0292064173228348
21
0.7652852362204724
0
LINE
8
BLACK
6
CONTINUOUS
10
2.0292064173228348
20
0.7652852362204724
11
2.0294987795275592
21
0.7643023228346456
0
LINE
8
BLACK
6
CONTINUOUS
10
2.0294987795275592
20
0.7643023228346456
11
2.0294577559055118
21
0.764130590551181
0
LINE
8
BLACK
6
CONTINUOUS
10
2.0294577559055118
20
0.764130590551181
11
2.0295181496062993
21
0.7639647244094488
0
LINE
8
BLACK
6
CONTINUOUS
10
2.0295181496062993
20
0.7639647244094488
11
2.0295181496062993
21
0.7583404330708661
0
LINE
8
BLACK
6
CONTINUOUS
10
2.0295181496062993
20
0.7583404330708661
11
2.0293400787401574
21
0.7573305118110236
0
LINE
8
BLACK
6
CONTINUOUS
10
2.0293400787401574
20
0.7573305118110236
11
2.0292265748031495
21
0.7571952362204725
0
LINE
8
BLACK
6
CONTINUOUS
10
2.0292265748031495
20
0.7571952362204725
11
2.0292064173228348
21
0.7570199212598425
0
LINE
8
BLACK
6
CONTINUOUS
10
2.0292064173228348
20
0.7570199212598425
11
2.0273316535433072
21
0.7532703937007874
0
LINE
8
BLACK
6
CONTINUOUS
10
2.0273316535433072
20
0.7532703937007874
11
2.0268057480314958
21
0.7525612992125984
0
LINE
8
BLACK
6
CONTINUOUS
10
2.0268057480314958
20
0.7525612992125984
11
2.0267785433070866
21
0.7525029921259843
0
LINE
8
BLACK
6
CONTINUOUS
10
2.0267785433070866
20
0.7525029921259843
11
2.0249037795275591
21
0.7506282283464567
0
LINE
8
BLACK
6
CONTINUOUS
10
2.0249037795275591
20
0.7506282283464567
11
2.0241806692913387
21
0.7501219291338582
0
LINE
8
BLACK
6
CONTINUOUS
10
2.0241806692913387
20
0.7501219291338582
11
2.0241363779527557
21
0.7500751181102362
0
LINE
8
BLACK
6
CONTINUOUS
10
2.0241363779527557
20
0.7500751181102362
11
2.0203868503937006
21
0.7482003543307086
0
LINE
8
BLACK
6
CONTINUOUS
10
2.0203868503937006
20
0.7482003543307086
11
2.0194038976377953
21
0.7479079921259842
0
LINE
8
BLACK
6
CONTINUOUS
10
2.0194038976377953
20
0.7479079921259842
11
2.0192322047244096
21
0.7479489763779528
0
LINE
8
BLACK
6
CONTINUOUS
10
2.0192322047244096
20
0.7479489763779528
11
2.0191037007874013
21
0.7479022047244094
0
LINE
8
BLACK
6
CONTINUOUS
10
2.0191037007874013
20
0.7479022047244094
11
2.0289844094488187
21
0.733786968503937
0
LINE
8
BLACK
6
CONTINUOUS
10
2.0289844094488187
20
0.733786968503937
11
2.0294176771653545
21
0.7328575196850393
0
LINE
8
BLACK
6
CONTINUOUS
10
2.0294176771653545
20
0.7328575196850393
11
2.0292413385826773
21
0.7308454330708661
0
LINE
8
BLACK
6
CONTINUOUS
10
2.0292413385826773
20
0.7308454330708661
11
2.0278129133858269
21
0.7294174015748032
0
LINE
8
BLACK
6
CONTINUOUS
10
2.0278129133858269
20
0.7294174015748032
11
2.0258007874015749
21
0.7292416535433071
0
LINE
8
BLACK
6
CONTINUOUS
10
2.0258007874015749
20
0.7292416535433071
11
2.0241464173228345
21
0.7304003937007874
0
LINE
8
BLACK
6
CONTINUOUS
10
2.0241464173228345
20
0.7304003937007874
11
2.01190468503937
21
0.747888622047244
0
LINE
8
BLACK
6
CONTINUOUS
10
2.01190468503937
20
0.747888622047244
11
2.0070209842519686
21
0.747888622047244
0
LINE
8
BLACK
6
CONTINUOUS
10
2.0070209842519686
20
0.747888622047244
11
2.0070209842519686
21
0.7320937007874015
0
LINE
8
BLACK
6
CONTINUOUS
10
2.0070209842519686
20
0.7320937007874015
11
2.0068429133858268
21
0.731083779527559
0
LINE
8
BLACK
6
CONTINUOUS
10
2.0068429133858268
20
0.731083779527559
11
2.0055446062992126
21
0.7295365354330708
0
LINE
8
BLACK
6
CONTINUOUS
10
2.0055446062992126
20
0.7295365354330708
11
2.003555472440945
21
0.7291857874015748
0
LINE
8
BLACK
6
CONTINUOUS
10
2.003555472440945
20
0.7291857874015748
11
2.0018062992125985
21
0.7301957086614173
0
LINE
8
BLACK
6
CONTINUOUS
10
2.0018062992125985
20
0.7301957086614173
11
2.001115472440945
21
0.7320937007874015
0
LINE
8
BLACK
6
CONTINUOUS
10
2.001115472440945
20
0.7320937007874015
11
2.001115472440945
21
0.7714637795275591
0
LINE
8
BLACK
6
CONTINUOUS
10
2.001115472440945
20
0.7714637795275591
11
2.0011830708661416
21
0.7718472834645669
0
LINE
8
BLACK
6
CONTINUOUS
10
2.0011830708661416
20
0.7718472834645669
11
2.0011603149606301
21
0.7719765354330709
0
LINE
8
BLACK
6
CONTINUOUS
10
2.0011603149606301
20
0.7719765354330709
11
2.0012259055118111
21
0.7720901181102362
0
LINE
8
BLACK
6
CONTINUOUS
10
2.0012259055118111
20
0.7720901181102362
11
2.0012530708661416
21
0.772244094488189
0
LINE
8
BLACK
6
CONTINUOUS
10
2.0012530708661416
20
0.772244094488189
11
1.9850393700787401
21
0.772244094488189
0
LINE
8
BLACK
6
CONTINUOUS
10
1.9850393700787401
20
0.772244094488189
11
1.9850393700787401
21
0.5773622047244095
0
LINE
8
BLACK
6
CONTINUOUS
10
1.9850393700787401
20
0.5773622047244095
11
2.36496062992126
21
0.5773622047244095
0
LINE
8
BLACK
6
CONTINUOUS
10
2.36496062992126
20
0.5773622047244095
11
2.36496062992126
21
0.772244094488189
0
LINE
8
BLACK
6
CONTINUOUS
10
2.36496062992126
20
0.772244094488189
11
2.1004863779527558
21
0.772244094488189
0
LINE
8
BLACK
6
CONTINUOUS
10
2.0406663779527561
20
0.772244094488189
11
2.0509373622047242
21
0.7414311023622047
0
LINE
8
BLACK
6
CONTINUOUS
10
2.0509373622047242
20
0.7414311023622047
11
2.0612083464566928
21
0.772244094488189
0
LINE
8
BLACK
6
CONTINUOUS
10
2.0612083464566928
20
0.772244094488189
11
2.0406663779527561
21
0.772244094488189
0
LINE
8
BLACK
6
CONTINUOUS
10
2.0070209842519686
20
0.7537941338582677
11
2.0183692913385824
21
0.7537941338582677
0
LINE
8
BLACK
6
CONTINUOUS
10
2.0183692913385824
20
0.7537941338582677
11
2.0210667716535431
21
0.755142874015748
0
LINE
8
BLACK
6
CONTINUOUS
10
2.0210667716535431
20
0.755142874015748
11
2.0222638976377953
21
0.75634
0
LINE
8
BLACK
6
CONTINUOUS
10
2.0222638976377953
20
0.75634
11
2.0236126377952757
21
0.7590374803149607
0
LINE
8
BLACK
6
CONTINUOUS
10
2.0236126377952757
20
0.7590374803149607
11
2.0236126377952757
21
0.7632676771653543
0
LINE
8
BLACK
6
CONTINUOUS
10
2.0236126377952757
20
0.7632676771653543
11
2.0222638976377953
21
0.7659651574803149
0
LINE
8
BLACK
6
CONTINUOUS
10
2.0222638976377953
20
0.7659651574803149
11
2.0210667716535431
21
0.7671622834645669
0
LINE
8
BLACK
6
CONTINUOUS
10
2.0210667716535431
20
0.7671622834645669
11
2.0183692913385824
21
0.7685110236220473
0
LINE
8
BLACK
6
CONTINUOUS
10
2.0183692913385824
20
0.7685110236220473
11
2.0070209842519686
21
0.7685110236220473
0
LINE
8
BLACK
6
CONTINUOUS
10
2.0070209842519686
20
0.7685110236220473
11
2.0070209842519686
21
0.7537941338582677
0
LINE
8
BLACK
6
CONTINUOUS
10
1.7662445669291338
20
0.6080262598425197
11
1.7681193700787401
21
0.6061514960629921
0
LINE
8
BLACK
6
CONTINUOUS
10
1.7681193700787401
20
0.6061514960629921
11
1.7687075984251968
21
0.6053114566929134
0
LINE
8
BLACK
6
CONTINUOUS
10
1.7687075984251968
20
0.6053114566929134
11
1.7687229527559054
21
0.6051355118110237
0
LINE
8
BLACK
6
CONTINUOUS
10
1.7687229527559054
20
0.6051355118110237
11
1.7688327165354329
21
0.6049972834645669
0
LINE
8
BLACK
6
CONTINUOUS
10
1.7688327165354329
20
0.6049972834645669
11
1.7707074803149605
21
0.599373031496063
0
LINE
8
BLACK
6
CONTINUOUS
10
1.7707074803149605
20
0.599373031496063
11
1.7708369685039369
21
0.5984997637795275
0
LINE
8
BLACK
6
CONTINUOUS
10
1.7708369685039369
20
0.5984997637795275
11
1.7708590157480315
21
0.5984392519685039
0
LINE
8
BLACK
6
CONTINUOUS
10
1.7708590157480315
20
0.5984392519685039
11
1.7708590157480315
21
0.5946897244094488
0
LINE
8
BLACK
6
CONTINUOUS
10
1.7708590157480315
20
0.5946897244094488
11
1.7707057086614173
21
0.5938203149606299
0
LINE
8
BLACK
6
CONTINUOUS
10
1.7707057086614173
20
0.5938203149606299
11
1.7707074803149605
21
0.5937559448818898
0
LINE
8
BLACK
6
CONTINUOUS
10
1.7707074803149605
20
0.5937559448818898
11
1.7688327165354329
21
0.5881316929133859
0
LINE
8
BLACK
6
CONTINUOUS
10
1.7688327165354329
20
0.5881316929133859
11
1.7683444094488188
21
0.5872299212598425
0
LINE
8
BLACK
6
CONTINUOUS
10
1.7683444094488188
20
0.5872299212598425
11
1.7681940157480314
21
0.5871375196850394
0
LINE
8
BLACK
6
CONTINUOUS
10
1.7681940157480314
20
0.5871375196850394
11
1.7681194094488188
21
0.5869775196850393
0
LINE
8
BLACK
6
CONTINUOUS
10
1.7681194094488188
20
0.5869775196850393
11
1.764369842519685
21
0.5832279921259842
0
LINE
8
BLACK
6
CONTINUOUS
10
1.764369842519685
20
0.5832279921259842
11
1.7636466535433071
21
0.5827215748031496
0
LINE
8
BLACK
6
CONTINUOUS
10
1.7636466535433071
20
0.5827215748031496
11
1.7636024409448818
21
0.5826748818897638
0
LINE
8
BLACK
6
CONTINUOUS
10
1.7636024409448818
20
0.5826748818897638
11
1.7598529133858267
21
0.5808001181102362
0
LINE
8
BLACK
6
CONTINUOUS
10
1.7598529133858267
20
0.5808001181102362
11
1.7593644488188975
21
0.5806548031496063
0
LINE
8
BLACK
6
CONTINUOUS
10
1.7593644488188975
20
0.5806548031496063
11
1.7592485433070866
21
0.5805765354330709
0
LINE
8
BLACK
6
CONTINUOUS
10
1.7592485433070866
20
0.5805765354330709
11
1.7517494881889764
21
0.5787017716535433
0
LINE
8
BLACK
6
CONTINUOUS
10
1.7517494881889764
20
0.5787017716535433
11
1.7511615748031495
21
0.5786602755905512
0
LINE
8
BLACK
6
CONTINUOUS
10
1.7511615748031495
20
0.5786602755905512
11
1.751033346456693
21
0.5786136220472441
0
LINE
8
BLACK
6
CONTINUOUS
10
1.751033346456693
20
0.5786136220472441
11
1.7454090551181103
21
0.5786136220472441
0
LINE
8
BLACK
6
CONTINUOUS
10
1.7454090551181103
20
0.5786136220472441
11
1.7448286614173227
21
0.5787159448818897
0
LINE
8
BLACK
6
CONTINUOUS
10
1.7448286614173227
20
0.5787159448818897
11
1.7446929133858267
21
0.5787017716535433
0
LINE
8
BLACK
6
CONTINUOUS
10
1.7446929133858267
20
0.5787017716535433
11
1.7371938582677164
21
0.5805765354330709
0
LINE
8
BLACK
6
CONTINUOUS
10
1.7371938582677164
20
0.5805765354330709
11
1.7367283858267717
21
0.580784094488189
0
LINE
8
BLACK
6
CONTINUOUS
10
1.7367283858267717
20
0.580784094488189
11
1.7365894881889763
21
0.5808001181102362
0
LINE
8
BLACK
6
CONTINUOUS
10
1.7365894881889763
20
0.5808001181102362
11
1.7328399606299212
21
0.5826748818897638
0
LINE
8
BLACK
6
CONTINUOUS
10
1.7328399606299212
20
0.5826748818897638
11
1.7321308661417323
21
0.5832007874015748
0
LINE
8
BLACK
6
CONTINUOUS
10
1.7321308661417323
20
0.5832007874015748
11
1.732072559055118
21
0.5832279921259842
0
LINE
8
BLACK
6
CONTINUOUS
10
1.732072559055118
20
0.5832279921259842
11
1.7283230314960629
21
0.5869775196850393
0
LINE
8
BLACK
6
CONTINUOUS
10
1.7283230314960629
20
0.5869775196850393
11
1.727734842519685
21
0.5878175590551181
0
LINE
8
BLACK
6
CONTINUOUS
10
1.727734842519685
20
0.5878175590551181
11
1.7277194488188976
21
0.5879933858267716
0
LINE
8
BLACK
6
CONTINUOUS
10
1.7277194488188976
20
0.5879933858267716
11
1.7276097244094488
21
0.5881316929133859
0
LINE
8
BLACK
6
CONTINUOUS
10
1.7276097244094488
20
0.5881316929133859
11
1.7257349606299213
21
0.5937559842519685
0
LINE
8
BLACK
6
CONTINUOUS
10
1.7257349606299213
20
0.5937559842519685
11
1.7256054724409449
21
0.5946291338582677
0
LINE
8
BLACK
6
CONTINUOUS
10
1.7256054724409449
20
0.5946291338582677
11
1.7255834251968503
21
0.5946897244094488
0
LINE
8
BLACK
6
CONTINUOUS
10
1.7255834251968503
20
0.5946897244094488
11
1.7255834251968503
21
0.5984392519685039
0
LINE
8
BLACK
6
CONTINUOUS
10
1.7255834251968503
20
0.5984392519685039
11
1.7257366929133857
21
0.5993086220472441
0
LINE
8
BLACK
6
CONTINUOUS
10
1.7257366929133857
20
0.5993086220472441
11
1.7257349606299213
21
0.5993729921259843
0
LINE
8
BLACK
6
CONTINUOUS
10
1.7257349606299213
20
0.5993729921259843
11
1.7276097244094488
21
0.6049972834645669
0
LINE
8
BLACK
6
CONTINUOUS
10
1.7276097244094488
20
0.6049972834645669
11
1.7280979921259843
21
0.6058990551181103
0
LINE
8
BLACK
6
CONTINUOUS
10
1.7280979921259843
20
0.6058990551181103
11
1.7282484251968504
21
0.6059914566929133
0
LINE
8
BLACK
6
CONTINUOUS
10
1.7282484251968504
20
0.6059914566929133
11
1.7283230314960629
21
0.6061514566929134
0
LINE
8
BLACK
6
CONTINUOUS
10
1.7283230314960629
20
0.6061514566929134
11
1.7301977952755905
21
0.6080262204724409
0
LINE
8
BLACK
6
CONTINUOUS
10
1.7301977952755905
20
0.6080262204724409
11
1.7310378346456692
21
0.6086144094488188
0
LINE
8
BLACK
6
CONTINUOUS
10
1.7310378346456692
20
0.6086144094488188
11
1.7330499212598425
21
0.6087904330708661
0
LINE
8
BLACK
6
CONTINUOUS
10
1.7330499212598425
20
0.6087904330708661
11
1.7347044881889764
21
0.6076319291338582
0
LINE
8
BLACK
6
CONTINUOUS
10
1.7347044881889764
20
0.6076319291338582
11
1.7352272047244095
21
0.6056809448818897
0
LINE
8
BLACK
6
CONTINUOUS
10
1.7352272047244095
20
0.6056809448818897
11
1.7343736220472441
21
0.6038503937007874
0
LINE
8
BLACK
6
CONTINUOUS
10
1.7343736220472441
20
0.6038503937007874
11
1.7329917322834645
21
0.6024685039370079
0
LINE
8
BLACK
6
CONTINUOUS
10
1.7329917322834645
20
0.6024685039370079
11
1.7314889370078739
21
0.5979600787401574
0
LINE
8
BLACK
6
CONTINUOUS
10
1.7314889370078739
20
0.5979600787401574
11
1.7314889370078739
21
0.5951688582677165
0
LINE
8
BLACK
6
CONTINUOUS
10
1.7314889370078739
20
0.5951688582677165
11
1.7329917322834645
21
0.5906604330708661
0
LINE
8
BLACK
6
CONTINUOUS
10
1.7329917322834645
20
0.5906604330708661
11
1.7359095669291338
21
0.5877426377952756
0
LINE
8
BLACK
6
CONTINUOUS
10
1.7359095669291338
20
0.5877426377952756
11
1.7389405511811022
21
0.586227125984252
0
LINE
8
BLACK
6
CONTINUOUS
10
1.7389405511811022
20
0.586227125984252
11
1.7457725984251968
21
0.5845191338582677
0
LINE
8
BLACK
6
CONTINUOUS
10
1.7457725984251968
20
0.5845191338582677
11
1.7506698031496062
21
0.5845191338582677
0
LINE
8
BLACK
6
CONTINUOUS
10
1.7506698031496062
20
0.5845191338582677
11
1.7575018503937008
21
0.586227125984252
0
LINE
8
BLACK
6
CONTINUOUS
10
1.7575018503937008
20
0.586227125984252
11
1.7605328346456692
21
0.5877426377952756
0
LINE
8
BLACK
6
CONTINUOUS
10
1.7605328346456692
20
0.5877426377952756
11
1.7634507086614173
21
0.5906604724409449
0
LINE
8
BLACK
6
CONTINUOUS
10
1.7634507086614173
20
0.5906604724409449
11
1.7649535039370079
21
0.5951688582677165
0
LINE
8
BLACK
6
CONTINUOUS
10
1.7649535039370079
20
0.5951688582677165
11
1.7649535039370079
21
0.5979601181102362
0
LINE
8
BLACK
6
CONTINUOUS
10
1.7649535039370079
20
0.5979601181102362
11
1.7634507086614173
21
0.6024684645669292
0
LINE
8
BLACK
6
CONTINUOUS
10
1.7634507086614173
20
0.6024684645669292
11
1.7620688188976377
21
0.6038503543307087
0
LINE
8
BLACK
6
CONTINUOUS
10
1.7620688188976377
20
0.6038503543307087
11
1.761480590551181
21
0.6046903937007874
0
LINE
8
BLACK
6
CONTINUOUS
10
1.761480590551181
20
0.6046903937007874
11
1.7613045275590551
21
0.6067025196850394
0
LINE
8
BLACK
6
CONTINUOUS
10
1.7613045275590551
20
0.6067025196850394
11
1.762463031496063
21
0.6083570866141732
0
LINE
8
BLACK
6
CONTINUOUS
10
1.762463031496063
20
0.6083570866141732
11
1.7644140157480315
21
0.6088798031496063
0
LINE
8
BLACK
6
CONTINUOUS
10
1.7644140157480315
20
0.6088798031496063
11
1.7662445669291338
21
0.6080262598425197
0
LINE
8
BLACK
6
CONTINUOUS
10
1.6951681889763779
20
0.626583937007874
11
1.6958590157480316
21
0.6246859448818898
0
LINE
8
BLACK
6
CONTINUOUS
10
1.6958590157480316
20
0.6246859448818898
11
1.6958590157480316
21
0.602188779527559
0
LINE
8
BLACK
6
CONTINUOUS
10
1.6958590157480316
20
0.602188779527559
11
1.6956809448818897
21
0.6011788582677166
0
LINE
8
BLACK
6
CONTINUOUS
10
1.6956809448818897
20
0.6011788582677166
11
1.6943826377952755
21
0.5996316141732283
0
LINE
8
BLACK
6
CONTINUOUS
10
1.6943826377952755
20
0.5996316141732283
11
1.6923935039370079
21
0.5992808661417323
0
LINE
8
BLACK
6
CONTINUOUS
10
1.6923935039370079
20
0.5992808661417323
11
1.6906443307086614
21
0.6002907874015748
0
LINE
8
BLACK
6
CONTINUOUS
10
1.6906443307086614
20
0.6002907874015748
11
1.6899535039370079
21
0.602188779527559
0
LINE
8
BLACK
6
CONTINUOUS
10
1.6899535039370079
20
0.602188779527559
11
1.6899535039370079
21
0.6104846062992126
0
LINE
8
BLACK
6
CONTINUOUS
10
1.6899535039370079
20
0.6104846062992126
11
1.6625395275590551
21
0.6104846062992126
0
LINE
8
BLACK
6
CONTINUOUS
10
1.6625395275590551
20
0.6104846062992126
11
1.6649979133858268
21
0.6080262204724409
0
LINE
8
BLACK
6
CONTINUOUS
10
1.6649979133858268
20
0.6080262204724409
11
1.6655042913385827
21
0.607303031496063
0
LINE
8
BLACK
6
CONTINUOUS
10
1.6655042913385827
20
0.607303031496063
11
1.6655510236220472
21
0.6072588188976378
0
LINE
8
BLACK
6
CONTINUOUS
10
1.6655510236220472
20
0.6072588188976378
11
1.6674257874015748
21
0.6035092913385827
0
LINE
8
BLACK
6
CONTINUOUS
10
1.6674257874015748
20
0.6035092913385827
11
1.6677181496062992
21
0.6025263779527559
0
LINE
8
BLACK
6
CONTINUOUS
10
1.6677181496062992
20
0.6025263779527559
11
1.6672488582677165
21
0.6005618503937008
0
LINE
8
BLACK
6
CONTINUOUS
10
1.6672488582677165
20
0.6005618503937008
11
1.6656265748031496
21
0.5993585433070866
0
LINE
8
BLACK
6
CONTINUOUS
10
1.6656265748031496
20
0.5993585433070866
11
1.6636104330708661
21
0.5994796062992126
0
LINE
8
BLACK
6
CONTINUOUS
10
1.6636104330708661
20
0.5994796062992126
11
1.6621437401574803
21
0.6008682677165355
0
LINE
8
BLACK
6
CONTINUOUS
10
1.6621437401574803
20
0.6008682677165355
11
1.6604832677165353
21
0.6041892125984252
0
LINE
8
BLACK
6
CONTINUOUS
10
1.6604832677165353
20
0.6041892125984252
11
1.6572792913385825
21
0.6073931496062992
0
LINE
8
BLACK
6
CONTINUOUS
10
1.6572792913385825
20
0.6073931496062992
11
1.6518982677165355
21
0.6109805118110236
0
LINE
8
BLACK
6
CONTINUOUS
10
1.6518982677165355
20
0.6109805118110236
11
1.6511567716535434
21
0.6116888976377952
0
LINE
8
BLACK
6
CONTINUOUS
10
1.6511567716535434
20
0.6116888976377952
11
1.6511090551181102
21
0.6118518110236221
0
LINE
8
BLACK
6
CONTINUOUS
10
1.6511090551181102
20
0.6118518110236221
11
1.6509790157480315
21
0.6119609842519685
0
LINE
8
BLACK
6
CONTINUOUS
10
1.6509790157480315
20
0.6119609842519685
11
1.6508301968503936
21
0.6128048818897638
0
LINE
8
BLACK
6
CONTINUOUS
10
1.6508301968503936
20
0.6128048818897638
11
1.650589527559055
21
0.6136274015748031
0
LINE
8
BLACK
6
CONTINUOUS
10
1.650589527559055
20
0.6136274015748031
11
1.650657716535433
21
0.613782874015748
0
LINE
8
BLACK
6
CONTINUOUS
10
1.650657716535433
20
0.613782874015748
11
1.6506282677165354
21
0.6139501181102363
0
LINE
8
BLACK
6
CONTINUOUS
10
1.6506282677165354
20
0.6139501181102363
11
1.6510566929133859
21
0.6146921653543307
0
LINE
8
BLACK
6
CONTINUOUS
10
1.6510566929133859
20
0.6146921653543307
11
1.6514010629921259
21
0.6154770078740157
0
LINE
8
BLACK
6
CONTINUOUS
10
1.6514010629921259
20
0.6154770078740157
11
1.6515533070866142
21
0.6155522440944882
0
LINE
8
BLACK
6
CONTINUOUS
10
1.6515533070866142
20
0.6155522440944882
11
1.6516381889763778
21
0.6156992913385827
0
LINE
8
BLACK
6
CONTINUOUS
10
1.6516381889763778
20
0.6156992913385827
11
1.6524434251968503
21
0.6159923622047244
0
LINE
8
BLACK
6
CONTINUOUS
10
1.6524434251968503
20
0.6159923622047244
11
1.653211653543307
21
0.6163722047244095
0
LINE
8
BLACK
6
CONTINUOUS
10
1.653211653543307
20
0.6163722047244095
11
1.6533765748031495
21
0.6163320078740158
0
LINE
8
BLACK
6
CONTINUOUS
10
1.6533765748031495
20
0.6163320078740158
11
1.6535361811023621
21
0.6163901181102363
0
LINE
8
BLACK
6
CONTINUOUS
10
1.6535361811023621
20
0.6163901181102363
11
1.6899535039370079
21
0.6163901181102363
0
LINE
8
BLACK
6
CONTINUOUS
10
1.6899535039370079
20
0.6163901181102363
11
1.6899535039370079
21
0.6246859448818898
0
LINE
8
BLACK
6
CONTINUOUS
10
1.6899535039370079
20
0.6246859448818898
11
1.6901315748031496
21
0.6256958661417322
0
LINE
8
BLACK
6
CONTINUOUS
10
1.6901315748031496
20
0.6256958661417322
11
1.6914298818897637
21
0.6272431102362205
0
LINE
8
BLACK
6
CONTINUOUS
10
1.6914298818897637
20
0.6272431102362205
11
1.6934190157480316
21
0.6275938582677165
0
LINE
8
BLACK
6
CONTINUOUS
10
1.6934190157480316
20
0.6275938582677165
11
1.6951681889763779
21
0.626583937007874
0
LINE
8
BLACK
6
CONTINUOUS
10
1.7516137007874015
20
0.6462840157480315
11
1.7517494881889764
21
0.6462982283464567
0
LINE
8
BLACK
6
CONTINUOUS
10
1.7517494881889764
20
0.6462982283464567
11
1.7592485433070866
21
0.6444234645669291
0
LINE
8
BLACK
6
CONTINUOUS
10
1.7592485433070866
20
0.6444234645669291
11
1.7601537007874015
21
0.6440197244094488
0
LINE
8
BLACK
6
CONTINUOUS
10
1.7601537007874015
20
0.6440197244094488
11
1.7601703149606298
21
0.6440157086614173
0
LINE
8
BLACK
6
CONTINUOUS
10
1.7601703149606298
20
0.6440157086614173
11
1.7657946062992125
21
0.6402661811023622
0
LINE
8
BLACK
6
CONTINUOUS
10
1.7657946062992125
20
0.6402661811023622
11
1.7661199212598424
21
0.6399553937007874
0
LINE
8
BLACK
6
CONTINUOUS
10
1.7661199212598424
20
0.6399553937007874
11
1.7662445669291338
21
0.6398972834645669
0
LINE
8
BLACK
6
CONTINUOUS
10
1.7662445669291338
20
0.6398972834645669
11
1.7681193700787401
21
0.6380225196850393
0
LINE
8
BLACK
6
CONTINUOUS
10
1.7681193700787401
20
0.6380225196850393
11
1.768625748031496
21
0.6372993307086614
0
LINE
8
BLACK
6
CONTINUOUS
10
1.768625748031496
20
0.6372993307086614
11
1.7686725196850392
21
0.6372550787401575
0
LINE
8
BLACK
6
CONTINUOUS
10
1.7686725196850392
20
0.6372550787401575
11
1.7705472834645668
21
0.6335055511811023
0
LINE
8
BLACK
6
CONTINUOUS
10
1.7705472834645668
20
0.6335055511811023
11
1.7708396456692912
21
0.6325226377952756
0
LINE
8
BLACK
6
CONTINUOUS
10
1.7708396456692912
20
0.6325226377952756
11
1.770798622047244
21
0.6323509055118111
0
LINE
8
BLACK
6
CONTINUOUS
10
1.770798622047244
20
0.6323509055118111
11
1.7708590157480315
21
0.6321850393700787
0
LINE
8
BLACK
6
CONTINUOUS
10
1.7708590157480315
20
0.6321850393700787
11
1.7708590157480315
21
0.6246859842519685
0
LINE
8
BLACK
6
CONTINUOUS
10
1.7708590157480315
20
0.6246859842519685
11
1.7706809448818897
21
0.623676062992126
0
LINE
8
BLACK
6
CONTINUOUS
10
1.7706809448818897
20
0.623676062992126
11
1.7693826377952755
21
0.6221288188976378
0
LINE
8
BLACK
6
CONTINUOUS
10
1.7693826377952755
20
0.6221288188976378
11
1.7673935039370079
21
0.6217780708661417
0
LINE
8
BLACK
6
CONTINUOUS
10
1.7673935039370079
20
0.6217780708661417
11
1.7656443307086613
21
0.6227879921259842
0
LINE
8
BLACK
6
CONTINUOUS
10
1.7656443307086613
20
0.6227879921259842
11
1.7649535039370079
21
0.6246859842519685
0
LINE
8
BLACK
6
CONTINUOUS
10
1.7649535039370079
20
0.6246859842519685
11
1.7649535039370079
21
0.6314879921259843
0
LINE
8
BLACK
6
CONTINUOUS
10
1.7649535039370079
20
0.6314879921259843
11
1.7636047637795276
21
0.6341854330708662
0
LINE
8
BLACK
6
CONTINUOUS
10
1.7636047637795276
20
0.6341854330708662
11
1.7622755118110236
21
0.6355146456692913
0
LINE
8
BLACK
6
CONTINUOUS
10
1.7622755118110236
20
0.6355146456692913
11
1.7573200393700787
21
0.6388182677165354
0
LINE
8
BLACK
6
CONTINUOUS
10
1.7573200393700787
20
0.6388182677165354
11
1.754402874015748
21
0.6395475984251968
0
LINE
8
BLACK
6
CONTINUOUS
10
1.754402874015748
20
0.6395475984251968
11
1.7555491338582676
21
0.6372550787401575
0
LINE
8
BLACK
6
CONTINUOUS
10
1.7555491338582676
20
0.6372550787401575
11
1.755841496062992
21
0.6362721653543307
0
LINE
8
BLACK
6
CONTINUOUS
10
1.755841496062992
20
0.6362721653543307
11
1.7558004724409448
21
0.6361004330708662
0
LINE
8
BLACK
6
CONTINUOUS
10
1.7558004724409448
20
0.6361004330708662
11
1.7558608661417323
21
0.6359345669291339
0
LINE
8
BLACK
6
CONTINUOUS
10
1.7558608661417323
20
0.6359345669291339
11
1.7558608661417323
21
0.6284355118110236
0
LINE
8
BLACK
6
CONTINUOUS
10
1.7558608661417323
20
0.6284355118110236
11
1.7556827952755905
21
0.6274255905511811
0
LINE
8
BLACK
6
CONTINUOUS
10
1.7556827952755905
20
0.6274255905511811
11
1.7555692913385825
21
0.6272903149606299
0
LINE
8
BLACK
6
CONTINUOUS
10
1.7555692913385825
20
0.6272903149606299
11
1.7555491338582676
21
0.627115
0
LINE
8
BLACK
6
CONTINUOUS
10
1.7555491338582676
20
0.627115
11
1.7536743700787401
21
0.6233654724409449
0
LINE
8
BLACK
6
CONTINUOUS
10
1.7536743700787401
20
0.6233654724409449
11
1.7531484645669291
21
0.6226563779527559
0
LINE
8
BLACK
6
CONTINUOUS
10
1.7531484645669291
20
0.6226563779527559
11
1.7531212598425197
21
0.6225980708661417
0
LINE
8
BLACK
6
CONTINUOUS
10
1.7531212598425197
20
0.6225980708661417
11
1.7512464960629921
21
0.6207233070866142
0
LINE
8
BLACK
6
CONTINUOUS
10
1.7512464960629921
20
0.6207233070866142
11
1.7505233858267717
21
0.6202170078740157
0
LINE
8
BLACK
6
CONTINUOUS
10
1.7505233858267717
20
0.6202170078740157
11
1.7504790944881889
21
0.6201701968503937
0
LINE
8
BLACK
6
CONTINUOUS
10
1.7504790944881889
20
0.6201701968503937
11
1.7467295669291338
21
0.6182954330708661
0
LINE
8
BLACK
6
CONTINUOUS
10
1.7467295669291338
20
0.6182954330708661
11
1.7457466141732283
21
0.6180030708661417
0
LINE
8
BLACK
6
CONTINUOUS
10
1.7457466141732283
20
0.6180030708661417
11
1.7455749212598424
21
0.6180440551181102
0
LINE
8
BLACK
6
CONTINUOUS
10
1.7455749212598424
20
0.6180440551181102
11
1.7454090551181103
21
0.6179837007874016
0
LINE
8
BLACK
6
CONTINUOUS
10
1.7454090551181103
20
0.6179837007874016
11
1.7360352362204725
21
0.6179837007874016
0
LINE
8
BLACK
6
CONTINUOUS
10
1.7360352362204725
20
0.6179837007874016
11
1.7350253149606298
21
0.6181617716535432
0
LINE
8
BLACK
6
CONTINUOUS
10
1.7350253149606298
20
0.6181617716535432
11
1.7348900393700788
21
0.6182752362204724
0
LINE
8
BLACK
6
CONTINUOUS
10
1.7348900393700788
20
0.6182752362204724
11
1.7347147244094487
21
0.6182954330708661
0
LINE
8
BLACK
6
CONTINUOUS
10
1.7347147244094487
20
0.6182954330708661
11
1.7309651968503936
21
0.6201701968503937
0
LINE
8
BLACK
6
CONTINUOUS
10
1.7309651968503936
20
0.6201701968503937
11
1.7302561023622047
21
0.620696062992126
0
LINE
8
BLACK
6
CONTINUOUS
10
1.7302561023622047
20
0.620696062992126
11
1.7301977952755905
21
0.6207233070866142
0
LINE
8
BLACK
6
CONTINUOUS
10
1.7301977952755905
20
0.6207233070866142
11
1.7283230314960629
21
0.6225980708661417
0
LINE
8
BLACK
6
CONTINUOUS
10
1.7283230314960629
20
0.6225980708661417
11
1.7278167322834646
21
0.6233211417322835
0
LINE
8
BLACK
6
CONTINUOUS
10
1.7278167322834646
20
0.6233211417322835
11
1.7277699212598425
21
0.6233654724409449
0
LINE
8
BLACK
6
CONTINUOUS
10
1.7277699212598425
20
0.6233654724409449
11
1.725895157480315
21
0.627115
0
LINE
8
BLACK
6
CONTINUOUS
10
1.725895157480315
20
0.627115
11
1.7256027952755906
21
0.6280979527559055
0
LINE
8
BLACK
6
CONTINUOUS
10
1.7256027952755906
20
0.6280979527559055
11
1.725643779527559
21
0.6282696062992126
0
LINE
8
BLACK
6
CONTINUOUS
10
1.725643779527559
20
0.6282696062992126
11
1.7255834251968503
21
0.6284355118110236
0
LINE
8
BLACK
6
CONTINUOUS
10
1.7255834251968503
20
0.6284355118110236
11
1.7255834251968503
21
0.6359345669291339
0
LINE
8
BLACK
6
CONTINUOUS
10
1.7255834251968503
20
0.6359345669291339
11
1.7257614960629921
21
0.6369444881889763
0
LINE
8
BLACK
6
CONTINUOUS
10
1.7257614960629921
20
0.6369444881889763
11
1.7258749606299213
21
0.6370797244094488
0
LINE
8
BLACK
6
CONTINUOUS
10
1.7258749606299213
20
0.6370797244094488
11
1.725895157480315
21
0.6372550787401575
0
LINE
8
BLACK
6
CONTINUOUS
10
1.725895157480315
20
0.6372550787401575
11
1.7277699212598425
21
0.6410046062992126
0
LINE
8
BLACK
6
CONTINUOUS
10
1.7277699212598425
20
0.6410046062992126
11
1.7282958267716535
21
0.6417136614173228
0
LINE
8
BLACK
6
CONTINUOUS
10
1.7282958267716535
20
0.6417136614173228
11
1.7283230314960629
21
0.6417720078740158
0
LINE
8
BLACK
6
CONTINUOUS
10
1.7283230314960629
20
0.6417720078740158
11
1.7301977952755905
21
0.6436467716535433
0
LINE
8
BLACK
6
CONTINUOUS
10
1.7301977952755905
20
0.6436467716535433
11
1.7309208661417324
21
0.644153031496063
0
LINE
8
BLACK
6
CONTINUOUS
10
1.7309208661417324
20
0.644153031496063
11
1.7309651968503936
21
0.6441998818897637
0
LINE
8
BLACK
6
CONTINUOUS
10
1.7309651968503936
20
0.6441998818897637
11
1.7347147244094487
21
0.6460746456692913
0
LINE
8
BLACK
6
CONTINUOUS
10
1.7347147244094487
20
0.6460746456692913
11
1.7356976377952755
21
0.6463670078740157
0
LINE
8
BLACK
6
CONTINUOUS
10
1.7356976377952755
20
0.6463670078740157
11
1.7358693307086615
21
0.6463259842519685
0
LINE
8
BLACK
6
CONTINUOUS
10
1.7358693307086615
20
0.6463259842519685
11
1.7360352362204725
21
0.6463863779527559
0
LINE
8
BLACK
6
CONTINUOUS
10
1.7360352362204725
20
0.6463863779527559
11
1.751033346456693
21
0.6463863779527559
0
LINE
8
BLACK
6
CONTINUOUS
10
1.751033346456693
20
0.6463863779527559
11
1.7516137007874015
21
0.6462840157480315
0
LINE
8
BLACK
6
CONTINUOUS
10
1.7340348031496062
20
0.639132125984252
11
1.7328376771653542
21
0.637935
0
LINE
8
BLACK
6
CONTINUOUS
10
1.7328376771653542
20
0.637935
11
1.7314889370078739
21
0.6352375196850394
0
LINE
8
BLACK
6
CONTINUOUS
10
1.7314889370078739
20
0.6352375196850394
11
1.7314889370078739
21
0.6291325590551181
0
LINE
8
BLACK
6
CONTINUOUS
10
1.7314889370078739
20
0.6291325590551181
11
1.7328376771653542
21
0.6264350787401575
0
LINE
8
BLACK
6
CONTINUOUS
10
1.7328376771653542
20
0.6264350787401575
11
1.7340348031496062
21
0.6252379527559055
0
LINE
8
BLACK
6
CONTINUOUS
10
1.7340348031496062
20
0.6252379527559055
11
1.7367322834645669
21
0.6238892125984252
0
LINE
8
BLACK
6
CONTINUOUS
10
1.7367322834645669
20
0.6238892125984252
11
1.7447120078740157
21
0.6238892125984252
0
LINE
8
BLACK
6
CONTINUOUS
10
1.7447120078740157
20
0.6238892125984252
11
1.7474094881889763
21
0.6252379527559055
0
LINE
8
BLACK
6
CONTINUOUS
10
1.7474094881889763
20
0.6252379527559055
11
1.7486066141732284
21
0.6264350787401575
0
LINE
8
BLACK
6
CONTINUOUS
10
1.7486066141732284
20
0.6264350787401575
11
1.7499553543307087
21
0.6291325590551181
0
LINE
8
BLACK
6
CONTINUOUS
10
1.7499553543307087
20
0.6291325590551181
11
1.7499553543307087
21
0.6352375196850394
0
LINE
8
BLACK
6
CONTINUOUS
10
1.7499553543307087
20
0.6352375196850394
11
1.7486066141732284
21
0.637935
0
LINE
8
BLACK
6
CONTINUOUS
10
1.7486066141732284
20
0.637935
11
1.7474094881889763
21
0.639132125984252
0
LINE
8
BLACK
6
CONTINUOUS
10
1.7474094881889763
20
0.639132125984252
11
1.7447120078740157
21
0.6404808661417323
0
LINE
8
BLACK
6
CONTINUOUS
10
1.7447120078740157
20
0.6404808661417323
11
1.7367322834645669
21
0.6404808661417323
0
LINE
8
BLACK
6
CONTINUOUS
10
1.7367322834645669
20
0.6404808661417323
11
1.7340348031496062
21
0.639132125984252
0
LINE
8
BLACK
6
CONTINUOUS
10
1.6784884645669291
20
0.6650316535433071
11
1.678624251968504
21
0.6650458661417322
0
LINE
8
BLACK
6
CONTINUOUS
10
1.678624251968504
20
0.6650458661417322
11
1.6861233070866142
21
0.6631711023622047
0
LINE
8
BLACK
6
CONTINUOUS
10
1.6861233070866142
20
0.6631711023622047
11
1.6865887401574802
21
0.6629635039370079
0
LINE
8
BLACK
6
CONTINUOUS
10
1.6865887401574802
20
0.6629635039370079
11
1.6867276771653543
21
0.6629475196850394
0
LINE
8
BLACK
6
CONTINUOUS
10
1.6867276771653543
20
0.6629475196850394
11
1.6904772047244094
21
0.6610727559055118
0
LINE
8
BLACK
6
CONTINUOUS
10
1.6904772047244094
20
0.6610727559055118
11
1.6911861811023621
21
0.6605468897637795
0
LINE
8
BLACK
6
CONTINUOUS
10
1.6911861811023621
20
0.6605468897637795
11
1.6912445669291338
21
0.6605196850393701
0
LINE
8
BLACK
6
CONTINUOUS
10
1.6912445669291338
20
0.6605196850393701
11
1.6931193700787401
21
0.6586449212598425
0
LINE
8
BLACK
6
CONTINUOUS
10
1.6931193700787401
20
0.6586449212598425
11
1.693625748031496
21
0.6579217322834645
0
LINE
8
BLACK
6
CONTINUOUS
10
1.693625748031496
20
0.6579217322834645
11
1.6936725196850393
21
0.6578774803149606
0
LINE
8
BLACK
6
CONTINUOUS
10
1.6936725196850393
20
0.6578774803149606
11
1.6955472834645668
21
0.6541279527559055
0
LINE
8
BLACK
6
CONTINUOUS
10
1.6955472834645668
20
0.6541279527559055
11
1.6958396456692912
21
0.6531450393700787
0
LINE
8
BLACK
6
CONTINUOUS
10
1.6958396456692912
20
0.6531450393700787
11
1.6957986220472441
21
0.6529733070866142
0
LINE
8
BLACK
6
CONTINUOUS
10
1.6957986220472441
20
0.6529733070866142
11
1.6958590157480316
21
0.6528074409448819
0
LINE
8
BLACK
6
CONTINUOUS
10
1.6958590157480316
20
0.6528074409448819
11
1.6958590157480316
21
0.6490579133858267
0
LINE
8
BLACK
6
CONTINUOUS
10
1.6958590157480316
20
0.6490579133858267
11
1.6956809448818897
21
0.6480479921259842
0
LINE
8
BLACK
6
CONTINUOUS
10
1.6956809448818897
20
0.6480479921259842
11
1.6955674409448818
21
0.647912716535433
0
LINE
8
BLACK
6
CONTINUOUS
10
1.6955674409448818
20
0.647912716535433
11
1.6955472834645668
21
0.6477374015748031
0
LINE
8
BLACK
6
CONTINUOUS
10
1.6955472834645668
20
0.6477374015748031
11
1.6936725196850393
21
0.643987874015748
0
LINE
8
BLACK
6
CONTINUOUS
10
1.6936725196850393
20
0.643987874015748
11
1.6931465354330708
21
0.6432787401574803
0
LINE
8
BLACK
6
CONTINUOUS
10
1.6931465354330708
20
0.6432787401574803
11
1.6931193700787401
21
0.6432204330708662
0
LINE
8
BLACK
6
CONTINUOUS
10
1.6931193700787401
20
0.6432204330708662
11
1.6912445669291338
21
0.6413456692913385
0
LINE
8
BLACK
6
CONTINUOUS
10
1.6912445669291338
20
0.6413456692913385
11
1.6905214960629922
21
0.6408393700787401
0
LINE
8
BLACK
6
CONTINUOUS
10
1.6905214960629922
20
0.6408393700787401
11
1.6904772047244094
21
0.6407925984251969
0
LINE
8
BLACK
6
CONTINUOUS
10
1.6904772047244094
20
0.6407925984251969
11
1.6867276771653543
21
0.6389178346456693
0
LINE
8
BLACK
6
CONTINUOUS
10
1.6867276771653543
20
0.6389178346456693
11
1.6862392125984251
21
0.6387725196850393
0
LINE
8
BLACK
6
CONTINUOUS
10
1.6862392125984251
20
0.6387725196850393
11
1.6861233070866142
21
0.6386942519685039
0
LINE
8
BLACK
6
CONTINUOUS
10
1.6861233070866142
20
0.6386942519685039
11
1.678624251968504
21
0.6368194881889764
0
LINE
8
BLACK
6
CONTINUOUS
10
1.678624251968504
20
0.6368194881889764
11
1.6780363385826771
21
0.6367779921259842
0
LINE
8
BLACK
6
CONTINUOUS
10
1.6780363385826771
20
0.6367779921259842
11
1.6779081102362203
21
0.6367313385826772
0
LINE
8
BLACK
6
CONTINUOUS
10
1.6779081102362203
20
0.6367313385826772
11
1.6685342913385826
21
0.6367313385826772
0
LINE
8
BLACK
6
CONTINUOUS
10
1.6685342913385826
20
0.6367313385826772
11
1.6679538976377952
21
0.6368336614173228
0
LINE
8
BLACK
6
CONTINUOUS
10
1.6679538976377952
20
0.6368336614173228
11
1.6678181496062991
21
0.6368194881889764
0
LINE
8
BLACK
6
CONTINUOUS
10
1.6678181496062991
20
0.6368194881889764
11
1.6603190944881889
21
0.6386942519685039
0
LINE
8
BLACK
6
CONTINUOUS
10
1.6603190944881889
20
0.6386942519685039
11
1.659853622047244
21
0.638901811023622
0
LINE
8
BLACK
6
CONTINUOUS
10
1.659853622047244
20
0.638901811023622
11
1.6597147244094488
21
0.6389178346456693
0
LINE
8
BLACK
6
CONTINUOUS
10
1.6597147244094488
20
0.6389178346456693
11
1.6559651968503937
21
0.6407925984251969
0
LINE
8
BLACK
6
CONTINUOUS
10
1.6559651968503937
20
0.6407925984251969
11
1.6552561023622048
21
0.6413184645669291
0
LINE
8
BLACK
6
CONTINUOUS
10
1.6552561023622048
20
0.6413184645669291
11
1.6551977952755905
21
0.6413457086614173
0
LINE
8
BLACK
6
CONTINUOUS
10
1.6551977952755905
20
0.6413457086614173
11
1.653323031496063
21
0.6432204724409448
0
LINE
8
BLACK
6
CONTINUOUS
10
1.653323031496063
20
0.6432204724409448
11
1.6528167322834646
21
0.6439435433070866
0
LINE
8
BLACK
6
CONTINUOUS
10
1.6528167322834646
20
0.6439435433070866
11
1.6527699212598426
21
0.643987874015748
0
LINE
8
BLACK
6
CONTINUOUS
10
1.6527699212598426
20
0.643987874015748
11
1.650895157480315
21
0.6477374015748031
0
LINE
8
BLACK
6
CONTINUOUS
10
1.650895157480315
20
0.6477374015748031
11
1.6506027952755906
21
0.6487203543307086
0
LINE
8
BLACK
6
CONTINUOUS
10
1.6506027952755906
20
0.6487203543307086
11
1.650643779527559
21
0.6488920078740157
0
LINE
8
BLACK
6
CONTINUOUS
10
1.650643779527559
20
0.6488920078740157
11
1.6505834251968503
21
0.6490579133858267
0
LINE
8
BLACK
6
CONTINUOUS
10
1.6505834251968503
20
0.6490579133858267
11
1.6505834251968503
21
0.6528074409448819
0
LINE
8
BLACK
6
CONTINUOUS
10
1.6505834251968503
20
0.6528074409448819
11
1.6507614960629922
21
0.6538173622047244
0
LINE
8
BLACK
6
CONTINUOUS
10
1.6507614960629922
20
0.6538173622047244
11
1.6508749606299211
21
0.6539525984251968
0
LINE
8
BLACK
6
CONTINUOUS
10
1.6508749606299211
20
0.6539525984251968
11
1.650895157480315
21
0.6541279527559055
0
LINE
8
BLACK
6
CONTINUOUS
10
1.650895157480315
20
0.6541279527559055
11
1.6527699212598426
21
0.6578774803149606
0
LINE
8
BLACK
6
CONTINUOUS
10
1.6527699212598426
20
0.6578774803149606
11
1.6532958267716535
21
0.6585865354330709
0
LINE
8
BLACK
6
CONTINUOUS
10
1.6532958267716535
20
0.6585865354330709
11
1.653323031496063
21
0.6586448818897638
0
LINE
8
BLACK
6
CONTINUOUS
10
1.653323031496063
20
0.6586448818897638
11
1.6551977952755905
21
0.6605196456692913
0
LINE
8
BLACK
6
CONTINUOUS
10
1.6551977952755905
20
0.6605196456692913
11
1.6559208661417322
21
0.6610259055118111
0
LINE
8
BLACK
6
CONTINUOUS
10
1.6559208661417322
20
0.6610259055118111
11
1.6559651968503937
21
0.6610727559055118
0
LINE
8
BLACK
6
CONTINUOUS
10
1.6559651968503937
20
0.6610727559055118
11
1.6597147244094488
21
0.6629475196850394
0
LINE
8
BLACK
6
CONTINUOUS
10
1.6597147244094488
20
0.6629475196850394
11
1.6602031496062992
21
0.6630927952755905
0
LINE
8
BLACK
6
CONTINUOUS
10
1.6602031496062992
20
0.6630927952755905
11
1.6603190944881889
21
0.6631711023622047
0
LINE
8
BLACK
6
CONTINUOUS
10
1.6603190944881889
20
0.6631711023622047
11
1.6678181496062991
21
0.6650458661417322
0
LINE
8
BLACK
6
CONTINUOUS
10
1.6678181496062991
20
0.6650458661417322
11
1.6684060236220473
21
0.6650873228346457
0
LINE
8
BLACK
6
CONTINUOUS
10
1.6684060236220473
20
0.6650873228346457
11
1.6685342913385826
21
0.6651340157480314
0
LINE
8
BLACK
6
CONTINUOUS
10
1.6685342913385826
20
0.6651340157480314
11
1.6779081102362203
21
0.6651340157480314
0
LINE
8
BLACK
6
CONTINUOUS
10
1.6779081102362203
20
0.6651340157480314
11
1.6784884645669291
21
0.6650316535433071
0
LINE
8
BLACK
6
CONTINUOUS
10
1.6620657874015747
20
0.6575204724409449
11
1.6590348031496063
21
0.6560049999999999
0
LINE
8
BLACK
6
CONTINUOUS
10
1.6590348031496063
20
0.6560049999999999
11
1.6578376771653542
21
0.654807874015748
0
LINE
8
BLACK
6
CONTINUOUS
10
1.6578376771653542
20
0.654807874015748
11
1.6564889370078739
21
0.6521103937007874
0
LINE
8
BLACK
6
CONTINUOUS
10
1.6564889370078739
20
0.6521103937007874
11
1.6564889370078739
21
0.6497549606299212
0
LINE
8
BLACK
6
CONTINUOUS
10
1.6564889370078739
20
0.6497549606299212
11
1.6578376771653542
21
0.6470574803149606
0
LINE
8
BLACK
6
CONTINUOUS
10
1.6578376771653542
20
0.6470574803149606
11
1.6590348031496063
21
0.6458603543307087
0
LINE
8
BLACK
6
CONTINUOUS
10
1.6590348031496063
20
0.6458603543307087
11
1.6620657874015747
21
0.644344842519685
0
LINE
8
BLACK
6
CONTINUOUS
10
1.6620657874015747
20
0.644344842519685
11
1.6688978346456693
21
0.6426368503937008
0
LINE
8
BLACK
6
CONTINUOUS
10
1.6688978346456693
20
0.6426368503937008
11
1.6775445669291338
21
0.6426368503937008
0
LINE
8
BLACK
6
CONTINUOUS
10
1.6775445669291338
20
0.6426368503937008
11
1.6843766141732284
21
0.644344842519685
0
LINE
8
BLACK
6
CONTINUOUS
10
1.6843766141732284
20
0.644344842519685
11
1.6874075984251968
21
0.6458603543307087
0
LINE
8
BLACK
6
CONTINUOUS
10
1.6874075984251968
20
0.6458603543307087
11
1.6886047637795276
21
0.6470574803149606
0
LINE
8
BLACK
6
CONTINUOUS
10
1.6886047637795276
20
0.6470574803149606
11
1.6899535039370079
21
0.6497549606299212
0
LINE
8
BLACK
6
CONTINUOUS
10
1.6899535039370079
20
0.6497549606299212
11
1.6899535039370079
21
0.6521103937007874
0
LINE
8
BLACK
6
CONTINUOUS
10
1.6899535039370079
20
0.6521103937007874
11
1.6886047637795276
21
0.6548078346456693
0
LINE
8
BLACK
6
CONTINUOUS
10
1.6886047637795276
20
0.6548078346456693
11
1.6874075984251968
21
0.6560049606299212
0
LINE
8
BLACK
6
CONTINUOUS
10
1.6874075984251968
20
0.6560049606299212
11
1.6843766141732284
21
0.6575204724409449
0
LINE
8
BLACK
6
CONTINUOUS
10
1.6843766141732284
20
0.6575204724409449
11
1.6775445669291338
21
0.6592285039370078
0
LINE
8
BLACK
6
CONTINUOUS
10
1.6775445669291338
20
0.6592285039370078
11
1.6688978346456693
21
0.6592285039370078
0
LINE
8
BLACK
6
CONTINUOUS
10
1.6688978346456693
20
0.6592285039370078
11
1.6620657874015747
21
0.6575204724409449
0
LINE
8
BLACK
6
CONTINUOUS
10
1.5335296456692913
20
0.7124635826771654
11
1.5356912204724409
21
0.7103020078740158
0
LINE
8
BLACK
6
CONTINUOUS
10
1.5356912204724409
20
0.7103020078740158
11
1.5364824015748031
21
0.707349251968504
0
LINE
8
BLACK
6
CONTINUOUS
10
1.5364824015748031
20
0.707349251968504
11
1.5364824015748031
21
0.6595427165354331
0
LINE
8
BLACK
6
CONTINUOUS
10
1.5364824015748031
20
0.6595427165354331
11
1.5361310236220471
21
0.6582314566929134
0
LINE
8
BLACK
6
CONTINUOUS
10
1.5361310236220471
20
0.6582314566929134
11
1.5358589370078739
21
0.6569017322834646
0
LINE
8
BLACK
6
CONTINUOUS
10
1.5358589370078739
20
0.6569017322834646
11
1.5330468110236219
21
0.6512774015748032
0
LINE
8
BLACK
6
CONTINUOUS
10
1.5330468110236219
20
0.6512774015748032
11
1.5324159448818897
21
0.6505659842519685
0
LINE
8
BLACK
6
CONTINUOUS
10
1.5324159448818897
20
0.6505659842519685
11
1.5319405511811024
21
0.6497425590551181
0
LINE
8
BLACK
6
CONTINUOUS
10
1.5319405511811024
20
0.6497425590551181
11
1.5291283858267717
21
0.6469304330708662
0
LINE
8
BLACK
6
CONTINUOUS
10
1.5291283858267717
20
0.6469304330708662
11
1.5283049606299213
21
0.6464550393700788
0
LINE
8
BLACK
6
CONTINUOUS
10
1.5283049606299213
20
0.6464550393700788
11
1.5275936220472441
21
0.6458242519685039
0
LINE
8
BLACK
6
CONTINUOUS
10
1.5275936220472441
20
0.6458242519685039
11
1.5219693307086615
21
0.6430120866141732
0
LINE
8
BLACK
6
CONTINUOUS
10
1.5219693307086615
20
0.6430120866141732
11
1.5206393700787402
21
0.6427399212598425
0
LINE
8
BLACK
6
CONTINUOUS
10
1.5206393700787402
20
0.6427399212598425
11
1.5193283070866141
21
0.6423886220472441
0
LINE
8
BLACK
6
CONTINUOUS
10
1.5193283070866141
20
0.6423886220472441
11
1.5080797244094488
21
0.6423886220472441
0
LINE
8
BLACK
6
CONTINUOUS
10
1.5080797244094488
20
0.6423886220472441
11
1.5067686614173228
21
0.6427398818897637
0
LINE
8
BLACK
6
CONTINUOUS
10
1.5067686614173228
20
0.6427398818897637
11
1.5054386614173227
21
0.6430120866141732
0
LINE
8
BLACK
6
CONTINUOUS
10
1.5054386614173227
20
0.6430120866141732
11
1.4998144094488188
21
0.6458242519685039
0
LINE
8
BLACK
6
CONTINUOUS
10
1.4998144094488188
20
0.6458242519685039
11
1.4991030314960629
21
0.6464550393700788
0
LINE
8
BLACK
6
CONTINUOUS
10
1.4991030314960629
20
0.6464550393700788
11
1.4982796456692913
21
0.6469304330708662
0
LINE
8
BLACK
6
CONTINUOUS
10
1.4982796456692913
20
0.6469304330708662
11
1.4954674803149606
21
0.6497425590551181
0
LINE
8
BLACK
6
CONTINUOUS
10
1.4954674803149606
20
0.6497425590551181
11
1.4949920078740158
21
0.6505660236220472
0
LINE
8
BLACK
6
CONTINUOUS
10
1.4949920078740158
20
0.6505660236220472
11
1.494361220472441
21
0.6512774015748032
0
LINE
8
BLACK
6
CONTINUOUS
10
1.494361220472441
20
0.6512774015748032
11
1.4915490551181103
21
0.6569016929133858
0
LINE
8
BLACK
6
CONTINUOUS
10
1.4915490551181103
20
0.6569016929133858
11
1.4912768897637796
21
0.6582316141732283
0
LINE
8
BLACK
6
CONTINUOUS
10
1.4912768897637796
20
0.6582316141732283
11
1.4909255905511811
21
0.6595427165354331
0
LINE
8
BLACK
6
CONTINUOUS
10
1.4909255905511811
20
0.6595427165354331
11
1.4909255905511811
21
0.707349251968504
0
LINE
8
BLACK
6
CONTINUOUS
10
1.4909255905511811
20
0.707349251968504
11
1.4917167716535433
21
0.7103020078740158
0
LINE
8
BLACK
6
CONTINUOUS
10
1.4917167716535433
20
0.7103020078740158
11
1.4938783464566929
21
0.7124635826771654
0
LINE
8
BLACK
6
CONTINUOUS
10
1.4938783464566929
20
0.7124635826771654
11
1.4968311023622047
21
0.7132547637795276
0
LINE
8
BLACK
6
CONTINUOUS
10
1.4968311023622047
20
0.7132547637795276
11
1.4997838582677165
21
0.7124635826771654
0
LINE
8
BLACK
6
CONTINUOUS
10
1.4997838582677165
20
0.7124635826771654
11
1.5019454330708661
21
0.7103020078740158
0
LINE
8
BLACK
6
CONTINUOUS
10
1.5019454330708661
20
0.7103020078740158
11
1.5027366141732283
21
0.707349251968504
0
LINE
8
BLACK
6
CONTINUOUS
10
1.5027366141732283
20
0.707349251968504
11
1.5027366141732283
21
0.660936811023622
0
LINE
8
BLACK
6
CONTINUOUS
10
1.5027366141732283
20
0.660936811023622
11
1.5044967322834646
21
0.6574165748031496
0
LINE
8
BLACK
6
CONTINUOUS
10
1.5044967322834646
20
0.6574165748031496
11
1.5059535826771653
21
0.6559597637795276
0
LINE
8
BLACK
6
CONTINUOUS
10
1.5059535826771653
20
0.6559597637795276
11
1.5094738188976378
21
0.6541996456692913
0
LINE
8
BLACK
6
CONTINUOUS
10
1.5094738188976378
20
0.6541996456692913
11
1.5179342125984252
21
0.6541996456692913
0
LINE
8
BLACK
6
CONTINUOUS
10
1.5179342125984252
20
0.6541996456692913
11
1.5214544488188977
21
0.6559597637795276
0
LINE
8
BLACK
6
CONTINUOUS
10
1.5214544488188977
20
0.6559597637795276
11
1.5229112992125984
21
0.6574166141732284
0
LINE
8
BLACK
6
CONTINUOUS
10
1.5229112992125984
20
0.6574166141732284
11
1.5246713779527559
21
0.6609367716535433
0
LINE
8
BLACK
6
CONTINUOUS
10
1.5246713779527559
20
0.6609367716535433
11
1.5246713779527559
21
0.707349251968504
0
LINE
8
BLACK
6
CONTINUOUS
10
1.5246713779527559
20
0.707349251968504
11
1.5254625590551181
21
0.7103020078740158
0
LINE
8
BLACK
6
CONTINUOUS
10
1.5254625590551181
20
0.7103020078740158
11
1.5276241338582677
21
0.7124635826771654
0
LINE
8
BLACK
6
CONTINUOUS
10
1.5276241338582677
20
0.7124635826771654
11
1.5305768897637795
21
0.7132547637795276
0
LINE
8
BLACK
6
CONTINUOUS
10
1.5305768897637795
20
0.7132547637795276
11
1.5335296456692913
21
0.7124635826771654
0
LINE
8
BLACK
6
CONTINUOUS
10
1.5901955905511811
20
0.7131037401574803
11
1.5907776771653543
21
0.7131425590551181
0
LINE
8
BLACK
6
CONTINUOUS
10
1.5907776771653543
20
0.7131425590551181
11
1.5916478346456693
21
0.7127146062992126
0
LINE
8
BLACK
6
CONTINUOUS
10
1.5916478346456693
20
0.7127146062992126
11
1.5925848031496062
21
0.7124635826771654
0
LINE
8
BLACK
6
CONTINUOUS
10
1.5925848031496062
20
0.7124635826771654
11
1.5929974015748032
21
0.7120509448818898
0
LINE
8
BLACK
6
CONTINUOUS
10
1.5929974015748032
20
0.7120509448818898
11
1.5935208267716534
21
0.7117935826771653
0
LINE
8
BLACK
6
CONTINUOUS
10
1.5935208267716534
20
0.7117935826771653
11
1.5940604330708661
21
0.7109879133858268
0
LINE
8
BLACK
6
CONTINUOUS
10
1.5940604330708661
20
0.7109879133858268
11
1.594746377952756
21
0.7103020078740158
0
LINE
8
BLACK
6
CONTINUOUS
10
1.594746377952756
20
0.7103020078740158
11
1.5948973622047244
21
0.7097384251968504
0
LINE
8
BLACK
6
CONTINUOUS
10
1.5948973622047244
20
0.7097384251968504
11
1.5952220078740158
21
0.7092537795275591
0
LINE
8
BLACK
6
CONTINUOUS
10
1.5952220078740158
20
0.7092537795275591
11
1.595286496062992
21
0.7082861417322834
0
LINE
8
BLACK
6
CONTINUOUS
10
1.595286496062992
20
0.7082861417322834
11
1.5955375590551182
21
0.707349251968504
0
LINE
8
BLACK
6
CONTINUOUS
10
1.5955375590551182
20
0.707349251968504
11
1.5953865354330707
21
0.7067856692913386
0
LINE
8
BLACK
6
CONTINUOUS
10
1.5953865354330707
20
0.7067856692913386
11
1.5954253543307086
21
0.7062036220472441
0
LINE
8
BLACK
6
CONTINUOUS
10
1.5954253543307086
20
0.7062036220472441
11
1.5949974015748032
21
0.7053333858267716
0
LINE
8
BLACK
6
CONTINUOUS
10
1.5949974015748032
20
0.7053333858267716
11
1.594746377952756
21
0.7043964960629922
0
LINE
8
BLACK
6
CONTINUOUS
10
1.594746377952756
20
0.7043964960629922
11
1.5943337795275589
21
0.7039838976377952
0
LINE
8
BLACK
6
CONTINUOUS
10
1.5943337795275589
20
0.7039838976377952
11
1.5940763779527558
21
0.7034604330708661
0
LINE
8
BLACK
6
CONTINUOUS
10
1.5940763779527558
20
0.7034604330708661
11
1.5819923622047243
21
0.6896500787401575
0
LINE
8
BLACK
6
CONTINUOUS
10
1.5819923622047243
20
0.6896500787401575
11
1.586648779527559
21
0.687321968503937
0
LINE
8
BLACK
6
CONTINUOUS
10
1.586648779527559
20
0.687321968503937
11
1.5873601574803149
21
0.6866911023622048
0
LINE
8
BLACK
6
CONTINUOUS
10
1.5873601574803149
20
0.6866911023622048
11
1.5881836220472441
21
0.6862157086614173
0
LINE
8
BLACK
6
CONTINUOUS
10
1.5881836220472441
20
0.6862157086614173
11
1.590995748031496
21
0.6834035433070866
0
LINE
8
BLACK
6
CONTINUOUS
10
1.590995748031496
20
0.6834035433070866
11
1.5914711023622048
21
0.6825801181102362
0
LINE
8
BLACK
6
CONTINUOUS
10
1.5914711023622048
20
0.6825801181102362
11
1.5921019291338583
21
0.6818687795275591
0
LINE
8
BLACK
6
CONTINUOUS
10
1.5921019291338583
20
0.6818687795275591
11
1.594914094488189
21
0.6762445275590551
0
LINE
8
BLACK
6
CONTINUOUS
10
1.594914094488189
20
0.6762445275590551
11
1.5951862598425197
21
0.6749144881889764
0
LINE
8
BLACK
6
CONTINUOUS
10
1.5951862598425197
20
0.6749144881889764
11
1.5955375590551182
21
0.6736034645669291
0
LINE
8
BLACK
6
CONTINUOUS
10
1.5955375590551182
20
0.6736034645669291
11
1.5955375590551182
21
0.6595427165354331
0
LINE
8
BLACK
6
CONTINUOUS
10
1.5955375590551182
20
0.6595427165354331
11
1.5951862598425197
21
0.658231653543307
0
LINE
8
BLACK
6
CONTINUOUS
10
1.5951862598425197
20
0.658231653543307
11
1.594914094488189
21
0.6569016535433071
0
LINE
8
BLACK
6
CONTINUOUS
10
1.594914094488189
20
0.6569016535433071
11
1.5921019291338583
21
0.6512774015748032
0
LINE
8
BLACK
6
CONTINUOUS
10
1.5921019291338583
20
0.6512774015748032
11
1.5914711023622048
21
0.6505660236220472
0
LINE
8
BLACK
6
CONTINUOUS
10
1.5914711023622048
20
0.6505660236220472
11
1.5909957086614173
21
0.6497425984251969
0
LINE
8
BLACK
6
CONTINUOUS
10
1.5909957086614173
20
0.6497425984251969
11
1.5881835826771653
21
0.6469304724409448
0
LINE
8
BLACK
6
CONTINUOUS
10
1.5881835826771653
20
0.6469304724409448
11
1.5873601574803149
21
0.6464550787401575
0
LINE
8
BLACK
6
CONTINUOUS
10
1.5873601574803149
20
0.6464550787401575
11
1.586648779527559
21
0.6458242519685039
0
LINE
8
BLACK
6
CONTINUOUS
10
1.586648779527559
20
0.6458242519685039
11
1.5810244488188976
21
0.6430120866141732
0
LINE
8
BLACK
6
CONTINUOUS
10
1.5810244488188976
20
0.6430120866141732
11
1.5796944881889763
21
0.6427399212598425
0
LINE
8
BLACK
6
CONTINUOUS
10
1.5796944881889763
20
0.6427399212598425
11
1.5783834251968503
21
0.6423886220472441
0
LINE
8
BLACK
6
CONTINUOUS
10
1.5783834251968503
20
0.6423886220472441
11
1.5615105511811023
21
0.6423886220472441
0
LINE
8
BLACK
6
CONTINUOUS
10
1.5615105511811023
20
0.6423886220472441
11
1.5601994881889762
21
0.6427398818897637
0
LINE
8
BLACK
6
CONTINUOUS
10
1.5601994881889762
20
0.6427398818897637
11
1.5588694881889764
21
0.6430120866141732
0
LINE
8
BLACK
6
CONTINUOUS
10
1.5588694881889764
20
0.6430120866141732
11
1.5532452362204725
21
0.6458242519685039
0
LINE
8
BLACK
6
CONTINUOUS
10
1.5532452362204725
20
0.6458242519685039
11
1.5525338582677164
21
0.6464550393700788
0
LINE
8
BLACK
6
CONTINUOUS
10
1.5525338582677164
20
0.6464550393700788
11
1.551710472440945
21
0.6469304330708662
0
LINE
8
BLACK
6
CONTINUOUS
10
1.551710472440945
20
0.6469304330708662
11
1.5488983070866142
21
0.6497425590551181
0
LINE
8
BLACK
6
CONTINUOUS
10
1.5488983070866142
20
0.6497425590551181
11
1.5473698031496064
21
0.6523899212598425
0
LINE
8
BLACK
6
CONTINUOUS
10
1.5473698031496064
20
0.6523899212598425
11
1.5473698031496064
21
0.6554468503937008
0
LINE
8
BLACK
6
CONTINUOUS
10
1.5473698031496064
20
0.6554468503937008
11
1.5488982283464567
21
0.6580942125984252
0
LINE
8
BLACK
6
CONTINUOUS
10
1.5488982283464567
20
0.6580942125984252
11
1.551545590551181
21
0.659622716535433
0
LINE
8
BLACK
6
CONTINUOUS
10
1.551545590551181
20
0.659622716535433
11
1.5546025196850393
21
0.659622716535433
0
LINE
8
BLACK
6
CONTINUOUS
10
1.5546025196850393
20
0.659622716535433
11
1.5572498818897638
21
0.6580942913385827
0
LINE
8
BLACK
6
CONTINUOUS
10
1.5572498818897638
20
0.6580942913385827
11
1.559384409448819
21
0.6559597637795276
0
LINE
8
BLACK
6
CONTINUOUS
10
1.559384409448819
20
0.6559597637795276
11
1.5629046456692912
21
0.6541996456692913
0
LINE
8
BLACK
6
CONTINUOUS
10
1.5629046456692912
20
0.6541996456692913
11
1.5769893307086613
21
0.6541996456692913
0
LINE
8
BLACK
6
CONTINUOUS
10
1.5769893307086613
20
0.6541996456692913
11
1.5805095669291338
21
0.6559597637795276
0
LINE
8
BLACK
6
CONTINUOUS
10
1.5805095669291338
20
0.6559597637795276
11
1.5819664173228347
21
0.6574166141732284
0
LINE
8
BLACK
6
CONTINUOUS
10
1.5819664173228347
20
0.6574166141732284
11
1.5837265354330707
21
0.660936811023622
0
LINE
8
BLACK
6
CONTINUOUS
10
1.5837265354330707
20
0.660936811023622
11
1.5837265354330707
21
0.6722093307086614
0
LINE
8
BLACK
6
CONTINUOUS
10
1.5837265354330707
20
0.6722093307086614
11
1.581966377952756
21
0.6757295669291339
0
LINE
8
BLACK
6
CONTINUOUS
10
1.581966377952756
20
0.6757295669291339
11
1.5805095669291338
21
0.6771864173228346
0
LINE
8
BLACK
6
CONTINUOUS
10
1.5805095669291338
20
0.6771864173228346
11
1.5769893700787401
21
0.6789465354330708
0
LINE
8
BLACK
6
CONTINUOUS
10
1.5769893700787401
20
0.6789465354330708
11
1.5699470078740156
21
0.6789465354330708
0
LINE
8
BLACK
6
CONTINUOUS
10
1.5699470078740156
20
0.6789465354330708
11
1.5693835433070866
21
0.6790974803149606
0
LINE
8
BLACK
6
CONTINUOUS
10
1.5693835433070866
20
0.6790974803149606
11
1.5688013779527559
21
0.6790587007874016
0
LINE
8
BLACK
6
CONTINUOUS
10
1.5688013779527559
20
0.6790587007874016
11
1.5679309448818897
21
0.6794866929133858
0
LINE
8
BLACK
6
CONTINUOUS
10
1.5679309448818897
20
0.6794866929133858
11
1.5669942519685038
21
0.679737716535433
0
LINE
8
BLACK
6
CONTINUOUS
10
1.5669942519685038
20
0.679737716535433
11
1.5665817322834645
21
0.6801501968503937
0
LINE
8
BLACK
6
CONTINUOUS
10
1.5665817322834645
20
0.6801501968503937
11
1.5660581889763778
21
0.6804076771653543
0
LINE
8
BLACK
6
CONTINUOUS
10
1.5660581889763778
20
0.6804076771653543
11
1.5655183858267716
21
0.6812135433070866
0
LINE
8
BLACK
6
CONTINUOUS
10
1.5655183858267716
20
0.6812135433070866
11
1.5648326771653542
21
0.6818992913385826
0
LINE
8
BLACK
6
CONTINUOUS
10
1.5648326771653542
20
0.6818992913385826
11
1.5646816929133858
21
0.6824627559055118
0
LINE
8
BLACK
6
CONTINUOUS
10
1.5646816929133858
20
0.6824627559055118
11
1.5643570078740157
21
0.6829475196850393
0
LINE
8
BLACK
6
CONTINUOUS
10
1.5643570078740157
20
0.6829475196850393
11
1.5642924803149605
21
0.68391531496063
0
LINE
8
BLACK
6
CONTINUOUS
10
1.5642924803149605
20
0.68391531496063
11
1.564041496062992
21
0.6848520472440944
0
LINE
8
BLACK
6
CONTINUOUS
10
1.564041496062992
20
0.6848520472440944
11
1.5641924409448817
21
0.6854154724409449
0
LINE
8
BLACK
6
CONTINUOUS
10
1.5641924409448817
20
0.6854154724409449
11
1.5641536614173228
21
0.6859976771653543
0
LINE
8
BLACK
6
CONTINUOUS
10
1.5641536614173228
20
0.6859976771653543
11
1.564581653543307
21
0.6868680708661418
0
LINE
8
BLACK
6
CONTINUOUS
10
1.564581653543307
20
0.6868680708661418
11
1.5648326771653542
21
0.6878048031496062
0
LINE
8
BLACK
6
CONTINUOUS
10
1.5648326771653542
20
0.6878048031496062
11
1.565245157480315
21
0.6882172834645669
0
LINE
8
BLACK
6
CONTINUOUS
10
1.565245157480315
20
0.6882172834645669
11
1.5655026377952757
21
0.6887408661417322
0
LINE
8
BLACK
6
CONTINUOUS
10
1.5655026377952757
20
0.6887408661417322
11
1.5766176771653544
21
0.7014437401574803
0
LINE
8
BLACK
6
CONTINUOUS
10
1.5766176771653544
20
0.7014437401574803
11
1.5530740944881889
21
0.7014437401574803
0
LINE
8
BLACK
6
CONTINUOUS
10
1.5530740944881889
20
0.7014437401574803
11
1.5501213385826771
21
0.7022349212598425
0
LINE
8
BLACK
6
CONTINUOUS
10
1.5501213385826771
20
0.7022349212598425
11
1.5479597637795275
21
0.7043964960629922
0
LINE
8
BLACK
6
CONTINUOUS
10
1.5479597637795275
20
0.7043964960629922
11
1.5471685826771653
21
0.707349251968504
0
LINE
8
BLACK
6
CONTINUOUS
10
1.5471685826771653
20
0.707349251968504
11
1.5479597637795275
21
0.7103020078740158
0
LINE
8
BLACK
6
CONTINUOUS
10
1.5479597637795275
20
0.7103020078740158
11
1.5501213385826771
21
0.7124635826771654
0
LINE
8
BLACK
6
CONTINUOUS
10
1.5501213385826771
20
0.7124635826771654
11
1.5530740944881889
21
0.7132547637795276
0
LINE
8
BLACK
6
CONTINUOUS
10
1.5530740944881889
20
0.7132547637795276
11
1.5896320472440943
21
0.7132547637795276
0
LINE
8
BLACK
6
CONTINUOUS
10
1.5896320472440943
20
0.7132547637795276
11
1.5901955905511811
21
0.7131037401574803
0
LINE
8
BLACK
6
CONTINUOUS
10
0.18
20
0.695
11
0.12
21
0.695
0
LINE
8
BLACK
6
CONTINUOUS
10
0.12
20
0.695
11
0.12
21
0.755
0
LINE
8
BLACK
6
CONTINUOUS
10
0.12
20
0.755
11
0.18
21
0.755
0
LINE
8
BLACK
6
CONTINUOUS
10
0.18
20
0.755
11
0.18
21
0.695
0
LINE
8
BLACK
6
CONTINUOUS
10
0.28
20
0.695
11
0.22
21
0.695
0
LINE
8
BLACK
6
CONTINUOUS
10
0.22
20
0.695
11
0.22
21
0.755
0
LINE
8
BLACK
6
CONTINUOUS
10
0.22
20
0.755
11
0.28
21
0.755
0
LINE
8
BLACK
6
CONTINUOUS
10
0.28
20
0.755
11
0.28
21
0.695
0
LINE
8
BLACK
6
CONTINUOUS
10
0.18
20
0.7949999999999999
11
0.12
21
0.7949999999999999
0
LINE
8
BLACK
6
CONTINUOUS
10
0.12
20
0.7949999999999999
11
0.12
21
0.855
0
LINE
8
BLACK
6
CONTINUOUS
10
0.12
20
0.855
11
0.18
21
0.855
0
LINE
8
BLACK
6
CONTINUOUS
10
0.18
20
0.855
11
0.18
21
0.7949999999999999
0
LINE
8
BLACK
6
CONTINUOUS
10
0.28
20
0.7949999999999999
11
0.22
21
0.7949999999999999
0
LINE
8
BLACK
6
CONTINUOUS
10
0.22
20
0.7949999999999999
11
0.22
21
0.855
0
LINE
8
BLACK
6
CONTINUOUS
10
0.22
20
0.855
11
0.28
21
0.855
0
LINE
8
BLACK
6
CONTINUOUS
10
0.28
20
0.855
11
0.28
21
0.7949999999999999
0
LINE
8
BLACK
6
CONTINUOUS
10
0.18
20
0.895
11
0.12
21
0.895
0
LINE
8
BLACK
6
CONTINUOUS
10
0.12
20
0.895
11
0.12
21
0.955
0
LINE
8
BLACK
6
CONTINUOUS
10
0.12
20
0.955
11
0.18
21
0.955
0
LINE
8
BLACK
6
CONTINUOUS
10
0.18
20
0.955
11
0.18
21
0.895
0
LINE
8
BLACK
6
CONTINUOUS
10
0.28
20
0.895
11
0.22
21
0.895
0
LINE
8
BLACK
6
CONTINUOUS
10
0.22
20
0.895
11
0.22
21
0.955
0
LINE
8
BLACK
6
CONTINUOUS
10
0.22
20
0.955
11
0.28
21
0.955
0
LINE
8
BLACK
6
CONTINUOUS
10
0.28
20
0.955
11
0.28
21
0.895
0
LINE
8
BLACK
6
CONTINUOUS
10
0.18
20
0.995
11
0.12
21
0.995
0
LINE
8
BLACK
6
CONTINUOUS
10
0.12
20
0.995
11
0.12
21
1.0549999999999999
0
LINE
8
BLACK
6
CONTINUOUS
10
0.12
20
1.0549999999999999
11
0.18
21
1.0549999999999999
0
LINE
8
BLACK
6
CONTINUOUS
10
0.18
20
1.0549999999999999
11
0.18
21
0.995
0
LINE
8
BLACK
6
CONTINUOUS
10
0.28
20
0.995
11
0.22
21
0.995
0
LINE
8
BLACK
6
CONTINUOUS
10
0.22
20
0.995
11
0.22
21
1.0549999999999999
0
LINE
8
BLACK
6
CONTINUOUS
10
0.22
20
1.0549999999999999
11
0.28
21
1.0549999999999999
0
LINE
8
BLACK
6
CONTINUOUS
10
0.28
20
1.0549999999999999
11
0.28
21
0.995
0
LINE
8
BLACK
6
CONTINUOUS
10
0.3003835039370079
20
1.0778851181102362
11
0.3005127559055118
21
1.0779079133858267
0
LINE
8
BLACK
6
CONTINUOUS
10
0.3005127559055118
20
1.0779079133858267
11
0.3006263385826772
21
1.0778422834645669
0
LINE
8
BLACK
6
CONTINUOUS
10
0.3006263385826772
20
1.0778422834645669
11
0.3010099212598425
21
1.0777746850393701
0
LINE
8
BLACK
6
CONTINUOUS
10
0.3010099212598425
20
1.0777746850393701
11
0.3015975984251968
21
1.0772815354330709
0
LINE
8
BLACK
6
CONTINUOUS
10
0.3015975984251968
20
1.0772815354330709
11
0.3022619291338582
21
1.0768979921259842
0
LINE
8
BLACK
6
CONTINUOUS
10
0.3022619291338582
20
1.0768979921259842
11
0.302353031496063
21
1.0766476377952756
0
LINE
8
BLACK
6
CONTINUOUS
10
0.302353031496063
20
1.0766476377952756
11
0.3025571653543307
21
1.076476377952756
0
LINE
8
BLACK
6
CONTINUOUS
10
0.3025571653543307
20
1.076476377952756
11
0.3026903937007874
21
1.0757207874015748
0
LINE
8
BLACK
6
CONTINUOUS
10
0.3026903937007874
20
1.0757207874015748
11
0.3029527559055118
21
1.075
0
LINE
8
BLACK
6
CONTINUOUS
10
0.3029527559055118
20
1.075
11
0.3029527559055118
21
0.6749999999999999
0
LINE
8
BLACK
6
CONTINUOUS
10
0.3029527559055118
20
0.6749999999999999
11
0.3028851181102362
21
0.6746164566929134
0
LINE
8
BLACK
6
CONTINUOUS
10
0.3028851181102362
20
0.6746164566929134
11
0.3029079133858268
21
0.6744872440944881
0
LINE
8
BLACK
6
CONTINUOUS
10
0.3029079133858268
20
0.6744872440944881
11
0.3028422834645669
21
0.674373622047244
0
LINE
8
BLACK
6
CONTINUOUS
10
0.3028422834645669
20
0.674373622047244
11
0.3027746850393701
21
0.6739900787401575
0
LINE
8
BLACK
6
CONTINUOUS
10
0.3027746850393701
20
0.6739900787401575
11
0.3022815354330708
21
0.6734023622047244
0
LINE
8
BLACK
6
CONTINUOUS
10
0.3022815354330708
20
0.6734023622047244
11
0.3018979921259842
21
0.6727380708661417
0
LINE
8
BLACK
6
CONTINUOUS
10
0.3018979921259842
20
0.6727380708661417
11
0.3016476377952756
21
0.6726469291338583
0
LINE
8
BLACK
6
CONTINUOUS
10
0.3016476377952756
20
0.6726469291338583
11
0.3014763779527559
21
0.6724428346456692
0
LINE
8
BLACK
6
CONTINUOUS
10
0.3014763779527559
20
0.6724428346456692
11
0.3007207874015748
21
0.6723095669291338
0
LINE
8
BLACK
6
CONTINUOUS
10
0.3007207874015748
20
0.6723095669291338
11
0.3
21
0.6720472440944881
0
LINE
8
BLACK
6
CONTINUOUS
10
0.3
20
0.6720472440944881
11
0.1
21
0.6720472440944881
0
LINE
8
BLACK
6
CONTINUOUS
10
0.1
20
0.6720472440944881
11
0.0996164566929134
21
0.672114842519685
0
LINE
8
BLACK
6
CONTINUOUS
10
0.0996164566929134
20
0.672114842519685
11
0.0994872440944882
21
0.6720920866141732
0
LINE
8
BLACK
6
CONTINUOUS
10
0.0994872440944882
20
0.6720920866141732
11
0.0993736220472441
21
0.6721576771653544
0
LINE
8
BLACK
6
CONTINUOUS
10
0.0993736220472441
20
0.6721576771653544
11
0.0989900787401575
21
0.6722253149606299
0
LINE
8
BLACK
6
CONTINUOUS
10
0.0989900787401575
20
0.6722253149606299
11
0.0984023622047244
21
0.6727184251968504
0
LINE
8
BLACK
6
CONTINUOUS
10
0.0984023622047244
20
0.6727184251968504
11
0.0977380708661417
21
0.6731020078740158
0
LINE
8
BLACK
6
CONTINUOUS
10
0.0977380708661417
20
0.6731020078740158
11
0.0976469291338583
21
0.6733523228346456
0
LINE
8
BLACK
6
CONTINUOUS
10
0.0976469291338583
20
0.6733523228346456
11
0.0974428346456693
21
0.673523622047244
0
LINE
8
BLACK
6
CONTINUOUS
10
0.0974428346456693
20
0.673523622047244
11
0.0973095669291339
21
0.6742791732283464
0
LINE
8
BLACK
6
CONTINUOUS
10
0.0973095669291339
20
0.6742791732283464
11
0.0970472440944882
21
0.6749999999999999
0
LINE
8
BLACK
6
CONTINUOUS
10
0.0970472440944882
20
0.6749999999999999
11
0.0970472440944882
21
1.075
0
LINE
8
BLACK
6
CONTINUOUS
10
0.0970472440944882
20
1.075
11
0.097114842519685
21
1.0753835039370079
0
LINE
8
BLACK
6
CONTINUOUS
10
0.097114842519685
20
1.0753835039370079
11
0.0970920866141732
21
1.0755127559055118
0
LINE
8
BLACK
6
CONTINUOUS
10
0.0970920866141732
20
1.0755127559055118
11
0.0971576771653543
21
1.0756263385826772
0
LINE
8
BLACK
6
CONTINUOUS
10
0.0971576771653543
20
1.0756263385826772
11
0.0972253149606299
21
1.0760099212598424
0
LINE
8
BLACK
6
CONTINUOUS
10
0.0972253149606299
20
1.0760099212598424
11
0.0977184251968504
21
1.0765975984251968
0
LINE
8
BLACK
6
CONTINUOUS
10
0.0977184251968504
20
1.0765975984251968
11
0.0981020078740157
21
1.0772619291338583
0
LINE
8
BLACK
6
CONTINUOUS
10
0.0981020078740157
20
1.0772619291338583
11
0.0983523228346457
21
1.0773530314960629
0
LINE
8
BLACK
6
CONTINUOUS
10
0.0983523228346457
20
1.0773530314960629
11
0.0985236220472441
21
1.0775571653543308
0
LINE
8
BLACK
6
CONTINUOUS
10
0.0985236220472441
20
1.0775571653543308
11
0.0992791732283465
21
1.0776903937007873
0
LINE
8
BLACK
6
CONTINUOUS
10
0.0992791732283465
20
1.0776903937007873
11
0.1
21
1.0779527559055118
0
LINE
8
BLACK
6
CONTINUOUS
10
0.1
20
1.0779527559055118
11
0.3
21
1.0779527559055118
0
LINE
8
BLACK
6
CONTINUOUS
10
0.3
20
1.0779527559055118
11
0.3003835039370079
21
1.0778851181102362
0
LINE
8
BLACK
6
CONTINUOUS
10
0.1029527559055118
20
1.0720472440944881
11
0.1029527559055118
21
0.6779527559055119
0
LINE
8
BLACK
6
CONTINUOUS
10
0.1029527559055118
20
0.6779527559055119
11
0.2970472440944882
21
0.6779527559055119
0
LINE
8
BLACK
6
CONTINUOUS
10
0.2970472440944882
20
0.6779527559055119
11
0.2970472440944882
21
1.0720472440944881
0
LINE
8
BLACK
6
CONTINUOUS
10
0.2970472440944882
20
1.0720472440944881
11
0.1029527559055118
21
1.0720472440944881
0
LINE
8
BLACK
6
CONTINUOUS
10
0.3734515354330709
20
0.7629034251968504
11
0.3747814960629921
21
0.7626312992125984
0
LINE
8
BLACK
6
CONTINUOUS
10
0.3747814960629921
20
0.7626312992125984
11
0.3804057874015748
21
0.7598191338582677
0
LINE
8
BLACK
6
CONTINUOUS
10
0.3804057874015748
20
0.7598191338582677
11
0.3826929921259842
21
0.7577909448818897
0
LINE
8
BLACK
6
CONTINUOUS
10
0.3826929921259842
20
0.7577909448818897
11
0.3836596850393701
21
0.754890905511811
0
LINE
8
BLACK
6
CONTINUOUS
10
0.3836596850393701
20
0.754890905511811
11
0.383046811023622
21
0.751896062992126
0
LINE
8
BLACK
6
CONTINUOUS
10
0.383046811023622
20
0.751896062992126
11
0.3810186220472441
21
0.7496088582677165
0
LINE
8
BLACK
6
CONTINUOUS
10
0.3810186220472441
20
0.7496088582677165
11
0.3781185826771654
21
0.7486421653543307
0
LINE
8
BLACK
6
CONTINUOUS
10
0.3781185826771654
20
0.7486421653543307
11
0.3751237007874016
21
0.7492550393700788
0
LINE
8
BLACK
6
CONTINUOUS
10
0.3751237007874016
20
0.7492550393700788
11
0.3707463779527559
21
0.7514437401574803
0
LINE
8
BLACK
6
CONTINUOUS
10
0.3707463779527559
20
0.7514437401574803
11
0.3646624015748031
21
0.7514437401574803
0
LINE
8
BLACK
6
CONTINUOUS
10
0.3646624015748031
20
0.7514437401574803
11
0.3584575984251969
21
0.7493754724409448
0
LINE
8
BLACK
6
CONTINUOUS
10
0.3584575984251969
20
0.7493754724409448
11
0.3544967322834646
21
0.7454146062992126
0
LINE
8
BLACK
6
CONTINUOUS
10
0.3544967322834646
20
0.7454146062992126
11
0.3524029921259842
21
0.7412272047244094
0
LINE
8
BLACK
6
CONTINUOUS
10
0.3524029921259842
20
0.7412272047244094
11
0.3499244881889764
21
0.7313129921259842
0
LINE
8
BLACK
6
CONTINUOUS
10
0.3499244881889764
20
0.7313129921259842
11
0.3499244881889764
21
0.7243303543307087
0
LINE
8
BLACK
6
CONTINUOUS
10
0.3499244881889764
20
0.7243303543307087
11
0.3524029921259842
21
0.7144161417322834
0
LINE
8
BLACK
6
CONTINUOUS
10
0.3524029921259842
20
0.7144161417322834
11
0.3544967322834646
21
0.7102287401574803
0
LINE
8
BLACK
6
CONTINUOUS
10
0.3544967322834646
20
0.7102287401574803
11
0.3584575984251969
21
0.706267874015748
0
LINE
8
BLACK
6
CONTINUOUS
10
0.3584575984251969
20
0.706267874015748
11
0.3646624015748031
21
0.7041996456692913
0
LINE
8
BLACK
6
CONTINUOUS
10
0.3646624015748031
20
0.7041996456692913
11
0.3683700393700787
21
0.7041996456692913
0
LINE
8
BLACK
6
CONTINUOUS
10
0.3683700393700787
20
0.7041996456692913
11
0.3745746850393701
21
0.706267874015748
0
LINE
8
BLACK
6
CONTINUOUS
10
0.3745746850393701
20
0.706267874015748
11
0.3746713779527559
21
0.7063645669291339
0
LINE
8
BLACK
6
CONTINUOUS
10
0.3746713779527559
20
0.7063645669291339
11
0.3746713779527559
21
0.7176979527559055
0
LINE
8
BLACK
6
CONTINUOUS
10
0.3746713779527559
20
0.7176979527559055
11
0.3693283070866142
21
0.7176979527559055
0
LINE
8
BLACK
6
CONTINUOUS
10
0.3693283070866142
20
0.7176979527559055
11
0.3663755511811024
21
0.7184891338582677
0
LINE
8
BLACK
6
CONTINUOUS
10
0.3663755511811024
20
0.7184891338582677
11
0.3642139763779528
21
0.7206507086614173
0
LINE
8
BLACK
6
CONTINUOUS
10
0.3642139763779528
20
0.7206507086614173
11
0.3634227952755905
21
0.7236034645669291
0
LINE
8
BLACK
6
CONTINUOUS
10
0.3634227952755905
20
0.7236034645669291
11
0.3642139763779528
21
0.726556220472441
0
LINE
8
BLACK
6
CONTINUOUS
10
0.3642139763779528
20
0.726556220472441
11
0.3663755511811024
21
0.7287177952755906
0
LINE
8
BLACK
6
CONTINUOUS
10
0.3663755511811024
20
0.7287177952755906
11
0.3693283070866142
21
0.7295089763779528
0
LINE
8
BLACK
6
CONTINUOUS
10
0.3693283070866142
20
0.7295089763779528
11
0.3805768897637795
21
0.7295089763779528
0
LINE
8
BLACK
6
CONTINUOUS
10
0.3805768897637795
20
0.7295089763779528
11
0.3835296456692913
21
0.7287177952755906
0
LINE
8
BLACK
6
CONTINUOUS
10
0.3835296456692913
20
0.7287177952755906
11
0.3856912204724409
21
0.726556220472441
0
LINE
8
BLACK
6
CONTINUOUS
10
0.3856912204724409
20
0.726556220472441
11
0.3864824015748031
21
0.7236034645669291
0
LINE
8
BLACK
6
CONTINUOUS
10
0.3864824015748031
20
0.7236034645669291
11
0.3864824015748031
21
0.7039184251968503
0
LINE
8
BLACK
6
CONTINUOUS
10
0.3864824015748031
20
0.7039184251968503
11
0.3862811811023622
21
0.7031674409448819
0
LINE
8
BLACK
6
CONTINUOUS
10
0.3862811811023622
20
0.7031674409448819
11
0.3862811811023622
21
0.7023899606299212
0
LINE
8
BLACK
6
CONTINUOUS
10
0.3862811811023622
20
0.7023899606299212
11
0.3858924409448819
21
0.7017166141732283
0
LINE
8
BLACK
6
CONTINUOUS
10
0.3858924409448819
20
0.7017166141732283
11
0.3856912204724409
21
0.7009656692913385
0
LINE
8
BLACK
6
CONTINUOUS
10
0.3856912204724409
20
0.7009656692913385
11
0.3851414173228346
21
0.7004158661417322
0
LINE
8
BLACK
6
CONTINUOUS
10
0.3851414173228346
20
0.7004158661417322
11
0.3847527165354331
21
0.6997425984251968
0
LINE
8
BLACK
6
CONTINUOUS
10
0.3847527165354331
20
0.6997425984251968
11
0.3819405905511811
21
0.6969304724409449
0
LINE
8
BLACK
6
CONTINUOUS
10
0.3819405905511811
20
0.6969304724409449
11
0.3807651181102362
21
0.696251811023622
0
LINE
8
BLACK
6
CONTINUOUS
10
0.3807651181102362
20
0.696251811023622
11
0.3796322440944882
21
0.6955038188976378
0
LINE
8
BLACK
6
CONTINUOUS
10
0.3796322440944882
20
0.6955038188976378
11
0.3711957874015748
21
0.6926916929133858
0
LINE
8
BLACK
6
CONTINUOUS
10
0.3711957874015748
20
0.6926916929133858
11
0.3702467322834646
21
0.6926346850393701
0
LINE
8
BLACK
6
CONTINUOUS
10
0.3702467322834646
20
0.6926346850393701
11
0.3693283070866142
21
0.6923886220472441
0
LINE
8
BLACK
6
CONTINUOUS
10
0.3693283070866142
20
0.6923886220472441
11
0.3637040157480315
21
0.6923886220472441
0
LINE
8
BLACK
6
CONTINUOUS
10
0.3637040157480315
20
0.6923886220472441
11
0.3627855511811023
21
0.6926346850393701
0
LINE
8
BLACK
6
CONTINUOUS
10
0.3627855511811023
20
0.6926346850393701
11
0.3618364960629921
21
0.6926916929133858
0
LINE
8
BLACK
6
CONTINUOUS
10
0.3618364960629921
20
0.6926916929133858
11
0.3534000787401575
21
0.6955038582677165
0
LINE
8
BLACK
6
CONTINUOUS
10
0.3534000787401575
20
0.6955038582677165
11
0.3522672834645669
21
0.6962517322834646
0
LINE
8
BLACK
6
CONTINUOUS
10
0.3522672834645669
20
0.6962517322834646
11
0.3510917322834646
21
0.6969304724409449
0
LINE
8
BLACK
6
CONTINUOUS
10
0.3510917322834646
20
0.6969304724409449
11
0.3454674409448819
21
0.7025547637795275
0
LINE
8
BLACK
6
CONTINUOUS
10
0.3454674409448819
20
0.7025547637795275
11
0.3449920078740157
21
0.7033781889763779
0
LINE
8
BLACK
6
CONTINUOUS
10
0.3449920078740157
20
0.7033781889763779
11
0.3443612204724409
21
0.7040895669291338
0
LINE
8
BLACK
6
CONTINUOUS
10
0.3443612204724409
20
0.7040895669291338
11
0.3415490551181102
21
0.7097138582677165
0
LINE
8
BLACK
6
CONTINUOUS
10
0.3415490551181102
20
0.7097138582677165
11
0.3414183070866142
21
0.7103525984251968
0
LINE
8
BLACK
6
CONTINUOUS
10
0.3414183070866142
20
0.7103525984251968
11
0.3411019291338583
21
0.7109225984251968
0
LINE
8
BLACK
6
CONTINUOUS
10
0.3411019291338583
20
0.7109225984251968
11
0.3382898031496063
21
0.7221711811023622
0
LINE
8
BLACK
6
CONTINUOUS
10
0.3382898031496063
20
0.7221711811023622
11
0.3383020472440945
21
0.7228996062992126
0
LINE
8
BLACK
6
CONTINUOUS
10
0.3383020472440945
20
0.7228996062992126
11
0.3381134645669291
21
0.7236034645669291
0
LINE
8
BLACK
6
CONTINUOUS
10
0.3381134645669291
20
0.7236034645669291
11
0.3381134645669291
21
0.7320399212598425
0
LINE
8
BLACK
6
CONTINUOUS
10
0.3381134645669291
20
0.7320399212598425
11
0.3383020472440945
21
0.7327437401574803
0
LINE
8
BLACK
6
CONTINUOUS
10
0.3383020472440945
20
0.7327437401574803
11
0.3382898031496063
21
0.7334722047244094
0
LINE
8
BLACK
6
CONTINUOUS
10
0.3382898031496063
20
0.7334722047244094
11
0.3411019291338583
21
0.7447207874015748
0
LINE
8
BLACK
6
CONTINUOUS
10
0.3411019291338583
20
0.7447207874015748
11
0.3414183070866142
21
0.7452907480314961
0
LINE
8
BLACK
6
CONTINUOUS
10
0.3414183070866142
20
0.7452907480314961
11
0.3415490551181102
21
0.7459295275590551
0
LINE
8
BLACK
6
CONTINUOUS
10
0.3415490551181102
20
0.7459295275590551
11
0.3443612204724409
21
0.7515538188976377
0
LINE
8
BLACK
6
CONTINUOUS
10
0.3443612204724409
20
0.7515538188976377
11
0.3449920078740157
21
0.752265157480315
0
LINE
8
BLACK
6
CONTINUOUS
10
0.3449920078740157
20
0.752265157480315
11
0.3454674409448819
21
0.753088622047244
0
LINE
8
BLACK
6
CONTINUOUS
10
0.3454674409448819
20
0.753088622047244
11
0.3510917322834646
21
0.7587129133858268
0
LINE
8
BLACK
6
CONTINUOUS
10
0.3510917322834646
20
0.7587129133858268
11
0.3522672834645669
21
0.7593916141732283
0
LINE
8
BLACK
6
CONTINUOUS
10
0.3522672834645669
20
0.7593916141732283
11
0.3534000787401575
21
0.7601395275590551
0
LINE
8
BLACK
6
CONTINUOUS
10
0.3534000787401575
20
0.7601395275590551
11
0.3618364960629921
21
0.7629516929133858
0
LINE
8
BLACK
6
CONTINUOUS
10
0.3618364960629921
20
0.7629516929133858
11
0.3627855511811023
21
0.7630086614173228
0
LINE
8
BLACK
6
CONTINUOUS
10
0.3627855511811023
20
0.7630086614173228
11
0.3637040157480315
21
0.7632547637795275
0
LINE
8
BLACK
6
CONTINUOUS
10
0.3637040157480315
20
0.7632547637795275
11
0.3721404724409449
21
0.7632547637795275
0
LINE
8
BLACK
6
CONTINUOUS
10
0.3721404724409449
20
0.7632547637795275
11
0.3734515354330709
21
0.7629034251968504
0
LINE
8
BLACK
6
CONTINUOUS
10
0.4425847637795275
20
0.7624635826771653
11
0.4447463385826771
21
0.7603020078740157
0
LINE
8
BLACK
6
CONTINUOUS
10
0.4447463385826771
20
0.7603020078740157
11
0.4455375196850394
21
0.7573492519685039
0
LINE
8
BLACK
6
CONTINUOUS
10
0.4455375196850394
20
0.7573492519685039
11
0.4455375196850394
21
0.6982941338582677
0
LINE
8
BLACK
6
CONTINUOUS
10
0.4455375196850394
20
0.6982941338582677
11
0.4455339763779527
21
0.6982810236220472
0
LINE
8
BLACK
6
CONTINUOUS
10
0.4455339763779527
20
0.6982810236220472
11
0.4455374803149606
21
0.6982678346456693
0
LINE
8
BLACK
6
CONTINUOUS
10
0.4455374803149606
20
0.6982678346456693
11
0.4451376771653543
21
0.6968020078740157
0
LINE
8
BLACK
6
CONTINUOUS
10
0.4451376771653543
20
0.6968020078740157
11
0.4447463385826771
21
0.6953413779527559
0
LINE
8
BLACK
6
CONTINUOUS
10
0.4447463385826771
20
0.6953413779527559
11
0.4447367322834646
21
0.6953317716535433
0
LINE
8
BLACK
6
CONTINUOUS
10
0.4447367322834646
20
0.6953317716535433
11
0.4447331496062992
21
0.695318622047244
0
LINE
8
BLACK
6
CONTINUOUS
10
0.4447331496062992
20
0.695318622047244
11
0.4436542125984252
21
0.694249251968504
0
LINE
8
BLACK
6
CONTINUOUS
10
0.4436542125984252
20
0.694249251968504
11
0.4425847637795275
21
0.6931798031496063
0
LINE
8
BLACK
6
CONTINUOUS
10
0.4425847637795275
20
0.6931798031496063
11
0.4425716141732283
21
0.6931762598425196
0
LINE
8
BLACK
6
CONTINUOUS
10
0.4425716141732283
20
0.6931762598425196
11
0.442561968503937
21
0.6931666929133858
0
LINE
8
BLACK
6
CONTINUOUS
10
0.442561968503937
20
0.6931666929133858
11
0.4410925984251968
21
0.6927799606299212
0
LINE
8
BLACK
6
CONTINUOUS
10
0.4410925984251968
20
0.6927799606299212
11
0.4396320078740157
21
0.6923886220472441
0
LINE
8
BLACK
6
CONTINUOUS
10
0.4396320078740157
20
0.6923886220472441
11
0.4396188976377953
21
0.6923921259842519
0
LINE
8
BLACK
6
CONTINUOUS
10
0.4396188976377953
20
0.6923921259842519
11
0.4396057086614173
21
0.6923886614173228
0
LINE
8
BLACK
6
CONTINUOUS
10
0.4396057086614173
20
0.6923886614173228
11
0.4381398818897638
21
0.6927884251968504
0
LINE
8
BLACK
6
CONTINUOUS
10
0.4381398818897638
20
0.6927884251968504
11
0.4366792519685039
21
0.6931798031496063
0
LINE
8
BLACK
6
CONTINUOUS
10
0.4366792519685039
20
0.6931798031496063
11
0.4366696456692913
21
0.6931893700787402
0
LINE
8
BLACK
6
CONTINUOUS
10
0.4366696456692913
20
0.6931893700787402
11
0.4366564960629921
21
0.6931929921259843
0
LINE
8
BLACK
6
CONTINUOUS
10
0.4366564960629921
20
0.6931929921259843
11
0.4355893307086614
21
0.69426968503937
0
LINE
8
BLACK
6
CONTINUOUS
10
0.4355893307086614
20
0.69426968503937
11
0.4345176771653543
21
0.6953413779527559
0
LINE
8
BLACK
6
CONTINUOUS
10
0.4345176771653543
20
0.6953413779527559
11
0.4345141338582677
21
0.6953545275590551
0
LINE
8
BLACK
6
CONTINUOUS
10
0.4345141338582677
20
0.6953545275590551
11
0.4345046062992126
21
0.6953641732283464
0
LINE
8
BLACK
6
CONTINUOUS
10
0.4345046062992126
20
0.6953641732283464
11
0.4117917322834646
21
0.7351116929133859
0
LINE
8
BLACK
6
CONTINUOUS
10
0.4117917322834646
20
0.7351116929133859
11
0.4117917322834646
21
0.6982941338582677
0
LINE
8
BLACK
6
CONTINUOUS
10
0.4117917322834646
20
0.6982941338582677
11
0.4110005511811023
21
0.6953413779527559
0
LINE
8
BLACK
6
CONTINUOUS
10
0.4110005511811023
20
0.6953413779527559
11
0.4088389763779527
21
0.6931798031496063
0
LINE
8
BLACK
6
CONTINUOUS
10
0.4088389763779527
20
0.6931798031496063
11
0.4058862204724409
21
0.6923886220472441
0
LINE
8
BLACK
6
CONTINUOUS
10
0.4058862204724409
20
0.6923886220472441
11
0.4029334645669291
21
0.6931798031496063
0
LINE
8
BLACK
6
CONTINUOUS
10
0.4029334645669291
20
0.6931798031496063
11
0.4007718897637795
21
0.6953413779527559
0
LINE
8
BLACK
6
CONTINUOUS
10
0.4007718897637795
20
0.6953413779527559
11
0.3999807086614173
21
0.6982941338582677
0
LINE
8
BLACK
6
CONTINUOUS
10
0.3999807086614173
20
0.6982941338582677
11
0.3999807086614173
21
0.7573492519685039
0
LINE
8
BLACK
6
CONTINUOUS
10
0.3999807086614173
20
0.7573492519685039
11
0.3999842125984252
21
0.7573623228346457
0
LINE
8
BLACK
6
CONTINUOUS
10
0.3999842125984252
20
0.7573623228346457
11
0.3999807480314961
21
0.7573755511811023
0
LINE
8
BLACK
6
CONTINUOUS
10
0.3999807480314961
20
0.7573755511811023
11
0.4003805118110236
21
0.7588413385826771
0
LINE
8
BLACK
6
CONTINUOUS
10
0.4003805118110236
20
0.7588413385826771
11
0.4007718897637795
21
0.7603020078740157
0
LINE
8
BLACK
6
CONTINUOUS
10
0.4007718897637795
20
0.7603020078740157
11
0.4007814566929134
21
0.7603115748031496
0
LINE
8
BLACK
6
CONTINUOUS
10
0.4007814566929134
20
0.7603115748031496
11
0.4007850787401575
21
0.7603247637795275
0
LINE
8
BLACK
6
CONTINUOUS
10
0.4007850787401575
20
0.7603247637795275
11
0.4018617716535433
21
0.7613918897637795
0
LINE
8
BLACK
6
CONTINUOUS
10
0.4018617716535433
20
0.7613918897637795
11
0.4029334645669291
21
0.7624635826771653
0
LINE
8
BLACK
6
CONTINUOUS
10
0.4029334645669291
20
0.7624635826771653
11
0.4029466141732284
21
0.7624670866141732
0
LINE
8
BLACK
6
CONTINUOUS
10
0.4029466141732284
20
0.7624670866141732
11
0.4029562598425196
21
0.7624766535433071
0
LINE
8
BLACK
6
CONTINUOUS
10
0.4029562598425196
20
0.7624766535433071
11
0.4044214173228347
21
0.7628622440944882
0
LINE
8
BLACK
6
CONTINUOUS
10
0.4044214173228347
20
0.7628622440944882
11
0.4058862204724409
21
0.7632547637795275
0
LINE
8
BLACK
6
CONTINUOUS
10
0.4058862204724409
20
0.7632547637795275
11
0.4058992913385827
21
0.7632512204724409
0
LINE
8
BLACK
6
CONTINUOUS
10
0.4058992913385827
20
0.7632512204724409
11
0.4059125196850394
21
0.7632547244094487
0
LINE
8
BLACK
6
CONTINUOUS
10
0.4059125196850394
20
0.7632547244094487
11
0.4073783070866142
21
0.7628549212598426
0
LINE
8
BLACK
6
CONTINUOUS
10
0.4073783070866142
20
0.7628549212598426
11
0.4088389763779527
21
0.7624635826771653
0
LINE
8
BLACK
6
CONTINUOUS
10
0.4088389763779527
20
0.7624635826771653
11
0.4088485433070866
21
0.7624539763779528
0
LINE
8
BLACK
6
CONTINUOUS
10
0.4088485433070866
20
0.7624539763779528
11
0.4088617322834646
21
0.7624503937007874
0
LINE
8
BLACK
6
CONTINUOUS
10
0.4088617322834646
20
0.7624503937007874
11
0.4099288582677165
21
0.7613736614173228
0
LINE
8
BLACK
6
CONTINUOUS
10
0.4099288582677165
20
0.7613736614173228
11
0.4110005511811023
21
0.7603020078740157
0
LINE
8
BLACK
6
CONTINUOUS
10
0.4110005511811023
20
0.7603020078740157
11
0.4110040551181102
21
0.7602888188976378
0
LINE
8
BLACK
6
CONTINUOUS
10
0.4110040551181102
20
0.7602888188976378
11
0.4110136220472441
21
0.7602792125984251
0
LINE
8
BLACK
6
CONTINUOUS
10
0.4110136220472441
20
0.7602792125984251
11
0.4337264960629921
21
0.7205317322834646
0
LINE
8
BLACK
6
CONTINUOUS
10
0.4337264960629921
20
0.7205317322834646
11
0.4337264960629921
21
0.7573492519685039
0
LINE
8
BLACK
6
CONTINUOUS
10
0.4337264960629921
20
0.7573492519685039
11
0.4345176771653543
21
0.7603020078740157
0
LINE
8
BLACK
6
CONTINUOUS
10
0.4345176771653543
20
0.7603020078740157
11
0.4366792519685039
21
0.7624635826771653
0
LINE
8
BLACK
6
CONTINUOUS
10
0.4366792519685039
20
0.7624635826771653
11
0.4396320078740157
21
0.7632547637795275
0
LINE
8
BLACK
6
CONTINUOUS
10
0.4396320078740157
20
0.7632547637795275
11
0.4425847637795275
21
0.7624635826771653
0
LINE
8
BLACK
6
CONTINUOUS
10
0.4827326771653543
20
0.7630086614173228
11
0.4836817322834646
21
0.7629516929133858
0
LINE
8
BLACK
6
CONTINUOUS
10
0.4836817322834646
20
0.7629516929133858
11
0.4921181889763779
21
0.7601395669291339
0
LINE
8
BLACK
6
CONTINUOUS
10
0.4921181889763779
20
0.7601395669291339
11
0.493251062992126
21
0.7593915354330708
0
LINE
8
BLACK
6
CONTINUOUS
10
0.493251062992126
20
0.7593915354330708
11
0.4944265354330709
21
0.7587129133858268
0
LINE
8
BLACK
6
CONTINUOUS
10
0.4944265354330709
20
0.7587129133858268
11
0.5000508267716536
21
0.753088622047244
0
LINE
8
BLACK
6
CONTINUOUS
10
0.5000508267716536
20
0.753088622047244
11
0.5005262204724409
21
0.752265157480315
0
LINE
8
BLACK
6
CONTINUOUS
10
0.5005262204724409
20
0.752265157480315
11
0.5011570472440945
21
0.7515538188976377
0
LINE
8
BLACK
6
CONTINUOUS
10
0.5011570472440945
20
0.7515538188976377
11
0.5039692125984252
21
0.7459295669291338
0
LINE
8
BLACK
6
CONTINUOUS
10
0.5039692125984252
20
0.7459295669291338
11
0.5040999212598425
21
0.7452907086614173
0
LINE
8
BLACK
6
CONTINUOUS
10
0.5040999212598425
20
0.7452907086614173
11
0.5044163385826772
21
0.7447207874015748
0
LINE
8
BLACK
6
CONTINUOUS
10
0.5044163385826772
20
0.7447207874015748
11
0.5072284645669292
21
0.7334722047244094
0
LINE
8
BLACK
6
CONTINUOUS
10
0.5072284645669292
20
0.7334722047244094
11
0.5072161811023622
21
0.7327437401574803
0
LINE
8
BLACK
6
CONTINUOUS
10
0.5072161811023622
20
0.7327437401574803
11
0.5074048031496063
21
0.7320399212598425
0
LINE
8
BLACK
6
CONTINUOUS
10
0.5074048031496063
20
0.7320399212598425
11
0.5074048031496063
21
0.7236034645669291
0
LINE
8
BLACK
6
CONTINUOUS
10
0.5074048031496063
20
0.7236034645669291
11
0.5072161811023622
21
0.7228996062992126
0
LINE
8
BLACK
6
CONTINUOUS
10
0.5072161811023622
20
0.7228996062992126
11
0.5072284645669292
21
0.7221711811023622
0
LINE
8
BLACK
6
CONTINUOUS
10
0.5072284645669292
20
0.7221711811023622
11
0.5044163385826772
21
0.7109225984251968
0
LINE
8
BLACK
6
CONTINUOUS
10
0.5044163385826772
20
0.7109225984251968
11
0.5040999212598425
21
0.7103526377952756
0
LINE
8
BLACK
6
CONTINUOUS
10
0.5040999212598425
20
0.7103526377952756
11
0.5039692125984252
21
0.7097138188976377
0
LINE
8
BLACK
6
CONTINUOUS
10
0.5039692125984252
20
0.7097138188976377
11
0.5011570472440945
21
0.7040895669291338
0
LINE
8
BLACK
6
CONTINUOUS
10
0.5011570472440945
20
0.7040895669291338
11
0.5005262204724409
21
0.7033781889763779
0
LINE
8
BLACK
6
CONTINUOUS
10
0.5005262204724409
20
0.7033781889763779
11
0.5000508267716536
21
0.7025547637795275
0
LINE
8
BLACK
6
CONTINUOUS
10
0.5000508267716536
20
0.7025547637795275
11
0.4944265354330709
21
0.6969304724409449
0
LINE
8
BLACK
6
CONTINUOUS
10
0.4944265354330709
20
0.6969304724409449
11
0.493251062992126
21
0.696251811023622
0
LINE
8
BLACK
6
CONTINUOUS
10
0.493251062992126
20
0.696251811023622
11
0.4921181889763779
21
0.6955038188976378
0
LINE
8
BLACK
6
CONTINUOUS
10
0.4921181889763779
20
0.6955038188976378
11
0.4836817322834646
21
0.6926916929133858
0
LINE
8
BLACK
6
CONTINUOUS
10
0.4836817322834646
20
0.6926916929133858
11
0.4827326771653543
21
0.6926346850393701
0
LINE
8
BLACK
6
CONTINUOUS
10
0.4827326771653543
20
0.6926346850393701
11
0.4818142519685039
21
0.6923886220472441
0
LINE
8
BLACK
6
CONTINUOUS
10
0.4818142519685039
20
0.6923886220472441
11
0.4677535039370079
21
0.6923886220472441
0
LINE
8
BLACK
6
CONTINUOUS
10
0.4677535039370079
20
0.6923886220472441
11
0.4648007480314961
21
0.6931798031496063
0
LINE
8
BLACK
6
CONTINUOUS
10
0.4648007480314961
20
0.6931798031496063
11
0.4626391732283465
21
0.6953413779527559
0
LINE
8
BLACK
6
CONTINUOUS
10
0.4626391732283465
20
0.6953413779527559
11
0.4618479921259843
21
0.6982941338582677
0
LINE
8
BLACK
6
CONTINUOUS
10
0.4618479921259843
20
0.6982941338582677
11
0.4618479921259843
21
0.7573492519685039
0
LINE
8
BLACK
6
CONTINUOUS
10
0.4618479921259843
20
0.7573492519685039
11
0.4626391732283465
21
0.7603020078740157
0
LINE
8
BLACK
6
CONTINUOUS
10
0.4626391732283465
20
0.7603020078740157
11
0.4648007480314961
21
0.7624635826771653
0
LINE
8
BLACK
6
CONTINUOUS
10
0.4648007480314961
20
0.7624635826771653
11
0.4677535039370079
21
0.7632547637795275
0
LINE
8
BLACK
6
CONTINUOUS
10
0.4677535039370079
20
0.7632547637795275
11
0.4818142519685039
21
0.7632547637795275
0
LINE
8
BLACK
6
CONTINUOUS
10
0.4818142519685039
20
0.7632547637795275
11
0.4827326771653543
21
0.7630086614173228
0
LINE
8
BLACK
6
CONTINUOUS
10
0.4736590157480315
20
0.7041996456692913
11
0.4808559842519685
21
0.7041996456692913
0
LINE
8
BLACK
6
CONTINUOUS
10
0.4808559842519685
20
0.7041996456692913
11
0.4870606299212598
21
0.706267874015748
0
LINE
8
BLACK
6
CONTINUOUS
10
0.4870606299212598
20
0.706267874015748
11
0.4910215354330709
21
0.710228779527559
0
LINE
8
BLACK
6
CONTINUOUS
10
0.4910215354330709
20
0.710228779527559
11
0.4931151968503937
21
0.7144161417322834
0
LINE
8
BLACK
6
CONTINUOUS
10
0.4931151968503937
20
0.7144161417322834
11
0.4955937795275591
21
0.7243303543307087
0
LINE
8
BLACK
6
CONTINUOUS
10
0.4955937795275591
20
0.7243303543307087
11
0.4955937795275591
21
0.7313129921259842
0
LINE
8
BLACK
6
CONTINUOUS
10
0.4955937795275591
20
0.7313129921259842
11
0.4931151968503937
21
0.7412272047244094
0
LINE
8
BLACK
6
CONTINUOUS
10
0.4931151968503937
20
0.7412272047244094
11
0.4910215354330709
21
0.7454145669291339
0
LINE
8
BLACK
6
CONTINUOUS
10
0.4910215354330709
20
0.7454145669291339
11
0.4870606299212598
21
0.7493754724409448
0
LINE
8
BLACK
6
CONTINUOUS
10
0.4870606299212598
20
0.7493754724409448
11
0.4808559842519685
21
0.7514437401574803
0
LINE
8
BLACK
6
CONTINUOUS
10
0.4808559842519685
20
0.7514437401574803
11
0.4736590157480315
21
0.7514437401574803
0
LINE
8
BLACK
6
CONTINUOUS
10
0.4736590157480315
20
0.7514437401574803
11
0.4736590157480315
21
0.7041996456692913
0
LINE
8
BLACK
6
CONTINUOUS
10
1.8281940157480314
20
0.7492384645669291
11
1.8297412598425196
21
0.7479401574803149
0
LINE
8
BLACK
6
CONTINUOUS
10
1.8297412598425196
20
0.7479401574803149
11
1.8300920078740157
21
0.7459510236220472
0
LINE
8
BLACK
6
CONTINUOUS
10
1.8300920078740157
20
0.7459510236220472
11
1.8290820866141733
21
0.7442018503937008
0
LINE
8
BLACK
6
CONTINUOUS
10
1.8290820866141733
20
0.7442018503937008
11
1.827184094488189
21
0.7435110236220472
0
LINE
8
BLACK
6
CONTINUOUS
10
1.827184094488189
20
0.7435110236220472
11
1.8203820866141731
21
0.7435110236220472
0
LINE
8
BLACK
6
CONTINUOUS
10
1.8203820866141731
20
0.7435110236220472
11
1.8176846062992125
21
0.7421622834645669
0
LINE
8
BLACK
6
CONTINUOUS
10
1.8176846062992125
20
0.7421622834645669
11
1.8163553937007875
21
0.7408330708661417
0
LINE
8
BLACK
6
CONTINUOUS
10
1.8163553937007875
20
0.7408330708661417
11
1.8130517716535433
21
0.7358775984251968
0
LINE
8
BLACK
6
CONTINUOUS
10
1.8130517716535433
20
0.7358775984251968
11
1.8123224803149607
21
0.7329604330708661
0
LINE
8
BLACK
6
CONTINUOUS
10
1.8123224803149607
20
0.7329604330708661
11
1.8146149999999999
21
0.7341066929133858
0
LINE
8
BLACK
6
CONTINUOUS
10
1.8146149999999999
20
0.7341066929133858
11
1.8155979133858267
21
0.7343990551181102
0
LINE
8
BLACK
6
CONTINUOUS
10
1.8155979133858267
20
0.7343990551181102
11
1.8157696062992126
21
0.7343580314960629
0
LINE
8
BLACK
6
CONTINUOUS
10
1.8157696062992126
20
0.7343580314960629
11
1.8159355118110236
21
0.7344184251968504
0
LINE
8
BLACK
6
CONTINUOUS
10
1.8159355118110236
20
0.7344184251968504
11
1.8234345669291339
21
0.7344184251968504
0
LINE
8
BLACK
6
CONTINUOUS
10
1.8234345669291339
20
0.7344184251968504
11
1.8244444881889763
21
0.7342403543307087
0
LINE
8
BLACK
6
CONTINUOUS
10
1.8244444881889763
20
0.7342403543307087
11
1.8245797244094488
21
0.7341268503937007
0
LINE
8
BLACK
6
CONTINUOUS
10
1.8245797244094488
20
0.7341268503937007
11
1.8247550787401574
21
0.7341066929133858
0
LINE
8
BLACK
6
CONTINUOUS
10
1.8247550787401574
20
0.7341066929133858
11
1.8285046062992125
21
0.7322319291338583
0
LINE
8
BLACK
6
CONTINUOUS
10
1.8285046062992125
20
0.7322319291338583
11
1.8292136614173229
21
0.7317059842519685
0
LINE
8
BLACK
6
CONTINUOUS
10
1.8292136614173229
20
0.7317059842519685
11
1.8292720078740157
21
0.7316788188976378
0
LINE
8
BLACK
6
CONTINUOUS
10
1.8292720078740157
20
0.7316788188976378
11
1.8311467716535432
21
0.7298040551181102
0
LINE
8
BLACK
6
CONTINUOUS
10
1.8311467716535432
20
0.7298040551181102
11
1.8316530314960628
21
0.7290809448818898
0
LINE
8
BLACK
6
CONTINUOUS
10
1.8316530314960628
20
0.7290809448818898
11
1.8316998818897638
21
0.729036653543307
0
LINE
8
BLACK
6
CONTINUOUS
10
1.8316998818897638
20
0.729036653543307
11
1.8335746456692914
21
0.7252871259842519
0
LINE
8
BLACK
6
CONTINUOUS
10
1.8335746456692914
20
0.7252871259842519
11
1.8338670078740158
21
0.7243042125984251
0
LINE
8
BLACK
6
CONTINUOUS
10
1.8338670078740158
20
0.7243042125984251
11
1.8338259842519684
21
0.7241324803149606
0
LINE
8
BLACK
6
CONTINUOUS
10
1.8338259842519684
20
0.7241324803149606
11
1.8338863779527559
21
0.7239666141732284
0
LINE
8
BLACK
6
CONTINUOUS
10
1.8338863779527559
20
0.7239666141732284
11
1.8338863779527559
21
0.7145927952755905
0
LINE
8
BLACK
6
CONTINUOUS
10
1.8338863779527559
20
0.7145927952755905
11
1.833708307086614
21
0.713582874015748
0
LINE
8
BLACK
6
CONTINUOUS
10
1.833708307086614
20
0.713582874015748
11
1.8335948031496063
21
0.7134475984251968
0
LINE
8
BLACK
6
CONTINUOUS
10
1.8335948031496063
20
0.7134475984251968
11
1.8335746456692914
21
0.7132722834645669
0
LINE
8
BLACK
6
CONTINUOUS
10
1.8335746456692914
20
0.7132722834645669
11
1.8316998818897638
21
0.7095227559055118
0
LINE
8
BLACK
6
CONTINUOUS
10
1.8316998818897638
20
0.7095227559055118
11
1.8311739763779527
21
0.7088136614173228
0
LINE
8
BLACK
6
CONTINUOUS
10
1.8311739763779527
20
0.7088136614173228
11
1.8311467716535432
21
0.7087553543307087
0
LINE
8
BLACK
6
CONTINUOUS
10
1.8311467716535432
20
0.7087553543307087
11
1.8292720078740157
21
0.7068805905511811
0
LINE
8
BLACK
6
CONTINUOUS
10
1.8292720078740157
20
0.7068805905511811
11
1.8285490157480315
21
0.7063743700787402
0
LINE
8
BLACK
6
CONTINUOUS
10
1.8285490157480315
20
0.7063743700787402
11
1.8285046456692913
21
0.7063274803149606
0
LINE
8
BLACK
6
CONTINUOUS
10
1.8285046456692913
20
0.7063274803149606
11
1.8247551181102362
21
0.7044526771653543
0
LINE
8
BLACK
6
CONTINUOUS
10
1.8247551181102362
20
0.7044526771653543
11
1.8237721653543306
21
0.7041603149606299
0
LINE
8
BLACK
6
CONTINUOUS
10
1.8237721653543306
20
0.7041603149606299
11
1.8236004330708662
21
0.7042012992125984
0
LINE
8
BLACK
6
CONTINUOUS
10
1.8236004330708662
20
0.7042012992125984
11
1.8234345669291339
21
0.7041409448818897
0
LINE
8
BLACK
6
CONTINUOUS
10
1.8234345669291339
20
0.7041409448818897
11
1.8159355118110236
21
0.7041409448818897
0
LINE
8
BLACK
6
CONTINUOUS
10
1.8159355118110236
20
0.7041409448818897
11
1.814925590551181
21
0.7043190157480315
0
LINE
8
BLACK
6
CONTINUOUS
10
1.814925590551181
20
0.7043190157480315
11
1.8147903149606299
21
0.7044324803149606
0
LINE
8
BLACK
6
CONTINUOUS
10
1.8147903149606299
20
0.7044324803149606
11
1.8146149999999999
21
0.7044526771653543
0
LINE
8
BLACK
6
CONTINUOUS
10
1.8146149999999999
20
0.7044526771653543
11
1.810865433070866
21
0.7063274803149606
0
LINE
8
BLACK
6
CONTINUOUS
10
1.810865433070866
20
0.7063274803149606
11
1.8101564173228346
21
0.7068533464566928
0
LINE
8
BLACK
6
CONTINUOUS
10
1.8101564173228346
20
0.7068533464566928
11
1.8100980708661416
21
0.7068805905511811
0
LINE
8
BLACK
6
CONTINUOUS
10
1.8100980708661416
20
0.7068805905511811
11
1.8082233070866141
21
0.7087553543307087
0
LINE
8
BLACK
6
CONTINUOUS
10
1.8082233070866141
20
0.7087553543307087
11
1.8077170078740157
21
0.7094784251968503
0
LINE
8
BLACK
6
CONTINUOUS
10
1.8077170078740157
20
0.7094784251968503
11
1.8076701968503937
21
0.7095227559055118
0
LINE
8
BLACK
6
CONTINUOUS
10
1.8076701968503937
20
0.7095227559055118
11
1.8057954330708661
21
0.7132722834645669
0
LINE
8
BLACK
6
CONTINUOUS
10
1.8057954330708661
20
0.7132722834645669
11
1.8055030708661417
21
0.7142552362204724
0
LINE
8
BLACK
6
CONTINUOUS
10
1.8055030708661417
20
0.7142552362204724
11
1.8055440551181101
21
0.7144268897637795
0
LINE
8
BLACK
6
CONTINUOUS
10
1.8055440551181101
20
0.7144268897637795
11
1.8054837007874016
21
0.7145927952755905
0
LINE
8
BLACK
6
CONTINUOUS
10
1.8054837007874016
20
0.7145927952755905
11
1.8054837007874016
21
0.729590905511811
0
LINE
8
BLACK
6
CONTINUOUS
10
1.8054837007874016
20
0.729590905511811
11
1.8055860236220471
21
0.7301712598425196
0
LINE
8
BLACK
6
CONTINUOUS
10
1.8055860236220471
20
0.7301712598425196
11
1.8055718503937008
21
0.7303070472440945
0
LINE
8
BLACK
6
CONTINUOUS
10
1.8055718503937008
20
0.7303070472440945
11
1.8074466141732284
21
0.7378061023622047
0
LINE
8
BLACK
6
CONTINUOUS
10
1.8074466141732284
20
0.7378061023622047
11
1.80785031496063
21
0.7387112598425196
0
LINE
8
BLACK
6
CONTINUOUS
10
1.80785031496063
20
0.7387112598425196
11
1.8078543700787402
21
0.738727874015748
0
LINE
8
BLACK
6
CONTINUOUS
10
1.8078543700787402
20
0.738727874015748
11
1.8116038976377953
21
0.7443521653543307
0
LINE
8
BLACK
6
CONTINUOUS
10
1.8116038976377953
20
0.7443521653543307
11
1.8119146850393701
21
0.7446775196850394
0
LINE
8
BLACK
6
CONTINUOUS
10
1.8119146850393701
20
0.7446775196850394
11
1.8119728346456692
21
0.7448021653543306
0
LINE
8
BLACK
6
CONTINUOUS
10
1.8119728346456692
20
0.7448021653543306
11
1.8138475984251967
21
0.7466769291338583
0
LINE
8
BLACK
6
CONTINUOUS
10
1.8138475984251967
20
0.7466769291338583
11
1.8145706692913386
21
0.7471831889763779
0
LINE
8
BLACK
6
CONTINUOUS
10
1.8145706692913386
20
0.7471831889763779
11
1.8146149999999999
21
0.7472300393700787
0
LINE
8
BLACK
6
CONTINUOUS
10
1.8146149999999999
20
0.7472300393700787
11
1.818364527559055
21
0.7491048031496063
0
LINE
8
BLACK
6
CONTINUOUS
10
1.818364527559055
20
0.7491048031496063
11
1.8193474409448818
21
0.7493971653543307
0
LINE
8
BLACK
6
CONTINUOUS
10
1.8193474409448818
20
0.7493971653543307
11
1.8195191338582677
21
0.7493561417322835
0
LINE
8
BLACK
6
CONTINUOUS
10
1.8195191338582677
20
0.7493561417322835
11
1.8196850393700787
21
0.7494165354330709
0
LINE
8
BLACK
6
CONTINUOUS
10
1.8196850393700787
20
0.7494165354330709
11
1.827184094488189
21
0.7494165354330709
0
LINE
8
BLACK
6
CONTINUOUS
10
1.827184094488189
20
0.7494165354330709
11
1.8281940157480314
21
0.7492384645669291
0
LINE
8
BLACK
6
CONTINUOUS
10
1.8139350787401574
20
0.7271641732283465
11
1.8127379527559055
21
0.7259670472440944
0
LINE
8
BLACK
6
CONTINUOUS
10
1.8127379527559055
20
0.7259670472440944
11
1.8113892125984252
21
0.7232695669291338
0
LINE
8
BLACK
6
CONTINUOUS
10
1.8113892125984252
20
0.7232695669291338
11
1.8113892125984252
21
0.715289842519685
0
LINE
8
BLACK
6
CONTINUOUS
10
1.8113892125984252
20
0.715289842519685
11
1.8127379527559055
21
0.7125923622047244
0
LINE
8
BLACK
6
CONTINUOUS
10
1.8127379527559055
20
0.7125923622047244
11
1.8139350393700786
21
0.7113952362204724
0
LINE
8
BLACK
6
CONTINUOUS
10
1.8139350393700786
20
0.7113952362204724
11
1.8166325984251968
21
0.7100464566929133
0
LINE
8
BLACK
6
CONTINUOUS
10
1.8166325984251968
20
0.7100464566929133
11
1.8227374803149605
21
0.7100464566929133
0
LINE
8
BLACK
6
CONTINUOUS
10
1.8227374803149605
20
0.7100464566929133
11
1.8254349606299212
21
0.7113951968503937
0
LINE
8
BLACK
6
CONTINUOUS
10
1.8254349606299212
20
0.7113951968503937
11
1.826632125984252
21
0.7125923622047244
0
LINE
8
BLACK
6
CONTINUOUS
10
1.826632125984252
20
0.7125923622047244
11
1.8279808661417323
21
0.715289842519685
0
LINE
8
BLACK
6
CONTINUOUS
10
1.8279808661417323
20
0.715289842519685
11
1.8279808661417323
21
0.7232695669291338
0
LINE
8
BLACK
6
CONTINUOUS
10
1.8279808661417323
20
0.7232695669291338
11
1.826632125984252
21
0.7259670472440944
0
LINE
8
BLACK
6
CONTINUOUS
10
1.826632125984252
20
0.7259670472440944
11
1.8254349999999999
21
0.7271641732283465
0
LINE
8
BLACK
6
CONTINUOUS
10
1.8254349999999999
20
0.7271641732283465
11
1.8227375196850393
21
0.7285129133858268
0
LINE
8
BLACK
6
CONTINUOUS
10
1.8227375196850393
20
0.7285129133858268
11
1.816632559055118
21
0.7285129133858268
0
LINE
8
BLACK
6
CONTINUOUS
10
1.816632559055118
20
0.7285129133858268
11
1.8139350787401574
21
0.7271641732283465
0
LINE
8
BLACK
6
CONTINUOUS
10
1.7869491732283465
20
0.7492384645669291
11
1.787084409448819
21
0.7491249606299213
0
LINE
8
BLACK
6
CONTINUOUS
10
1.787084409448819
20
0.7491249606299213
11
1.7872597637795276
21
0.7491048031496063
0
LINE
8
BLACK
6
CONTINUOUS
10
1.7872597637795276
20
0.7491048031496063
11
1.7910092913385827
21
0.7472300393700787
0
LINE
8
BLACK
6
CONTINUOUS
10
1.7910092913385827
20
0.7472300393700787
11
1.7917183464566928
21
0.746704094488189
0
LINE
8
BLACK
6
CONTINUOUS
10
1.7917183464566928
20
0.746704094488189
11
1.7917766929133858
21
0.7466769291338583
0
LINE
8
BLACK
6
CONTINUOUS
10
1.7917766929133858
20
0.7466769291338583
11
1.7936514566929134
21
0.7448021653543306
0
LINE
8
BLACK
6
CONTINUOUS
10
1.7936514566929134
20
0.7448021653543306
11
1.794157716535433
21
0.7440790551181102
0
LINE
8
BLACK
6
CONTINUOUS
10
1.794157716535433
20
0.7440790551181102
11
1.7942045669291338
21
0.7440347637795276
0
LINE
8
BLACK
6
CONTINUOUS
10
1.7942045669291338
20
0.7440347637795276
11
1.7960793307086613
21
0.7402852362204724
0
LINE
8
BLACK
6
CONTINUOUS
10
1.7960793307086613
20
0.7402852362204724
11
1.7963716929133857
21
0.7393023228346457
0
LINE
8
BLACK
6
CONTINUOUS
10
1.7963716929133857
20
0.7393023228346457
11
1.7963306692913386
21
0.7391305905511811
0
LINE
8
BLACK
6
CONTINUOUS
10
1.7963306692913386
20
0.7391305905511811
11
1.796391062992126
21
0.7389647244094488
0
LINE
8
BLACK
6
CONTINUOUS
10
1.796391062992126
20
0.7389647244094488
11
1.796391062992126
21
0.7333404330708662
0
LINE
8
BLACK
6
CONTINUOUS
10
1.796391062992126
20
0.7333404330708662
11
1.7962129921259842
21
0.7323305118110236
0
LINE
8
BLACK
6
CONTINUOUS
10
1.7962129921259842
20
0.7323305118110236
11
1.7960994881889762
21
0.7321952362204724
0
LINE
8
BLACK
6
CONTINUOUS
10
1.7960994881889762
20
0.7321952362204724
11
1.7960793307086613
21
0.7320199212598425
0
LINE
8
BLACK
6
CONTINUOUS
10
1.7960793307086613
20
0.7320199212598425
11
1.7942045669291338
21
0.7282703937007874
0
LINE
8
BLACK
6
CONTINUOUS
10
1.7942045669291338
20
0.7282703937007874
11
1.7936786614173228
21
0.7275612992125984
0
LINE
8
BLACK
6
CONTINUOUS
10
1.7936786614173228
20
0.7275612992125984
11
1.7936514566929134
21
0.7275029921259842
0
LINE
8
BLACK
6
CONTINUOUS
10
1.7936514566929134
20
0.7275029921259842
11
1.7917766929133858
21
0.7256282283464567
0
LINE
8
BLACK
6
CONTINUOUS
10
1.7917766929133858
20
0.7256282283464567
11
1.7910535826771654
21
0.7251219291338582
0
LINE
8
BLACK
6
CONTINUOUS
10
1.7910535826771654
20
0.7251219291338582
11
1.7910092913385827
21
0.7250751181102362
0
LINE
8
BLACK
6
CONTINUOUS
10
1.7910092913385827
20
0.7250751181102362
11
1.7872597637795276
21
0.7232003543307086
0
LINE
8
BLACK
6
CONTINUOUS
10
1.7872597637795276
20
0.7232003543307086
11
1.786276811023622
21
0.7229079921259842
0
LINE
8
BLACK
6
CONTINUOUS
10
1.786276811023622
20
0.7229079921259842
11
1.7861051181102361
21
0.7229489763779527
0
LINE
8
BLACK
6
CONTINUOUS
10
1.7861051181102361
20
0.7229489763779527
11
1.7859766141732283
21
0.7229022047244095
0
LINE
8
BLACK
6
CONTINUOUS
10
1.7859766141732283
20
0.7229022047244095
11
1.7958573228346457
21
0.708786968503937
0
LINE
8
BLACK
6
CONTINUOUS
10
1.7958573228346457
20
0.708786968503937
11
1.796290590551181
21
0.7078575196850394
0
LINE
8
BLACK
6
CONTINUOUS
10
1.796290590551181
20
0.7078575196850394
11
1.7961142519685038
21
0.7058454330708661
0
LINE
8
BLACK
6
CONTINUOUS
10
1.7961142519685038
20
0.7058454330708661
11
1.7946858267716534
21
0.7044174015748031
0
LINE
8
BLACK
6
CONTINUOUS
10
1.7946858267716534
20
0.7044174015748031
11
1.7926737007874016
21
0.704241653543307
0
LINE
8
BLACK
6
CONTINUOUS
10
1.7926737007874016
20
0.704241653543307
11
1.7910193307086615
21
0.7054003937007873
0
LINE
8
BLACK
6
CONTINUOUS
10
1.7910193307086615
20
0.7054003937007873
11
1.7787775984251968
21
0.722888622047244
0
LINE
8
BLACK
6
CONTINUOUS
10
1.7787775984251968
20
0.722888622047244
11
1.7738938976377951
21
0.722888622047244
0
LINE
8
BLACK
6
CONTINUOUS
10
1.7738938976377951
20
0.722888622047244
11
1.7738938976377951
21
0.7070937007874015
0
LINE
8
BLACK
6
CONTINUOUS
10
1.7738938976377951
20
0.7070937007874015
11
1.7737158267716535
21
0.7060837795275591
0
LINE
8
BLACK
6
CONTINUOUS
10
1.7737158267716535
20
0.7060837795275591
11
1.7724175196850394
21
0.7045365354330708
0
LINE
8
BLACK
6
CONTINUOUS
10
1.7724175196850394
20
0.7045365354330708
11
1.7704283858267715
21
0.7041857874015748
0
LINE
8
BLACK
6
CONTINUOUS
10
1.7704283858267715
20
0.7041857874015748
11
1.7686792125984252
21
0.7051957086614173
0
LINE
8
BLACK
6
CONTINUOUS
10
1.7686792125984252
20
0.7051957086614173
11
1.7679883858267715
21
0.7070937007874015
0
LINE
8
BLACK
6
CONTINUOUS
10
1.7679883858267715
20
0.7070937007874015
11
1.7679883858267715
21
0.746463779527559
0
LINE
8
BLACK
6
CONTINUOUS
10
1.7679883858267715
20
0.746463779527559
11
1.7680559842519685
21
0.7468472834645669
0
LINE
8
BLACK
6
CONTINUOUS
10
1.7680559842519685
20
0.7468472834645669
11
1.7680332283464566
21
0.7469765354330709
0
LINE
8
BLACK
6
CONTINUOUS
10
1.7680332283464566
20
0.7469765354330709
11
1.7680988188976376
21
0.7470901181102362
0
LINE
8
BLACK
6
CONTINUOUS
10
1.7680988188976376
20
0.7470901181102362
11
1.7681664566929134
21
0.7474737007874016
0
LINE
8
BLACK
6
CONTINUOUS
10
1.7681664566929134
20
0.7474737007874016
11
1.7686595669291338
21
0.7480613779527558
0
LINE
8
BLACK
6
CONTINUOUS
10
1.7686595669291338
20
0.7480613779527558
11
1.7690431496062993
21
0.7487257086614173
0
LINE
8
BLACK
6
CONTINUOUS
10
1.7690431496062993
20
0.7487257086614173
11
1.7692934645669292
21
0.7488168110236221
0
LINE
8
BLACK
6
CONTINUOUS
10
1.7692934645669292
20
0.7488168110236221
11
1.7694647637795275
21
0.7490209448818897
0
LINE
8
BLACK
6
CONTINUOUS
10
1.7694647637795275
20
0.7490209448818897
11
1.7702203149606299
21
0.7491541732283464
0
LINE
8
BLACK
6
CONTINUOUS
10
1.7702203149606299
20
0.7491541732283464
11
1.7709411417322833
21
0.7494165354330709
0
LINE
8
BLACK
6
CONTINUOUS
10
1.7709411417322833
20
0.7494165354330709
11
1.785939251968504
21
0.7494165354330709
0
LINE
8
BLACK
6
CONTINUOUS
10
1.785939251968504
20
0.7494165354330709
11
1.7869491732283465
21
0.7492384645669291
0
LINE
8
BLACK
6
CONTINUOUS
10
1.7738938976377951
20
0.7287941338582677
11
1.7852422047244094
21
0.7287941338582677
0
LINE
8
BLACK
6
CONTINUOUS
10
1.7852422047244094
20
0.7287941338582677
11
1.7879396850393701
21
0.7301428740157481
0
LINE
8
BLACK
6
CONTINUOUS
10
1.7879396850393701
20
0.7301428740157481
11
1.7891368110236221
21
0.73134
0
LINE
8
BLACK
6
CONTINUOUS
10
1.7891368110236221
20
0.73134
11
1.7904855511811024
21
0.7340374803149606
0
LINE
8
BLACK
6
CONTINUOUS
10
1.7904855511811024
20
0.7340374803149606
11
1.7904855511811024
21
0.7382676771653544
0
LINE
8
BLACK
6
CONTINUOUS
10
1.7904855511811024
20
0.7382676771653544
11
1.7891368110236221
21
0.740965157480315
0
LINE
8
BLACK
6
CONTINUOUS
10
1.7891368110236221
20
0.740965157480315
11
1.7879396850393701
21
0.7421622834645669
0
LINE
8
BLACK
6
CONTINUOUS
10
1.7879396850393701
20
0.7421622834645669
11
1.7852422047244094
21
0.7435110236220472
0
LINE
8
BLACK
6
CONTINUOUS
10
1.7852422047244094
20
0.7435110236220472
11
1.7738938976377951
21
0.7435110236220472
0
LINE
8
BLACK
6
CONTINUOUS
10
1.7738938976377951
20
0.7435110236220472
11
1.7738938976377951
21
0.7287941338582677
0
LINE
8
BLACK
6
CONTINUOUS
10
0.3152648031496063
20
0.7365552755905511
11
0.3155459842519685
21
0.7364996456692913
0
LINE
8
BLACK
6
CONTINUOUS
10
0.3155459842519685
20
0.7364996456692913
11
0.3156023228346457
21
0.7364154724409449
0
LINE
8
BLACK
6
CONTINUOUS
10
0.3156023228346457
20
0.7364154724409449
11
0.3156959842519685
21
0.7363766929133858
0
LINE
8
BLACK
6
CONTINUOUS
10
0.3156959842519685
20
0.7363766929133858
11
0.3158056299212598
21
0.7361118897637795
0
LINE
8
BLACK
6
CONTINUOUS
10
0.3158056299212598
20
0.7361118897637795
11
0.315965157480315
21
0.7358737401574803
0
LINE
8
BLACK
6
CONTINUOUS
10
0.315965157480315
20
0.7358737401574803
11
0.3159454724409449
21
0.7357742913385826
0
LINE
8
BLACK
6
CONTINUOUS
10
0.3159454724409449
20
0.7357742913385826
11
0.3159842519685039
21
0.7356807086614173
0
LINE
8
BLACK
6
CONTINUOUS
10
0.3159842519685039
20
0.7356807086614173
11
0.3159842519685039
21
0.7169799212598426
0
LINE
8
BLACK
6
CONTINUOUS
10
0.3159842519685039
20
0.7169799212598426
11
0.3206242913385827
21
0.7169799212598426
0
LINE
8
BLACK
6
CONTINUOUS
10
0.3206242913385827
20
0.7169799212598426
11
0.3213202755905512
21
0.7166916535433071
0
LINE
8
BLACK
6
CONTINUOUS
10
0.3213202755905512
20
0.7166916535433071
11
0.3216085433070866
21
0.7159956692913386
0
LINE
8
BLACK
6
CONTINUOUS
10
0.3216085433070866
20
0.7159956692913386
11
0.3213202755905512
21
0.71529968503937
0
LINE
8
BLACK
6
CONTINUOUS
10
0.3213202755905512
20
0.71529968503937
11
0.3206242913385827
21
0.7150114173228346
0
LINE
8
BLACK
6
CONTINUOUS
10
0.3206242913385827
20
0.7150114173228346
11
0.315
21
0.7150114173228346
0
LINE
8
BLACK
6
CONTINUOUS
10
0.315
20
0.7150114173228346
11
0.3093757086614173
21
0.7150114173228346
0
LINE
8
BLACK
6
CONTINUOUS
10
0.3093757086614173
20
0.7150114173228346
11
0.3086797244094488
21
0.71529968503937
0
LINE
8
BLACK
6
CONTINUOUS
10
0.3086797244094488
20
0.71529968503937
11
0.3083914566929134
21
0.7159956692913386
0
LINE
8
BLACK
6
CONTINUOUS
10
0.3083914566929134
20
0.7159956692913386
11
0.3086797244094488
21
0.7166916535433071
0
LINE
8
BLACK
6
CONTINUOUS
10
0.3086797244094488
20
0.7166916535433071
11
0.3093757086614173
21
0.7169799212598426
0
LINE
8
BLACK
6
CONTINUOUS
10
0.3093757086614173
20
0.7169799212598426
11
0.3140157480314961
21
0.7169799212598426
0
LINE
8
BLACK
6
CONTINUOUS
10
0.3140157480314961
20
0.7169799212598426
11
0.3140157480314961
21
0.7324299606299213
0
LINE
8
BLACK
6
CONTINUOUS
10
0.3140157480314961
20
0.7324299606299213
11
0.3139441732283464
21
0.7323225984251969
0
LINE
8
BLACK
6
CONTINUOUS
10
0.3139441732283464
20
0.7323225984251969
11
0.3138599606299213
21
0.7322661811023622
0
LINE
8
BLACK
6
CONTINUOUS
10
0.3138599606299213
20
0.7322661811023622
11
0.3138211811023622
21
0.7321725590551181
0
LINE
8
BLACK
6
CONTINUOUS
10
0.3138211811023622
20
0.7321725590551181
11
0.3119464566929134
21
0.7302977952755906
0
LINE
8
BLACK
6
CONTINUOUS
10
0.3119464566929134
20
0.7302977952755906
11
0.3117967322834646
21
0.7302357874015748
0
LINE
8
BLACK
6
CONTINUOUS
10
0.3117967322834646
20
0.7302357874015748
11
0.3116906299212598
21
0.7301134251968504
0
LINE
8
BLACK
6
CONTINUOUS
10
0.3116906299212598
20
0.7301134251968504
11
0.3098158661417323
21
0.729176062992126
0
LINE
8
BLACK
6
CONTINUOUS
10
0.3098158661417323
20
0.729176062992126
11
0.3090644488188976
21
0.7291226771653543
0
LINE
8
BLACK
6
CONTINUOUS
10
0.3090644488188976
20
0.7291226771653543
11
0.3084953543307087
21
0.7296162598425197
0
LINE
8
BLACK
6
CONTINUOUS
10
0.3084953543307087
20
0.7296162598425197
11
0.308441968503937
21
0.7303676771653543
0
LINE
8
BLACK
6
CONTINUOUS
10
0.308441968503937
20
0.7303676771653543
11
0.3089355511811023
21
0.7309367716535433
0
LINE
8
BLACK
6
CONTINUOUS
10
0.3089355511811023
20
0.7309367716535433
11
0.3106674409448819
21
0.7318027165354331
0
LINE
8
BLACK
6
CONTINUOUS
10
0.3106674409448819
20
0.7318027165354331
11
0.3123603543307086
21
0.7334956299212598
0
LINE
8
BLACK
6
CONTINUOUS
10
0.3123603543307086
20
0.7334956299212598
11
0.314181062992126
21
0.7362266929133858
0
LINE
8
BLACK
6
CONTINUOUS
10
0.314181062992126
20
0.7362266929133858
11
0.3142651968503937
21
0.736283031496063
0
LINE
8
BLACK
6
CONTINUOUS
10
0.3142651968503937
20
0.736283031496063
11
0.3143040157480315
21
0.7363766929133858
0
LINE
8
BLACK
6
CONTINUOUS
10
0.3143040157480315
20
0.7363766929133858
11
0.3145687795275591
21
0.7364863385826772
0
LINE
8
BLACK
6
CONTINUOUS
10
0.3145687795275591
20
0.7364863385826772
11
0.314806968503937
21
0.7366458661417322
0
LINE
8
BLACK
6
CONTINUOUS
10
0.314806968503937
20
0.7366458661417322
11
0.3149063779527559
21
0.7366261811023622
0
LINE
8
BLACK
6
CONTINUOUS
10
0.3149063779527559
20
0.7366261811023622
11
0.315
21
0.7366649606299213
0
LINE
8
BLACK
6
CONTINUOUS
10
0.315
20
0.7366649606299213
11
0.3152648031496063
21
0.7365552755905511
0
LINE
8
BLACK
6
CONTINUOUS
10
1.5335296456692913
20
0.8124635826771653
11
1.5356912204724409
21
0.8103020078740157
0
LINE
8
BLACK
6
CONTINUOUS
10
1.5356912204724409
20
0.8103020078740157
11
1.5364824015748031
21
0.8073492519685039
0
LINE
8
BLACK
6
CONTINUOUS
10
1.5364824015748031
20
0.8073492519685039
11
1.5364824015748031
21
0.759542716535433
0
LINE
8
BLACK
6
CONTINUOUS
10
1.5364824015748031
20
0.759542716535433
11
1.5361310236220471
21
0.7582314566929134
0
LINE
8
BLACK
6
CONTINUOUS
10
1.5361310236220471
20
0.7582314566929134
11
1.5358589370078739
21
0.7569017322834646
0
LINE
8
BLACK
6
CONTINUOUS
10
1.5358589370078739
20
0.7569017322834646
11
1.5330468110236219
21
0.7512774015748032
0
LINE
8
BLACK
6
CONTINUOUS
10
1.5330468110236219
20
0.7512774015748032
11
1.5324159448818897
21
0.7505659842519685
0
LINE
8
BLACK
6
CONTINUOUS
10
1.5324159448818897
20
0.7505659842519685
11
1.5319405511811024
21
0.7497425590551181
0
LINE
8
BLACK
6
CONTINUOUS
10
1.5319405511811024
20
0.7497425590551181
11
1.5291283858267717
21
0.7469304330708662
0
LINE
8
BLACK
6
CONTINUOUS
10
1.5291283858267717
20
0.7469304330708662
11
1.5283049606299213
21
0.7464550393700787
0
LINE
8
BLACK
6
CONTINUOUS
10
1.5283049606299213
20
0.7464550393700787
11
1.5275936220472441
21
0.7458242519685039
0
LINE
8
BLACK
6
CONTINUOUS
10
1.5275936220472441
20
0.7458242519685039
11
1.5219693307086615
21
0.7430120866141732
0
LINE
8
BLACK
6
CONTINUOUS
10
1.5219693307086615
20
0.7430120866141732
11
1.5206393700787402
21
0.7427399212598425
0
LINE
8
BLACK
6
CONTINUOUS
10
1.5206393700787402
20
0.7427399212598425
11
1.5193283070866141
21
0.7423886220472441
0
LINE
8
BLACK
6
CONTINUOUS
10
1.5193283070866141
20
0.7423886220472441
11
1.5080797244094488
21
0.7423886220472441
0
LINE
8
BLACK
6
CONTINUOUS
10
1.5080797244094488
20
0.7423886220472441
11
1.5067686614173228
21
0.7427398818897638
0
LINE
8
BLACK
6
CONTINUOUS
10
1.5067686614173228
20
0.7427398818897638
11
1.5054386614173227
21
0.7430120866141732
0
LINE
8
BLACK
6
CONTINUOUS
10
1.5054386614173227
20
0.7430120866141732
11
1.4998144094488188
21
0.7458242519685039
0
LINE
8
BLACK
6
CONTINUOUS
10
1.4998144094488188
20
0.7458242519685039
11
1.4991030314960629
21
0.7464550393700787
0
LINE
8
BLACK
6
CONTINUOUS
10
1.4991030314960629
20
0.7464550393700787
11
1.4982796456692913
21
0.7469304330708662
0
LINE
8
BLACK
6
CONTINUOUS
10
1.4982796456692913
20
0.7469304330708662
11
1.4954674803149606
21
0.7497425590551181
0
LINE
8
BLACK
6
CONTINUOUS
10
1.4954674803149606
20
0.7497425590551181
11
1.4949920078740158
21
0.7505660236220473
0
LINE
8
BLACK
6
CONTINUOUS
10
1.4949920078740158
20
0.7505660236220473
11
1.494361220472441
21
0.7512774015748032
0
LINE
8
BLACK
6
CONTINUOUS
10
1.494361220472441
20
0.7512774015748032
11
1.4915490551181103
21
0.7569016929133858
0
LINE
8
BLACK
6
CONTINUOUS
10
1.4915490551181103
20
0.7569016929133858
11
1.4912768897637796
21
0.7582316141732284
0
LINE
8
BLACK
6
CONTINUOUS
10
1.4912768897637796
20
0.7582316141732284
11
1.4909255905511811
21
0.759542716535433
0
LINE
8
BLACK
6
CONTINUOUS
10
1.4909255905511811
20
0.759542716535433
11
1.4909255905511811
21
0.8073492519685039
0
LINE
8
BLACK
6
CONTINUOUS
10
1.4909255905511811
20
0.8073492519685039
11
1.4917167716535433
21
0.8103020078740157
0
LINE
8
BLACK
6
CONTINUOUS
10
1.4917167716535433
20
0.8103020078740157
11
1.4938783464566929
21
0.8124635826771653
0
LINE
8
BLACK
6
CONTINUOUS
10
1.4938783464566929
20
0.8124635826771653
11
1.4968311023622047
21
0.8132547637795275
0
LINE
8
BLACK
6
CONTINUOUS
10
1.4968311023622047
20
0.8132547637795275
11
1.4997838582677165
21
0.8124635826771653
0
LINE
8
BLACK
6
CONTINUOUS
10
1.4997838582677165
20
0.8124635826771653
11
1.5019454330708661
21
0.8103020078740157
0
LINE
8
BLACK
6
CONTINUOUS
10
1.5019454330708661
20
0.8103020078740157
11
1.5027366141732283
21
0.8073492519685039
0
LINE
8
BLACK
6
CONTINUOUS
10
1.5027366141732283
20
0.8073492519685039
11
1.5027366141732283
21
0.760936811023622
0
LINE
8
BLACK
6
CONTINUOUS
10
1.5027366141732283
20
0.760936811023622
11
1.5044967322834646
21
0.7574165748031496
0
LINE
8
BLACK
6
CONTINUOUS
10
1.5044967322834646
20
0.7574165748031496
11
1.5059535826771653
21
0.7559597637795276
0
LINE
8
BLACK
6
CONTINUOUS
10
1.5059535826771653
20
0.7559597637795276
11
1.5094738188976378
21
0.7541996456692913
0
LINE
8
BLACK
6
CONTINUOUS
10
1.5094738188976378
20
0.7541996456692913
11
1.5179342125984252
21
0.7541996456692913
0
LINE
8
BLACK
6
CONTINUOUS
10
1.5179342125984252
20
0.7541996456692913
11
1.5214544488188977
21
0.7559597637795276
0
LINE
8
BLACK
6
CONTINUOUS
10
1.5214544488188977
20
0.7559597637795276
11
1.5229112992125984
21
0.7574166141732284
0
LINE
8
BLACK
6
CONTINUOUS
10
1.5229112992125984
20
0.7574166141732284
11
1.5246713779527559
21
0.7609367716535433
0
LINE
8
BLACK
6
CONTINUOUS
10
1.5246713779527559
20
0.7609367716535433
11
1.5246713779527559
21
0.8073492519685039
0
LINE
8
BLACK
6
CONTINUOUS
10
1.5246713779527559
20
0.8073492519685039
11
1.5254625590551181
21
0.8103020078740157
0
LINE
8
BLACK
6
CONTINUOUS
10
1.5254625590551181
20
0.8103020078740157
11
1.5276241338582677
21
0.8124635826771653
0
LINE
8
BLACK
6
CONTINUOUS
10
1.5276241338582677
20
0.8124635826771653
11
1.5305768897637795
21
0.8132547637795275
0
LINE
8
BLACK
6
CONTINUOUS
10
1.5305768897637795
20
0.8132547637795275
11
1.5335296456692913
21
0.8124635826771653
0
LINE
8
BLACK
6
CONTINUOUS
10
1.5796944881889763
20
0.8129034251968503
11
1.5810244488188976
21
0.8126312992125984
0
LINE
8
BLACK
6
CONTINUOUS
10
1.5810244488188976
20
0.8126312992125984
11
1.586648779527559
21
0.8098191338582676
0
LINE
8
BLACK
6
CONTINUOUS
10
1.586648779527559
20
0.8098191338582676
11
1.5873601574803149
21
0.8091882677165354
0
LINE
8
BLACK
6
CONTINUOUS
10
1.5873601574803149
20
0.8091882677165354
11
1.5881835826771653
21
0.8087129133858267
0
LINE
8
BLACK
6
CONTINUOUS
10
1.5881835826771653
20
0.8087129133858267
11
1.5909957086614173
21
0.8059007874015748
0
LINE
8
BLACK
6
CONTINUOUS
10
1.5909957086614173
20
0.8059007874015748
11
1.5914711023622048
21
0.8050773228346456
0
LINE
8
BLACK
6
CONTINUOUS
10
1.5914711023622048
20
0.8050773228346456
11
1.5921019291338583
21
0.8043659842519685
0
LINE
8
BLACK
6
CONTINUOUS
10
1.5921019291338583
20
0.8043659842519685
11
1.594914094488189
21
0.7987417322834646
0
LINE
8
BLACK
6
CONTINUOUS
10
1.594914094488189
20
0.7987417322834646
11
1.5951862598425197
21
0.7974116929133858
0
LINE
8
BLACK
6
CONTINUOUS
10
1.5951862598425197
20
0.7974116929133858
11
1.5955375590551182
21
0.7961006692913386
0
LINE
8
BLACK
6
CONTINUOUS
10
1.5955375590551182
20
0.7961006692913386
11
1.5955375590551182
21
0.7904763779527559
0
LINE
8
BLACK
6
CONTINUOUS
10
1.5955375590551182
20
0.7904763779527559
11
1.5952914566929133
21
0.7895579133858267
0
LINE
8
BLACK
6
CONTINUOUS
10
1.5952914566929133
20
0.7895579133858267
11
1.5952344881889764
21
0.7886088582677165
0
LINE
8
BLACK
6
CONTINUOUS
10
1.5952344881889764
20
0.7886088582677165
11
1.5924223228346457
21
0.7801724409448819
0
LINE
8
BLACK
6
CONTINUOUS
10
1.5924223228346457
20
0.7801724409448819
11
1.5916744094488189
21
0.7790396456692913
0
LINE
8
BLACK
6
CONTINUOUS
10
1.5916744094488189
20
0.7790396456692913
11
1.5909957086614173
21
0.7778640944881889
0
LINE
8
BLACK
6
CONTINUOUS
10
1.5909957086614173
20
0.7778640944881889
11
1.5673312598425198
21
0.7541996456692913
0
LINE
8
BLACK
6
CONTINUOUS
10
1.5673312598425198
20
0.7541996456692913
11
1.5896320472440943
21
0.7541996456692913
0
LINE
8
BLACK
6
CONTINUOUS
10
1.5896320472440943
20
0.7541996456692913
11
1.5925848031496062
21
0.7534084645669291
0
LINE
8
BLACK
6
CONTINUOUS
10
1.5925848031496062
20
0.7534084645669291
11
1.594746377952756
21
0.7512468897637795
0
LINE
8
BLACK
6
CONTINUOUS
10
1.594746377952756
20
0.7512468897637795
11
1.5955375590551182
21
0.7482941338582677
0
LINE
8
BLACK
6
CONTINUOUS
10
1.5955375590551182
20
0.7482941338582677
11
1.594746377952756
21
0.7453413779527559
0
LINE
8
BLACK
6
CONTINUOUS
10
1.594746377952756
20
0.7453413779527559
11
1.5925848031496062
21
0.7431798031496063
0
LINE
8
BLACK
6
CONTINUOUS
10
1.5925848031496062
20
0.7431798031496063
11
1.5896320472440943
21
0.7423886220472441
0
LINE
8
BLACK
6
CONTINUOUS
10
1.5896320472440943
20
0.7423886220472441
11
1.5530740944881889
21
0.7423886220472441
0
LINE
8
BLACK
6
CONTINUOUS
10
1.5530740944881889
20
0.7423886220472441
11
1.5523231102362205
21
0.7425898425196851
0
LINE
8
BLACK
6
CONTINUOUS
10
1.5523231102362205
20
0.7425898425196851
11
1.5515456299212598
21
0.7425898425196851
0
LINE
8
BLACK
6
CONTINUOUS
10
1.5515456299212598
20
0.7425898425196851
11
1.550872283464567
21
0.7429785433070866
0
LINE
8
BLACK
6
CONTINUOUS
10
1.550872283464567
20
0.7429785433070866
11
1.5501213385826771
21
0.7431798031496063
0
LINE
8
BLACK
6
CONTINUOUS
10
1.5501213385826771
20
0.7431798031496063
11
1.5495715354330708
21
0.7437295669291338
0
LINE
8
BLACK
6
CONTINUOUS
10
1.5495715354330708
20
0.7437295669291338
11
1.5488982677165355
21
0.7441183070866142
0
LINE
8
BLACK
6
CONTINUOUS
10
1.5488982677165355
20
0.7441183070866142
11
1.548509527559055
21
0.7447915748031496
0
LINE
8
BLACK
6
CONTINUOUS
10
1.548509527559055
20
0.7447915748031496
11
1.5479597637795275
21
0.7453413779527559
0
LINE
8
BLACK
6
CONTINUOUS
10
1.5479597637795275
20
0.7453413779527559
11
1.5477585039370079
21
0.7460923228346457
0
LINE
8
BLACK
6
CONTINUOUS
10
1.5477585039370079
20
0.7460923228346457
11
1.5473698031496064
21
0.7467656692913386
0
LINE
8
BLACK
6
CONTINUOUS
10
1.5473698031496064
20
0.7467656692913386
11
1.5473698031496064
21
0.7475431496062992
0
LINE
8
BLACK
6
CONTINUOUS
10
1.5473698031496064
20
0.7475431496062992
11
1.5471685826771653
21
0.7482941338582677
0
LINE
8
BLACK
6
CONTINUOUS
10
1.5471685826771653
20
0.7482941338582677
11
1.5473698031496064
21
0.7490450787401575
0
LINE
8
BLACK
6
CONTINUOUS
10
1.5473698031496064
20
0.7490450787401575
11
1.5473698031496064
21
0.7498225984251968
0
LINE
8
BLACK
6
CONTINUOUS
10
1.5473698031496064
20
0.7498225984251968
11
1.5477585039370079
21
0.750495905511811
0
LINE
8
BLACK
6
CONTINUOUS
10
1.5477585039370079
20
0.750495905511811
11
1.5479597637795275
21
0.7512468897637795
0
LINE
8
BLACK
6
CONTINUOUS
10
1.5479597637795275
20
0.7512468897637795
11
1.548509527559055
21
0.751796653543307
0
LINE
8
BLACK
6
CONTINUOUS
10
1.548509527559055
20
0.751796653543307
11
1.5488982677165355
21
0.7524699606299212
0
LINE
8
BLACK
6
CONTINUOUS
10
1.5488982677165355
20
0.7524699606299212
11
1.5816582677165354
21
0.7852299606299212
0
LINE
8
BLACK
6
CONTINUOUS
10
1.5816582677165354
20
0.7852299606299212
11
1.5837265354330707
21
0.7914347244094488
0
LINE
8
BLACK
6
CONTINUOUS
10
1.5837265354330707
20
0.7914347244094488
11
1.5837265354330707
21
0.7947065354330708
0
LINE
8
BLACK
6
CONTINUOUS
10
1.5837265354330707
20
0.7947065354330708
11
1.5819664173228347
21
0.7982267322834645
0
LINE
8
BLACK
6
CONTINUOUS
10
1.5819664173228347
20
0.7982267322834645
11
1.5805095669291338
21
0.7996836220472441
0
LINE
8
BLACK
6
CONTINUOUS
10
1.5805095669291338
20
0.7996836220472441
11
1.5769893307086613
21
0.8014437401574803
0
LINE
8
BLACK
6
CONTINUOUS
10
1.5769893307086613
20
0.8014437401574803
11
1.5657168110236219
21
0.8014437401574803
0
LINE
8
BLACK
6
CONTINUOUS
10
1.5657168110236219
20
0.8014437401574803
11
1.5621965748031497
21
0.7996836220472441
0
LINE
8
BLACK
6
CONTINUOUS
10
1.5621965748031497
20
0.7996836220472441
11
1.5600620866141732
21
0.7975491338582676
0
LINE
8
BLACK
6
CONTINUOUS
10
1.5600620866141732
20
0.7975491338582676
11
1.5574147244094487
21
0.7960206692913385
0
LINE
8
BLACK
6
CONTINUOUS
10
1.5574147244094487
20
0.7960206692913385
11
1.5543577952755905
21
0.7960206692913385
0
LINE
8
BLACK
6
CONTINUOUS
10
1.5543577952755905
20
0.7960206692913385
11
1.5517104330708662
21
0.7975491338582676
0
LINE
8
BLACK
6
CONTINUOUS
10
1.5517104330708662
20
0.7975491338582676
11
1.5501819685039371
21
0.8001964960629921
0
LINE
8
BLACK
6
CONTINUOUS
10
1.5501819685039371
20
0.8001964960629921
11
1.5501819685039371
21
0.8032534251968504
0
LINE
8
BLACK
6
CONTINUOUS
10
1.5501819685039371
20
0.8032534251968504
11
1.5517104330708662
21
0.8059007874015748
0
LINE
8
BLACK
6
CONTINUOUS
10
1.5517104330708662
20
0.8059007874015748
11
1.5545225590551182
21
0.8087129133858267
0
LINE
8
BLACK
6
CONTINUOUS
10
1.5545225590551182
20
0.8087129133858267
11
1.5553459448818898
21
0.8091882677165354
0
LINE
8
BLACK
6
CONTINUOUS
10
1.5553459448818898
20
0.8091882677165354
11
1.5560573622047245
21
0.8098191338582676
0
LINE
8
BLACK
6
CONTINUOUS
10
1.5560573622047245
20
0.8098191338582676
11
1.5616816929133859
21
0.8126312992125984
0
LINE
8
BLACK
6
CONTINUOUS
10
1.5616816929133859
20
0.8126312992125984
11
1.5630116141732282
21
0.8129034251968503
0
LINE
8
BLACK
6
CONTINUOUS
10
1.5630116141732282
20
0.8129034251968503
11
1.564322716535433
21
0.8132547637795275
0
LINE
8
BLACK
6
CONTINUOUS
10
1.564322716535433
20
0.8132547637795275
11
1.5783834251968503
21
0.8132547637795275
0
LINE
8
BLACK
6
CONTINUOUS
10
1.5783834251968503
20
0.8132547637795275
11
1.5796944881889763
21
0.8129034251968503
0
LINE
8
BLACK
6
CONTINUOUS
10
1.6912445669291338
20
0.8205262598425197
11
1.6931193700787401
21
0.8186514960629921
0
LINE
8
BLACK
6
CONTINUOUS
10
1.6931193700787401
20
0.8186514960629921
11
1.6937075984251968
21
0.8178114566929133
0
LINE
8
BLACK
6
CONTINUOUS
10
1.6937075984251968
20
0.8178114566929133
11
1.6937229527559055
21
0.8176355118110236
0
LINE
8
BLACK
6
CONTINUOUS
10
1.6937229527559055
20
0.8176355118110236
11
1.693832716535433
21
0.817497283464567
0
LINE
8
BLACK
6
CONTINUOUS
10
1.693832716535433
20
0.817497283464567
11
1.6957074803149605
21
0.8118730314960629
0
LINE
8
BLACK
6
CONTINUOUS
10
1.6957074803149605
20
0.8118730314960629
11
1.6958369685039369
21
0.8109997637795275
0
LINE
8
BLACK
6
CONTINUOUS
10
1.6958369685039369
20
0.8109997637795275
11
1.6958590157480316
21
0.8109392519685039
0
LINE
8
BLACK
6
CONTINUOUS
10
1.6958590157480316
20
0.8109392519685039
11
1.6958590157480316
21
0.8071897244094488
0
LINE
8
BLACK
6
CONTINUOUS
10
1.6958590157480316
20
0.8071897244094488
11
1.6957057086614173
21
0.8063203149606299
0
LINE
8
BLACK
6
CONTINUOUS
10
1.6957057086614173
20
0.8063203149606299
11
1.6957074803149605
21
0.8062559448818898
0
LINE
8
BLACK
6
CONTINUOUS
10
1.6957074803149605
20
0.8062559448818898
11
1.693832716535433
21
0.8006316929133858
0
LINE
8
BLACK
6
CONTINUOUS
10
1.693832716535433
20
0.8006316929133858
11
1.6933444094488188
21
0.7997299212598425
0
LINE
8
BLACK
6
CONTINUOUS
10
1.6933444094488188
20
0.7997299212598425
11
1.6931940157480314
21
0.7996375196850394
0
LINE
8
BLACK
6
CONTINUOUS
10
1.6931940157480314
20
0.7996375196850394
11
1.6931194094488189
21
0.7994775196850393
0
LINE
8
BLACK
6
CONTINUOUS
10
1.6931194094488189
20
0.7994775196850393
11
1.689369842519685
21
0.7957279921259842
0
LINE
8
BLACK
6
CONTINUOUS
10
1.689369842519685
20
0.7957279921259842
11
1.6886466535433071
21
0.7952215748031496
0
LINE
8
BLACK
6
CONTINUOUS
10
1.6886466535433071
20
0.7952215748031496
11
1.6886024409448819
21
0.7951748818897637
0
LINE
8
BLACK
6
CONTINUOUS
10
1.6886024409448819
20
0.7951748818897637
11
1.6848529133858268
21
0.7933001181102362
0
LINE
8
BLACK
6
CONTINUOUS
10
1.6848529133858268
20
0.7933001181102362
11
1.6843644488188976
21
0.7931548031496063
0
LINE
8
BLACK
6
CONTINUOUS
10
1.6843644488188976
20
0.7931548031496063
11
1.6842485433070866
21
0.7930765354330709
0
LINE
8
BLACK
6
CONTINUOUS
10
1.6842485433070866
20
0.7930765354330709
11
1.6767494881889764
21
0.7912017716535433
0
LINE
8
BLACK
6
CONTINUOUS
10
1.6767494881889764
20
0.7912017716535433
11
1.6761615748031495
21
0.7911602755905511
0
LINE
8
BLACK
6
CONTINUOUS
10
1.6761615748031495
20
0.7911602755905511
11
1.6760333464566928
21
0.7911136220472441
0
LINE
8
BLACK
6
CONTINUOUS
10
1.6760333464566928
20
0.7911136220472441
11
1.6704090551181101
21
0.7911136220472441
0
LINE
8
BLACK
6
CONTINUOUS
10
1.6704090551181101
20
0.7911136220472441
11
1.6698286614173228
21
0.7912159448818897
0
LINE
8
BLACK
6
CONTINUOUS
10
1.6698286614173228
20
0.7912159448818897
11
1.6696929133858267
21
0.7912017716535433
0
LINE
8
BLACK
6
CONTINUOUS
10
1.6696929133858267
20
0.7912017716535433
11
1.6621938582677165
21
0.7930765354330709
0
LINE
8
BLACK
6
CONTINUOUS
10
1.6621938582677165
20
0.7930765354330709
11
1.6617283858267715
21
0.7932840944881889
0
LINE
8
BLACK
6
CONTINUOUS
10
1.6617283858267715
20
0.7932840944881889
11
1.6615894881889763
21
0.7933001181102362
0
LINE
8
BLACK
6
CONTINUOUS
10
1.6615894881889763
20
0.7933001181102362
11
1.6578399606299212
21
0.7951748818897637
0
LINE
8
BLACK
6
CONTINUOUS
10
1.6578399606299212
20
0.7951748818897637
11
1.6571308661417323
21
0.7957007874015748
0
LINE
8
BLACK
6
CONTINUOUS
10
1.6571308661417323
20
0.7957007874015748
11
1.6570725590551181
21
0.7957279921259842
0
LINE
8
BLACK
6
CONTINUOUS
10
1.6570725590551181
20
0.7957279921259842
11
1.653323031496063
21
0.7994775196850393
0
LINE
8
BLACK
6
CONTINUOUS
10
1.653323031496063
20
0.7994775196850393
11
1.6527348425196851
21
0.8003175590551181
0
LINE
8
BLACK
6
CONTINUOUS
10
1.6527348425196851
20
0.8003175590551181
11
1.6527194488188977
21
0.8004933858267717
0
LINE
8
BLACK
6
CONTINUOUS
10
1.6527194488188977
20
0.8004933858267717
11
1.6526097244094489
21
0.8006316929133858
0
LINE
8
BLACK
6
CONTINUOUS
10
1.6526097244094489
20
0.8006316929133858
11
1.6507349606299213
21
0.8062559842519685
0
LINE
8
BLACK
6
CONTINUOUS
10
1.6507349606299213
20
0.8062559842519685
11
1.6506054724409449
21
0.8071291338582677
0
LINE
8
BLACK
6
CONTINUOUS
10
1.6506054724409449
20
0.8071291338582677
11
1.6505834251968503
21
0.8071897244094488
0
LINE
8
BLACK
6
CONTINUOUS
10
1.6505834251968503
20
0.8071897244094488
11
1.6505834251968503
21
0.8109392519685039
0
LINE
8
BLACK
6
CONTINUOUS
10
1.6505834251968503
20
0.8109392519685039
11
1.6507366929133858
21
0.811808622047244
0
LINE
8
BLACK
6
CONTINUOUS
10
1.6507366929133858
20
0.811808622047244
11
1.6507349606299213
21
0.8118729921259842
0
LINE
8
BLACK
6
CONTINUOUS
10
1.6507349606299213
20
0.8118729921259842
11
1.6526097244094489
21
0.817497283464567
0
LINE
8
BLACK
6
CONTINUOUS
10
1.6526097244094489
20
0.817497283464567
11
1.6530979921259843
21
0.8183990551181102
0
LINE
8
BLACK
6
CONTINUOUS
10
1.6530979921259843
20
0.8183990551181102
11
1.6532484251968504
21
0.8184914566929133
0
LINE
8
BLACK
6
CONTINUOUS
10
1.6532484251968504
20
0.8184914566929133
11
1.653323031496063
21
0.8186514566929134
0
LINE
8
BLACK
6
CONTINUOUS
10
1.653323031496063
20
0.8186514566929134
11
1.6551977952755905
21
0.8205262204724409
0
LINE
8
BLACK
6
CONTINUOUS
10
1.6551977952755905
20
0.8205262204724409
11
1.6560378346456692
21
0.8211144094488189
0
LINE
8
BLACK
6
CONTINUOUS
10
1.6560378346456692
20
0.8211144094488189
11
1.6580499212598425
21
0.8212904330708661
0
LINE
8
BLACK
6
CONTINUOUS
10
1.6580499212598425
20
0.8212904330708661
11
1.6597044881889764
21
0.8201319291338582
0
LINE
8
BLACK
6
CONTINUOUS
10
1.6597044881889764
20
0.8201319291338582
11
1.6602272047244093
21
0.8181809448818897
0
LINE
8
BLACK
6
CONTINUOUS
10
1.6602272047244093
20
0.8181809448818897
11
1.6593736220472441
21
0.8163503937007874
0
LINE
8
BLACK
6
CONTINUOUS
10
1.6593736220472441
20
0.8163503937007874
11
1.6579917322834645
21
0.8149685039370078
0
LINE
8
BLACK
6
CONTINUOUS
10
1.6579917322834645
20
0.8149685039370078
11
1.6564889370078739
21
0.8104600787401575
0
LINE
8
BLACK
6
CONTINUOUS
10
1.6564889370078739
20
0.8104600787401575
11
1.6564889370078739
21
0.8076688582677165
0
LINE
8
BLACK
6
CONTINUOUS
10
1.6564889370078739
20
0.8076688582677165
11
1.6579917322834645
21
0.8031604330708662
0
LINE
8
BLACK
6
CONTINUOUS
10
1.6579917322834645
20
0.8031604330708662
11
1.6609095669291338
21
0.8002426377952756
0
LINE
8
BLACK
6
CONTINUOUS
10
1.6609095669291338
20
0.8002426377952756
11
1.6639405511811023
21
0.798727125984252
0
LINE
8
BLACK
6
CONTINUOUS
10
1.6639405511811023
20
0.798727125984252
11
1.6707725984251969
21
0.7970191338582677
0
LINE
8
BLACK
6
CONTINUOUS
10
1.6707725984251969
20
0.7970191338582677
11
1.6756698031496062
21
0.7970191338582677
0
LINE
8
BLACK
6
CONTINUOUS
10
1.6756698031496062
20
0.7970191338582677
11
1.6825018503937008
21
0.798727125984252
0
LINE
8
BLACK
6
CONTINUOUS
10
1.6825018503937008
20
0.798727125984252
11
1.6855328346456693
21
0.8002426377952756
0
LINE
8
BLACK
6
CONTINUOUS
10
1.6855328346456693
20
0.8002426377952756
11
1.6884507086614173
21
0.8031604724409449
0
LINE
8
BLACK
6
CONTINUOUS
10
1.6884507086614173
20
0.8031604724409449
11
1.6899535039370079
21
0.8076688582677165
0
LINE
8
BLACK
6
CONTINUOUS
10
1.6899535039370079
20
0.8076688582677165
11
1.6899535039370079
21
0.8104601181102362
0
LINE
8
BLACK
6
CONTINUOUS
10
1.6899535039370079
20
0.8104601181102362
11
1.6884507086614173
21
0.8149684645669291
0
LINE
8
BLACK
6
CONTINUOUS
10
1.6884507086614173
20
0.8149684645669291
11
1.6870688188976377
21
0.8163503543307087
0
LINE
8
BLACK
6
CONTINUOUS
10
1.6870688188976377
20
0.8163503543307087
11
1.686480590551181
21
0.8171903937007874
0
LINE
8
BLACK
6
CONTINUOUS
10
1.686480590551181
20
0.8171903937007874
11
1.6863045275590551
21
0.8192025196850393
0
LINE
8
BLACK
6
CONTINUOUS
10
1.6863045275590551
20
0.8192025196850393
11
1.687463031496063
21
0.8208570866141732
0
LINE
8
BLACK
6
CONTINUOUS
10
1.687463031496063
20
0.8208570866141732
11
1.6894140157480315
21
0.8213798031496062
0
LINE
8
BLACK
6
CONTINUOUS
10
1.6894140157480315
20
0.8213798031496062
11
1.6912445669291338
21
0.8205262598425197
0
LINE
8
BLACK
6
CONTINUOUS
10
1.7662445669291338
20
0.8205262598425197
11
1.7681193700787401
21
0.8186514960629921
0
LINE
8
BLACK
6
CONTINUOUS
10
1.7681193700787401
20
0.8186514960629921
11
1.7687075984251968
21
0.8178114566929133
0
LINE
8
BLACK
6
CONTINUOUS
10
1.7687075984251968
20
0.8178114566929133
11
1.7687229527559054
21
0.8176355118110236
0
LINE
8
BLACK
6
CONTINUOUS
10
1.7687229527559054
20
0.8176355118110236
11
1.7688327165354329
21
0.817497283464567
0
LINE
8
BLACK
6
CONTINUOUS
10
1.7688327165354329
20
0.817497283464567
11
1.7707074803149605
21
0.8118730314960629
0
LINE
8
BLACK
6
CONTINUOUS
10
1.7707074803149605
20
0.8118730314960629
11
1.7708369685039369
21
0.8109997637795275
0
LINE
8
BLACK
6
CONTINUOUS
10
1.7708369685039369
20
0.8109997637795275
11
1.7708590157480315
21
0.8109392519685039
0
LINE
8
BLACK
6
CONTINUOUS
10
1.7708590157480315
20
0.8109392519685039
11
1.7708590157480315
21
0.8071897244094488
0
LINE
8
BLACK
6
CONTINUOUS
10
1.7708590157480315
20
0.8071897244094488
11
1.7707057086614173
21
0.8063203149606299
0
LINE
8
BLACK
6
CONTINUOUS
10
1.7707057086614173
20
0.8063203149606299
11
1.7707074803149605
21
0.8062559448818898
0
LINE
8
BLACK
6
CONTINUOUS
10
1.7707074803149605
20
0.8062559448818898
11
1.7688327165354329
21
0.8006316929133858
0
LINE
8
BLACK
6
CONTINUOUS
10
1.7688327165354329
20
0.8006316929133858
11
1.7683444094488188
21
0.7997299212598425
0
LINE
8
BLACK
6
CONTINUOUS
10
1.7683444094488188
20
0.7997299212598425
11
1.7681940157480314
21
0.7996375196850394
0
LINE
8
BLACK
6
CONTINUOUS
10
1.7681940157480314
20
0.7996375196850394
11
1.7681194094488188
21
0.7994775196850393
0
LINE
8
BLACK
6
CONTINUOUS
10
1.7681194094488188
20
0.7994775196850393
11
1.764369842519685
21
0.7957279921259842
0
LINE
8
BLACK
6
CONTINUOUS
10
1.764369842519685
20
0.7957279921259842
11
1.7636466535433071
21
0.7952215748031496
0
LINE
8
BLACK
6
CONTINUOUS
10
1.7636466535433071
20
0.7952215748031496
11
1.7636024409448818
21
0.7951748818897637
0
LINE
8
BLACK
6
CONTINUOUS
10
1.7636024409448818
20
0.7951748818897637
11
1.7598529133858267
21
0.7933001181102362
0
LINE
8
BLACK
6
CONTINUOUS
10
1.7598529133858267
20
0.7933001181102362
11
1.7593644488188975
21
0.7931548031496063
0
LINE
8
BLACK
6
CONTINUOUS
10
1.7593644488188975
20
0.7931548031496063
11
1.7592485433070866
21
0.7930765354330709
0
LINE
8
BLACK
6
CONTINUOUS
10
1.7592485433070866
20
0.7930765354330709
11
1.7517494881889764
21
0.7912017716535433
0
LINE
8
BLACK
6
CONTINUOUS
10
1.7517494881889764
20
0.7912017716535433
11
1.7511615748031495
21
0.7911602755905511
0
LINE
8
BLACK
6
CONTINUOUS
10
1.7511615748031495
20
0.7911602755905511
11
1.751033346456693
21
0.7911136220472441
0
LINE
8
BLACK
6
CONTINUOUS
10
1.751033346456693
20
0.7911136220472441
11
1.7454090551181103
21
0.7911136220472441
0
LINE
8
BLACK
6
CONTINUOUS
10
1.7454090551181103
20
0.7911136220472441
11
1.7448286614173227
21
0.7912159448818897
0
LINE
8
BLACK
6
CONTINUOUS
10
1.7448286614173227
20
0.7912159448818897
11
1.7446929133858267
21
0.7912017716535433
0
LINE
8
BLACK
6
CONTINUOUS
10
1.7446929133858267
20
0.7912017716535433
11
1.7371938582677164
21
0.7930765354330709
0
LINE
8
BLACK
6
CONTINUOUS
10
1.7371938582677164
20
0.7930765354330709
11
1.7367283858267717
21
0.7932840944881889
0
LINE
8
BLACK
6
CONTINUOUS
10
1.7367283858267717
20
0.7932840944881889
11
1.7365894881889763
21
0.7933001181102362
0
LINE
8
BLACK
6
CONTINUOUS
10
1.7365894881889763
20
0.7933001181102362
11
1.7328399606299212
21
0.7951748818897637
0
LINE
8
BLACK
6
CONTINUOUS
10
1.7328399606299212
20
0.7951748818897637
11
1.7321308661417323
21
0.7957007874015748
0
LINE
8
BLACK
6
CONTINUOUS
10
1.7321308661417323
20
0.7957007874015748
11
1.732072559055118
21
0.7957279921259842
0
LINE
8
BLACK
6
CONTINUOUS
10
1.732072559055118
20
0.7957279921259842
11
1.7283230314960629
21
0.7994775196850393
0
LINE
8
BLACK
6
CONTINUOUS
10
1.7283230314960629
20
0.7994775196850393
11
1.727734842519685
21
0.8003175590551181
0
LINE
8
BLACK
6
CONTINUOUS
10
1.727734842519685
20
0.8003175590551181
11
1.7277194488188976
21
0.8004933858267717
0
LINE
8
BLACK
6
CONTINUOUS
10
1.7277194488188976
20
0.8004933858267717
11
1.7276097244094488
21
0.8006316929133858
0
LINE
8
BLACK
6
CONTINUOUS
10
1.7276097244094488
20
0.8006316929133858
11
1.7257349606299213
21
0.8062559842519685
0
LINE
8
BLACK
6
CONTINUOUS
10
1.7257349606299213
20
0.8062559842519685
11
1.7256054724409449
21
0.8071291338582677
0
LINE
8
BLACK
6
CONTINUOUS
10
1.7256054724409449
20
0.8071291338582677
11
1.7255834251968503
21
0.8071897244094488
0
LINE
8
BLACK
6
CONTINUOUS
10
1.7255834251968503
20
0.8071897244094488
11
1.7255834251968503
21
0.8109392519685039
0
LINE
8
BLACK
6
CONTINUOUS
10
1.7255834251968503
20
0.8109392519685039
11
1.7257366929133857
21
0.811808622047244
0
LINE
8
BLACK
6
CONTINUOUS
10
1.7257366929133857
20
0.811808622047244
11
1.7257349606299213
21
0.8118729921259842
0
LINE
8
BLACK
6
CONTINUOUS
10
1.7257349606299213
20
0.8118729921259842
11
1.7276097244094488
21
0.817497283464567
0
LINE
8
BLACK
6
CONTINUOUS
10
1.7276097244094488
20
0.817497283464567
11
1.7280979921259843
21
0.8183990551181102
0
LINE
8
BLACK
6
CONTINUOUS
10
1.7280979921259843
20
0.8183990551181102
11
1.7282484251968504
21
0.8184914566929133
0
LINE
8
BLACK
6
CONTINUOUS
10
1.7282484251968504
20
0.8184914566929133
11
1.7283230314960629
21
0.8186514566929134
0
LINE
8
BLACK
6
CONTINUOUS
10
1.7283230314960629
20
0.8186514566929134
11
1.7301977952755905
21
0.8205262204724409
0
LINE
8
BLACK
6
CONTINUOUS
10
1.7301977952755905
20
0.8205262204724409
11
1.7310378346456692
21
0.8211144094488189
0
LINE
8
BLACK
6
CONTINUOUS
10
1.7310378346456692
20
0.8211144094488189
11
1.7330499212598425
21
0.8212904330708661
0
LINE
8
BLACK
6
CONTINUOUS
10
1.7330499212598425
20
0.8212904330708661
11
1.7347044881889764
21
0.8201319291338582
0
LINE
8
BLACK
6
CONTINUOUS
10
1.7347044881889764
20
0.8201319291338582
11
1.7352272047244095
21
0.8181809448818897
0
LINE
8
BLACK
6
CONTINUOUS
10
1.7352272047244095
20
0.8181809448818897
11
1.7343736220472441
21
0.8163503937007874
0
LINE
8
BLACK
6
CONTINUOUS
10
1.7343736220472441
20
0.8163503937007874
11
1.7329917322834645
21
0.8149685039370078
0
LINE
8
BLACK
6
CONTINUOUS
10
1.7329917322834645
20
0.8149685039370078
11
1.7314889370078739
21
0.8104600787401575
0
LINE
8
BLACK
6
CONTINUOUS
10
1.7314889370078739
20
0.8104600787401575
11
1.7314889370078739
21
0.8076688582677165
0
LINE
8
BLACK
6
CONTINUOUS
10
1.7314889370078739
20
0.8076688582677165
11
1.7329917322834645
21
0.8031604330708662
0
LINE
8
BLACK
6
CONTINUOUS
10
1.7329917322834645
20
0.8031604330708662
11
1.7359095669291338
21
0.8002426377952756
0
LINE
8
BLACK
6
CONTINUOUS
10
1.7359095669291338
20
0.8002426377952756
11
1.7389405511811022
21
0.798727125984252
0
LINE
8
BLACK
6
CONTINUOUS
10
1.7389405511811022
20
0.798727125984252
11
1.7457725984251968
21
0.7970191338582677
0
LINE
8
BLACK
6
CONTINUOUS
10
1.7457725984251968
20
0.7970191338582677
11
1.7506698031496062
21
0.7970191338582677
0
LINE
8
BLACK
6
CONTINUOUS
10
1.7506698031496062
20
0.7970191338582677
11
1.7575018503937008
21
0.798727125984252
0
LINE
8
BLACK
6
CONTINUOUS
10
1.7575018503937008
20
0.798727125984252
11
1.7605328346456692
21
0.8002426377952756
0
LINE
8
BLACK
6
CONTINUOUS
10
1.7605328346456692
20
0.8002426377952756
11
1.7634507086614173
21
0.8031604724409449
0
LINE
8
BLACK
6
CONTINUOUS
10
1.7634507086614173
20
0.8031604724409449
11
1.7649535039370079
21
0.8076688582677165
0
LINE
8
BLACK
6
CONTINUOUS
10
1.7649535039370079
20
0.8076688582677165
11
1.7649535039370079
21
0.8104601181102362
0
LINE
8
BLACK
6
CONTINUOUS
10
1.7649535039370079
20
0.8104601181102362
11
1.7634507086614173
21
0.8149684645669291
0
LINE
8
BLACK
6
CONTINUOUS
10
1.7634507086614173
20
0.8149684645669291
11
1.7620688188976377
21
0.8163503543307087
0
LINE
8
BLACK
6
CONTINUOUS
10
1.7620688188976377
20
0.8163503543307087
11
1.761480590551181
21
0.8171903937007874
0
LINE
8
BLACK
6
CONTINUOUS
10
1.761480590551181
20
0.8171903937007874
11
1.7613045275590551
21
0.8192025196850393
0
LINE
8
BLACK
6
CONTINUOUS
10
1.7613045275590551
20
0.8192025196850393
11
1.762463031496063
21
0.8208570866141732
0
LINE
8
BLACK
6
CONTINUOUS
10
1.762463031496063
20
0.8208570866141732
11
1.7644140157480315
21
0.8213798031496062
0
LINE
8
BLACK
6
CONTINUOUS
10
1.7644140157480315
20
0.8213798031496062
11
1.7662445669291338
21
0.8205262598425197
0
LINE
8
BLACK
6
CONTINUOUS
10
0.3702467322834646
20
0.8630086614173228
11
0.3711957874015748
21
0.8629516929133858
0
LINE
8
BLACK
6
CONTINUOUS
10
0.3711957874015748
20
0.8629516929133858
11
0.3796322440944882
21
0.8601395669291338
0
LINE
8
BLACK
6
CONTINUOUS
10
0.3796322440944882
20
0.8601395669291338
11
0.3807651181102362
21
0.8593915354330709
0
LINE
8
BLACK
6
CONTINUOUS
10
0.3807651181102362
20
0.8593915354330709
11
0.3819405905511811
21
0.8587129133858268
0
LINE
8
BLACK
6
CONTINUOUS
10
0.3819405905511811
20
0.8587129133858268
11
0.3847527165354331
21
0.8559007874015748
0
LINE
8
BLACK
6
CONTINUOUS
10
0.3847527165354331
20
0.8559007874015748
11
0.3862811811023622
21
0.8532534251968503
0
LINE
8
BLACK
6
CONTINUOUS
10
0.3862811811023622
20
0.8532534251968503
11
0.3862811811023622
21
0.8501964960629921
0
LINE
8
BLACK
6
CONTINUOUS
10
0.3862811811023622
20
0.8501964960629921
11
0.3847527165354331
21
0.8475491338582677
0
LINE
8
BLACK
6
CONTINUOUS
10
0.3847527165354331
20
0.8475491338582677
11
0.3821053543307086
21
0.8460206692913386
0
LINE
8
BLACK
6
CONTINUOUS
10
0.3821053543307086
20
0.8460206692913386
11
0.3790484251968504
21
0.8460206692913386
0
LINE
8
BLACK
6
CONTINUOUS
10
0.3790484251968504
20
0.8460206692913386
11
0.376401062992126
21
0.8475491338582677
0
LINE
8
BLACK
6
CONTINUOUS
10
0.376401062992126
20
0.8475491338582677
11
0.3745746850393701
21
0.8493754724409449
0
LINE
8
BLACK
6
CONTINUOUS
10
0.3745746850393701
20
0.8493754724409449
11
0.3683700393700787
21
0.8514437401574803
0
LINE
8
BLACK
6
CONTINUOUS
10
0.3683700393700787
20
0.8514437401574803
11
0.3646624015748031
21
0.8514437401574803
0
LINE
8
BLACK
6
CONTINUOUS
10
0.3646624015748031
20
0.8514437401574803
11
0.3584575984251969
21
0.8493754724409449
0
LINE
8
BLACK
6
CONTINUOUS
10
0.3584575984251969
20
0.8493754724409449
11
0.3544967322834646
21
0.8454146062992126
0
LINE
8
BLACK
6
CONTINUOUS
10
0.3544967322834646
20
0.8454146062992126
11
0.3524029921259842
21
0.8412272047244095
0
LINE
8
BLACK
6
CONTINUOUS
10
0.3524029921259842
20
0.8412272047244095
11
0.3499244881889764
21
0.8313129921259842
0
LINE
8
BLACK
6
CONTINUOUS
10
0.3499244881889764
20
0.8313129921259842
11
0.3499244881889764
21
0.8243303543307087
0
LINE
8
BLACK
6
CONTINUOUS
10
0.3499244881889764
20
0.8243303543307087
11
0.3524029921259842
21
0.8144161417322835
0
LINE
8
BLACK
6
CONTINUOUS
10
0.3524029921259842
20
0.8144161417322835
11
0.3544967322834646
21
0.8102287401574803
0
LINE
8
BLACK
6
CONTINUOUS
10
0.3544967322834646
20
0.8102287401574803
11
0.3584575984251969
21
0.8062678740157481
0
LINE
8
BLACK
6
CONTINUOUS
10
0.3584575984251969
20
0.8062678740157481
11
0.3646624015748031
21
0.8041996456692914
0
LINE
8
BLACK
6
CONTINUOUS
10
0.3646624015748031
20
0.8041996456692914
11
0.3683700393700787
21
0.8041996456692914
0
LINE
8
BLACK
6
CONTINUOUS
10
0.3683700393700787
20
0.8041996456692914
11
0.3745746850393701
21
0.8062678740157481
0
LINE
8
BLACK
6
CONTINUOUS
10
0.3745746850393701
20
0.8062678740157481
11
0.376401062992126
21
0.8080942519685039
0
LINE
8
BLACK
6
CONTINUOUS
10
0.376401062992126
20
0.8080942519685039
11
0.3790484251968504
21
0.8096227165354331
0
LINE
8
BLACK
6
CONTINUOUS
10
0.3790484251968504
20
0.8096227165354331
11
0.3821053543307086
21
0.8096227165354331
0
LINE
8
BLACK
6
CONTINUOUS
10
0.3821053543307086
20
0.8096227165354331
11
0.3847527165354331
21
0.8080942519685039
0
LINE
8
BLACK
6
CONTINUOUS
10
0.3847527165354331
20
0.8080942519685039
11
0.3862811811023622
21
0.8054468897637795
0
LINE
8
BLACK
6
CONTINUOUS
10
0.3862811811023622
20
0.8054468897637795
11
0.3862811811023622
21
0.8023899606299213
0
LINE
8
BLACK
6
CONTINUOUS
10
0.3862811811023622
20
0.8023899606299213
11
0.3847527165354331
21
0.7997425984251968
0
LINE
8
BLACK
6
CONTINUOUS
10
0.3847527165354331
20
0.7997425984251968
11
0.3819405905511811
21
0.7969304724409448
0
LINE
8
BLACK
6
CONTINUOUS
10
0.3819405905511811
20
0.7969304724409448
11
0.3807651181102362
21
0.7962518110236221
0
LINE
8
BLACK
6
CONTINUOUS
10
0.3807651181102362
20
0.7962518110236221
11
0.3796322440944882
21
0.7955038188976378
0
LINE
8
BLACK
6
CONTINUOUS
10
0.3796322440944882
20
0.7955038188976378
11
0.3711957874015748
21
0.7926916929133858
0
LINE
8
BLACK
6
CONTINUOUS
10
0.3711957874015748
20
0.7926916929133858
11
0.3702467322834646
21
0.7926346850393701
0
LINE
8
BLACK
6
CONTINUOUS
10
0.3702467322834646
20
0.7926346850393701
11
0.3693283070866142
21
0.792388622047244
0
LINE
8
BLACK
6
CONTINUOUS
10
0.3693283070866142
20
0.792388622047244
11
0.3637040157480315
21
0.792388622047244
0
LINE
8
BLACK
6
CONTINUOUS
10
0.3637040157480315
20
0.792388622047244
11
0.3627855511811023
21
0.7926346850393701
0
LINE
8
BLACK
6
CONTINUOUS
10
0.3627855511811023
20
0.7926346850393701
11
0.3618364960629921
21
0.7926916929133858
0
LINE
8
BLACK
6
CONTINUOUS
10
0.3618364960629921
20
0.7926916929133858
11
0.3534000787401575
21
0.7955038582677165
0
LINE
8
BLACK
6
CONTINUOUS
10
0.3534000787401575
20
0.7955038582677165
11
0.3522672834645669
21
0.7962517322834646
0
LINE
8
BLACK
6
CONTINUOUS
10
0.3522672834645669
20
0.7962517322834646
11
0.3510917322834646
21
0.7969304724409448
0
LINE
8
BLACK
6
CONTINUOUS
10
0.3510917322834646
20
0.7969304724409448
11
0.3454674409448819
21
0.8025547637795275
0
LINE
8
BLACK
6
CONTINUOUS
10
0.3454674409448819
20
0.8025547637795275
11
0.3449920078740157
21
0.8033781889763779
0
LINE
8
BLACK
6
CONTINUOUS
10
0.3449920078740157
20
0.8033781889763779
11
0.3443612204724409
21
0.8040895669291338
0
LINE
8
BLACK
6
CONTINUOUS
10
0.3443612204724409
20
0.8040895669291338
11
0.3415490551181102
21
0.8097138582677165
0
LINE
8
BLACK
6
CONTINUOUS
10
0.3415490551181102
20
0.8097138582677165
11
0.3414183070866142
21
0.8103525984251968
0
LINE
8
BLACK
6
CONTINUOUS
10
0.3414183070866142
20
0.8103525984251968
11
0.3411019291338583
21
0.8109225984251969
0
LINE
8
BLACK
6
CONTINUOUS
10
0.3411019291338583
20
0.8109225984251969
11
0.3382898031496063
21
0.8221711811023622
0
LINE
8
BLACK
6
CONTINUOUS
10
0.3382898031496063
20
0.8221711811023622
11
0.3383020472440945
21
0.8228996062992125
0
LINE
8
BLACK
6
CONTINUOUS
10
0.3383020472440945
20
0.8228996062992125
11
0.3381134645669291
21
0.8236034645669291
0
LINE
8
BLACK
6
CONTINUOUS
10
0.3381134645669291
20
0.8236034645669291
11
0.3381134645669291
21
0.8320399212598425
0
LINE
8
BLACK
6
CONTINUOUS
10
0.3381134645669291
20
0.8320399212598425
11
0.3383020472440945
21
0.8327437401574803
0
LINE
8
BLACK
6
CONTINUOUS
10
0.3383020472440945
20
0.8327437401574803
11
0.3382898031496063
21
0.8334722047244094
0
LINE
8
BLACK
6
CONTINUOUS
10
0.3382898031496063
20
0.8334722047244094
11
0.3411019291338583
21
0.8447207874015747
0
LINE
8
BLACK
6
CONTINUOUS
10
0.3411019291338583
20
0.8447207874015747
11
0.3414183070866142
21
0.8452907480314961
0
LINE
8
BLACK
6
CONTINUOUS
10
0.3414183070866142
20
0.8452907480314961
11
0.3415490551181102
21
0.8459295275590551
0
LINE
8
BLACK
6
CONTINUOUS
10
0.3415490551181102
20
0.8459295275590551
11
0.3443612204724409
21
0.8515538188976378
0
LINE
8
BLACK
6
CONTINUOUS
10
0.3443612204724409
20
0.8515538188976378
11
0.3449920078740157
21
0.8522651574803149
0
LINE
8
BLACK
6
CONTINUOUS
10
0.3449920078740157
20
0.8522651574803149
11
0.3454674409448819
21
0.8530886220472441
0
LINE
8
BLACK
6
CONTINUOUS
10
0.3454674409448819
20
0.8530886220472441
11
0.3510917322834646
21
0.8587129133858268
0
LINE
8
BLACK
6
CONTINUOUS
10
0.3510917322834646
20
0.8587129133858268
11
0.3522672834645669
21
0.8593916141732283
0
LINE
8
BLACK
6
CONTINUOUS
10
0.3522672834645669
20
0.8593916141732283
11
0.3534000787401575
21
0.8601395275590551
0
LINE
8
BLACK
6
CONTINUOUS
10
0.3534000787401575
20
0.8601395275590551
11
0.3618364960629921
21
0.8629516929133858
0
LINE
8
BLACK
6
CONTINUOUS
10
0.3618364960629921
20
0.8629516929133858
11
0.3627855511811023
21
0.8630086614173228
0
LINE
8
BLACK
6
CONTINUOUS
10
0.3627855511811023
20
0.8630086614173228
11
0.3637040157480315
21
0.8632547637795276
0
LINE
8
BLACK
6
CONTINUOUS
10
0.3637040157480315
20
0.8632547637795276
11
0.3693283070866142
21
0.8632547637795276
0
LINE
8
BLACK
6
CONTINUOUS
10
0.3693283070866142
20
0.8632547637795276
11
0.3702467322834646
21
0.8630086614173228
0
LINE
8
BLACK
6
CONTINUOUS
10
0.4847670078740157
20
0.8624635826771654
11
0.4869285826771653
21
0.8603020078740158
0
LINE
8
BLACK
6
CONTINUOUS
10
0.4869285826771653
20
0.8603020078740158
11
0.4877197637795275
21
0.8573492519685039
0
LINE
8
BLACK
6
CONTINUOUS
10
0.4877197637795275
20
0.8573492519685039
11
0.4869285826771653
21
0.8543964960629921
0
LINE
8
BLACK
6
CONTINUOUS
10
0.4869285826771653
20
0.8543964960629921
11
0.4847670078740157
21
0.8522349212598425
0
LINE
8
BLACK
6
CONTINUOUS
10
0.4847670078740157
20
0.8522349212598425
11
0.4818142519685039
21
0.8514437401574803
0
LINE
8
BLACK
6
CONTINUOUS
10
0.4818142519685039
20
0.8514437401574803
11
0.4708468503937008
21
0.8514437401574803
0
LINE
8
BLACK
6
CONTINUOUS
10
0.4708468503937008
20
0.8514437401574803
11
0.4708468503937008
21
0.7982941338582678
0
LINE
8
BLACK
6
CONTINUOUS
10
0.4708468503937008
20
0.7982941338582678
11
0.4700556692913386
21
0.7953413779527558
0
LINE
8
BLACK
6
CONTINUOUS
10
0.4700556692913386
20
0.7953413779527558
11
0.467894094488189
21
0.7931798031496062
0
LINE
8
BLACK
6
CONTINUOUS
10
0.467894094488189
20
0.7931798031496062
11
0.4649413385826772
21
0.792388622047244
0
LINE
8
BLACK
6
CONTINUOUS
10
0.4649413385826772
20
0.792388622047244
11
0.4619885826771654
21
0.7931798031496062
0
LINE
8
BLACK
6
CONTINUOUS
10
0.4619885826771654
20
0.7931798031496062
11
0.4598270078740158
21
0.7953413779527558
0
LINE
8
BLACK
6
CONTINUOUS
10
0.4598270078740158
20
0.7953413779527558
11
0.4590358267716536
21
0.7982941338582678
0
LINE
8
BLACK
6
CONTINUOUS
10
0.4590358267716536
20
0.7982941338582678
11
0.4590358267716536
21
0.8514437401574803
0
LINE
8
BLACK
6
CONTINUOUS
10
0.4590358267716536
20
0.8514437401574803
11
0.4480684645669291
21
0.8514437401574803
0
LINE
8
BLACK
6
CONTINUOUS
10
0.4480684645669291
20
0.8514437401574803
11
0.4451157086614173
21
0.8522349212598425
0
LINE
8
BLACK
6
CONTINUOUS
10
0.4451157086614173
20
0.8522349212598425
11
0.4429541338582677
21
0.8543964960629921
0
LINE
8
BLACK
6
CONTINUOUS
10
0.4429541338582677
20
0.8543964960629921
11
0.4421629527559055
21
0.8573492519685039
0
LINE
8
BLACK
6
CONTINUOUS
10
0.4421629527559055
20
0.8573492519685039
11
0.4429541338582677
21
0.8603020078740158
0
LINE
8
BLACK
6
CONTINUOUS
10
0.4429541338582677
20
0.8603020078740158
11
0.4451157086614173
21
0.8624635826771654
0
LINE
8
BLACK
6
CONTINUOUS
10
0.4451157086614173
20
0.8624635826771654
11
0.4480684645669291
21
0.8632547637795276
0
LINE
8
BLACK
6
CONTINUOUS
10
0.4480684645669291
20
0.8632547637795276
11
0.4818142519685039
21
0.8632547637795276
0
LINE
8
BLACK
6
CONTINUOUS
10
0.4818142519685039
20
0.8632547637795276
11
0.4847670078740157
21
0.8624635826771654
0
LINE
8
BLACK
6
CONTINUOUS
10
0.5022502362204724
20
0.8096227165354331
11
0.5030276771653543
21
0.8096227165354331
0
LINE
8
BLACK
6
CONTINUOUS
10
0.5030276771653543
20
0.8096227165354331
11
0.5030277165354331
21
0.8096227165354331
0
LINE
8
BLACK
6
CONTINUOUS
10
0.5030277165354331
20
0.8096227165354331
11
0.5037010236220473
21
0.8092339763779527
0
LINE
8
BLACK
6
CONTINUOUS
10
0.5037010236220473
20
0.8092339763779527
11
0.5044520078740158
21
0.8090327559055118
0
LINE
8
BLACK
6
CONTINUOUS
10
0.5044520078740158
20
0.8090327559055118
11
0.5050017322834646
21
0.8084829921259842
0
LINE
8
BLACK
6
CONTINUOUS
10
0.5050017322834646
20
0.8084829921259842
11
0.5056750393700787
21
0.8080942913385827
0
LINE
8
BLACK
6
CONTINUOUS
10
0.5056750393700787
20
0.8080942913385827
11
0.5084872047244094
21
0.8052821653543307
0
LINE
8
BLACK
6
CONTINUOUS
10
0.5084872047244094
20
0.8052821653543307
11
0.5084872047244094
21
0.805282125984252
0
LINE
8
BLACK
6
CONTINUOUS
10
0.5084872047244094
20
0.805282125984252
11
0.5084872440944882
21
0.805282125984252
0
LINE
8
BLACK
6
CONTINUOUS
10
0.5084872440944882
20
0.805282125984252
11
0.5085334251968504
21
0.805202125984252
0
LINE
8
BLACK
6
CONTINUOUS
10
0.5085334251968504
20
0.805202125984252
11
0.5100157086614173
21
0.8026348031496063
0
LINE
8
BLACK
6
CONTINUOUS
10
0.5100157086614173
20
0.8026348031496063
11
0.5100157086614173
21
0.8026347637795276
0
LINE
8
BLACK
6
CONTINUOUS
10
0.5100157086614173
20
0.8026347637795276
11
0.5100157086614173
21
0.7995778346456692
0
LINE
8
BLACK
6
CONTINUOUS
10
0.5100157086614173
20
0.7995778346456692
11
0.5084872440944882
21
0.7969304724409448
0
LINE
8
BLACK
6
CONTINUOUS
10
0.5084872440944882
20
0.7969304724409448
11
0.5056750787401575
21
0.7941183070866141
0
LINE
8
BLACK
6
CONTINUOUS
10
0.5056750787401575
20
0.7941183070866141
11
0.5056750393700787
21
0.7941182677165354
0
LINE
8
BLACK
6
CONTINUOUS
10
0.5056750393700787
20
0.7941182677165354
11
0.5052547637795275
21
0.7938756299212598
0
LINE
8
BLACK
6
CONTINUOUS
10
0.5052547637795275
20
0.7938756299212598
11
0.5050017716535433
21
0.7937295669291339
0
LINE
8
BLACK
6
CONTINUOUS
10
0.5050017716535433
20
0.7937295669291339
11
0.5044520078740158
21
0.7931798031496062
0
LINE
8
BLACK
6
CONTINUOUS
10
0.5044520078740158
20
0.7931798031496062
11
0.5037010236220473
21
0.7929785433070866
0
LINE
8
BLACK
6
CONTINUOUS
10
0.5037010236220473
20
0.7929785433070866
11
0.5030277165354331
21
0.792589842519685
0
LINE
8
BLACK
6
CONTINUOUS
10
0.5030277165354331
20
0.792589842519685
11
0.5022502362204724
21
0.792589842519685
0
LINE
8
BLACK
6
CONTINUOUS
10
0.5022502362204724
20
0.792589842519685
11
0.501499251968504
21
0.792388622047244
0
LINE
8
BLACK
6
CONTINUOUS
10
0.501499251968504
20
0.792388622047244
11
0.5007482677165355
21
0.792589842519685
0
LINE
8
BLACK
6
CONTINUOUS
10
0.5007482677165355
20
0.792589842519685
11
0.4999707874015748
21
0.792589842519685
0
LINE
8
BLACK
6
CONTINUOUS
10
0.4999707874015748
20
0.792589842519685
11
0.499970748031496
21
0.792589842519685
0
LINE
8
BLACK
6
CONTINUOUS
10
0.499970748031496
20
0.792589842519685
11
0.4992974015748031
21
0.7929785826771654
0
LINE
8
BLACK
6
CONTINUOUS
10
0.4992974015748031
20
0.7929785826771654
11
0.4985464960629921
21
0.7931798031496062
0
LINE
8
BLACK
6
CONTINUOUS
10
0.4985464960629921
20
0.7931798031496062
11
0.4979966929133858
21
0.7937295669291339
0
LINE
8
BLACK
6
CONTINUOUS
10
0.4979966929133858
20
0.7937295669291339
11
0.4977438188976378
21
0.7938755905511811
0
LINE
8
BLACK
6
CONTINUOUS
10
0.4977438188976378
20
0.7938755905511811
11
0.4973234251968504
21
0.7941183070866141
0
LINE
8
BLACK
6
CONTINUOUS
10
0.4973234251968504
20
0.7941183070866141
11
0.4973233858267717
21
0.7941183464566929
0
LINE
8
BLACK
6
CONTINUOUS
10
0.4973233858267717
20
0.7941183464566929
11
0.4945112598425197
21
0.7969305118110236
0
LINE
8
BLACK
6
CONTINUOUS
10
0.4945112598425197
20
0.7969305118110236
11
0.4937239763779527
21
0.7982941338582678
0
LINE
8
BLACK
6
CONTINUOUS
10
0.4937239763779527
20
0.7982941338582678
11
0.4929828346456693
21
0.7995778346456692
0
LINE
8
BLACK
6
CONTINUOUS
10
0.4929828346456693
20
0.7995778346456692
11
0.4929828346456693
21
0.8026347637795276
0
LINE
8
BLACK
6
CONTINUOUS
10
0.4929828346456693
20
0.8026347637795276
11
0.4929828346456693
21
0.8026348031496063
0
LINE
8
BLACK
6
CONTINUOUS
10
0.4929828346456693
20
0.8026348031496063
11
0.4944651181102362
21
0.805202125984252
0
LINE
8
BLACK
6
CONTINUOUS
10
0.4944651181102362
20
0.805202125984252
11
0.4945112992125984
21
0.805282125984252
0
LINE
8
BLACK
6
CONTINUOUS
10
0.4945112992125984
20
0.805282125984252
11
0.4973234251968504
21
0.8080942519685039
0
LINE
8
BLACK
6
CONTINUOUS
10
0.4973234251968504
20
0.8080942519685039
11
0.4979966929133858
21
0.8084829527559055
0
LINE
8
BLACK
6
CONTINUOUS
10
0.4979966929133858
20
0.8084829527559055
11
0.4985464960629921
21
0.8090327559055118
0
LINE
8
BLACK
6
CONTINUOUS
10
0.4985464960629921
20
0.8090327559055118
11
0.4992974015748031
21
0.809233937007874
0
LINE
8
BLACK
6
CONTINUOUS
10
0.4992974015748031
20
0.809233937007874
11
0.499970748031496
21
0.8096227165354331
0
LINE
8
BLACK
6
CONTINUOUS
10
0.499970748031496
20
0.8096227165354331
11
0.5007482677165355
21
0.8096227165354331
0
LINE
8
BLACK
6
CONTINUOUS
10
0.5007482677165355
20
0.8096227165354331
11
0.501499251968504
21
0.809823937007874
0
LINE
8
BLACK
6
CONTINUOUS
10
0.501499251968504
20
0.809823937007874
11
0.5022502362204724
21
0.8096227165354331
0
LINE
8
BLACK
6
CONTINUOUS
10
0.4186417716535433
20
0.8629733464566929
11
0.4190023228346457
21
0.8629517322834646
0
LINE
8
BLACK
6
CONTINUOUS
10
0.4190023228346457
20
0.8629517322834646
11
0.4199922440944882
21
0.8622981102362205
0
LINE
8
BLACK
6
CONTINUOUS
10
0.4199922440944882
20
0.8622981102362205
11
0.4210529921259842
21
0.8617677559055118
0
LINE
8
BLACK
6
CONTINUOUS
10
0.4210529921259842
20
0.8617677559055118
11
0.4212519291338583
21
0.8614664173228346
0
LINE
8
BLACK
6
CONTINUOUS
10
0.4212519291338583
20
0.8614664173228346
11
0.4215533858267717
21
0.8612674015748031
0
LINE
8
BLACK
6
CONTINUOUS
10
0.4215533858267717
20
0.8612674015748031
11
0.4220838976377952
21
0.8602062992125984
0
LINE
8
BLACK
6
CONTINUOUS
10
0.4220838976377952
20
0.8602062992125984
11
0.4227372834645669
21
0.8592167322834645
0
LINE
8
BLACK
6
CONTINUOUS
10
0.4227372834645669
20
0.8592167322834645
11
0.4424223622047244
21
0.8001616141732283
0
LINE
8
BLACK
6
CONTINUOUS
10
0.4424223622047244
20
0.8001616141732283
11
0.4426055118110236
21
0.7971101968503936
0
LINE
8
BLACK
6
CONTINUOUS
10
0.4426055118110236
20
0.7971101968503936
11
0.4412384251968504
21
0.7943759842519685
0
LINE
8
BLACK
6
CONTINUOUS
10
0.4412384251968504
20
0.7943759842519685
11
0.4386873622047244
21
0.7926916535433071
0
LINE
8
BLACK
6
CONTINUOUS
10
0.4386873622047244
20
0.7926916535433071
11
0.4356359448818898
21
0.7925085039370079
0
LINE
8
BLACK
6
CONTINUOUS
10
0.4356359448818898
20
0.7925085039370079
11
0.4329017322834646
21
0.7938755905511811
0
LINE
8
BLACK
6
CONTINUOUS
10
0.4329017322834646
20
0.7938755905511811
11
0.4312174409448819
21
0.7964266535433071
0
LINE
8
BLACK
6
CONTINUOUS
10
0.4312174409448819
20
0.7964266535433071
11
0.4269391732283465
21
0.8092614960629921
0
LINE
8
BLACK
6
CONTINUOUS
10
0.4269391732283465
20
0.8092614960629921
11
0.4073305511811023
21
0.8092614960629921
0
LINE
8
BLACK
6
CONTINUOUS
10
0.4073305511811023
20
0.8092614960629921
11
0.4030522440944882
21
0.7964266535433071
0
LINE
8
BLACK
6
CONTINUOUS
10
0.4030522440944882
20
0.7964266535433071
11
0.4013679527559055
21
0.7938756299212598
0
LINE
8
BLACK
6
CONTINUOUS
10
0.4013679527559055
20
0.7938756299212598
11
0.3986337401574803
21
0.7925085039370079
0
LINE
8
BLACK
6
CONTINUOUS
10
0.3986337401574803
20
0.7925085039370079
11
0.3955823228346457
21
0.7926916929133858
0
LINE
8
BLACK
6
CONTINUOUS
10
0.3955823228346457
20
0.7926916929133858
11
0.3930312992125984
21
0.7943759842519685
0
LINE
8
BLACK
6
CONTINUOUS
10
0.3930312992125984
20
0.7943759842519685
11
0.3916641732283465
21
0.7971101968503936
0
LINE
8
BLACK
6
CONTINUOUS
10
0.3916641732283465
20
0.7971101968503936
11
0.3918473622047244
21
0.8001616141732283
0
LINE
8
BLACK
6
CONTINUOUS
10
0.3918473622047244
20
0.8001616141732283
11
0.4115324015748031
21
0.8592167322834645
0
LINE
8
BLACK
6
CONTINUOUS
10
0.4115324015748031
20
0.8592167322834645
11
0.4121858661417322
21
0.8602064960629922
0
LINE
8
BLACK
6
CONTINUOUS
10
0.4121858661417322
20
0.8602064960629922
11
0.4127163385826771
21
0.8612674015748031
0
LINE
8
BLACK
6
CONTINUOUS
10
0.4127163385826771
20
0.8612674015748031
11
0.4130176377952756
21
0.8614663385826772
0
LINE
8
BLACK
6
CONTINUOUS
10
0.4130176377952756
20
0.8614663385826772
11
0.4132166929133858
21
0.8617677952755906
0
LINE
8
BLACK
6
CONTINUOUS
10
0.4132166929133858
20
0.8617677952755906
11
0.4142777559055118
21
0.8622983070866141
0
LINE
8
BLACK
6
CONTINUOUS
10
0.4142777559055118
20
0.8622983070866141
11
0.4152673622047244
21
0.8629516929133858
0
LINE
8
BLACK
6
CONTINUOUS
10
0.4152673622047244
20
0.8629516929133858
11
0.4156277952755905
21
0.8629733070866141
0
LINE
8
BLACK
6
CONTINUOUS
10
0.4156277952755905
20
0.8629733070866141
11
0.415950905511811
21
0.8631348818897637
0
LINE
8
BLACK
6
CONTINUOUS
10
0.415950905511811
20
0.8631348818897637
11
0.4171349606299212
21
0.8630637795275591
0
LINE
8
BLACK
6
CONTINUOUS
10
0.4171349606299212
20
0.8630637795275591
11
0.418318779527559
21
0.8631348818897637
0
LINE
8
BLACK
6
CONTINUOUS
10
0.418318779527559
20
0.8631348818897637
11
0.4186417716535433
21
0.8629733464566929
0
LINE
8
BLACK
6
CONTINUOUS
10
0.4112675590551181
20
0.8210725196850394
11
0.4230021653543307
21
0.8210725196850394
0
LINE
8
BLACK
6
CONTINUOUS
10
0.4230021653543307
20
0.8210725196850394
11
0.417134842519685
21
0.8386743700787401
0
LINE
8
BLACK
6
CONTINUOUS
10
0.417134842519685
20
0.8386743700787401
11
0.4112675590551181
21
0.8210725196850394
0
LINE
8
BLACK
6
CONTINUOUS
10
2.3673228346456692
20
1.0019685039370079
11
2.368993149606299
21
1.0012766141732283
0
LINE
8
BLACK
6
CONTINUOUS
10
2.368993149606299
20
1.0012766141732283
11
2.3696850393700788
21
0.9996062992125984
0
LINE
8
BLACK
6
CONTINUOUS
10
2.3696850393700788
20
0.9996062992125984
11
2.3696850393700788
21
0.7999999999999999
0
LINE
8
BLACK
6
CONTINUOUS
10
2.3696850393700788
20
0.7999999999999999
11
2.368993149606299
21
0.7983296850393701
0
LINE
8
BLACK
6
CONTINUOUS
10
2.368993149606299
20
0.7983296850393701
11
2.3673228346456692
21
0.7976377952755905
0
LINE
8
BLACK
6
CONTINUOUS
10
2.3673228346456692
20
0.7976377952755905
11
1.9826771653543307
21
0.7976377952755905
0
LINE
8
BLACK
6
CONTINUOUS
10
1.9826771653543307
20
0.7976377952755905
11
1.9810068503937008
21
0.7983296850393701
0
LINE
8
BLACK
6
CONTINUOUS
10
1.9810068503937008
20
0.7983296850393701
11
1.9803149606299213
21
0.7999999999999999
0
LINE
8
BLACK
6
CONTINUOUS
10
1.9803149606299213
20
0.7999999999999999
11
1.9803149606299213
21
0.9996062992125984
0
LINE
8
BLACK
6
CONTINUOUS
10
1.9803149606299213
20
0.9996062992125984
11
1.9810068503937008
21
1.0012766141732283
0
LINE
8
BLACK
6
CONTINUOUS
10
1.9810068503937008
20
1.0012766141732283
11
1.9826771653543307
21
1.0019685039370079
0
LINE
8
BLACK
6
CONTINUOUS
10
1.9826771653543307
20
1.0019685039370079
11
2.3673228346456692
21
1.0019685039370079
0
LINE
8
BLACK
6
CONTINUOUS
10
2.0953493700787402
20
0.997244094488189
11
2.0953774803149607
21
0.9972300393700787
0
LINE
8
BLACK
6
CONTINUOUS
10
2.0953774803149607
20
0.9972300393700787
11
2.0960865354330709
21
0.996704094488189
0
LINE
8
BLACK
6
CONTINUOUS
10
2.0960865354330709
20
0.996704094488189
11
2.0961448818897637
21
0.9966769291338582
0
LINE
8
BLACK
6
CONTINUOUS
10
2.0961448818897637
20
0.9966769291338582
11
2.0980196456692912
21
0.9948021653543306
0
LINE
8
BLACK
6
CONTINUOUS
10
2.0980196456692912
20
0.9948021653543306
11
2.0985259055118108
21
0.9940790551181102
0
LINE
8
BLACK
6
CONTINUOUS
10
2.0985259055118108
20
0.9940790551181102
11
2.0985727559055118
21
0.9940347637795275
0
LINE
8
BLACK
6
CONTINUOUS
10
2.0985727559055118
20
0.9940347637795275
11
2.1004475196850394
21
0.9902852362204724
0
LINE
8
BLACK
6
CONTINUOUS
10
2.1004475196850394
20
0.9902852362204724
11
2.1007398818897638
21
0.9893023228346457
0
LINE
8
BLACK
6
CONTINUOUS
10
2.1007398818897638
20
0.9893023228346457
11
2.1006988582677164
21
0.9891305905511811
0
LINE
8
BLACK
6
CONTINUOUS
10
2.1006988582677164
20
0.9891305905511811
11
2.1007592519685039
21
0.9889647244094488
0
LINE
8
BLACK
6
CONTINUOUS
10
2.1007592519685039
20
0.9889647244094488
11
2.1007592519685039
21
0.9852151968503937
0
LINE
8
BLACK
6
CONTINUOUS
10
2.1007592519685039
20
0.9852151968503937
11
2.1006059448818899
21
0.9843457874015747
0
LINE
8
BLACK
6
CONTINUOUS
10
2.1006059448818899
20
0.9843457874015747
11
2.1006077165354329
21
0.9842814173228346
0
LINE
8
BLACK
6
CONTINUOUS
10
2.1006077165354329
20
0.9842814173228346
11
2.0987329527559053
21
0.9786571653543307
0
LINE
8
BLACK
6
CONTINUOUS
10
2.0987329527559053
20
0.9786571653543307
11
2.0982446456692911
21
0.9777553937007873
0
LINE
8
BLACK
6
CONTINUOUS
10
2.0982446456692911
20
0.9777553937007873
11
2.098094251968504
21
0.9776629921259842
0
LINE
8
BLACK
6
CONTINUOUS
10
2.098094251968504
20
0.9776629921259842
11
2.0980196456692912
21
0.9775029921259842
0
LINE
8
BLACK
6
CONTINUOUS
10
2.0980196456692912
20
0.9775029921259842
11
2.0805631496062991
21
0.9600464566929133
0
LINE
8
BLACK
6
CONTINUOUS
10
2.0805631496062991
20
0.9600464566929133
11
2.0978064960629923
21
0.9600464566929133
0
LINE
8
BLACK
6
CONTINUOUS
10
2.0978064960629923
20
0.9600464566929133
11
2.0988164173228347
21
0.9598683858267716
0
LINE
8
BLACK
6
CONTINUOUS
10
2.0988164173228347
20
0.9598683858267716
11
2.1003636614173229
21
0.9585700787401574
0
LINE
8
BLACK
6
CONTINUOUS
10
2.1003636614173229
20
0.9585700787401574
11
2.1007144094488188
21
0.9565809448818897
0
LINE
8
BLACK
6
CONTINUOUS
10
2.1007144094488188
20
0.9565809448818897
11
2.0997044881889764
21
0.9548317716535433
0
LINE
8
BLACK
6
CONTINUOUS
10
2.0997044881889764
20
0.9548317716535433
11
2.0978064960629923
21
0.9541409448818897
0
LINE
8
BLACK
6
CONTINUOUS
10
2.0978064960629923
20
0.9541409448818897
11
2.0734345669291336
21
0.9541409448818897
0
LINE
8
BLACK
6
CONTINUOUS
10
2.0734345669291336
20
0.9541409448818897
11
2.0727998031496062
21
0.9542528346456692
0
LINE
8
BLACK
6
CONTINUOUS
10
2.0727998031496062
20
0.9542528346456692
11
2.0726703543307088
21
0.9542415354330709
0
LINE
8
BLACK
6
CONTINUOUS
10
2.0726703543307088
20
0.9542415354330709
11
2.0726051181102361
21
0.9542871653543307
0
LINE
8
BLACK
6
CONTINUOUS
10
2.0726051181102361
20
0.9542871653543307
11
2.0724246456692912
21
0.9543190157480315
0
LINE
8
BLACK
6
CONTINUOUS
10
2.0724246456692912
20
0.9543190157480315
11
2.0717437795275591
21
0.9548902755905512
0
LINE
8
BLACK
6
CONTINUOUS
10
2.0717437795275591
20
0.9548902755905512
11
2.0710157874015747
21
0.9554000787401574
0
LINE
8
BLACK
6
CONTINUOUS
10
2.0710157874015747
20
0.9554000787401574
11
2.0709808267716534
21
0.9555305118110236
0
LINE
8
BLACK
6
CONTINUOUS
10
2.0709808267716534
20
0.9555305118110236
11
2.070877401574803
21
0.9556173228346456
0
LINE
8
BLACK
6
CONTINUOUS
10
2.070877401574803
20
0.9556173228346456
11
2.0707230314960627
21
0.9564926377952756
0
LINE
8
BLACK
6
CONTINUOUS
10
2.0707230314960627
20
0.9564926377952756
11
2.0704930708661418
21
0.9573510236220473
0
LINE
8
BLACK
6
CONTINUOUS
10
2.0704930708661418
20
0.9573510236220473
11
2.0705501181102361
21
0.9574733464566929
0
LINE
8
BLACK
6
CONTINUOUS
10
2.0705501181102361
20
0.9574733464566929
11
2.0705266535433071
21
0.9576064566929133
0
LINE
8
BLACK
6
CONTINUOUS
10
2.0705266535433071
20
0.9576064566929133
11
2.0709711417322834
21
0.9583763385826771
0
LINE
8
BLACK
6
CONTINUOUS
10
2.0709711417322834
20
0.9583763385826771
11
2.0713466535433072
21
0.9591816141732283
0
LINE
8
BLACK
6
CONTINUOUS
10
2.0713466535433072
20
0.9591816141732283
11
2.0933509055118109
21
0.981185905511811
0
LINE
8
BLACK
6
CONTINUOUS
10
2.0933509055118109
20
0.981185905511811
11
2.0948537401574803
21
0.9856943307086614
0
LINE
8
BLACK
6
CONTINUOUS
10
2.0948537401574803
20
0.9856943307086614
11
2.0948537401574803
21
0.9882676771653544
0
LINE
8
BLACK
6
CONTINUOUS
10
2.0948537401574803
20
0.9882676771653544
11
2.0935049999999999
21
0.9909651574803149
0
LINE
8
BLACK
6
CONTINUOUS
10
2.0935049999999999
20
0.9909651574803149
11
2.0923078740157481
21
0.9921622834645669
0
LINE
8
BLACK
6
CONTINUOUS
10
2.0923078740157481
20
0.9921622834645669
11
2.0896103937007875
21
0.9935110236220472
0
LINE
8
BLACK
6
CONTINUOUS
10
2.0896103937007875
20
0.9935110236220472
11
2.0816306692913384
21
0.9935110236220472
0
LINE
8
BLACK
6
CONTINUOUS
10
2.0816306692913384
20
0.9935110236220472
11
2.0789331889763778
21
0.9921622834645669
0
LINE
8
BLACK
6
CONTINUOUS
10
2.0789331889763778
20
0.9921622834645669
11
2.0773972440944881
21
0.9906263385826771
0
LINE
8
BLACK
6
CONTINUOUS
10
2.0773972440944881
20
0.9906263385826771
11
2.0765572047244092
21
0.9900381496062992
0
LINE
8
BLACK
6
CONTINUOUS
10
2.0765572047244092
20
0.9900381496062992
11
2.0745451181102363
21
0.9898620866141732
0
LINE
8
BLACK
6
CONTINUOUS
10
2.0745451181102363
20
0.9898620866141732
11
2.0728905511811022
21
0.9910206299212598
0
LINE
8
BLACK
6
CONTINUOUS
10
2.0728905511811022
20
0.9910206299212598
11
2.0723678346456693
21
0.9929715748031496
0
LINE
8
BLACK
6
CONTINUOUS
10
2.0723678346456693
20
0.9929715748031496
11
2.0732214173228347
21
0.9948021653543306
0
LINE
8
BLACK
6
CONTINUOUS
10
2.0732214173228347
20
0.9948021653543306
11
2.0750961811023623
21
0.9966769291338582
0
LINE
8
BLACK
6
CONTINUOUS
10
2.0750961811023623
20
0.9966769291338582
11
2.0758192519685039
21
0.9971831889763779
0
LINE
8
BLACK
6
CONTINUOUS
10
2.0758192519685039
20
0.9971831889763779
11
2.0758635826771652
21
0.9972300393700787
0
LINE
8
BLACK
6
CONTINUOUS
10
2.0758635826771652
20
0.9972300393700787
11
2.0758916929133857
21
0.997244094488189
0
LINE
8
BLACK
6
CONTINUOUS
10
2.0758916929133857
20
0.997244094488189
11
2.0668151181102363
21
0.997244094488189
0
LINE
8
BLACK
6
CONTINUOUS
10
2.0668151181102363
20
0.997244094488189
11
2.0668619291338581
21
0.9955300393700787
0
LINE
8
BLACK
6
CONTINUOUS
10
2.0668619291338581
20
0.9955300393700787
11
2.0537385826771652
21
0.9561599606299213
0
LINE
8
BLACK
6
CONTINUOUS
10
2.0537385826771652
20
0.9561599606299213
11
2.0532502755905511
21
0.9552581889763779
0
LINE
8
BLACK
6
CONTINUOUS
10
2.0532502755905511
20
0.9552581889763779
11
2.0531778346456693
21
0.9552136614173228
0
LINE
8
BLACK
6
CONTINUOUS
10
2.0531778346456693
20
0.9552136614173228
11
2.0531466141732282
21
0.9551346456692913
0
LINE
8
BLACK
6
CONTINUOUS
10
2.0531466141732282
20
0.9551346456692913
11
2.052325118110236
21
0.9546898031496063
0
LINE
8
BLACK
6
CONTINUOUS
10
2.052325118110236
20
0.9546898031496063
11
2.0515293307086613
21
0.954200905511811
0
LINE
8
BLACK
6
CONTINUOUS
10
2.0515293307086613
20
0.954200905511811
11
2.0514452362204723
21
0.9542133464566929
0
LINE
8
BLACK
6
CONTINUOUS
10
2.0514452362204723
20
0.9542133464566929
11
2.0513704724409449
21
0.954172874015748
0
LINE
8
BLACK
6
CONTINUOUS
10
2.0513704724409449
20
0.954172874015748
11
2.0504553543307087
21
0.9543601181102362
0
LINE
8
BLACK
6
CONTINUOUS
10
2.0504553543307087
20
0.9543601181102362
11
2.049531338582677
21
0.9544971653543307
0
LINE
8
BLACK
6
CONTINUOUS
10
2.049531338582677
20
0.9544971653543307
11
2.0494748818897639
21
0.9545607874015748
0
LINE
8
BLACK
6
CONTINUOUS
10
2.0494748818897639
20
0.9545607874015748
11
2.0493916929133857
21
0.9545778346456693
0
LINE
8
BLACK
6
CONTINUOUS
10
2.0493916929133857
20
0.9545778346456693
11
2.0488113385826772
21
0.9553090944881889
0
LINE
8
BLACK
6
CONTINUOUS
10
2.0488113385826772
20
0.9553090944881889
11
2.0481912992125983
21
0.9560083858267716
0
LINE
8
BLACK
6
CONTINUOUS
10
2.0481912992125983
20
0.9560083858267716
11
2.0481889763779528
21
0.9560933464566929
0
LINE
8
BLACK
6
CONTINUOUS
10
2.0481889763779528
20
0.9560933464566929
11
2.0481361417322832
21
0.9561599606299213
0
LINE
8
BLACK
6
CONTINUOUS
10
2.0481361417322832
20
0.9561599606299213
11
2.0350127952755903
21
0.9955300393700787
0
LINE
8
BLACK
6
CONTINUOUS
10
2.0350127952755903
20
0.9955300393700787
11
2.0348623622047244
21
0.9965444488188976
0
LINE
8
BLACK
6
CONTINUOUS
10
2.0348623622047244
20
0.9965444488188976
11
2.0351388976377951
21
0.997244094488189
0
LINE
8
BLACK
6
CONTINUOUS
10
2.0351388976377951
20
0.997244094488189
11
2.0241082677165352
21
0.997244094488189
0
LINE
8
BLACK
6
CONTINUOUS
10
2.0241082677165352
20
0.997244094488189
11
2.0241363779527557
21
0.9972300393700787
0
LINE
8
BLACK
6
CONTINUOUS
10
2.0241363779527557
20
0.9972300393700787
11
2.0248454330708663
21
0.996704094488189
0
LINE
8
BLACK
6
CONTINUOUS
10
2.0248454330708663
20
0.996704094488189
11
2.0249037795275591
21
0.9966769291338582
0
LINE
8
BLACK
6
CONTINUOUS
10
2.0249037795275591
20
0.9966769291338582
11
2.0267785433070866
21
0.9948021653543306
0
LINE
8
BLACK
6
CONTINUOUS
10
2.0267785433070866
20
0.9948021653543306
11
2.0272848031496062
21
0.9940790551181102
0
LINE
8
BLACK
6
CONTINUOUS
10
2.0272848031496062
20
0.9940790551181102
11
2.0273316535433072
21
0.9940347637795275
0
LINE
8
BLACK
6
CONTINUOUS
10
2.0273316535433072
20
0.9940347637795275
11
2.0292064173228348
21
0.9902852362204724
0
LINE
8
BLACK
6
CONTINUOUS
10
2.0292064173228348
20
0.9902852362204724
11
2.0294987795275592
21
0.9893023228346457
0
LINE
8
BLACK
6
CONTINUOUS
10
2.0294987795275592
20
0.9893023228346457
11
2.0294577559055118
21
0.9891305905511811
0
LINE
8
BLACK
6
CONTINUOUS
10
2.0294577559055118
20
0.9891305905511811
11
2.0295181496062993
21
0.9889647244094488
0
LINE
8
BLACK
6
CONTINUOUS
10
2.0295181496062993
20
0.9889647244094488
11
2.0295181496062993
21
0.9833404330708662
0
LINE
8
BLACK
6
CONTINUOUS
10
2.0295181496062993
20
0.9833404330708662
11
2.0293400787401574
21
0.9823305118110236
0
LINE
8
BLACK
6
CONTINUOUS
10
2.0293400787401574
20
0.9823305118110236
11
2.0292265748031495
21
0.9821952362204724
0
LINE
8
BLACK
6
CONTINUOUS
10
2.0292265748031495
20
0.9821952362204724
11
2.0292064173228348
21
0.9820199212598425
0
LINE
8
BLACK
6
CONTINUOUS
10
2.0292064173228348
20
0.9820199212598425
11
2.0273316535433072
21
0.9782703937007874
0
LINE
8
BLACK
6
CONTINUOUS
10
2.0273316535433072
20
0.9782703937007874
11
2.0268057480314958
21
0.9775612992125984
0
LINE
8
BLACK
6
CONTINUOUS
10
2.0268057480314958
20
0.9775612992125984
11
2.0267785433070866
21
0.9775029921259842
0
LINE
8
BLACK
6
CONTINUOUS
10
2.0267785433070866
20
0.9775029921259842
11
2.0249037795275591
21
0.9756282283464567
0
LINE
8
BLACK
6
CONTINUOUS
10
2.0249037795275591
20
0.9756282283464567
11
2.0241806692913387
21
0.9751219291338582
0
LINE
8
BLACK
6
CONTINUOUS
10
2.0241806692913387
20
0.9751219291338582
11
2.0241363779527557
21
0.9750751181102362
0
LINE
8
BLACK
6
CONTINUOUS
10
2.0241363779527557
20
0.9750751181102362
11
2.0203868503937006
21
0.9732003543307086
0
LINE
8
BLACK
6
CONTINUOUS
10
2.0203868503937006
20
0.9732003543307086
11
2.0194038976377953
21
0.9729079921259842
0
LINE
8
BLACK
6
CONTINUOUS
10
2.0194038976377953
20
0.9729079921259842
11
2.0192322047244096
21
0.9729489763779527
0
LINE
8
BLACK
6
CONTINUOUS
10
2.0192322047244096
20
0.9729489763779527
11
2.0191037007874013
21
0.9729022047244095
0
LINE
8
BLACK
6
CONTINUOUS
10
2.0191037007874013
20
0.9729022047244095
11
2.0289844094488187
21
0.958786968503937
0
LINE
8
BLACK
6
CONTINUOUS
10
2.0289844094488187
20
0.958786968503937
11
2.0294176771653545
21
0.9578575196850393
0
LINE
8
BLACK
6
CONTINUOUS
10
2.0294176771653545
20
0.9578575196850393
11
2.0292413385826773
21
0.9558454330708661
0
LINE
8
BLACK
6
CONTINUOUS
10
2.0292413385826773
20
0.9558454330708661
11
2.0278129133858269
21
0.9544174015748031
0
LINE
8
BLACK
6
CONTINUOUS
10
2.0278129133858269
20
0.9544174015748031
11
2.0258007874015749
21
0.954241653543307
0
LINE
8
BLACK
6
CONTINUOUS
10
2.0258007874015749
20
0.954241653543307
11
2.0241464173228345
21
0.9554003937007873
0
LINE
8
BLACK
6
CONTINUOUS
10
2.0241464173228345
20
0.9554003937007873
11
2.01190468503937
21
0.972888622047244
0
LINE
8
BLACK
6
CONTINUOUS
10
2.01190468503937
20
0.972888622047244
11
2.0070209842519686
21
0.972888622047244
0
LINE
8
BLACK
6
CONTINUOUS
10
2.0070209842519686
20
0.972888622047244
11
2.0070209842519686
21
0.9570937007874015
0
LINE
8
BLACK
6
CONTINUOUS
10
2.0070209842519686
20
0.9570937007874015
11
2.0068429133858268
21
0.9560837795275591
0
LINE
8
BLACK
6
CONTINUOUS
10
2.0068429133858268
20
0.9560837795275591
11
2.0055446062992126
21
0.9545365354330708
0
LINE
8
BLACK
6
CONTINUOUS
10
2.0055446062992126
20
0.9545365354330708
11
2.003555472440945
21
0.9541857874015748
0
LINE
8
BLACK
6
CONTINUOUS
10
2.003555472440945
20
0.9541857874015748
11
2.0018062992125985
21
0.9551957086614173
0
LINE
8
BLACK
6
CONTINUOUS
10
2.0018062992125985
20
0.9551957086614173
11
2.001115472440945
21
0.9570937007874015
0
LINE
8
BLACK
6
CONTINUOUS
10
2.001115472440945
20
0.9570937007874015
11
2.001115472440945
21
0.996463779527559
0
LINE
8
BLACK
6
CONTINUOUS
10
2.001115472440945
20
0.996463779527559
11
2.0011830708661416
21
0.9968472834645669
0
LINE
8
BLACK
6
CONTINUOUS
10
2.0011830708661416
20
0.9968472834645669
11
2.0011603149606301
21
0.9969765354330709
0
LINE
8
BLACK
6
CONTINUOUS
10
2.0011603149606301
20
0.9969765354330709
11
2.0012259055118111
21
0.9970901181102362
0
LINE
8
BLACK
6
CONTINUOUS
10
2.0012259055118111
20
0.9970901181102362
11
2.0012530708661416
21
0.997244094488189
0
LINE
8
BLACK
6
CONTINUOUS
10
2.0012530708661416
20
0.997244094488189
11
1.9850393700787401
21
0.997244094488189
0
LINE
8
BLACK
6
CONTINUOUS
10
1.9850393700787401
20
0.997244094488189
11
1.9850393700787401
21
0.8023622047244094
0
LINE
8
BLACK
6
CONTINUOUS
10
1.9850393700787401
20
0.8023622047244094
11
2.36496062992126
21
0.8023622047244094
0
LINE
8
BLACK
6
CONTINUOUS
10
2.36496062992126
20
0.8023622047244094
11
2.36496062992126
21
0.997244094488189
0
LINE
8
BLACK
6
CONTINUOUS
10
2.36496062992126
20
0.997244094488189
11
2.0953493700787402
21
0.997244094488189
0
LINE
8
BLACK
6
CONTINUOUS
10
2.0406663779527561
20
0.997244094488189
11
2.0509373622047242
21
0.9664311023622048
0
LINE
8
BLACK
6
CONTINUOUS
10
2.0509373622047242
20
0.9664311023622048
11
2.0612083464566928
21
0.997244094488189
0
LINE
8
BLACK
6
CONTINUOUS
10
2.0612083464566928
20
0.997244094488189
11
2.0406663779527561
21
0.997244094488189
0
LINE
8
BLACK
6
CONTINUOUS
10
2.0070209842519686
20
0.9787941338582677
11
2.0183692913385824
21
0.9787941338582677
0
LINE
8
BLACK
6
CONTINUOUS
10
2.0183692913385824
20
0.9787941338582677
11
2.0210667716535431
21
0.980142874015748
0
LINE
8
BLACK
6
CONTINUOUS
10
2.0210667716535431
20
0.980142874015748
11
2.0222638976377953
21
0.98134
0
LINE
8
BLACK
6
CONTINUOUS
10
2.0222638976377953
20
0.98134
11
2.0236126377952757
21
0.9840374803149606
0
LINE
8
BLACK
6
CONTINUOUS
10
2.0236126377952757
20
0.9840374803149606
11
2.0236126377952757
21
0.9882676771653544
0
LINE
8
BLACK
6
CONTINUOUS
10
2.0236126377952757
20
0.9882676771653544
11
2.0222638976377953
21
0.9909651574803149
0
LINE
8
BLACK
6
CONTINUOUS
10
2.0222638976377953
20
0.9909651574803149
11
2.0210667716535431
21
0.9921622834645669
0
LINE
8
BLACK
6
CONTINUOUS
10
2.0210667716535431
20
0.9921622834645669
11
2.0183692913385824
21
0.9935110236220472
0
LINE
8
BLACK
6
CONTINUOUS
10
2.0183692913385824
20
0.9935110236220472
11
2.0070209842519686
21
0.9935110236220472
0
LINE
8
BLACK
6
CONTINUOUS
10
2.0070209842519686
20
0.9935110236220472
11
2.0070209842519686
21
0.9787941338582677
0
LINE
8
BLACK
6
CONTINUOUS
10
1.729351062992126
20
0.8605418503937008
11
1.7296993307086614
21
0.8605224015748031
0
LINE
8
BLACK
6
CONTINUOUS
10
1.7296993307086614
20
0.8605224015748031
11
1.7690694094488189
21
0.8436495275590551
0
LINE
8
BLACK
6
CONTINUOUS
10
1.7690694094488189
20
0.8436495275590551
11
1.7699275196850393
21
0.8430880314960629
0
LINE
8
BLACK
6
CONTINUOUS
10
1.7699275196850393
20
0.8430880314960629
11
1.7708382283464565
21
0.8412851968503937
0
LINE
8
BLACK
6
CONTINUOUS
10
1.7708382283464565
20
0.8412851968503937
11
1.7703770472440945
21
0.8393187401574803
0
LINE
8
BLACK
6
CONTINUOUS
10
1.7703770472440945
20
0.8393187401574803
11
1.7687597637795276
21
0.8381088188976378
0
LINE
8
BLACK
6
CONTINUOUS
10
1.7687597637795276
20
0.8381088188976378
11
1.7667431102362203
21
0.8382214960629921
0
LINE
8
BLACK
6
CONTINUOUS
10
1.7667431102362203
20
0.8382214960629921
11
1.7314889370078739
21
0.8533303937007873
0
LINE
8
BLACK
6
CONTINUOUS
10
1.7314889370078739
20
0.8533303937007873
11
1.7314889370078739
21
0.8315616929133858
0
LINE
8
BLACK
6
CONTINUOUS
10
1.7314889370078739
20
0.8315616929133858
11
1.7313108661417322
21
0.8305517716535433
0
LINE
8
BLACK
6
CONTINUOUS
10
1.7313108661417322
20
0.8305517716535433
11
1.7300125590551181
21
0.8290045275590551
0
LINE
8
BLACK
6
CONTINUOUS
10
1.7300125590551181
20
0.8290045275590551
11
1.7280234251968503
21
0.828653779527559
0
LINE
8
BLACK
6
CONTINUOUS
10
1.7280234251968503
20
0.828653779527559
11
1.7262742519685039
21
0.8296637007874016
0
LINE
8
BLACK
6
CONTINUOUS
10
1.7262742519685039
20
0.8296637007874016
11
1.7255834251968503
21
0.8315616929133858
0
LINE
8
BLACK
6
CONTINUOUS
10
1.7255834251968503
20
0.8315616929133858
11
1.7255834251968503
21
0.8578083858267717
0
LINE
8
BLACK
6
CONTINUOUS
10
1.7255834251968503
20
0.8578083858267717
11
1.7257614960629921
21
0.8588183070866141
0
LINE
8
BLACK
6
CONTINUOUS
10
1.7257614960629921
20
0.8588183070866141
11
1.7259856692913385
21
0.8590854724409449
0
LINE
8
BLACK
6
CONTINUOUS
10
1.7259856692913385
20
0.8590854724409449
11
1.7260653543307085
21
0.8594251574803149
0
LINE
8
BLACK
6
CONTINUOUS
10
1.7260653543307085
20
0.8594251574803149
11
1.726616968503937
21
0.8598378346456693
0
LINE
8
BLACK
6
CONTINUOUS
10
1.726616968503937
20
0.8598378346456693
11
1.7270598031496063
21
0.8603655511811024
0
LINE
8
BLACK
6
CONTINUOUS
10
1.7270598031496063
20
0.8603655511811024
11
1.7274033464566929
21
0.8604261023622047
0
LINE
8
BLACK
6
CONTINUOUS
10
1.7274033464566929
20
0.8604261023622047
11
1.7276826771653544
21
0.8606350787401574
0
LINE
8
BLACK
6
CONTINUOUS
10
1.7276826771653544
20
0.8606350787401574
11
1.7283703937007873
21
0.8605966141732283
0
LINE
8
BLACK
6
CONTINUOUS
10
1.7283703937007873
20
0.8605966141732283
11
1.7290489370078739
21
0.8607162992125984
0
LINE
8
BLACK
6
CONTINUOUS
10
1.7290489370078739
20
0.8607162992125984
11
1.729351062992126
21
0.8605418503937008
0
LINE
8
BLACK
6
CONTINUOUS
10
1.6639199212598426
20
0.8587083070866142
11
1.6640551574803149
21
0.8585948031496062
0
LINE
8
BLACK
6
CONTINUOUS
10
1.6640551574803149
20
0.8585948031496062
11
1.6642305118110237
21
0.8585746456692913
0
LINE
8
BLACK
6
CONTINUOUS
10
1.6642305118110237
20
0.8585746456692913
11
1.6679800393700788
21
0.8566998818897638
0
LINE
8
BLACK
6
CONTINUOUS
10
1.6679800393700788
20
0.8566998818897638
11
1.6686890944881889
21
0.856173937007874
0
LINE
8
BLACK
6
CONTINUOUS
10
1.6686890944881889
20
0.856173937007874
11
1.6687474409448819
21
0.8561467716535432
0
LINE
8
BLACK
6
CONTINUOUS
10
1.6687474409448819
20
0.8561467716535432
11
1.6704090551181101
21
0.8544851574803149
0
LINE
8
BLACK
6
CONTINUOUS
10
1.6704090551181101
20
0.8544851574803149
11
1.6720706692913385
21
0.8561467716535432
0
LINE
8
BLACK
6
CONTINUOUS
10
1.6720706692913385
20
0.8561467716535432
11
1.6727937401574802
21
0.856653031496063
0
LINE
8
BLACK
6
CONTINUOUS
10
1.6727937401574802
20
0.856653031496063
11
1.6728380708661417
21
0.8566998818897638
0
LINE
8
BLACK
6
CONTINUOUS
10
1.6728380708661417
20
0.8566998818897638
11
1.6765875984251968
21
0.8585746456692913
0
LINE
8
BLACK
6
CONTINUOUS
10
1.6765875984251968
20
0.8585746456692913
11
1.6775705118110236
21
0.8588670078740157
0
LINE
8
BLACK
6
CONTINUOUS
10
1.6775705118110236
20
0.8588670078740157
11
1.6777422047244095
21
0.8588259842519684
0
LINE
8
BLACK
6
CONTINUOUS
10
1.6777422047244095
20
0.8588259842519684
11
1.6779081102362203
21
0.8588863779527559
0
LINE
8
BLACK
6
CONTINUOUS
10
1.6779081102362203
20
0.8588863779527559
11
1.6854071653543308
21
0.8588863779527559
0
LINE
8
BLACK
6
CONTINUOUS
10
1.6854071653543308
20
0.8588863779527559
11
1.6864170866141732
21
0.8587083070866142
0
LINE
8
BLACK
6
CONTINUOUS
10
1.6864170866141732
20
0.8587083070866142
11
1.6865523228346457
21
0.8585948031496062
0
LINE
8
BLACK
6
CONTINUOUS
10
1.6865523228346457
20
0.8585948031496062
11
1.6867276771653543
21
0.8585746456692913
0
LINE
8
BLACK
6
CONTINUOUS
10
1.6867276771653543
20
0.8585746456692913
11
1.6904772047244094
21
0.8566998818897638
0
LINE
8
BLACK
6
CONTINUOUS
10
1.6904772047244094
20
0.8566998818897638
11
1.6911861811023621
21
0.8561740157480314
0
LINE
8
BLACK
6
CONTINUOUS
10
1.6911861811023621
20
0.8561740157480314
11
1.6912445669291338
21
0.856146811023622
0
LINE
8
BLACK
6
CONTINUOUS
10
1.6912445669291338
20
0.856146811023622
11
1.6931193700787401
21
0.8542720472440944
0
LINE
8
BLACK
6
CONTINUOUS
10
1.6931193700787401
20
0.8542720472440944
11
1.693625748031496
21
0.8535488582677165
0
LINE
8
BLACK
6
CONTINUOUS
10
1.693625748031496
20
0.8535488582677165
11
1.6936725196850393
21
0.8535046062992125
0
LINE
8
BLACK
6
CONTINUOUS
10
1.6936725196850393
20
0.8535046062992125
11
1.6955472834645668
21
0.8497550787401574
0
LINE
8
BLACK
6
CONTINUOUS
10
1.6955472834645668
20
0.8497550787401574
11
1.6958396456692912
21
0.8487721653543306
0
LINE
8
BLACK
6
CONTINUOUS
10
1.6958396456692912
20
0.8487721653543306
11
1.6957986220472441
21
0.8486004330708661
0
LINE
8
BLACK
6
CONTINUOUS
10
1.6957986220472441
20
0.8486004330708661
11
1.6958590157480316
21
0.8484345669291339
0
LINE
8
BLACK
6
CONTINUOUS
10
1.6958590157480316
20
0.8484345669291339
11
1.6958590157480316
21
0.8409355118110236
0
LINE
8
BLACK
6
CONTINUOUS
10
1.6958590157480316
20
0.8409355118110236
11
1.6956809448818897
21
0.8399255905511811
0
LINE
8
BLACK
6
CONTINUOUS
10
1.6956809448818897
20
0.8399255905511811
11
1.6955674409448818
21
0.8397903149606299
0
LINE
8
BLACK
6
CONTINUOUS
10
1.6955674409448818
20
0.8397903149606299
11
1.6955472834645668
21
0.839615
0
LINE
8
BLACK
6
CONTINUOUS
10
1.6955472834645668
20
0.839615
11
1.6936725196850393
21
0.8358654724409449
0
LINE
8
BLACK
6
CONTINUOUS
10
1.6936725196850393
20
0.8358654724409449
11
1.6931465354330708
21
0.8351563385826771
0
LINE
8
BLACK
6
CONTINUOUS
10
1.6931465354330708
20
0.8351563385826771
11
1.6931193700787401
21
0.835098031496063
0
LINE
8
BLACK
6
CONTINUOUS
10
1.6931193700787401
20
0.835098031496063
11
1.6912445669291338
21
0.8332232677165354
0
LINE
8
BLACK
6
CONTINUOUS
10
1.6912445669291338
20
0.8332232677165354
11
1.6905214960629922
21
0.8327169685039369
0
LINE
8
BLACK
6
CONTINUOUS
10
1.6905214960629922
20
0.8327169685039369
11
1.6904772047244094
21
0.8326701968503937
0
LINE
8
BLACK
6
CONTINUOUS
10
1.6904772047244094
20
0.8326701968503937
11
1.6867276771653543
21
0.8307954330708661
0
LINE
8
BLACK
6
CONTINUOUS
10
1.6867276771653543
20
0.8307954330708661
11
1.6857447244094488
21
0.8305030708661417
0
LINE
8
BLACK
6
CONTINUOUS
10
1.6857447244094488
20
0.8305030708661417
11
1.6855730314960629
21
0.8305440551181102
0
LINE
8
BLACK
6
CONTINUOUS
10
1.6855730314960629
20
0.8305440551181102
11
1.6854071653543308
21
0.8304837007874015
0
LINE
8
BLACK
6
CONTINUOUS
10
1.6854071653543308
20
0.8304837007874015
11
1.6779081102362203
21
0.8304837007874015
0
LINE
8
BLACK
6
CONTINUOUS
10
1.6779081102362203
20
0.8304837007874015
11
1.6768981889763779
21
0.8306617716535433
0
LINE
8
BLACK
6
CONTINUOUS
10
1.6768981889763779
20
0.8306617716535433
11
1.6767629133858268
21
0.8307752362204724
0
LINE
8
BLACK
6
CONTINUOUS
10
1.6767629133858268
20
0.8307752362204724
11
1.6765875984251968
21
0.8307954330708661
0
LINE
8
BLACK
6
CONTINUOUS
10
1.6765875984251968
20
0.8307954330708661
11
1.6728380708661417
21
0.8326701968503937
0
LINE
8
BLACK
6
CONTINUOUS
10
1.6728380708661417
20
0.8326701968503937
11
1.6721289763779528
21
0.833196062992126
0
LINE
8
BLACK
6
CONTINUOUS
10
1.6721289763779528
20
0.833196062992126
11
1.6720706692913385
21
0.8332233070866142
0
LINE
8
BLACK
6
CONTINUOUS
10
1.6720706692913385
20
0.8332233070866142
11
1.6704090551181101
21
0.8348849212598425
0
LINE
8
BLACK
6
CONTINUOUS
10
1.6704090551181101
20
0.8348849212598425
11
1.6687474409448819
21
0.8332233070866142
0
LINE
8
BLACK
6
CONTINUOUS
10
1.6687474409448819
20
0.8332233070866142
11
1.6680243307086613
21
0.8327170078740157
0
LINE
8
BLACK
6
CONTINUOUS
10
1.6680243307086613
20
0.8327170078740157
11
1.6679800393700788
21
0.8326701968503937
0
LINE
8
BLACK
6
CONTINUOUS
10
1.6679800393700788
20
0.8326701968503937
11
1.6642305118110237
21
0.8307954330708661
0
LINE
8
BLACK
6
CONTINUOUS
10
1.6642305118110237
20
0.8307954330708661
11
1.6632475590551181
21
0.8305030708661417
0
LINE
8
BLACK
6
CONTINUOUS
10
1.6632475590551181
20
0.8305030708661417
11
1.6630758661417322
21
0.8305440551181102
0
LINE
8
BLACK
6
CONTINUOUS
10
1.6630758661417322
20
0.8305440551181102
11
1.6629099999999999
21
0.8304837007874015
0
LINE
8
BLACK
6
CONTINUOUS
10
1.6629099999999999
20
0.8304837007874015
11
1.6610352362204723
21
0.8304837007874015
0
LINE
8
BLACK
6
CONTINUOUS
10
1.6610352362204723
20
0.8304837007874015
11
1.6600253149606299
21
0.8306617716535433
0
LINE
8
BLACK
6
CONTINUOUS
10
1.6600253149606299
20
0.8306617716535433
11
1.6598900393700786
21
0.8307752362204724
0
LINE
8
BLACK
6
CONTINUOUS
10
1.6598900393700786
20
0.8307752362204724
11
1.6597147244094488
21
0.8307954330708661
0
LINE
8
BLACK
6
CONTINUOUS
10
1.6597147244094488
20
0.8307954330708661
11
1.6559651968503937
21
0.8326701968503937
0
LINE
8
BLACK
6
CONTINUOUS
10
1.6559651968503937
20
0.8326701968503937
11
1.6552561023622048
21
0.833196062992126
0
LINE
8
BLACK
6
CONTINUOUS
10
1.6552561023622048
20
0.833196062992126
11
1.6551977952755905
21
0.8332233070866142
0
LINE
8
BLACK
6
CONTINUOUS
10
1.6551977952755905
20
0.8332233070866142
11
1.653323031496063
21
0.8350980708661417
0
LINE
8
BLACK
6
CONTINUOUS
10
1.653323031496063
20
0.8350980708661417
11
1.6528167322834646
21
0.8358211417322834
0
LINE
8
BLACK
6
CONTINUOUS
10
1.6528167322834646
20
0.8358211417322834
11
1.6527699212598426
21
0.8358654724409449
0
LINE
8
BLACK
6
CONTINUOUS
10
1.6527699212598426
20
0.8358654724409449
11
1.650895157480315
21
0.839615
0
LINE
8
BLACK
6
CONTINUOUS
10
1.650895157480315
20
0.839615
11
1.6506027952755906
21
0.8405979527559055
0
LINE
8
BLACK
6
CONTINUOUS
10
1.6506027952755906
20
0.8405979527559055
11
1.650643779527559
21
0.8407696062992126
0
LINE
8
BLACK
6
CONTINUOUS
10
1.650643779527559
20
0.8407696062992126
11
1.6505834251968503
21
0.8409355118110236
0
LINE
8
BLACK
6
CONTINUOUS
10
1.6505834251968503
20
0.8409355118110236
11
1.6505834251968503
21
0.8484345669291339
0
LINE
8
BLACK
6
CONTINUOUS
10
1.6505834251968503
20
0.8484345669291339
11
1.6507614960629922
21
0.8494444881889763
0
LINE
8
BLACK
6
CONTINUOUS
10
1.6507614960629922
20
0.8494444881889763
11
1.6508749606299211
21
0.8495797244094488
0
LINE
8
BLACK
6
CONTINUOUS
10
1.6508749606299211
20
0.8495797244094488
11
1.650895157480315
21
0.8497550787401574
0
LINE
8
BLACK
6
CONTINUOUS
10
1.650895157480315
20
0.8497550787401574
11
1.6527699212598426
21
0.8535046062992125
0
LINE
8
BLACK
6
CONTINUOUS
10
1.6527699212598426
20
0.8535046062992125
11
1.6532958267716535
21
0.8542136614173228
0
LINE
8
BLACK
6
CONTINUOUS
10
1.6532958267716535
20
0.8542136614173228
11
1.653323031496063
21
0.8542720078740157
0
LINE
8
BLACK
6
CONTINUOUS
10
1.653323031496063
20
0.8542720078740157
11
1.6551977952755905
21
0.8561467716535432
0
LINE
8
BLACK
6
CONTINUOUS
10
1.6551977952755905
20
0.8561467716535432
11
1.6559208661417322
21
0.856653031496063
0
LINE
8
BLACK
6
CONTINUOUS
10
1.6559208661417322
20
0.856653031496063
11
1.6559651968503937
21
0.8566998818897638
0
LINE
8
BLACK
6
CONTINUOUS
10
1.6559651968503937
20
0.8566998818897638
11
1.6597147244094488
21
0.8585746456692913
0
LINE
8
BLACK
6
CONTINUOUS
10
1.6597147244094488
20
0.8585746456692913
11
1.6606976377952756
21
0.8588670078740157
0
LINE
8
BLACK
6
CONTINUOUS
10
1.6606976377952756
20
0.8588670078740157
11
1.6608693307086613
21
0.8588259842519684
0
LINE
8
BLACK
6
CONTINUOUS
10
1.6608693307086613
20
0.8588259842519684
11
1.6610352362204723
21
0.8588863779527559
0
LINE
8
BLACK
6
CONTINUOUS
10
1.6610352362204723
20
0.8588863779527559
11
1.6629099999999999
21
0.8588863779527559
0
LINE
8
BLACK
6
CONTINUOUS
10
1.6629099999999999
20
0.8588863779527559
11
1.6639199212598426
21
0.8587083070866142
0
LINE
8
BLACK
6
CONTINUOUS
10
1.6590348031496063
20
0.851632125984252
11
1.6578376771653542
21
0.8504349999999999
0
LINE
8
BLACK
6
CONTINUOUS
10
1.6578376771653542
20
0.8504349999999999
11
1.6564889370078739
21
0.8477375196850393
0
LINE
8
BLACK
6
CONTINUOUS
10
1.6564889370078739
20
0.8477375196850393
11
1.6564889370078739
21
0.8416325590551181
0
LINE
8
BLACK
6
CONTINUOUS
10
1.6564889370078739
20
0.8416325590551181
11
1.6578376771653542
21
0.8389350787401575
0
LINE
8
BLACK
6
CONTINUOUS
10
1.6578376771653542
20
0.8389350787401575
11
1.6590348031496063
21
0.8377379527559055
0
LINE
8
BLACK
6
CONTINUOUS
10
1.6590348031496063
20
0.8377379527559055
11
1.6617322834645669
21
0.8363892125984251
0
LINE
8
BLACK
6
CONTINUOUS
10
1.6617322834645669
20
0.8363892125984251
11
1.6622129527559055
21
0.8363892125984251
0
LINE
8
BLACK
6
CONTINUOUS
10
1.6622129527559055
20
0.8363892125984251
11
1.6649104330708662
21
0.8377379527559055
0
LINE
8
BLACK
6
CONTINUOUS
10
1.6649104330708662
20
0.8377379527559055
11
1.666107559055118
21
0.8389350787401575
0
LINE
8
BLACK
6
CONTINUOUS
10
1.666107559055118
20
0.8389350787401575
11
1.6674562992125983
21
0.8416325590551181
0
LINE
8
BLACK
6
CONTINUOUS
10
1.6674562992125983
20
0.8416325590551181
11
1.6674562992125983
21
0.8477375196850393
0
LINE
8
BLACK
6
CONTINUOUS
10
1.6674562992125983
20
0.8477375196850393
11
1.666107559055118
21
0.8504349999999999
0
LINE
8
BLACK
6
CONTINUOUS
10
1.666107559055118
20
0.8504349999999999
11
1.6649104330708662
21
0.851632125984252
0
LINE
8
BLACK
6
CONTINUOUS
10
1.6649104330708662
20
0.851632125984252
11
1.6622129527559055
21
0.8529808661417323
0
LINE
8
BLACK
6
CONTINUOUS
10
1.6622129527559055
20
0.8529808661417323
11
1.6617322834645669
21
0.8529808661417323
0
LINE
8
BLACK
6
CONTINUOUS
10
1.6617322834645669
20
0.8529808661417323
11
1.6590348031496063
21
0.851632125984252
0
LINE
8
BLACK
6
CONTINUOUS
10
1.6759076771653543
20
0.851632125984252
11
1.6747105511811022
21
0.8504349999999999
0
LINE
8
BLACK
6
CONTINUOUS
10
1.6747105511811022
20
0.8504349999999999
11
1.6733618110236219
21
0.8477375196850393
0
LINE
8
BLACK
6
CONTINUOUS
10
1.6733618110236219
20
0.8477375196850393
11
1.6733618110236219
21
0.8416325590551181
0
LINE
8
BLACK
6
CONTINUOUS
10
1.6733618110236219
20
0.8416325590551181
11
1.6747105511811022
21
0.8389350787401575
0
LINE
8
BLACK
6
CONTINUOUS
10
1.6747105511811022
20
0.8389350787401575
11
1.6759076771653543
21
0.8377379527559055
0
LINE
8
BLACK
6
CONTINUOUS
10
1.6759076771653543
20
0.8377379527559055
11
1.6786051574803149
21
0.8363892125984251
0
LINE
8
BLACK
6
CONTINUOUS
10
1.6786051574803149
20
0.8363892125984251
11
1.6847101181102362
21
0.8363892125984251
0
LINE
8
BLACK
6
CONTINUOUS
10
1.6847101181102362
20
0.8363892125984251
11
1.6874075984251968
21
0.8377379527559055
0
LINE
8
BLACK
6
CONTINUOUS
10
1.6874075984251968
20
0.8377379527559055
11
1.6886047637795276
21
0.8389350787401575
0
LINE
8
BLACK
6
CONTINUOUS
10
1.6886047637795276
20
0.8389350787401575
11
1.6899535039370079
21
0.8416325590551181
0
LINE
8
BLACK
6
CONTINUOUS
10
1.6899535039370079
20
0.8416325590551181
11
1.6899535039370079
21
0.8477375196850393
0
LINE
8
BLACK
6
CONTINUOUS
10
1.6899535039370079
20
0.8477375196850393
11
1.6886047637795276
21
0.8504349606299212
0
LINE
8
BLACK
6
CONTINUOUS
10
1.6886047637795276
20
0.8504349606299212
11
1.6874075984251968
21
0.8516320866141732
0
LINE
8
BLACK
6
CONTINUOUS
10
1.6874075984251968
20
0.8516320866141732
11
1.6847101181102362
21
0.8529808661417323
0
LINE
8
BLACK
6
CONTINUOUS
10
1.6847101181102362
20
0.8529808661417323
11
1.6786051574803149
21
0.8529808661417323
0
LINE
8
BLACK
6
CONTINUOUS
10
1.6786051574803149
20
0.8529808661417323
11
1.6759076771653543
21
0.851632125984252
0
LINE
8
BLACK
6
CONTINUOUS
10
1.5335296456692913
20
0.9124635826771653
11
1.5356912204724409
21
0.9103020078740157
0
LINE
8
BLACK
6
CONTINUOUS
10
1.5356912204724409
20
0.9103020078740157
11
1.5364824015748031
21
0.9073492519685039
0
LINE
8
BLACK
6
CONTINUOUS
10
1.5364824015748031
20
0.9073492519685039
11
1.5364824015748031
21
0.859542716535433
0
LINE
8
BLACK
6
CONTINUOUS
10
1.5364824015748031
20
0.859542716535433
11
1.5361310236220471
21
0.8582314566929133
0
LINE
8
BLACK
6
CONTINUOUS
10
1.5361310236220471
20
0.8582314566929133
11
1.5358589370078739
21
0.8569017322834646
0
LINE
8
BLACK
6
CONTINUOUS
10
1.5358589370078739
20
0.8569017322834646
11
1.5330468110236219
21
0.8512774015748031
0
LINE
8
BLACK
6
CONTINUOUS
10
1.5330468110236219
20
0.8512774015748031
11
1.5324159448818897
21
0.8505659842519685
0
LINE
8
BLACK
6
CONTINUOUS
10
1.5324159448818897
20
0.8505659842519685
11
1.5319405511811024
21
0.8497425590551181
0
LINE
8
BLACK
6
CONTINUOUS
10
1.5319405511811024
20
0.8497425590551181
11
1.5291283858267717
21
0.8469304330708661
0
LINE
8
BLACK
6
CONTINUOUS
10
1.5291283858267717
20
0.8469304330708661
11
1.5283049606299213
21
0.8464550393700787
0
LINE
8
BLACK
6
CONTINUOUS
10
1.5283049606299213
20
0.8464550393700787
11
1.5275936220472441
21
0.845824251968504
0
LINE
8
BLACK
6
CONTINUOUS
10
1.5275936220472441
20
0.845824251968504
11
1.5219693307086615
21
0.8430120866141733
0
LINE
8
BLACK
6
CONTINUOUS
10
1.5219693307086615
20
0.8430120866141733
11
1.5206393700787402
21
0.8427399212598425
0
LINE
8
BLACK
6
CONTINUOUS
10
1.5206393700787402
20
0.8427399212598425
11
1.5193283070866141
21
0.8423886220472441
0
LINE
8
BLACK
6
CONTINUOUS
10
1.5193283070866141
20
0.8423886220472441
11
1.5080797244094488
21
0.8423886220472441
0
LINE
8
BLACK
6
CONTINUOUS
10
1.5080797244094488
20
0.8423886220472441
11
1.5067686614173228
21
0.8427398818897638
0
LINE
8
BLACK
6
CONTINUOUS
10
1.5067686614173228
20
0.8427398818897638
11
1.5054386614173227
21
0.8430120866141733
0
LINE
8
BLACK
6
CONTINUOUS
10
1.5054386614173227
20
0.8430120866141733
11
1.4998144094488188
21
0.845824251968504
0
LINE
8
BLACK
6
CONTINUOUS
10
1.4998144094488188
20
0.845824251968504
11
1.4991030314960629
21
0.8464550393700787
0
LINE
8
BLACK
6
CONTINUOUS
10
1.4991030314960629
20
0.8464550393700787
11
1.4982796456692913
21
0.8469304330708661
0
LINE
8
BLACK
6
CONTINUOUS
10
1.4982796456692913
20
0.8469304330708661
11
1.4954674803149606
21
0.8497425590551181
0
LINE
8
BLACK
6
CONTINUOUS
10
1.4954674803149606
20
0.8497425590551181
11
1.4949920078740158
21
0.8505660236220473
0
LINE
8
BLACK
6
CONTINUOUS
10
1.4949920078740158
20
0.8505660236220473
11
1.494361220472441
21
0.8512774015748031
0
LINE
8
BLACK
6
CONTINUOUS
10
1.494361220472441
20
0.8512774015748031
11
1.4915490551181103
21
0.8569016929133858
0
LINE
8
BLACK
6
CONTINUOUS
10
1.4915490551181103
20
0.8569016929133858
11
1.4912768897637796
21
0.8582316141732284
0
LINE
8
BLACK
6
CONTINUOUS
10
1.4912768897637796
20
0.8582316141732284
11
1.4909255905511811
21
0.859542716535433
0
LINE
8
BLACK
6
CONTINUOUS
10
1.4909255905511811
20
0.859542716535433
11
1.4909255905511811
21
0.9073492519685039
0
LINE
8
BLACK
6
CONTINUOUS
10
1.4909255905511811
20
0.9073492519685039
11
1.4917167716535433
21
0.9103020078740157
0
LINE
8
BLACK
6
CONTINUOUS
10
1.4917167716535433
20
0.9103020078740157
11
1.4938783464566929
21
0.9124635826771653
0
LINE
8
BLACK
6
CONTINUOUS
10
1.4938783464566929
20
0.9124635826771653
11
1.4968311023622047
21
0.9132547637795275
0
LINE
8
BLACK
6
CONTINUOUS
10
1.4968311023622047
20
0.9132547637795275
11
1.4997838582677165
21
0.9124635826771653
0
LINE
8
BLACK
6
CONTINUOUS
10
1.4997838582677165
20
0.9124635826771653
11
1.5019454330708661
21
0.9103020078740157
0
LINE
8
BLACK
6
CONTINUOUS
10
1.5019454330708661
20
0.9103020078740157
11
1.5027366141732283
21
0.9073492519685039
0
LINE
8
BLACK
6
CONTINUOUS
10
1.5027366141732283
20
0.9073492519685039
11
1.5027366141732283
21
0.8609368110236221
0
LINE
8
BLACK
6
CONTINUOUS
10
1.5027366141732283
20
0.8609368110236221
11
1.5044967322834646
21
0.8574165748031496
0
LINE
8
BLACK
6
CONTINUOUS
10
1.5044967322834646
20
0.8574165748031496
11
1.5059535826771653
21
0.8559597637795275
0
LINE
8
BLACK
6
CONTINUOUS
10
1.5059535826771653
20
0.8559597637795275
11
1.5094738188976378
21
0.8541996456692913
0
LINE
8
BLACK
6
CONTINUOUS
10
1.5094738188976378
20
0.8541996456692913
11
1.5179342125984252
21
0.8541996456692913
0
LINE
8
BLACK
6
CONTINUOUS
10
1.5179342125984252
20
0.8541996456692913
11
1.5214544488188977
21
0.8559597637795275
0
LINE
8
BLACK
6
CONTINUOUS
10
1.5214544488188977
20
0.8559597637795275
11
1.5229112992125984
21
0.8574166141732283
0
LINE
8
BLACK
6
CONTINUOUS
10
1.5229112992125984
20
0.8574166141732283
11
1.5246713779527559
21
0.8609367716535433
0
LINE
8
BLACK
6
CONTINUOUS
10
1.5246713779527559
20
0.8609367716535433
11
1.5246713779527559
21
0.9073492519685039
0
LINE
8
BLACK
6
CONTINUOUS
10
1.5246713779527559
20
0.9073492519685039
11
1.5254625590551181
21
0.9103020078740157
0
LINE
8
BLACK
6
CONTINUOUS
10
1.5254625590551181
20
0.9103020078740157
11
1.5276241338582677
21
0.9124635826771653
0
LINE
8
BLACK
6
CONTINUOUS
10
1.5276241338582677
20
0.9124635826771653
11
1.5305768897637795
21
0.9132547637795275
0
LINE
8
BLACK
6
CONTINUOUS
10
1.5305768897637795
20
0.9132547637795275
11
1.5335296456692913
21
0.9124635826771653
0
LINE
8
BLACK
6
CONTINUOUS
10
1.5729476377952756
20
0.9132042125984252
11
1.5731392125984252
21
0.9132425590551181
0
LINE
8
BLACK
6
CONTINUOUS
10
1.5731392125984252
20
0.9132425590551181
11
1.574413346456693
21
0.9128114960629921
0
LINE
8
BLACK
6
CONTINUOUS
10
1.574413346456693
20
0.9128114960629921
11
1.5757118897637794
21
0.9124635826771653
0
LINE
8
BLACK
6
CONTINUOUS
10
1.5757118897637794
20
0.9124635826771653
11
1.5758499212598425
21
0.9123255118110236
0
LINE
8
BLACK
6
CONTINUOUS
10
1.5758499212598425
20
0.9123255118110236
11
1.5760349212598426
21
0.9122629527559055
0
LINE
8
BLACK
6
CONTINUOUS
10
1.5760349212598426
20
0.9122629527559055
11
1.5769227952755904
21
0.9112526377952755
0
LINE
8
BLACK
6
CONTINUOUS
10
1.5769227952755904
20
0.9112526377952755
11
1.577873464566929
21
0.9103020078740157
0
LINE
8
BLACK
6
CONTINUOUS
10
1.577873464566929
20
0.9103020078740157
11
1.5779239763779527
21
0.9101134645669291
0
LINE
8
BLACK
6
CONTINUOUS
10
1.5779239763779527
20
0.9101134645669291
11
1.5780529133858268
21
0.9099667716535433
0
LINE
8
BLACK
6
CONTINUOUS
10
1.5780529133858268
20
0.9099667716535433
11
1.5783166535433071
21
0.908647874015748
0
LINE
8
BLACK
6
CONTINUOUS
10
1.5783166535433071
20
0.908647874015748
11
1.5786646456692912
21
0.9073492519685039
0
LINE
8
BLACK
6
CONTINUOUS
10
1.5786646456692912
20
0.9073492519685039
11
1.5786646456692912
21
0.8541996456692913
0
LINE
8
BLACK
6
CONTINUOUS
10
1.5786646456692912
20
0.8541996456692913
11
1.5896320472440943
21
0.8541996456692913
0
LINE
8
BLACK
6
CONTINUOUS
10
1.5896320472440943
20
0.8541996456692913
11
1.5925848031496062
21
0.8534084645669291
0
LINE
8
BLACK
6
CONTINUOUS
10
1.5925848031496062
20
0.8534084645669291
11
1.594746377952756
21
0.8512468897637795
0
LINE
8
BLACK
6
CONTINUOUS
10
1.594746377952756
20
0.8512468897637795
11
1.5955375590551182
21
0.8482941338582677
0
LINE
8
BLACK
6
CONTINUOUS
10
1.5955375590551182
20
0.8482941338582677
11
1.594746377952756
21
0.8453413779527559
0
LINE
8
BLACK
6
CONTINUOUS
10
1.594746377952756
20
0.8453413779527559
11
1.5925848031496062
21
0.8431798031496063
0
LINE
8
BLACK
6
CONTINUOUS
10
1.5925848031496062
20
0.8431798031496063
11
1.5896320472440943
21
0.8423886220472441
0
LINE
8
BLACK
6
CONTINUOUS
10
1.5896320472440943
20
0.8423886220472441
11
1.5727591338582676
21
0.8423886220472441
0
LINE
8
BLACK
6
CONTINUOUS
10
1.5727591338582676
20
0.8423886220472441
11
1.5558862598425196
21
0.8423886220472441
0
LINE
8
BLACK
6
CONTINUOUS
10
1.5558862598425196
20
0.8423886220472441
11
1.5529335039370078
21
0.8431798031496063
0
LINE
8
BLACK
6
CONTINUOUS
10
1.5529335039370078
20
0.8431798031496063
11
1.5507719291338582
21
0.8453413779527559
0
LINE
8
BLACK
6
CONTINUOUS
10
1.5507719291338582
20
0.8453413779527559
11
1.549980748031496
21
0.8482941338582677
0
LINE
8
BLACK
6
CONTINUOUS
10
1.549980748031496
20
0.8482941338582677
11
1.5507719291338582
21
0.8512468897637795
0
LINE
8
BLACK
6
CONTINUOUS
10
1.5507719291338582
20
0.8512468897637795
11
1.5529335039370078
21
0.8534084645669291
0
LINE
8
BLACK
6
CONTINUOUS
10
1.5529335039370078
20
0.8534084645669291
11
1.5558862598425196
21
0.8541996456692913
0
LINE
8
BLACK
6
CONTINUOUS
10
1.5558862598425196
20
0.8541996456692913
11
1.566853622047244
21
0.8541996456692913
0
LINE
8
BLACK
6
CONTINUOUS
10
1.566853622047244
20
0.8541996456692913
11
1.566853622047244
21
0.8902799212598425
0
LINE
8
BLACK
6
CONTINUOUS
10
1.566853622047244
20
0.8902799212598425
11
1.5656863779527559
21
0.8891126771653544
0
LINE
8
BLACK
6
CONTINUOUS
10
1.5656863779527559
20
0.8891126771653544
11
1.5648629527559055
21
0.8886372834645669
0
LINE
8
BLACK
6
CONTINUOUS
10
1.5648629527559055
20
0.8886372834645669
11
1.5641515748031496
21
0.8880064566929133
0
LINE
8
BLACK
6
CONTINUOUS
10
1.5641515748031496
20
0.8880064566929133
11
1.5585272834645669
21
0.8851943307086614
0
LINE
8
BLACK
6
CONTINUOUS
10
1.5585272834645669
20
0.8851943307086614
11
1.5555324015748031
21
0.8845814566929133
0
LINE
8
BLACK
6
CONTINUOUS
10
1.5555324015748031
20
0.8845814566929133
11
1.5526323622047244
21
0.8855481496062992
0
LINE
8
BLACK
6
CONTINUOUS
10
1.5526323622047244
20
0.8855481496062992
11
1.5506042125984252
21
0.8878353543307086
0
LINE
8
BLACK
6
CONTINUOUS
10
1.5506042125984252
20
0.8878353543307086
11
1.5499913385826771
21
0.8908302362204724
0
LINE
8
BLACK
6
CONTINUOUS
10
1.5499913385826771
20
0.8908302362204724
11
1.5509580314960629
21
0.8937302755905512
0
LINE
8
BLACK
6
CONTINUOUS
10
1.5509580314960629
20
0.8937302755905512
11
1.5532452362204725
21
0.8957584251968503
0
LINE
8
BLACK
6
CONTINUOUS
10
1.5532452362204725
20
0.8957584251968503
11
1.5580123228346456
21
0.8981419291338583
0
LINE
8
BLACK
6
CONTINUOUS
10
1.5580123228346456
20
0.8981419291338583
11
1.5625454724409449
21
0.9026750787401575
0
LINE
8
BLACK
6
CONTINUOUS
10
1.5625454724409449
20
0.9026750787401575
11
1.5678454724409447
21
0.9106250393700788
0
LINE
8
BLACK
6
CONTINUOUS
10
1.5678454724409447
20
0.9106250393700788
11
1.5688554330708662
21
0.9115126377952756
0
LINE
8
BLACK
6
CONTINUOUS
10
1.5688554330708662
20
0.9115126377952756
11
1.5698063779527558
21
0.9124635826771653
0
LINE
8
BLACK
6
CONTINUOUS
10
1.5698063779527558
20
0.9124635826771653
11
1.5699949606299213
21
0.912514094488189
0
LINE
8
BLACK
6
CONTINUOUS
10
1.5699949606299213
20
0.912514094488189
11
1.570141653543307
21
0.912643031496063
0
LINE
8
BLACK
6
CONTINUOUS
10
1.570141653543307
20
0.912643031496063
11
1.5714605905511811
21
0.912906811023622
0
LINE
8
BLACK
6
CONTINUOUS
10
1.5714605905511811
20
0.912906811023622
11
1.5727591338582676
21
0.9132547637795275
0
LINE
8
BLACK
6
CONTINUOUS
10
1.5727591338582676
20
0.9132547637795275
11
1.5729476377952756
21
0.9132042125984252
0
LINE
8
BLACK
6
CONTINUOUS
10
0.372281062992126
20
0.9484028346456693
11
0.3744426377952756
21
0.9462412598425196
0
LINE
8
BLACK
6
CONTINUOUS
10
0.3744426377952756
20
0.9462412598425196
11
0.3752338188976378
21
0.9432885039370078
0
LINE
8
BLACK
6
CONTINUOUS
10
0.3752338188976378
20
0.9432885039370078
11
0.3752338188976378
21
0.9266968503937008
0
LINE
8
BLACK
6
CONTINUOUS
10
0.3752338188976378
20
0.9266968503937008
11
0.3918255118110236
21
0.9266968503937008
0
LINE
8
BLACK
6
CONTINUOUS
10
0.3918255118110236
20
0.9266968503937008
11
0.3947782677165354
21
0.9259056692913386
0
LINE
8
BLACK
6
CONTINUOUS
10
0.3947782677165354
20
0.9259056692913386
11
0.396939842519685
21
0.9237440944881889
0
LINE
8
BLACK
6
CONTINUOUS
10
0.396939842519685
20
0.9237440944881889
11
0.3977310236220472
21
0.9207913385826771
0
LINE
8
BLACK
6
CONTINUOUS
10
0.3977310236220472
20
0.9207913385826771
11
0.396939842519685
21
0.9178385826771653
0
LINE
8
BLACK
6
CONTINUOUS
10
0.396939842519685
20
0.9178385826771653
11
0.3947782677165354
21
0.9156770078740157
0
LINE
8
BLACK
6
CONTINUOUS
10
0.3947782677165354
20
0.9156770078740157
11
0.3918255118110236
21
0.9148858267716535
0
LINE
8
BLACK
6
CONTINUOUS
10
0.3918255118110236
20
0.9148858267716535
11
0.3752338188976378
21
0.9148858267716535
0
LINE
8
BLACK
6
CONTINUOUS
10
0.3752338188976378
20
0.9148858267716535
11
0.3752338188976378
21
0.8982941338582677
0
LINE
8
BLACK
6
CONTINUOUS
10
0.3752338188976378
20
0.8982941338582677
11
0.3744426377952756
21
0.8953413779527559
0
LINE
8
BLACK
6
CONTINUOUS
10
0.3744426377952756
20
0.8953413779527559
11
0.372281062992126
21
0.8931798031496063
0
LINE
8
BLACK
6
CONTINUOUS
10
0.372281062992126
20
0.8931798031496063
11
0.3693283070866142
21
0.8923886220472441
0
LINE
8
BLACK
6
CONTINUOUS
10
0.3693283070866142
20
0.8923886220472441
11
0.3663755511811024
21
0.8931798031496063
0
LINE
8
BLACK
6
CONTINUOUS
10
0.3663755511811024
20
0.8931798031496063
11
0.3642139763779528
21
0.8953413779527559
0
LINE
8
BLACK
6
CONTINUOUS
10
0.3642139763779528
20
0.8953413779527559
11
0.3634227952755905
21
0.8982941338582677
0
LINE
8
BLACK
6
CONTINUOUS
10
0.3634227952755905
20
0.8982941338582677
11
0.3634227952755905
21
0.9148858267716535
0
LINE
8
BLACK
6
CONTINUOUS
10
0.3634227952755905
20
0.9148858267716535
11
0.3468311023622047
21
0.9148858267716535
0
LINE
8
BLACK
6
CONTINUOUS
10
0.3468311023622047
20
0.9148858267716535
11
0.3438783464566929
21
0.9156770078740157
0
LINE
8
BLACK
6
CONTINUOUS
10
0.3438783464566929
20
0.9156770078740157
11
0.3417167716535433
21
0.9178385826771653
0
LINE
8
BLACK
6
CONTINUOUS
10
0.3417167716535433
20
0.9178385826771653
11
0.3409255905511811
21
0.9207913385826771
0
LINE
8
BLACK
6
CONTINUOUS
10
0.3409255905511811
20
0.9207913385826771
11
0.3417167716535433
21
0.9237440944881889
0
LINE
8
BLACK
6
CONTINUOUS
10
0.3417167716535433
20
0.9237440944881889
11
0.3438783464566929
21
0.9259056692913386
0
LINE
8
BLACK
6
CONTINUOUS
10
0.3438783464566929
20
0.9259056692913386
11
0.3468311023622047
21
0.9266968503937008
0
LINE
8
BLACK
6
CONTINUOUS
10
0.3468311023622047
20
0.9266968503937008
11
0.3634227952755905
21
0.9266968503937008
0
LINE
8
BLACK
6
CONTINUOUS
10
0.3634227952755905
20
0.9266968503937008
11
0.3634227952755905
21
0.9432885039370078
0
LINE
8
BLACK
6
CONTINUOUS
10
0.3634227952755905
20
0.9432885039370078
11
0.3642139763779528
21
0.9462412598425196
0
LINE
8
BLACK
6
CONTINUOUS
10
0.3642139763779528
20
0.9462412598425196
11
0.3663755511811024
21
0.9484028346456693
0
LINE
8
BLACK
6
CONTINUOUS
10
0.3663755511811024
20
0.9484028346456693
11
0.3693283070866142
21
0.9491940157480315
0
LINE
8
BLACK
6
CONTINUOUS
10
0.3693283070866142
20
0.9491940157480315
11
0.372281062992126
21
0.9484028346456693
0
LINE
8
BLACK
6
CONTINUOUS
10
1.7869491732283465
20
0.9742384645669291
11
1.787084409448819
21
0.9741249606299213
0
LINE
8
BLACK
6
CONTINUOUS
10
1.787084409448819
20
0.9741249606299213
11
1.7872597637795276
21
0.9741048031496062
0
LINE
8
BLACK
6
CONTINUOUS
10
1.7872597637795276
20
0.9741048031496062
11
1.7910092913385827
21
0.9722300393700787
0
LINE
8
BLACK
6
CONTINUOUS
10
1.7910092913385827
20
0.9722300393700787
11
1.7917183464566928
21
0.971704094488189
0
LINE
8
BLACK
6
CONTINUOUS
10
1.7917183464566928
20
0.971704094488189
11
1.7917766929133858
21
0.9716769291338583
0
LINE
8
BLACK
6
CONTINUOUS
10
1.7917766929133858
20
0.9716769291338583
11
1.7936514566929134
21
0.9698021653543307
0
LINE
8
BLACK
6
CONTINUOUS
10
1.7936514566929134
20
0.9698021653543307
11
1.794157716535433
21
0.9690790551181102
0
LINE
8
BLACK
6
CONTINUOUS
10
1.794157716535433
20
0.9690790551181102
11
1.7942045669291338
21
0.9690347637795276
0
LINE
8
BLACK
6
CONTINUOUS
10
1.7942045669291338
20
0.9690347637795276
11
1.7960793307086613
21
0.9652852362204725
0
LINE
8
BLACK
6
CONTINUOUS
10
1.7960793307086613
20
0.9652852362204725
11
1.7963716929133857
21
0.9643023228346457
0
LINE
8
BLACK
6
CONTINUOUS
10
1.7963716929133857
20
0.9643023228346457
11
1.7963306692913386
21
0.9641305905511811
0
LINE
8
BLACK
6
CONTINUOUS
10
1.7963306692913386
20
0.9641305905511811
11
1.796391062992126
21
0.9639647244094488
0
LINE
8
BLACK
6
CONTINUOUS
10
1.796391062992126
20
0.9639647244094488
11
1.796391062992126
21
0.9583404330708661
0
LINE
8
BLACK
6
CONTINUOUS
10
1.796391062992126
20
0.9583404330708661
11
1.7962129921259842
21
0.9573305118110236
0
LINE
8
BLACK
6
CONTINUOUS
10
1.7962129921259842
20
0.9573305118110236
11
1.7960994881889762
21
0.9571952362204724
0
LINE
8
BLACK
6
CONTINUOUS
10
1.7960994881889762
20
0.9571952362204724
11
1.7960793307086613
21
0.9570199212598425
0
LINE
8
BLACK
6
CONTINUOUS
10
1.7960793307086613
20
0.9570199212598425
11
1.7942045669291338
21
0.9532703937007874
0
LINE
8
BLACK
6
CONTINUOUS
10
1.7942045669291338
20
0.9532703937007874
11
1.7936786614173228
21
0.9525612992125984
0
LINE
8
BLACK
6
CONTINUOUS
10
1.7936786614173228
20
0.9525612992125984
11
1.7936514566929134
21
0.9525029921259842
0
LINE
8
BLACK
6
CONTINUOUS
10
1.7936514566929134
20
0.9525029921259842
11
1.7917766929133858
21
0.9506282283464567
0
LINE
8
BLACK
6
CONTINUOUS
10
1.7917766929133858
20
0.9506282283464567
11
1.7910535826771654
21
0.9501219291338583
0
LINE
8
BLACK
6
CONTINUOUS
10
1.7910535826771654
20
0.9501219291338583
11
1.7910092913385827
21
0.9500751181102361
0
LINE
8
BLACK
6
CONTINUOUS
10
1.7910092913385827
20
0.9500751181102361
11
1.7872597637795276
21
0.9482003543307086
0
LINE
8
BLACK
6
CONTINUOUS
10
1.7872597637795276
20
0.9482003543307086
11
1.786276811023622
21
0.9479079921259842
0
LINE
8
BLACK
6
CONTINUOUS
10
1.786276811023622
20
0.9479079921259842
11
1.7861051181102361
21
0.9479489763779527
0
LINE
8
BLACK
6
CONTINUOUS
10
1.7861051181102361
20
0.9479489763779527
11
1.7859766141732283
21
0.9479022047244094
0
LINE
8
BLACK
6
CONTINUOUS
10
1.7859766141732283
20
0.9479022047244094
11
1.7958573228346457
21
0.9337869685039369
0
LINE
8
BLACK
6
CONTINUOUS
10
1.7958573228346457
20
0.9337869685039369
11
1.796290590551181
21
0.9328575196850394
0
LINE
8
BLACK
6
CONTINUOUS
10
1.796290590551181
20
0.9328575196850394
11
1.7961142519685038
21
0.9308454330708661
0
LINE
8
BLACK
6
CONTINUOUS
10
1.7961142519685038
20
0.9308454330708661
11
1.7946858267716534
21
0.9294174015748031
0
LINE
8
BLACK
6
CONTINUOUS
10
1.7946858267716534
20
0.9294174015748031
11
1.7926737007874016
21
0.929241653543307
0
LINE
8
BLACK
6
CONTINUOUS
10
1.7926737007874016
20
0.929241653543307
11
1.7910193307086615
21
0.9304003937007874
0
LINE
8
BLACK
6
CONTINUOUS
10
1.7910193307086615
20
0.9304003937007874
11
1.7787775984251968
21
0.9478886220472441
0
LINE
8
BLACK
6
CONTINUOUS
10
1.7787775984251968
20
0.9478886220472441
11
1.7738938976377951
21
0.9478886220472441
0
LINE
8
BLACK
6
CONTINUOUS
10
1.7738938976377951
20
0.9478886220472441
11
1.7738938976377951
21
0.9320937007874015
0
LINE
8
BLACK
6
CONTINUOUS
10
1.7738938976377951
20
0.9320937007874015
11
1.7737158267716535
21
0.9310837795275591
0
LINE
8
BLACK
6
CONTINUOUS
10
1.7737158267716535
20
0.9310837795275591
11
1.7724175196850394
21
0.9295365354330708
0
LINE
8
BLACK
6
CONTINUOUS
10
1.7724175196850394
20
0.9295365354330708
11
1.7704283858267715
21
0.9291857874015748
0
LINE
8
BLACK
6
CONTINUOUS
10
1.7704283858267715
20
0.9291857874015748
11
1.7686792125984252
21
0.9301957086614173
0
LINE
8
BLACK
6
CONTINUOUS
10
1.7686792125984252
20
0.9301957086614173
11
1.7679883858267715
21
0.9320937007874015
0
LINE
8
BLACK
6
CONTINUOUS
10
1.7679883858267715
20
0.9320937007874015
11
1.7679883858267715
21
0.971463779527559
0
LINE
8
BLACK
6
CONTINUOUS
10
1.7679883858267715
20
0.971463779527559
11
1.7680559842519685
21
0.9718472834645669
0
LINE
8
BLACK
6
CONTINUOUS
10
1.7680559842519685
20
0.9718472834645669
11
1.7680332283464566
21
0.9719765354330708
0
LINE
8
BLACK
6
CONTINUOUS
10
1.7680332283464566
20
0.9719765354330708
11
1.7680988188976376
21
0.9720901181102362
0
LINE
8
BLACK
6
CONTINUOUS
10
1.7680988188976376
20
0.9720901181102362
11
1.7681664566929134
21
0.9724737007874016
0
LINE
8
BLACK
6
CONTINUOUS
10
1.7681664566929134
20
0.9724737007874016
11
1.7686595669291338
21
0.9730613779527559
0
LINE
8
BLACK
6
CONTINUOUS
10
1.7686595669291338
20
0.9730613779527559
11
1.7690431496062993
21
0.9737257086614173
0
LINE
8
BLACK
6
CONTINUOUS
10
1.7690431496062993
20
0.9737257086614173
11
1.7692934645669292
21
0.9738168110236221
0
LINE
8
BLACK
6
CONTINUOUS
10
1.7692934645669292
20
0.9738168110236221
11
1.7694647637795275
21
0.9740209448818897
0
LINE
8
BLACK
6
CONTINUOUS
10
1.7694647637795275
20
0.9740209448818897
11
1.7702203149606299
21
0.9741541732283464
0
LINE
8
BLACK
6
CONTINUOUS
10
1.7702203149606299
20
0.9741541732283464
11
1.7709411417322833
21
0.9744165354330708
0
LINE
8
BLACK
6
CONTINUOUS
10
1.7709411417322833
20
0.9744165354330708
11
1.785939251968504
21
0.9744165354330708
0
LINE
8
BLACK
6
CONTINUOUS
10
1.785939251968504
20
0.9744165354330708
11
1.7869491732283465
21
0.9742384645669291
0
LINE
8
BLACK
6
CONTINUOUS
10
1.7738938976377951
20
0.9537941338582677
11
1.7852422047244094
21
0.9537941338582677
0
LINE
8
BLACK
6
CONTINUOUS
10
1.7852422047244094
20
0.9537941338582677
11
1.7879396850393701
21
0.955142874015748
0
LINE
8
BLACK
6
CONTINUOUS
10
1.7879396850393701
20
0.955142874015748
11
1.7891368110236221
21
0.95634
0
LINE
8
BLACK
6
CONTINUOUS
10
1.7891368110236221
20
0.95634
11
1.7904855511811024
21
0.9590374803149606
0
LINE
8
BLACK
6
CONTINUOUS
10
1.7904855511811024
20
0.9590374803149606
11
1.7904855511811024
21
0.9632676771653543
0
LINE
8
BLACK
6
CONTINUOUS
10
1.7904855511811024
20
0.9632676771653543
11
1.7891368110236221
21
0.965965157480315
0
LINE
8
BLACK
6
CONTINUOUS
10
1.7891368110236221
20
0.965965157480315
11
1.7879396850393701
21
0.9671622834645669
0
LINE
8
BLACK
6
CONTINUOUS
10
1.7879396850393701
20
0.9671622834645669
11
1.7852422047244094
21
0.9685110236220472
0
LINE
8
BLACK
6
CONTINUOUS
10
1.7852422047244094
20
0.9685110236220472
11
1.7738938976377951
21
0.9685110236220472
0
LINE
8
BLACK
6
CONTINUOUS
10
1.7738938976377951
20
0.9685110236220472
11
1.7738938976377951
21
0.9537941338582677
0
LINE
8
BLACK
6
CONTINUOUS
10
1.8192162598425197
20
0.9759351181102361
11
1.8205563385826771
21
0.9744238582677165
0
LINE
8
BLACK
6
CONTINUOUS
10
1.8205563385826771
20
0.9744238582677165
11
1.820611496062992
21
0.9724048425196851
0
LINE
8
BLACK
6
CONTINUOUS
10
1.820611496062992
20
0.9724048425196851
11
1.8125331889763778
21
0.9481698425196851
0
LINE
8
BLACK
6
CONTINUOUS
10
1.8125331889763778
20
0.9481698425196851
11
1.8242313385826772
21
0.9481698425196851
0
LINE
8
BLACK
6
CONTINUOUS
10
1.8242313385826772
20
0.9481698425196851
11
1.8242313385826772
21
0.9583404330708661
0
LINE
8
BLACK
6
CONTINUOUS
10
1.8242313385826772
20
0.9583404330708661
11
1.8244094094488188
21
0.9593503543307086
0
LINE
8
BLACK
6
CONTINUOUS
10
1.8244094094488188
20
0.9593503543307086
11
1.825707716535433
21
0.9608975984251968
0
LINE
8
BLACK
6
CONTINUOUS
10
1.825707716535433
20
0.9608975984251968
11
1.8276968503937008
21
0.9612483464566929
0
LINE
8
BLACK
6
CONTINUOUS
10
1.8276968503937008
20
0.9612483464566929
11
1.8294460236220471
21
0.9602384251968503
0
LINE
8
BLACK
6
CONTINUOUS
10
1.8294460236220471
20
0.9602384251968503
11
1.8301368503937008
21
0.9583404330708661
0
LINE
8
BLACK
6
CONTINUOUS
10
1.8301368503937008
20
0.9583404330708661
11
1.8301368503937008
21
0.9481698425196851
0
LINE
8
BLACK
6
CONTINUOUS
10
1.8301368503937008
20
0.9481698425196851
11
1.8328083858267716
21
0.9481698425196851
0
LINE
8
BLACK
6
CONTINUOUS
10
1.8328083858267716
20
0.9481698425196851
11
1.8338183070866141
21
0.9479917716535433
0
LINE
8
BLACK
6
CONTINUOUS
10
1.8338183070866141
20
0.9479917716535433
11
1.8353655511811022
21
0.9466934645669292
0
LINE
8
BLACK
6
CONTINUOUS
10
1.8353655511811022
20
0.9466934645669292
11
1.8357162992125984
21
0.9447043307086614
0
LINE
8
BLACK
6
CONTINUOUS
10
1.8357162992125984
20
0.9447043307086614
11
1.8347063779527559
21
0.9429551574803149
0
LINE
8
BLACK
6
CONTINUOUS
10
1.8347063779527559
20
0.9429551574803149
11
1.8328083858267716
21
0.9422643307086614
0
LINE
8
BLACK
6
CONTINUOUS
10
1.8328083858267716
20
0.9422643307086614
11
1.8301368503937008
21
0.9422643307086614
0
LINE
8
BLACK
6
CONTINUOUS
10
1.8301368503937008
20
0.9422643307086614
11
1.8301368503937008
21
0.9320937007874015
0
LINE
8
BLACK
6
CONTINUOUS
10
1.8301368503937008
20
0.9320937007874015
11
1.8299587795275589
21
0.9310837795275591
0
LINE
8
BLACK
6
CONTINUOUS
10
1.8299587795275589
20
0.9310837795275591
11
1.8286604724409448
21
0.9295365354330708
0
LINE
8
BLACK
6
CONTINUOUS
10
1.8286604724409448
20
0.9295365354330708
11
1.8266713385826772
21
0.9291857874015748
0
LINE
8
BLACK
6
CONTINUOUS
10
1.8266713385826772
20
0.9291857874015748
11
1.8249221653543306
21
0.9301957086614173
0
LINE
8
BLACK
6
CONTINUOUS
10
1.8249221653543306
20
0.9301957086614173
11
1.8242313385826772
21
0.9320937007874015
0
LINE
8
BLACK
6
CONTINUOUS
10
1.8242313385826772
20
0.9320937007874015
11
1.8242313385826772
21
0.9422643307086614
0
LINE
8
BLACK
6
CONTINUOUS
10
1.8242313385826772
20
0.9422643307086614
11
1.8084364566929134
21
0.9422643307086614
0
LINE
8
BLACK
6
CONTINUOUS
10
1.8084364566929134
20
0.9422643307086614
11
1.8074265354330707
21
0.9424424015748031
0
LINE
8
BLACK
6
CONTINUOUS
10
1.8074265354330707
20
0.9424424015748031
11
1.8072536614173227
21
0.9425874409448819
0
LINE
8
BLACK
6
CONTINUOUS
10
1.8072536614173227
20
0.9425874409448819
11
1.8070304330708662
21
0.9426205511811023
0
LINE
8
BLACK
6
CONTINUOUS
10
1.8070304330708662
20
0.9426205511811023
11
1.8064961023622046
21
0.9432231102362204
0
LINE
8
BLACK
6
CONTINUOUS
10
1.8064961023622046
20
0.9432231102362204
11
1.8058792913385826
21
0.9437407086614173
0
LINE
8
BLACK
6
CONTINUOUS
10
1.8058792913385826
20
0.9437407086614173
11
1.8058400787401574
21
0.9439629133858267
0
LINE
8
BLACK
6
CONTINUOUS
10
1.8058400787401574
20
0.9439629133858267
11
1.8056903937007873
21
0.9441317716535433
0
LINE
8
BLACK
6
CONTINUOUS
10
1.8056903937007873
20
0.9441317716535433
11
1.8056683858267717
21
0.944936653543307
0
LINE
8
BLACK
6
CONTINUOUS
10
1.8056683858267717
20
0.944936653543307
11
1.8055285433070867
21
0.9457298425196851
0
LINE
8
BLACK
6
CONTINUOUS
10
1.8055285433070867
20
0.9457298425196851
11
1.8056413779527558
21
0.9459252755905512
0
LINE
8
BLACK
6
CONTINUOUS
10
1.8056413779527558
20
0.9459252755905512
11
1.8056352362204724
21
0.9461508267716535
0
LINE
8
BLACK
6
CONTINUOUS
10
1.8056352362204724
20
0.9461508267716535
11
1.8150090551181102
21
0.9742723228346456
0
LINE
8
BLACK
6
CONTINUOUS
10
1.8150090551181102
20
0.9742723228346456
11
1.8154973228346456
21
0.9751740944881889
0
LINE
8
BLACK
6
CONTINUOUS
10
1.8154973228346456
20
0.9751740944881889
11
1.8172183070866141
21
0.9762313779527558
0
LINE
8
BLACK
6
CONTINUOUS
10
1.8172183070866141
20
0.9762313779527558
11
1.8192162598425197
21
0.9759351181102361
0
LINE
8
BLACK
6
CONTINUOUS
10
0.3734515354330709
20
1.0629034251968503
11
0.3747814960629921
21
1.0626312992125984
0
LINE
8
BLACK
6
CONTINUOUS
10
0.3747814960629921
20
1.0626312992125984
11
0.3804057874015748
21
1.0598191338582676
0
LINE
8
BLACK
6
CONTINUOUS
10
0.3804057874015748
20
1.0598191338582676
11
0.3826929921259842
21
1.0577909448818898
0
LINE
8
BLACK
6
CONTINUOUS
10
0.3826929921259842
20
1.0577909448818898
11
0.3836596850393701
21
1.054890905511811
0
LINE
8
BLACK
6
CONTINUOUS
10
0.3836596850393701
20
1.054890905511811
11
0.383046811023622
21
1.0518960629921259
0
LINE
8
BLACK
6
CONTINUOUS
10
0.383046811023622
20
1.0518960629921259
11
0.3810186220472441
21
1.0496088582677165
0
LINE
8
BLACK
6
CONTINUOUS
10
0.3810186220472441
20
1.0496088582677165
11
0.3781185826771654
21
1.0486421653543307
0
LINE
8
BLACK
6
CONTINUOUS
10
0.3781185826771654
20
1.0486421653543307
11
0.3751237007874016
21
1.0492550393700788
0
LINE
8
BLACK
6
CONTINUOUS
10
0.3751237007874016
20
1.0492550393700788
11
0.3707463779527559
21
1.0514437401574803
0
LINE
8
BLACK
6
CONTINUOUS
10
0.3707463779527559
20
1.0514437401574803
11
0.3646624015748031
21
1.0514437401574803
0
LINE
8
BLACK
6
CONTINUOUS
10
0.3646624015748031
20
1.0514437401574803
11
0.3584575984251969
21
1.0493754724409448
0
LINE
8
BLACK
6
CONTINUOUS
10
0.3584575984251969
20
1.0493754724409448
11
0.3544967322834646
21
1.0454146062992127
0
LINE
8
BLACK
6
CONTINUOUS
10
0.3544967322834646
20
1.0454146062992127
11
0.3524029921259842
21
1.0412272047244093
0
LINE
8
BLACK
6
CONTINUOUS
10
0.3524029921259842
20
1.0412272047244093
11
0.3499244881889764
21
1.0313129921259843
0
LINE
8
BLACK
6
CONTINUOUS
10
0.3499244881889764
20
1.0313129921259843
11
0.3499244881889764
21
1.0243303543307087
0
LINE
8
BLACK
6
CONTINUOUS
10
0.3499244881889764
20
1.0243303543307087
11
0.3524029921259842
21
1.0144161417322834
0
LINE
8
BLACK
6
CONTINUOUS
10
0.3524029921259842
20
1.0144161417322834
11
0.3544967322834646
21
1.0102287401574803
0
LINE
8
BLACK
6
CONTINUOUS
10
0.3544967322834646
20
1.0102287401574803
11
0.3584575984251969
21
1.006267874015748
0
LINE
8
BLACK
6
CONTINUOUS
10
0.3584575984251969
20
1.006267874015748
11
0.3646624015748031
21
1.0041996456692912
0
LINE
8
BLACK
6
CONTINUOUS
10
0.3646624015748031
20
1.0041996456692912
11
0.3683700393700787
21
1.0041996456692912
0
LINE
8
BLACK
6
CONTINUOUS
10
0.3683700393700787
20
1.0041996456692912
11
0.3745746850393701
21
1.006267874015748
0
LINE
8
BLACK
6
CONTINUOUS
10
0.3745746850393701
20
1.006267874015748
11
0.3746713779527559
21
1.0063645669291339
0
LINE
8
BLACK
6
CONTINUOUS
10
0.3746713779527559
20
1.0063645669291339
11
0.3746713779527559
21
1.0176979527559056
0
LINE
8
BLACK
6
CONTINUOUS
10
0.3746713779527559
20
1.0176979527559056
11
0.3693283070866142
21
1.0176979527559056
0
LINE
8
BLACK
6
CONTINUOUS
10
0.3693283070866142
20
1.0176979527559056
11
0.3663755511811024
21
1.0184891338582678
0
LINE
8
BLACK
6
CONTINUOUS
10
0.3663755511811024
20
1.0184891338582678
11
0.3642139763779528
21
1.0206507086614174
0
LINE
8
BLACK
6
CONTINUOUS
10
0.3642139763779528
20
1.0206507086614174
11
0.3634227952755905
21
1.0236034645669292
0
LINE
8
BLACK
6
CONTINUOUS
10
0.3634227952755905
20
1.0236034645669292
11
0.3642139763779528
21
1.026556220472441
0
LINE
8
BLACK
6
CONTINUOUS
10
0.3642139763779528
20
1.026556220472441
11
0.3663755511811024
21
1.0287177952755906
0
LINE
8
BLACK
6
CONTINUOUS
10
0.3663755511811024
20
1.0287177952755906
11
0.3693283070866142
21
1.0295089763779528
0
LINE
8
BLACK
6
CONTINUOUS
10
0.3693283070866142
20
1.0295089763779528
11
0.3805768897637795
21
1.0295089763779528
0
LINE
8
BLACK
6
CONTINUOUS
10
0.3805768897637795
20
1.0295089763779528
11
0.3835296456692913
21
1.0287177952755906
0
LINE
8
BLACK
6
CONTINUOUS
10
0.3835296456692913
20
1.0287177952755906
11
0.3856912204724409
21
1.026556220472441
0
LINE
8
BLACK
6
CONTINUOUS
10
0.3856912204724409
20
1.026556220472441
11
0.3864824015748031
21
1.0236034645669292
0
LINE
8
BLACK
6
CONTINUOUS
10
0.3864824015748031
20
1.0236034645669292
11
0.3864824015748031
21
1.0039184251968503
0
LINE
8
BLACK
6
CONTINUOUS
10
0.3864824015748031
20
1.0039184251968503
11
0.3862811811023622
21
1.0031674409448819
0
LINE
8
BLACK
6
CONTINUOUS
10
0.3862811811023622
20
1.0031674409448819
11
0.3862811811023622
21
1.0023899606299211
0
LINE
8
BLACK
6
CONTINUOUS
10
0.3862811811023622
20
1.0023899606299211
11
0.3858924409448819
21
1.0017166141732283
0
LINE
8
BLACK
6
CONTINUOUS
10
0.3858924409448819
20
1.0017166141732283
11
0.3856912204724409
21
1.0009656692913385
0
LINE
8
BLACK
6
CONTINUOUS
10
0.3856912204724409
20
1.0009656692913385
11
0.3851414173228346
21
1.0004158661417322
0
LINE
8
BLACK
6
CONTINUOUS
10
0.3851414173228346
20
1.0004158661417322
11
0.3847527165354331
21
0.9997425984251969
0
LINE
8
BLACK
6
CONTINUOUS
10
0.3847527165354331
20
0.9997425984251969
11
0.3819405905511811
21
0.9969304724409449
0
LINE
8
BLACK
6
CONTINUOUS
10
0.3819405905511811
20
0.9969304724409449
11
0.3807651181102362
21
0.996251811023622
0
LINE
8
BLACK
6
CONTINUOUS
10
0.3807651181102362
20
0.996251811023622
11
0.3796322440944882
21
0.9955038188976377
0
LINE
8
BLACK
6
CONTINUOUS
10
0.3796322440944882
20
0.9955038188976377
11
0.3711957874015748
21
0.9926916929133858
0
LINE
8
BLACK
6
CONTINUOUS
10
0.3711957874015748
20
0.9926916929133858
11
0.3702467322834646
21
0.99263468503937
0
LINE
8
BLACK
6
CONTINUOUS
10
0.3702467322834646
20
0.99263468503937
11
0.3693283070866142
21
0.9923886220472441
0
LINE
8
BLACK
6
CONTINUOUS
10
0.3693283070866142
20
0.9923886220472441
11
0.3637040157480315
21
0.9923886220472441
0
LINE
8
BLACK
6
CONTINUOUS
10
0.3637040157480315
20
0.9923886220472441
11
0.3627855511811023
21
0.99263468503937
0
LINE
8
BLACK
6
CONTINUOUS
10
0.3627855511811023
20
0.99263468503937
11
0.3618364960629921
21
0.9926916929133858
0
LINE
8
BLACK
6
CONTINUOUS
10
0.3618364960629921
20
0.9926916929133858
11
0.3534000787401575
21
0.9955038582677165
0
LINE
8
BLACK
6
CONTINUOUS
10
0.3534000787401575
20
0.9955038582677165
11
0.3522672834645669
21
0.9962517322834645
0
LINE
8
BLACK
6
CONTINUOUS
10
0.3522672834645669
20
0.9962517322834645
11
0.3510917322834646
21
0.9969304724409449
0
LINE
8
BLACK
6
CONTINUOUS
10
0.3510917322834646
20
0.9969304724409449
11
0.3454674409448819
21
1.0025547637795276
0
LINE
8
BLACK
6
CONTINUOUS
10
0.3454674409448819
20
1.0025547637795276
11
0.3449920078740157
21
1.003378188976378
0
LINE
8
BLACK
6
CONTINUOUS
10
0.3449920078740157
20
1.003378188976378
11
0.3443612204724409
21
1.0040895669291339
0
LINE
8
BLACK
6
CONTINUOUS
10
0.3443612204724409
20
1.0040895669291339
11
0.3415490551181102
21
1.0097138582677165
0
LINE
8
BLACK
6
CONTINUOUS
10
0.3415490551181102
20
1.0097138582677165
11
0.3414183070866142
21
1.0103525984251969
0
LINE
8
BLACK
6
CONTINUOUS
10
0.3414183070866142
20
1.0103525984251969
11
0.3411019291338583
21
1.0109225984251968
0
LINE
8
BLACK
6
CONTINUOUS
10
0.3411019291338583
20
1.0109225984251968
11
0.3382898031496063
21
1.0221711811023622
0
LINE
8
BLACK
6
CONTINUOUS
10
0.3382898031496063
20
1.0221711811023622
11
0.3383020472440945
21
1.0228996062992126
0
LINE
8
BLACK
6
CONTINUOUS
10
0.3383020472440945
20
1.0228996062992126
11
0.3381134645669291
21
1.0236034645669292
0
LINE
8
BLACK
6
CONTINUOUS
10
0.3381134645669291
20
1.0236034645669292
11
0.3381134645669291
21
1.0320399212598426
0
LINE
8
BLACK
6
CONTINUOUS
10
0.3381134645669291
20
1.0320399212598426
11
0.3383020472440945
21
1.0327437401574804
0
LINE
8
BLACK
6
CONTINUOUS
10
0.3383020472440945
20
1.0327437401574804
11
0.3382898031496063
21
1.0334722047244094
0
LINE
8
BLACK
6
CONTINUOUS
10
0.3382898031496063
20
1.0334722047244094
11
0.3411019291338583
21
1.0447207874015747
0
LINE
8
BLACK
6
CONTINUOUS
10
0.3411019291338583
20
1.0447207874015747
11
0.3414183070866142
21
1.0452907480314961
0
LINE
8
BLACK
6
CONTINUOUS
10
0.3414183070866142
20
1.0452907480314961
11
0.3415490551181102
21
1.045929527559055
0
LINE
8
BLACK
6
CONTINUOUS
10
0.3415490551181102
20
1.045929527559055
11
0.3443612204724409
21
1.0515538188976379
0
LINE
8
BLACK
6
CONTINUOUS
10
0.3443612204724409
20
1.0515538188976379
11
0.3449920078740157
21
1.052265157480315
0
LINE
8
BLACK
6
CONTINUOUS
10
0.3449920078740157
20
1.052265157480315
11
0.3454674409448819
21
1.053088622047244
0
LINE
8
BLACK
6
CONTINUOUS
10
0.3454674409448819
20
1.053088622047244
11
0.3510917322834646
21
1.0587129133858268
0
LINE
8
BLACK
6
CONTINUOUS
10
0.3510917322834646
20
1.0587129133858268
11
0.3522672834645669
21
1.0593916141732282
0
LINE
8
BLACK
6
CONTINUOUS
10
0.3522672834645669
20
1.0593916141732282
11
0.3534000787401575
21
1.0601395275590551
0
LINE
8
BLACK
6
CONTINUOUS
10
0.3534000787401575
20
1.0601395275590551
11
0.3618364960629921
21
1.0629516929133858
0
LINE
8
BLACK
6
CONTINUOUS
10
0.3618364960629921
20
1.0629516929133858
11
0.3627855511811023
21
1.0630086614173229
0
LINE
8
BLACK
6
CONTINUOUS
10
0.3627855511811023
20
1.0630086614173229
11
0.3637040157480315
21
1.0632547637795275
0
LINE
8
BLACK
6
CONTINUOUS
10
0.3637040157480315
20
1.0632547637795275
11
0.3721404724409449
21
1.0632547637795275
0
LINE
8
BLACK
6
CONTINUOUS
10
0.3721404724409449
20
1.0632547637795275
11
0.3734515354330709
21
1.0629034251968503
0
LINE
8
BLACK
6
CONTINUOUS
10
0.4425847637795275
20
1.0624635826771653
11
0.4447463385826771
21
1.0603020078740157
0
LINE
8
BLACK
6
CONTINUOUS
10
0.4447463385826771
20
1.0603020078740157
11
0.4455375196850394
21
1.0573492519685039
0
LINE
8
BLACK
6
CONTINUOUS
10
0.4455375196850394
20
1.0573492519685039
11
0.4455375196850394
21
0.9982941338582677
0
LINE
8
BLACK
6
CONTINUOUS
10
0.4455375196850394
20
0.9982941338582677
11
0.4455339763779527
21
0.9982810236220472
0
LINE
8
BLACK
6
CONTINUOUS
10
0.4455339763779527
20
0.9982810236220472
11
0.4455374803149606
21
0.9982678346456693
0
LINE
8
BLACK
6
CONTINUOUS
10
0.4455374803149606
20
0.9982678346456693
11
0.4451376771653543
21
0.9968020078740157
0
LINE
8
BLACK
6
CONTINUOUS
10
0.4451376771653543
20
0.9968020078740157
11
0.4447463385826771
21
0.9953413779527559
0
LINE
8
BLACK
6
CONTINUOUS
10
0.4447463385826771
20
0.9953413779527559
11
0.4447367322834646
21
0.9953317716535433
0
LINE
8
BLACK
6
CONTINUOUS
10
0.4447367322834646
20
0.9953317716535433
11
0.4447331496062992
21
0.9953186220472441
0
LINE
8
BLACK
6
CONTINUOUS
10
0.4447331496062992
20
0.9953186220472441
11
0.4436542125984252
21
0.9942492519685039
0
LINE
8
BLACK
6
CONTINUOUS
10
0.4436542125984252
20
0.9942492519685039
11
0.4425847637795275
21
0.9931798031496063
0
LINE
8
BLACK
6
CONTINUOUS
10
0.4425847637795275
20
0.9931798031496063
11
0.4425716141732283
21
0.9931762598425197
0
LINE
8
BLACK
6
CONTINUOUS
10
0.4425716141732283
20
0.9931762598425197
11
0.442561968503937
21
0.9931666929133858
0
LINE
8
BLACK
6
CONTINUOUS
10
0.442561968503937
20
0.9931666929133858
11
0.4410925984251968
21
0.9927799606299212
0
LINE
8
BLACK
6
CONTINUOUS
10
0.4410925984251968
20
0.9927799606299212
11
0.4396320078740157
21
0.9923886220472441
0
LINE
8
BLACK
6
CONTINUOUS
10
0.4396320078740157
20
0.9923886220472441
11
0.4396188976377953
21
0.992392125984252
0
LINE
8
BLACK
6
CONTINUOUS
10
0.4396188976377953
20
0.992392125984252
11
0.4396057086614173
21
0.9923886614173228
0
LINE
8
BLACK
6
CONTINUOUS
10
0.4396057086614173
20
0.9923886614173228
11
0.4381398818897638
21
0.9927884251968504
0
LINE
8
BLACK
6
CONTINUOUS
10
0.4381398818897638
20
0.9927884251968504
11
0.4366792519685039
21
0.9931798031496063
0
LINE
8
BLACK
6
CONTINUOUS
10
0.4366792519685039
20
0.9931798031496063
11
0.4366696456692913
21
0.9931893700787401
0
LINE
8
BLACK
6
CONTINUOUS
10
0.4366696456692913
20
0.9931893700787401
11
0.4366564960629921
21
0.9931929921259842
0
LINE
8
BLACK
6
CONTINUOUS
10
0.4366564960629921
20
0.9931929921259842
11
0.4355893307086614
21
0.9942696850393701
0
LINE
8
BLACK
6
CONTINUOUS
10
0.4355893307086614
20
0.9942696850393701
11
0.4345176771653543
21
0.9953413779527559
0
LINE
8
BLACK
6
CONTINUOUS
10
0.4345176771653543
20
0.9953413779527559
11
0.4345141338582677
21
0.9953545275590551
0
LINE
8
BLACK
6
CONTINUOUS
10
0.4345141338582677
20
0.9953545275590551
11
0.4345046062992126
21
0.9953641732283465
0
LINE
8
BLACK
6
CONTINUOUS
10
0.4345046062992126
20
0.9953641732283465
11
0.4117917322834646
21
1.0351116929133859
0
LINE
8
BLACK
6
CONTINUOUS
10
0.4117917322834646
20
1.0351116929133859
11
0.4117917322834646
21
0.9982941338582677
0
LINE
8
BLACK
6
CONTINUOUS
10
0.4117917322834646
20
0.9982941338582677
11
0.4110005511811023
21
0.9953413779527559
0
LINE
8
BLACK
6
CONTINUOUS
10
0.4110005511811023
20
0.9953413779527559
11
0.4088389763779527
21
0.9931798031496063
0
LINE
8
BLACK
6
CONTINUOUS
10
0.4088389763779527
20
0.9931798031496063
11
0.4058862204724409
21
0.9923886220472441
0
LINE
8
BLACK
6
CONTINUOUS
10
0.4058862204724409
20
0.9923886220472441
11
0.4029334645669291
21
0.9931798031496063
0
LINE
8
BLACK
6
CONTINUOUS
10
0.4029334645669291
20
0.9931798031496063
11
0.4007718897637795
21
0.9953413779527559
0
LINE
8
BLACK
6
CONTINUOUS
10
0.4007718897637795
20
0.9953413779527559
11
0.3999807086614173
21
0.9982941338582677
0
LINE
8
BLACK
6
CONTINUOUS
10
0.3999807086614173
20
0.9982941338582677
11
0.3999807086614173
21
1.0573492519685039
0
LINE
8
BLACK
6
CONTINUOUS
10
0.3999807086614173
20
1.0573492519685039
11
0.3999842125984252
21
1.0573623228346456
0
LINE
8
BLACK
6
CONTINUOUS
10
0.3999842125984252
20
1.0573623228346456
11
0.3999807480314961
21
1.0573755511811023
0
LINE
8
BLACK
6
CONTINUOUS
10
0.3999807480314961
20
1.0573755511811023
11
0.4003805118110236
21
1.0588413385826771
0
LINE
8
BLACK
6
CONTINUOUS
10
0.4003805118110236
20
1.0588413385826771
11
0.4007718897637795
21
1.0603020078740157
0
LINE
8
BLACK
6
CONTINUOUS
10
0.4007718897637795
20
1.0603020078740157
11
0.4007814566929134
21
1.0603115748031495
0
LINE
8
BLACK
6
CONTINUOUS
10
0.4007814566929134
20
1.0603115748031495
11
0.4007850787401575
21
1.0603247637795274
0
LINE
8
BLACK
6
CONTINUOUS
10
0.4007850787401575
20
1.0603247637795274
11
0.4018617716535433
21
1.0613918897637795
0
LINE
8
BLACK
6
CONTINUOUS
10
0.4018617716535433
20
1.0613918897637795
11
0.4029334645669291
21
1.0624635826771653
0
LINE
8
BLACK
6
CONTINUOUS
10
0.4029334645669291
20
1.0624635826771653
11
0.4029466141732284
21
1.0624670866141732
0
LINE
8
BLACK
6
CONTINUOUS
10
0.4029466141732284
20
1.0624670866141732
11
0.4029562598425196
21
1.062476653543307
0
LINE
8
BLACK
6
CONTINUOUS
10
0.4029562598425196
20
1.062476653543307
11
0.4044214173228347
21
1.0628622440944882
0
LINE
8
BLACK
6
CONTINUOUS
10
0.4044214173228347
20
1.0628622440944882
11
0.4058862204724409
21
1.0632547637795275
0
LINE
8
BLACK
6
CONTINUOUS
10
0.4058862204724409
20
1.0632547637795275
11
0.4058992913385827
21
1.0632512204724409
0
LINE
8
BLACK
6
CONTINUOUS
10
0.4058992913385827
20
1.0632512204724409
11
0.4059125196850394
21
1.0632547244094488
0
LINE
8
BLACK
6
CONTINUOUS
10
0.4059125196850394
20
1.0632547244094488
11
0.4073783070866142
21
1.0628549212598426
0
LINE
8
BLACK
6
CONTINUOUS
10
0.4073783070866142
20
1.0628549212598426
11
0.4088389763779527
21
1.0624635826771653
0
LINE
8
BLACK
6
CONTINUOUS
10
0.4088389763779527
20
1.0624635826771653
11
0.4088485433070866
21
1.0624539763779528
0
LINE
8
BLACK
6
CONTINUOUS
10
0.4088485433070866
20
1.0624539763779528
11
0.4088617322834646
21
1.0624503937007874
0
LINE
8
BLACK
6
CONTINUOUS
10
0.4088617322834646
20
1.0624503937007874
11
0.4099288582677165
21
1.0613736614173228
0
LINE
8
BLACK
6
CONTINUOUS
10
0.4099288582677165
20
1.0613736614173228
11
0.4110005511811023
21
1.0603020078740157
0
LINE
8
BLACK
6
CONTINUOUS
10
0.4110005511811023
20
1.0603020078740157
11
0.4110040551181102
21
1.0602888188976378
0
LINE
8
BLACK
6
CONTINUOUS
10
0.4110040551181102
20
1.0602888188976378
11
0.4110136220472441
21
1.0602792125984253
0
LINE
8
BLACK
6
CONTINUOUS
10
0.4110136220472441
20
1.0602792125984253
11
0.4337264960629921
21
1.0205317322834646
0
LINE
8
BLACK
6
CONTINUOUS
10
0.4337264960629921
20
1.0205317322834646
11
0.4337264960629921
21
1.0573492519685039
0
LINE
8
BLACK
6
CONTINUOUS
10
0.4337264960629921
20
1.0573492519685039
11
0.4345176771653543
21
1.0603020078740157
0
LINE
8
BLACK
6
CONTINUOUS
10
0.4345176771653543
20
1.0603020078740157
11
0.4366792519685039
21
1.0624635826771653
0
LINE
8
BLACK
6
CONTINUOUS
10
0.4366792519685039
20
1.0624635826771653
11
0.4396320078740157
21
1.0632547637795275
0
LINE
8
BLACK
6
CONTINUOUS
10
0.4396320078740157
20
1.0632547637795275
11
0.4425847637795275
21
1.0624635826771653
0
LINE
8
BLACK
6
CONTINUOUS
10
0.4827326771653543
20
1.0630086614173229
11
0.4836817322834646
21
1.0629516929133858
0
LINE
8
BLACK
6
CONTINUOUS
10
0.4836817322834646
20
1.0629516929133858
11
0.4921181889763779
21
1.0601395669291338
0
LINE
8
BLACK
6
CONTINUOUS
10
0.4921181889763779
20
1.0601395669291338
11
0.493251062992126
21
1.0593915354330707
0
LINE
8
BLACK
6
CONTINUOUS
10
0.493251062992126
20
1.0593915354330707
11
0.4944265354330709
21
1.0587129133858268
0
LINE
8
BLACK
6
CONTINUOUS
10
0.4944265354330709
20
1.0587129133858268
11
0.5000508267716536
21
1.053088622047244
0
LINE
8
BLACK
6
CONTINUOUS
10
0.5000508267716536
20
1.053088622047244
11
0.5005262204724409
21
1.052265157480315
0
LINE
8
BLACK
6
CONTINUOUS
10
0.5005262204724409
20
1.052265157480315
11
0.5011570472440945
21
1.0515538188976379
0
LINE
8
BLACK
6
CONTINUOUS
10
0.5011570472440945
20
1.0515538188976379
11
0.5039692125984252
21
1.0459295669291337
0
LINE
8
BLACK
6
CONTINUOUS
10
0.5039692125984252
20
1.0459295669291337
11
0.5040999212598425
21
1.0452907086614174
0
LINE
8
BLACK
6
CONTINUOUS
10
0.5040999212598425
20
1.0452907086614174
11
0.5044163385826772
21
1.0447207874015747
0
LINE
8
BLACK
6
CONTINUOUS
10
0.5044163385826772
20
1.0447207874015747
11
0.5072284645669292
21
1.0334722047244094
0
LINE
8
BLACK
6
CONTINUOUS
10
0.5072284645669292
20
1.0334722047244094
11
0.5072161811023622
21
1.0327437401574804
0
LINE
8
BLACK
6
CONTINUOUS
10
0.5072161811023622
20
1.0327437401574804
11
0.5074048031496063
21
1.0320399212598426
0
LINE
8
BLACK
6
CONTINUOUS
10
0.5074048031496063
20
1.0320399212598426
11
0.5074048031496063
21
1.0236034645669292
0
LINE
8
BLACK
6
CONTINUOUS
10
0.5074048031496063
20
1.0236034645669292
11
0.5072161811023622
21
1.0228996062992126
0
LINE
8
BLACK
6
CONTINUOUS
10
0.5072161811023622
20
1.0228996062992126
11
0.5072284645669292
21
1.0221711811023622
0
LINE
8
BLACK
6
CONTINUOUS
10
0.5072284645669292
20
1.0221711811023622
11
0.5044163385826772
21
1.0109225984251968
0
LINE
8
BLACK
6
CONTINUOUS
10
0.5044163385826772
20
1.0109225984251968
11
0.5040999212598425
21
1.0103526377952756
0
LINE
8
BLACK
6
CONTINUOUS
10
0.5040999212598425
20
1.0103526377952756
11
0.5039692125984252
21
1.0097138188976378
0
LINE
8
BLACK
6
CONTINUOUS
10
0.5039692125984252
20
1.0097138188976378
11
0.5011570472440945
21
1.0040895669291339
0
LINE
8
BLACK
6
CONTINUOUS
10
0.5011570472440945
20
1.0040895669291339
11
0.5005262204724409
21
1.003378188976378
0
LINE
8
BLACK
6
CONTINUOUS
10
0.5005262204724409
20
1.003378188976378
11
0.5000508267716536
21
1.0025547637795276
0
LINE
8
BLACK
6
CONTINUOUS
10
0.5000508267716536
20
1.0025547637795276
11
0.4944265354330709
21
0.9969304724409449
0
LINE
8
BLACK
6
CONTINUOUS
10
0.4944265354330709
20
0.9969304724409449
11
0.493251062992126
21
0.996251811023622
0
LINE
8
BLACK
6
CONTINUOUS
10
0.493251062992126
20
0.996251811023622
11
0.4921181889763779
21
0.9955038188976377
0
LINE
8
BLACK
6
CONTINUOUS
10
0.4921181889763779
20
0.9955038188976377
11
0.4836817322834646
21
0.9926916929133858
0
LINE
8
BLACK
6
CONTINUOUS
10
0.4836817322834646
20
0.9926916929133858
11
0.4827326771653543
21
0.99263468503937
0
LINE
8
BLACK
6
CONTINUOUS
10
0.4827326771653543
20
0.99263468503937
11
0.4818142519685039
21
0.9923886220472441
0
LINE
8
BLACK
6
CONTINUOUS
10
0.4818142519685039
20
0.9923886220472441
11
0.4677535039370079
21
0.9923886220472441
0
LINE
8
BLACK
6
CONTINUOUS
10
0.4677535039370079
20
0.9923886220472441
11
0.4648007480314961
21
0.9931798031496063
0
LINE
8
BLACK
6
CONTINUOUS
10
0.4648007480314961
20
0.9931798031496063
11
0.4626391732283465
21
0.9953413779527559
0
LINE
8
BLACK
6
CONTINUOUS
10
0.4626391732283465
20
0.9953413779527559
11
0.4618479921259843
21
0.9982941338582677
0
LINE
8
BLACK
6
CONTINUOUS
10
0.4618479921259843
20
0.9982941338582677
11
0.4618479921259843
21
1.0573492519685039
0
LINE
8
BLACK
6
CONTINUOUS
10
0.4618479921259843
20
1.0573492519685039
11
0.4626391732283465
21
1.0603020078740157
0
LINE
8
BLACK
6
CONTINUOUS
10
0.4626391732283465
20
1.0603020078740157
11
0.4648007480314961
21
1.0624635826771653
0
LINE
8
BLACK
6
CONTINUOUS
10
0.4648007480314961
20
1.0624635826771653
11
0.4677535039370079
21
1.0632547637795275
0
LINE
8
BLACK
6
CONTINUOUS
10
0.4677535039370079
20
1.0632547637795275
11
0.4818142519685039
21
1.0632547637795275
0
LINE
8
BLACK
6
CONTINUOUS
10
0.4818142519685039
20
1.0632547637795275
11
0.4827326771653543
21
1.0630086614173229
0
LINE
8
BLACK
6
CONTINUOUS
10
0.4736590157480315
20
1.0041996456692912
11
0.4808559842519685
21
1.0041996456692912
0
LINE
8
BLACK
6
CONTINUOUS
10
0.4808559842519685
20
1.0041996456692912
11
0.4870606299212598
21
1.006267874015748
0
LINE
8
BLACK
6
CONTINUOUS
10
0.4870606299212598
20
1.006267874015748
11
0.4910215354330709
21
1.0102287795275591
0
LINE
8
BLACK
6
CONTINUOUS
10
0.4910215354330709
20
1.0102287795275591
11
0.4931151968503937
21
1.0144161417322834
0
LINE
8
BLACK
6
CONTINUOUS
10
0.4931151968503937
20
1.0144161417322834
11
0.4955937795275591
21
1.0243303543307087
0
LINE
8
BLACK
6
CONTINUOUS
10
0.4955937795275591
20
1.0243303543307087
11
0.4955937795275591
21
1.0313129921259843
0
LINE
8
BLACK
6
CONTINUOUS
10
0.4955937795275591
20
1.0313129921259843
11
0.4931151968503937
21
1.0412272047244093
0
LINE
8
BLACK
6
CONTINUOUS
10
0.4931151968503937
20
1.0412272047244093
11
0.4910215354330709
21
1.0454145669291339
0
LINE
8
BLACK
6
CONTINUOUS
10
0.4910215354330709
20
1.0454145669291339
11
0.4870606299212598
21
1.0493754724409448
0
LINE
8
BLACK
6
CONTINUOUS
10
0.4870606299212598
20
1.0493754724409448
11
0.4808559842519685
21
1.0514437401574803
0
LINE
8
BLACK
6
CONTINUOUS
10
0.4808559842519685
20
1.0514437401574803
11
0.4736590157480315
21
1.0514437401574803
0
LINE
8
BLACK
6
CONTINUOUS
10
0.4736590157480315
20
1.0514437401574803
11
0.4736590157480315
21
1.0041996456692912
0
LINE
8
BLACK
6
CONTINUOUS
10
1.5662445669291338
20
1.2705262598425195
11
1.5681193700787401
21
1.268651496062992
0
LINE
8
BLACK
6
CONTINUOUS
10
1.5681193700787401
20
1.268651496062992
11
1.5687075984251968
21
1.2678114566929133
0
LINE
8
BLACK
6
CONTINUOUS
10
1.5687075984251968
20
1.2678114566929133
11
1.5687229527559055
21
1.2676355118110236
0
LINE
8
BLACK
6
CONTINUOUS
10
1.5687229527559055
20
1.2676355118110236
11
1.568832716535433
21
1.2674972834645668
0
LINE
8
BLACK
6
CONTINUOUS
10
1.568832716535433
20
1.2674972834645668
11
1.5707074803149605
21
1.2618730314960629
0
LINE
8
BLACK
6
CONTINUOUS
10
1.5707074803149605
20
1.2618730314960629
11
1.5708369685039369
21
1.2609997637795276
0
LINE
8
BLACK
6
CONTINUOUS
10
1.5708369685039369
20
1.2609997637795276
11
1.5708590157480316
21
1.2609392519685039
0
LINE
8
BLACK
6
CONTINUOUS
10
1.5708590157480316
20
1.2609392519685039
11
1.5708590157480316
21
1.2571897244094488
0
LINE
8
BLACK
6
CONTINUOUS
10
1.5708590157480316
20
1.2571897244094488
11
1.5707057086614173
21
1.2563203149606299
0
LINE
8
BLACK
6
CONTINUOUS
10
1.5707057086614173
20
1.2563203149606299
11
1.5707074803149605
21
1.2562559448818897
0
LINE
8
BLACK
6
CONTINUOUS
10
1.5707074803149605
20
1.2562559448818897
11
1.568832716535433
21
1.2506316929133858
0
LINE
8
BLACK
6
CONTINUOUS
10
1.568832716535433
20
1.2506316929133858
11
1.5683444094488188
21
1.2497299212598425
0
LINE
8
BLACK
6
CONTINUOUS
10
1.5683444094488188
20
1.2497299212598425
11
1.5681940157480314
21
1.2496375196850393
0
LINE
8
BLACK
6
CONTINUOUS
10
1.5681940157480314
20
1.2496375196850393
11
1.5681194094488189
21
1.2494775196850394
0
LINE
8
BLACK
6
CONTINUOUS
10
1.5681194094488189
20
1.2494775196850394
11
1.564369842519685
21
1.2457279921259843
0
LINE
8
BLACK
6
CONTINUOUS
10
1.564369842519685
20
1.2457279921259843
11
1.5636466535433071
21
1.2452215748031497
0
LINE
8
BLACK
6
CONTINUOUS
10
1.5636466535433071
20
1.2452215748031497
11
1.5636024409448819
21
1.2451748818897637
0
LINE
8
BLACK
6
CONTINUOUS
10
1.5636024409448819
20
1.2451748818897637
11
1.5598529133858268
21
1.2433001181102361
0
LINE
8
BLACK
6
CONTINUOUS
10
1.5598529133858268
20
1.2433001181102361
11
1.5593644488188976
21
1.2431548031496062
0
LINE
8
BLACK
6
CONTINUOUS
10
1.5593644488188976
20
1.2431548031496062
11
1.5592485433070866
21
1.2430765354330708
0
LINE
8
BLACK
6
CONTINUOUS
10
1.5592485433070866
20
1.2430765354330708
11
1.5517494881889764
21
1.2412017716535433
0
LINE
8
BLACK
6
CONTINUOUS
10
1.5517494881889764
20
1.2412017716535433
11
1.5511615748031495
21
1.2411602755905511
0
LINE
8
BLACK
6
CONTINUOUS
10
1.5511615748031495
20
1.2411602755905511
11
1.5510333464566928
21
1.2411136220472441
0
LINE
8
BLACK
6
CONTINUOUS
10
1.5510333464566928
20
1.2411136220472441
11
1.5454090551181101
21
1.2411136220472441
0
LINE
8
BLACK
6
CONTINUOUS
10
1.5454090551181101
20
1.2411136220472441
11
1.5448286614173228
21
1.2412159448818898
0
LINE
8
BLACK
6
CONTINUOUS
10
1.5448286614173228
20
1.2412159448818898
11
1.5446929133858267
21
1.2412017716535433
0
LINE
8
BLACK
6
CONTINUOUS
10
1.5446929133858267
20
1.2412017716535433
11
1.5371938582677165
21
1.2430765354330708
0
LINE
8
BLACK
6
CONTINUOUS
10
1.5371938582677165
20
1.2430765354330708
11
1.5367283858267715
21
1.2432840944881889
0
LINE
8
BLACK
6
CONTINUOUS
10
1.5367283858267715
20
1.2432840944881889
11
1.5365894881889763
21
1.2433001181102361
0
LINE
8
BLACK
6
CONTINUOUS
10
1.5365894881889763
20
1.2433001181102361
11
1.5328399606299212
21
1.2451748818897637
0
LINE
8
BLACK
6
CONTINUOUS
10
1.5328399606299212
20
1.2451748818897637
11
1.5321308661417323
21
1.2457007874015749
0
LINE
8
BLACK
6
CONTINUOUS
10
1.5321308661417323
20
1.2457007874015749
11
1.5320725590551181
21
1.2457279921259843
0
LINE
8
BLACK
6
CONTINUOUS
10
1.5320725590551181
20
1.2457279921259843
11
1.528323031496063
21
1.2494775196850394
0
LINE
8
BLACK
6
CONTINUOUS
10
1.528323031496063
20
1.2494775196850394
11
1.5277348425196851
21
1.2503175590551181
0
LINE
8
BLACK
6
CONTINUOUS
10
1.5277348425196851
20
1.2503175590551181
11
1.5277194488188977
21
1.2504933858267717
0
LINE
8
BLACK
6
CONTINUOUS
10
1.5277194488188977
20
1.2504933858267717
11
1.5276097244094489
21
1.2506316929133858
0
LINE
8
BLACK
6
CONTINUOUS
10
1.5276097244094489
20
1.2506316929133858
11
1.5257349606299213
21
1.2562559842519685
0
LINE
8
BLACK
6
CONTINUOUS
10
1.5257349606299213
20
1.2562559842519685
11
1.5256054724409449
21
1.2571291338582677
0
LINE
8
BLACK
6
CONTINUOUS
10
1.5256054724409449
20
1.2571291338582677
11
1.5255834251968503
21
1.2571897244094488
0
LINE
8
BLACK
6
CONTINUOUS
10
1.5255834251968503
20
1.2571897244094488
11
1.5255834251968503
21
1.2609392519685039
0
LINE
8
BLACK
6
CONTINUOUS
10
1.5255834251968503
20
1.2609392519685039
11
1.5257366929133858
21
1.261808622047244
0
LINE
8
BLACK
6
CONTINUOUS
10
1.5257366929133858
20
1.261808622047244
11
1.5257349606299213
21
1.2618729921259841
0
LINE
8
BLACK
6
CONTINUOUS
10
1.5257349606299213
20
1.2618729921259841
11
1.5276097244094489
21
1.2674972834645668
0
LINE
8
BLACK
6
CONTINUOUS
10
1.5276097244094489
20
1.2674972834645668
11
1.5280979921259843
21
1.2683990551181101
0
LINE
8
BLACK
6
CONTINUOUS
10
1.5280979921259843
20
1.2683990551181101
11
1.5282484251968504
21
1.2684914566929133
0
LINE
8
BLACK
6
CONTINUOUS
10
1.5282484251968504
20
1.2684914566929133
11
1.528323031496063
21
1.2686514566929135
0
LINE
8
BLACK
6
CONTINUOUS
10
1.528323031496063
20
1.2686514566929135
11
1.5301977952755905
21
1.270526220472441
0
LINE
8
BLACK
6
CONTINUOUS
10
1.5301977952755905
20
1.270526220472441
11
1.5310378346456692
21
1.2711144094488189
0
LINE
8
BLACK
6
CONTINUOUS
10
1.5310378346456692
20
1.2711144094488189
11
1.5330499212598425
21
1.2712904330708661
0
LINE
8
BLACK
6
CONTINUOUS
10
1.5330499212598425
20
1.2712904330708661
11
1.5347044881889764
21
1.2701319291338582
0
LINE
8
BLACK
6
CONTINUOUS
10
1.5347044881889764
20
1.2701319291338582
11
1.5352272047244093
21
1.2681809448818897
0
LINE
8
BLACK
6
CONTINUOUS
10
1.5352272047244093
20
1.2681809448818897
11
1.5343736220472441
21
1.2663503937007874
0
LINE
8
BLACK
6
CONTINUOUS
10
1.5343736220472441
20
1.2663503937007874
11
1.5329917322834645
21
1.2649685039370078
0
LINE
8
BLACK
6
CONTINUOUS
10
1.5329917322834645
20
1.2649685039370078
11
1.5314889370078739
21
1.2604600787401574
0
LINE
8
BLACK
6
CONTINUOUS
10
1.5314889370078739
20
1.2604600787401574
11
1.5314889370078739
21
1.2576688582677165
0
LINE
8
BLACK
6
CONTINUOUS
10
1.5314889370078739
20
1.2576688582677165
11
1.5329917322834645
21
1.2531604330708661
0
LINE
8
BLACK
6
CONTINUOUS
10
1.5329917322834645
20
1.2531604330708661
11
1.5359095669291338
21
1.2502426377952756
0
LINE
8
BLACK
6
CONTINUOUS
10
1.5359095669291338
20
1.2502426377952756
11
1.5389405511811023
21
1.2487271259842518
0
LINE
8
BLACK
6
CONTINUOUS
10
1.5389405511811023
20
1.2487271259842518
11
1.5457725984251969
21
1.2470191338582677
0
LINE
8
BLACK
6
CONTINUOUS
10
1.5457725984251969
20
1.2470191338582677
11
1.5506698031496062
21
1.2470191338582677
0
LINE
8
BLACK
6
CONTINUOUS
10
1.5506698031496062
20
1.2470191338582677
11
1.5575018503937008
21
1.2487271259842518
0
LINE
8
BLACK
6
CONTINUOUS
10
1.5575018503937008
20
1.2487271259842518
11
1.5605328346456693
21
1.2502426377952756
0
LINE
8
BLACK
6
CONTINUOUS
10
1.5605328346456693
20
1.2502426377952756
11
1.5634507086614173
21
1.2531604724409449
0
LINE
8
BLACK
6
CONTINUOUS
10
1.5634507086614173
20
1.2531604724409449
11
1.5649535039370079
21
1.2576688582677165
0
LINE
8
BLACK
6
CONTINUOUS
10
1.5649535039370079
20
1.2576688582677165
11
1.5649535039370079
21
1.2604601181102362
0
LINE
8
BLACK
6
CONTINUOUS
10
1.5649535039370079
20
1.2604601181102362
11
1.5634507086614173
21
1.264968464566929
0
LINE
8
BLACK
6
CONTINUOUS
10
1.5634507086614173
20
1.264968464566929
11
1.5620688188976377
21
1.2663503543307086
0
LINE
8
BLACK
6
CONTINUOUS
10
1.5620688188976377
20
1.2663503543307086
11
1.561480590551181
21
1.2671903937007873
0
LINE
8
BLACK
6
CONTINUOUS
10
1.561480590551181
20
1.2671903937007873
11
1.5613045275590551
21
1.2692025196850394
0
LINE
8
BLACK
6
CONTINUOUS
10
1.5613045275590551
20
1.2692025196850394
11
1.562463031496063
21
1.2708570866141733
0
LINE
8
BLACK
6
CONTINUOUS
10
1.562463031496063
20
1.2708570866141733
11
1.5644140157480315
21
1.2713798031496062
0
LINE
8
BLACK
6
CONTINUOUS
10
1.5644140157480315
20
1.2713798031496062
11
1.5662445669291338
21
1.2705262598425195
0
LINE
8
BLACK
6
CONTINUOUS
10
1.5406541338582678
20
1.3087330708661418
11
1.5407185039370079
21
1.308734842519685
0
LINE
8
BLACK
6
CONTINUOUS
10
1.5407185039370079
20
1.308734842519685
11
1.5463427952755906
21
1.3068600787401574
0
LINE
8
BLACK
6
CONTINUOUS
10
1.5463427952755906
20
1.3068600787401574
11
1.5472445669291339
21
1.306371811023622
0
LINE
8
BLACK
6
CONTINUOUS
10
1.5472445669291339
20
1.306371811023622
11
1.5473369685039369
21
1.3062213385826771
0
LINE
8
BLACK
6
CONTINUOUS
10
1.5473369685039369
20
1.3062213385826771
11
1.547496968503937
21
1.3061467716535433
0
LINE
8
BLACK
6
CONTINUOUS
10
1.547496968503937
20
1.3061467716535433
11
1.5649535039370079
21
1.2886902362204724
0
LINE
8
BLACK
6
CONTINUOUS
10
1.5649535039370079
20
1.2886902362204724
11
1.5649535039370079
21
1.3059336220472442
0
LINE
8
BLACK
6
CONTINUOUS
10
1.5649535039370079
20
1.3059336220472442
11
1.5651315748031496
21
1.3069435433070866
0
LINE
8
BLACK
6
CONTINUOUS
10
1.5651315748031496
20
1.3069435433070866
11
1.5664298818897637
21
1.3084907874015748
0
LINE
8
BLACK
6
CONTINUOUS
10
1.5664298818897637
20
1.3084907874015748
11
1.5684190157480316
21
1.3088415354330709
0
LINE
8
BLACK
6
CONTINUOUS
10
1.5684190157480316
20
1.3088415354330709
11
1.5701681889763779
21
1.3078316141732282
0
LINE
8
BLACK
6
CONTINUOUS
10
1.5701681889763779
20
1.3078316141732282
11
1.5708590157480316
21
1.3059336220472442
0
LINE
8
BLACK
6
CONTINUOUS
10
1.5708590157480316
20
1.3059336220472442
11
1.5708590157480316
21
1.2815616929133857
0
LINE
8
BLACK
6
CONTINUOUS
10
1.5708590157480316
20
1.2815616929133857
11
1.5707470866141733
21
1.2809269291338583
0
LINE
8
BLACK
6
CONTINUOUS
10
1.5707470866141733
20
1.2809269291338583
11
1.5707584251968503
21
1.2807974803149607
0
LINE
8
BLACK
6
CONTINUOUS
10
1.5707584251968503
20
1.2807974803149607
11
1.5707127559055118
21
1.2807322440944882
0
LINE
8
BLACK
6
CONTINUOUS
10
1.5707127559055118
20
1.2807322440944882
11
1.5706809448818897
21
1.2805517716535433
0
LINE
8
BLACK
6
CONTINUOUS
10
1.5706809448818897
20
1.2805517716535433
11
1.5701096456692913
21
1.2798709055118109
0
LINE
8
BLACK
6
CONTINUOUS
10
1.5701096456692913
20
1.2798709055118109
11
1.5695998818897638
21
1.2791429133858268
0
LINE
8
BLACK
6
CONTINUOUS
10
1.5695998818897638
20
1.2791429133858268
11
1.5694694094488189
21
1.2791079527559055
0
LINE
8
BLACK
6
CONTINUOUS
10
1.5694694094488189
20
1.2791079527559055
11
1.5693826377952755
21
1.2790045275590551
0
LINE
8
BLACK
6
CONTINUOUS
10
1.5693826377952755
20
1.2790045275590551
11
1.5685072834645668
21
1.2788501574803148
0
LINE
8
BLACK
6
CONTINUOUS
10
1.5685072834645668
20
1.2788501574803148
11
1.5676489370078739
21
1.2786201968503936
0
LINE
8
BLACK
6
CONTINUOUS
10
1.5676489370078739
20
1.2786201968503936
11
1.5675265748031495
21
1.2786772440944882
0
LINE
8
BLACK
6
CONTINUOUS
10
1.5675265748031495
20
1.2786772440944882
11
1.5673935039370079
21
1.278653779527559
0
LINE
8
BLACK
6
CONTINUOUS
10
1.5673935039370079
20
1.278653779527559
11
1.5666235826771653
21
1.2790982677165355
0
LINE
8
BLACK
6
CONTINUOUS
10
1.5666235826771653
20
1.2790982677165355
11
1.5658183464566928
21
1.279473779527559
0
LINE
8
BLACK
6
CONTINUOUS
10
1.5658183464566928
20
1.279473779527559
11
1.5438140157480316
21
1.301478031496063
0
LINE
8
BLACK
6
CONTINUOUS
10
1.5438140157480316
20
1.301478031496063
11
1.5393056299212597
21
1.3029808661417324
0
LINE
8
BLACK
6
CONTINUOUS
10
1.5393056299212597
20
1.3029808661417324
11
1.5367322834645669
21
1.3029808661417324
0
LINE
8
BLACK
6
CONTINUOUS
10
1.5367322834645669
20
1.3029808661417324
11
1.5340348031496063
21
1.301632125984252
0
LINE
8
BLACK
6
CONTINUOUS
10
1.5340348031496063
20
1.301632125984252
11
1.5328376771653542
21
1.300435
0
LINE
8
BLACK
6
CONTINUOUS
10
1.5328376771653542
20
1.300435
11
1.5314889370078739
21
1.2977375196850394
0
LINE
8
BLACK
6
CONTINUOUS
10
1.5314889370078739
20
1.2977375196850394
11
1.5314889370078739
21
1.2897577952755905
0
LINE
8
BLACK
6
CONTINUOUS
10
1.5314889370078739
20
1.2897577952755905
11
1.5328376771653542
21
1.2870603149606299
0
LINE
8
BLACK
6
CONTINUOUS
10
1.5328376771653542
20
1.2870603149606299
11
1.5343736220472441
21
1.2855243700787402
0
LINE
8
BLACK
6
CONTINUOUS
10
1.5343736220472441
20
1.2855243700787402
11
1.5349618110236221
21
1.2846843307086613
0
LINE
8
BLACK
6
CONTINUOUS
10
1.5349618110236221
20
1.2846843307086613
11
1.5351378346456692
21
1.2826722440944882
0
LINE
8
BLACK
6
CONTINUOUS
10
1.5351378346456692
20
1.2826722440944882
11
1.5339793307086613
21
1.2810176771653543
0
LINE
8
BLACK
6
CONTINUOUS
10
1.5339793307086613
20
1.2810176771653543
11
1.5320283464566928
21
1.2804949606299212
0
LINE
8
BLACK
6
CONTINUOUS
10
1.5320283464566928
20
1.2804949606299212
11
1.5301977952755905
21
1.2813485433070866
0
LINE
8
BLACK
6
CONTINUOUS
10
1.5301977952755905
20
1.2813485433070866
11
1.528323031496063
21
1.2832233070866141
0
LINE
8
BLACK
6
CONTINUOUS
10
1.528323031496063
20
1.2832233070866141
11
1.5278167322834646
21
1.2839463779527558
0
LINE
8
BLACK
6
CONTINUOUS
10
1.5278167322834646
20
1.2839463779527558
11
1.5277699212598426
21
1.2839907086614173
0
LINE
8
BLACK
6
CONTINUOUS
10
1.5277699212598426
20
1.2839907086614173
11
1.525895157480315
21
1.2877402362204724
0
LINE
8
BLACK
6
CONTINUOUS
10
1.525895157480315
20
1.2877402362204724
11
1.5256027952755906
21
1.2887231889763779
0
LINE
8
BLACK
6
CONTINUOUS
10
1.5256027952755906
20
1.2887231889763779
11
1.525643779527559
21
1.2888948425196851
0
LINE
8
BLACK
6
CONTINUOUS
10
1.525643779527559
20
1.2888948425196851
11
1.5255834251968503
21
1.289060748031496
0
LINE
8
BLACK
6
CONTINUOUS
10
1.5255834251968503
20
1.289060748031496
11
1.5255834251968503
21
1.2984345669291337
0
LINE
8
BLACK
6
CONTINUOUS
10
1.5255834251968503
20
1.2984345669291337
11
1.5257614960629922
21
1.2994444881889764
0
LINE
8
BLACK
6
CONTINUOUS
10
1.5257614960629922
20
1.2994444881889764
11
1.5258749606299211
21
1.2995797244094487
0
LINE
8
BLACK
6
CONTINUOUS
10
1.5258749606299211
20
1.2995797244094487
11
1.525895157480315
21
1.2997550787401575
0
LINE
8
BLACK
6
CONTINUOUS
10
1.525895157480315
20
1.2997550787401575
11
1.5277699212598426
21
1.3035046062992126
0
LINE
8
BLACK
6
CONTINUOUS
10
1.5277699212598426
20
1.3035046062992126
11
1.5282958267716535
21
1.3042136614173228
0
LINE
8
BLACK
6
CONTINUOUS
10
1.5282958267716535
20
1.3042136614173228
11
1.528323031496063
21
1.3042720078740158
0
LINE
8
BLACK
6
CONTINUOUS
10
1.528323031496063
20
1.3042720078740158
11
1.5301977952755905
21
1.3061467716535433
0
LINE
8
BLACK
6
CONTINUOUS
10
1.5301977952755905
20
1.3061467716535433
11
1.5309208661417322
21
1.3066530314960629
0
LINE
8
BLACK
6
CONTINUOUS
10
1.5309208661417322
20
1.3066530314960629
11
1.5309651968503937
21
1.3066998818897637
0
LINE
8
BLACK
6
CONTINUOUS
10
1.5309651968503937
20
1.3066998818897637
11
1.5347147244094488
21
1.3085746456692913
0
LINE
8
BLACK
6
CONTINUOUS
10
1.5347147244094488
20
1.3085746456692913
11
1.5356976377952756
21
1.3088670078740157
0
LINE
8
BLACK
6
CONTINUOUS
10
1.5356976377952756
20
1.3088670078740157
11
1.5358693307086613
21
1.3088259842519685
0
LINE
8
BLACK
6
CONTINUOUS
10
1.5358693307086613
20
1.3088259842519685
11
1.5360352362204723
21
1.308886377952756
0
LINE
8
BLACK
6
CONTINUOUS
10
1.5360352362204723
20
1.308886377952756
11
1.5397847637795274
21
1.308886377952756
0
LINE
8
BLACK
6
CONTINUOUS
10
1.5397847637795274
20
1.308886377952756
11
1.5406541338582678
21
1.3087330708661418
0
LINE
8
BLACK
6
CONTINUOUS
10
1.4677742913385827
20
1.4047357874015747
11
1.4854133070866142
21
1.4024135433070866
0
LINE
8
BLACK
6
CONTINUOUS
10
1.4854133070866142
20
1.4024135433070866
11
1.5027827952755906
21
1.3985628346456693
0
LINE
8
BLACK
6
CONTINUOUS
10
1.5027827952755906
20
1.3985628346456693
11
1.5197505511811022
21
1.3932129133858266
0
LINE
8
BLACK
6
CONTINUOUS
10
1.5197505511811022
20
1.3932129133858266
11
1.5361875196850394
21
1.3864044881889763
0
LINE
8
BLACK
6
CONTINUOUS
10
1.5361875196850394
20
1.3864044881889763
11
1.5519685039370079
21
1.3781894488188977
0
LINE
8
BLACK
6
CONTINUOUS
10
1.5519685039370079
20
1.3781894488188977
11
1.5669734645669291
21
1.3686302362204723
0
LINE
8
BLACK
6
CONTINUOUS
10
1.5669734645669291
20
1.3686302362204723
11
1.5810881889763779
21
1.3577996062992126
0
LINE
8
BLACK
6
CONTINUOUS
10
1.5810881889763779
20
1.3577996062992126
11
1.5942052362204724
21
1.3457800393700787
0
LINE
8
BLACK
6
CONTINUOUS
10
1.5942052362204724
20
1.3457800393700787
11
1.6062248031496063
21
1.3326629921259843
0
LINE
8
BLACK
6
CONTINUOUS
10
1.6062248031496063
20
1.3326629921259843
11
1.6170554330708662
21
1.3185482677165354
0
LINE
8
BLACK
6
CONTINUOUS
10
1.6170554330708662
20
1.3185482677165354
11
1.6266146456692914
21
1.303543307086614
0
LINE
8
BLACK
6
CONTINUOUS
10
1.6266146456692914
20
1.303543307086614
11
1.63482968503937
21
1.2877623228346455
0
LINE
8
BLACK
6
CONTINUOUS
10
1.63482968503937
20
1.2877623228346455
11
1.6416381102362205
21
1.2713253543307086
0
LINE
8
BLACK
6
CONTINUOUS
10
1.6416381102362205
20
1.2713253543307086
11
1.646988031496063
21
1.2543575984251969
0
LINE
8
BLACK
6
CONTINUOUS
10
1.646988031496063
20
1.2543575984251969
11
1.6508387401574802
21
1.2369881102362204
0
LINE
8
BLACK
6
CONTINUOUS
10
1.6508387401574802
20
1.2369881102362204
11
1.6531609842519686
21
1.2193490944881888
0
LINE
8
BLACK
6
CONTINUOUS
10
1.6531609842519686
20
1.2193490944881888
11
1.6539370078740157
21
1.2015748031496063
0
LINE
8
BLACK
6
CONTINUOUS
10
1.6539370078740157
20
1.2015748031496063
11
1.6531609842519686
21
1.1838005118110235
0
LINE
8
BLACK
6
CONTINUOUS
10
1.6531609842519686
20
1.1838005118110235
11
1.6508387401574802
21
1.166161496062992
0
LINE
8
BLACK
6
CONTINUOUS
10
1.6508387401574802
20
1.166161496062992
11
1.646988031496063
21
1.1487920078740157
0
LINE
8
BLACK
6
CONTINUOUS
10
1.646988031496063
20
1.1487920078740157
11
1.6416381102362205
21
1.131824251968504
0
LINE
8
BLACK
6
CONTINUOUS
10
1.6416381102362205
20
1.131824251968504
11
1.63482968503937
21
1.1153872834645668
0
LINE
8
BLACK
6
CONTINUOUS
10
1.63482968503937
20
1.1153872834645668
11
1.6266146456692914
21
1.0996062992125983
0
LINE
8
BLACK
6
CONTINUOUS
10
1.6266146456692914
20
1.0996062992125983
11
1.6170554330708662
21
1.0846013385826772
0
LINE
8
BLACK
6
CONTINUOUS
10
1.6170554330708662
20
1.0846013385826772
11
1.6062248031496063
21
1.0704866141732283
0
LINE
8
BLACK
6
CONTINUOUS
10
1.6062248031496063
20
1.0704866141732283
11
1.5942052362204724
21
1.0573695669291339
0
LINE
8
BLACK
6
CONTINUOUS
10
1.5942052362204724
20
1.0573695669291339
11
1.5810881889763779
21
1.04535
0
LINE
8
BLACK
6
CONTINUOUS
10
1.5810881889763779
20
1.04535
11
1.5669734645669291
21
1.0345193700787401
0
LINE
8
BLACK
6
CONTINUOUS
10
1.5669734645669291
20
1.0345193700787401
11
1.5519685039370079
21
1.0249601574803149
0
LINE
8
BLACK
6
CONTINUOUS
10
1.5519685039370079
20
1.0249601574803149
11
1.5361875196850394
21
1.0167451181102363
0
LINE
8
BLACK
6
CONTINUOUS
10
1.5361875196850394
20
1.0167451181102363
11
1.5197505511811022
21
1.0099366929133857
0
LINE
8
BLACK
6
CONTINUOUS
10
1.5197505511811022
20
1.0099366929133857
11
1.5027827952755906
21
1.0045867716535433
0
LINE
8
BLACK
6
CONTINUOUS
10
1.5027827952755906
20
1.0045867716535433
11
1.4854133070866142
21
1.000736062992126
0
LINE
8
BLACK
6
CONTINUOUS
10
1.4854133070866142
20
1.000736062992126
11
1.4736013779527559
21
0.9991809448818897
0
LINE
8
BLACK
6
CONTINUOUS
10
1.4736013779527559
20
0.9991809448818897
11
1.4735826771653544
21
0.9991732283464567
0
LINE
8
BLACK
6
CONTINUOUS
10
1.4735826771653544
20
0.9991732283464567
11
1.4735425196850394
21
0.9991732283464567
0
LINE
8
BLACK
6
CONTINUOUS
10
1.4735425196850394
20
0.9991732283464567
11
1.4677742913385827
21
0.9984138188976378
0
LINE
8
BLACK
6
CONTINUOUS
10
1.4677742913385827
20
0.9984138188976378
11
1.45
21
0.9976377952755905
0
LINE
8
BLACK
6
CONTINUOUS
10
1.45
20
0.9976377952755905
11
1.4322257086614172
21
0.9984138188976378
0
LINE
8
BLACK
6
CONTINUOUS
10
1.4322257086614172
20
0.9984138188976378
11
1.4264574803149606
21
0.9991732283464567
0
LINE
8
BLACK
6
CONTINUOUS
10
1.4264574803149606
20
0.9991732283464567
11
1.4264173228346457
21
0.9991732283464567
0
LINE
8
BLACK
6
CONTINUOUS
10
1.4264173228346457
20
0.9991732283464567
11
1.4263985826771652
21
0.9991809448818897
0
LINE
8
BLACK
6
CONTINUOUS
10
1.4263985826771652
20
0.9991809448818897
11
1.4145866929133859
21
1.000736062992126
0
LINE
8
BLACK
6
CONTINUOUS
10
1.4145866929133859
20
1.000736062992126
11
1.3972172047244094
21
1.0045867716535433
0
LINE
8
BLACK
6
CONTINUOUS
10
1.3972172047244094
20
1.0045867716535433
11
1.3802494488188977
21
1.0099366929133857
0
LINE
8
BLACK
6
CONTINUOUS
10
1.3802494488188977
20
1.0099366929133857
11
1.3638124803149605
21
1.0167451181102363
0
LINE
8
BLACK
6
CONTINUOUS
10
1.3638124803149605
20
1.0167451181102363
11
1.348031496062992
21
1.0249601574803149
0
LINE
8
BLACK
6
CONTINUOUS
10
1.348031496062992
20
1.0249601574803149
11
1.3330265354330708
21
1.0345193700787401
0
LINE
8
BLACK
6
CONTINUOUS
10
1.3330265354330708
20
1.0345193700787401
11
1.318911811023622
21
1.04535
0
LINE
8
BLACK
6
CONTINUOUS
10
1.318911811023622
20
1.04535
11
1.3057947637795275
21
1.0573695669291339
0
LINE
8
BLACK
6
CONTINUOUS
10
1.3057947637795275
20
1.0573695669291339
11
1.2937751968503937
21
1.0704866141732283
0
LINE
8
BLACK
6
CONTINUOUS
10
1.2937751968503937
20
1.0704866141732283
11
1.2829445669291337
21
1.0846013385826772
0
LINE
8
BLACK
6
CONTINUOUS
10
1.2829445669291337
20
1.0846013385826772
11
1.2733853543307085
21
1.0996062992125983
0
LINE
8
BLACK
6
CONTINUOUS
10
1.2733853543307085
20
1.0996062992125983
11
1.2651703149606299
21
1.1153872834645668
0
LINE
8
BLACK
6
CONTINUOUS
10
1.2651703149606299
20
1.1153872834645668
11
1.2583618897637796
21
1.131824251968504
0
LINE
8
BLACK
6
CONTINUOUS
10
1.2583618897637796
20
1.131824251968504
11
1.2530119685039369
21
1.1487920078740157
0
LINE
8
BLACK
6
CONTINUOUS
10
1.2530119685039369
20
1.1487920078740157
11
1.2491612598425197
21
1.166161496062992
0
LINE
8
BLACK
6
CONTINUOUS
10
1.2491612598425197
20
1.166161496062992
11
1.2468390157480316
21
1.1838005118110235
0
LINE
8
BLACK
6
CONTINUOUS
10
1.2468390157480316
20
1.1838005118110235
11
1.2460629921259843
21
1.2015748031496063
0
LINE
8
BLACK
6
CONTINUOUS
10
1.2460629921259843
20
1.2015748031496063
11
1.2468390157480316
21
1.2193490944881888
0
LINE
8
BLACK
6
CONTINUOUS
10
1.2468390157480316
20
1.2193490944881888
11
1.2491612598425197
21
1.2369881102362204
0
LINE
8
BLACK
6
CONTINUOUS
10
1.2491612598425197
20
1.2369881102362204
11
1.2530119685039369
21
1.2543575984251969
0
LINE
8
BLACK
6
CONTINUOUS
10
1.2530119685039369
20
1.2543575984251969
11
1.2583618897637796
21
1.2713253543307086
0
LINE
8
BLACK
6
CONTINUOUS
10
1.2583618897637796
20
1.2713253543307086
11
1.2651703149606299
21
1.2877623228346455
0
LINE
8
BLACK
6
CONTINUOUS
10
1.2651703149606299
20
1.2877623228346455
11
1.2733853543307085
21
1.303543307086614
0
LINE
8
BLACK
6
CONTINUOUS
10
1.2733853543307085
20
1.303543307086614
11
1.2829445669291337
21
1.3185482677165354
0
LINE
8
BLACK
6
CONTINUOUS
10
1.2829445669291337
20
1.3185482677165354
11
1.2937751968503937
21
1.3326629921259843
0
LINE
8
BLACK
6
CONTINUOUS
10
1.2937751968503937
20
1.3326629921259843
11
1.3057947637795275
21
1.3457800393700787
0
LINE
8
BLACK
6
CONTINUOUS
10
1.3057947637795275
20
1.3457800393700787
11
1.318911811023622
21
1.3577996062992126
0
LINE
8
BLACK
6
CONTINUOUS
10
1.318911811023622
20
1.3577996062992126
11
1.3330265354330708
21
1.3686302362204723
0
LINE
8
BLACK
6
CONTINUOUS
10
1.3330265354330708
20
1.3686302362204723
11
1.348031496062992
21
1.3781894488188977
0
LINE
8
BLACK
6
CONTINUOUS
10
1.348031496062992
20
1.3781894488188977
11
1.3638124803149605
21
1.3864044881889763
0
LINE
8
BLACK
6
CONTINUOUS
10
1.3638124803149605
20
1.3864044881889763
11
1.3802494488188977
21
1.3932129133858266
0
LINE
8
BLACK
6
CONTINUOUS
10
1.3802494488188977
20
1.3932129133858266
11
1.3972172047244094
21
1.3985628346456693
0
LINE
8
BLACK
6
CONTINUOUS
10
1.3972172047244094
20
1.3985628346456693
11
1.4145866929133859
21
1.4024135433070866
0
LINE
8
BLACK
6
CONTINUOUS
10
1.4145866929133859
20
1.4024135433070866
11
1.4322257086614172
21
1.4047357874015747
0
LINE
8
BLACK
6
CONTINUOUS
10
1.4322257086614172
20
1.4047357874015747
11
1.45
21
1.405511811023622
0
LINE
8
BLACK
6
CONTINUOUS
10
1.45
20
1.405511811023622
11
1.4677742913385827
21
1.4047357874015747
0
LINE
8
BLACK
6
CONTINUOUS
10
1.4031777559055119
20
1.1503543307086614
11
1.4035039370078739
21
1.1495669291338582
0
LINE
8
BLACK
6
CONTINUOUS
10
1.4035039370078739
20
1.1495669291338582
11
1.4031777559055119
21
1.1487795275590551
0
LINE
8
BLACK
6
CONTINUOUS
10
1.4031777559055119
20
1.1487795275590551
11
1.4035039370078739
21
1.147992125984252
0
LINE
8
BLACK
6
CONTINUOUS
10
1.4035039370078739
20
1.147992125984252
11
1.4031777559055119
21
1.1472047244094488
0
LINE
8
BLACK
6
CONTINUOUS
10
1.4031777559055119
20
1.1472047244094488
11
1.4035039370078739
21
1.1464173228346457
0
LINE
8
BLACK
6
CONTINUOUS
10
1.4035039370078739
20
1.1464173228346457
11
1.4031777559055119
21
1.1456299212598424
0
LINE
8
BLACK
6
CONTINUOUS
10
1.4031777559055119
20
1.1456299212598424
11
1.4035039370078739
21
1.1448425196850394
0
LINE
8
BLACK
6
CONTINUOUS
10
1.4035039370078739
20
1.1448425196850394
11
1.4031777559055119
21
1.1440551181102363
0
LINE
8
BLACK
6
CONTINUOUS
10
1.4031777559055119
20
1.1440551181102363
11
1.4035039370078739
21
1.143267716535433
0
LINE
8
BLACK
6
CONTINUOUS
10
1.4035039370078739
20
1.143267716535433
11
1.4031777559055119
21
1.14248031496063
0
LINE
8
BLACK
6
CONTINUOUS
10
1.4031777559055119
20
1.14248031496063
11
1.4035039370078739
21
1.1416929133858267
0
LINE
8
BLACK
6
CONTINUOUS
10
1.4035039370078739
20
1.1416929133858267
11
1.4031777559055119
21
1.1409055118110236
0
LINE
8
BLACK
6
CONTINUOUS
10
1.4031777559055119
20
1.1409055118110236
11
1.4035039370078739
21
1.1401181102362203
0
LINE
8
BLACK
6
CONTINUOUS
10
1.4035039370078739
20
1.1401181102362203
11
1.4031777559055119
21
1.1393307086614173
0
LINE
8
BLACK
6
CONTINUOUS
10
1.4031777559055119
20
1.1393307086614173
11
1.4035039370078739
21
1.1385433070866142
0
LINE
8
BLACK
6
CONTINUOUS
10
1.4035039370078739
20
1.1385433070866142
11
1.4031777559055119
21
1.1377559055118109
0
LINE
8
BLACK
6
CONTINUOUS
10
1.4031777559055119
20
1.1377559055118109
11
1.4035039370078739
21
1.1369685039370079
0
LINE
8
BLACK
6
CONTINUOUS
10
1.4035039370078739
20
1.1369685039370079
11
1.4031777559055119
21
1.1361811023622046
0
LINE
8
BLACK
6
CONTINUOUS
10
1.4031777559055119
20
1.1361811023622046
11
1.4035039370078739
21
1.1353937007874015
0
LINE
8
BLACK
6
CONTINUOUS
10
1.4035039370078739
20
1.1353937007874015
11
1.4031777559055119
21
1.1346062992125985
0
LINE
8
BLACK
6
CONTINUOUS
10
1.4031777559055119
20
1.1346062992125985
11
1.4035039370078739
21
1.1338188976377952
0
LINE
8
BLACK
6
CONTINUOUS
10
1.4035039370078739
20
1.1338188976377952
11
1.4031777559055119
21
1.1330314960629921
0
LINE
8
BLACK
6
CONTINUOUS
10
1.4031777559055119
20
1.1330314960629921
11
1.4035039370078739
21
1.1322440944881889
0
LINE
8
BLACK
6
CONTINUOUS
10
1.4035039370078739
20
1.1322440944881889
11
1.4031777559055119
21
1.1314566929133858
0
LINE
8
BLACK
6
CONTINUOUS
10
1.4031777559055119
20
1.1314566929133858
11
1.4035039370078739
21
1.1306692913385827
0
LINE
8
BLACK
6
CONTINUOUS
10
1.4035039370078739
20
1.1306692913385827
11
1.4031777559055119
21
1.1298818897637795
0
LINE
8
BLACK
6
CONTINUOUS
10
1.4031777559055119
20
1.1298818897637795
11
1.4035039370078739
21
1.1290944881889764
0
LINE
8
BLACK
6
CONTINUOUS
10
1.4035039370078739
20
1.1290944881889764
11
1.4031777559055119
21
1.1283070866141731
0
LINE
8
BLACK
6
CONTINUOUS
10
1.4031777559055119
20
1.1283070866141731
11
1.4035039370078739
21
1.1275196850393701
0
LINE
8
BLACK
6
CONTINUOUS
10
1.4035039370078739
20
1.1275196850393701
11
1.4031777559055119
21
1.126732283464567
0
LINE
8
BLACK
6
CONTINUOUS
10
1.4031777559055119
20
1.126732283464567
11
1.4035039370078739
21
1.1259448818897637
0
LINE
8
BLACK
6
CONTINUOUS
10
1.4035039370078739
20
1.1259448818897637
11
1.4031777559055119
21
1.1251574803149607
0
LINE
8
BLACK
6
CONTINUOUS
10
1.4031777559055119
20
1.1251574803149607
11
1.4035039370078739
21
1.1243700787401574
0
LINE
8
BLACK
6
CONTINUOUS
10
1.4035039370078739
20
1.1243700787401574
11
1.4031777559055119
21
1.1235826771653543
0
LINE
8
BLACK
6
CONTINUOUS
10
1.4031777559055119
20
1.1235826771653543
11
1.4035039370078739
21
1.1227952755905513
0
LINE
8
BLACK
6
CONTINUOUS
10
1.4035039370078739
20
1.1227952755905513
11
1.4031777559055119
21
1.122007874015748
0
LINE
8
BLACK
6
CONTINUOUS
10
1.4031777559055119
20
1.122007874015748
11
1.4035039370078739
21
1.1212204724409449
0
LINE
8
BLACK
6
CONTINUOUS
10
1.4035039370078739
20
1.1212204724409449
11
1.4031777559055119
21
1.1204330708661416
0
LINE
8
BLACK
6
CONTINUOUS
10
1.4031777559055119
20
1.1204330708661416
11
1.4035039370078739
21
1.1196456692913386
0
LINE
8
BLACK
6
CONTINUOUS
10
1.4035039370078739
20
1.1196456692913386
11
1.4031777559055119
21
1.1188582677165355
0
LINE
8
BLACK
6
CONTINUOUS
10
1.4031777559055119
20
1.1188582677165355
11
1.4035039370078739
21
1.1180708661417322
0
LINE
8
BLACK
6
CONTINUOUS
10
1.4035039370078739
20
1.1180708661417322
11
1.4031777559055119
21
1.1172834645669292
0
LINE
8
BLACK
6
CONTINUOUS
10
1.4031777559055119
20
1.1172834645669292
11
1.4035039370078739
21
1.1164960629921259
0
LINE
8
BLACK
6
CONTINUOUS
10
1.4035039370078739
20
1.1164960629921259
11
1.4031777559055119
21
1.1157086614173228
0
LINE
8
BLACK
6
CONTINUOUS
10
1.4031777559055119
20
1.1157086614173228
11
1.4035039370078739
21
1.1149212598425196
0
LINE
8
BLACK
6
CONTINUOUS
10
1.4035039370078739
20
1.1149212598425196
11
1.4031777559055119
21
1.1141338582677165
0
LINE
8
BLACK
6
CONTINUOUS
10
1.4031777559055119
20
1.1141338582677165
11
1.4035039370078739
21
1.1133464566929134
0
LINE
8
BLACK
6
CONTINUOUS
10
1.4035039370078739
20
1.1133464566929134
11
1.4031777559055119
21
1.1125590551181102
0
LINE
8
BLACK
6
CONTINUOUS
10
1.4031777559055119
20
1.1125590551181102
11
1.4035039370078739
21
1.1117716535433071
0
LINE
8
BLACK
6
CONTINUOUS
10
1.4035039370078739
20
1.1117716535433071
11
1.4031777559055119
21
1.1109842519685038
0
LINE
8
BLACK
6
CONTINUOUS
10
1.4031777559055119
20
1.1109842519685038
11
1.4035039370078739
21
1.1101968503937008
0
LINE
8
BLACK
6
CONTINUOUS
10
1.4035039370078739
20
1.1101968503937008
11
1.4031777559055119
21
1.1094094488188977
0
LINE
8
BLACK
6
CONTINUOUS
10
1.4031777559055119
20
1.1094094488188977
11
1.4035039370078739
21
1.1086220472440944
0
LINE
8
BLACK
6
CONTINUOUS
10
1.4035039370078739
20
1.1086220472440944
11
1.4031777559055119
21
1.1078346456692914
0
LINE
8
BLACK
6
CONTINUOUS
10
1.4031777559055119
20
1.1078346456692914
11
1.4035039370078739
21
1.1070472440944881
0
LINE
8
BLACK
6
CONTINUOUS
10
1.4035039370078739
20
1.1070472440944881
11
1.4031777559055119
21
1.106259842519685
0
LINE
8
BLACK
6
CONTINUOUS
10
1.4031777559055119
20
1.106259842519685
11
1.4035039370078739
21
1.105472440944882
0
LINE
8
BLACK
6
CONTINUOUS
10
1.4035039370078739
20
1.105472440944882
11
1.4031777559055119
21
1.1046850393700787
0
LINE
8
BLACK
6
CONTINUOUS
10
1.4031777559055119
20
1.1046850393700787
11
1.4035039370078739
21
1.1038976377952756
0
LINE
8
BLACK
6
CONTINUOUS
10
1.4035039370078739
20
1.1038976377952756
11
1.4031777559055119
21
1.1031102362204723
0
LINE
8
BLACK
6
CONTINUOUS
10
1.4031777559055119
20
1.1031102362204723
11
1.4035039370078739
21
1.1023228346456693
0
LINE
8
BLACK
6
CONTINUOUS
10
1.4035039370078739
20
1.1023228346456693
11
1.4031777559055119
21
1.1015354330708662
0
LINE
8
BLACK
6
CONTINUOUS
10
1.4031777559055119
20
1.1015354330708662
11
1.4035039370078739
21
1.1007480314960629
0
LINE
8
BLACK
6
CONTINUOUS
10
1.4035039370078739
20
1.1007480314960629
11
1.4031777559055119
21
1.0999606299212599
0
LINE
8
BLACK
6
CONTINUOUS
10
1.4031777559055119
20
1.0999606299212599
11
1.4035039370078739
21
1.0991732283464566
0
LINE
8
BLACK
6
CONTINUOUS
10
1.4035039370078739
20
1.0991732283464566
11
1.4031777559055119
21
1.0983858267716535
0
LINE
8
BLACK
6
CONTINUOUS
10
1.4031777559055119
20
1.0983858267716535
11
1.4035039370078739
21
1.0975984251968505
0
LINE
8
BLACK
6
CONTINUOUS
10
1.4035039370078739
20
1.0975984251968505
11
1.4031777559055119
21
1.0968110236220472
0
LINE
8
BLACK
6
CONTINUOUS
10
1.4031777559055119
20
1.0968110236220472
11
1.4035039370078739
21
1.0960236220472441
0
LINE
8
BLACK
6
CONTINUOUS
10
1.4035039370078739
20
1.0960236220472441
11
1.4031777559055119
21
1.0952362204724408
0
LINE
8
BLACK
6
CONTINUOUS
10
1.4031777559055119
20
1.0952362204724408
11
1.4035039370078739
21
1.0944488188976378
0
LINE
8
BLACK
6
CONTINUOUS
10
1.4035039370078739
20
1.0944488188976378
11
1.4031777559055119
21
1.0936614173228347
0
LINE
8
BLACK
6
CONTINUOUS
10
1.4031777559055119
20
1.0936614173228347
11
1.4035039370078739
21
1.0928740157480314
0
LINE
8
BLACK
6
CONTINUOUS
10
1.4035039370078739
20
1.0928740157480314
11
1.4031777559055119
21
1.0920866141732284
0
LINE
8
BLACK
6
CONTINUOUS
10
1.4031777559055119
20
1.0920866141732284
11
1.4035039370078739
21
1.0912992125984251
0
LINE
8
BLACK
6
CONTINUOUS
10
1.4035039370078739
20
1.0912992125984251
11
1.4031777559055119
21
1.090511811023622
0
LINE
8
BLACK
6
CONTINUOUS
10
1.4031777559055119
20
1.090511811023622
11
1.4035039370078739
21
1.0897244094488188
0
LINE
8
BLACK
6
CONTINUOUS
10
1.4035039370078739
20
1.0897244094488188
11
1.4031777559055119
21
1.0889370078740157
0
LINE
8
BLACK
6
CONTINUOUS
10
1.4031777559055119
20
1.0889370078740157
11
1.4035039370078739
21
1.0881496062992126
0
LINE
8
BLACK
6
CONTINUOUS
10
1.4035039370078739
20
1.0881496062992126
11
1.4031777559055119
21
1.0873622047244094
0
LINE
8
BLACK
6
CONTINUOUS
10
1.4031777559055119
20
1.0873622047244094
11
1.4035039370078739
21
1.0865748031496063
0
LINE
8
BLACK
6
CONTINUOUS
10
1.4035039370078739
20
1.0865748031496063
11
1.4031777559055119
21
1.085787401574803
0
LINE
8
BLACK
6
CONTINUOUS
10
1.4031777559055119
20
1.085787401574803
11
1.4035039370078739
21
1.085
0
LINE
8
BLACK
6
CONTINUOUS
10
1.4035039370078739
20
1.085
11
1.4031777559055119
21
1.0842125984251969
0
LINE
8
BLACK
6
CONTINUOUS
10
1.4031777559055119
20
1.0842125984251969
11
1.4035039370078739
21
1.0834251968503936
0
LINE
8
BLACK
6
CONTINUOUS
10
1.4035039370078739
20
1.0834251968503936
11
1.4031777559055119
21
1.0826377952755906
0
LINE
8
BLACK
6
CONTINUOUS
10
1.4031777559055119
20
1.0826377952755906
11
1.4035039370078739
21
1.0818503937007873
0
LINE
8
BLACK
6
CONTINUOUS
10
1.4035039370078739
20
1.0818503937007873
11
1.4031777559055119
21
1.0810629921259842
0
LINE
8
BLACK
6
CONTINUOUS
10
1.4031777559055119
20
1.0810629921259842
11
1.4035039370078739
21
1.0802755905511812
0
LINE
8
BLACK
6
CONTINUOUS
10
1.4035039370078739
20
1.0802755905511812
11
1.4031777559055119
21
1.0794881889763779
0
LINE
8
BLACK
6
CONTINUOUS
10
1.4031777559055119
20
1.0794881889763779
11
1.4035039370078739
21
1.0787007874015748
0
LINE
8
BLACK
6
CONTINUOUS
10
1.4035039370078739
20
1.0787007874015748
11
1.4031777559055119
21
1.0779133858267715
0
LINE
8
BLACK
6
CONTINUOUS
10
1.4031777559055119
20
1.0779133858267715
11
1.4035039370078739
21
1.0771259842519685
0
LINE
8
BLACK
6
CONTINUOUS
10
1.4035039370078739
20
1.0771259842519685
11
1.4031777559055119
21
1.0763385826771654
0
LINE
8
BLACK
6
CONTINUOUS
10
1.4031777559055119
20
1.0763385826771654
11
1.4035039370078739
21
1.0755511811023621
0
LINE
8
BLACK
6
CONTINUOUS
10
1.4035039370078739
20
1.0755511811023621
11
1.4031777559055119
21
1.0747637795275591
0
LINE
8
BLACK
6
CONTINUOUS
10
1.4031777559055119
20
1.0747637795275591
11
1.4035039370078739
21
1.0739763779527558
0
LINE
8
BLACK
6
CONTINUOUS
10
1.4035039370078739
20
1.0739763779527558
11
1.4031777559055119
21
1.0731889763779527
0
LINE
8
BLACK
6
CONTINUOUS
10
1.4031777559055119
20
1.0731889763779527
11
1.4035039370078739
21
1.0724015748031497
0
LINE
8
BLACK
6
CONTINUOUS
10
1.4035039370078739
20
1.0724015748031497
11
1.4031777559055119
21
1.0716141732283464
0
LINE
8
BLACK
6
CONTINUOUS
10
1.4031777559055119
20
1.0716141732283464
11
1.4035039370078739
21
1.0708267716535433
0
LINE
8
BLACK
6
CONTINUOUS
10
1.4035039370078739
20
1.0708267716535433
11
1.4031777559055119
21
1.0700393700787401
0
LINE
8
BLACK
6
CONTINUOUS
10
1.4031777559055119
20
1.0700393700787401
11
1.4035039370078739
21
1.069251968503937
0
LINE
8
BLACK
6
CONTINUOUS
10
1.4035039370078739
20
1.069251968503937
11
1.4031777559055119
21
1.0684645669291339
0
LINE
8
BLACK
6
CONTINUOUS
10
1.4031777559055119
20
1.0684645669291339
11
1.4035039370078739
21
1.0676771653543307
0
LINE
8
BLACK
6
CONTINUOUS
10
1.4035039370078739
20
1.0676771653543307
11
1.4031777559055119
21
1.0668897637795276
0
LINE
8
BLACK
6
CONTINUOUS
10
1.4031777559055119
20
1.0668897637795276
11
1.4035039370078739
21
1.0661023622047243
0
LINE
8
BLACK
6
CONTINUOUS
10
1.4035039370078739
20
1.0661023622047243
11
1.4031777559055119
21
1.0653149606299213
0
LINE
8
BLACK
6
CONTINUOUS
10
1.4031777559055119
20
1.0653149606299213
11
1.4035039370078739
21
1.064527559055118
0
LINE
8
BLACK
6
CONTINUOUS
10
1.4035039370078739
20
1.064527559055118
11
1.4031777559055119
21
1.0637401574803149
0
LINE
8
BLACK
6
CONTINUOUS
10
1.4031777559055119
20
1.0637401574803149
11
1.4035039370078739
21
1.0629527559055119
0
LINE
8
BLACK
6
CONTINUOUS
10
1.4035039370078739
20
1.0629527559055119
11
1.4031777559055119
21
1.0621653543307086
0
LINE
8
BLACK
6
CONTINUOUS
10
1.4031777559055119
20
1.0621653543307086
11
1.4035039370078739
21
1.0613779527559055
0
LINE
8
BLACK
6
CONTINUOUS
10
1.4035039370078739
20
1.0613779527559055
11
1.4031777559055119
21
1.0605905511811022
0
LINE
8
BLACK
6
CONTINUOUS
10
1.4031777559055119
20
1.0605905511811022
11
1.4035039370078739
21
1.0598031496062992
0
LINE
8
BLACK
6
CONTINUOUS
10
1.4035039370078739
20
1.0598031496062992
11
1.4031777559055119
21
1.0590157480314961
0
LINE
8
BLACK
6
CONTINUOUS
10
1.4031777559055119
20
1.0590157480314961
11
1.4035039370078739
21
1.0582283464566928
0
LINE
8
BLACK
6
CONTINUOUS
10
1.4035039370078739
20
1.0582283464566928
11
1.4031777559055119
21
1.0574409448818898
0
LINE
8
BLACK
6
CONTINUOUS
10
1.4031777559055119
20
1.0574409448818898
11
1.4035039370078739
21
1.0566535433070865
0
LINE
8
BLACK
6
CONTINUOUS
10
1.4035039370078739
20
1.0566535433070865
11
1.4031777559055119
21
1.0558661417322834
0
LINE
8
BLACK
6
CONTINUOUS
10
1.4031777559055119
20
1.0558661417322834
11
1.4968222047244095
21
1.0558661417322834
0
LINE
8
BLACK
6
CONTINUOUS
10
1.4968222047244095
20
1.0558661417322834
11
1.496496062992126
21
1.0566535433070865
0
LINE
8
BLACK
6
CONTINUOUS
10
1.496496062992126
20
1.0566535433070865
11
1.4968222047244095
21
1.0574409448818898
0
LINE
8
BLACK
6
CONTINUOUS
10
1.4968222047244095
20
1.0574409448818898
11
1.496496062992126
21
1.0582283464566928
0
LINE
8
BLACK
6
CONTINUOUS
10
1.496496062992126
20
1.0582283464566928
11
1.4968222047244095
21
1.0590157480314961
0
LINE
8
BLACK
6
CONTINUOUS
10
1.4968222047244095
20
1.0590157480314961
11
1.496496062992126
21
1.0598031496062992
0
LINE
8
BLACK
6
CONTINUOUS
10
1.496496062992126
20
1.0598031496062992
11
1.4968222047244095
21
1.0605905511811022
0
LINE
8
BLACK
6
CONTINUOUS
10
1.4968222047244095
20
1.0605905511811022
11
1.496496062992126
21
1.0613779527559055
0
LINE
8
BLACK
6
CONTINUOUS
10
1.496496062992126
20
1.0613779527559055
11
1.4968222047244095
21
1.0621653543307086
0
LINE
8
BLACK
6
CONTINUOUS
10
1.4968222047244095
20
1.0621653543307086
11
1.496496062992126
21
1.0629527559055119
0
LINE
8
BLACK
6
CONTINUOUS
10
1.496496062992126
20
1.0629527559055119
11
1.4968222047244095
21
1.0637401574803149
0
LINE
8
BLACK
6
CONTINUOUS
10
1.4968222047244095
20
1.0637401574803149
11
1.496496062992126
21
1.064527559055118
0
LINE
8
BLACK
6
CONTINUOUS
10
1.496496062992126
20
1.064527559055118
11
1.4968222047244095
21
1.0653149606299213
0
LINE
8
BLACK
6
CONTINUOUS
10
1.4968222047244095
20
1.0653149606299213
11
1.496496062992126
21
1.0661023622047243
0
LINE
8
BLACK
6
CONTINUOUS
10
1.496496062992126
20
1.0661023622047243
11
1.4968222047244095
21
1.0668897637795276
0
LINE
8
BLACK
6
CONTINUOUS
10
1.4968222047244095
20
1.0668897637795276
11
1.496496062992126
21
1.0676771653543307
0
LINE
8
BLACK
6
CONTINUOUS
10
1.496496062992126
20
1.0676771653543307
11
1.4968222047244095
21
1.0684645669291339
0
LINE
8
BLACK
6
CONTINUOUS
10
1.4968222047244095
20
1.0684645669291339
11
1.496496062992126
21
1.069251968503937
0
LINE
8
BLACK
6
CONTINUOUS
10
1.496496062992126
20
1.069251968503937
11
1.4968222047244095
21
1.0700393700787401
0
LINE
8
BLACK
6
CONTINUOUS
10
1.4968222047244095
20
1.0700393700787401
11
1.496496062992126
21
1.0708267716535433
0
LINE
8
BLACK
6
CONTINUOUS
10
1.496496062992126
20
1.0708267716535433
11
1.4968222047244095
21
1.0716141732283464
0
LINE
8
BLACK
6
CONTINUOUS
10
1.4968222047244095
20
1.0716141732283464
11
1.496496062992126
21
1.0724015748031497
0
LINE
8
BLACK
6
CONTINUOUS
10
1.496496062992126
20
1.0724015748031497
11
1.4968222047244095
21
1.0731889763779527
0
LINE
8
BLACK
6
CONTINUOUS
10
1.4968222047244095
20
1.0731889763779527
11
1.496496062992126
21
1.0739763779527558
0
LINE
8
BLACK
6
CONTINUOUS
10
1.496496062992126
20
1.0739763779527558
11
1.4968222047244095
21
1.0747637795275591
0
LINE
8
BLACK
6
CONTINUOUS
10
1.4968222047244095
20
1.0747637795275591
11
1.496496062992126
21
1.0755511811023621
0
LINE
8
BLACK
6
CONTINUOUS
10
1.496496062992126
20
1.0755511811023621
11
1.4968222047244095
21
1.0763385826771654
0
LINE
8
BLACK
6
CONTINUOUS
10
1.4968222047244095
20
1.0763385826771654
11
1.496496062992126
21
1.0771259842519685
0
LINE
8
BLACK
6
CONTINUOUS
10
1.496496062992126
20
1.0771259842519685
11
1.4968222047244095
21
1.0779133858267715
0
LINE
8
BLACK
6
CONTINUOUS
10
1.4968222047244095
20
1.0779133858267715
11
1.496496062992126
21
1.0787007874015748
0
LINE
8
BLACK
6
CONTINUOUS
10
1.496496062992126
20
1.0787007874015748
11
1.4968222047244095
21
1.0794881889763779
0
LINE
8
BLACK
6
CONTINUOUS
10
1.4968222047244095
20
1.0794881889763779
11
1.496496062992126
21
1.0802755905511812
0
LINE
8
BLACK
6
CONTINUOUS
10
1.496496062992126
20
1.0802755905511812
11
1.4968222047244095
21
1.0810629921259842
0
LINE
8
BLACK
6
CONTINUOUS
10
1.4968222047244095
20
1.0810629921259842
11
1.496496062992126
21
1.0818503937007873
0
LINE
8
BLACK
6
CONTINUOUS
10
1.496496062992126
20
1.0818503937007873
11
1.4968222047244095
21
1.0826377952755906
0
LINE
8
BLACK
6
CONTINUOUS
10
1.4968222047244095
20
1.0826377952755906
11
1.496496062992126
21
1.0834251968503936
0
LINE
8
BLACK
6
CONTINUOUS
10
1.496496062992126
20
1.0834251968503936
11
1.4968222047244095
21
1.0842125984251969
0
LINE
8
BLACK
6
CONTINUOUS
10
1.4968222047244095
20
1.0842125984251969
11
1.496496062992126
21
1.085
0
LINE
8
BLACK
6
CONTINUOUS
10
1.496496062992126
20
1.085
11
1.4968222047244095
21
1.085787401574803
0
LINE
8
BLACK
6
CONTINUOUS
10
1.4968222047244095
20
1.085787401574803
11
1.496496062992126
21
1.0865748031496063
0
LINE
8
BLACK
6
CONTINUOUS
10
1.496496062992126
20
1.0865748031496063
11
1.4968222047244095
21
1.0873622047244094
0
LINE
8
BLACK
6
CONTINUOUS
10
1.4968222047244095
20
1.0873622047244094
11
1.496496062992126
21
1.0881496062992126
0
LINE
8
BLACK
6
CONTINUOUS
10
1.496496062992126
20
1.0881496062992126
11
1.4968222047244095
21
1.0889370078740157
0
LINE
8
BLACK
6
CONTINUOUS
10
1.4968222047244095
20
1.0889370078740157
11
1.496496062992126
21
1.0897244094488188
0
LINE
8
BLACK
6
CONTINUOUS
10
1.496496062992126
20
1.0897244094488188
11
1.4968222047244095
21
1.090511811023622
0
LINE
8
BLACK
6
CONTINUOUS
10
1.4968222047244095
20
1.090511811023622
11
1.496496062992126
21
1.0912992125984251
0
LINE
8
BLACK
6
CONTINUOUS
10
1.496496062992126
20
1.0912992125984251
11
1.4968222047244095
21
1.0920866141732284
0
LINE
8
BLACK
6
CONTINUOUS
10
1.4968222047244095
20
1.0920866141732284
11
1.496496062992126
21
1.0928740157480314
0
LINE
8
BLACK
6
CONTINUOUS
10
1.496496062992126
20
1.0928740157480314
11
1.4968222047244095
21
1.0936614173228347
0
LINE
8
BLACK
6
CONTINUOUS
10
1.4968222047244095
20
1.0936614173228347
11
1.496496062992126
21
1.0944488188976378
0
LINE
8
BLACK
6
CONTINUOUS
10
1.496496062992126
20
1.0944488188976378
11
1.4968222047244095
21
1.0952362204724408
0
LINE
8
BLACK
6
CONTINUOUS
10
1.4968222047244095
20
1.0952362204724408
11
1.496496062992126
21
1.0960236220472441
0
LINE
8
BLACK
6
CONTINUOUS
10
1.496496062992126
20
1.0960236220472441
11
1.4968222047244095
21
1.0968110236220472
0
LINE
8
BLACK
6
CONTINUOUS
10
1.4968222047244095
20
1.0968110236220472
11
1.496496062992126
21
1.0975984251968505
0
LINE
8
BLACK
6
CONTINUOUS
10
1.496496062992126
20
1.0975984251968505
11
1.4968222047244095
21
1.0983858267716535
0
LINE
8
BLACK
6
CONTINUOUS
10
1.4968222047244095
20
1.0983858267716535
11
1.496496062992126
21
1.0991732283464566
0
LINE
8
BLACK
6
CONTINUOUS
10
1.496496062992126
20
1.0991732283464566
11
1.4968222047244095
21
1.0999606299212599
0
LINE
8
BLACK
6
CONTINUOUS
10
1.4968222047244095
20
1.0999606299212599
11
1.496496062992126
21
1.1007480314960629
0
LINE
8
BLACK
6
CONTINUOUS
10
1.496496062992126
20
1.1007480314960629
11
1.4968222047244095
21
1.1015354330708662
0
LINE
8
BLACK
6
CONTINUOUS
10
1.4968222047244095
20
1.1015354330708662
11
1.496496062992126
21
1.1023228346456693
0
LINE
8
BLACK
6
CONTINUOUS
10
1.496496062992126
20
1.1023228346456693
11
1.4968222047244095
21
1.1031102362204723
0
LINE
8
BLACK
6
CONTINUOUS
10
1.4968222047244095
20
1.1031102362204723
11
1.496496062992126
21
1.1038976377952756
0
LINE
8
BLACK
6
CONTINUOUS
10
1.496496062992126
20
1.1038976377952756
11
1.4968222047244095
21
1.1046850393700787
0
LINE
8
BLACK
6
CONTINUOUS
10
1.4968222047244095
20
1.1046850393700787
11
1.496496062992126
21
1.105472440944882
0
LINE
8
BLACK
6
CONTINUOUS
10
1.496496062992126
20
1.105472440944882
11
1.4968222047244095
21
1.106259842519685
0
LINE
8
BLACK
6
CONTINUOUS
10
1.4968222047244095
20
1.106259842519685
11
1.496496062992126
21
1.1070472440944881
0
LINE
8
BLACK
6
CONTINUOUS
10
1.496496062992126
20
1.1070472440944881
11
1.4968222047244095
21
1.1078346456692914
0
LINE
8
BLACK
6
CONTINUOUS
10
1.4968222047244095
20
1.1078346456692914
11
1.496496062992126
21
1.1086220472440944
0
LINE
8
BLACK
6
CONTINUOUS
10
1.496496062992126
20
1.1086220472440944
11
1.4968222047244095
21
1.1094094488188977
0
LINE
8
BLACK
6
CONTINUOUS
10
1.4968222047244095
20
1.1094094488188977
11
1.496496062992126
21
1.1101968503937008
0
LINE
8
BLACK
6
CONTINUOUS
10
1.496496062992126
20
1.1101968503937008
11
1.4968222047244095
21
1.1109842519685038
0
LINE
8
BLACK
6
CONTINUOUS
10
1.4968222047244095
20
1.1109842519685038
11
1.496496062992126
21
1.1117716535433071
0
LINE
8
BLACK
6
CONTINUOUS
10
1.496496062992126
20
1.1117716535433071
11
1.4968222047244095
21
1.1125590551181102
0
LINE
8
BLACK
6
CONTINUOUS
10
1.4968222047244095
20
1.1125590551181102
11
1.496496062992126
21
1.1133464566929134
0
LINE
8
BLACK
6
CONTINUOUS
10
1.496496062992126
20
1.1133464566929134
11
1.4968222047244095
21
1.1141338582677165
0
LINE
8
BLACK
6
CONTINUOUS
10
1.4968222047244095
20
1.1141338582677165
11
1.496496062992126
21
1.1149212598425196
0
LINE
8
BLACK
6
CONTINUOUS
10
1.496496062992126
20
1.1149212598425196
11
1.4968222047244095
21
1.1157086614173228
0
LINE
8
BLACK
6
CONTINUOUS
10
1.4968222047244095
20
1.1157086614173228
11
1.496496062992126
21
1.1164960629921259
0
LINE
8
BLACK
6
CONTINUOUS
10
1.496496062992126
20
1.1164960629921259
11
1.4968222047244095
21
1.1172834645669292
0
LINE
8
BLACK
6
CONTINUOUS
10
1.4968222047244095
20
1.1172834645669292
11
1.496496062992126
21
1.1180708661417322
0
LINE
8
BLACK
6
CONTINUOUS
10
1.496496062992126
20
1.1180708661417322
11
1.4968222047244095
21
1.1188582677165355
0
LINE
8
BLACK
6
CONTINUOUS
10
1.4968222047244095
20
1.1188582677165355
11
1.496496062992126
21
1.1196456692913386
0
LINE
8
BLACK
6
CONTINUOUS
10
1.496496062992126
20
1.1196456692913386
11
1.4968222047244095
21
1.1204330708661416
0
LINE
8
BLACK
6
CONTINUOUS
10
1.4968222047244095
20
1.1204330708661416
11
1.496496062992126
21
1.1212204724409449
0
LINE
8
BLACK
6
CONTINUOUS
10
1.496496062992126
20
1.1212204724409449
11
1.4968222047244095
21
1.122007874015748
0
LINE
8
BLACK
6
CONTINUOUS
10
1.4968222047244095
20
1.122007874015748
11
1.496496062992126
21
1.1227952755905513
0
LINE
8
BLACK
6
CONTINUOUS
10
1.496496062992126
20
1.1227952755905513
11
1.4968222047244095
21
1.1235826771653543
0
LINE
8
BLACK
6
CONTINUOUS
10
1.4968222047244095
20
1.1235826771653543
11
1.496496062992126
21
1.1243700787401574
0
LINE
8
BLACK
6
CONTINUOUS
10
1.496496062992126
20
1.1243700787401574
11
1.4968222047244095
21
1.1251574803149607
0
LINE
8
BLACK
6
CONTINUOUS
10
1.4968222047244095
20
1.1251574803149607
11
1.496496062992126
21
1.1259448818897637
0
LINE
8
BLACK
6
CONTINUOUS
10
1.496496062992126
20
1.1259448818897637
11
1.4968222047244095
21
1.126732283464567
0
LINE
8
BLACK
6
CONTINUOUS
10
1.4968222047244095
20
1.126732283464567
11
1.496496062992126
21
1.1275196850393701
0
LINE
8
BLACK
6
CONTINUOUS
10
1.496496062992126
20
1.1275196850393701
11
1.4968222047244095
21
1.1283070866141731
0
LINE
8
BLACK
6
CONTINUOUS
10
1.4968222047244095
20
1.1283070866141731
11
1.496496062992126
21
1.1290944881889764
0
LINE
8
BLACK
6
CONTINUOUS
10
1.496496062992126
20
1.1290944881889764
11
1.4968222047244095
21
1.1298818897637795
0
LINE
8
BLACK
6
CONTINUOUS
10
1.4968222047244095
20
1.1298818897637795
11
1.496496062992126
21
1.1306692913385827
0
LINE
8
BLACK
6
CONTINUOUS
10
1.496496062992126
20
1.1306692913385827
11
1.4968222047244095
21
1.1314566929133858
0
LINE
8
BLACK
6
CONTINUOUS
10
1.4968222047244095
20
1.1314566929133858
11
1.496496062992126
21
1.1322440944881889
0
LINE
8
BLACK
6
CONTINUOUS
10
1.496496062992126
20
1.1322440944881889
11
1.4968222047244095
21
1.1330314960629921
0
LINE
8
BLACK
6
CONTINUOUS
10
1.4968222047244095
20
1.1330314960629921
11
1.496496062992126
21
1.1338188976377952
0
LINE
8
BLACK
6
CONTINUOUS
10
1.496496062992126
20
1.1338188976377952
11
1.4968222047244095
21
1.1346062992125985
0
LINE
8
BLACK
6
CONTINUOUS
10
1.4968222047244095
20
1.1346062992125985
11
1.496496062992126
21
1.1353937007874015
0
LINE
8
BLACK
6
CONTINUOUS
10
1.496496062992126
20
1.1353937007874015
11
1.4968222047244095
21
1.1361811023622046
0
LINE
8
BLACK
6
CONTINUOUS
10
1.4968222047244095
20
1.1361811023622046
11
1.496496062992126
21
1.1369685039370079
0
LINE
8
BLACK
6
CONTINUOUS
10
1.496496062992126
20
1.1369685039370079
11
1.4968222047244095
21
1.1377559055118109
0
LINE
8
BLACK
6
CONTINUOUS
10
1.4968222047244095
20
1.1377559055118109
11
1.496496062992126
21
1.1385433070866142
0
LINE
8
BLACK
6
CONTINUOUS
10
1.496496062992126
20
1.1385433070866142
11
1.4968222047244095
21
1.1393307086614173
0
LINE
8
BLACK
6
CONTINUOUS
10
1.4968222047244095
20
1.1393307086614173
11
1.496496062992126
21
1.1401181102362203
0
LINE
8
BLACK
6
CONTINUOUS
10
1.496496062992126
20
1.1401181102362203
11
1.4968222047244095
21
1.1409055118110236
0
LINE
8
BLACK
6
CONTINUOUS
10
1.4968222047244095
20
1.1409055118110236
11
1.496496062992126
21
1.1416929133858267
0
LINE
8
BLACK
6
CONTINUOUS
10
1.496496062992126
20
1.1416929133858267
11
1.4968222047244095
21
1.14248031496063
0
LINE
8
BLACK
6
CONTINUOUS
10
1.4968222047244095
20
1.14248031496063
11
1.496496062992126
21
1.143267716535433
0
LINE
8
BLACK
6
CONTINUOUS
10
1.496496062992126
20
1.143267716535433
11
1.4968222047244095
21
1.1440551181102363
0
LINE
8
BLACK
6
CONTINUOUS
10
1.4968222047244095
20
1.1440551181102363
11
1.496496062992126
21
1.1448425196850394
0
LINE
8
BLACK
6
CONTINUOUS
10
1.496496062992126
20
1.1448425196850394
11
1.4968222047244095
21
1.1456299212598424
0
LINE
8
BLACK
6
CONTINUOUS
10
1.4968222047244095
20
1.1456299212598424
11
1.496496062992126
21
1.1464173228346457
0
LINE
8
BLACK
6
CONTINUOUS
10
1.496496062992126
20
1.1464173228346457
11
1.4968222047244095
21
1.1472047244094488
0
LINE
8
BLACK
6
CONTINUOUS
10
1.4968222047244095
20
1.1472047244094488
11
1.496496062992126
21
1.147992125984252
0
LINE
8
BLACK
6
CONTINUOUS
10
1.496496062992126
20
1.147992125984252
11
1.4968222047244095
21
1.1487795275590551
0
LINE
8
BLACK
6
CONTINUOUS
10
1.4968222047244095
20
1.1487795275590551
11
1.496496062992126
21
1.1495669291338582
0
LINE
8
BLACK
6
CONTINUOUS
10
1.496496062992126
20
1.1495669291338582
11
1.4968222440944881
21
1.1503543307086614
0
LINE
8
BLACK
6
CONTINUOUS
10
1.4968222440944881
20
1.1503543307086614
11
1.4031777559055119
21
1.1503543307086614
0
LINE
8
BLACK
6
CONTINUOUS
10
1.4326209448818896
20
1.4002184251968504
11
1.4153741338582677
21
1.3979478346456693
0
LINE
8
BLACK
6
CONTINUOUS
10
1.4153741338582677
20
1.3979478346456693
11
1.3983908661417324
21
1.394182716535433
0
LINE
8
BLACK
6
CONTINUOUS
10
1.3983908661417324
20
1.394182716535433
11
1.3818003543307087
21
1.3889517716535433
0
LINE
8
BLACK
6
CONTINUOUS
10
1.3818003543307087
20
1.3889517716535433
11
1.3657288976377953
21
1.3822947637795275
0
LINE
8
BLACK
6
CONTINUOUS
10
1.3657288976377953
20
1.3822947637795275
11
1.3502988188976377
21
1.3742623622047243
0
LINE
8
BLACK
6
CONTINUOUS
10
1.3502988188976377
20
1.3742623622047243
11
1.3356274803149606
21
1.3649156692913385
0
LINE
8
BLACK
6
CONTINUOUS
10
1.3356274803149606
20
1.3649156692913385
11
1.3218266141732282
21
1.3543259055118111
0
LINE
8
BLACK
6
CONTINUOUS
10
1.3218266141732282
20
1.3543259055118111
11
1.3090012204724408
21
1.3425735826771654
0
LINE
8
BLACK
6
CONTINUOUS
10
1.3090012204724408
20
1.3425735826771654
11
1.2972488976377952
21
1.329748188976378
0
LINE
8
BLACK
6
CONTINUOUS
10
1.2972488976377952
20
1.329748188976378
11
1.2866591338582676
21
1.3159473228346457
0
LINE
8
BLACK
6
CONTINUOUS
10
1.2866591338582676
20
1.3159473228346457
11
1.2773124409448819
21
1.3012759842519686
0
LINE
8
BLACK
6
CONTINUOUS
10
1.2773124409448819
20
1.3012759842519686
11
1.2692800393700787
21
1.285845905511811
0
LINE
8
BLACK
6
CONTINUOUS
10
1.2692800393700787
20
1.285845905511811
11
1.2626230314960629
21
1.2697744488188976
0
LINE
8
BLACK
6
CONTINUOUS
10
1.2626230314960629
20
1.2697744488188976
11
1.2573920866141732
21
1.2531839370078739
0
LINE
8
BLACK
6
CONTINUOUS
10
1.2573920866141732
20
1.2531839370078739
11
1.253626968503937
21
1.2362006692913385
0
LINE
8
BLACK
6
CONTINUOUS
10
1.253626968503937
20
1.2362006692913385
11
1.2513563779527559
21
1.2189538582677164
0
LINE
8
BLACK
6
CONTINUOUS
10
1.2513563779527559
20
1.2189538582677164
11
1.250700748031496
21
1.2039370078740157
0
LINE
8
BLACK
6
CONTINUOUS
10
1.250700748031496
20
1.2039370078740157
11
1.6492992519685039
21
1.2039370078740157
0
LINE
8
BLACK
6
CONTINUOUS
10
1.6492992519685039
20
1.2039370078740157
11
1.648643622047244
21
1.2189538582677164
0
LINE
8
BLACK
6
CONTINUOUS
10
1.648643622047244
20
1.2189538582677164
11
1.646373031496063
21
1.2362006692913385
0
LINE
8
BLACK
6
CONTINUOUS
10
1.646373031496063
20
1.2362006692913385
11
1.6426079133858267
21
1.2531839370078739
0
LINE
8
BLACK
6
CONTINUOUS
10
1.6426079133858267
20
1.2531839370078739
11
1.637376968503937
21
1.2697744488188976
0
LINE
8
BLACK
6
CONTINUOUS
10
1.637376968503937
20
1.2697744488188976
11
1.6307199606299212
21
1.285845905511811
0
LINE
8
BLACK
6
CONTINUOUS
10
1.6307199606299212
20
1.285845905511811
11
1.622687559055118
21
1.3012759842519686
0
LINE
8
BLACK
6
CONTINUOUS
10
1.622687559055118
20
1.3012759842519686
11
1.6133408661417323
21
1.3159473228346457
0
LINE
8
BLACK
6
CONTINUOUS
10
1.6133408661417323
20
1.3159473228346457
11
1.6027511023622047
21
1.329748188976378
0
LINE
8
BLACK
6
CONTINUOUS
10
1.6027511023622047
20
1.329748188976378
11
1.5909987795275591
21
1.3425735826771654
0
LINE
8
BLACK
6
CONTINUOUS
10
1.5909987795275591
20
1.3425735826771654
11
1.5781733858267717
21
1.3543259055118111
0
LINE
8
BLACK
6
CONTINUOUS
10
1.5781733858267717
20
1.3543259055118111
11
1.5643725196850393
21
1.3649156692913385
0
LINE
8
BLACK
6
CONTINUOUS
10
1.5643725196850393
20
1.3649156692913385
11
1.549701220472441
21
1.3742623622047243
0
LINE
8
BLACK
6
CONTINUOUS
10
1.549701220472441
20
1.3742623622047243
11
1.5342711023622047
21
1.3822947637795275
0
LINE
8
BLACK
6
CONTINUOUS
10
1.5342711023622047
20
1.3822947637795275
11
1.5181996456692912
21
1.3889517716535433
0
LINE
8
BLACK
6
CONTINUOUS
10
1.5181996456692912
20
1.3889517716535433
11
1.5016091338582678
21
1.394182716535433
0
LINE
8
BLACK
6
CONTINUOUS
10
1.5016091338582678
20
1.394182716535433
11
1.4846258661417322
21
1.3979478346456693
0
LINE
8
BLACK
6
CONTINUOUS
10
1.4846258661417322
20
1.3979478346456693
11
1.4673790551181103
21
1.4002184251968504
0
LINE
8
BLACK
6
CONTINUOUS
10
1.4673790551181103
20
1.4002184251968504
11
1.45
21
1.4009772047244093
0
LINE
8
BLACK
6
CONTINUOUS
10
1.45
20
1.4009772047244093
11
1.4326209448818896
21
1.4002184251968504
0
LINE
8
BLACK
6
CONTINUOUS
10
0.9770900393700788
20
1.0692426377952755
11
0.9786429527559055
21
1.0665529133858267
0
LINE
8
BLACK
6
CONTINUOUS
10
0.9786429527559055
20
1.0665529133858267
11
0.9786429527559055
21
1.0634470866141732
0
LINE
8
BLACK
6
CONTINUOUS
10
0.9786429527559055
20
1.0634470866141732
11
0.9770900393700788
21
1.0607573622047244
0
LINE
8
BLACK
6
CONTINUOUS
10
0.9770900393700788
20
1.0607573622047244
11
0.9752344488188976
21
1.0589017716535434
0
LINE
8
BLACK
6
CONTINUOUS
10
0.9752344488188976
20
1.0589017716535434
11
0.9731331102362204
21
1.0525977559055117
0
LINE
8
BLACK
6
CONTINUOUS
10
0.9731331102362204
20
1.0525977559055117
11
0.9731331102362204
21
1.048830748031496
0
LINE
8
BLACK
6
CONTINUOUS
10
0.9731331102362204
20
1.048830748031496
11
0.9752344488188976
21
1.0425267322834646
0
LINE
8
BLACK
6
CONTINUOUS
10
0.9752344488188976
20
1.0425267322834646
11
0.9792586220472441
21
1.038502559055118
0
LINE
8
BLACK
6
CONTINUOUS
10
0.9792586220472441
20
1.038502559055118
11
0.9835129133858268
21
1.0363753937007874
0
LINE
8
BLACK
6
CONTINUOUS
10
0.9835129133858268
20
1.0363753937007874
11
0.9935861023622047
21
1.0338571259842519
0
LINE
8
BLACK
6
CONTINUOUS
10
0.9935861023622047
20
1.0338571259842519
11
1.0006801181102363
21
1.0338571259842519
0
LINE
8
BLACK
6
CONTINUOUS
10
1.0006801181102363
20
1.0338571259842519
11
1.0107532677165354
21
1.0363753937007874
0
LINE
8
BLACK
6
CONTINUOUS
10
1.0107532677165354
20
1.0363753937007874
11
1.0150075590551182
21
1.038502559055118
0
LINE
8
BLACK
6
CONTINUOUS
10
1.0150075590551182
20
1.038502559055118
11
1.0190317716535433
21
1.0425267716535433
0
LINE
8
BLACK
6
CONTINUOUS
10
1.0190317716535433
20
1.0425267716535433
11
1.0211331102362204
21
1.0488307086614173
0
LINE
8
BLACK
6
CONTINUOUS
10
1.0211331102362204
20
1.0488307086614173
11
1.0211331102362204
21
1.0525977952755905
0
LINE
8
BLACK
6
CONTINUOUS
10
1.0211331102362204
20
1.0525977952755905
11
1.0190317716535433
21
1.0589017322834646
0
LINE
8
BLACK
6
CONTINUOUS
10
1.0190317716535433
20
1.0589017322834646
11
1.0171761811023621
21
1.0607573622047244
0
LINE
8
BLACK
6
CONTINUOUS
10
1.0171761811023621
20
1.0607573622047244
11
1.0156232677165353
21
1.0634470866141732
0
LINE
8
BLACK
6
CONTINUOUS
10
1.0156232677165353
20
1.0634470866141732
11
1.0156232677165353
21
1.0665529133858267
0
LINE
8
BLACK
6
CONTINUOUS
10
1.0156232677165353
20
1.0665529133858267
11
1.0171761811023621
21
1.0692426377952755
0
LINE
8
BLACK
6
CONTINUOUS
10
1.0171761811023621
20
1.0692426377952755
11
1.0198659055118111
21
1.0707955511811023
0
LINE
8
BLACK
6
CONTINUOUS
10
1.0198659055118111
20
1.0707955511811023
11
1.0229717322834646
21
1.0707955511811023
0
LINE
8
BLACK
6
CONTINUOUS
10
1.0229717322834646
20
1.0707955511811023
11
1.0256614566929134
21
1.0692426377952755
0
LINE
8
BLACK
6
CONTINUOUS
10
1.0256614566929134
20
1.0692426377952755
11
1.028518622047244
21
1.0663854724409449
0
LINE
8
BLACK
6
CONTINUOUS
10
1.028518622047244
20
1.0663854724409449
11
1.029208188976378
21
1.065191062992126
0
LINE
8
BLACK
6
CONTINUOUS
10
1.029208188976378
20
1.065191062992126
11
1.0299680708661416
21
1.0640401968503936
0
LINE
8
BLACK
6
CONTINUOUS
10
1.0299680708661416
20
1.0640401968503936
11
1.0328252362204724
21
1.055468779527559
0
LINE
8
BLACK
6
CONTINUOUS
10
1.0328252362204724
20
1.055468779527559
11
1.0328831102362204
21
1.0545043700787402
0
LINE
8
BLACK
6
CONTINUOUS
10
1.0328831102362204
20
1.0545043700787402
11
1.0331331102362205
21
1.0535714173228345
0
LINE
8
BLACK
6
CONTINUOUS
10
1.0331331102362205
20
1.0535714173228345
11
1.0331331102362205
21
1.047857125984252
0
LINE
8
BLACK
6
CONTINUOUS
10
1.0331331102362205
20
1.047857125984252
11
1.0328831102362204
21
1.0469241338582678
0
LINE
8
BLACK
6
CONTINUOUS
10
1.0328831102362204
20
1.0469241338582678
11
1.0328252362204724
21
1.0459597637795275
0
LINE
8
BLACK
6
CONTINUOUS
10
1.0328252362204724
20
1.0459597637795275
11
1.0299680708661416
21
1.0373883464566929
0
LINE
8
BLACK
6
CONTINUOUS
10
1.0299680708661416
20
1.0373883464566929
11
1.029208188976378
21
1.0362374409448818
0
LINE
8
BLACK
6
CONTINUOUS
10
1.029208188976378
20
1.0362374409448818
11
1.028518622047244
21
1.0350430708661418
0
LINE
8
BLACK
6
CONTINUOUS
10
1.028518622047244
20
1.0350430708661418
11
1.0228043307086614
21
1.029328779527559
0
LINE
8
BLACK
6
CONTINUOUS
10
1.0228043307086614
20
1.029328779527559
11
1.0219677559055118
21
1.0288457874015748
0
LINE
8
BLACK
6
CONTINUOUS
10
1.0219677559055118
20
1.0288457874015748
11
1.0212449606299212
21
1.028204842519685
0
LINE
8
BLACK
6
CONTINUOUS
10
1.0212449606299212
20
1.028204842519685
11
1.0155306692913386
21
1.025347716535433
0
LINE
8
BLACK
6
CONTINUOUS
10
1.0155306692913386
20
1.025347716535433
11
1.0148817716535432
21
1.0252149212598425
0
LINE
8
BLACK
6
CONTINUOUS
10
1.0148817716535432
20
1.0252149212598425
11
1.0143026377952755
21
1.0248934251968504
0
LINE
8
BLACK
6
CONTINUOUS
10
1.0143026377952755
20
1.0248934251968504
11
1.0028740551181101
21
1.0220362598425197
0
LINE
8
BLACK
6
CONTINUOUS
10
1.0028740551181101
20
1.0220362598425197
11
1.0021338188976379
21
1.0220487007874015
0
LINE
8
BLACK
6
CONTINUOUS
10
1.0021338188976379
20
1.0220487007874015
11
1.0014188188976378
21
1.0218571259842519
0
LINE
8
BLACK
6
CONTINUOUS
10
1.0014188188976378
20
1.0218571259842519
11
0.9928474015748031
21
1.0218571259842519
0
LINE
8
BLACK
6
CONTINUOUS
10
0.9928474015748031
20
1.0218571259842519
11
0.9921323622047243
21
1.0220487007874015
0
LINE
8
BLACK
6
CONTINUOUS
10
0.9921323622047243
20
1.0220487007874015
11
0.9913921653543307
21
1.0220362598425197
0
LINE
8
BLACK
6
CONTINUOUS
10
0.9913921653543307
20
1.0220362598425197
11
0.9799635826771653
21
1.0248934251968504
0
LINE
8
BLACK
6
CONTINUOUS
10
0.9799635826771653
20
1.0248934251968504
11
0.9793844094488189
21
1.0252149212598425
0
LINE
8
BLACK
6
CONTINUOUS
10
0.9793844094488189
20
1.0252149212598425
11
0.9787355511811023
21
1.025347716535433
0
LINE
8
BLACK
6
CONTINUOUS
10
0.9787355511811023
20
1.025347716535433
11
0.9730212598425196
21
1.028204842519685
0
LINE
8
BLACK
6
CONTINUOUS
10
0.9730212598425196
20
1.028204842519685
11
0.9722984645669291
21
1.0288457480314961
0
LINE
8
BLACK
6
CONTINUOUS
10
0.9722984645669291
20
1.0288457480314961
11
0.9714618897637795
21
1.029328779527559
0
LINE
8
BLACK
6
CONTINUOUS
10
0.9714618897637795
20
1.029328779527559
11
0.9657475984251969
21
1.0350430708661418
0
LINE
8
BLACK
6
CONTINUOUS
10
0.9657475984251969
20
1.0350430708661418
11
0.9650579921259842
21
1.0362374409448818
0
LINE
8
BLACK
6
CONTINUOUS
10
0.9650579921259842
20
1.0362374409448818
11
0.9642981496062992
21
1.0373883464566929
0
LINE
8
BLACK
6
CONTINUOUS
10
0.9642981496062992
20
1.0373883464566929
11
0.9614410236220472
21
1.0459597637795275
0
LINE
8
BLACK
6
CONTINUOUS
10
0.9614410236220472
20
1.0459597637795275
11
0.9613831102362205
21
1.0469239763779528
0
LINE
8
BLACK
6
CONTINUOUS
10
0.9613831102362205
20
1.0469239763779528
11
0.9611331102362205
21
1.047857125984252
0
LINE
8
BLACK
6
CONTINUOUS
10
0.9611331102362205
20
1.047857125984252
11
0.9611331102362205
21
1.0535714173228345
0
LINE
8
BLACK
6
CONTINUOUS
10
0.9611331102362205
20
1.0535714173228345
11
0.9613831102362205
21
1.054504527559055
0
LINE
8
BLACK
6
CONTINUOUS
10
0.9613831102362205
20
1.054504527559055
11
0.9614410236220472
21
1.055468779527559
0
LINE
8
BLACK
6
CONTINUOUS
10
0.9614410236220472
20
1.055468779527559
11
0.9642981496062992
21
1.0640401968503936
0
LINE
8
BLACK
6
CONTINUOUS
10
0.9642981496062992
20
1.0640401968503936
11
0.9650579921259842
21
1.065191062992126
0
LINE
8
BLACK
6
CONTINUOUS
10
0.9650579921259842
20
1.065191062992126
11
0.9657475984251969
21
1.0663854724409449
0
LINE
8
BLACK
6
CONTINUOUS
10
0.9657475984251969
20
1.0663854724409449
11
0.9686047637795275
21
1.0692426377952755
0
LINE
8
BLACK
6
CONTINUOUS
10
0.9686047637795275
20
1.0692426377952755
11
0.9712944881889763
21
1.0707955511811023
0
LINE
8
BLACK
6
CONTINUOUS
10
0.9712944881889763
20
1.0707955511811023
11
0.97440031496063
21
1.0707955511811023
0
LINE
8
BLACK
6
CONTINUOUS
10
0.97440031496063
20
1.0707955511811023
11
0.9770900393700788
21
1.0692426377952755
0
LINE
8
BLACK
6
CONTINUOUS
10
2.3673228346456692
20
1.2269685039370077
11
2.368993149606299
21
1.2262766141732284
0
LINE
8
BLACK
6
CONTINUOUS
10
2.368993149606299
20
1.2262766141732284
11
2.3696850393700788
21
1.2246062992125983
0
LINE
8
BLACK
6
CONTINUOUS
10
2.3696850393700788
20
1.2246062992125983
11
2.3696850393700788
21
1.0249999999999999
0
LINE
8
BLACK
6
CONTINUOUS
10
2.3696850393700788
20
1.0249999999999999
11
2.368993149606299
21
1.0233296850393701
0
LINE
8
BLACK
6
CONTINUOUS
10
2.368993149606299
20
1.0233296850393701
11
2.3673228346456692
21
1.0226377952755905
0
LINE
8
BLACK
6
CONTINUOUS
10
2.3673228346456692
20
1.0226377952755905
11
1.9826771653543307
21
1.0226377952755905
0
LINE
8
BLACK
6
CONTINUOUS
10
1.9826771653543307
20
1.0226377952755905
11
1.9810068503937008
21
1.0233296850393701
0
LINE
8
BLACK
6
CONTINUOUS
10
1.9810068503937008
20
1.0233296850393701
11
1.9803149606299213
21
1.0249999999999999
0
LINE
8
BLACK
6
CONTINUOUS
10
1.9803149606299213
20
1.0249999999999999
11
1.9803149606299213
21
1.2246062992125983
0
LINE
8
BLACK
6
CONTINUOUS
10
1.9803149606299213
20
1.2246062992125983
11
1.9810068503937008
21
1.2262766141732284
0
LINE
8
BLACK
6
CONTINUOUS
10
1.9810068503937008
20
1.2262766141732284
11
1.9826771653543307
21
1.2269685039370077
0
LINE
8
BLACK
6
CONTINUOUS
10
1.9826771653543307
20
1.2269685039370077
11
2.3673228346456692
21
1.2269685039370077
0
LINE
8
BLACK
6
CONTINUOUS
10
1.9850393700787401
20
1.2222440944881889
11
1.9850393700787401
21
1.0273622047244095
0
LINE
8
BLACK
6
CONTINUOUS
10
1.9850393700787401
20
1.0273622047244095
11
2.36496062992126
21
1.0273622047244095
0
LINE
8
BLACK
6
CONTINUOUS
10
2.36496062992126
20
1.0273622047244095
11
2.36496062992126
21
1.2222440944881889
0
LINE
8
BLACK
6
CONTINUOUS
10
2.36496062992126
20
1.2222440944881889
11
1.9850393700787401
21
1.2222440944881889
0
LINE
8
BLACK
6
CONTINUOUS
10
1.7162445669291337
20
1.0705262598425196
11
1.71811937007874
21
1.068651496062992
0
LINE
8
BLACK
6
CONTINUOUS
10
1.71811937007874
20
1.068651496062992
11
1.7187075984251967
21
1.0678114566929133
0
LINE
8
BLACK
6
CONTINUOUS
10
1.7187075984251967
20
1.0678114566929133
11
1.7187229527559054
21
1.0676355118110237
0
LINE
8
BLACK
6
CONTINUOUS
10
1.7187229527559054
20
1.0676355118110237
11
1.7188327165354331
21
1.0674972834645668
0
LINE
8
BLACK
6
CONTINUOUS
10
1.7188327165354331
20
1.0674972834645668
11
1.7207074803149607
21
1.0618730314960629
0
LINE
8
BLACK
6
CONTINUOUS
10
1.7207074803149607
20
1.0618730314960629
11
1.7208369685039369
21
1.0609997637795274
0
LINE
8
BLACK
6
CONTINUOUS
10
1.7208369685039369
20
1.0609997637795274
11
1.7208590157480315
21
1.0609392519685039
0
LINE
8
BLACK
6
CONTINUOUS
10
1.7208590157480315
20
1.0609392519685039
11
1.7208590157480315
21
1.0571897244094488
0
LINE
8
BLACK
6
CONTINUOUS
10
1.7208590157480315
20
1.0571897244094488
11
1.7207057086614173
21
1.0563203149606299
0
LINE
8
BLACK
6
CONTINUOUS
10
1.7207057086614173
20
1.0563203149606299
11
1.7207074803149607
21
1.0562559448818898
0
LINE
8
BLACK
6
CONTINUOUS
10
1.7207074803149607
20
1.0562559448818898
11
1.7188327165354331
21
1.0506316929133859
0
LINE
8
BLACK
6
CONTINUOUS
10
1.7188327165354331
20
1.0506316929133859
11
1.7183444094488189
21
1.0497299212598425
0
LINE
8
BLACK
6
CONTINUOUS
10
1.7183444094488189
20
1.0497299212598425
11
1.7181940157480315
21
1.0496375196850394
0
LINE
8
BLACK
6
CONTINUOUS
10
1.7181940157480315
20
1.0496375196850394
11
1.7181194094488188
21
1.0494775196850394
0
LINE
8
BLACK
6
CONTINUOUS
10
1.7181194094488188
20
1.0494775196850394
11
1.7143698425196849
21
1.0457279921259843
0
LINE
8
BLACK
6
CONTINUOUS
10
1.7143698425196849
20
1.0457279921259843
11
1.713646653543307
21
1.0452215748031495
0
LINE
8
BLACK
6
CONTINUOUS
10
1.713646653543307
20
1.0452215748031495
11
1.7136024409448818
21
1.0451748818897637
0
LINE
8
BLACK
6
CONTINUOUS
10
1.7136024409448818
20
1.0451748818897637
11
1.7098529133858267
21
1.0433001181102362
0
LINE
8
BLACK
6
CONTINUOUS
10
1.7098529133858267
20
1.0433001181102362
11
1.7093644488188977
21
1.0431548031496063
0
LINE
8
BLACK
6
CONTINUOUS
10
1.7093644488188977
20
1.0431548031496063
11
1.7092485433070865
21
1.0430765354330709
0
LINE
8
BLACK
6
CONTINUOUS
10
1.7092485433070865
20
1.0430765354330709
11
1.7017494881889763
21
1.0412017716535433
0
LINE
8
BLACK
6
CONTINUOUS
10
1.7017494881889763
20
1.0412017716535433
11
1.7011615748031497
21
1.0411602755905511
0
LINE
8
BLACK
6
CONTINUOUS
10
1.7011615748031497
20
1.0411602755905511
11
1.7010333464566929
21
1.0411136220472441
0
LINE
8
BLACK
6
CONTINUOUS
10
1.7010333464566929
20
1.0411136220472441
11
1.6954090551181102
21
1.0411136220472441
0
LINE
8
BLACK
6
CONTINUOUS
10
1.6954090551181102
20
1.0411136220472441
11
1.6948286614173227
21
1.0412159448818898
0
LINE
8
BLACK
6
CONTINUOUS
10
1.6948286614173227
20
1.0412159448818898
11
1.6946929133858268
21
1.0412017716535433
0
LINE
8
BLACK
6
CONTINUOUS
10
1.6946929133858268
20
1.0412017716535433
11
1.6871938582677164
21
1.0430765354330709
0
LINE
8
BLACK
6
CONTINUOUS
10
1.6871938582677164
20
1.0430765354330709
11
1.6867283858267716
21
1.0432840944881889
0
LINE
8
BLACK
6
CONTINUOUS
10
1.6867283858267716
20
1.0432840944881889
11
1.6865894881889762
21
1.0433001181102362
0
LINE
8
BLACK
6
CONTINUOUS
10
1.6865894881889762
20
1.0433001181102362
11
1.6828399606299211
21
1.0451748818897637
0
LINE
8
BLACK
6
CONTINUOUS
10
1.6828399606299211
20
1.0451748818897637
11
1.6821308661417322
21
1.0457007874015747
0
LINE
8
BLACK
6
CONTINUOUS
10
1.6821308661417322
20
1.0457007874015747
11
1.682072559055118
21
1.0457279921259843
0
LINE
8
BLACK
6
CONTINUOUS
10
1.682072559055118
20
1.0457279921259843
11
1.6783230314960629
21
1.0494775196850394
0
LINE
8
BLACK
6
CONTINUOUS
10
1.6783230314960629
20
1.0494775196850394
11
1.677734842519685
21
1.0503175590551181
0
LINE
8
BLACK
6
CONTINUOUS
10
1.677734842519685
20
1.0503175590551181
11
1.6777194488188976
21
1.0504933858267715
0
LINE
8
BLACK
6
CONTINUOUS
10
1.6777194488188976
20
1.0504933858267715
11
1.6776097244094488
21
1.0506316929133859
0
LINE
8
BLACK
6
CONTINUOUS
10
1.6776097244094488
20
1.0506316929133859
11
1.6757349606299212
21
1.0562559842519685
0
LINE
8
BLACK
6
CONTINUOUS
10
1.6757349606299212
20
1.0562559842519685
11
1.6756054724409448
21
1.0571291338582678
0
LINE
8
BLACK
6
CONTINUOUS
10
1.6756054724409448
20
1.0571291338582678
11
1.6755834251968504
21
1.0571897244094488
0
LINE
8
BLACK
6
CONTINUOUS
10
1.6755834251968504
20
1.0571897244094488
11
1.6755834251968504
21
1.0609392519685039
0
LINE
8
BLACK
6
CONTINUOUS
10
1.6755834251968504
20
1.0609392519685039
11
1.6757366929133859
21
1.061808622047244
0
LINE
8
BLACK
6
CONTINUOUS
10
1.6757366929133859
20
1.061808622047244
11
1.6757349606299212
21
1.0618729921259842
0
LINE
8
BLACK
6
CONTINUOUS
10
1.6757349606299212
20
1.0618729921259842
11
1.6776097244094488
21
1.0674972834645668
0
LINE
8
BLACK
6
CONTINUOUS
10
1.6776097244094488
20
1.0674972834645668
11
1.6780979921259842
21
1.0683990551181102
0
LINE
8
BLACK
6
CONTINUOUS
10
1.6780979921259842
20
1.0683990551181102
11
1.6782484251968504
21
1.0684914566929133
0
LINE
8
BLACK
6
CONTINUOUS
10
1.6782484251968504
20
1.0684914566929133
11
1.6783230314960629
21
1.0686514566929133
0
LINE
8
BLACK
6
CONTINUOUS
10
1.6783230314960629
20
1.0686514566929133
11
1.6801977952755904
21
1.0705262204724408
0
LINE
8
BLACK
6
CONTINUOUS
10
1.6801977952755904
20
1.0705262204724408
11
1.6810378346456694
21
1.071114409448819
0
LINE
8
BLACK
6
CONTINUOUS
10
1.6810378346456694
20
1.071114409448819
11
1.6830499212598424
21
1.0712904330708661
0
LINE
8
BLACK
6
CONTINUOUS
10
1.6830499212598424
20
1.0712904330708661
11
1.6847044881889763
21
1.0701319291338582
0
LINE
8
BLACK
6
CONTINUOUS
10
1.6847044881889763
20
1.0701319291338582
11
1.6852272047244095
21
1.0681809448818897
0
LINE
8
BLACK
6
CONTINUOUS
10
1.6852272047244095
20
1.0681809448818897
11
1.6843736220472441
21
1.0663503937007874
0
LINE
8
BLACK
6
CONTINUOUS
10
1.6843736220472441
20
1.0663503937007874
11
1.6829917322834644
21
1.0649685039370078
0
LINE
8
BLACK
6
CONTINUOUS
10
1.6829917322834644
20
1.0649685039370078
11
1.6814889370078741
21
1.0604600787401575
0
LINE
8
BLACK
6
CONTINUOUS
10
1.6814889370078741
20
1.0604600787401575
11
1.6814889370078741
21
1.0576688582677165
0
LINE
8
BLACK
6
CONTINUOUS
10
1.6814889370078741
20
1.0576688582677165
11
1.6829917322834644
21
1.0531604330708662
0
LINE
8
BLACK
6
CONTINUOUS
10
1.6829917322834644
20
1.0531604330708662
11
1.6859095669291337
21
1.0502426377952756
0
LINE
8
BLACK
6
CONTINUOUS
10
1.6859095669291337
20
1.0502426377952756
11
1.6889405511811024
21
1.0487271259842519
0
LINE
8
BLACK
6
CONTINUOUS
10
1.6889405511811024
20
1.0487271259842519
11
1.6957725984251968
21
1.0470191338582677
0
LINE
8
BLACK
6
CONTINUOUS
10
1.6957725984251968
20
1.0470191338582677
11
1.7006698031496064
21
1.0470191338582677
0
LINE
8
BLACK
6
CONTINUOUS
10
1.7006698031496064
20
1.0470191338582677
11
1.7075018503937007
21
1.0487271259842519
0
LINE
8
BLACK
6
CONTINUOUS
10
1.7075018503937007
20
1.0487271259842519
11
1.7105328346456692
21
1.0502426377952756
0
LINE
8
BLACK
6
CONTINUOUS
10
1.7105328346456692
20
1.0502426377952756
11
1.7134507086614172
21
1.0531604724409449
0
LINE
8
BLACK
6
CONTINUOUS
10
1.7134507086614172
20
1.0531604724409449
11
1.7149535039370079
21
1.0576688582677165
0
LINE
8
BLACK
6
CONTINUOUS
10
1.7149535039370079
20
1.0576688582677165
11
1.7149535039370079
21
1.0604601181102362
0
LINE
8
BLACK
6
CONTINUOUS
10
1.7149535039370079
20
1.0604601181102362
11
1.7134507086614172
21
1.0649684645669291
0
LINE
8
BLACK
6
CONTINUOUS
10
1.7134507086614172
20
1.0649684645669291
11
1.7120688188976378
21
1.0663503543307087
0
LINE
8
BLACK
6
CONTINUOUS
10
1.7120688188976378
20
1.0663503543307087
11
1.711480590551181
21
1.0671903937007874
0
LINE
8
BLACK
6
CONTINUOUS
10
1.711480590551181
20
1.0671903937007874
11
1.711304527559055
21
1.0692025196850394
0
LINE
8
BLACK
6
CONTINUOUS
10
1.711304527559055
20
1.0692025196850394
11
1.7124630314960629
21
1.0708570866141731
0
LINE
8
BLACK
6
CONTINUOUS
10
1.7124630314960629
20
1.0708570866141731
11
1.7144140157480314
21
1.0713798031496062
0
LINE
8
BLACK
6
CONTINUOUS
10
1.7144140157480314
20
1.0713798031496062
11
1.7162445669291337
21
1.0705262598425196
0
LINE
8
BLACK
6
CONTINUOUS
10
1.7662445669291338
20
1.0705262598425196
11
1.7681193700787401
21
1.068651496062992
0
LINE
8
BLACK
6
CONTINUOUS
10
1.7681193700787401
20
1.068651496062992
11
1.7687075984251968
21
1.0678114566929133
0
LINE
8
BLACK
6
CONTINUOUS
10
1.7687075984251968
20
1.0678114566929133
11
1.7687229527559054
21
1.0676355118110237
0
LINE
8
BLACK
6
CONTINUOUS
10
1.7687229527559054
20
1.0676355118110237
11
1.7688327165354329
21
1.0674972834645668
0
LINE
8
BLACK
6
CONTINUOUS
10
1.7688327165354329
20
1.0674972834645668
11
1.7707074803149605
21
1.0618730314960629
0
LINE
8
BLACK
6
CONTINUOUS
10
1.7707074803149605
20
1.0618730314960629
11
1.7708369685039369
21
1.0609997637795274
0
LINE
8
BLACK
6
CONTINUOUS
10
1.7708369685039369
20
1.0609997637795274
11
1.7708590157480315
21
1.0609392519685039
0
LINE
8
BLACK
6
CONTINUOUS
10
1.7708590157480315
20
1.0609392519685039
11
1.7708590157480315
21
1.0571897244094488
0
LINE
8
BLACK
6
CONTINUOUS
10
1.7708590157480315
20
1.0571897244094488
11
1.7707057086614173
21
1.0563203149606299
0
LINE
8
BLACK
6
CONTINUOUS
10
1.7707057086614173
20
1.0563203149606299
11
1.7707074803149605
21
1.0562559448818898
0
LINE
8
BLACK
6
CONTINUOUS
10
1.7707074803149605
20
1.0562559448818898
11
1.7688327165354329
21
1.0506316929133859
0
LINE
8
BLACK
6
CONTINUOUS
10
1.7688327165354329
20
1.0506316929133859
11
1.7683444094488188
21
1.0497299212598425
0
LINE
8
BLACK
6
CONTINUOUS
10
1.7683444094488188
20
1.0497299212598425
11
1.7681940157480314
21
1.0496375196850394
0
LINE
8
BLACK
6
CONTINUOUS
10
1.7681940157480314
20
1.0496375196850394
11
1.7681194094488188
21
1.0494775196850394
0
LINE
8
BLACK
6
CONTINUOUS
10
1.7681194094488188
20
1.0494775196850394
11
1.764369842519685
21
1.0457279921259843
0
LINE
8
BLACK
6
CONTINUOUS
10
1.764369842519685
20
1.0457279921259843
11
1.7636466535433071
21
1.0452215748031495
0
LINE
8
BLACK
6
CONTINUOUS
10
1.7636466535433071
20
1.0452215748031495
11
1.7636024409448818
21
1.0451748818897637
0
LINE
8
BLACK
6
CONTINUOUS
10
1.7636024409448818
20
1.0451748818897637
11
1.7598529133858267
21
1.0433001181102362
0
LINE
8
BLACK
6
CONTINUOUS
10
1.7598529133858267
20
1.0433001181102362
11
1.7593644488188975
21
1.0431548031496063
0
LINE
8
BLACK
6
CONTINUOUS
10
1.7593644488188975
20
1.0431548031496063
11
1.7592485433070866
21
1.0430765354330709
0
LINE
8
BLACK
6
CONTINUOUS
10
1.7592485433070866
20
1.0430765354330709
11
1.7517494881889764
21
1.0412017716535433
0
LINE
8
BLACK
6
CONTINUOUS
10
1.7517494881889764
20
1.0412017716535433
11
1.7511615748031495
21
1.0411602755905511
0
LINE
8
BLACK
6
CONTINUOUS
10
1.7511615748031495
20
1.0411602755905511
11
1.751033346456693
21
1.0411136220472441
0
LINE
8
BLACK
6
CONTINUOUS
10
1.751033346456693
20
1.0411136220472441
11
1.7454090551181103
21
1.0411136220472441
0
LINE
8
BLACK
6
CONTINUOUS
10
1.7454090551181103
20
1.0411136220472441
11
1.7448286614173227
21
1.0412159448818898
0
LINE
8
BLACK
6
CONTINUOUS
10
1.7448286614173227
20
1.0412159448818898
11
1.7446929133858267
21
1.0412017716535433
0
LINE
8
BLACK
6
CONTINUOUS
10
1.7446929133858267
20
1.0412017716535433
11
1.7371938582677164
21
1.0430765354330709
0
LINE
8
BLACK
6
CONTINUOUS
10
1.7371938582677164
20
1.0430765354330709
11
1.7367283858267717
21
1.0432840944881889
0
LINE
8
BLACK
6
CONTINUOUS
10
1.7367283858267717
20
1.0432840944881889
11
1.7365894881889763
21
1.0433001181102362
0
LINE
8
BLACK
6
CONTINUOUS
10
1.7365894881889763
20
1.0433001181102362
11
1.7328399606299212
21
1.0451748818897637
0
LINE
8
BLACK
6
CONTINUOUS
10
1.7328399606299212
20
1.0451748818897637
11
1.7321308661417323
21
1.0457007874015747
0
LINE
8
BLACK
6
CONTINUOUS
10
1.7321308661417323
20
1.0457007874015747
11
1.732072559055118
21
1.0457279921259843
0
LINE
8
BLACK
6
CONTINUOUS
10
1.732072559055118
20
1.0457279921259843
11
1.7283230314960629
21
1.0494775196850394
0
LINE
8
BLACK
6
CONTINUOUS
10
1.7283230314960629
20
1.0494775196850394
11
1.727734842519685
21
1.0503175590551181
0
LINE
8
BLACK
6
CONTINUOUS
10
1.727734842519685
20
1.0503175590551181
11
1.7277194488188976
21
1.0504933858267715
0
LINE
8
BLACK
6
CONTINUOUS
10
1.7277194488188976
20
1.0504933858267715
11
1.7276097244094488
21
1.0506316929133859
0
LINE
8
BLACK
6
CONTINUOUS
10
1.7276097244094488
20
1.0506316929133859
11
1.7257349606299213
21
1.0562559842519685
0
LINE
8
BLACK
6
CONTINUOUS
10
1.7257349606299213
20
1.0562559842519685
11
1.7256054724409449
21
1.0571291338582678
0
LINE
8
BLACK
6
CONTINUOUS
10
1.7256054724409449
20
1.0571291338582678
11
1.7255834251968503
21
1.0571897244094488
0
LINE
8
BLACK
6
CONTINUOUS
10
1.7255834251968503
20
1.0571897244094488
11
1.7255834251968503
21
1.0609392519685039
0
LINE
8
BLACK
6
CONTINUOUS
10
1.7255834251968503
20
1.0609392519685039
11
1.7257366929133857
21
1.061808622047244
0
LINE
8
BLACK
6
CONTINUOUS
10
1.7257366929133857
20
1.061808622047244
11
1.7257349606299213
21
1.0618729921259842
0
LINE
8
BLACK
6
CONTINUOUS
10
1.7257349606299213
20
1.0618729921259842
11
1.7276097244094488
21
1.0674972834645668
0
LINE
8
BLACK
6
CONTINUOUS
10
1.7276097244094488
20
1.0674972834645668
11
1.7280979921259843
21
1.0683990551181102
0
LINE
8
BLACK
6
CONTINUOUS
10
1.7280979921259843
20
1.0683990551181102
11
1.7282484251968504
21
1.0684914566929133
0
LINE
8
BLACK
6
CONTINUOUS
10
1.7282484251968504
20
1.0684914566929133
11
1.7283230314960629
21
1.0686514566929133
0
LINE
8
BLACK
6
CONTINUOUS
10
1.7283230314960629
20
1.0686514566929133
11
1.7301977952755905
21
1.0705262204724408
0
LINE
8
BLACK
6
CONTINUOUS
10
1.7301977952755905
20
1.0705262204724408
11
1.7310378346456692
21
1.071114409448819
0
LINE
8
BLACK
6
CONTINUOUS
10
1.7310378346456692
20
1.071114409448819
11
1.7330499212598425
21
1.0712904330708661
0
LINE
8
BLACK
6
CONTINUOUS
10
1.7330499212598425
20
1.0712904330708661
11
1.7347044881889764
21
1.0701319291338582
0
LINE
8
BLACK
6
CONTINUOUS
10
1.7347044881889764
20
1.0701319291338582
11
1.7352272047244095
21
1.0681809448818897
0
LINE
8
BLACK
6
CONTINUOUS
10
1.7352272047244095
20
1.0681809448818897
11
1.7343736220472441
21
1.0663503937007874
0
LINE
8
BLACK
6
CONTINUOUS
10
1.7343736220472441
20
1.0663503937007874
11
1.7329917322834645
21
1.0649685039370078
0
LINE
8
BLACK
6
CONTINUOUS
10
1.7329917322834645
20
1.0649685039370078
11
1.7314889370078739
21
1.0604600787401575
0
LINE
8
BLACK
6
CONTINUOUS
10
1.7314889370078739
20
1.0604600787401575
11
1.7314889370078739
21
1.0576688582677165
0
LINE
8
BLACK
6
CONTINUOUS
10
1.7314889370078739
20
1.0576688582677165
11
1.7329917322834645
21
1.0531604330708662
0
LINE
8
BLACK
6
CONTINUOUS
10
1.7329917322834645
20
1.0531604330708662
11
1.7359095669291338
21
1.0502426377952756
0
LINE
8
BLACK
6
CONTINUOUS
10
1.7359095669291338
20
1.0502426377952756
11
1.7389405511811022
21
1.0487271259842519
0
LINE
8
BLACK
6
CONTINUOUS
10
1.7389405511811022
20
1.0487271259842519
11
1.7457725984251968
21
1.0470191338582677
0
LINE
8
BLACK
6
CONTINUOUS
10
1.7457725984251968
20
1.0470191338582677
11
1.7506698031496062
21
1.0470191338582677
0
LINE
8
BLACK
6
CONTINUOUS
10
1.7506698031496062
20
1.0470191338582677
11
1.7575018503937008
21
1.0487271259842519
0
LINE
8
BLACK
6
CONTINUOUS
10
1.7575018503937008
20
1.0487271259842519
11
1.7605328346456692
21
1.0502426377952756
0
LINE
8
BLACK
6
CONTINUOUS
10
1.7605328346456692
20
1.0502426377952756
11
1.7634507086614173
21
1.0531604724409449
0
LINE
8
BLACK
6
CONTINUOUS
10
1.7634507086614173
20
1.0531604724409449
11
1.7649535039370079
21
1.0576688582677165
0
LINE
8
BLACK
6
CONTINUOUS
10
1.7649535039370079
20
1.0576688582677165
11
1.7649535039370079
21
1.0604601181102362
0
LINE
8
BLACK
6
CONTINUOUS
10
1.7649535039370079
20
1.0604601181102362
11
1.7634507086614173
21
1.0649684645669291
0
LINE
8
BLACK
6
CONTINUOUS
10
1.7634507086614173
20
1.0649684645669291
11
1.7620688188976377
21
1.0663503543307087
0
LINE
8
BLACK
6
CONTINUOUS
10
1.7620688188976377
20
1.0663503543307087
11
1.761480590551181
21
1.0671903937007874
0
LINE
8
BLACK
6
CONTINUOUS
10
1.761480590551181
20
1.0671903937007874
11
1.7613045275590551
21
1.0692025196850394
0
LINE
8
BLACK
6
CONTINUOUS
10
1.7613045275590551
20
1.0692025196850394
11
1.762463031496063
21
1.0708570866141731
0
LINE
8
BLACK
6
CONTINUOUS
10
1.762463031496063
20
1.0708570866141731
11
1.7644140157480315
21
1.0713798031496062
0
LINE
8
BLACK
6
CONTINUOUS
10
1.7644140157480315
20
1.0713798031496062
11
1.7662445669291338
21
1.0705262598425196
0
LINE
8
BLACK
6
CONTINUOUS
10
1.0603619291338582
20
1.2955979921259841
11
1.0610527559055118
21
1.2937000000000001
0
LINE
8
BLACK
6
CONTINUOUS
10
1.0610527559055118
20
1.2937000000000001
11
1.0610527559055118
21
1.0574999999999999
0
LINE
8
BLACK
6
CONTINUOUS
10
1.0610527559055118
20
1.0574999999999999
11
1.06087468503937
21
1.0564900787401574
0
LINE
8
BLACK
6
CONTINUOUS
10
1.06087468503937
20
1.0564900787401574
11
1.0595763779527558
21
1.0549428346456693
0
LINE
8
BLACK
6
CONTINUOUS
10
1.0595763779527558
20
1.0549428346456693
11
1.0575872440944882
21
1.0545920866141731
0
LINE
8
BLACK
6
CONTINUOUS
10
1.0575872440944882
20
1.0545920866141731
11
1.0558380708661417
21
1.0556020078740158
0
LINE
8
BLACK
6
CONTINUOUS
10
1.0558380708661417
20
1.0556020078740158
11
1.0551472440944882
21
1.0574999999999999
0
LINE
8
BLACK
6
CONTINUOUS
10
1.0551472440944882
20
1.0574999999999999
11
1.0551472440944882
21
1.2937000000000001
0
LINE
8
BLACK
6
CONTINUOUS
10
1.0551472440944882
20
1.2937000000000001
11
1.0553253149606299
21
1.2947099212598425
0
LINE
8
BLACK
6
CONTINUOUS
10
1.0553253149606299
20
1.2947099212598425
11
1.056623622047244
21
1.2962571653543307
0
LINE
8
BLACK
6
CONTINUOUS
10
1.056623622047244
20
1.2962571653543307
11
1.0586127559055118
21
1.2966079133858268
0
LINE
8
BLACK
6
CONTINUOUS
10
1.0586127559055118
20
1.2966079133858268
11
1.0603619291338582
21
1.2955979921259841
0
LINE
8
BLACK
6
CONTINUOUS
10
1.1941619291338583
20
1.2955979921259841
11
1.1948527559055118
21
1.2937000000000001
0
LINE
8
BLACK
6
CONTINUOUS
10
1.1948527559055118
20
1.2937000000000001
11
1.1948527559055118
21
1.0574999999999999
0
LINE
8
BLACK
6
CONTINUOUS
10
1.1948527559055118
20
1.0574999999999999
11
1.1946746850393701
21
1.0564900787401574
0
LINE
8
BLACK
6
CONTINUOUS
10
1.1946746850393701
20
1.0564900787401574
11
1.193376377952756
21
1.0549428346456693
0
LINE
8
BLACK
6
CONTINUOUS
10
1.193376377952756
20
1.0549428346456693
11
1.1913872440944882
21
1.0545920866141731
0
LINE
8
BLACK
6
CONTINUOUS
10
1.1913872440944882
20
1.0545920866141731
11
1.1896380708661416
21
1.0556020078740158
0
LINE
8
BLACK
6
CONTINUOUS
10
1.1896380708661416
20
1.0556020078740158
11
1.1889472440944882
21
1.0574999999999999
0
LINE
8
BLACK
6
CONTINUOUS
10
1.1889472440944882
20
1.0574999999999999
11
1.1889472440944882
21
1.2937000000000001
0
LINE
8
BLACK
6
CONTINUOUS
10
1.1889472440944882
20
1.2937000000000001
11
1.1891253149606298
21
1.2947099212598425
0
LINE
8
BLACK
6
CONTINUOUS
10
1.1891253149606298
20
1.2947099212598425
11
1.1904236220472442
21
1.2962571653543307
0
LINE
8
BLACK
6
CONTINUOUS
10
1.1904236220472442
20
1.2962571653543307
11
1.1924127559055118
21
1.2966079133858268
0
LINE
8
BLACK
6
CONTINUOUS
10
1.1924127559055118
20
1.2966079133858268
11
1.1941619291338583
21
1.2955979921259841
0
LINE
8
BLACK
6
CONTINUOUS
10
1.0170366141732283
20
1.1277858661417322
11
1.0183877952755904
21
1.1275094094488189
0
LINE
8
BLACK
6
CONTINUOUS
10
1.0183877952755904
20
1.1275094094488189
11
1.0241020866141732
21
1.1246522834645669
0
LINE
8
BLACK
6
CONTINUOUS
10
1.0241020866141732
20
1.1246522834645669
11
1.0248248818897638
21
1.1240113385826771
0
LINE
8
BLACK
6
CONTINUOUS
10
1.0248248818897638
20
1.1240113385826771
11
1.0256614173228347
21
1.1235283858267717
0
LINE
8
BLACK
6
CONTINUOUS
10
1.0256614173228347
20
1.1235283858267717
11
1.028518622047244
21
1.1206712598425197
0
LINE
8
BLACK
6
CONTINUOUS
10
1.028518622047244
20
1.1206712598425197
11
1.0290016535433071
21
1.1198345275590551
0
LINE
8
BLACK
6
CONTINUOUS
10
1.0290016535433071
20
1.1198345275590551
11
1.0296425590551181
21
1.1191118503937008
0
LINE
8
BLACK
6
CONTINUOUS
10
1.0296425590551181
20
1.1191118503937008
11
1.03249968503937
21
1.1133975590551182
0
LINE
8
BLACK
6
CONTINUOUS
10
1.03249968503937
20
1.1133975590551182
11
1.0327761417322834
21
1.1120463779527558
0
LINE
8
BLACK
6
CONTINUOUS
10
1.0327761417322834
20
1.1120463779527558
11
1.0331331102362205
21
1.1107142913385826
0
LINE
8
BLACK
6
CONTINUOUS
10
1.0331331102362205
20
1.1107142913385826
11
1.0331331102362205
21
1.0935714173228346
0
LINE
8
BLACK
6
CONTINUOUS
10
1.0331331102362205
20
1.0935714173228346
11
1.0327761417322834
21
1.0922392913385826
0
LINE
8
BLACK
6
CONTINUOUS
10
1.0327761417322834
20
1.0922392913385826
11
1.03249968503937
21
1.0908881496062992
0
LINE
8
BLACK
6
CONTINUOUS
10
1.03249968503937
20
1.0908881496062992
11
1.0296425590551181
21
1.0851738582677166
0
LINE
8
BLACK
6
CONTINUOUS
10
1.0296425590551181
20
1.0851738582677166
11
1.0290016535433071
21
1.0844511417322835
0
LINE
8
BLACK
6
CONTINUOUS
10
1.0290016535433071
20
1.0844511417322835
11
1.028518622047244
21
1.0836144488188977
0
LINE
8
BLACK
6
CONTINUOUS
10
1.028518622047244
20
1.0836144488188977
11
1.0256614173228347
21
1.0807573228346457
0
LINE
8
BLACK
6
CONTINUOUS
10
1.0256614173228347
20
1.0807573228346457
11
1.0229716929133859
21
1.0792044488188977
0
LINE
8
BLACK
6
CONTINUOUS
10
1.0229716929133859
20
1.0792044488188977
11
1.0198658661417324
21
1.0792044488188977
0
LINE
8
BLACK
6
CONTINUOUS
10
1.0198658661417324
20
1.0792044488188977
11
1.0171761417322835
21
1.0807574015748032
0
LINE
8
BLACK
6
CONTINUOUS
10
1.0171761417322835
20
1.0807574015748032
11
1.0156232677165353
21
1.083447125984252
0
LINE
8
BLACK
6
CONTINUOUS
10
1.0156232677165353
20
1.083447125984252
11
1.0156232677165353
21
1.0865529527559055
0
LINE
8
BLACK
6
CONTINUOUS
10
1.0156232677165353
20
1.0865529527559055
11
1.0171762204724408
21
1.0892426771653543
0
LINE
8
BLACK
6
CONTINUOUS
10
1.0171762204724408
20
1.0892426771653543
11
1.0193448425196849
21
1.0914112598425196
0
LINE
8
BLACK
6
CONTINUOUS
10
1.0193448425196849
20
1.0914112598425196
11
1.0211331102362204
21
1.0949877952755904
0
LINE
8
BLACK
6
CONTINUOUS
10
1.0211331102362204
20
1.0949877952755904
11
1.0211331102362204
21
1.109297874015748
0
LINE
8
BLACK
6
CONTINUOUS
10
1.0211331102362204
20
1.109297874015748
11
1.0193448425196849
21
1.1128744094488188
0
LINE
8
BLACK
6
CONTINUOUS
10
1.0193448425196849
20
1.1128744094488188
11
1.01786468503937
21
1.1143545275590552
0
LINE
8
BLACK
6
CONTINUOUS
10
1.01786468503937
20
1.1143545275590552
11
1.0142881102362205
21
1.1161428346456692
0
LINE
8
BLACK
6
CONTINUOUS
10
1.0142881102362205
20
1.1161428346456692
11
1.0028352362204724
21
1.1161428346456692
0
LINE
8
BLACK
6
CONTINUOUS
10
1.0028352362204724
20
1.1161428346456692
11
0.999258622047244
21
1.1143545275590552
0
LINE
8
BLACK
6
CONTINUOUS
10
0.999258622047244
20
1.1143545275590552
11
0.9977785433070866
21
1.1128744488188975
0
LINE
8
BLACK
6
CONTINUOUS
10
0.9977785433070866
20
1.1128744488188975
11
0.9959902362204724
21
1.1092977952755905
0
LINE
8
BLACK
6
CONTINUOUS
10
0.9959902362204724
20
1.1092977952755905
11
0.9959902362204724
21
1.1021428346456692
0
LINE
8
BLACK
6
CONTINUOUS
10
0.9959902362204724
20
1.1021428346456692
11
0.995836811023622
21
1.1015702755905512
0
LINE
8
BLACK
6
CONTINUOUS
10
0.995836811023622
20
1.1015702755905512
11
0.9958762598425197
21
1.1009788582677165
0
LINE
8
BLACK
6
CONTINUOUS
10
0.9958762598425197
20
1.1009788582677165
11
0.9954413779527559
21
1.100094527559055
0
LINE
8
BLACK
6
CONTINUOUS
10
0.9954413779527559
20
1.100094527559055
11
0.9951863779527559
21
1.0991428346456693
0
LINE
8
BLACK
6
CONTINUOUS
10
0.9951863779527559
20
1.0991428346456693
11
0.9947672834645669
21
1.0987237401574803
0
LINE
8
BLACK
6
CONTINUOUS
10
0.9947672834645669
20
1.0987237401574803
11
0.9945057086614173
21
1.098191811023622
0
LINE
8
BLACK
6
CONTINUOUS
10
0.9945057086614173
20
1.098191811023622
11
0.9936869291338583
21
1.0976433858267716
0
LINE
8
BLACK
6
CONTINUOUS
10
0.9936869291338583
20
1.0976433858267716
11
0.9929902362204724
21
1.0969466929133858
0
LINE
8
BLACK
6
CONTINUOUS
10
0.9929902362204724
20
1.0969466929133858
11
0.9924176771653543
21
1.0967932677165355
0
LINE
8
BLACK
6
CONTINUOUS
10
0.9924176771653543
20
1.0967932677165355
11
0.9919252362204725
21
1.0964634251968504
0
LINE
8
BLACK
6
CONTINUOUS
10
0.9919252362204725
20
1.0964634251968504
11
0.9909420078740158
21
1.0963978346456693
0
LINE
8
BLACK
6
CONTINUOUS
10
0.9909420078740158
20
1.0963978346456693
11
0.9899902362204724
21
1.0961428346456692
0
LINE
8
BLACK
6
CONTINUOUS
10
0.9899902362204724
20
1.0961428346456692
11
0.9894177165354331
21
1.0962962204724409
0
LINE
8
BLACK
6
CONTINUOUS
10
0.9894177165354331
20
1.0962962204724409
11
0.9888262992125983
21
1.0962568110236219
0
LINE
8
BLACK
6
CONTINUOUS
10
0.9888262992125983
20
1.0962568110236219
11
0.987941968503937
21
1.0966916535433071
0
LINE
8
BLACK
6
CONTINUOUS
10
0.987941968503937
20
1.0966916535433071
11
0.9869902362204724
21
1.0969466929133858
0
LINE
8
BLACK
6
CONTINUOUS
10
0.9869902362204724
20
1.0969466929133858
11
0.9865711417322834
21
1.097365748031496
0
LINE
8
BLACK
6
CONTINUOUS
10
0.9865711417322834
20
1.097365748031496
11
0.9860392125984252
21
1.0976273622047243
0
LINE
8
BLACK
6
CONTINUOUS
10
0.9860392125984252
20
1.0976273622047243
11
0.9731331102362204
21
1.1089201968503937
0
LINE
8
BLACK
6
CONTINUOUS
10
0.9731331102362204
20
1.1089201968503937
11
0.9731331102362204
21
1.085
0
LINE
8
BLACK
6
CONTINUOUS
10
0.9731331102362204
20
1.085
11
0.9723292519685039
21
1.0820000000000001
0
LINE
8
BLACK
6
CONTINUOUS
10
0.9723292519685039
20
1.0820000000000001
11
0.9701331102362204
21
1.0798038582677165
0
LINE
8
BLACK
6
CONTINUOUS
10
0.9701331102362204
20
1.0798038582677165
11
0.9671331102362205
21
1.079
0
LINE
8
BLACK
6
CONTINUOUS
10
0.9671331102362205
20
1.079
11
0.9641331102362205
21
1.0798038582677165
0
LINE
8
BLACK
6
CONTINUOUS
10
0.9641331102362205
20
1.0798038582677165
11
0.961936968503937
21
1.0820000000000001
0
LINE
8
BLACK
6
CONTINUOUS
10
0.961936968503937
20
1.0820000000000001
11
0.9611331102362205
21
1.085
0
LINE
8
BLACK
6
CONTINUOUS
10
0.9611331102362205
20
1.085
11
0.9611331102362205
21
1.1221428346456692
0
LINE
8
BLACK
6
CONTINUOUS
10
0.9611331102362205
20
1.1221428346456692
11
0.9612864960629921
21
1.1227153149606299
0
LINE
8
BLACK
6
CONTINUOUS
10
0.9612864960629921
20
1.1227153149606299
11
0.9612470866141732
21
1.1233067716535432
0
LINE
8
BLACK
6
CONTINUOUS
10
0.9612470866141732
20
1.1233067716535432
11
0.9616819291338582
21
1.1241910629921259
0
LINE
8
BLACK
6
CONTINUOUS
10
0.9616819291338582
20
1.1241910629921259
11
0.961936968503937
21
1.1251428346456693
0
LINE
8
BLACK
6
CONTINUOUS
10
0.961936968503937
20
1.1251428346456693
11
0.9623560236220472
21
1.1255618897637796
0
LINE
8
BLACK
6
CONTINUOUS
10
0.9623560236220472
20
1.1255618897637796
11
0.9626176377952755
21
1.1260938582677165
0
LINE
8
BLACK
6
CONTINUOUS
10
0.9626176377952755
20
1.1260938582677165
11
0.9634363385826772
21
1.1266422047244093
0
LINE
8
BLACK
6
CONTINUOUS
10
0.9634363385826772
20
1.1266422047244093
11
0.9641331102362205
21
1.1273389763779527
0
LINE
8
BLACK
6
CONTINUOUS
10
0.9641331102362205
20
1.1273389763779527
11
0.9647056692913386
21
1.1274923622047244
0
LINE
8
BLACK
6
CONTINUOUS
10
0.9647056692913386
20
1.1274923622047244
11
0.9651981496062992
21
1.1278222440944881
0
LINE
8
BLACK
6
CONTINUOUS
10
0.9651981496062992
20
1.1278222440944881
11
0.9661812598425197
21
1.1278877559055118
0
LINE
8
BLACK
6
CONTINUOUS
10
0.9661812598425197
20
1.1278877559055118
11
0.9671331102362205
21
1.1281428346456692
0
LINE
8
BLACK
6
CONTINUOUS
10
0.9671331102362205
20
1.1281428346456692
11
0.9677055905511811
21
1.127989409448819
0
LINE
8
BLACK
6
CONTINUOUS
10
0.9677055905511811
20
1.127989409448819
11
0.9682970472440945
21
1.1280288582677165
0
LINE
8
BLACK
6
CONTINUOUS
10
0.9682970472440945
20
1.1280288582677165
11
0.9691813385826772
21
1.1275939763779528
0
LINE
8
BLACK
6
CONTINUOUS
10
0.9691813385826772
20
1.1275939763779528
11
0.9701331102362204
21
1.1273389763779527
0
LINE
8
BLACK
6
CONTINUOUS
10
0.9701331102362204
20
1.1273389763779527
11
0.9705521653543306
21
1.1269198818897637
0
LINE
8
BLACK
6
CONTINUOUS
10
0.9705521653543306
20
1.1269198818897637
11
0.9710841338582676
21
1.1266583070866141
0
LINE
8
BLACK
6
CONTINUOUS
10
0.9710841338582676
20
1.1266583070866141
11
0.9851153149606299
21
1.1143809448818898
0
LINE
8
BLACK
6
CONTINUOUS
10
0.9851153149606299
20
1.1143809448818898
11
0.9874808267716535
21
1.1191118897637795
0
LINE
8
BLACK
6
CONTINUOUS
10
0.9874808267716535
20
1.1191118897637795
11
0.9881217716535433
21
1.1198346850393701
0
LINE
8
BLACK
6
CONTINUOUS
10
0.9881217716535433
20
1.1198346850393701
11
0.9886047637795276
21
1.1206712204724409
0
LINE
8
BLACK
6
CONTINUOUS
10
0.9886047637795276
20
1.1206712204724409
11
0.9914618897637795
21
1.123528346456693
0
LINE
8
BLACK
6
CONTINUOUS
10
0.9914618897637795
20
1.123528346456693
11
0.9922984645669292
21
1.1240113385826771
0
LINE
8
BLACK
6
CONTINUOUS
10
0.9922984645669292
20
1.1240113385826771
11
0.9930212598425197
21
1.1246522834645669
0
LINE
8
BLACK
6
CONTINUOUS
10
0.9930212598425197
20
1.1246522834645669
11
0.9987355511811024
21
1.1275094094488189
0
LINE
8
BLACK
6
CONTINUOUS
10
0.9987355511811024
20
1.1275094094488189
11
1.0000866929133858
21
1.1277858661417322
0
LINE
8
BLACK
6
CONTINUOUS
10
1.0000866929133858
20
1.1277858661417322
11
1.0014188188976378
21
1.1281428346456692
0
LINE
8
BLACK
6
CONTINUOUS
10
1.0014188188976378
20
1.1281428346456692
11
1.015704527559055
21
1.1281428346456692
0
LINE
8
BLACK
6
CONTINUOUS
10
1.015704527559055
20
1.1281428346456692
11
1.0170366141732283
21
1.1277858661417322
0
LINE
8
BLACK
6
CONTINUOUS
10
1.7114170866141731
20
1.1087083070866142
11
1.7115523228346456
21
1.1085948031496062
0
LINE
8
BLACK
6
CONTINUOUS
10
1.7115523228346456
20
1.1085948031496062
11
1.7117276771653542
21
1.1085746456692913
0
LINE
8
BLACK
6
CONTINUOUS
10
1.7117276771653542
20
1.1085746456692913
11
1.7154772047244093
21
1.1066998818897638
0
LINE
8
BLACK
6
CONTINUOUS
10
1.7154772047244093
20
1.1066998818897638
11
1.7161861811023622
21
1.1061740157480315
0
LINE
8
BLACK
6
CONTINUOUS
10
1.7161861811023622
20
1.1061740157480315
11
1.7162445669291337
21
1.1061468110236221
0
LINE
8
BLACK
6
CONTINUOUS
10
1.7162445669291337
20
1.1061468110236221
11
1.71811937007874
21
1.1042720472440946
0
LINE
8
BLACK
6
CONTINUOUS
10
1.71811937007874
20
1.1042720472440946
11
1.7186257480314959
21
1.1035488582677164
0
LINE
8
BLACK
6
CONTINUOUS
10
1.7186257480314959
20
1.1035488582677164
11
1.7186725196850394
21
1.1035046062992127
0
LINE
8
BLACK
6
CONTINUOUS
10
1.7186725196850394
20
1.1035046062992127
11
1.720547283464567
21
1.0997550787401575
0
LINE
8
BLACK
6
CONTINUOUS
10
1.720547283464567
20
1.0997550787401575
11
1.7208396456692914
21
1.0987721653543308
0
LINE
8
BLACK
6
CONTINUOUS
10
1.7208396456692914
20
1.0987721653543308
11
1.720798622047244
21
1.0986004330708661
0
LINE
8
BLACK
6
CONTINUOUS
10
1.720798622047244
20
1.0986004330708661
11
1.7208590157480315
21
1.0984345669291338
0
LINE
8
BLACK
6
CONTINUOUS
10
1.7208590157480315
20
1.0984345669291338
11
1.7208590157480315
21
1.0909355118110236
0
LINE
8
BLACK
6
CONTINUOUS
10
1.7208590157480315
20
1.0909355118110236
11
1.7206809448818898
21
1.0899255905511811
0
LINE
8
BLACK
6
CONTINUOUS
10
1.7206809448818898
20
1.0899255905511811
11
1.7205674409448819
21
1.0897903149606298
0
LINE
8
BLACK
6
CONTINUOUS
10
1.7205674409448819
20
1.0897903149606298
11
1.720547283464567
21
1.089615
0
LINE
8
BLACK
6
CONTINUOUS
10
1.720547283464567
20
1.089615
11
1.7186725196850394
21
1.0858654724409449
0
LINE
8
BLACK
6
CONTINUOUS
10
1.7186725196850394
20
1.0858654724409449
11
1.7181465354330707
21
1.0851563385826772
0
LINE
8
BLACK
6
CONTINUOUS
10
1.7181465354330707
20
1.0851563385826772
11
1.71811937007874
21
1.085098031496063
0
LINE
8
BLACK
6
CONTINUOUS
10
1.71811937007874
20
1.085098031496063
11
1.7162445669291337
21
1.0832232677165354
0
LINE
8
BLACK
6
CONTINUOUS
10
1.7162445669291337
20
1.0832232677165354
11
1.7155214960629921
21
1.0827169685039371
0
LINE
8
BLACK
6
CONTINUOUS
10
1.7155214960629921
20
1.0827169685039371
11
1.7154772047244093
21
1.0826701968503938
0
LINE
8
BLACK
6
CONTINUOUS
10
1.7154772047244093
20
1.0826701968503938
11
1.7117276771653542
21
1.080795433070866
0
LINE
8
BLACK
6
CONTINUOUS
10
1.7117276771653542
20
1.080795433070866
11
1.7107447244094487
21
1.0805030708661416
0
LINE
8
BLACK
6
CONTINUOUS
10
1.7107447244094487
20
1.0805030708661416
11
1.710573031496063
21
1.0805440551181102
0
LINE
8
BLACK
6
CONTINUOUS
10
1.710573031496063
20
1.0805440551181102
11
1.7104071653543307
21
1.0804837007874015
0
LINE
8
BLACK
6
CONTINUOUS
10
1.7104071653543307
20
1.0804837007874015
11
1.6954090551181102
21
1.0804837007874015
0
LINE
8
BLACK
6
CONTINUOUS
10
1.6954090551181102
20
1.0804837007874015
11
1.6948286614173227
21
1.0805860236220473
0
LINE
8
BLACK
6
CONTINUOUS
10
1.6948286614173227
20
1.0805860236220473
11
1.6946929133858268
21
1.0805718503937007
0
LINE
8
BLACK
6
CONTINUOUS
10
1.6946929133858268
20
1.0805718503937007
11
1.6871938582677164
21
1.0824466141732283
0
LINE
8
BLACK
6
CONTINUOUS
10
1.6871938582677164
20
1.0824466141732283
11
1.6862886220472439
21
1.0828503149606299
0
LINE
8
BLACK
6
CONTINUOUS
10
1.6862886220472439
20
1.0828503149606299
11
1.6862721259842519
21
1.0828543700787401
0
LINE
8
BLACK
6
CONTINUOUS
10
1.6862721259842519
20
1.0828543700787401
11
1.6806477952755905
21
1.0866038976377952
0
LINE
8
BLACK
6
CONTINUOUS
10
1.6806477952755905
20
1.0866038976377952
11
1.6803224409448818
21
1.0869146850393701
0
LINE
8
BLACK
6
CONTINUOUS
10
1.6803224409448818
20
1.0869146850393701
11
1.6801977952755904
21
1.0869728346456693
0
LINE
8
BLACK
6
CONTINUOUS
10
1.6801977952755904
20
1.0869728346456693
11
1.6783230314960629
21
1.0888475984251968
0
LINE
8
BLACK
6
CONTINUOUS
10
1.6783230314960629
20
1.0888475984251968
11
1.6778167322834645
21
1.0895706692913385
0
LINE
8
BLACK
6
CONTINUOUS
10
1.6778167322834645
20
1.0895706692913385
11
1.6777699212598425
21
1.089615
0
LINE
8
BLACK
6
CONTINUOUS
10
1.6777699212598425
20
1.089615
11
1.6758951574803149
21
1.0933645275590551
0
LINE
8
BLACK
6
CONTINUOUS
10
1.6758951574803149
20
1.0933645275590551
11
1.6756027952755905
21
1.0943474803149607
0
LINE
8
BLACK
6
CONTINUOUS
10
1.6756027952755905
20
1.0943474803149607
11
1.6756437795275589
21
1.0945191338582676
0
LINE
8
BLACK
6
CONTINUOUS
10
1.6756437795275589
20
1.0945191338582676
11
1.6755834251968504
21
1.0946850393700787
0
LINE
8
BLACK
6
CONTINUOUS
10
1.6755834251968504
20
1.0946850393700787
11
1.6755834251968504
21
1.1021840944881889
0
LINE
8
BLACK
6
CONTINUOUS
10
1.6755834251968504
20
1.1021840944881889
11
1.6757614960629921
21
1.1031940157480316
0
LINE
8
BLACK
6
CONTINUOUS
10
1.6757614960629921
20
1.1031940157480316
11
1.6770598031496062
21
1.1047412598425197
0
LINE
8
BLACK
6
CONTINUOUS
10
1.6770598031496062
20
1.1047412598425197
11
1.6790489370078741
21
1.1050920078740156
0
LINE
8
BLACK
6
CONTINUOUS
10
1.6790489370078741
20
1.1050920078740156
11
1.6807981102362204
21
1.1040820866141732
0
LINE
8
BLACK
6
CONTINUOUS
10
1.6807981102362204
20
1.1040820866141732
11
1.6814889370078741
21
1.1021840944881889
0
LINE
8
BLACK
6
CONTINUOUS
10
1.6814889370078741
20
1.1021840944881889
11
1.6814889370078741
21
1.0953820866141732
0
LINE
8
BLACK
6
CONTINUOUS
10
1.6814889370078741
20
1.0953820866141732
11
1.6828376771653544
21
1.0926846062992126
0
LINE
8
BLACK
6
CONTINUOUS
10
1.6828376771653544
20
1.0926846062992126
11
1.6841668110236221
21
1.0913554724409449
0
LINE
8
BLACK
6
CONTINUOUS
10
1.6841668110236221
20
1.0913554724409449
11
1.6891223622047244
21
1.0880517716535434
0
LINE
8
BLACK
6
CONTINUOUS
10
1.6891223622047244
20
1.0880517716535434
11
1.6920395275590552
21
1.0873224803149606
0
LINE
8
BLACK
6
CONTINUOUS
10
1.6920395275590552
20
1.0873224803149606
11
1.6908932677165354
21
1.089615
0
LINE
8
BLACK
6
CONTINUOUS
10
1.6908932677165354
20
1.089615
11
1.690600905511811
21
1.0905979527559055
0
LINE
8
BLACK
6
CONTINUOUS
10
1.690600905511811
20
1.0905979527559055
11
1.6906418897637794
21
1.0907696062992125
0
LINE
8
BLACK
6
CONTINUOUS
10
1.6906418897637794
20
1.0907696062992125
11
1.6905815354330709
21
1.0909355118110236
0
LINE
8
BLACK
6
CONTINUOUS
10
1.6905815354330709
20
1.0909355118110236
11
1.6905815354330709
21
1.0984345669291338
0
LINE
8
BLACK
6
CONTINUOUS
10
1.6905815354330709
20
1.0984345669291338
11
1.6907596062992125
21
1.0994444881889764
0
LINE
8
BLACK
6
CONTINUOUS
10
1.6907596062992125
20
1.0994444881889764
11
1.6908730708661417
21
1.0995797244094487
0
LINE
8
BLACK
6
CONTINUOUS
10
1.6908730708661417
20
1.0995797244094487
11
1.6908932677165354
21
1.0997550787401575
0
LINE
8
BLACK
6
CONTINUOUS
10
1.6908932677165354
20
1.0997550787401575
11
1.6927680314960629
21
1.1035046062992127
0
LINE
8
BLACK
6
CONTINUOUS
10
1.6927680314960629
20
1.1035046062992127
11
1.6932939370078739
21
1.1042136614173228
0
LINE
8
BLACK
6
CONTINUOUS
10
1.6932939370078739
20
1.1042136614173228
11
1.6933211417322833
21
1.1042720078740158
0
LINE
8
BLACK
6
CONTINUOUS
10
1.6933211417322833
20
1.1042720078740158
11
1.6951959055118109
21
1.1061467716535434
0
LINE
8
BLACK
6
CONTINUOUS
10
1.6951959055118109
20
1.1061467716535434
11
1.6959189763779527
21
1.106653031496063
0
LINE
8
BLACK
6
CONTINUOUS
10
1.6959189763779527
20
1.106653031496063
11
1.695963307086614
21
1.1066998818897638
0
LINE
8
BLACK
6
CONTINUOUS
10
1.695963307086614
20
1.1066998818897638
11
1.6997128346456694
21
1.1085746456692913
0
LINE
8
BLACK
6
CONTINUOUS
10
1.6997128346456694
20
1.1085746456692913
11
1.7006957480314959
21
1.1088670078740157
0
LINE
8
BLACK
6
CONTINUOUS
10
1.7006957480314959
20
1.1088670078740157
11
1.7008674409448818
21
1.1088259842519685
0
LINE
8
BLACK
6
CONTINUOUS
10
1.7008674409448818
20
1.1088259842519685
11
1.7010333464566929
21
1.1088863779527558
0
LINE
8
BLACK
6
CONTINUOUS
10
1.7010333464566929
20
1.1088863779527558
11
1.7104071653543307
21
1.1088863779527558
0
LINE
8
BLACK
6
CONTINUOUS
10
1.7104071653543307
20
1.1088863779527558
11
1.7114170866141731
21
1.1087083070866142
0
LINE
8
BLACK
6
CONTINUOUS
10
1.6990329133858266
20
1.1016321259842519
11
1.6978357874015748
21
1.1004350000000001
0
LINE
8
BLACK
6
CONTINUOUS
10
1.6978357874015748
20
1.1004350000000001
11
1.6964870472440945
21
1.0977375196850394
0
LINE
8
BLACK
6
CONTINUOUS
10
1.6964870472440945
20
1.0977375196850394
11
1.6964870472440945
21
1.0916325590551181
0
LINE
8
BLACK
6
CONTINUOUS
10
1.6964870472440945
20
1.0916325590551181
11
1.6978357874015748
21
1.0889350787401575
0
LINE
8
BLACK
6
CONTINUOUS
10
1.6978357874015748
20
1.0889350787401575
11
1.6990329133858266
21
1.0877379527559055
0
LINE
8
BLACK
6
CONTINUOUS
10
1.6990329133858266
20
1.0877379527559055
11
1.7017303937007873
21
1.0863892125984251
0
LINE
8
BLACK
6
CONTINUOUS
10
1.7017303937007873
20
1.0863892125984251
11
1.7097101181102361
21
1.0863892125984251
0
LINE
8
BLACK
6
CONTINUOUS
10
1.7097101181102361
20
1.0863892125984251
11
1.7124075984251967
21
1.0877379527559055
0
LINE
8
BLACK
6
CONTINUOUS
10
1.7124075984251967
20
1.0877379527559055
11
1.7136047637795275
21
1.0889350787401575
0
LINE
8
BLACK
6
CONTINUOUS
10
1.7136047637795275
20
1.0889350787401575
11
1.7149535039370079
21
1.0916325590551181
0
LINE
8
BLACK
6
CONTINUOUS
10
1.7149535039370079
20
1.0916325590551181
11
1.7149535039370079
21
1.0977375196850394
0
LINE
8
BLACK
6
CONTINUOUS
10
1.7149535039370079
20
1.0977375196850394
11
1.7136047637795275
21
1.1004349606299213
0
LINE
8
BLACK
6
CONTINUOUS
10
1.7136047637795275
20
1.1004349606299213
11
1.7124075984251967
21
1.1016320866141731
0
LINE
8
BLACK
6
CONTINUOUS
10
1.7124075984251967
20
1.1016320866141731
11
1.7097101181102361
21
1.1029808661417322
0
LINE
8
BLACK
6
CONTINUOUS
10
1.7097101181102361
20
1.1029808661417322
11
1.7017303937007873
21
1.1029808661417322
0
LINE
8
BLACK
6
CONTINUOUS
10
1.7017303937007873
20
1.1029808661417322
11
1.6990329133858266
21
1.1016321259842519
0
LINE
8
BLACK
6
CONTINUOUS
10
1.7701681889763778
20
1.1078316141732283
11
1.7708590157480315
21
1.105933622047244
0
LINE
8
BLACK
6
CONTINUOUS
10
1.7708590157480315
20
1.105933622047244
11
1.7708590157480315
21
1.0834364566929133
0
LINE
8
BLACK
6
CONTINUOUS
10
1.7708590157480315
20
1.0834364566929133
11
1.7706809448818897
21
1.0824265354330709
0
LINE
8
BLACK
6
CONTINUOUS
10
1.7706809448818897
20
1.0824265354330709
11
1.7693826377952755
21
1.0808792913385827
0
LINE
8
BLACK
6
CONTINUOUS
10
1.7693826377952755
20
1.0808792913385827
11
1.7673935039370079
21
1.0805285433070866
0
LINE
8
BLACK
6
CONTINUOUS
10
1.7673935039370079
20
1.0805285433070866
11
1.7656443307086613
21
1.081538464566929
0
LINE
8
BLACK
6
CONTINUOUS
10
1.7656443307086613
20
1.081538464566929
11
1.7649535039370079
21
1.0834364566929133
0
LINE
8
BLACK
6
CONTINUOUS
10
1.7649535039370079
20
1.0834364566929133
11
1.7649535039370079
21
1.0917322834645669
0
LINE
8
BLACK
6
CONTINUOUS
10
1.7649535039370079
20
1.0917322834645669
11
1.7375395275590551
21
1.0917322834645669
0
LINE
8
BLACK
6
CONTINUOUS
10
1.7375395275590551
20
1.0917322834645669
11
1.7399979133858268
21
1.0892738976377951
0
LINE
8
BLACK
6
CONTINUOUS
10
1.7399979133858268
20
1.0892738976377951
11
1.7405042913385826
21
1.0885507086614172
0
LINE
8
BLACK
6
CONTINUOUS
10
1.7405042913385826
20
1.0885507086614172
11
1.7405510236220472
21
1.088506496062992
0
LINE
8
BLACK
6
CONTINUOUS
10
1.7405510236220472
20
1.088506496062992
11
1.7424257874015747
21
1.0847569685039369
0
LINE
8
BLACK
6
CONTINUOUS
10
1.7424257874015747
20
1.0847569685039369
11
1.7427181496062991
21
1.0837740551181103
0
LINE
8
BLACK
6
CONTINUOUS
10
1.7427181496062991
20
1.0837740551181103
11
1.7422488582677165
21
1.0818095275590551
0
LINE
8
BLACK
6
CONTINUOUS
10
1.7422488582677165
20
1.0818095275590551
11
1.7406265748031495
21
1.0806062204724409
0
LINE
8
BLACK
6
CONTINUOUS
10
1.7406265748031495
20
1.0806062204724409
11
1.738610433070866
21
1.0807272834645669
0
LINE
8
BLACK
6
CONTINUOUS
10
1.738610433070866
20
1.0807272834645669
11
1.7371437401574803
21
1.0821159448818898
0
LINE
8
BLACK
6
CONTINUOUS
10
1.7371437401574803
20
1.0821159448818898
11
1.7354832677165355
21
1.0854368897637796
0
LINE
8
BLACK
6
CONTINUOUS
10
1.7354832677165355
20
1.0854368897637796
11
1.7322792913385827
21
1.0886408267716534
0
LINE
8
BLACK
6
CONTINUOUS
10
1.7322792913385827
20
1.0886408267716534
11
1.7268982677165354
21
1.0922281889763779
0
LINE
8
BLACK
6
CONTINUOUS
10
1.7268982677165354
20
1.0922281889763779
11
1.7261567716535433
21
1.0929365748031497
0
LINE
8
BLACK
6
CONTINUOUS
10
1.7261567716535433
20
1.0929365748031497
11
1.7261090551181102
21
1.0930994881889764
0
LINE
8
BLACK
6
CONTINUOUS
10
1.7261090551181102
20
1.0930994881889764
11
1.7259790157480315
21
1.0932086614173229
0
LINE
8
BLACK
6
CONTINUOUS
10
1.7259790157480315
20
1.0932086614173229
11
1.7258301968503937
21
1.094052559055118
0
LINE
8
BLACK
6
CONTINUOUS
10
1.7258301968503937
20
1.094052559055118
11
1.7255895275590551
21
1.0948750787401575
0
LINE
8
BLACK
6
CONTINUOUS
10
1.7255895275590551
20
1.0948750787401575
11
1.725657716535433
21
1.0950305511811023
0
LINE
8
BLACK
6
CONTINUOUS
10
1.725657716535433
20
1.0950305511811023
11
1.7256282677165353
21
1.0951977952755905
0
LINE
8
BLACK
6
CONTINUOUS
10
1.7256282677165353
20
1.0951977952755905
11
1.7260566929133858
21
1.0959398425196849
0
LINE
8
BLACK
6
CONTINUOUS
10
1.7260566929133858
20
1.0959398425196849
11
1.726401062992126
21
1.0967246850393702
0
LINE
8
BLACK
6
CONTINUOUS
10
1.726401062992126
20
1.0967246850393702
11
1.7265533070866141
21
1.0967999212598425
0
LINE
8
BLACK
6
CONTINUOUS
10
1.7265533070866141
20
1.0967999212598425
11
1.726638188976378
21
1.096946968503937
0
LINE
8
BLACK
6
CONTINUOUS
10
1.726638188976378
20
1.096946968503937
11
1.7274434251968505
21
1.0972400393700787
0
LINE
8
BLACK
6
CONTINUOUS
10
1.7274434251968505
20
1.0972400393700787
11
1.728211653543307
21
1.0976198818897638
0
LINE
8
BLACK
6
CONTINUOUS
10
1.728211653543307
20
1.0976198818897638
11
1.7283765748031497
21
1.09757968503937
0
LINE
8
BLACK
6
CONTINUOUS
10
1.7283765748031497
20
1.09757968503937
11
1.7285361811023621
21
1.0976377952755905
0
LINE
8
BLACK
6
CONTINUOUS
10
1.7285361811023621
20
1.0976377952755905
11
1.7649535039370079
21
1.0976377952755905
0
LINE
8
BLACK
6
CONTINUOUS
10
1.7649535039370079
20
1.0976377952755905
11
1.7649535039370079
21
1.105933622047244
0
LINE
8
BLACK
6
CONTINUOUS
10
1.7649535039370079
20
1.105933622047244
11
1.7651315748031495
21
1.1069435433070867
0
LINE
8
BLACK
6
CONTINUOUS
10
1.7651315748031495
20
1.1069435433070867
11
1.7664298818897637
21
1.1084907874015748
0
LINE
8
BLACK
6
CONTINUOUS
10
1.7664298818897637
20
1.1084907874015748
11
1.7684190157480315
21
1.1088415354330707
0
LINE
8
BLACK
6
CONTINUOUS
10
1.7684190157480315
20
1.1088415354330707
11
1.7701681889763778
21
1.1078316141732283
0
LINE
8
BLACK
6
CONTINUOUS
10
2.0869034251968501
20
1.2934366929133858
11
2.0870706692913386
21
1.2934661811023622
0
LINE
8
BLACK
6
CONTINUOUS
10
2.0870706692913386
20
1.2934661811023622
11
2.0878127165354332
21
1.293037716535433
0
LINE
8
BLACK
6
CONTINUOUS
10
2.0878127165354332
20
1.293037716535433
11
2.0885975590551182
21
1.2926933858267717
0
LINE
8
BLACK
6
CONTINUOUS
10
2.0885975590551182
20
1.2926933858267717
11
2.0886727952755906
21
1.2925411023622047
0
LINE
8
BLACK
6
CONTINUOUS
10
2.0886727952755906
20
1.2925411023622047
11
2.0888198425196851
21
1.2924562598425196
0
LINE
8
BLACK
6
CONTINUOUS
10
2.0888198425196851
20
1.2924562598425196
11
2.0891129133858266
21
1.2916509842519686
0
LINE
8
BLACK
6
CONTINUOUS
10
2.0891129133858266
20
1.2916509842519686
11
2.0894927559055119
21
1.2908827952755906
0
LINE
8
BLACK
6
CONTINUOUS
10
2.0894927559055119
20
1.2908827952755906
11
2.0894525590551178
21
1.2907178346456694
0
LINE
8
BLACK
6
CONTINUOUS
10
2.0894525590551178
20
1.2907178346456694
11
2.0895106692913386
21
1.2905582677165355
0
LINE
8
BLACK
6
CONTINUOUS
10
2.0895106692913386
20
1.2905582677165355
11
2.0895106692913386
21
1.2541409448818897
0
LINE
8
BLACK
6
CONTINUOUS
10
2.0895106692913386
20
1.2541409448818897
11
2.0978064960629923
21
1.2541409448818897
0
LINE
8
BLACK
6
CONTINUOUS
10
2.0978064960629923
20
1.2541409448818897
11
2.0988164173228347
21
1.253962874015748
0
LINE
8
BLACK
6
CONTINUOUS
10
2.0988164173228347
20
1.253962874015748
11
2.1003636614173229
21
1.2526645669291339
0
LINE
8
BLACK
6
CONTINUOUS
10
2.1003636614173229
20
1.2526645669291339
11
2.1007144094488188
21
1.250675433070866
0
LINE
8
BLACK
6
CONTINUOUS
10
2.1007144094488188
20
1.250675433070866
11
2.0997044881889764
21
1.2489262598425197
0
LINE
8
BLACK
6
CONTINUOUS
10
2.0997044881889764
20
1.2489262598425197
11
2.0978064960629923
21
1.248235433070866
0
LINE
8
BLACK
6
CONTINUOUS
10
2.0978064960629923
20
1.248235433070866
11
2.0753093307086612
21
1.248235433070866
0
LINE
8
BLACK
6
CONTINUOUS
10
2.0753093307086612
20
1.248235433070866
11
2.0742994094488187
21
1.2484135039370079
0
LINE
8
BLACK
6
CONTINUOUS
10
2.0742994094488187
20
1.2484135039370079
11
2.0727521653543306
21
1.2497118110236221
0
LINE
8
BLACK
6
CONTINUOUS
10
2.0727521653543306
20
1.2497118110236221
11
2.0724014173228347
21
1.2517009448818897
0
LINE
8
BLACK
6
CONTINUOUS
10
2.0724014173228347
20
1.2517009448818897
11
2.0734113385826771
21
1.2534501181102362
0
LINE
8
BLACK
6
CONTINUOUS
10
2.0734113385826771
20
1.2534501181102362
11
2.0753093307086612
21
1.2541409448818897
0
LINE
8
BLACK
6
CONTINUOUS
10
2.0753093307086612
20
1.2541409448818897
11
2.0836051574803149
21
1.2541409448818897
0
LINE
8
BLACK
6
CONTINUOUS
10
2.0836051574803149
20
1.2541409448818897
11
2.0836051574803149
21
1.2815549212598425
0
LINE
8
BLACK
6
CONTINUOUS
10
2.0836051574803149
20
1.2815549212598425
11
2.0811467716535432
21
1.2790965354330708
0
LINE
8
BLACK
6
CONTINUOUS
10
2.0811467716535432
20
1.2790965354330708
11
2.0804236614173228
21
1.2785902362204724
0
LINE
8
BLACK
6
CONTINUOUS
10
2.0804236614173228
20
1.2785902362204724
11
2.0803793700787403
21
1.2785434251968504
0
LINE
8
BLACK
6
CONTINUOUS
10
2.0803793700787403
20
1.2785434251968504
11
2.0766298425196852
21
1.2766686614173228
0
LINE
8
BLACK
6
CONTINUOUS
10
2.0766298425196852
20
1.2766686614173228
11
2.0756468897637794
21
1.2763762992125984
0
LINE
8
BLACK
6
CONTINUOUS
10
2.0756468897637794
20
1.2763762992125984
11
2.073682401574803
21
1.2768455905511811
0
LINE
8
BLACK
6
CONTINUOUS
10
2.073682401574803
20
1.2768455905511811
11
2.0724790944881888
21
1.2784678346456693
0
LINE
8
BLACK
6
CONTINUOUS
10
2.0724790944881888
20
1.2784678346456693
11
2.072600157480315
21
1.2804840157480315
0
LINE
8
BLACK
6
CONTINUOUS
10
2.072600157480315
20
1.2804840157480315
11
2.0739888188976376
21
1.2819507086614172
0
LINE
8
BLACK
6
CONTINUOUS
10
2.0739888188976376
20
1.2819507086614172
11
2.0773097637795277
21
1.2836111811023623
0
LINE
8
BLACK
6
CONTINUOUS
10
2.0773097637795277
20
1.2836111811023623
11
2.080513661417323
21
1.2868150787401575
0
LINE
8
BLACK
6
CONTINUOUS
10
2.080513661417323
20
1.2868150787401575
11
2.0841010629921257
21
1.2921961811023621
0
LINE
8
BLACK
6
CONTINUOUS
10
2.0841010629921257
20
1.2921961811023621
11
2.0848094488188975
21
1.292937716535433
0
LINE
8
BLACK
6
CONTINUOUS
10
2.0848094488188975
20
1.292937716535433
11
2.0849724015748032
21
1.2929853937007874
0
LINE
8
BLACK
6
CONTINUOUS
10
2.0849724015748032
20
1.2929853937007874
11
2.085081535433071
21
1.2931154330708661
0
LINE
8
BLACK
6
CONTINUOUS
10
2.085081535433071
20
1.2931154330708661
11
2.0859253149606301
21
1.2932642125984253
0
LINE
8
BLACK
6
CONTINUOUS
10
2.0859253149606301
20
1.2932642125984253
11
2.0867479527559056
21
1.2935049212598424
0
LINE
8
BLACK
6
CONTINUOUS
10
2.0867479527559056
20
1.2935049212598424
11
2.0869034251968501
21
1.2934366929133858
0
LINE
8
BLACK
6
CONTINUOUS
10
2.0393596850393698
20
1.2930741338582676
11
2.0406152362204724
21
1.2914920078740157
0
LINE
8
BLACK
6
CONTINUOUS
10
2.0406152362204724
20
1.2914920078740157
11
2.0509373622047242
21
1.260525590551181
0
LINE
8
BLACK
6
CONTINUOUS
10
2.0509373622047242
20
1.260525590551181
11
2.0612594881889765
21
1.2914920078740157
0
LINE
8
BLACK
6
CONTINUOUS
10
2.0612594881889765
20
1.2914920078740157
11
2.061747755905512
21
1.2923937795275591
0
LINE
8
BLACK
6
CONTINUOUS
10
2.061747755905512
20
1.2923937795275591
11
2.0634687401574801
21
1.2934510629921259
0
LINE
8
BLACK
6
CONTINUOUS
10
2.0634687401574801
20
1.2934510629921259
11
2.0654666929133856
21
1.2931548031496063
0
LINE
8
BLACK
6
CONTINUOUS
10
2.0654666929133856
20
1.2931548031496063
11
2.0668067716535434
21
1.2916435433070865
0
LINE
8
BLACK
6
CONTINUOUS
10
2.0668067716535434
20
1.2916435433070865
11
2.0668619291338581
21
1.289624527559055
0
LINE
8
BLACK
6
CONTINUOUS
10
2.0668619291338581
20
1.289624527559055
11
2.0537385826771652
21
1.2502544488188976
0
LINE
8
BLACK
6
CONTINUOUS
10
2.0537385826771652
20
1.2502544488188976
11
2.0532502755905511
21
1.2493526771653543
0
LINE
8
BLACK
6
CONTINUOUS
10
2.0532502755905511
20
1.2493526771653543
11
2.0531778346456693
21
1.2493081496062992
0
LINE
8
BLACK
6
CONTINUOUS
10
2.0531778346456693
20
1.2493081496062992
11
2.0531466141732282
21
1.2492291338582677
0
LINE
8
BLACK
6
CONTINUOUS
10
2.0531466141732282
20
1.2492291338582677
11
2.052325118110236
21
1.2487842913385827
0
LINE
8
BLACK
6
CONTINUOUS
10
2.052325118110236
20
1.2487842913385827
11
2.0515293307086613
21
1.2482953937007875
0
LINE
8
BLACK
6
CONTINUOUS
10
2.0515293307086613
20
1.2482953937007875
11
2.0514452362204723
21
1.2483078346456693
0
LINE
8
BLACK
6
CONTINUOUS
10
2.0514452362204723
20
1.2483078346456693
11
2.0513704724409449
21
1.2482673622047245
0
LINE
8
BLACK
6
CONTINUOUS
10
2.0513704724409449
20
1.2482673622047245
11
2.0504553543307087
21
1.2484546062992126
0
LINE
8
BLACK
6
CONTINUOUS
10
2.0504553543307087
20
1.2484546062992126
11
2.049531338582677
21
1.248591653543307
0
LINE
8
BLACK
6
CONTINUOUS
10
2.049531338582677
20
1.248591653543307
11
2.0494748818897639
21
1.2486552755905511
0
LINE
8
BLACK
6
CONTINUOUS
10
2.0494748818897639
20
1.2486552755905511
11
2.0493916929133857
21
1.2486723228346457
0
LINE
8
BLACK
6
CONTINUOUS
10
2.0493916929133857
20
1.2486723228346457
11
2.0488113385826772
21
1.2494035826771652
0
LINE
8
BLACK
6
CONTINUOUS
10
2.0488113385826772
20
1.2494035826771652
11
2.0481912992125983
21
1.250102874015748
0
LINE
8
BLACK
6
CONTINUOUS
10
2.0481912992125983
20
1.250102874015748
11
2.0481889763779528
21
1.2501878346456692
0
LINE
8
BLACK
6
CONTINUOUS
10
2.0481889763779528
20
1.2501878346456692
11
2.0481361417322832
21
1.2502544488188976
0
LINE
8
BLACK
6
CONTINUOUS
10
2.0481361417322832
20
1.2502544488188976
11
2.0350127952755903
21
1.289624527559055
0
LINE
8
BLACK
6
CONTINUOUS
10
2.0350127952755903
20
1.289624527559055
11
2.0348623622047244
21
1.2906389370078739
0
LINE
8
BLACK
6
CONTINUOUS
10
2.0348623622047244
20
1.2906389370078739
11
2.0356047637795274
21
1.2925173228346456
0
LINE
8
BLACK
6
CONTINUOUS
10
2.0356047637795274
20
1.2925173228346456
11
2.0373809055118111
21
1.2934790944881889
0
LINE
8
BLACK
6
CONTINUOUS
10
2.0373809055118111
20
1.2934790944881889
11
2.0393596850393698
21
1.2930741338582676
0
LINE
8
BLACK
6
CONTINUOUS
10
2.0200762598425195
20
1.2933329527559054
11
2.0202114960629922
21
1.2932194488188975
0
LINE
8
BLACK
6
CONTINUOUS
10
2.0202114960629922
20
1.2932194488188975
11
2.0203868503937006
21
1.2931992913385826
0
LINE
8
BLACK
6
CONTINUOUS
10
2.0203868503937006
20
1.2931992913385826
11
2.0241363779527557
21
1.291324527559055
0
LINE
8
BLACK
6
CONTINUOUS
10
2.0241363779527557
20
1.291324527559055
11
2.0248454330708663
21
1.2907985826771653
0
LINE
8
BLACK
6
CONTINUOUS
10
2.0248454330708663
20
1.2907985826771653
11
2.0249037795275591
21
1.2907714173228346
0
LINE
8
BLACK
6
CONTINUOUS
10
2.0249037795275591
20
1.2907714173228346
11
2.0267785433070866
21
1.2888966535433071
0
LINE
8
BLACK
6
CONTINUOUS
10
2.0267785433070866
20
1.2888966535433071
11
2.0272848031496062
21
1.2881735433070867
0
LINE
8
BLACK
6
CONTINUOUS
10
2.0272848031496062
20
1.2881735433070867
11
2.0273316535433072
21
1.2881292519685039
0
LINE
8
BLACK
6
CONTINUOUS
10
2.0273316535433072
20
1.2881292519685039
11
2.0292064173228348
21
1.2843797244094488
0
LINE
8
BLACK
6
CONTINUOUS
10
2.0292064173228348
20
1.2843797244094488
11
2.0294987795275592
21
1.283396811023622
0
LINE
8
BLACK
6
CONTINUOUS
10
2.0294987795275592
20
1.283396811023622
11
2.0294577559055118
21
1.2832250787401573
0
LINE
8
BLACK
6
CONTINUOUS
10
2.0294577559055118
20
1.2832250787401573
11
2.0295181496062993
21
1.2830592125984253
0
LINE
8
BLACK
6
CONTINUOUS
10
2.0295181496062993
20
1.2830592125984253
11
2.0295181496062993
21
1.2774349212598426
0
LINE
8
BLACK
6
CONTINUOUS
10
2.0295181496062993
20
1.2774349212598426
11
2.0293400787401574
21
1.2764249999999999
0
LINE
8
BLACK
6
CONTINUOUS
10
2.0293400787401574
20
1.2764249999999999
11
2.0292265748031495
21
1.2762897244094489
0
LINE
8
BLACK
6
CONTINUOUS
10
2.0292265748031495
20
1.2762897244094489
11
2.0292064173228348
21
1.2761144094488188
0
LINE
8
BLACK
6
CONTINUOUS
10
2.0292064173228348
20
1.2761144094488188
11
2.0273316535433072
21
1.2723648818897637
0
LINE
8
BLACK
6
CONTINUOUS
10
2.0273316535433072
20
1.2723648818897637
11
2.0268057480314958
21
1.2716557874015748
0
LINE
8
BLACK
6
CONTINUOUS
10
2.0268057480314958
20
1.2716557874015748
11
2.0267785433070866
21
1.2715974803149606
0
LINE
8
BLACK
6
CONTINUOUS
10
2.0267785433070866
20
1.2715974803149606
11
2.0249037795275591
21
1.269722716535433
0
LINE
8
BLACK
6
CONTINUOUS
10
2.0249037795275591
20
1.269722716535433
11
2.0241806692913387
21
1.2692164173228346
0
LINE
8
BLACK
6
CONTINUOUS
10
2.0241806692913387
20
1.2692164173228346
11
2.0241363779527557
21
1.2691696062992126
0
LINE
8
BLACK
6
CONTINUOUS
10
2.0241363779527557
20
1.2691696062992126
11
2.0203868503937006
21
1.267294842519685
0
LINE
8
BLACK
6
CONTINUOUS
10
2.0203868503937006
20
1.267294842519685
11
2.0194038976377953
21
1.2670024803149607
0
LINE
8
BLACK
6
CONTINUOUS
10
2.0194038976377953
20
1.2670024803149607
11
2.0192322047244096
21
1.2670434645669291
0
LINE
8
BLACK
6
CONTINUOUS
10
2.0192322047244096
20
1.2670434645669291
11
2.0191037007874013
21
1.2669966929133858
0
LINE
8
BLACK
6
CONTINUOUS
10
2.0191037007874013
20
1.2669966929133858
11
2.0289844094488187
21
1.2528814566929134
0
LINE
8
BLACK
6
CONTINUOUS
10
2.0289844094488187
20
1.2528814566929134
11
2.0294176771653545
21
1.2519520078740156
0
LINE
8
BLACK
6
CONTINUOUS
10
2.0294176771653545
20
1.2519520078740156
11
2.0292413385826773
21
1.2499399212598425
0
LINE
8
BLACK
6
CONTINUOUS
10
2.0292413385826773
20
1.2499399212598425
11
2.0278129133858269
21
1.2485118897637795
0
LINE
8
BLACK
6
CONTINUOUS
10
2.0278129133858269
20
1.2485118897637795
11
2.0258007874015749
21
1.2483361417322834
0
LINE
8
BLACK
6
CONTINUOUS
10
2.0258007874015749
20
1.2483361417322834
11
2.0241464173228345
21
1.2494948818897638
0
LINE
8
BLACK
6
CONTINUOUS
10
2.0241464173228345
20
1.2494948818897638
11
2.01190468503937
21
1.2669831102362203
0
LINE
8
BLACK
6
CONTINUOUS
10
2.01190468503937
20
1.2669831102362203
11
2.0070209842519686
21
1.2669831102362203
0
LINE
8
BLACK
6
CONTINUOUS
10
2.0070209842519686
20
1.2669831102362203
11
2.0070209842519686
21
1.2511881889763778
0
LINE
8
BLACK
6
CONTINUOUS
10
2.0070209842519686
20
1.2511881889763778
11
2.0068429133858268
21
1.2501782677165354
0
LINE
8
BLACK
6
CONTINUOUS
10
2.0068429133858268
20
1.2501782677165354
11
2.0055446062992126
21
1.2486310236220473
0
LINE
8
BLACK
6
CONTINUOUS
10
2.0055446062992126
20
1.2486310236220473
11
2.003555472440945
21
1.2482802755905511
0
LINE
8
BLACK
6
CONTINUOUS
10
2.003555472440945
20
1.2482802755905511
11
2.0018062992125985
21
1.2492901968503938
0
LINE
8
BLACK
6
CONTINUOUS
10
2.0018062992125985
20
1.2492901968503938
11
2.001115472440945
21
1.2511881889763778
0
LINE
8
BLACK
6
CONTINUOUS
10
2.001115472440945
20
1.2511881889763778
11
2.001115472440945
21
1.2905582677165355
0
LINE
8
BLACK
6
CONTINUOUS
10
2.001115472440945
20
1.2905582677165355
11
2.0011830708661416
21
1.2909417716535432
0
LINE
8
BLACK
6
CONTINUOUS
10
2.0011830708661416
20
1.2909417716535432
11
2.0011603149606301
21
1.2910710236220473
0
LINE
8
BLACK
6
CONTINUOUS
10
2.0011603149606301
20
1.2910710236220473
11
2.0012259055118111
21
1.2911846062992125
0
LINE
8
BLACK
6
CONTINUOUS
10
2.0012259055118111
20
1.2911846062992125
11
2.0012935433070864
21
1.2915681889763779
0
LINE
8
BLACK
6
CONTINUOUS
10
2.0012935433070864
20
1.2915681889763779
11
2.0017866535433071
21
1.2921558661417323
0
LINE
8
BLACK
6
CONTINUOUS
10
2.0017866535433071
20
1.2921558661417323
11
2.0021702362204725
21
1.2928201968503936
0
LINE
8
BLACK
6
CONTINUOUS
10
2.0021702362204725
20
1.2928201968503936
11
2.0024205511811024
21
1.2929112992125984
0
LINE
8
BLACK
6
CONTINUOUS
10
2.0024205511811024
20
1.2929112992125984
11
2.0025918503937006
21
1.2931154330708661
0
LINE
8
BLACK
6
CONTINUOUS
10
2.0025918503937006
20
1.2931154330708661
11
2.003347401574803
21
1.2932486614173229
0
LINE
8
BLACK
6
CONTINUOUS
10
2.003347401574803
20
1.2932486614173229
11
2.0040682283464566
21
1.2935110236220473
0
LINE
8
BLACK
6
CONTINUOUS
10
2.0040682283464566
20
1.2935110236220473
11
2.019066338582677
21
1.2935110236220473
0
LINE
8
BLACK
6
CONTINUOUS
10
2.019066338582677
20
1.2935110236220473
11
2.0200762598425195
21
1.2933329527559054
0
LINE
8
BLACK
6
CONTINUOUS
10
2.0070209842519686
20
1.272888622047244
11
2.0183692913385824
21
1.272888622047244
0
LINE
8
BLACK
6
CONTINUOUS
10
2.0183692913385824
20
1.272888622047244
11
2.0210667716535431
21
1.2742373622047243
0
LINE
8
BLACK
6
CONTINUOUS
10
2.0210667716535431
20
1.2742373622047243
11
2.0222638976377953
21
1.2754344881889763
0
LINE
8
BLACK
6
CONTINUOUS
10
2.0222638976377953
20
1.2754344881889763
11
2.0236126377952757
21
1.278131968503937
0
LINE
8
BLACK
6
CONTINUOUS
10
2.0236126377952757
20
1.278131968503937
11
2.0236126377952757
21
1.2823621653543307
0
LINE
8
BLACK
6
CONTINUOUS
10
2.0236126377952757
20
1.2823621653543307
11
2.0222638976377953
21
1.2850596456692913
0
LINE
8
BLACK
6
CONTINUOUS
10
2.0222638976377953
20
1.2850596456692913
11
2.0210667716535431
21
1.2862567716535434
0
LINE
8
BLACK
6
CONTINUOUS
10
2.0210667716535431
20
1.2862567716535434
11
2.0183692913385824
21
1.2876055118110237
0
LINE
8
BLACK
6
CONTINUOUS
10
2.0183692913385824
20
1.2876055118110237
11
2.0070209842519686
21
1.2876055118110237
0
LINE
8
BLACK
6
CONTINUOUS
10
2.0070209842519686
20
1.2876055118110237
11
2.0070209842519686
21
1.272888622047244
0
LINE
8
BLACK
6
CONTINUOUS
10
1.9369444881889764
20
1.299238464566929
11
1.9370797244094489
21
1.2991249606299213
0
LINE
8
BLACK
6
CONTINUOUS
10
1.9370797244094489
20
1.2991249606299213
11
1.9372550787401575
21
1.2991048031496062
0
LINE
8
BLACK
6
CONTINUOUS
10
1.9372550787401575
20
1.2991048031496062
11
1.9410046062992126
21
1.2972300393700786
0
LINE
8
BLACK
6
CONTINUOUS
10
1.9410046062992126
20
1.2972300393700786
11
1.9417136614173227
21
1.2967040944881889
0
LINE
8
BLACK
6
CONTINUOUS
10
1.9417136614173227
20
1.2967040944881889
11
1.9417720078740157
21
1.2966769291338582
0
LINE
8
BLACK
6
CONTINUOUS
10
1.9417720078740157
20
1.2966769291338582
11
1.9436467716535433
21
1.2948021653543307
0
LINE
8
BLACK
6
CONTINUOUS
10
1.9436467716535433
20
1.2948021653543307
11
1.9441530314960629
21
1.2940790551181103
0
LINE
8
BLACK
6
CONTINUOUS
10
1.9441530314960629
20
1.2940790551181103
11
1.9441998818897637
21
1.2940347637795275
0
LINE
8
BLACK
6
CONTINUOUS
10
1.9441998818897637
20
1.2940347637795275
11
1.9460746456692912
21
1.2902852362204724
0
LINE
8
BLACK
6
CONTINUOUS
10
1.9460746456692912
20
1.2902852362204724
11
1.9463670078740156
21
1.2893023228346456
0
LINE
8
BLACK
6
CONTINUOUS
10
1.9463670078740156
20
1.2893023228346456
11
1.9463259842519685
21
1.2891305905511812
0
LINE
8
BLACK
6
CONTINUOUS
10
1.9463259842519685
20
1.2891305905511812
11
1.9463863779527559
21
1.2889647244094489
0
LINE
8
BLACK
6
CONTINUOUS
10
1.9463863779527559
20
1.2889647244094489
11
1.9463863779527559
21
1.2852151968503938
0
LINE
8
BLACK
6
CONTINUOUS
10
1.9463863779527559
20
1.2852151968503938
11
1.9462330708661417
21
1.2843457874015747
0
LINE
8
BLACK
6
CONTINUOUS
10
1.9462330708661417
20
1.2843457874015747
11
1.9462348425196849
21
1.2842814173228345
0
LINE
8
BLACK
6
CONTINUOUS
10
1.9462348425196849
20
1.2842814173228345
11
1.9443600787401574
21
1.2786571653543306
0
LINE
8
BLACK
6
CONTINUOUS
10
1.9443600787401574
20
1.2786571653543306
11
1.9438717716535432
21
1.2777553937007873
0
LINE
8
BLACK
6
CONTINUOUS
10
1.9438717716535432
20
1.2777553937007873
11
1.9437213779527558
21
1.2776629921259843
0
LINE
8
BLACK
6
CONTINUOUS
10
1.9437213779527558
20
1.2776629921259843
11
1.9436467716535433
21
1.2775029921259842
0
LINE
8
BLACK
6
CONTINUOUS
10
1.9436467716535433
20
1.2775029921259842
11
1.9261902755905511
21
1.2600464566929133
0
LINE
8
BLACK
6
CONTINUOUS
10
1.9261902755905511
20
1.2600464566929133
11
1.9434336220472441
21
1.2600464566929133
0
LINE
8
BLACK
6
CONTINUOUS
10
1.9434336220472441
20
1.2600464566929133
11
1.9444435433070866
21
1.2598683858267716
0
LINE
8
BLACK
6
CONTINUOUS
10
1.9444435433070866
20
1.2598683858267716
11
1.9459907874015747
21
1.2585700787401575
0
LINE
8
BLACK
6
CONTINUOUS
10
1.9459907874015747
20
1.2585700787401575
11
1.9463415354330709
21
1.2565809448818896
0
LINE
8
BLACK
6
CONTINUOUS
10
1.9463415354330709
20
1.2565809448818896
11
1.9453316141732282
21
1.2548317716535433
0
LINE
8
BLACK
6
CONTINUOUS
10
1.9453316141732282
20
1.2548317716535433
11
1.9434336220472441
21
1.2541409448818897
0
LINE
8
BLACK
6
CONTINUOUS
10
1.9434336220472441
20
1.2541409448818897
11
1.9190616929133857
21
1.2541409448818897
0
LINE
8
BLACK
6
CONTINUOUS
10
1.9190616929133857
20
1.2541409448818897
11
1.9184269291338583
21
1.2542528346456692
0
LINE
8
BLACK
6
CONTINUOUS
10
1.9184269291338583
20
1.2542528346456692
11
1.9182974803149606
21
1.2542415354330709
0
LINE
8
BLACK
6
CONTINUOUS
10
1.9182974803149606
20
1.2542415354330709
11
1.9182322440944881
21
1.2542871653543306
0
LINE
8
BLACK
6
CONTINUOUS
10
1.9182322440944881
20
1.2542871653543306
11
1.9180517716535432
21
1.2543190157480315
0
LINE
8
BLACK
6
CONTINUOUS
10
1.9180517716535432
20
1.2543190157480315
11
1.9173709055118109
21
1.2548902755905511
0
LINE
8
BLACK
6
CONTINUOUS
10
1.9173709055118109
20
1.2548902755905511
11
1.9166429133858267
21
1.2554000787401574
0
LINE
8
BLACK
6
CONTINUOUS
10
1.9166429133858267
20
1.2554000787401574
11
1.9166079527559055
21
1.2555305118110236
0
LINE
8
BLACK
6
CONTINUOUS
10
1.9166079527559055
20
1.2555305118110236
11
1.9165045275590551
21
1.2556173228346457
0
LINE
8
BLACK
6
CONTINUOUS
10
1.9165045275590551
20
1.2556173228346457
11
1.916350157480315
21
1.2564926377952756
0
LINE
8
BLACK
6
CONTINUOUS
10
1.916350157480315
20
1.2564926377952756
11
1.9161201968503936
21
1.2573510236220473
0
LINE
8
BLACK
6
CONTINUOUS
10
1.9161201968503936
20
1.2573510236220473
11
1.9161772440944882
21
1.257473346456693
0
LINE
8
BLACK
6
CONTINUOUS
10
1.9161772440944882
20
1.257473346456693
11
1.9161537795275589
21
1.2576064566929133
0
LINE
8
BLACK
6
CONTINUOUS
10
1.9161537795275589
20
1.2576064566929133
11
1.9165982677165354
21
1.2583763385826772
0
LINE
8
BLACK
6
CONTINUOUS
10
1.9165982677165354
20
1.2583763385826772
11
1.916973779527559
21
1.2591816141732284
0
LINE
8
BLACK
6
CONTINUOUS
10
1.916973779527559
20
1.2591816141732284
11
1.938978031496063
21
1.2811859055118109
0
LINE
8
BLACK
6
CONTINUOUS
10
1.938978031496063
20
1.2811859055118109
11
1.9404808661417323
21
1.2856943307086615
0
LINE
8
BLACK
6
CONTINUOUS
10
1.9404808661417323
20
1.2856943307086615
11
1.9404808661417323
21
1.2882676771653543
0
LINE
8
BLACK
6
CONTINUOUS
10
1.9404808661417323
20
1.2882676771653543
11
1.939132125984252
21
1.2909651574803149
0
LINE
8
BLACK
6
CONTINUOUS
10
1.939132125984252
20
1.2909651574803149
11
1.937935
21
1.292162283464567
0
LINE
8
BLACK
6
CONTINUOUS
10
1.937935
20
1.292162283464567
11
1.9352375196850393
21
1.2935110236220473
0
LINE
8
BLACK
6
CONTINUOUS
10
1.9352375196850393
20
1.2935110236220473
11
1.9272577952755905
21
1.2935110236220473
0
LINE
8
BLACK
6
CONTINUOUS
10
1.9272577952755905
20
1.2935110236220473
11
1.9245603149606298
21
1.292162283464567
0
LINE
8
BLACK
6
CONTINUOUS
10
1.9245603149606298
20
1.292162283464567
11
1.9230243700787402
21
1.2906263385826771
0
LINE
8
BLACK
6
CONTINUOUS
10
1.9230243700787402
20
1.2906263385826771
11
1.9221843307086615
21
1.2900381496062991
0
LINE
8
BLACK
6
CONTINUOUS
10
1.9221843307086615
20
1.2900381496062991
11
1.9201722440944882
21
1.2898620866141732
0
LINE
8
BLACK
6
CONTINUOUS
10
1.9201722440944882
20
1.2898620866141732
11
1.9185176771653543
21
1.2910206299212599
0
LINE
8
BLACK
6
CONTINUOUS
10
1.9185176771653543
20
1.2910206299212599
11
1.9179949606299211
21
1.2929715748031496
0
LINE
8
BLACK
6
CONTINUOUS
10
1.9179949606299211
20
1.2929715748031496
11
1.9188485433070865
21
1.2948021653543307
0
LINE
8
BLACK
6
CONTINUOUS
10
1.9188485433070865
20
1.2948021653543307
11
1.9207233070866141
21
1.2966769291338582
0
LINE
8
BLACK
6
CONTINUOUS
10
1.9207233070866141
20
1.2966769291338582
11
1.921446377952756
21
1.2971831889763779
0
LINE
8
BLACK
6
CONTINUOUS
10
1.921446377952756
20
1.2971831889763779
11
1.9214907086614172
21
1.2972300393700786
0
LINE
8
BLACK
6
CONTINUOUS
10
1.9214907086614172
20
1.2972300393700786
11
1.9252402362204724
21
1.2991048031496062
0
LINE
8
BLACK
6
CONTINUOUS
10
1.9252402362204724
20
1.2991048031496062
11
1.9262231496062991
21
1.2993971653543306
0
LINE
8
BLACK
6
CONTINUOUS
10
1.9262231496062991
20
1.2993971653543306
11
1.9263948425196851
21
1.2993561417322834
0
LINE
8
BLACK
6
CONTINUOUS
10
1.9263948425196851
20
1.2993561417322834
11
1.9265607480314961
21
1.2994165354330709
0
LINE
8
BLACK
6
CONTINUOUS
10
1.9265607480314961
20
1.2994165354330709
11
1.9359345669291339
21
1.2994165354330709
0
LINE
8
BLACK
6
CONTINUOUS
10
1.9359345669291339
20
1.2994165354330709
11
1.9369444881889764
21
1.299238464566929
0
LINE
8
BLACK
6
CONTINUOUS
10
1.8994491732283465
20
1.299238464566929
11
1.8995844094488188
21
1.2991249606299213
0
LINE
8
BLACK
6
CONTINUOUS
10
1.8995844094488188
20
1.2991249606299213
11
1.8997597637795276
21
1.2991048031496062
0
LINE
8
BLACK
6
CONTINUOUS
10
1.8997597637795276
20
1.2991048031496062
11
1.9035092913385827
21
1.2972300393700786
0
LINE
8
BLACK
6
CONTINUOUS
10
1.9035092913385827
20
1.2972300393700786
11
1.9042183464566929
21
1.2967040944881889
0
LINE
8
BLACK
6
CONTINUOUS
10
1.9042183464566929
20
1.2967040944881889
11
1.9042766929133859
21
1.2966769291338582
0
LINE
8
BLACK
6
CONTINUOUS
10
1.9042766929133859
20
1.2966769291338582
11
1.9061514566929134
21
1.2948021653543307
0
LINE
8
BLACK
6
CONTINUOUS
10
1.9061514566929134
20
1.2948021653543307
11
1.906657716535433
21
1.2940790551181103
0
LINE
8
BLACK
6
CONTINUOUS
10
1.906657716535433
20
1.2940790551181103
11
1.9067045669291338
21
1.2940347637795275
0
LINE
8
BLACK
6
CONTINUOUS
10
1.9067045669291338
20
1.2940347637795275
11
1.9085793307086614
21
1.2902852362204724
0
LINE
8
BLACK
6
CONTINUOUS
10
1.9085793307086614
20
1.2902852362204724
11
1.9088716929133858
21
1.2893023228346456
0
LINE
8
BLACK
6
CONTINUOUS
10
1.9088716929133858
20
1.2893023228346456
11
1.9088306692913386
21
1.2891305905511812
0
LINE
8
BLACK
6
CONTINUOUS
10
1.9088306692913386
20
1.2891305905511812
11
1.9088910629921259
21
1.2889647244094489
0
LINE
8
BLACK
6
CONTINUOUS
10
1.9088910629921259
20
1.2889647244094489
11
1.9088910629921259
21
1.2833404330708662
0
LINE
8
BLACK
6
CONTINUOUS
10
1.9088910629921259
20
1.2833404330708662
11
1.9087129921259842
21
1.2823305118110235
0
LINE
8
BLACK
6
CONTINUOUS
10
1.9087129921259842
20
1.2823305118110235
11
1.9085994881889763
21
1.2821952362204725
0
LINE
8
BLACK
6
CONTINUOUS
10
1.9085994881889763
20
1.2821952362204725
11
1.9085793307086614
21
1.2820199212598424
0
LINE
8
BLACK
6
CONTINUOUS
10
1.9085793307086614
20
1.2820199212598424
11
1.9067045669291338
21
1.2782703937007873
0
LINE
8
BLACK
6
CONTINUOUS
10
1.9067045669291338
20
1.2782703937007873
11
1.9061786614173228
21
1.2775612992125984
0
LINE
8
BLACK
6
CONTINUOUS
10
1.9061786614173228
20
1.2775612992125984
11
1.9061514566929134
21
1.2775029921259842
0
LINE
8
BLACK
6
CONTINUOUS
10
1.9061514566929134
20
1.2775029921259842
11
1.9042766929133859
21
1.2756282283464566
0
LINE
8
BLACK
6
CONTINUOUS
10
1.9042766929133859
20
1.2756282283464566
11
1.9035535826771652
21
1.2751219291338582
0
LINE
8
BLACK
6
CONTINUOUS
10
1.9035535826771652
20
1.2751219291338582
11
1.9035092913385827
21
1.2750751181102362
0
LINE
8
BLACK
6
CONTINUOUS
10
1.9035092913385827
20
1.2750751181102362
11
1.8997597637795276
21
1.2732003543307087
0
LINE
8
BLACK
6
CONTINUOUS
10
1.8997597637795276
20
1.2732003543307087
11
1.8987768110236221
21
1.2729079921259843
0
LINE
8
BLACK
6
CONTINUOUS
10
1.8987768110236221
20
1.2729079921259843
11
1.8986051181102361
21
1.2729489763779527
0
LINE
8
BLACK
6
CONTINUOUS
10
1.8986051181102361
20
1.2729489763779527
11
1.8984766141732283
21
1.2729022047244094
0
LINE
8
BLACK
6
CONTINUOUS
10
1.8984766141732283
20
1.2729022047244094
11
1.9083573228346455
21
1.258786968503937
0
LINE
8
BLACK
6
CONTINUOUS
10
1.9083573228346455
20
1.258786968503937
11
1.9087905905511811
21
1.2578575196850394
0
LINE
8
BLACK
6
CONTINUOUS
10
1.9087905905511811
20
1.2578575196850394
11
1.9086142519685039
21
1.2558454330708662
0
LINE
8
BLACK
6
CONTINUOUS
10
1.9086142519685039
20
1.2558454330708662
11
1.9071858267716535
21
1.2544174015748031
0
LINE
8
BLACK
6
CONTINUOUS
10
1.9071858267716535
20
1.2544174015748031
11
1.9051737007874014
21
1.254241653543307
0
LINE
8
BLACK
6
CONTINUOUS
10
1.9051737007874014
20
1.254241653543307
11
1.9035193307086613
21
1.2554003937007874
0
LINE
8
BLACK
6
CONTINUOUS
10
1.9035193307086613
20
1.2554003937007874
11
1.8912775984251968
21
1.272888622047244
0
LINE
8
BLACK
6
CONTINUOUS
10
1.8912775984251968
20
1.272888622047244
11
1.8863938976377952
21
1.272888622047244
0
LINE
8
BLACK
6
CONTINUOUS
10
1.8863938976377952
20
1.272888622047244
11
1.8863938976377952
21
1.2570937007874015
0
LINE
8
BLACK
6
CONTINUOUS
10
1.8863938976377952
20
1.2570937007874015
11
1.8862158267716536
21
1.256083779527559
0
LINE
8
BLACK
6
CONTINUOUS
10
1.8862158267716536
20
1.256083779527559
11
1.8849175196850394
21
1.2545365354330709
0
LINE
8
BLACK
6
CONTINUOUS
10
1.8849175196850394
20
1.2545365354330709
11
1.8829283858267716
21
1.2541857874015747
0
LINE
8
BLACK
6
CONTINUOUS
10
1.8829283858267716
20
1.2541857874015747
11
1.8811792125984252
21
1.2551957086614174
0
LINE
8
BLACK
6
CONTINUOUS
10
1.8811792125984252
20
1.2551957086614174
11
1.8804883858267716
21
1.2570937007874015
0
LINE
8
BLACK
6
CONTINUOUS
10
1.8804883858267716
20
1.2570937007874015
11
1.8804883858267716
21
1.2964637795275591
0
LINE
8
BLACK
6
CONTINUOUS
10
1.8804883858267716
20
1.2964637795275591
11
1.8805559842519686
21
1.2968472834645668
0
LINE
8
BLACK
6
CONTINUOUS
10
1.8805559842519686
20
1.2968472834645668
11
1.8805332283464566
21
1.2969765354330709
0
LINE
8
BLACK
6
CONTINUOUS
10
1.8805332283464566
20
1.2969765354330709
11
1.8805988188976377
21
1.2970901181102361
0
LINE
8
BLACK
6
CONTINUOUS
10
1.8805988188976377
20
1.2970901181102361
11
1.8806664566929134
21
1.2974737007874015
0
LINE
8
BLACK
6
CONTINUOUS
10
1.8806664566929134
20
1.2974737007874015
11
1.8811595669291339
21
1.2980613779527559
0
LINE
8
BLACK
6
CONTINUOUS
10
1.8811595669291339
20
1.2980613779527559
11
1.8815431496062991
21
1.2987257086614172
0
LINE
8
BLACK
6
CONTINUOUS
10
1.8815431496062991
20
1.2987257086614172
11
1.8817934645669292
21
1.298816811023622
0
LINE
8
BLACK
6
CONTINUOUS
10
1.8817934645669292
20
1.298816811023622
11
1.8819647637795276
21
1.2990209448818897
0
LINE
8
BLACK
6
CONTINUOUS
10
1.8819647637795276
20
1.2990209448818897
11
1.88272031496063
21
1.2991541732283465
0
LINE
8
BLACK
6
CONTINUOUS
10
1.88272031496063
20
1.2991541732283465
11
1.8834411417322834
21
1.2994165354330709
0
LINE
8
BLACK
6
CONTINUOUS
10
1.8834411417322834
20
1.2994165354330709
11
1.8984392519685038
21
1.2994165354330709
0
LINE
8
BLACK
6
CONTINUOUS
10
1.8984392519685038
20
1.2994165354330709
11
1.8994491732283465
21
1.299238464566929
0
LINE
8
BLACK
6
CONTINUOUS
10
1.8863938976377952
20
1.2787941338582678
11
1.8977422047244095
21
1.2787941338582678
0
LINE
8
BLACK
6
CONTINUOUS
10
1.8977422047244095
20
1.2787941338582678
11
1.9004396850393701
21
1.2801428740157481
0
LINE
8
BLACK
6
CONTINUOUS
10
1.9004396850393701
20
1.2801428740157481
11
1.9016368110236219
21
1.2813399999999999
0
LINE
8
BLACK
6
CONTINUOUS
10
1.9016368110236219
20
1.2813399999999999
11
1.9029855511811022
21
1.2840374803149606
0
LINE
8
BLACK
6
CONTINUOUS
10
1.9029855511811022
20
1.2840374803149606
11
1.9029855511811022
21
1.2882676771653543
0
LINE
8
BLACK
6
CONTINUOUS
10
1.9029855511811022
20
1.2882676771653543
11
1.9016368110236219
21
1.2909651574803149
0
LINE
8
BLACK
6
CONTINUOUS
10
1.9016368110236219
20
1.2909651574803149
11
1.9004396850393701
21
1.292162283464567
0
LINE
8
BLACK
6
CONTINUOUS
10
1.9004396850393701
20
1.292162283464567
11
1.8977422047244095
21
1.2935110236220473
0
LINE
8
BLACK
6
CONTINUOUS
10
1.8977422047244095
20
1.2935110236220473
11
1.8863938976377952
21
1.2935110236220473
0
LINE
8
BLACK
6
CONTINUOUS
10
1.8863938976377952
20
1.2935110236220473
11
1.8863938976377952
21
1.2787941338582678
0
LINE
8
BLACK
6
CONTINUOUS
10
1.7162445669291337
20
1.3205262598425196
11
1.71811937007874
21
1.318651496062992
0
LINE
8
BLACK
6
CONTINUOUS
10
1.71811937007874
20
1.318651496062992
11
1.7187075984251967
21
1.3178114566929133
0
LINE
8
BLACK
6
CONTINUOUS
10
1.7187075984251967
20
1.3178114566929133
11
1.7187229527559054
21
1.3176355118110237
0
LINE
8
BLACK
6
CONTINUOUS
10
1.7187229527559054
20
1.3176355118110237
11
1.7188327165354331
21
1.3174972834645668
0
LINE
8
BLACK
6
CONTINUOUS
10
1.7188327165354331
20
1.3174972834645668
11
1.7207074803149607
21
1.3118730314960629
0
LINE
8
BLACK
6
CONTINUOUS
10
1.7207074803149607
20
1.3118730314960629
11
1.7208369685039369
21
1.3109997637795274
0
LINE
8
BLACK
6
CONTINUOUS
10
1.7208369685039369
20
1.3109997637795274
11
1.7208590157480315
21
1.3109392519685039
0
LINE
8
BLACK
6
CONTINUOUS
10
1.7208590157480315
20
1.3109392519685039
11
1.7208590157480315
21
1.3071897244094488
0
LINE
8
BLACK
6
CONTINUOUS
10
1.7208590157480315
20
1.3071897244094488
11
1.7207057086614173
21
1.3063203149606299
0
LINE
8
BLACK
6
CONTINUOUS
10
1.7207057086614173
20
1.3063203149606299
11
1.7207074803149607
21
1.3062559448818898
0
LINE
8
BLACK
6
CONTINUOUS
10
1.7207074803149607
20
1.3062559448818898
11
1.7188327165354331
21
1.3006316929133859
0
LINE
8
BLACK
6
CONTINUOUS
10
1.7188327165354331
20
1.3006316929133859
11
1.7183444094488189
21
1.2997299212598425
0
LINE
8
BLACK
6
CONTINUOUS
10
1.7183444094488189
20
1.2997299212598425
11
1.7181940157480315
21
1.2996375196850394
0
LINE
8
BLACK
6
CONTINUOUS
10
1.7181940157480315
20
1.2996375196850394
11
1.7181194094488188
21
1.2994775196850394
0
LINE
8
BLACK
6
CONTINUOUS
10
1.7181194094488188
20
1.2994775196850394
11
1.7143698425196849
21
1.2957279921259843
0
LINE
8
BLACK
6
CONTINUOUS
10
1.7143698425196849
20
1.2957279921259843
11
1.713646653543307
21
1.2952215748031495
0
LINE
8
BLACK
6
CONTINUOUS
10
1.713646653543307
20
1.2952215748031495
11
1.7136024409448818
21
1.2951748818897637
0
LINE
8
BLACK
6
CONTINUOUS
10
1.7136024409448818
20
1.2951748818897637
11
1.7098529133858267
21
1.2933001181102362
0
LINE
8
BLACK
6
CONTINUOUS
10
1.7098529133858267
20
1.2933001181102362
11
1.7093644488188977
21
1.2931548031496063
0
LINE
8
BLACK
6
CONTINUOUS
10
1.7093644488188977
20
1.2931548031496063
11
1.7092485433070865
21
1.2930765354330709
0
LINE
8
BLACK
6
CONTINUOUS
10
1.7092485433070865
20
1.2930765354330709
11
1.7017494881889763
21
1.2912017716535433
0
LINE
8
BLACK
6
CONTINUOUS
10
1.7017494881889763
20
1.2912017716535433
11
1.7011615748031497
21
1.2911602755905511
0
LINE
8
BLACK
6
CONTINUOUS
10
1.7011615748031497
20
1.2911602755905511
11
1.7010333464566929
21
1.2911136220472441
0
LINE
8
BLACK
6
CONTINUOUS
10
1.7010333464566929
20
1.2911136220472441
11
1.6954090551181102
21
1.2911136220472441
0
LINE
8
BLACK
6
CONTINUOUS
10
1.6954090551181102
20
1.2911136220472441
11
1.6948286614173227
21
1.2912159448818898
0
LINE
8
BLACK
6
CONTINUOUS
10
1.6948286614173227
20
1.2912159448818898
11
1.6946929133858268
21
1.2912017716535433
0
LINE
8
BLACK
6
CONTINUOUS
10
1.6946929133858268
20
1.2912017716535433
11
1.6871938582677164
21
1.2930765354330709
0
LINE
8
BLACK
6
CONTINUOUS
10
1.6871938582677164
20
1.2930765354330709
11
1.6867283858267716
21
1.2932840944881889
0
LINE
8
BLACK
6
CONTINUOUS
10
1.6867283858267716
20
1.2932840944881889
11
1.6865894881889762
21
1.2933001181102362
0
LINE
8
BLACK
6
CONTINUOUS
10
1.6865894881889762
20
1.2933001181102362
11
1.6828399606299211
21
1.2951748818897637
0
LINE
8
BLACK
6
CONTINUOUS
10
1.6828399606299211
20
1.2951748818897637
11
1.6821308661417322
21
1.2957007874015747
0
LINE
8
BLACK
6
CONTINUOUS
10
1.6821308661417322
20
1.2957007874015747
11
1.682072559055118
21
1.2957279921259843
0
LINE
8
BLACK
6
CONTINUOUS
10
1.682072559055118
20
1.2957279921259843
11
1.6783230314960629
21
1.2994775196850394
0
LINE
8
BLACK
6
CONTINUOUS
10
1.6783230314960629
20
1.2994775196850394
11
1.677734842519685
21
1.3003175590551181
0
LINE
8
BLACK
6
CONTINUOUS
10
1.677734842519685
20
1.3003175590551181
11
1.6777194488188976
21
1.3004933858267715
0
LINE
8
BLACK
6
CONTINUOUS
10
1.6777194488188976
20
1.3004933858267715
11
1.6776097244094488
21
1.3006316929133859
0
LINE
8
BLACK
6
CONTINUOUS
10
1.6776097244094488
20
1.3006316929133859
11
1.6757349606299212
21
1.3062559842519685
0
LINE
8
BLACK
6
CONTINUOUS
10
1.6757349606299212
20
1.3062559842519685
11
1.6756054724409448
21
1.3071291338582678
0
LINE
8
BLACK
6
CONTINUOUS
10
1.6756054724409448
20
1.3071291338582678
11
1.6755834251968504
21
1.3071897244094488
0
LINE
8
BLACK
6
CONTINUOUS
10
1.6755834251968504
20
1.3071897244094488
11
1.6755834251968504
21
1.3109392519685039
0
LINE
8
BLACK
6
CONTINUOUS
10
1.6755834251968504
20
1.3109392519685039
11
1.6757366929133859
21
1.311808622047244
0
LINE
8
BLACK
6
CONTINUOUS
10
1.6757366929133859
20
1.311808622047244
11
1.6757349606299212
21
1.3118729921259842
0
LINE
8
BLACK
6
CONTINUOUS
10
1.6757349606299212
20
1.3118729921259842
11
1.6776097244094488
21
1.3174972834645668
0
LINE
8
BLACK
6
CONTINUOUS
10
1.6776097244094488
20
1.3174972834645668
11
1.6780979921259842
21
1.3183990551181102
0
LINE
8
BLACK
6
CONTINUOUS
10
1.6780979921259842
20
1.3183990551181102
11
1.6782484251968504
21
1.3184914566929133
0
LINE
8
BLACK
6
CONTINUOUS
10
1.6782484251968504
20
1.3184914566929133
11
1.6783230314960629
21
1.3186514566929133
0
LINE
8
BLACK
6
CONTINUOUS
10
1.6783230314960629
20
1.3186514566929133
11
1.6801977952755904
21
1.3205262204724408
0
LINE
8
BLACK
6
CONTINUOUS
10
1.6801977952755904
20
1.3205262204724408
11
1.6810378346456694
21
1.321114409448819
0
LINE
8
BLACK
6
CONTINUOUS
10
1.6810378346456694
20
1.321114409448819
11
1.6830499212598424
21
1.3212904330708661
0
LINE
8
BLACK
6
CONTINUOUS
10
1.6830499212598424
20
1.3212904330708661
11
1.6847044881889763
21
1.3201319291338582
0
LINE
8
BLACK
6
CONTINUOUS
10
1.6847044881889763
20
1.3201319291338582
11
1.6852272047244095
21
1.3181809448818897
0
LINE
8
BLACK
6
CONTINUOUS
10
1.6852272047244095
20
1.3181809448818897
11
1.6843736220472441
21
1.3163503937007874
0
LINE
8
BLACK
6
CONTINUOUS
10
1.6843736220472441
20
1.3163503937007874
11
1.6829917322834644
21
1.3149685039370078
0
LINE
8
BLACK
6
CONTINUOUS
10
1.6829917322834644
20
1.3149685039370078
11
1.6814889370078741
21
1.3104600787401575
0
LINE
8
BLACK
6
CONTINUOUS
10
1.6814889370078741
20
1.3104600787401575
11
1.6814889370078741
21
1.3076688582677165
0
LINE
8
BLACK
6
CONTINUOUS
10
1.6814889370078741
20
1.3076688582677165
11
1.6829917322834644
21
1.3031604330708662
0
LINE
8
BLACK
6
CONTINUOUS
10
1.6829917322834644
20
1.3031604330708662
11
1.6859095669291337
21
1.3002426377952756
0
LINE
8
BLACK
6
CONTINUOUS
10
1.6859095669291337
20
1.3002426377952756
11
1.6889405511811024
21
1.2987271259842519
0
LINE
8
BLACK
6
CONTINUOUS
10
1.6889405511811024
20
1.2987271259842519
11
1.6957725984251968
21
1.2970191338582677
0
LINE
8
BLACK
6
CONTINUOUS
10
1.6957725984251968
20
1.2970191338582677
11
1.7006698031496064
21
1.2970191338582677
0
LINE
8
BLACK
6
CONTINUOUS
10
1.7006698031496064
20
1.2970191338582677
11
1.7075018503937007
21
1.2987271259842519
0
LINE
8
BLACK
6
CONTINUOUS
10
1.7075018503937007
20
1.2987271259842519
11
1.7105328346456692
21
1.3002426377952756
0
LINE
8
BLACK
6
CONTINUOUS
10
1.7105328346456692
20
1.3002426377952756
11
1.7134507086614172
21
1.3031604724409449
0
LINE
8
BLACK
6
CONTINUOUS
10
1.7134507086614172
20
1.3031604724409449
11
1.7149535039370079
21
1.3076688582677165
0
LINE
8
BLACK
6
CONTINUOUS
10
1.7149535039370079
20
1.3076688582677165
11
1.7149535039370079
21
1.3104601181102362
0
LINE
8
BLACK
6
CONTINUOUS
10
1.7149535039370079
20
1.3104601181102362
11
1.7134507086614172
21
1.3149684645669291
0
LINE
8
BLACK
6
CONTINUOUS
10
1.7134507086614172
20
1.3149684645669291
11
1.7120688188976378
21
1.3163503543307087
0
LINE
8
BLACK
6
CONTINUOUS
10
1.7120688188976378
20
1.3163503543307087
11
1.711480590551181
21
1.3171903937007874
0
LINE
8
BLACK
6
CONTINUOUS
10
1.711480590551181
20
1.3171903937007874
11
1.711304527559055
21
1.3192025196850394
0
LINE
8
BLACK
6
CONTINUOUS
10
1.711304527559055
20
1.3192025196850394
11
1.7124630314960629
21
1.3208570866141731
0
LINE
8
BLACK
6
CONTINUOUS
10
1.7124630314960629
20
1.3208570866141731
11
1.7144140157480314
21
1.3213798031496062
0
LINE
8
BLACK
6
CONTINUOUS
10
1.7144140157480314
20
1.3213798031496062
11
1.7162445669291337
21
1.3205262598425196
0
LINE
8
BLACK
6
CONTINUOUS
10
1.8162445669291338
20
1.3205262598425196
11
1.8181193700787401
21
1.318651496062992
0
LINE
8
BLACK
6
CONTINUOUS
10
1.8181193700787401
20
1.318651496062992
11
1.8187075984251968
21
1.3178114566929133
0
LINE
8
BLACK
6
CONTINUOUS
10
1.8187075984251968
20
1.3178114566929133
11
1.8187229527559055
21
1.3176355118110237
0
LINE
8
BLACK
6
CONTINUOUS
10
1.8187229527559055
20
1.3176355118110237
11
1.818832716535433
21
1.3174972834645668
0
LINE
8
BLACK
6
CONTINUOUS
10
1.818832716535433
20
1.3174972834645668
11
1.8207074803149605
21
1.3118730314960629
0
LINE
8
BLACK
6
CONTINUOUS
10
1.8207074803149605
20
1.3118730314960629
11
1.8208369685039369
21
1.3109997637795274
0
LINE
8
BLACK
6
CONTINUOUS
10
1.8208369685039369
20
1.3109997637795274
11
1.8208590157480316
21
1.3109392519685039
0
LINE
8
BLACK
6
CONTINUOUS
10
1.8208590157480316
20
1.3109392519685039
11
1.8208590157480316
21
1.3071897244094488
0
LINE
8
BLACK
6
CONTINUOUS
10
1.8208590157480316
20
1.3071897244094488
11
1.8207057086614173
21
1.3063203149606299
0
LINE
8
BLACK
6
CONTINUOUS
10
1.8207057086614173
20
1.3063203149606299
11
1.8207074803149605
21
1.3062559448818898
0
LINE
8
BLACK
6
CONTINUOUS
10
1.8207074803149605
20
1.3062559448818898
11
1.818832716535433
21
1.3006316929133859
0
LINE
8
BLACK
6
CONTINUOUS
10
1.818832716535433
20
1.3006316929133859
11
1.8183444094488188
21
1.2997299212598425
0
LINE
8
BLACK
6
CONTINUOUS
10
1.8183444094488188
20
1.2997299212598425
11
1.8181940157480314
21
1.2996375196850394
0
LINE
8
BLACK
6
CONTINUOUS
10
1.8181940157480314
20
1.2996375196850394
11
1.8181194094488189
21
1.2994775196850394
0
LINE
8
BLACK
6
CONTINUOUS
10
1.8181194094488189
20
1.2994775196850394
11
1.814369842519685
21
1.2957279921259843
0
LINE
8
BLACK
6
CONTINUOUS
10
1.814369842519685
20
1.2957279921259843
11
1.8136466535433071
21
1.2952215748031495
0
LINE
8
BLACK
6
CONTINUOUS
10
1.8136466535433071
20
1.2952215748031495
11
1.8136024409448819
21
1.2951748818897637
0
LINE
8
BLACK
6
CONTINUOUS
10
1.8136024409448819
20
1.2951748818897637
11
1.8098529133858268
21
1.2933001181102362
0
LINE
8
BLACK
6
CONTINUOUS
10
1.8098529133858268
20
1.2933001181102362
11
1.8093644488188976
21
1.2931548031496063
0
LINE
8
BLACK
6
CONTINUOUS
10
1.8093644488188976
20
1.2931548031496063
11
1.8092485433070866
21
1.2930765354330709
0
LINE
8
BLACK
6
CONTINUOUS
10
1.8092485433070866
20
1.2930765354330709
11
1.8017494881889764
21
1.2912017716535433
0
LINE
8
BLACK
6
CONTINUOUS
10
1.8017494881889764
20
1.2912017716535433
11
1.8011615748031495
21
1.2911602755905511
0
LINE
8
BLACK
6
CONTINUOUS
10
1.8011615748031495
20
1.2911602755905511
11
1.8010333464566928
21
1.2911136220472441
0
LINE
8
BLACK
6
CONTINUOUS
10
1.8010333464566928
20
1.2911136220472441
11
1.7954090551181101
21
1.2911136220472441
0
LINE
8
BLACK
6
CONTINUOUS
10
1.7954090551181101
20
1.2911136220472441
11
1.7948286614173228
21
1.2912159448818898
0
LINE
8
BLACK
6
CONTINUOUS
10
1.7948286614173228
20
1.2912159448818898
11
1.7946929133858267
21
1.2912017716535433
0
LINE
8
BLACK
6
CONTINUOUS
10
1.7946929133858267
20
1.2912017716535433
11
1.7871938582677165
21
1.2930765354330709
0
LINE
8
BLACK
6
CONTINUOUS
10
1.7871938582677165
20
1.2930765354330709
11
1.7867283858267715
21
1.2932840944881889
0
LINE
8
BLACK
6
CONTINUOUS
10
1.7867283858267715
20
1.2932840944881889
11
1.7865894881889763
21
1.2933001181102362
0
LINE
8
BLACK
6
CONTINUOUS
10
1.7865894881889763
20
1.2933001181102362
11
1.7828399606299212
21
1.2951748818897637
0
LINE
8
BLACK
6
CONTINUOUS
10
1.7828399606299212
20
1.2951748818897637
11
1.7821308661417323
21
1.2957007874015747
0
LINE
8
BLACK
6
CONTINUOUS
10
1.7821308661417323
20
1.2957007874015747
11
1.7820725590551181
21
1.2957279921259843
0
LINE
8
BLACK
6
CONTINUOUS
10
1.7820725590551181
20
1.2957279921259843
11
1.778323031496063
21
1.2994775196850394
0
LINE
8
BLACK
6
CONTINUOUS
10
1.778323031496063
20
1.2994775196850394
11
1.7777348425196851
21
1.3003175590551181
0
LINE
8
BLACK
6
CONTINUOUS
10
1.7777348425196851
20
1.3003175590551181
11
1.7777194488188977
21
1.3004933858267715
0
LINE
8
BLACK
6
CONTINUOUS
10
1.7777194488188977
20
1.3004933858267715
11
1.7776097244094489
21
1.3006316929133859
0
LINE
8
BLACK
6
CONTINUOUS
10
1.7776097244094489
20
1.3006316929133859
11
1.7757349606299213
21
1.3062559842519685
0
LINE
8
BLACK
6
CONTINUOUS
10
1.7757349606299213
20
1.3062559842519685
11
1.7756054724409449
21
1.3071291338582678
0
LINE
8
BLACK
6
CONTINUOUS
10
1.7756054724409449
20
1.3071291338582678
11
1.7755834251968503
21
1.3071897244094488
0
LINE
8
BLACK
6
CONTINUOUS
10
1.7755834251968503
20
1.3071897244094488
11
1.7755834251968503
21
1.3109392519685039
0
LINE
8
BLACK
6
CONTINUOUS
10
1.7755834251968503
20
1.3109392519685039
11
1.7757366929133858
21
1.311808622047244
0
LINE
8
BLACK
6
CONTINUOUS
10
1.7757366929133858
20
1.311808622047244
11
1.7757349606299213
21
1.3118729921259842
0
LINE
8
BLACK
6
CONTINUOUS
10
1.7757349606299213
20
1.3118729921259842
11
1.7776097244094489
21
1.3174972834645668
0
LINE
8
BLACK
6
CONTINUOUS
10
1.7776097244094489
20
1.3174972834645668
11
1.7780979921259843
21
1.3183990551181102
0
LINE
8
BLACK
6
CONTINUOUS
10
1.7780979921259843
20
1.3183990551181102
11
1.7782484251968504
21
1.3184914566929133
0
LINE
8
BLACK
6
CONTINUOUS
10
1.7782484251968504
20
1.3184914566929133
11
1.778323031496063
21
1.3186514566929133
0
LINE
8
BLACK
6
CONTINUOUS
10
1.778323031496063
20
1.3186514566929133
11
1.7801977952755905
21
1.3205262204724408
0
LINE
8
BLACK
6
CONTINUOUS
10
1.7801977952755905
20
1.3205262204724408
11
1.7810378346456692
21
1.321114409448819
0
LINE
8
BLACK
6
CONTINUOUS
10
1.7810378346456692
20
1.321114409448819
11
1.7830499212598425
21
1.3212904330708661
0
LINE
8
BLACK
6
CONTINUOUS
10
1.7830499212598425
20
1.3212904330708661
11
1.7847044881889764
21
1.3201319291338582
0
LINE
8
BLACK
6
CONTINUOUS
10
1.7847044881889764
20
1.3201319291338582
11
1.7852272047244093
21
1.3181809448818897
0
LINE
8
BLACK
6
CONTINUOUS
10
1.7852272047244093
20
1.3181809448818897
11
1.7843736220472441
21
1.3163503937007874
0
LINE
8
BLACK
6
CONTINUOUS
10
1.7843736220472441
20
1.3163503937007874
11
1.7829917322834645
21
1.3149685039370078
0
LINE
8
BLACK
6
CONTINUOUS
10
1.7829917322834645
20
1.3149685039370078
11
1.7814889370078739
21
1.3104600787401575
0
LINE
8
BLACK
6
CONTINUOUS
10
1.7814889370078739
20
1.3104600787401575
11
1.7814889370078739
21
1.3076688582677165
0
LINE
8
BLACK
6
CONTINUOUS
10
1.7814889370078739
20
1.3076688582677165
11
1.7829917322834645
21
1.3031604330708662
0
LINE
8
BLACK
6
CONTINUOUS
10
1.7829917322834645
20
1.3031604330708662
11
1.7859095669291338
21
1.3002426377952756
0
LINE
8
BLACK
6
CONTINUOUS
10
1.7859095669291338
20
1.3002426377952756
11
1.7889405511811023
21
1.2987271259842519
0
LINE
8
BLACK
6
CONTINUOUS
10
1.7889405511811023
20
1.2987271259842519
11
1.7957725984251969
21
1.2970191338582677
0
LINE
8
BLACK
6
CONTINUOUS
10
1.7957725984251969
20
1.2970191338582677
11
1.8006698031496062
21
1.2970191338582677
0
LINE
8
BLACK
6
CONTINUOUS
10
1.8006698031496062
20
1.2970191338582677
11
1.8075018503937008
21
1.2987271259842519
0
LINE
8
BLACK
6
CONTINUOUS
10
1.8075018503937008
20
1.2987271259842519
11
1.8105328346456693
21
1.3002426377952756
0
LINE
8
BLACK
6
CONTINUOUS
10
1.8105328346456693
20
1.3002426377952756
11
1.8134507086614173
21
1.3031604724409449
0
LINE
8
BLACK
6
CONTINUOUS
10
1.8134507086614173
20
1.3031604724409449
11
1.8149535039370079
21
1.3076688582677165
0
LINE
8
BLACK
6
CONTINUOUS
10
1.8149535039370079
20
1.3076688582677165
11
1.8149535039370079
21
1.3104601181102362
0
LINE
8
BLACK
6
CONTINUOUS
10
1.8149535039370079
20
1.3104601181102362
11
1.8134507086614173
21
1.3149684645669291
0
LINE
8
BLACK
6
CONTINUOUS
10
1.8134507086614173
20
1.3149684645669291
11
1.8120688188976377
21
1.3163503543307087
0
LINE
8
BLACK
6
CONTINUOUS
10
1.8120688188976377
20
1.3163503543307087
11
1.811480590551181
21
1.3171903937007874
0
LINE
8
BLACK
6
CONTINUOUS
10
1.811480590551181
20
1.3171903937007874
11
1.8113045275590551
21
1.3192025196850394
0
LINE
8
BLACK
6
CONTINUOUS
10
1.8113045275590551
20
1.3192025196850394
11
1.812463031496063
21
1.3208570866141731
0
LINE
8
BLACK
6
CONTINUOUS
10
1.812463031496063
20
1.3208570866141731
11
1.8144140157480315
21
1.3213798031496062
0
LINE
8
BLACK
6
CONTINUOUS
10
1.8144140157480315
20
1.3213798031496062
11
1.8162445669291338
21
1.3205262598425196
0
LINE
8
BLACK
6
CONTINUOUS
10
1.7114170866141731
20
1.3587083070866142
11
1.7115523228346456
21
1.3585948031496062
0
LINE
8
BLACK
6
CONTINUOUS
10
1.7115523228346456
20
1.3585948031496062
11
1.7117276771653542
21
1.3585746456692913
0
LINE
8
BLACK
6
CONTINUOUS
10
1.7117276771653542
20
1.3585746456692913
11
1.7154772047244093
21
1.3566998818897638
0
LINE
8
BLACK
6
CONTINUOUS
10
1.7154772047244093
20
1.3566998818897638
11
1.7161861811023622
21
1.3561740157480315
0
LINE
8
BLACK
6
CONTINUOUS
10
1.7161861811023622
20
1.3561740157480315
11
1.7162445669291337
21
1.3561468110236221
0
LINE
8
BLACK
6
CONTINUOUS
10
1.7162445669291337
20
1.3561468110236221
11
1.71811937007874
21
1.3542720472440946
0
LINE
8
BLACK
6
CONTINUOUS
10
1.71811937007874
20
1.3542720472440946
11
1.7186257480314959
21
1.3535488582677164
0
LINE
8
BLACK
6
CONTINUOUS
10
1.7186257480314959
20
1.3535488582677164
11
1.7186725196850394
21
1.3535046062992127
0
LINE
8
BLACK
6
CONTINUOUS
10
1.7186725196850394
20
1.3535046062992127
11
1.720547283464567
21
1.3497550787401575
0
LINE
8
BLACK
6
CONTINUOUS
10
1.720547283464567
20
1.3497550787401575
11
1.7208396456692914
21
1.3487721653543308
0
LINE
8
BLACK
6
CONTINUOUS
10
1.7208396456692914
20
1.3487721653543308
11
1.720798622047244
21
1.3486004330708661
0
LINE
8
BLACK
6
CONTINUOUS
10
1.720798622047244
20
1.3486004330708661
11
1.7208590157480315
21
1.3484345669291338
0
LINE
8
BLACK
6
CONTINUOUS
10
1.7208590157480315
20
1.3484345669291338
11
1.7208590157480315
21
1.339060748031496
0
LINE
8
BLACK
6
CONTINUOUS
10
1.7208590157480315
20
1.339060748031496
11
1.7206809448818898
21
1.3380508267716535
0
LINE
8
BLACK
6
CONTINUOUS
10
1.7206809448818898
20
1.3380508267716535
11
1.7205674409448819
21
1.3379155511811023
0
LINE
8
BLACK
6
CONTINUOUS
10
1.7205674409448819
20
1.3379155511811023
11
1.720547283464567
21
1.3377402362204724
0
LINE
8
BLACK
6
CONTINUOUS
10
1.720547283464567
20
1.3377402362204724
11
1.7186725196850394
21
1.3339907086614173
0
LINE
8
BLACK
6
CONTINUOUS
10
1.7186725196850394
20
1.3339907086614173
11
1.7181465354330707
21
1.3332815748031497
0
LINE
8
BLACK
6
CONTINUOUS
10
1.7181465354330707
20
1.3332815748031497
11
1.71811937007874
21
1.3332232677165354
0
LINE
8
BLACK
6
CONTINUOUS
10
1.71811937007874
20
1.3332232677165354
11
1.7162445669291337
21
1.3313485039370079
0
LINE
8
BLACK
6
CONTINUOUS
10
1.7162445669291337
20
1.3313485039370079
11
1.715404527559055
21
1.33076031496063
0
LINE
8
BLACK
6
CONTINUOUS
10
1.715404527559055
20
1.33076031496063
11
1.7133924409448817
21
1.3305843307086613
0
LINE
8
BLACK
6
CONTINUOUS
10
1.7133924409448817
20
1.3305843307086613
11
1.7117379133858268
21
1.3317428346456692
0
LINE
8
BLACK
6
CONTINUOUS
10
1.7117379133858268
20
1.3317428346456692
11
1.7112151968503937
21
1.3336938188976377
0
LINE
8
BLACK
6
CONTINUOUS
10
1.7112151968503937
20
1.3336938188976377
11
1.7120688188976378
21
1.3355244094488188
0
LINE
8
BLACK
6
CONTINUOUS
10
1.7120688188976378
20
1.3355244094488188
11
1.7136047637795275
21
1.3370603149606299
0
LINE
8
BLACK
6
CONTINUOUS
10
1.7136047637795275
20
1.3370603149606299
11
1.7149535039370079
21
1.3397577952755906
0
LINE
8
BLACK
6
CONTINUOUS
10
1.7149535039370079
20
1.3397577952755906
11
1.7149535039370079
21
1.3477375196850394
0
LINE
8
BLACK
6
CONTINUOUS
10
1.7149535039370079
20
1.3477375196850394
11
1.7136047637795275
21
1.3504349606299213
0
LINE
8
BLACK
6
CONTINUOUS
10
1.7136047637795275
20
1.3504349606299213
11
1.7124075984251967
21
1.3516320866141731
0
LINE
8
BLACK
6
CONTINUOUS
10
1.7124075984251967
20
1.3516320866141731
11
1.7097101181102361
21
1.3529808661417322
0
LINE
8
BLACK
6
CONTINUOUS
10
1.7097101181102361
20
1.3529808661417322
11
1.7017303937007873
21
1.3529808661417322
0
LINE
8
BLACK
6
CONTINUOUS
10
1.7017303937007873
20
1.3529808661417322
11
1.6990329133858266
21
1.3516321259842519
0
LINE
8
BLACK
6
CONTINUOUS
10
1.6990329133858266
20
1.3516321259842519
11
1.6978357874015748
21
1.3504350000000001
0
LINE
8
BLACK
6
CONTINUOUS
10
1.6978357874015748
20
1.3504350000000001
11
1.6964870472440945
21
1.3477375196850394
0
LINE
8
BLACK
6
CONTINUOUS
10
1.6964870472440945
20
1.3477375196850394
11
1.6964870472440945
21
1.3397577952755906
0
LINE
8
BLACK
6
CONTINUOUS
10
1.6964870472440945
20
1.3397577952755906
11
1.6978357874015748
21
1.3370603149606299
0
LINE
8
BLACK
6
CONTINUOUS
10
1.6978357874015748
20
1.3370603149606299
11
1.6993717322834645
21
1.33552437007874
0
LINE
8
BLACK
6
CONTINUOUS
10
1.6993717322834645
20
1.33552437007874
11
1.6999599212598424
21
1.3346843307086613
0
LINE
8
BLACK
6
CONTINUOUS
10
1.6999599212598424
20
1.3346843307086613
11
1.6999615748031496
21
1.3346649606299212
0
LINE
8
BLACK
6
CONTINUOUS
10
1.6999615748031496
20
1.3346649606299212
11
1.6999751968503936
21
1.334651062992126
0
LINE
8
BLACK
6
CONTINUOUS
10
1.6999751968503936
20
1.334651062992126
11
1.7000494881889763
21
1.3336604724409449
0
LINE
8
BLACK
6
CONTINUOUS
10
1.7000494881889763
20
1.3336604724409449
11
1.7001359448818898
21
1.3326722440944883
0
LINE
8
BLACK
6
CONTINUOUS
10
1.7001359448818898
20
1.3326722440944883
11
1.7001247637795276
21
1.3326562992125983
0
LINE
8
BLACK
6
CONTINUOUS
10
1.7001247637795276
20
1.3326562992125983
11
1.7001262598425197
21
1.3326368897637795
0
LINE
8
BLACK
6
CONTINUOUS
10
1.7001262598425197
20
1.3326368897637795
11
1.6995462598425197
21
1.3318300787401574
0
LINE
8
BLACK
6
CONTINUOUS
10
1.6995462598425197
20
1.3318300787401574
11
1.6989774409448819
21
1.3310176771653544
0
LINE
8
BLACK
6
CONTINUOUS
10
1.6989774409448819
20
1.3310176771653544
11
1.6989586220472441
21
1.3310126377952756
0
LINE
8
BLACK
6
CONTINUOUS
10
1.6989586220472441
20
1.3310126377952756
11
1.6989473228346457
21
1.3309968897637794
0
LINE
8
BLACK
6
CONTINUOUS
10
1.6989473228346457
20
1.3309968897637794
11
1.6979851181102361
21
1.3307518110236221
0
LINE
8
BLACK
6
CONTINUOUS
10
1.6979851181102361
20
1.3307518110236221
11
1.6970264566929134
21
1.3304949606299212
0
LINE
8
BLACK
6
CONTINUOUS
10
1.6970264566929134
20
1.3304949606299212
11
1.6970088582677165
21
1.3305031496062991
0
LINE
8
BLACK
6
CONTINUOUS
10
1.6970088582677165
20
1.3305031496062991
11
1.69699
21
1.3304983464566928
0
LINE
8
BLACK
6
CONTINUOUS
10
1.69699
20
1.3304983464566928
11
1.6782423622047244
21
1.3323731102362204
0
LINE
8
BLACK
6
CONTINUOUS
10
1.6782423622047244
20
1.3323731102362204
11
1.6780920078740158
21
1.3324153937007874
0
LINE
8
BLACK
6
CONTINUOUS
10
1.6780920078740158
20
1.3324153937007874
11
1.6780234251968504
21
1.3324033070866141
0
LINE
8
BLACK
6
CONTINUOUS
10
1.6780234251968504
20
1.3324033070866141
11
1.6779174015748031
21
1.3324644881889764
0
LINE
8
BLACK
6
CONTINUOUS
10
1.6779174015748031
20
1.3324644881889764
11
1.6772551968503937
21
1.3326507874015747
0
LINE
8
BLACK
6
CONTINUOUS
10
1.6772551968503937
20
1.3326507874015747
11
1.6768172834645669
21
1.3330996850393702
0
LINE
8
BLACK
6
CONTINUOUS
10
1.6768172834645669
20
1.3330996850393702
11
1.6762742519685039
21
1.3334132283464566
0
LINE
8
BLACK
6
CONTINUOUS
10
1.6762742519685039
20
1.3334132283464566
11
1.6761330708661417
21
1.333801062992126
0
LINE
8
BLACK
6
CONTINUOUS
10
1.6761330708661417
20
1.333801062992126
11
1.6758448031496063
21
1.3340966141732282
0
LINE
8
BLACK
6
CONTINUOUS
10
1.6758448031496063
20
1.3340966141732282
11
1.675797874015748
21
1.3347219685039369
0
LINE
8
BLACK
6
CONTINUOUS
10
1.675797874015748
20
1.3347219685039369
11
1.6755834251968504
21
1.3353112204724409
0
LINE
8
BLACK
6
CONTINUOUS
10
1.6755834251968504
20
1.3353112204724409
11
1.6755834251968504
21
1.3540588582677164
0
LINE
8
BLACK
6
CONTINUOUS
10
1.6755834251968504
20
1.3540588582677164
11
1.6757614960629921
21
1.3550687795275591
0
LINE
8
BLACK
6
CONTINUOUS
10
1.6757614960629921
20
1.3550687795275591
11
1.6770598031496062
21
1.3566160236220473
0
LINE
8
BLACK
6
CONTINUOUS
10
1.6770598031496062
20
1.3566160236220473
11
1.6790489370078741
21
1.3569667716535432
0
LINE
8
BLACK
6
CONTINUOUS
10
1.6790489370078741
20
1.3569667716535432
11
1.6807981102362204
21
1.3559568503937007
0
LINE
8
BLACK
6
CONTINUOUS
10
1.6807981102362204
20
1.3559568503937007
11
1.6814889370078741
21
1.3540588582677164
0
LINE
8
BLACK
6
CONTINUOUS
10
1.6814889370078741
20
1.3540588582677164
11
1.6814889370078741
21
1.3379834251968503
0
LINE
8
BLACK
6
CONTINUOUS
10
1.6814889370078741
20
1.3379834251968503
11
1.6912601968503937
21
1.3370062992125984
0
LINE
8
BLACK
6
CONTINUOUS
10
1.6912601968503937
20
1.3370062992125984
11
1.6908932677165354
21
1.3377402362204724
0
LINE
8
BLACK
6
CONTINUOUS
10
1.6908932677165354
20
1.3377402362204724
11
1.690600905511811
21
1.338723188976378
0
LINE
8
BLACK
6
CONTINUOUS
10
1.690600905511811
20
1.338723188976378
11
1.6906418897637794
21
1.3388948425196849
0
LINE
8
BLACK
6
CONTINUOUS
10
1.6906418897637794
20
1.3388948425196849
11
1.6905815354330709
21
1.339060748031496
0
LINE
8
BLACK
6
CONTINUOUS
10
1.6905815354330709
20
1.339060748031496
11
1.6905815354330709
21
1.3484345669291338
0
LINE
8
BLACK
6
CONTINUOUS
10
1.6905815354330709
20
1.3484345669291338
11
1.6907596062992125
21
1.3494444881889764
0
LINE
8
BLACK
6
CONTINUOUS
10
1.6907596062992125
20
1.3494444881889764
11
1.6908730708661417
21
1.3495797244094487
0
LINE
8
BLACK
6
CONTINUOUS
10
1.6908730708661417
20
1.3495797244094487
11
1.6908932677165354
21
1.3497550787401575
0
LINE
8
BLACK
6
CONTINUOUS
10
1.6908932677165354
20
1.3497550787401575
11
1.6927680314960629
21
1.3535046062992127
0
LINE
8
BLACK
6
CONTINUOUS
10
1.6927680314960629
20
1.3535046062992127
11
1.6932939370078739
21
1.3542136614173228
0
LINE
8
BLACK
6
CONTINUOUS
10
1.6932939370078739
20
1.3542136614173228
11
1.6933211417322833
21
1.3542720078740158
0
LINE
8
BLACK
6
CONTINUOUS
10
1.6933211417322833
20
1.3542720078740158
11
1.6951959055118109
21
1.3561467716535434
0
LINE
8
BLACK
6
CONTINUOUS
10
1.6951959055118109
20
1.3561467716535434
11
1.6959189763779527
21
1.356653031496063
0
LINE
8
BLACK
6
CONTINUOUS
10
1.6959189763779527
20
1.356653031496063
11
1.695963307086614
21
1.3566998818897638
0
LINE
8
BLACK
6
CONTINUOUS
10
1.695963307086614
20
1.3566998818897638
11
1.6997128346456694
21
1.3585746456692913
0
LINE
8
BLACK
6
CONTINUOUS
10
1.6997128346456694
20
1.3585746456692913
11
1.7006957480314959
21
1.3588670078740157
0
LINE
8
BLACK
6
CONTINUOUS
10
1.7006957480314959
20
1.3588670078740157
11
1.7008674409448818
21
1.3588259842519685
0
LINE
8
BLACK
6
CONTINUOUS
10
1.7008674409448818
20
1.3588259842519685
11
1.7010333464566929
21
1.3588863779527558
0
LINE
8
BLACK
6
CONTINUOUS
10
1.7010333464566929
20
1.3588863779527558
11
1.7104071653543307
21
1.3588863779527558
0
LINE
8
BLACK
6
CONTINUOUS
10
1.7104071653543307
20
1.3588863779527558
11
1.7114170866141731
21
1.3587083070866142
0
LINE
8
BLACK
6
CONTINUOUS
10
1.8070448031496062
20
1.3597063779527558
11
1.8077356299212599
21
1.3578083858267715
0
LINE
8
BLACK
6
CONTINUOUS
10
1.8077356299212599
20
1.3578083858267715
11
1.8077356299212599
21
1.3551368503937007
0
LINE
8
BLACK
6
CONTINUOUS
10
1.8077356299212599
20
1.3551368503937007
11
1.8179062598425197
21
1.3551368503937007
0
LINE
8
BLACK
6
CONTINUOUS
10
1.8179062598425197
20
1.3551368503937007
11
1.8189161811023622
21
1.3549587795275591
0
LINE
8
BLACK
6
CONTINUOUS
10
1.8189161811023622
20
1.3549587795275591
11
1.8204634251968503
21
1.3536604724409449
0
LINE
8
BLACK
6
CONTINUOUS
10
1.8204634251968503
20
1.3536604724409449
11
1.8208141732283465
21
1.3516713385826771
0
LINE
8
BLACK
6
CONTINUOUS
10
1.8208141732283465
20
1.3516713385826771
11
1.8198042519685038
21
1.3499221653543307
0
LINE
8
BLACK
6
CONTINUOUS
10
1.8198042519685038
20
1.3499221653543307
11
1.8179062598425197
21
1.3492313385826771
0
LINE
8
BLACK
6
CONTINUOUS
10
1.8179062598425197
20
1.3492313385826771
11
1.8077356299212599
21
1.3492313385826771
0
LINE
8
BLACK
6
CONTINUOUS
10
1.8077356299212599
20
1.3492313385826771
11
1.8077356299212599
21
1.3334364566929133
0
LINE
8
BLACK
6
CONTINUOUS
10
1.8077356299212599
20
1.3334364566929133
11
1.8075575590551181
21
1.3324265354330709
0
LINE
8
BLACK
6
CONTINUOUS
10
1.8075575590551181
20
1.3324265354330709
11
1.8074124803149605
21
1.3322536614173228
0
LINE
8
BLACK
6
CONTINUOUS
10
1.8074124803149605
20
1.3322536614173228
11
1.8073794094488189
21
1.3320304724409449
0
LINE
8
BLACK
6
CONTINUOUS
10
1.8073794094488189
20
1.3320304724409449
11
1.8067769291338582
21
1.331496220472441
0
LINE
8
BLACK
6
CONTINUOUS
10
1.8067769291338582
20
1.331496220472441
11
1.8062592519685039
21
1.3308792913385827
0
LINE
8
BLACK
6
CONTINUOUS
10
1.8062592519685039
20
1.3308792913385827
11
1.806036968503937
21
1.3308400787401575
0
LINE
8
BLACK
6
CONTINUOUS
10
1.806036968503937
20
1.3308400787401575
11
1.8058681496062992
21
1.3306903937007875
0
LINE
8
BLACK
6
CONTINUOUS
10
1.8058681496062992
20
1.3306903937007875
11
1.8050632677165355
21
1.3306683858267716
0
LINE
8
BLACK
6
CONTINUOUS
10
1.8050632677165355
20
1.3306683858267716
11
1.8042701181102361
21
1.3305285433070866
0
LINE
8
BLACK
6
CONTINUOUS
10
1.8042701181102361
20
1.3305285433070866
11
1.8040746456692913
21
1.3306413779527559
0
LINE
8
BLACK
6
CONTINUOUS
10
1.8040746456692913
20
1.3306413779527559
11
1.8038490944881889
21
1.3306352362204723
0
LINE
8
BLACK
6
CONTINUOUS
10
1.8038490944881889
20
1.3306352362204723
11
1.7757276771653543
21
1.3400090551181103
0
LINE
8
BLACK
6
CONTINUOUS
10
1.7757276771653543
20
1.3400090551181103
11
1.774825905511811
21
1.3404973622047245
0
LINE
8
BLACK
6
CONTINUOUS
10
1.774825905511811
20
1.3404973622047245
11
1.7737686220472439
21
1.342218307086614
0
LINE
8
BLACK
6
CONTINUOUS
10
1.7737686220472439
20
1.342218307086614
11
1.7740648818897637
21
1.3442162992125983
0
LINE
8
BLACK
6
CONTINUOUS
10
1.7740648818897637
20
1.3442162992125983
11
1.7755761023622048
21
1.3455563385826772
0
LINE
8
BLACK
6
CONTINUOUS
10
1.7755761023622048
20
1.3455563385826772
11
1.7775951574803148
21
1.3456114960629921
0
LINE
8
BLACK
6
CONTINUOUS
10
1.7775951574803148
20
1.3456114960629921
11
1.8018301181102361
21
1.3375331496062992
0
LINE
8
BLACK
6
CONTINUOUS
10
1.8018301181102361
20
1.3375331496062992
11
1.8018301181102361
21
1.3492313385826771
0
LINE
8
BLACK
6
CONTINUOUS
10
1.8018301181102361
20
1.3492313385826771
11
1.791659527559055
21
1.3492313385826771
0
LINE
8
BLACK
6
CONTINUOUS
10
1.791659527559055
20
1.3492313385826771
11
1.7906496062992125
21
1.3494094094488189
0
LINE
8
BLACK
6
CONTINUOUS
10
1.7906496062992125
20
1.3494094094488189
11
1.7891023622047244
21
1.3507077165354331
0
LINE
8
BLACK
6
CONTINUOUS
10
1.7891023622047244
20
1.3507077165354331
11
1.7887516141732283
21
1.3526968503937007
0
LINE
8
BLACK
6
CONTINUOUS
10
1.7887516141732283
20
1.3526968503937007
11
1.7897615354330709
21
1.3544460236220472
0
LINE
8
BLACK
6
CONTINUOUS
10
1.7897615354330709
20
1.3544460236220472
11
1.791659527559055
21
1.3551368503937007
0
LINE
8
BLACK
6
CONTINUOUS
10
1.791659527559055
20
1.3551368503937007
11
1.8018301181102361
21
1.3551368503937007
0
LINE
8
BLACK
6
CONTINUOUS
10
1.8018301181102361
20
1.3551368503937007
11
1.8018301181102361
21
1.3578083858267715
0
LINE
8
BLACK
6
CONTINUOUS
10
1.8018301181102361
20
1.3578083858267715
11
1.8020081889763779
21
1.3588183070866142
0
LINE
8
BLACK
6
CONTINUOUS
10
1.8020081889763779
20
1.3588183070866142
11
1.8033064960629921
21
1.3603655511811024
0
LINE
8
BLACK
6
CONTINUOUS
10
1.8033064960629921
20
1.3603655511811024
11
1.8052956299212597
21
1.3607162992125983
0
LINE
8
BLACK
6
CONTINUOUS
10
1.8052956299212597
20
1.3607162992125983
11
1.8070448031496062
21
1.3597063779527558
0
LINE
8
BLACK
6
CONTINUOUS
10
1.1929099212598424
20
1.3476746850393702
11
1.1944571653543308
21
1.3463763779527558
0
LINE
8
BLACK
6
CONTINUOUS
10
1.1944571653543308
20
1.3463763779527558
11
1.1948079133858267
21
1.3443872440944882
0
LINE
8
BLACK
6
CONTINUOUS
10
1.1948079133858267
20
1.3443872440944882
11
1.1937979921259843
21
1.3426380708661416
0
LINE
8
BLACK
6
CONTINUOUS
10
1.1937979921259843
20
1.3426380708661416
11
1.1919
21
1.3419472440944882
0
LINE
8
BLACK
6
CONTINUOUS
10
1.1919
20
1.3419472440944882
11
1.0581
21
1.3419472440944882
0
LINE
8
BLACK
6
CONTINUOUS
10
1.0581
20
1.3419472440944882
11
1.0570900787401574
21
1.3421253149606298
0
LINE
8
BLACK
6
CONTINUOUS
10
1.0570900787401574
20
1.3421253149606298
11
1.0555428346456692
21
1.343423622047244
0
LINE
8
BLACK
6
CONTINUOUS
10
1.0555428346456692
20
1.343423622047244
11
1.0551920866141733
21
1.3454127559055118
0
LINE
8
BLACK
6
CONTINUOUS
10
1.0551920866141733
20
1.3454127559055118
11
1.0562020078740157
21
1.3471619291338581
0
LINE
8
BLACK
6
CONTINUOUS
10
1.0562020078740157
20
1.3471619291338581
11
1.0581
21
1.3478527559055118
0
LINE
8
BLACK
6
CONTINUOUS
10
1.0581
20
1.3478527559055118
11
1.1919
21
1.3478527559055118
0
LINE
8
BLACK
6
CONTINUOUS
10
1.1919
20
1.3478527559055118
11
1.1929099212598424
21
1.3476746850393702
0
LINE
8
BLACK
6
CONTINUOUS
10
1.2326759842519686
20
1.4004533070866141
11
1.2348721259842519
21
1.3982571653543308
0
LINE
8
BLACK
6
CONTINUOUS
10
1.2348721259842519
20
1.3982571653543308
11
1.2356759842519685
21
1.3952571653543306
0
LINE
8
BLACK
6
CONTINUOUS
10
1.2356759842519685
20
1.3952571653543306
11
1.2356759842519685
21
1.3784000000000001
0
LINE
8
BLACK
6
CONTINUOUS
10
1.2356759842519685
20
1.3784000000000001
11
1.2525331102362205
21
1.3784000000000001
0
LINE
8
BLACK
6
CONTINUOUS
10
1.2525331102362205
20
1.3784000000000001
11
1.2555331102362204
21
1.3775961417322835
0
LINE
8
BLACK
6
CONTINUOUS
10
1.2555331102362204
20
1.3775961417322835
11
1.2577292519685039
21
1.3754
0
LINE
8
BLACK
6
CONTINUOUS
10
1.2577292519685039
20
1.3754
11
1.2585331102362205
21
1.3724000000000001
0
LINE
8
BLACK
6
CONTINUOUS
10
1.2585331102362205
20
1.3724000000000001
11
1.2577292519685039
21
1.3694
0
LINE
8
BLACK
6
CONTINUOUS
10
1.2577292519685039
20
1.3694
11
1.2555331102362204
21
1.3672038582677164
0
LINE
8
BLACK
6
CONTINUOUS
10
1.2555331102362204
20
1.3672038582677164
11
1.2525331102362205
21
1.3664000000000001
0
LINE
8
BLACK
6
CONTINUOUS
10
1.2525331102362205
20
1.3664000000000001
11
1.2356759842519685
21
1.3664000000000001
0
LINE
8
BLACK
6
CONTINUOUS
10
1.2356759842519685
20
1.3664000000000001
11
1.2356759842519685
21
1.349542874015748
0
LINE
8
BLACK
6
CONTINUOUS
10
1.2356759842519685
20
1.349542874015748
11
1.2348721259842519
21
1.3465428740157479
0
LINE
8
BLACK
6
CONTINUOUS
10
1.2348721259842519
20
1.3465428740157479
11
1.2326759842519686
21
1.3443467322834646
0
LINE
8
BLACK
6
CONTINUOUS
10
1.2326759842519686
20
1.3443467322834646
11
1.2296759842519684
21
1.343542874015748
0
LINE
8
BLACK
6
CONTINUOUS
10
1.2296759842519684
20
1.343542874015748
11
1.2266759842519686
21
1.3443467322834646
0
LINE
8
BLACK
6
CONTINUOUS
10
1.2266759842519686
20
1.3443467322834646
11
1.2250240944881889
21
1.3459985826771654
0
LINE
8
BLACK
6
CONTINUOUS
10
1.2250240944881889
20
1.3459985826771654
11
1.2249872440944882
21
1.3459920866141732
0
LINE
8
BLACK
6
CONTINUOUS
10
1.2249872440944882
20
1.3459920866141732
11
1.2232380708661417
21
1.3470020078740157
0
LINE
8
BLACK
6
CONTINUOUS
10
1.2232380708661417
20
1.3470020078740157
11
1.2225472440944882
21
1.3489
0
LINE
8
BLACK
6
CONTINUOUS
10
1.2225472440944882
20
1.3489
11
1.2225472440944882
21
1.3664000000000001
0
LINE
8
BLACK
6
CONTINUOUS
10
1.2225472440944882
20
1.3664000000000001
11
1.2068188188976379
21
1.3664000000000001
0
LINE
8
BLACK
6
CONTINUOUS
10
1.2068188188976379
20
1.3664000000000001
11
1.2038188188976378
21
1.3672038582677164
0
LINE
8
BLACK
6
CONTINUOUS
10
1.2038188188976378
20
1.3672038582677164
11
1.2016226771653542
21
1.3694
0
LINE
8
BLACK
6
CONTINUOUS
10
1.2016226771653542
20
1.3694
11
1.2015674803149605
21
1.3696058661417323
0
LINE
8
BLACK
6
CONTINUOUS
10
1.2015674803149605
20
1.3696058661417323
11
1.2008900787401575
21
1.3697253149606299
0
LINE
8
BLACK
6
CONTINUOUS
10
1.2008900787401575
20
1.3697253149606299
11
1.1993428346456692
21
1.371023622047244
0
LINE
8
BLACK
6
CONTINUOUS
10
1.1993428346456692
20
1.371023622047244
11
1.1989920866141732
21
1.3730127559055119
0
LINE
8
BLACK
6
CONTINUOUS
10
1.1989920866141732
20
1.3730127559055119
11
1.2000020078740157
21
1.3747619291338582
0
LINE
8
BLACK
6
CONTINUOUS
10
1.2000020078740157
20
1.3747619291338582
11
1.2016083464566929
21
1.3753465748031495
0
LINE
8
BLACK
6
CONTINUOUS
10
1.2016083464566929
20
1.3753465748031495
11
1.2016226771653542
21
1.3754
0
LINE
8
BLACK
6
CONTINUOUS
10
1.2016226771653542
20
1.3754
11
1.2038188188976378
21
1.3775961417322835
0
LINE
8
BLACK
6
CONTINUOUS
10
1.2038188188976378
20
1.3775961417322835
11
1.2068188188976379
21
1.3784000000000001
0
LINE
8
BLACK
6
CONTINUOUS
10
1.2068188188976379
20
1.3784000000000001
11
1.2225472440944882
21
1.3784000000000001
0
LINE
8
BLACK
6
CONTINUOUS
10
1.2225472440944882
20
1.3784000000000001
11
1.2225472440944882
21
1.3960999999999999
0
LINE
8
BLACK
6
CONTINUOUS
10
1.2225472440944882
20
1.3960999999999999
11
1.2227253149606299
21
1.3971099212598426
0
LINE
8
BLACK
6
CONTINUOUS
10
1.2227253149606299
20
1.3971099212598426
11
1.224023622047244
21
1.3986571653543307
0
LINE
8
BLACK
6
CONTINUOUS
10
1.224023622047244
20
1.3986571653543307
11
1.2250631102362204
21
1.3988404330708661
0
LINE
8
BLACK
6
CONTINUOUS
10
1.2250631102362204
20
1.3988404330708661
11
1.2266759842519686
21
1.4004533070866141
0
LINE
8
BLACK
6
CONTINUOUS
10
1.2266759842519686
20
1.4004533070866141
11
1.2296759842519684
21
1.4012571653543306
0
LINE
8
BLACK
6
CONTINUOUS
10
1.2296759842519684
20
1.4012571653543306
11
1.2326759842519686
21
1.4004533070866141
0
LINE
8
BLACK
6
CONTINUOUS
10
1.5648592913385826
20
1.4189792125984251
11
1.5655511811023621
21
1.4173088976377952
0
LINE
8
BLACK
6
CONTINUOUS
10
1.5655511811023621
20
1.4173088976377952
11
1.5655511811023621
21
1.3999860629921259
0
LINE
8
BLACK
6
CONTINUOUS
10
1.5655511811023621
20
1.3999860629921259
11
1.5828740157480314
21
1.3999860629921259
0
LINE
8
BLACK
6
CONTINUOUS
10
1.5828740157480314
20
1.3999860629921259
11
1.5845443307086613
21
1.3992941732283464
0
LINE
8
BLACK
6
CONTINUOUS
10
1.5845443307086613
20
1.3992941732283464
11
1.5852362204724408
21
1.3976238582677165
0
LINE
8
BLACK
6
CONTINUOUS
10
1.5852362204724408
20
1.3976238582677165
11
1.5845443307086613
21
1.3959535433070867
0
LINE
8
BLACK
6
CONTINUOUS
10
1.5845443307086613
20
1.3959535433070867
11
1.5828740157480314
21
1.3952616535433071
0
LINE
8
BLACK
6
CONTINUOUS
10
1.5828740157480314
20
1.3952616535433071
11
1.5655511811023621
21
1.3952616535433071
0
LINE
8
BLACK
6
CONTINUOUS
10
1.5655511811023621
20
1.3952616535433071
11
1.5655511811023621
21
1.3779388188976378
0
LINE
8
BLACK
6
CONTINUOUS
10
1.5655511811023621
20
1.3779388188976378
11
1.5648592913385826
21
1.3762685039370079
0
LINE
8
BLACK
6
CONTINUOUS
10
1.5648592913385826
20
1.3762685039370079
11
1.5631889763779527
21
1.3755766141732284
0
LINE
8
BLACK
6
CONTINUOUS
10
1.5631889763779527
20
1.3755766141732284
11
1.5615186614173229
21
1.3762685039370079
0
LINE
8
BLACK
6
CONTINUOUS
10
1.5615186614173229
20
1.3762685039370079
11
1.5608267716535433
21
1.3779388188976378
0
LINE
8
BLACK
6
CONTINUOUS
10
1.5608267716535433
20
1.3779388188976378
11
1.5608267716535433
21
1.3952616535433071
0
LINE
8
BLACK
6
CONTINUOUS
10
1.5608267716535433
20
1.3952616535433071
11
1.543503937007874
21
1.3952616535433071
0
LINE
8
BLACK
6
CONTINUOUS
10
1.543503937007874
20
1.3952616535433071
11
1.5418336220472442
21
1.3959535433070867
0
LINE
8
BLACK
6
CONTINUOUS
10
1.5418336220472442
20
1.3959535433070867
11
1.5411417322834646
21
1.3976238582677165
0
LINE
8
BLACK
6
CONTINUOUS
10
1.5411417322834646
20
1.3976238582677165
11
1.5418336220472442
21
1.3992941732283464
0
LINE
8
BLACK
6
CONTINUOUS
10
1.5418336220472442
20
1.3992941732283464
11
1.543503937007874
21
1.3999860629921259
0
LINE
8
BLACK
6
CONTINUOUS
10
1.543503937007874
20
1.3999860629921259
11
1.5608267716535433
21
1.3999860629921259
0
LINE
8
BLACK
6
CONTINUOUS
10
1.5608267716535433
20
1.3999860629921259
11
1.5608267716535433
21
1.4173088976377952
0
LINE
8
BLACK
6
CONTINUOUS
10
1.5608267716535433
20
1.4173088976377952
11
1.5615186614173229
21
1.4189792125984251
0
LINE
8
BLACK
6
CONTINUOUS
10
1.5615186614173229
20
1.4189792125984251
11
1.5631889763779527
21
1.4196711023622046
0
LINE
8
BLACK
6
CONTINUOUS
10
1.5631889763779527
20
1.4196711023622046
11
1.5648592913385826
21
1.4189792125984251
0
CIRCLE
8
BLACK
10
1.45
20
1.3
40
0.0068897637795276
0
CIRCLE
8
BLACK
10
1.45
20
1.1031496062992125
40
0.0068897637795276
0
CIRCLE
8
BLACK
10
0.25
20
0.725
40
0.0068897637795276
0
CIRCLE
8
BLACK
10
0.15
20
0.725
40
0.0068897637795276
0
CIRCLE
8
BLACK
10
0.25
20
0.825
40
0.0068897637795276
0
CIRCLE
8
BLACK
10
0.15
20
0.825
40
0.0068897637795276
0
CIRCLE
8
BLACK
10
0.25
20
0.9249999999999999
40
0.0068897637795276
0
CIRCLE
8
BLACK
10
0.15
20
0.9249999999999999
40
0.0068897637795276
0
CIRCLE
8
BLACK
10
0.25
20
1.0249999999999999
40
0.0068897637795276
0
CIRCLE
8
BLACK
10
0.15
20
1.0249999999999999
40
0.0068897637795276
0
CIRCLE
8
BLACK
10
2.1999999999999997
20
1.3999999999999999
40
0.0068897637795276
0
CIRCLE
8
BLACK
10
0.2
20
0.2
40
0.0068897637795276
0
CIRCLE
8
BLACK
10
0.2
20
1.3999999999999999
40
0.0068897637795276
0
CIRCLE
8
BLACK
10
2.1999999999999997
20
0.2
40
0.0068897637795276
0
CIRCLE
8
BLACK
10
2.2749999999999999
20
1.125
40
0.0068897637795276
0
CIRCLE
8
BLACK
10
2.1749999999999998
20
1.125
40
0.0068897637795276
0
CIRCLE
8
BLACK
10
2.0749999999999997
20
1.125
40
0.0068897637795276
0
CIRCLE
8
BLACK
10
2.2749999999999999
20
0.9
40
0.0068897637795276
0
CIRCLE
8
BLACK
10
2.1749999999999998
20
0.9
40
0.0068897637795276
0
CIRCLE
8
BLACK
10
2.0749999999999997
20
0.9
40
0.0068897637795276
0
CIRCLE
8
BLACK
10
2.2749999999999999
20
0.6749999999999999
40
0.0068897637795276
0
CIRCLE
8
BLACK
10
2.1749999999999998
20
0.6749999999999999
40
0.0068897637795276
0
CIRCLE
8
BLACK
10
2.0749999999999997
20
0.6749999999999999
40
0.0068897637795276
0
CIRCLE
8
BLACK
10
2.2749999999999999
20
0.45
40
0.0068897637795276
0
CIRCLE
8
BLACK
10
2.1749999999999998
20
0.45
40
0.0068897637795276
0
CIRCLE
8
BLACK
10
2.0749999999999997
20
0.45
40
0.0068897637795276
0
CIRCLE
8
BLACK
10
1.175
20
1.4240157480314961
40
0.0068897637795276
0
CIRCLE
8
BLACK
10
1.175
20
0.1759842519685039
40
0.0068897637795276
0
CIRCLE
8
BLACK
10
0.625
20
1.4240157480314961
40
0.0068897637795276
0
CIRCLE
8
BLACK
10
0.625
20
0.1759842519685039
40
0.0068897637795276
0
CIRCLE
8
BLACK
10
1.7249999999999999
20
0.1759842519685039
40
0.0068897637795276
0
CIRCLE
8
BLACK
10
1.7249999999999999
20
1.4240157480314961
40
0.0068897637795276
  0
ENDSEC
  0
EOF
