  0
SECTION
  2
HEADER
  9
$ANGBASE
  50
0.0
  9
$ANGDIR
  70
1
  9
$MEASUREMENT
  70
0
  0
ENDSEC
  0
SECTION
  2
TABLES
  0
TABLE
  2
LTYPE
  70
4
  0
LTYPE
  5
40F
  2
CONTINUOUS
  70
0
  3
Solid line
  72
65
  73
0
  40
0.0
  0
LTYPE
  5
410
  2
DASHDOT
 70
0
  3
Dash Dot ____ _ ____ _
 72
65
 73
4
 40
2.0
 49
1.25
 49
-0.25
 49
0.25
 49
-0.25
  0
LTYPE
  5
411
  2
DASHED
 70
0
  3
Dashed __ __ __ __ __
 72
65
 73
2
 40
0.75
 49
0.5
 49
-0.25
  0
LTYPE
  5
43B
  2
DOTTED
 70
0
  3
Dotted .  .  .  .
 72
65
 73
2
 40
0.2
 49
0.0
 49
-0.2
  0
ENDTAB
  0
TABLE
  2
STYLE
  70
4
  0
STYLE
  2
KICAD
  70
0
  40
0
  41
1
  42
1
  50
0
  71
0
  3
isocp.shx
  0
STYLE
  2
KICADB
  70
0
  40
0
  41
1
  42
1
  50
0
  71
0
  3
isocp.shx
  0
STYLE
  2
KICADI
  70
0
  40
0
  41
1
  42
1
  50
15
  71
0
  3
isocp.shx
  0
STYLE
  2
KICADBI
  70
0
  40
0
  41
1
  42
1
  50
15
  71
0
  3
isocp.shx
  0
ENDTAB
  0
TABLE
  2
LAYER
  70
1
  0
LAYER
  2
BLACK
  70
0
  62
7
  6
CONTINUOUS
  0
ENDTAB
  0
ENDSEC
  0
SECTION
  2
ENTITIES
0
LINE
8
BLACK
6
CONTINUOUS
10
0.7458653149606299
20
0.3300018897637795
11
0.7468270866141732
21
0.3282257480314961
0
LINE
8
BLACK
6
CONTINUOUS
10
0.7468270866141732
20
0.3282257480314961
11
0.7464221259842519
21
0.326246968503937
0
LINE
8
BLACK
6
CONTINUOUS
10
0.7464221259842519
20
0.326246968503937
11
0.7448399999999999
21
0.3249914173228347
0
LINE
8
BLACK
6
CONTINUOUS
10
0.7448399999999999
20
0.3249914173228347
11
0.7356103937007874
21
0.3219148818897637
0
LINE
8
BLACK
6
CONTINUOUS
10
0.7356103937007874
20
0.3219148818897637
11
0.7356103937007874
21
0.3074236614173228
0
LINE
8
BLACK
6
CONTINUOUS
10
0.7356103937007874
20
0.3074236614173228
11
0.7448399999999999
21
0.3043471653543307
0
LINE
8
BLACK
6
CONTINUOUS
10
0.7448399999999999
20
0.3043471653543307
11
0.7457417716535433
21
0.3038588976377953
0
LINE
8
BLACK
6
CONTINUOUS
10
0.7457417716535433
20
0.3038588976377953
11
0.7467990551181102
21
0.3021379133858267
0
LINE
8
BLACK
6
CONTINUOUS
10
0.7467990551181102
20
0.3021379133858267
11
0.7465027952755905
21
0.3001399606299213
0
LINE
8
BLACK
6
CONTINUOUS
10
0.7465027952755905
20
0.3001399606299213
11
0.7449915354330708
21
0.2987998818897638
0
LINE
8
BLACK
6
CONTINUOUS
10
0.7449915354330708
20
0.2987998818897638
11
0.7429725196850393
21
0.2987447244094488
0
LINE
8
BLACK
6
CONTINUOUS
10
0.7429725196850393
20
0.2987447244094488
11
0.7036024409448819
21
0.3118680708661417
0
LINE
8
BLACK
6
CONTINUOUS
10
0.7036024409448819
20
0.3118680708661417
11
0.7027006692913386
21
0.3123563779527559
0
LINE
8
BLACK
6
CONTINUOUS
10
0.7027006692913386
20
0.3123563779527559
11
0.7026561417322834
21
0.312428779527559
0
LINE
8
BLACK
6
CONTINUOUS
10
0.7026561417322834
20
0.312428779527559
11
0.7025771259842519
21
0.3124600393700787
0
LINE
8
BLACK
6
CONTINUOUS
10
0.7025771259842519
20
0.3124600393700787
11
0.7021322834645669
21
0.3132814960629921
0
LINE
8
BLACK
6
CONTINUOUS
10
0.7021322834645669
20
0.3132814960629921
11
0.7016433858267717
21
0.3140773228346457
0
LINE
8
BLACK
6
CONTINUOUS
10
0.7016433858267717
20
0.3140773228346457
11
0.7016558267716535
21
0.3141613779527559
0
LINE
8
BLACK
6
CONTINUOUS
10
0.7016558267716535
20
0.3141613779527559
11
0.7016153543307087
21
0.3142361811023622
0
LINE
8
BLACK
6
CONTINUOUS
10
0.7016153543307087
20
0.3142361811023622
11
0.7018025984251969
21
0.3151512598425197
0
LINE
8
BLACK
6
CONTINUOUS
10
0.7018025984251969
20
0.3151512598425197
11
0.7019396456692913
21
0.3160753149606299
0
LINE
8
BLACK
6
CONTINUOUS
10
0.7019396456692913
20
0.3160753149606299
11
0.7020032677165354
21
0.3161317322834646
0
LINE
8
BLACK
6
CONTINUOUS
10
0.7020032677165354
20
0.3161317322834646
11
0.7020203149606299
21
0.3162149606299213
0
LINE
8
BLACK
6
CONTINUOUS
10
0.7020203149606299
20
0.3162149606299213
11
0.7027515748031495
21
0.3167952755905512
0
LINE
8
BLACK
6
CONTINUOUS
10
0.7027515748031495
20
0.3167952755905512
11
0.7034508661417322
21
0.3174153543307087
0
LINE
8
BLACK
6
CONTINUOUS
10
0.7034508661417322
20
0.3174153543307087
11
0.7035358267716535
21
0.3174176377952756
0
LINE
8
BLACK
6
CONTINUOUS
10
0.7035358267716535
20
0.3174176377952756
11
0.7036024409448819
21
0.3174705118110236
0
LINE
8
BLACK
6
CONTINUOUS
10
0.7036024409448819
20
0.3174705118110236
11
0.7429725196850393
21
0.3305938582677165
0
LINE
8
BLACK
6
CONTINUOUS
10
0.7429725196850393
20
0.3305938582677165
11
0.7439868897637795
21
0.3307442913385827
0
LINE
8
BLACK
6
CONTINUOUS
10
0.7439868897637795
20
0.3307442913385827
11
0.7458653149606299
21
0.3300018897637795
0
LINE
8
BLACK
6
CONTINUOUS
10
0.7138735826771654
20
0.3146692913385827
11
0.7297048818897638
21
0.3093921653543307
0
LINE
8
BLACK
6
CONTINUOUS
10
0.7297048818897638
20
0.3093921653543307
11
0.7297048818897638
21
0.3199463779527559
0
LINE
8
BLACK
6
CONTINUOUS
10
0.7297048818897638
20
0.3199463779527559
11
0.7138735826771654
21
0.3146692913385827
0
LINE
8
BLACK
6
CONTINUOUS
10
0.7186694488188976
20
0.366187874015748
11
0.7188046850393701
21
0.3660743700787402
0
LINE
8
BLACK
6
CONTINUOUS
10
0.7188046850393701
20
0.3660743700787402
11
0.7189800393700787
21
0.3660542125984252
0
LINE
8
BLACK
6
CONTINUOUS
10
0.7189800393700787
20
0.3660542125984252
11
0.7227295669291338
21
0.3641794488188976
0
LINE
8
BLACK
6
CONTINUOUS
10
0.7227295669291338
20
0.3641794488188976
11
0.7234386220472441
21
0.3636535039370078
0
LINE
8
BLACK
6
CONTINUOUS
10
0.7234386220472441
20
0.3636535039370078
11
0.723496968503937
21
0.3636263385826772
0
LINE
8
BLACK
6
CONTINUOUS
10
0.723496968503937
20
0.3636263385826772
11
0.7253717322834645
21
0.3617515748031496
0
LINE
8
BLACK
6
CONTINUOUS
10
0.7253717322834645
20
0.3617515748031496
11
0.7258779921259843
21
0.3610284645669291
0
LINE
8
BLACK
6
CONTINUOUS
10
0.7258779921259843
20
0.3610284645669291
11
0.725924842519685
21
0.3609841732283465
0
LINE
8
BLACK
6
CONTINUOUS
10
0.725924842519685
20
0.3609841732283465
11
0.7277996062992126
21
0.3572346456692913
0
LINE
8
BLACK
6
CONTINUOUS
10
0.7277996062992126
20
0.3572346456692913
11
0.728091968503937
21
0.3562517322834646
0
LINE
8
BLACK
6
CONTINUOUS
10
0.728091968503937
20
0.3562517322834646
11
0.7280509448818897
21
0.35608
0
LINE
8
BLACK
6
CONTINUOUS
10
0.7280509448818897
20
0.35608
11
0.7280977165354331
21
0.3559514960629921
0
LINE
8
BLACK
6
CONTINUOUS
10
0.7280977165354331
20
0.3559514960629921
11
0.7422129921259842
21
0.3658322047244094
0
LINE
8
BLACK
6
CONTINUOUS
10
0.7422129921259842
20
0.3658322047244094
11
0.7431424409448819
21
0.3662654724409449
0
LINE
8
BLACK
6
CONTINUOUS
10
0.7431424409448819
20
0.3662654724409449
11
0.7451545275590551
21
0.3660891338582677
0
LINE
8
BLACK
6
CONTINUOUS
10
0.7451545275590551
20
0.3660891338582677
11
0.7465825590551181
21
0.3646607086614173
0
LINE
8
BLACK
6
CONTINUOUS
10
0.7465825590551181
20
0.3646607086614173
11
0.7467583070866142
21
0.3626485826771653
0
LINE
8
BLACK
6
CONTINUOUS
10
0.7467583070866142
20
0.3626485826771653
11
0.7455995669291339
21
0.3609942125984252
0
LINE
8
BLACK
6
CONTINUOUS
10
0.7455995669291339
20
0.3609942125984252
11
0.7281113385826772
21
0.3487524409448819
0
LINE
8
BLACK
6
CONTINUOUS
10
0.7281113385826772
20
0.3487524409448819
11
0.7281113385826772
21
0.3438687795275591
0
LINE
8
BLACK
6
CONTINUOUS
10
0.7281113385826772
20
0.3438687795275591
11
0.7439062598425197
21
0.3438687795275591
0
LINE
8
BLACK
6
CONTINUOUS
10
0.7439062598425197
20
0.3438687795275591
11
0.7449161811023622
21
0.3436907086614173
0
LINE
8
BLACK
6
CONTINUOUS
10
0.7449161811023622
20
0.3436907086614173
11
0.7464634251968504
21
0.3423924015748032
0
LINE
8
BLACK
6
CONTINUOUS
10
0.7464634251968504
20
0.3423924015748032
11
0.7468141732283464
21
0.3404032677165355
0
LINE
8
BLACK
6
CONTINUOUS
10
0.7468141732283464
20
0.3404032677165355
11
0.745804251968504
21
0.338654094488189
0
LINE
8
BLACK
6
CONTINUOUS
10
0.745804251968504
20
0.338654094488189
11
0.7439062598425197
21
0.3379632677165354
0
LINE
8
BLACK
6
CONTINUOUS
10
0.7439062598425197
20
0.3379632677165354
11
0.7045361811023622
21
0.3379632677165354
0
LINE
8
BLACK
6
CONTINUOUS
10
0.7045361811023622
20
0.3379632677165354
11
0.7041526377952756
21
0.3380308661417323
0
LINE
8
BLACK
6
CONTINUOUS
10
0.7041526377952756
20
0.3380308661417323
11
0.7040234251968503
21
0.3380081102362205
0
LINE
8
BLACK
6
CONTINUOUS
10
0.7040234251968503
20
0.3380081102362205
11
0.7039098031496063
21
0.3380737007874016
0
LINE
8
BLACK
6
CONTINUOUS
10
0.7039098031496063
20
0.3380737007874016
11
0.7035262598425197
21
0.3381413385826771
0
LINE
8
BLACK
6
CONTINUOUS
10
0.7035262598425197
20
0.3381413385826771
11
0.7029385433070866
21
0.3386344488188976
0
LINE
8
BLACK
6
CONTINUOUS
10
0.7029385433070866
20
0.3386344488188976
11
0.7022742519685039
21
0.339018031496063
0
LINE
8
BLACK
6
CONTINUOUS
10
0.7022742519685039
20
0.339018031496063
11
0.7021831102362205
21
0.3392683464566929
0
LINE
8
BLACK
6
CONTINUOUS
10
0.7021831102362205
20
0.3392683464566929
11
0.7019790157480315
21
0.3394396456692914
0
LINE
8
BLACK
6
CONTINUOUS
10
0.7019790157480315
20
0.3394396456692914
11
0.701845748031496
21
0.3401951968503937
0
LINE
8
BLACK
6
CONTINUOUS
10
0.701845748031496
20
0.3401951968503937
11
0.7015834251968504
21
0.3409160236220473
0
LINE
8
BLACK
6
CONTINUOUS
10
0.7015834251968504
20
0.3409160236220473
11
0.7015834251968504
21
0.3559141338582677
0
LINE
8
BLACK
6
CONTINUOUS
10
0.7015834251968504
20
0.3559141338582677
11
0.7017614960629921
21
0.3569240551181102
0
LINE
8
BLACK
6
CONTINUOUS
10
0.7017614960629921
20
0.3569240551181102
11
0.7018749606299213
21
0.3570592913385827
0
LINE
8
BLACK
6
CONTINUOUS
10
0.7018749606299213
20
0.3570592913385827
11
0.7018951574803149
21
0.3572346456692913
0
LINE
8
BLACK
6
CONTINUOUS
10
0.7018951574803149
20
0.3572346456692913
11
0.7037699212598425
21
0.3609841732283465
0
LINE
8
BLACK
6
CONTINUOUS
10
0.7037699212598425
20
0.3609841732283465
11
0.7042958267716535
21
0.3616932283464567
0
LINE
8
BLACK
6
CONTINUOUS
10
0.7042958267716535
20
0.3616932283464567
11
0.704323031496063
21
0.3617515748031496
0
LINE
8
BLACK
6
CONTINUOUS
10
0.704323031496063
20
0.3617515748031496
11
0.7061977952755906
21
0.3636263385826772
0
LINE
8
BLACK
6
CONTINUOUS
10
0.7061977952755906
20
0.3636263385826772
11
0.7069208661417322
21
0.3641325984251969
0
LINE
8
BLACK
6
CONTINUOUS
10
0.7069208661417322
20
0.3641325984251969
11
0.7069651968503937
21
0.3641794488188976
0
LINE
8
BLACK
6
CONTINUOUS
10
0.7069651968503937
20
0.3641794488188976
11
0.7107147244094488
21
0.3660542125984252
0
LINE
8
BLACK
6
CONTINUOUS
10
0.7107147244094488
20
0.3660542125984252
11
0.7116976377952756
21
0.3663465748031496
0
LINE
8
BLACK
6
CONTINUOUS
10
0.7116976377952756
20
0.3663465748031496
11
0.7118693307086614
21
0.3663055511811024
0
LINE
8
BLACK
6
CONTINUOUS
10
0.7118693307086614
20
0.3663055511811024
11
0.7120352362204724
21
0.3663659448818898
0
LINE
8
BLACK
6
CONTINUOUS
10
0.7120352362204724
20
0.3663659448818898
11
0.7176595275590552
21
0.3663659448818898
0
LINE
8
BLACK
6
CONTINUOUS
10
0.7176595275590552
20
0.3663659448818898
11
0.7186694488188976
21
0.366187874015748
0
LINE
8
BLACK
6
CONTINUOUS
10
0.7100348031496063
20
0.3591116929133858
11
0.7088376771653543
21
0.3579145669291339
0
LINE
8
BLACK
6
CONTINUOUS
10
0.7088376771653543
20
0.3579145669291339
11
0.707488937007874
21
0.3552170866141732
0
LINE
8
BLACK
6
CONTINUOUS
10
0.707488937007874
20
0.3552170866141732
11
0.707488937007874
21
0.3438687795275591
0
LINE
8
BLACK
6
CONTINUOUS
10
0.707488937007874
20
0.3438687795275591
11
0.7222058267716536
21
0.3438687795275591
0
LINE
8
BLACK
6
CONTINUOUS
10
0.7222058267716536
20
0.3438687795275591
11
0.7222058267716536
21
0.3552170866141732
0
LINE
8
BLACK
6
CONTINUOUS
10
0.7222058267716536
20
0.3552170866141732
11
0.7208570866141732
21
0.3579145669291339
0
LINE
8
BLACK
6
CONTINUOUS
10
0.7208570866141732
20
0.3579145669291339
11
0.7196599606299212
21
0.3591116929133858
0
LINE
8
BLACK
6
CONTINUOUS
10
0.7196599606299212
20
0.3591116929133858
11
0.7169624803149606
21
0.3604604330708661
0
LINE
8
BLACK
6
CONTINUOUS
10
0.7169624803149606
20
0.3604604330708661
11
0.712732283464567
21
0.3604604330708661
0
LINE
8
BLACK
6
CONTINUOUS
10
0.712732283464567
20
0.3604604330708661
11
0.7100348031496063
21
0.3591116929133858
0
LINE
8
BLACK
6
CONTINUOUS
10
1.833181653543307
20
0.3759588976377953
11
1.8341190551181101
21
0.3750215354330709
0
LINE
8
BLACK
6
CONTINUOUS
10
1.8341190551181101
20
0.3750215354330709
11
1.8342593307086614
21
0.3746827952755906
0
LINE
8
BLACK
6
CONTINUOUS
10
1.8342593307086614
20
0.3746827952755906
11
1.8344994881889762
21
0.3744059448818898
0
LINE
8
BLACK
6
CONTINUOUS
10
1.8344994881889762
20
0.3744059448818898
11
1.8354368897637794
21
0.3715937401574803
0
LINE
8
BLACK
6
CONTINUOUS
10
1.8354368897637794
20
0.3715937401574803
11
1.8354185039370079
21
0.3713351574803149
0
LINE
8
BLACK
6
CONTINUOUS
10
1.8354185039370079
20
0.3713351574803149
11
1.8355176771653543
21
0.3710957874015748
0
LINE
8
BLACK
6
CONTINUOUS
10
1.8355176771653543
20
0.3710957874015748
11
1.8355176771653543
21
0.3692210236220472
0
LINE
8
BLACK
6
CONTINUOUS
10
1.8355176771653543
20
0.3692210236220472
11
1.8354185039370079
21
0.3689815748031496
0
LINE
8
BLACK
6
CONTINUOUS
10
1.8354185039370079
20
0.3689815748031496
11
1.8354368897637794
21
0.368723031496063
0
LINE
8
BLACK
6
CONTINUOUS
10
1.8354368897637794
20
0.368723031496063
11
1.8344994881889762
21
0.365910905511811
0
LINE
8
BLACK
6
CONTINUOUS
10
1.8344994881889762
20
0.365910905511811
11
1.8342593307086614
21
0.3656340157480315
0
LINE
8
BLACK
6
CONTINUOUS
10
1.8342593307086614
20
0.3656340157480315
11
1.8341190551181101
21
0.3652953149606299
0
LINE
8
BLACK
6
CONTINUOUS
10
1.8341190551181101
20
0.3652953149606299
11
1.8322442519685038
21
0.3634205511811023
0
LINE
8
BLACK
6
CONTINUOUS
10
1.8322442519685038
20
0.3634205511811023
11
1.8320047637795276
21
0.3633213385826772
0
LINE
8
BLACK
6
CONTINUOUS
10
1.8320047637795276
20
0.3633213385826772
11
1.8318349999999999
21
0.3631255905511811
0
LINE
8
BLACK
6
CONTINUOUS
10
1.8318349999999999
20
0.3631255905511811
11
1.8299602362204723
21
0.3621881889763779
0
LINE
8
BLACK
6
CONTINUOUS
10
1.8299602362204723
20
0.3621881889763779
11
1.8297816929133859
21
0.3621754724409449
0
LINE
8
BLACK
6
CONTINUOUS
10
1.8297816929133859
20
0.3621754724409449
11
1.829637874015748
21
0.362068937007874
0
LINE
8
BLACK
6
CONTINUOUS
10
1.829637874015748
20
0.362068937007874
11
1.8258883464566928
21
0.3611315748031496
0
LINE
8
BLACK
6
CONTINUOUS
10
1.8258883464566928
20
0.3611315748031496
11
1.8256908267716534
21
0.3611609448818898
0
LINE
8
BLACK
6
CONTINUOUS
10
1.8256908267716534
20
0.3611609448818898
11
1.8255064173228346
21
0.3610845669291339
0
LINE
8
BLACK
6
CONTINUOUS
10
1.8255064173228346
20
0.3610845669291339
11
1.8226942913385826
21
0.3610845669291339
0
LINE
8
BLACK
6
CONTINUOUS
10
1.8226942913385826
20
0.3610845669291339
11
1.8225098425196851
21
0.3611609448818898
0
LINE
8
BLACK
6
CONTINUOUS
10
1.8225098425196851
20
0.3611609448818898
11
1.8223123622047244
21
0.3611315748031496
0
LINE
8
BLACK
6
CONTINUOUS
10
1.8223123622047244
20
0.3611315748031496
11
1.8185628346456693
21
0.362068937007874
0
LINE
8
BLACK
6
CONTINUOUS
10
1.8185628346456693
20
0.362068937007874
11
1.8184189763779528
21
0.3621754724409449
0
LINE
8
BLACK
6
CONTINUOUS
10
1.8184189763779528
20
0.3621754724409449
11
1.8182404724409449
21
0.3621881889763779
0
LINE
8
BLACK
6
CONTINUOUS
10
1.8182404724409449
20
0.3621881889763779
11
1.8163657086614173
21
0.3631255905511811
0
LINE
8
BLACK
6
CONTINUOUS
10
1.8163657086614173
20
0.3631255905511811
11
1.8161958661417323
21
0.3633213779527559
0
LINE
8
BLACK
6
CONTINUOUS
10
1.8161958661417323
20
0.3633213779527559
11
1.8159564173228346
21
0.3634205905511811
0
LINE
8
BLACK
6
CONTINUOUS
10
1.8159564173228346
20
0.3634205905511811
11
1.8140816929133858
21
0.3652953543307086
0
LINE
8
BLACK
6
CONTINUOUS
10
1.8140816929133858
20
0.3652953543307086
11
1.8139413779527558
21
0.3656339763779528
0
LINE
8
BLACK
6
CONTINUOUS
10
1.8139413779527558
20
0.3656339763779528
11
1.8137012598425197
21
0.365910905511811
0
LINE
8
BLACK
6
CONTINUOUS
10
1.8137012598425197
20
0.365910905511811
11
1.8127638582677166
21
0.368723031496063
0
LINE
8
BLACK
6
CONTINUOUS
10
1.8127638582677166
20
0.368723031496063
11
1.8127822047244093
21
0.3689815354330709
0
LINE
8
BLACK
6
CONTINUOUS
10
1.8127822047244093
20
0.3689815354330709
11
1.8126830314960629
21
0.3692210236220472
0
LINE
8
BLACK
6
CONTINUOUS
10
1.8126830314960629
20
0.3692210236220472
11
1.8126830314960629
21
0.3710957874015748
0
LINE
8
BLACK
6
CONTINUOUS
10
1.8126830314960629
20
0.3710957874015748
11
1.8127822047244093
21
0.3713352362204724
0
LINE
8
BLACK
6
CONTINUOUS
10
1.8127822047244093
20
0.3713352362204724
11
1.8127638582677166
21
0.3715937795275591
0
LINE
8
BLACK
6
CONTINUOUS
10
1.8127638582677166
20
0.3715937795275591
11
1.8137012598425197
21
0.3744059448818898
0
LINE
8
BLACK
6
CONTINUOUS
10
1.8137012598425197
20
0.3744059448818898
11
1.8139413779527558
21
0.3746828346456693
0
LINE
8
BLACK
6
CONTINUOUS
10
1.8139413779527558
20
0.3746828346456693
11
1.8140816929133858
21
0.3750214960629921
0
LINE
8
BLACK
6
CONTINUOUS
10
1.8140816929133858
20
0.3750214960629921
11
1.8150190551181102
21
0.3759588582677165
0
LINE
8
BLACK
6
CONTINUOUS
10
1.8150190551181102
20
0.3759588582677165
11
1.8161325984251968
21
0.3764201181102362
0
LINE
8
BLACK
6
CONTINUOUS
10
1.8161325984251968
20
0.3764201181102362
11
1.8172461417322834
21
0.3759588582677165
0
LINE
8
BLACK
6
CONTINUOUS
10
1.8172461417322834
20
0.3759588582677165
11
1.8177074015748031
21
0.3748453149606299
0
LINE
8
BLACK
6
CONTINUOUS
10
1.8177074015748031
20
0.3748453149606299
11
1.8172461417322834
21
0.3737317716535433
0
LINE
8
BLACK
6
CONTINUOUS
10
1.8172461417322834
20
0.3737317716535433
11
1.8165716141732282
21
0.3730572440944882
0
LINE
8
BLACK
6
CONTINUOUS
10
1.8165716141732282
20
0.3730572440944882
11
1.8158326377952756
21
0.3708402362204724
0
LINE
8
BLACK
6
CONTINUOUS
10
1.8158326377952756
20
0.3708402362204724
11
1.8158326377952756
21
0.3694765354330709
0
LINE
8
BLACK
6
CONTINUOUS
10
1.8158326377952756
20
0.3694765354330709
11
1.8165716141732282
21
0.3672595669291339
0
LINE
8
BLACK
6
CONTINUOUS
10
1.8165716141732282
20
0.3672595669291339
11
1.8180028346456691
21
0.3658283464566929
0
LINE
8
BLACK
6
CONTINUOUS
10
1.8180028346456691
20
0.3658283464566929
11
1.8194944094488188
21
0.3650825984251969
0
LINE
8
BLACK
6
CONTINUOUS
10
1.8194944094488188
20
0.3650825984251969
11
1.8228881889763779
21
0.3642341732283464
0
LINE
8
BLACK
6
CONTINUOUS
10
1.8228881889763779
20
0.3642341732283464
11
1.8253125196850393
21
0.3642341732283464
0
LINE
8
BLACK
6
CONTINUOUS
10
1.8253125196850393
20
0.3642341732283464
11
1.8287062598425197
21
0.3650825984251969
0
LINE
8
BLACK
6
CONTINUOUS
10
1.8287062598425197
20
0.3650825984251969
11
1.8301978346456693
21
0.3658283858267716
0
LINE
8
BLACK
6
CONTINUOUS
10
1.8301978346456693
20
0.3658283858267716
11
1.831629094488189
21
0.3672595669291339
0
LINE
8
BLACK
6
CONTINUOUS
10
1.831629094488189
20
0.3672595669291339
11
1.8323680708661416
21
0.3694764960629921
0
LINE
8
BLACK
6
CONTINUOUS
10
1.8323680708661416
20
0.3694764960629921
11
1.8323680708661416
21
0.3708402755905512
0
LINE
8
BLACK
6
CONTINUOUS
10
1.8323680708661416
20
0.3708402755905512
11
1.831629094488189
21
0.3730572440944882
0
LINE
8
BLACK
6
CONTINUOUS
10
1.831629094488189
20
0.3730572440944882
11
1.8309545669291338
21
0.3737317322834646
0
LINE
8
BLACK
6
CONTINUOUS
10
1.8309545669291338
20
0.3737317322834646
11
1.8304933070866141
21
0.3748452755905512
0
LINE
8
BLACK
6
CONTINUOUS
10
1.8304933070866141
20
0.3748452755905512
11
1.8309545275590551
21
0.3759588582677165
0
LINE
8
BLACK
6
CONTINUOUS
10
1.8309545275590551
20
0.3759588582677165
11
1.8320680708661417
21
0.3764201181102362
0
LINE
8
BLACK
6
CONTINUOUS
10
1.8320680708661417
20
0.3764201181102362
11
1.833181653543307
21
0.3759588976377953
0
LINE
8
BLACK
6
CONTINUOUS
10
1.8350564173228345
20
0.3947065354330709
11
1.8355176771653543
21
0.3935929921259843
0
LINE
8
BLACK
6
CONTINUOUS
10
1.8355176771653543
20
0.3935929921259843
11
1.8355176771653543
21
0.3823444094488189
0
LINE
8
BLACK
6
CONTINUOUS
10
1.8355176771653543
20
0.3823444094488189
11
1.8350564173228345
21
0.3812308661417323
0
LINE
8
BLACK
6
CONTINUOUS
10
1.8350564173228345
20
0.3812308661417323
11
1.833942874015748
21
0.3807696062992126
0
LINE
8
BLACK
6
CONTINUOUS
10
1.833942874015748
20
0.3807696062992126
11
1.8328293307086614
21
0.3812308661417323
0
LINE
8
BLACK
6
CONTINUOUS
10
1.8328293307086614
20
0.3812308661417323
11
1.8323680708661416
21
0.3823444094488189
0
LINE
8
BLACK
6
CONTINUOUS
10
1.8323680708661416
20
0.3823444094488189
11
1.8323680708661416
21
0.3863938976377952
0
LINE
8
BLACK
6
CONTINUOUS
10
1.8323680708661416
20
0.3863938976377952
11
1.8189971259842519
21
0.3863938976377952
0
LINE
8
BLACK
6
CONTINUOUS
10
1.8189971259842519
20
0.3863938976377952
11
1.8200583070866141
21
0.3853327559055118
0
LINE
8
BLACK
6
CONTINUOUS
10
1.8200583070866141
20
0.3853327559055118
11
1.8201574803149605
21
0.3850932283464567
0
LINE
8
BLACK
6
CONTINUOUS
10
1.8201574803149605
20
0.3850932283464567
11
1.820353307086614
21
0.3849234251968504
0
LINE
8
BLACK
6
CONTINUOUS
10
1.820353307086614
20
0.3849234251968504
11
1.8212906692913386
21
0.3830487007874016
0
LINE
8
BLACK
6
CONTINUOUS
10
1.8212906692913386
20
0.3830487007874016
11
1.8213761023622046
21
0.3818464173228346
0
LINE
8
BLACK
6
CONTINUOUS
10
1.8213761023622046
20
0.3818464173228346
11
1.8205863779527558
21
0.3809358661417322
0
LINE
8
BLACK
6
CONTINUOUS
10
1.8205863779527558
20
0.3809358661417322
11
1.8193840944881889
21
0.3808504724409449
0
LINE
8
BLACK
6
CONTINUOUS
10
1.8193840944881889
20
0.3808504724409449
11
1.8184735826771654
21
0.3816401574803149
0
LINE
8
BLACK
6
CONTINUOUS
10
1.8184735826771654
20
0.3816401574803149
11
1.8176505118110236
21
0.3832862598425197
0
LINE
8
BLACK
6
CONTINUOUS
10
1.8176505118110236
20
0.3832862598425197
11
1.8160667322834645
21
0.3848700787401575
0
LINE
8
BLACK
6
CONTINUOUS
10
1.8160667322834645
20
0.3848700787401575
11
1.8133842913385827
21
0.3866583858267716
0
LINE
8
BLACK
6
CONTINUOUS
10
1.8133842913385827
20
0.3866583858267716
11
1.8132940551181103
21
0.3867931102362205
0
LINE
8
BLACK
6
CONTINUOUS
10
1.8132940551181103
20
0.3867931102362205
11
1.8131442913385827
21
0.386855157480315
0
LINE
8
BLACK
6
CONTINUOUS
10
1.8131442913385827
20
0.386855157480315
11
1.8129687795275591
21
0.3872787795275591
0
LINE
8
BLACK
6
CONTINUOUS
10
1.8129687795275591
20
0.3872787795275591
11
1.812713622047244
21
0.387659842519685
0
LINE
8
BLACK
6
CONTINUOUS
10
1.812713622047244
20
0.387659842519685
11
1.8127450787401573
21
0.3878188582677165
0
LINE
8
BLACK
6
CONTINUOUS
10
1.8127450787401573
20
0.3878188582677165
11
1.8126830314960629
21
0.3879687007874016
0
LINE
8
BLACK
6
CONTINUOUS
10
1.8126830314960629
20
0.3879687007874016
11
1.8128585039370078
21
0.3883923622047244
0
LINE
8
BLACK
6
CONTINUOUS
10
1.8128585039370078
20
0.3883923622047244
11
1.8129475196850393
21
0.3888422440944882
0
LINE
8
BLACK
6
CONTINUOUS
10
1.8129475196850393
20
0.3888422440944882
11
1.813082244094488
21
0.3889324409448819
0
LINE
8
BLACK
6
CONTINUOUS
10
1.813082244094488
20
0.3889324409448819
11
1.8131442913385827
21
0.3890822440944882
0
LINE
8
BLACK
6
CONTINUOUS
10
1.8131442913385827
20
0.3890822440944882
11
1.8135679133858267
21
0.3892577165354331
0
LINE
8
BLACK
6
CONTINUOUS
10
1.8135679133858267
20
0.3892577165354331
11
1.8139489763779526
21
0.3895129133858268
0
LINE
8
BLACK
6
CONTINUOUS
10
1.8139489763779526
20
0.3895129133858268
11
1.8141079921259842
21
0.3894814173228346
0
LINE
8
BLACK
6
CONTINUOUS
10
1.8141079921259842
20
0.3894814173228346
11
1.8142578346456693
21
0.3895435039370079
0
LINE
8
BLACK
6
CONTINUOUS
10
1.8142578346456693
20
0.3895435039370079
11
1.8323680708661416
21
0.3895435039370079
0
LINE
8
BLACK
6
CONTINUOUS
10
1.8323680708661416
20
0.3895435039370079
11
1.8323680708661416
21
0.3935929921259843
0
LINE
8
BLACK
6
CONTINUOUS
10
1.8323680708661416
20
0.3935929921259843
11
1.8328293307086614
21
0.3947065354330709
0
LINE
8
BLACK
6
CONTINUOUS
10
1.8328293307086614
20
0.3947065354330709
11
1.833942874015748
21
0.3951677952755905
0
LINE
8
BLACK
6
CONTINUOUS
10
1.833942874015748
20
0.3951677952755905
11
1.8350564173228345
21
0.3947065354330709
0
LINE
8
BLACK
6
CONTINUOUS
10
1.8201215748031496
20
0.4138162204724409
11
1.8203801181102361
21
0.4138346062992126
0
LINE
8
BLACK
6
CONTINUOUS
10
1.8203801181102361
20
0.4138346062992126
11
1.8231922834645669
21
0.4128972047244094
0
LINE
8
BLACK
6
CONTINUOUS
10
1.8231922834645669
20
0.4128972047244094
11
1.8234691732283463
21
0.4126570472440945
0
LINE
8
BLACK
6
CONTINUOUS
10
1.8234691732283463
20
0.4126570472440945
11
1.8238078346456692
21
0.4125167716535433
0
LINE
8
BLACK
6
CONTINUOUS
10
1.8238078346456692
20
0.4125167716535433
11
1.8323680708661416
21
0.4039565354330709
0
LINE
8
BLACK
6
CONTINUOUS
10
1.8323680708661416
20
0.4039565354330709
11
1.8323680708661416
21
0.4123406299212599
0
LINE
8
BLACK
6
CONTINUOUS
10
1.8323680708661416
20
0.4123406299212599
11
1.8328293307086614
21
0.4134541732283464
0
LINE
8
BLACK
6
CONTINUOUS
10
1.8328293307086614
20
0.4134541732283464
11
1.833942874015748
21
0.4139154330708661
0
LINE
8
BLACK
6
CONTINUOUS
10
1.833942874015748
20
0.4139154330708661
11
1.8350564173228345
21
0.4134541732283464
0
LINE
8
BLACK
6
CONTINUOUS
10
1.8350564173228345
20
0.4134541732283464
11
1.8355176771653543
21
0.4123406299212599
0
LINE
8
BLACK
6
CONTINUOUS
10
1.8355176771653543
20
0.4123406299212599
11
1.8355176771653543
21
0.4001546456692913
0
LINE
8
BLACK
6
CONTINUOUS
10
1.8355176771653543
20
0.4001546456692913
11
1.8350564566929133
21
0.399041062992126
0
LINE
8
BLACK
6
CONTINUOUS
10
1.8350564566929133
20
0.399041062992126
11
1.833942874015748
21
0.398579842519685
0
LINE
8
BLACK
6
CONTINUOUS
10
1.833942874015748
20
0.398579842519685
11
1.8328293307086614
21
0.399041062992126
0
LINE
8
BLACK
6
CONTINUOUS
10
1.8328293307086614
20
0.399041062992126
11
1.8218435826771653
21
0.410026811023622
0
LINE
8
BLACK
6
CONTINUOUS
10
1.8218435826771653
20
0.410026811023622
11
1.8196266141732282
21
0.4107658267716535
0
LINE
8
BLACK
6
CONTINUOUS
10
1.8196266141732282
20
0.4107658267716535
11
1.8183791338582678
21
0.4107658267716535
0
LINE
8
BLACK
6
CONTINUOUS
10
1.8183791338582678
20
0.4107658267716535
11
1.8170653937007875
21
0.410108937007874
0
LINE
8
BLACK
6
CONTINUOUS
10
1.8170653937007875
20
0.410108937007874
11
1.8164894881889764
21
0.409533031496063
0
LINE
8
BLACK
6
CONTINUOUS
10
1.8164894881889764
20
0.409533031496063
11
1.8158326377952756
21
0.4082192913385826
0
LINE
8
BLACK
6
CONTINUOUS
10
1.8158326377952756
20
0.4082192913385826
11
1.8158326377952756
21
0.4042759448818898
0
LINE
8
BLACK
6
CONTINUOUS
10
1.8158326377952756
20
0.4042759448818898
11
1.8164894881889764
21
0.4029622047244095
0
LINE
8
BLACK
6
CONTINUOUS
10
1.8164894881889764
20
0.4029622047244095
11
1.8172461417322834
21
0.4022055905511811
0
LINE
8
BLACK
6
CONTINUOUS
10
1.8172461417322834
20
0.4022055905511811
11
1.8177074015748031
21
0.4010920472440945
0
LINE
8
BLACK
6
CONTINUOUS
10
1.8177074015748031
20
0.4010920472440945
11
1.8172461417322834
21
0.3999785039370078
0
LINE
8
BLACK
6
CONTINUOUS
10
1.8172461417322834
20
0.3999785039370078
11
1.8161325984251968
21
0.3995172440944882
0
LINE
8
BLACK
6
CONTINUOUS
10
1.8161325984251968
20
0.3995172440944882
11
1.8150190551181102
21
0.3999785039370078
0
LINE
8
BLACK
6
CONTINUOUS
10
1.8150190551181102
20
0.3999785039370078
11
1.8140816929133858
21
0.4009158661417322
0
LINE
8
BLACK
6
CONTINUOUS
10
1.8140816929133858
20
0.4009158661417322
11
1.8139824803149607
21
0.4011552755905512
0
LINE
8
BLACK
6
CONTINUOUS
10
1.8139824803149607
20
0.4011552755905512
11
1.8137866929133857
21
0.4013251181102362
0
LINE
8
BLACK
6
CONTINUOUS
10
1.8137866929133857
20
0.4013251181102362
11
1.8128492913385827
21
0.4031998818897637
0
LINE
8
BLACK
6
CONTINUOUS
10
1.8128492913385827
20
0.4031998818897637
11
1.8128233070866142
21
0.4035655118110236
0
LINE
8
BLACK
6
CONTINUOUS
10
1.8128233070866142
20
0.4035655118110236
11
1.8126830314960629
21
0.4039041732283464
0
LINE
8
BLACK
6
CONTINUOUS
10
1.8126830314960629
20
0.4039041732283464
11
1.8126830314960629
21
0.4085911023622047
0
LINE
8
BLACK
6
CONTINUOUS
10
1.8126830314960629
20
0.4085911023622047
11
1.8128233070866142
21
0.4089297244094488
0
LINE
8
BLACK
6
CONTINUOUS
10
1.8128233070866142
20
0.4089297244094488
11
1.8128492913385827
21
0.4092953937007874
0
LINE
8
BLACK
6
CONTINUOUS
10
1.8128492913385827
20
0.4092953937007874
11
1.8137866929133857
21
0.4111701574803149
0
LINE
8
BLACK
6
CONTINUOUS
10
1.8137866929133857
20
0.4111701574803149
11
1.8139824803149607
21
0.4113399606299212
0
LINE
8
BLACK
6
CONTINUOUS
10
1.8139824803149607
20
0.4113399606299212
11
1.8140816929133858
21
0.4115794094488189
0
LINE
8
BLACK
6
CONTINUOUS
10
1.8140816929133858
20
0.4115794094488189
11
1.8150190551181102
21
0.4125167716535433
0
LINE
8
BLACK
6
CONTINUOUS
10
1.8150190551181102
20
0.4125167716535433
11
1.8152584645669292
21
0.4126159448818897
0
LINE
8
BLACK
6
CONTINUOUS
10
1.8152584645669292
20
0.4126159448818897
11
1.8154283070866142
21
0.4128117716535433
0
LINE
8
BLACK
6
CONTINUOUS
10
1.8154283070866142
20
0.4128117716535433
11
1.8173030708661417
21
0.4137491732283464
0
LINE
8
BLACK
6
CONTINUOUS
10
1.8173030708661417
20
0.4137491732283464
11
1.8176687007874015
21
0.4137751181102362
0
LINE
8
BLACK
6
CONTINUOUS
10
1.8176687007874015
20
0.4137751181102362
11
1.8180073622047244
21
0.4139154330708661
0
LINE
8
BLACK
6
CONTINUOUS
10
1.8180073622047244
20
0.4139154330708661
11
1.8198821259842519
21
0.4139154330708661
0
LINE
8
BLACK
6
CONTINUOUS
10
1.8198821259842519
20
0.4139154330708661
11
1.8201215748031496
21
0.4138162204724409
0
LINE
8
BLACK
6
CONTINUOUS
10
1.8486220472440944
20
0.4288385826771653
11
1.8500139763779526
21
0.4282620078740157
0
LINE
8
BLACK
6
CONTINUOUS
10
1.8500139763779526
20
0.4282620078740157
11
1.8505905511811023
21
0.4268700787401575
0
LINE
8
BLACK
6
CONTINUOUS
10
1.8505905511811023
20
0.4268700787401575
11
1.8505905511811023
21
0.3481299212598425
0
LINE
8
BLACK
6
CONTINUOUS
10
1.8505905511811023
20
0.3481299212598425
11
1.8500139763779526
21
0.3467379921259842
0
LINE
8
BLACK
6
CONTINUOUS
10
1.8500139763779526
20
0.3467379921259842
11
1.8486220472440944
21
0.3461614173228346
0
LINE
8
BLACK
6
CONTINUOUS
10
1.8486220472440944
20
0.3461614173228346
11
1.8013779527559055
21
0.3461614173228346
0
LINE
8
BLACK
6
CONTINUOUS
10
1.8013779527559055
20
0.3461614173228346
11
1.7999860236220473
21
0.3467379921259842
0
LINE
8
BLACK
6
CONTINUOUS
10
1.7999860236220473
20
0.3467379921259842
11
1.7994094488188976
21
0.3481299212598425
0
LINE
8
BLACK
6
CONTINUOUS
10
1.7994094488188976
20
0.3481299212598425
11
1.7994094488188976
21
0.4268700787401575
0
LINE
8
BLACK
6
CONTINUOUS
10
1.7994094488188976
20
0.4268700787401575
11
1.7999860236220473
21
0.4282620078740157
0
LINE
8
BLACK
6
CONTINUOUS
10
1.7999860236220473
20
0.4282620078740157
11
1.8013779527559055
21
0.4288385826771653
0
LINE
8
BLACK
6
CONTINUOUS
10
1.8013779527559055
20
0.4288385826771653
11
1.8486220472440944
21
0.4288385826771653
0
LINE
8
BLACK
6
CONTINUOUS
10
1.8033464566929134
20
0.4249015748031496
11
1.8033464566929134
21
0.3500984251968504
0
LINE
8
BLACK
6
CONTINUOUS
10
1.8033464566929134
20
0.3500984251968504
11
1.8466535433070865
21
0.3500984251968504
0
LINE
8
BLACK
6
CONTINUOUS
10
1.8466535433070865
20
0.3500984251968504
11
1.8466535433070865
21
0.4249015748031496
0
LINE
8
BLACK
6
CONTINUOUS
10
1.8466535433070865
20
0.4249015748031496
11
1.8033464566929134
21
0.4249015748031496
0
LINE
8
BLACK
6
CONTINUOUS
10
1.9331816535433071
20
0.3759588976377953
11
1.9341190551181102
21
0.3750215354330709
0
LINE
8
BLACK
6
CONTINUOUS
10
1.9341190551181102
20
0.3750215354330709
11
1.9342593307086613
21
0.3746827952755906
0
LINE
8
BLACK
6
CONTINUOUS
10
1.9342593307086613
20
0.3746827952755906
11
1.9344994881889763
21
0.3744059448818898
0
LINE
8
BLACK
6
CONTINUOUS
10
1.9344994881889763
20
0.3744059448818898
11
1.9354368897637795
21
0.3715937401574803
0
LINE
8
BLACK
6
CONTINUOUS
10
1.9354368897637795
20
0.3715937401574803
11
1.9354185039370078
21
0.3713351574803149
0
LINE
8
BLACK
6
CONTINUOUS
10
1.9354185039370078
20
0.3713351574803149
11
1.9355176771653544
21
0.3710957874015748
0
LINE
8
BLACK
6
CONTINUOUS
10
1.9355176771653544
20
0.3710957874015748
11
1.9355176771653544
21
0.3692210236220472
0
LINE
8
BLACK
6
CONTINUOUS
10
1.9355176771653544
20
0.3692210236220472
11
1.9354185039370078
21
0.3689815748031496
0
LINE
8
BLACK
6
CONTINUOUS
10
1.9354185039370078
20
0.3689815748031496
11
1.9354368897637795
21
0.368723031496063
0
LINE
8
BLACK
6
CONTINUOUS
10
1.9354368897637795
20
0.368723031496063
11
1.9344994881889763
21
0.365910905511811
0
LINE
8
BLACK
6
CONTINUOUS
10
1.9344994881889763
20
0.365910905511811
11
1.9342593307086613
21
0.3656340157480315
0
LINE
8
BLACK
6
CONTINUOUS
10
1.9342593307086613
20
0.3656340157480315
11
1.9341190551181102
21
0.3652953149606299
0
LINE
8
BLACK
6
CONTINUOUS
10
1.9341190551181102
20
0.3652953149606299
11
1.9322442519685039
21
0.3634205511811023
0
LINE
8
BLACK
6
CONTINUOUS
10
1.9322442519685039
20
0.3634205511811023
11
1.9320047637795275
21
0.3633213385826772
0
LINE
8
BLACK
6
CONTINUOUS
10
1.9320047637795275
20
0.3633213385826772
11
1.931835
21
0.3631255905511811
0
LINE
8
BLACK
6
CONTINUOUS
10
1.931835
20
0.3631255905511811
11
1.9299602362204724
21
0.3621881889763779
0
LINE
8
BLACK
6
CONTINUOUS
10
1.9299602362204724
20
0.3621881889763779
11
1.9297816929133857
21
0.3621754724409449
0
LINE
8
BLACK
6
CONTINUOUS
10
1.9297816929133857
20
0.3621754724409449
11
1.929637874015748
21
0.362068937007874
0
LINE
8
BLACK
6
CONTINUOUS
10
1.929637874015748
20
0.362068937007874
11
1.9258883464566929
21
0.3611315748031496
0
LINE
8
BLACK
6
CONTINUOUS
10
1.9258883464566929
20
0.3611315748031496
11
1.9256908267716535
21
0.3611609448818898
0
LINE
8
BLACK
6
CONTINUOUS
10
1.9256908267716535
20
0.3611609448818898
11
1.9255064173228347
21
0.3610845669291339
0
LINE
8
BLACK
6
CONTINUOUS
10
1.9255064173228347
20
0.3610845669291339
11
1.9226942913385827
21
0.3610845669291339
0
LINE
8
BLACK
6
CONTINUOUS
10
1.9226942913385827
20
0.3610845669291339
11
1.9225098425196849
21
0.3611609448818898
0
LINE
8
BLACK
6
CONTINUOUS
10
1.9225098425196849
20
0.3611609448818898
11
1.9223123622047245
21
0.3611315748031496
0
LINE
8
BLACK
6
CONTINUOUS
10
1.9223123622047245
20
0.3611315748031496
11
1.9185628346456693
21
0.362068937007874
0
LINE
8
BLACK
6
CONTINUOUS
10
1.9185628346456693
20
0.362068937007874
11
1.9184189763779527
21
0.3621754724409449
0
LINE
8
BLACK
6
CONTINUOUS
10
1.9184189763779527
20
0.3621754724409449
11
1.9182404724409448
21
0.3621881889763779
0
LINE
8
BLACK
6
CONTINUOUS
10
1.9182404724409448
20
0.3621881889763779
11
1.9163657086614172
21
0.3631255905511811
0
LINE
8
BLACK
6
CONTINUOUS
10
1.9163657086614172
20
0.3631255905511811
11
1.9161958661417322
21
0.3633213779527559
0
LINE
8
BLACK
6
CONTINUOUS
10
1.9161958661417322
20
0.3633213779527559
11
1.9159564173228345
21
0.3634205905511811
0
LINE
8
BLACK
6
CONTINUOUS
10
1.9159564173228345
20
0.3634205905511811
11
1.9140816929133857
21
0.3652953543307086
0
LINE
8
BLACK
6
CONTINUOUS
10
1.9140816929133857
20
0.3652953543307086
11
1.9139413779527559
21
0.3656339763779528
0
LINE
8
BLACK
6
CONTINUOUS
10
1.9139413779527559
20
0.3656339763779528
11
1.9137012598425196
21
0.365910905511811
0
LINE
8
BLACK
6
CONTINUOUS
10
1.9137012598425196
20
0.365910905511811
11
1.9127638582677164
21
0.368723031496063
0
LINE
8
BLACK
6
CONTINUOUS
10
1.9127638582677164
20
0.368723031496063
11
1.9127822047244094
21
0.3689815354330709
0
LINE
8
BLACK
6
CONTINUOUS
10
1.9127822047244094
20
0.3689815354330709
11
1.912683031496063
21
0.3692210236220472
0
LINE
8
BLACK
6
CONTINUOUS
10
1.912683031496063
20
0.3692210236220472
11
1.912683031496063
21
0.3710957874015748
0
LINE
8
BLACK
6
CONTINUOUS
10
1.912683031496063
20
0.3710957874015748
11
1.9127822047244094
21
0.3713352362204724
0
LINE
8
BLACK
6
CONTINUOUS
10
1.9127822047244094
20
0.3713352362204724
11
1.9127638582677164
21
0.3715937795275591
0
LINE
8
BLACK
6
CONTINUOUS
10
1.9127638582677164
20
0.3715937795275591
11
1.9137012598425196
21
0.3744059448818898
0
LINE
8
BLACK
6
CONTINUOUS
10
1.9137012598425196
20
0.3744059448818898
11
1.9139413779527559
21
0.3746828346456693
0
LINE
8
BLACK
6
CONTINUOUS
10
1.9139413779527559
20
0.3746828346456693
11
1.9140816929133857
21
0.3750214960629921
0
LINE
8
BLACK
6
CONTINUOUS
10
1.9140816929133857
20
0.3750214960629921
11
1.9150190551181101
21
0.3759588582677165
0
LINE
8
BLACK
6
CONTINUOUS
10
1.9150190551181101
20
0.3759588582677165
11
1.9161325984251969
21
0.3764201181102362
0
LINE
8
BLACK
6
CONTINUOUS
10
1.9161325984251969
20
0.3764201181102362
11
1.9172461417322835
21
0.3759588582677165
0
LINE
8
BLACK
6
CONTINUOUS
10
1.9172461417322835
20
0.3759588582677165
11
1.917707401574803
21
0.3748453149606299
0
LINE
8
BLACK
6
CONTINUOUS
10
1.917707401574803
20
0.3748453149606299
11
1.9172461417322835
21
0.3737317716535433
0
LINE
8
BLACK
6
CONTINUOUS
10
1.9172461417322835
20
0.3737317716535433
11
1.9165716141732283
21
0.3730572440944882
0
LINE
8
BLACK
6
CONTINUOUS
10
1.9165716141732283
20
0.3730572440944882
11
1.9158326377952755
21
0.3708402362204724
0
LINE
8
BLACK
6
CONTINUOUS
10
1.9158326377952755
20
0.3708402362204724
11
1.9158326377952755
21
0.3694765354330709
0
LINE
8
BLACK
6
CONTINUOUS
10
1.9158326377952755
20
0.3694765354330709
11
1.9165716141732283
21
0.3672595669291339
0
LINE
8
BLACK
6
CONTINUOUS
10
1.9165716141732283
20
0.3672595669291339
11
1.9180028346456692
21
0.3658283464566929
0
LINE
8
BLACK
6
CONTINUOUS
10
1.9180028346456692
20
0.3658283464566929
11
1.9194944094488189
21
0.3650825984251969
0
LINE
8
BLACK
6
CONTINUOUS
10
1.9194944094488189
20
0.3650825984251969
11
1.9228881889763778
21
0.3642341732283464
0
LINE
8
BLACK
6
CONTINUOUS
10
1.9228881889763778
20
0.3642341732283464
11
1.9253125196850394
21
0.3642341732283464
0
LINE
8
BLACK
6
CONTINUOUS
10
1.9253125196850394
20
0.3642341732283464
11
1.9287062598425195
21
0.3650825984251969
0
LINE
8
BLACK
6
CONTINUOUS
10
1.9287062598425195
20
0.3650825984251969
11
1.9301978346456692
21
0.3658283858267716
0
LINE
8
BLACK
6
CONTINUOUS
10
1.9301978346456692
20
0.3658283858267716
11
1.9316290944881889
21
0.3672595669291339
0
LINE
8
BLACK
6
CONTINUOUS
10
1.9316290944881889
20
0.3672595669291339
11
1.9323680708661417
21
0.3694764960629921
0
LINE
8
BLACK
6
CONTINUOUS
10
1.9323680708661417
20
0.3694764960629921
11
1.9323680708661417
21
0.3708402755905512
0
LINE
8
BLACK
6
CONTINUOUS
10
1.9323680708661417
20
0.3708402755905512
11
1.9316290944881889
21
0.3730572440944882
0
LINE
8
BLACK
6
CONTINUOUS
10
1.9316290944881889
20
0.3730572440944882
11
1.9309545669291339
21
0.3737317322834646
0
LINE
8
BLACK
6
CONTINUOUS
10
1.9309545669291339
20
0.3737317322834646
11
1.9304933070866142
21
0.3748452755905512
0
LINE
8
BLACK
6
CONTINUOUS
10
1.9304933070866142
20
0.3748452755905512
11
1.9309545275590552
21
0.3759588582677165
0
LINE
8
BLACK
6
CONTINUOUS
10
1.9309545275590552
20
0.3759588582677165
11
1.9320680708661417
21
0.3764201181102362
0
LINE
8
BLACK
6
CONTINUOUS
10
1.9320680708661417
20
0.3764201181102362
11
1.9331816535433071
21
0.3759588976377953
0
LINE
8
BLACK
6
CONTINUOUS
10
1.9350564173228346
20
0.3947065354330709
11
1.9355176771653544
21
0.3935929921259843
0
LINE
8
BLACK
6
CONTINUOUS
10
1.9355176771653544
20
0.3935929921259843
11
1.9355176771653544
21
0.3823444094488189
0
LINE
8
BLACK
6
CONTINUOUS
10
1.9355176771653544
20
0.3823444094488189
11
1.9350564173228346
21
0.3812308661417323
0
LINE
8
BLACK
6
CONTINUOUS
10
1.9350564173228346
20
0.3812308661417323
11
1.933942874015748
21
0.3807696062992126
0
LINE
8
BLACK
6
CONTINUOUS
10
1.933942874015748
20
0.3807696062992126
11
1.9328293307086615
21
0.3812308661417323
0
LINE
8
BLACK
6
CONTINUOUS
10
1.9328293307086615
20
0.3812308661417323
11
1.9323680708661417
21
0.3823444094488189
0
LINE
8
BLACK
6
CONTINUOUS
10
1.9323680708661417
20
0.3823444094488189
11
1.9323680708661417
21
0.3863938976377952
0
LINE
8
BLACK
6
CONTINUOUS
10
1.9323680708661417
20
0.3863938976377952
11
1.918997125984252
21
0.3863938976377952
0
LINE
8
BLACK
6
CONTINUOUS
10
1.918997125984252
20
0.3863938976377952
11
1.9200583070866142
21
0.3853327559055118
0
LINE
8
BLACK
6
CONTINUOUS
10
1.9200583070866142
20
0.3853327559055118
11
1.9201574803149606
21
0.3850932283464567
0
LINE
8
BLACK
6
CONTINUOUS
10
1.9201574803149606
20
0.3850932283464567
11
1.9203533070866141
21
0.3849234251968504
0
LINE
8
BLACK
6
CONTINUOUS
10
1.9203533070866141
20
0.3849234251968504
11
1.9212906692913385
21
0.3830487007874016
0
LINE
8
BLACK
6
CONTINUOUS
10
1.9212906692913385
20
0.3830487007874016
11
1.9213761023622047
21
0.3818464173228346
0
LINE
8
BLACK
6
CONTINUOUS
10
1.9213761023622047
20
0.3818464173228346
11
1.9205863779527559
21
0.3809358661417322
0
LINE
8
BLACK
6
CONTINUOUS
10
1.9205863779527559
20
0.3809358661417322
11
1.919384094488189
21
0.3808504724409449
0
LINE
8
BLACK
6
CONTINUOUS
10
1.919384094488189
20
0.3808504724409449
11
1.9184735826771653
21
0.3816401574803149
0
LINE
8
BLACK
6
CONTINUOUS
10
1.9184735826771653
20
0.3816401574803149
11
1.9176505118110236
21
0.3832862598425197
0
LINE
8
BLACK
6
CONTINUOUS
10
1.9176505118110236
20
0.3832862598425197
11
1.9160667322834646
21
0.3848700787401575
0
LINE
8
BLACK
6
CONTINUOUS
10
1.9160667322834646
20
0.3848700787401575
11
1.9133842913385826
21
0.3866583858267716
0
LINE
8
BLACK
6
CONTINUOUS
10
1.9133842913385826
20
0.3866583858267716
11
1.9132940551181101
21
0.3867931102362205
0
LINE
8
BLACK
6
CONTINUOUS
10
1.9132940551181101
20
0.3867931102362205
11
1.9131442913385825
21
0.386855157480315
0
LINE
8
BLACK
6
CONTINUOUS
10
1.9131442913385825
20
0.386855157480315
11
1.9129687795275589
21
0.3872787795275591
0
LINE
8
BLACK
6
CONTINUOUS
10
1.9129687795275589
20
0.3872787795275591
11
1.912713622047244
21
0.387659842519685
0
LINE
8
BLACK
6
CONTINUOUS
10
1.912713622047244
20
0.387659842519685
11
1.9127450787401574
21
0.3878188582677165
0
LINE
8
BLACK
6
CONTINUOUS
10
1.9127450787401574
20
0.3878188582677165
11
1.912683031496063
21
0.3879687007874016
0
LINE
8
BLACK
6
CONTINUOUS
10
1.912683031496063
20
0.3879687007874016
11
1.9128585039370078
21
0.3883923622047244
0
LINE
8
BLACK
6
CONTINUOUS
10
1.9128585039370078
20
0.3883923622047244
11
1.9129475196850394
21
0.3888422440944882
0
LINE
8
BLACK
6
CONTINUOUS
10
1.9129475196850394
20
0.3888422440944882
11
1.9130822440944881
21
0.3889324409448819
0
LINE
8
BLACK
6
CONTINUOUS
10
1.9130822440944881
20
0.3889324409448819
11
1.9131442913385825
21
0.3890822440944882
0
LINE
8
BLACK
6
CONTINUOUS
10
1.9131442913385825
20
0.3890822440944882
11
1.9135679133858268
21
0.3892577165354331
0
LINE
8
BLACK
6
CONTINUOUS
10
1.9135679133858268
20
0.3892577165354331
11
1.9139489763779527
21
0.3895129133858268
0
LINE
8
BLACK
6
CONTINUOUS
10
1.9139489763779527
20
0.3895129133858268
11
1.9141079921259843
21
0.3894814173228346
0
LINE
8
BLACK
6
CONTINUOUS
10
1.9141079921259843
20
0.3894814173228346
11
1.9142578346456693
21
0.3895435039370079
0
LINE
8
BLACK
6
CONTINUOUS
10
1.9142578346456693
20
0.3895435039370079
11
1.9323680708661417
21
0.3895435039370079
0
LINE
8
BLACK
6
CONTINUOUS
10
1.9323680708661417
20
0.3895435039370079
11
1.9323680708661417
21
0.3935929921259843
0
LINE
8
BLACK
6
CONTINUOUS
10
1.9323680708661417
20
0.3935929921259843
11
1.9328293307086615
21
0.3947065354330709
0
LINE
8
BLACK
6
CONTINUOUS
10
1.9328293307086615
20
0.3947065354330709
11
1.933942874015748
21
0.3951677952755905
0
LINE
8
BLACK
6
CONTINUOUS
10
1.933942874015748
20
0.3951677952755905
11
1.9350564173228346
21
0.3947065354330709
0
LINE
8
BLACK
6
CONTINUOUS
10
1.9350564173228346
20
0.4134541732283464
11
1.9355176771653544
21
0.4123406299212599
0
LINE
8
BLACK
6
CONTINUOUS
10
1.9355176771653544
20
0.4123406299212599
11
1.9355176771653544
21
0.4010920472440945
0
LINE
8
BLACK
6
CONTINUOUS
10
1.9355176771653544
20
0.4010920472440945
11
1.9350564173228346
21
0.3999785039370078
0
LINE
8
BLACK
6
CONTINUOUS
10
1.9350564173228346
20
0.3999785039370078
11
1.933942874015748
21
0.3995172440944882
0
LINE
8
BLACK
6
CONTINUOUS
10
1.933942874015748
20
0.3995172440944882
11
1.9328293307086615
21
0.3999785039370078
0
LINE
8
BLACK
6
CONTINUOUS
10
1.9328293307086615
20
0.3999785039370078
11
1.9323680708661417
21
0.4010920472440945
0
LINE
8
BLACK
6
CONTINUOUS
10
1.9323680708661417
20
0.4010920472440945
11
1.9323680708661417
21
0.4051415354330709
0
LINE
8
BLACK
6
CONTINUOUS
10
1.9323680708661417
20
0.4051415354330709
11
1.918997125984252
21
0.4051415354330709
0
LINE
8
BLACK
6
CONTINUOUS
10
1.918997125984252
20
0.4051415354330709
11
1.9200583070866142
21
0.4040803937007874
0
LINE
8
BLACK
6
CONTINUOUS
10
1.9200583070866142
20
0.4040803937007874
11
1.9201574803149606
21
0.4038408661417323
0
LINE
8
BLACK
6
CONTINUOUS
10
1.9201574803149606
20
0.4038408661417323
11
1.9203533070866141
21
0.403671062992126
0
LINE
8
BLACK
6
CONTINUOUS
10
1.9203533070866141
20
0.403671062992126
11
1.9212906692913385
21
0.4017963385826772
0
LINE
8
BLACK
6
CONTINUOUS
10
1.9212906692913385
20
0.4017963385826772
11
1.9213761023622047
21
0.4005940551181102
0
LINE
8
BLACK
6
CONTINUOUS
10
1.9213761023622047
20
0.4005940551181102
11
1.9205863779527559
21
0.3996835039370079
0
LINE
8
BLACK
6
CONTINUOUS
10
1.9205863779527559
20
0.3996835039370079
11
1.919384094488189
21
0.3995981102362204
0
LINE
8
BLACK
6
CONTINUOUS
10
1.919384094488189
20
0.3995981102362204
11
1.9184735826771653
21
0.4003877952755905
0
LINE
8
BLACK
6
CONTINUOUS
10
1.9184735826771653
20
0.4003877952755905
11
1.9176505118110236
21
0.4020338976377953
0
LINE
8
BLACK
6
CONTINUOUS
10
1.9176505118110236
20
0.4020338976377953
11
1.9160667322834646
21
0.403617716535433
0
LINE
8
BLACK
6
CONTINUOUS
10
1.9160667322834646
20
0.403617716535433
11
1.9133842913385826
21
0.4054060236220473
0
LINE
8
BLACK
6
CONTINUOUS
10
1.9133842913385826
20
0.4054060236220473
11
1.9132940551181101
21
0.405540748031496
0
LINE
8
BLACK
6
CONTINUOUS
10
1.9132940551181101
20
0.405540748031496
11
1.9131442913385825
21
0.4056027952755906
0
LINE
8
BLACK
6
CONTINUOUS
10
1.9131442913385825
20
0.4056027952755906
11
1.9129687795275589
21
0.4060264173228346
0
LINE
8
BLACK
6
CONTINUOUS
10
1.9129687795275589
20
0.4060264173228346
11
1.912713622047244
21
0.4064074803149606
0
LINE
8
BLACK
6
CONTINUOUS
10
1.912713622047244
20
0.4064074803149606
11
1.9127450787401574
21
0.4065664960629921
0
LINE
8
BLACK
6
CONTINUOUS
10
1.9127450787401574
20
0.4065664960629921
11
1.912683031496063
21
0.4067163385826771
0
LINE
8
BLACK
6
CONTINUOUS
10
1.912683031496063
20
0.4067163385826771
11
1.9128585039370078
21
0.40714
0
LINE
8
BLACK
6
CONTINUOUS
10
1.9128585039370078
20
0.40714
11
1.9129475196850394
21
0.4075898818897637
0
LINE
8
BLACK
6
CONTINUOUS
10
1.9129475196850394
20
0.4075898818897637
11
1.9130822440944881
21
0.4076800787401575
0
LINE
8
BLACK
6
CONTINUOUS
10
1.9130822440944881
20
0.4076800787401575
11
1.9131442913385825
21
0.4078298818897638
0
LINE
8
BLACK
6
CONTINUOUS
10
1.9131442913385825
20
0.4078298818897638
11
1.9135679133858268
21
0.4080053543307087
0
LINE
8
BLACK
6
CONTINUOUS
10
1.9135679133858268
20
0.4080053543307087
11
1.9139489763779527
21
0.4082605511811023
0
LINE
8
BLACK
6
CONTINUOUS
10
1.9139489763779527
20
0.4082605511811023
11
1.9141079921259843
21
0.4082290551181103
0
LINE
8
BLACK
6
CONTINUOUS
10
1.9141079921259843
20
0.4082290551181103
11
1.9142578346456693
21
0.4082911417322835
0
LINE
8
BLACK
6
CONTINUOUS
10
1.9142578346456693
20
0.4082911417322835
11
1.9323680708661417
21
0.4082911417322835
0
LINE
8
BLACK
6
CONTINUOUS
10
1.9323680708661417
20
0.4082911417322835
11
1.9323680708661417
21
0.4123406299212599
0
LINE
8
BLACK
6
CONTINUOUS
10
1.9323680708661417
20
0.4123406299212599
11
1.9328293307086615
21
0.4134541732283464
0
LINE
8
BLACK
6
CONTINUOUS
10
1.9328293307086615
20
0.4134541732283464
11
1.933942874015748
21
0.4139154330708661
0
LINE
8
BLACK
6
CONTINUOUS
10
1.933942874015748
20
0.4139154330708661
11
1.9350564173228346
21
0.4134541732283464
0
LINE
8
BLACK
6
CONTINUOUS
10
1.9486220472440945
20
0.4288385826771653
11
1.9500139763779527
21
0.4282620078740157
0
LINE
8
BLACK
6
CONTINUOUS
10
1.9500139763779527
20
0.4282620078740157
11
1.9505905511811024
21
0.4268700787401575
0
LINE
8
BLACK
6
CONTINUOUS
10
1.9505905511811024
20
0.4268700787401575
11
1.9505905511811024
21
0.3481299212598425
0
LINE
8
BLACK
6
CONTINUOUS
10
1.9505905511811024
20
0.3481299212598425
11
1.9500139763779527
21
0.3467379921259842
0
LINE
8
BLACK
6
CONTINUOUS
10
1.9500139763779527
20
0.3467379921259842
11
1.9486220472440945
21
0.3461614173228346
0
LINE
8
BLACK
6
CONTINUOUS
10
1.9486220472440945
20
0.3461614173228346
11
1.9013779527559054
21
0.3461614173228346
0
LINE
8
BLACK
6
CONTINUOUS
10
1.9013779527559054
20
0.3461614173228346
11
1.8999860236220472
21
0.3467379921259842
0
LINE
8
BLACK
6
CONTINUOUS
10
1.8999860236220472
20
0.3467379921259842
11
1.8994094488188975
21
0.3481299212598425
0
LINE
8
BLACK
6
CONTINUOUS
10
1.8994094488188975
20
0.3481299212598425
11
1.8994094488188975
21
0.4268700787401575
0
LINE
8
BLACK
6
CONTINUOUS
10
1.8994094488188975
20
0.4268700787401575
11
1.8999860236220472
21
0.4282620078740157
0
LINE
8
BLACK
6
CONTINUOUS
10
1.8999860236220472
20
0.4282620078740157
11
1.9013779527559054
21
0.4288385826771653
0
LINE
8
BLACK
6
CONTINUOUS
10
1.9013779527559054
20
0.4288385826771653
11
1.9486220472440945
21
0.4288385826771653
0
LINE
8
BLACK
6
CONTINUOUS
10
1.9033464566929132
20
0.4249015748031496
11
1.9033464566929132
21
0.3500984251968504
0
LINE
8
BLACK
6
CONTINUOUS
10
1.9033464566929132
20
0.3500984251968504
11
1.9466535433070866
21
0.3500984251968504
0
LINE
8
BLACK
6
CONTINUOUS
10
1.9466535433070866
20
0.3500984251968504
11
1.9466535433070866
21
0.4249015748031496
0
LINE
8
BLACK
6
CONTINUOUS
10
1.9466535433070866
20
0.4249015748031496
11
1.9033464566929132
21
0.4249015748031496
0
LINE
8
BLACK
6
CONTINUOUS
10
2.3249348031496062
20
0.4480822834645669
11
2.3326917322834646
21
0.4450772440944882
0
LINE
8
BLACK
6
CONTINUOUS
10
2.3326917322834646
20
0.4450772440944882
11
2.3397644488188978
21
0.440698031496063
0
LINE
8
BLACK
6
CONTINUOUS
10
2.3397644488188978
20
0.440698031496063
11
2.3459120078740159
21
0.4350937795275591
0
LINE
8
BLACK
6
CONTINUOUS
10
2.3459120078740159
20
0.4350937795275591
11
2.3509251574803147
21
0.4284553149606299
0
LINE
8
BLACK
6
CONTINUOUS
10
2.3509251574803147
20
0.4284553149606299
11
2.3546331102362204
21
0.4210087401574803
0
LINE
8
BLACK
6
CONTINUOUS
10
2.3546331102362204
20
0.4210087401574803
11
2.3569096062992125
21
0.4130075984251969
0
LINE
8
BLACK
6
CONTINUOUS
10
2.3569096062992125
20
0.4130075984251969
11
2.3576771653543305
21
0.4047244094488189
0
LINE
8
BLACK
6
CONTINUOUS
10
2.3576771653543305
20
0.4047244094488189
11
2.3569096062992125
21
0.396441220472441
0
LINE
8
BLACK
6
CONTINUOUS
10
2.3569096062992125
20
0.396441220472441
11
2.3546331102362204
21
0.3884400787401575
0
LINE
8
BLACK
6
CONTINUOUS
10
2.3546331102362204
20
0.3884400787401575
11
2.3509251574803147
21
0.3809935039370079
0
LINE
8
BLACK
6
CONTINUOUS
10
2.3509251574803147
20
0.3809935039370079
11
2.3459120078740159
21
0.3743550393700787
0
LINE
8
BLACK
6
CONTINUOUS
10
2.3459120078740159
20
0.3743550393700787
11
2.3397644488188978
21
0.3687507874015748
0
LINE
8
BLACK
6
CONTINUOUS
10
2.3397644488188978
20
0.3687507874015748
11
2.3326917322834646
21
0.3643715748031496
0
LINE
8
BLACK
6
CONTINUOUS
10
2.3326917322834646
20
0.3643715748031496
11
2.3249348031496062
21
0.3613665354330708
0
LINE
8
BLACK
6
CONTINUOUS
10
2.3249348031496062
20
0.3613665354330708
11
2.3167577559055119
21
0.3598379527559055
0
LINE
8
BLACK
6
CONTINUOUS
10
2.3167577559055119
20
0.3598379527559055
11
2.3084390944881887
21
0.3598379527559055
0
LINE
8
BLACK
6
CONTINUOUS
10
2.3084390944881887
20
0.3598379527559055
11
2.3002620472440944
21
0.3613665354330708
0
LINE
8
BLACK
6
CONTINUOUS
10
2.3002620472440944
20
0.3613665354330708
11
2.2925051181102361
21
0.3643715748031496
0
LINE
8
BLACK
6
CONTINUOUS
10
2.2925051181102361
20
0.3643715748031496
11
2.2854324015748033
21
0.3687507874015748
0
LINE
8
BLACK
6
CONTINUOUS
10
2.2854324015748033
20
0.3687507874015748
11
2.2792848425196848
21
0.3743550393700787
0
LINE
8
BLACK
6
CONTINUOUS
10
2.2792848425196848
20
0.3743550393700787
11
2.2742716929133859
21
0.3809935039370079
0
LINE
8
BLACK
6
CONTINUOUS
10
2.2742716929133859
20
0.3809935039370079
11
2.2705637401574803
21
0.3884400787401575
0
LINE
8
BLACK
6
CONTINUOUS
10
2.2705637401574803
20
0.3884400787401575
11
2.2682872440944881
21
0.396441220472441
0
LINE
8
BLACK
6
CONTINUOUS
10
2.2682872440944881
20
0.396441220472441
11
2.2675196850393702
21
0.4047244094488189
0
LINE
8
BLACK
6
CONTINUOUS
10
2.2675196850393702
20
0.4047244094488189
11
2.2682872440944881
21
0.4130075984251969
0
LINE
8
BLACK
6
CONTINUOUS
10
2.2682872440944881
20
0.4130075984251969
11
2.2705637401574803
21
0.4210087401574803
0
LINE
8
BLACK
6
CONTINUOUS
10
2.2705637401574803
20
0.4210087401574803
11
2.2742716929133859
21
0.4284553149606299
0
LINE
8
BLACK
6
CONTINUOUS
10
2.2742716929133859
20
0.4284553149606299
11
2.2792848425196848
21
0.4350937795275591
0
LINE
8
BLACK
6
CONTINUOUS
10
2.2792848425196848
20
0.4350937795275591
11
2.2854324015748033
21
0.440698031496063
0
LINE
8
BLACK
6
CONTINUOUS
10
2.2854324015748033
20
0.440698031496063
11
2.2925051181102361
21
0.4450772440944882
0
LINE
8
BLACK
6
CONTINUOUS
10
2.2925051181102361
20
0.4450772440944882
11
2.3002620472440944
21
0.4480822834645669
0
LINE
8
BLACK
6
CONTINUOUS
10
2.3002620472440944
20
0.4480822834645669
11
2.3084390944881887
21
0.4496108661417323
0
LINE
8
BLACK
6
CONTINUOUS
10
2.3084390944881887
20
0.4496108661417323
11
2.3167577559055119
21
0.4496108661417323
0
LINE
8
BLACK
6
CONTINUOUS
10
2.3167577559055119
20
0.4496108661417323
11
2.3249348031496062
21
0.4480822834645669
0
LINE
8
BLACK
6
CONTINUOUS
10
2.3145676377952755
20
0.3635775590551181
11
2.3206636220472441
21
0.3641779921259842
0
LINE
8
BLACK
6
CONTINUOUS
10
2.3206636220472441
20
0.3641779921259842
11
2.3284188582677166
21
0.3665305118110236
0
LINE
8
BLACK
6
CONTINUOUS
10
2.3284188582677166
20
0.3665305118110236
11
2.3355661417322833
21
0.3703507874015748
0
LINE
8
BLACK
6
CONTINUOUS
10
2.3355661417322833
20
0.3703507874015748
11
2.3418307874015749
21
0.3754920472440945
0
LINE
8
BLACK
6
CONTINUOUS
10
2.3418307874015749
20
0.3754920472440945
11
2.3469720472440945
21
0.3817566929133858
0
LINE
8
BLACK
6
CONTINUOUS
10
2.3469720472440945
20
0.3817566929133858
11
2.3507923228346455
21
0.3889039763779528
0
LINE
8
BLACK
6
CONTINUOUS
10
2.3507923228346455
20
0.3889039763779528
11
2.353144842519685
21
0.3966592125984252
0
LINE
8
BLACK
6
CONTINUOUS
10
2.353144842519685
20
0.3966592125984252
11
2.3539392125984251
21
0.4047244094488189
0
LINE
8
BLACK
6
CONTINUOUS
10
2.3539392125984251
20
0.4047244094488189
11
2.353144842519685
21
0.4127896062992126
0
LINE
8
BLACK
6
CONTINUOUS
10
2.353144842519685
20
0.4127896062992126
11
2.3507923228346455
21
0.420544842519685
0
LINE
8
BLACK
6
CONTINUOUS
10
2.3507923228346455
20
0.420544842519685
11
2.3469720472440945
21
0.4276921259842519
0
LINE
8
BLACK
6
CONTINUOUS
10
2.3469720472440945
20
0.4276921259842519
11
2.3418307874015749
21
0.4339567716535433
0
LINE
8
BLACK
6
CONTINUOUS
10
2.3418307874015749
20
0.4339567716535433
11
2.3355661417322833
21
0.439098031496063
0
LINE
8
BLACK
6
CONTINUOUS
10
2.3355661417322833
20
0.439098031496063
11
2.3284188582677166
21
0.4429183070866142
0
LINE
8
BLACK
6
CONTINUOUS
10
2.3284188582677166
20
0.4429183070866142
11
2.3206636220472441
21
0.4452708267716535
0
LINE
8
BLACK
6
CONTINUOUS
10
2.3206636220472441
20
0.4452708267716535
11
2.3146055905511811
21
0.4458674803149606
0
LINE
8
BLACK
6
CONTINUOUS
10
2.3146055905511811
20
0.4458674803149606
11
2.3145676377952755
21
0.3635775590551181
0
LINE
8
BLACK
6
CONTINUOUS
10
2.2720520078740156
20
0.3966592125984252
11
2.2744045275590552
21
0.3889039763779528
0
LINE
8
BLACK
6
CONTINUOUS
10
2.2744045275590552
20
0.3889039763779528
11
2.2782248031496062
21
0.3817566929133858
0
LINE
8
BLACK
6
CONTINUOUS
10
2.2782248031496062
20
0.3817566929133858
11
2.2833660629921257
21
0.3754920472440945
0
LINE
8
BLACK
6
CONTINUOUS
10
2.2833660629921257
20
0.3754920472440945
11
2.2896307086614174
21
0.3703507874015748
0
LINE
8
BLACK
6
CONTINUOUS
10
2.2896307086614174
20
0.3703507874015748
11
2.2967779921259841
21
0.3665305118110236
0
LINE
8
BLACK
6
CONTINUOUS
10
2.2967779921259841
20
0.3665305118110236
11
2.3045332283464566
21
0.3641779921259842
0
LINE
8
BLACK
6
CONTINUOUS
10
2.3045332283464566
20
0.3641779921259842
11
2.3106306299212598
21
0.3635774015748031
0
LINE
8
BLACK
6
CONTINUOUS
10
2.3106306299212598
20
0.3635774015748031
11
2.3106685826771654
21
0.4458751181102362
0
LINE
8
BLACK
6
CONTINUOUS
10
2.3106685826771654
20
0.4458751181102362
11
2.3045332283464566
21
0.4452708267716535
0
LINE
8
BLACK
6
CONTINUOUS
10
2.3045332283464566
20
0.4452708267716535
11
2.2967779921259841
21
0.4429183070866142
0
LINE
8
BLACK
6
CONTINUOUS
10
2.2967779921259841
20
0.4429183070866142
11
2.2896307086614174
21
0.439098031496063
0
LINE
8
BLACK
6
CONTINUOUS
10
2.2896307086614174
20
0.439098031496063
11
2.2833660629921257
21
0.4339567716535433
0
LINE
8
BLACK
6
CONTINUOUS
10
2.2833660629921257
20
0.4339567716535433
11
2.2782248031496062
21
0.4276921259842519
0
LINE
8
BLACK
6
CONTINUOUS
10
2.2782248031496062
20
0.4276921259842519
11
2.2744045275590552
21
0.420544842519685
0
LINE
8
BLACK
6
CONTINUOUS
10
2.2744045275590552
20
0.420544842519685
11
2.2720520078740156
21
0.4127896062992126
0
LINE
8
BLACK
6
CONTINUOUS
10
2.2720520078740156
20
0.4127896062992126
11
2.2712576377952756
21
0.4047244094488189
0
LINE
8
BLACK
6
CONTINUOUS
10
2.2712576377952756
20
0.4047244094488189
11
2.2720520078740156
21
0.3966592125984252
0
LINE
8
BLACK
6
CONTINUOUS
10
2.1393596850393699
20
0.4737827952755905
11
2.1406152362204725
21
0.4722006692913386
0
LINE
8
BLACK
6
CONTINUOUS
10
2.1406152362204725
20
0.4722006692913386
11
2.1509373622047243
21
0.4412342519685039
0
LINE
8
BLACK
6
CONTINUOUS
10
2.1509373622047243
20
0.4412342519685039
11
2.1612594881889762
21
0.4722006692913386
0
LINE
8
BLACK
6
CONTINUOUS
10
2.1612594881889762
20
0.4722006692913386
11
2.1617477559055116
21
0.4731024409448819
0
LINE
8
BLACK
6
CONTINUOUS
10
2.1617477559055116
20
0.4731024409448819
11
2.1634687401574801
21
0.4741597244094488
0
LINE
8
BLACK
6
CONTINUOUS
10
2.1634687401574801
20
0.4741597244094488
11
2.1654666929133857
21
0.4738634645669291
0
LINE
8
BLACK
6
CONTINUOUS
10
2.1654666929133857
20
0.4738634645669291
11
2.1668067716535431
21
0.4723522047244094
0
LINE
8
BLACK
6
CONTINUOUS
10
2.1668067716535431
20
0.4723522047244094
11
2.1668619291338582
21
0.4703331889763779
0
LINE
8
BLACK
6
CONTINUOUS
10
2.1668619291338582
20
0.4703331889763779
11
2.1537385826771653
21
0.4309631102362205
0
LINE
8
BLACK
6
CONTINUOUS
10
2.1537385826771653
20
0.4309631102362205
11
2.1532502755905512
21
0.4300613385826771
0
LINE
8
BLACK
6
CONTINUOUS
10
2.1532502755905512
20
0.4300613385826771
11
2.1531778346456694
21
0.430016811023622
0
LINE
8
BLACK
6
CONTINUOUS
10
2.1531778346456694
20
0.430016811023622
11
2.1531466141732283
21
0.4299377952755906
0
LINE
8
BLACK
6
CONTINUOUS
10
2.1531466141732283
20
0.4299377952755906
11
2.1523251181102361
21
0.4294929527559055
0
LINE
8
BLACK
6
CONTINUOUS
10
2.1523251181102361
20
0.4294929527559055
11
2.1515293307086614
21
0.4290040551181102
0
LINE
8
BLACK
6
CONTINUOUS
10
2.1515293307086614
20
0.4290040551181102
11
2.1514452362204723
21
0.4290164960629921
0
LINE
8
BLACK
6
CONTINUOUS
10
2.1514452362204723
20
0.4290164960629921
11
2.151370472440945
21
0.4289760236220472
0
LINE
8
BLACK
6
CONTINUOUS
10
2.151370472440945
20
0.4289760236220472
11
2.1504553543307088
21
0.4291632677165354
0
LINE
8
BLACK
6
CONTINUOUS
10
2.1504553543307088
20
0.4291632677165354
11
2.1495313385826771
21
0.4293003149606299
0
LINE
8
BLACK
6
CONTINUOUS
10
2.1495313385826771
20
0.4293003149606299
11
2.1494748818897635
21
0.429363937007874
0
LINE
8
BLACK
6
CONTINUOUS
10
2.1494748818897635
20
0.429363937007874
11
2.1493916929133858
21
0.4293809842519685
0
LINE
8
BLACK
6
CONTINUOUS
10
2.1493916929133858
20
0.4293809842519685
11
2.1488113385826773
21
0.4301122440944882
0
LINE
8
BLACK
6
CONTINUOUS
10
2.1488113385826773
20
0.4301122440944882
11
2.1481912992125984
21
0.4308115354330709
0
LINE
8
BLACK
6
CONTINUOUS
10
2.1481912992125984
20
0.4308115354330709
11
2.1481889763779529
21
0.4308964960629921
0
LINE
8
BLACK
6
CONTINUOUS
10
2.1481889763779529
20
0.4308964960629921
11
2.1481361417322833
21
0.4309631102362205
0
LINE
8
BLACK
6
CONTINUOUS
10
2.1481361417322833
20
0.4309631102362205
11
2.1350127952755904
21
0.4703331889763779
0
LINE
8
BLACK
6
CONTINUOUS
10
2.1350127952755904
20
0.4703331889763779
11
2.1348623622047245
21
0.4713475984251969
0
LINE
8
BLACK
6
CONTINUOUS
10
2.1348623622047245
20
0.4713475984251969
11
2.1356047637795275
21
0.4732259842519685
0
LINE
8
BLACK
6
CONTINUOUS
10
2.1356047637795275
20
0.4732259842519685
11
2.1373809055118111
21
0.4741877559055118
0
LINE
8
BLACK
6
CONTINUOUS
10
2.1373809055118111
20
0.4741877559055118
11
2.1393596850393699
21
0.4737827952755905
0
LINE
8
BLACK
6
CONTINUOUS
10
2.1200762598425196
20
0.4740416141732283
11
2.1202114960629919
21
0.4739281102362204
0
LINE
8
BLACK
6
CONTINUOUS
10
2.1202114960629919
20
0.4739281102362204
11
2.1203868503937007
21
0.4739079527559055
0
LINE
8
BLACK
6
CONTINUOUS
10
2.1203868503937007
20
0.4739079527559055
11
2.1241363779527558
21
0.4720331889763779
0
LINE
8
BLACK
6
CONTINUOUS
10
2.1241363779527558
20
0.4720331889763779
11
2.1248454330708659
21
0.4715072440944882
0
LINE
8
BLACK
6
CONTINUOUS
10
2.1248454330708659
20
0.4715072440944882
11
2.1249037795275592
21
0.4714800787401575
0
LINE
8
BLACK
6
CONTINUOUS
10
2.1249037795275592
20
0.4714800787401575
11
2.1267785433070867
21
0.4696053149606299
0
LINE
8
BLACK
6
CONTINUOUS
10
2.1267785433070867
20
0.4696053149606299
11
2.1272848031496063
21
0.4688822047244094
0
LINE
8
BLACK
6
CONTINUOUS
10
2.1272848031496063
20
0.4688822047244094
11
2.1273316535433069
21
0.4688379133858268
0
LINE
8
BLACK
6
CONTINUOUS
10
2.1273316535433069
20
0.4688379133858268
11
2.1292064173228344
21
0.4650883858267716
0
LINE
8
BLACK
6
CONTINUOUS
10
2.1292064173228344
20
0.4650883858267716
11
2.1294987795275588
21
0.4641054724409449
0
LINE
8
BLACK
6
CONTINUOUS
10
2.1294987795275588
20
0.4641054724409449
11
2.1294577559055119
21
0.4639337401574803
0
LINE
8
BLACK
6
CONTINUOUS
10
2.1294577559055119
20
0.4639337401574803
11
2.1295181496062994
21
0.463767874015748
0
LINE
8
BLACK
6
CONTINUOUS
10
2.1295181496062994
20
0.463767874015748
11
2.1295181496062994
21
0.4581435826771653
0
LINE
8
BLACK
6
CONTINUOUS
10
2.1295181496062994
20
0.4581435826771653
11
2.1293400787401575
21
0.4571336614173228
0
LINE
8
BLACK
6
CONTINUOUS
10
2.1293400787401575
20
0.4571336614173228
11
2.1292265748031496
21
0.4569983858267717
0
LINE
8
BLACK
6
CONTINUOUS
10
2.1292265748031496
20
0.4569983858267717
11
2.1292064173228344
21
0.4568230708661417
0
LINE
8
BLACK
6
CONTINUOUS
10
2.1292064173228344
20
0.4568230708661417
11
2.1273316535433069
21
0.4530735433070866
0
LINE
8
BLACK
6
CONTINUOUS
10
2.1273316535433069
20
0.4530735433070866
11
2.1268057480314959
21
0.4523644488188976
0
LINE
8
BLACK
6
CONTINUOUS
10
2.1268057480314959
20
0.4523644488188976
11
2.1267785433070867
21
0.4523061417322835
0
LINE
8
BLACK
6
CONTINUOUS
10
2.1267785433070867
20
0.4523061417322835
11
2.1249037795275592
21
0.4504313779527559
0
LINE
8
BLACK
6
CONTINUOUS
10
2.1249037795275592
20
0.4504313779527559
11
2.1241806692913388
21
0.4499250787401575
0
LINE
8
BLACK
6
CONTINUOUS
10
2.1241806692913388
20
0.4499250787401575
11
2.1241363779527558
21
0.4498782677165354
0
LINE
8
BLACK
6
CONTINUOUS
10
2.1241363779527558
20
0.4498782677165354
11
2.1203868503937007
21
0.4480035039370079
0
LINE
8
BLACK
6
CONTINUOUS
10
2.1203868503937007
20
0.4480035039370079
11
2.1194038976377954
21
0.4477111417322834
0
LINE
8
BLACK
6
CONTINUOUS
10
2.1194038976377954
20
0.4477111417322834
11
2.1192322047244092
21
0.447752125984252
0
LINE
8
BLACK
6
CONTINUOUS
10
2.1192322047244092
20
0.447752125984252
11
2.1191037007874014
21
0.4477053543307086
0
LINE
8
BLACK
6
CONTINUOUS
10
2.1191037007874014
20
0.4477053543307086
11
2.1289844094488188
21
0.4335901181102362
0
LINE
8
BLACK
6
CONTINUOUS
10
2.1289844094488188
20
0.4335901181102362
11
2.1294176771653541
21
0.4326606692913386
0
LINE
8
BLACK
6
CONTINUOUS
10
2.1294176771653541
20
0.4326606692913386
11
2.1292413385826769
21
0.4306485826771653
0
LINE
8
BLACK
6
CONTINUOUS
10
2.1292413385826769
20
0.4306485826771653
11
2.1278129133858266
21
0.4292205511811024
0
LINE
8
BLACK
6
CONTINUOUS
10
2.1278129133858266
20
0.4292205511811024
11
2.125800787401575
21
0.4290448031496063
0
LINE
8
BLACK
6
CONTINUOUS
10
2.125800787401575
20
0.4290448031496063
11
2.1241464173228346
21
0.4302035433070866
0
LINE
8
BLACK
6
CONTINUOUS
10
2.1241464173228346
20
0.4302035433070866
11
2.1119046850393701
21
0.4476917716535433
0
LINE
8
BLACK
6
CONTINUOUS
10
2.1119046850393701
20
0.4476917716535433
11
2.1070209842519683
21
0.4476917716535433
0
LINE
8
BLACK
6
CONTINUOUS
10
2.1070209842519683
20
0.4476917716535433
11
2.1070209842519683
21
0.4318968503937008
0
LINE
8
BLACK
6
CONTINUOUS
10
2.1070209842519683
20
0.4318968503937008
11
2.1068429133858269
21
0.4308869291338582
0
LINE
8
BLACK
6
CONTINUOUS
10
2.1068429133858269
20
0.4308869291338582
11
2.1055446062992127
21
0.4293396850393701
0
LINE
8
BLACK
6
CONTINUOUS
10
2.1055446062992127
20
0.4293396850393701
11
2.1035554724409447
21
0.428988937007874
0
LINE
8
BLACK
6
CONTINUOUS
10
2.1035554724409447
20
0.428988937007874
11
2.1018062992125985
21
0.4299988582677165
0
LINE
8
BLACK
6
CONTINUOUS
10
2.1018062992125985
20
0.4299988582677165
11
2.1011154724409447
21
0.4318968503937008
0
LINE
8
BLACK
6
CONTINUOUS
10
2.1011154724409447
20
0.4318968503937008
11
2.1011154724409447
21
0.4712669291338583
0
LINE
8
BLACK
6
CONTINUOUS
10
2.1011154724409447
20
0.4712669291338583
11
2.1011830708661416
21
0.4716504330708661
0
LINE
8
BLACK
6
CONTINUOUS
10
2.1011830708661416
20
0.4716504330708661
11
2.1011603149606297
21
0.4717796850393701
0
LINE
8
BLACK
6
CONTINUOUS
10
2.1011603149606297
20
0.4717796850393701
11
2.1012259055118108
21
0.4718932677165354
0
LINE
8
BLACK
6
CONTINUOUS
10
2.1012259055118108
20
0.4718932677165354
11
2.1012935433070865
21
0.4722768503937008
0
LINE
8
BLACK
6
CONTINUOUS
10
2.1012935433070865
20
0.4722768503937008
11
2.1017866535433072
21
0.4728645275590551
0
LINE
8
BLACK
6
CONTINUOUS
10
2.1017866535433072
20
0.4728645275590551
11
2.1021702362204726
21
0.4735288582677165
0
LINE
8
BLACK
6
CONTINUOUS
10
2.1021702362204726
20
0.4735288582677165
11
2.1024205511811025
21
0.4736199606299212
0
LINE
8
BLACK
6
CONTINUOUS
10
2.1024205511811025
20
0.4736199606299212
11
2.1025918503937007
21
0.473824094488189
0
LINE
8
BLACK
6
CONTINUOUS
10
2.1025918503937007
20
0.473824094488189
11
2.103347401574803
21
0.4739573228346456
0
LINE
8
BLACK
6
CONTINUOUS
10
2.103347401574803
20
0.4739573228346456
11
2.1040682283464567
21
0.4742196850393701
0
LINE
8
BLACK
6
CONTINUOUS
10
2.1040682283464567
20
0.4742196850393701
11
2.1190663385826771
21
0.4742196850393701
0
LINE
8
BLACK
6
CONTINUOUS
10
2.1190663385826771
20
0.4742196850393701
11
2.1200762598425196
21
0.4740416141732283
0
LINE
8
BLACK
6
CONTINUOUS
10
2.1070209842519683
20
0.4535972834645669
11
2.1183692913385825
21
0.4535972834645669
0
LINE
8
BLACK
6
CONTINUOUS
10
2.1183692913385825
20
0.4535972834645669
11
2.1210667716535432
21
0.4549460236220472
0
LINE
8
BLACK
6
CONTINUOUS
10
2.1210667716535432
20
0.4549460236220472
11
2.1222638976377954
21
0.4561431496062992
0
LINE
8
BLACK
6
CONTINUOUS
10
2.1222638976377954
20
0.4561431496062992
11
2.1236126377952758
21
0.4588406299212598
0
LINE
8
BLACK
6
CONTINUOUS
10
2.1236126377952758
20
0.4588406299212598
11
2.1236126377952758
21
0.4630708267716535
0
LINE
8
BLACK
6
CONTINUOUS
10
2.1236126377952758
20
0.4630708267716535
11
2.1222638976377954
21
0.4657683070866142
0
LINE
8
BLACK
6
CONTINUOUS
10
2.1222638976377954
20
0.4657683070866142
11
2.1210667716535432
21
0.4669654330708661
0
LINE
8
BLACK
6
CONTINUOUS
10
2.1210667716535432
20
0.4669654330708661
11
2.1183692913385825
21
0.4683141732283465
0
LINE
8
BLACK
6
CONTINUOUS
10
2.1183692913385825
20
0.4683141732283465
11
2.1070209842519683
21
0.4683141732283465
0
LINE
8
BLACK
6
CONTINUOUS
10
2.1070209842519683
20
0.4683141732283465
11
2.1070209842519683
21
0.4535972834645669
0
LINE
8
BLACK
6
CONTINUOUS
10
2.1860891338582675
20
0.4757382677165354
11
2.1874292125984249
21
0.4742270078740157
0
LINE
8
BLACK
6
CONTINUOUS
10
2.1874292125984249
20
0.4742270078740157
11
2.1874843700787401
21
0.4722079921259842
0
LINE
8
BLACK
6
CONTINUOUS
10
2.1874843700787401
20
0.4722079921259842
11
2.1794060629921259
21
0.4479729921259842
0
LINE
8
BLACK
6
CONTINUOUS
10
2.1794060629921259
20
0.4479729921259842
11
2.1911042125984252
21
0.4479729921259842
0
LINE
8
BLACK
6
CONTINUOUS
10
2.1911042125984252
20
0.4479729921259842
11
2.1911042125984252
21
0.4581435826771653
0
LINE
8
BLACK
6
CONTINUOUS
10
2.1911042125984252
20
0.4581435826771653
11
2.1912822834645667
21
0.4591535039370079
0
LINE
8
BLACK
6
CONTINUOUS
10
2.1912822834645667
20
0.4591535039370079
11
2.1925805905511813
21
0.4607007480314961
0
LINE
8
BLACK
6
CONTINUOUS
10
2.1925805905511813
20
0.4607007480314961
11
2.1945697244094489
21
0.4610514960629921
0
LINE
8
BLACK
6
CONTINUOUS
10
2.1945697244094489
20
0.4610514960629921
11
2.1963188976377954
21
0.4600415748031496
0
LINE
8
BLACK
6
CONTINUOUS
10
2.1963188976377954
20
0.4600415748031496
11
2.1970097244094489
21
0.4581435826771653
0
LINE
8
BLACK
6
CONTINUOUS
10
2.1970097244094489
20
0.4581435826771653
11
2.1970097244094489
21
0.4479729921259842
0
LINE
8
BLACK
6
CONTINUOUS
10
2.1970097244094489
20
0.4479729921259842
11
2.1996812598425195
21
0.4479729921259842
0
LINE
8
BLACK
6
CONTINUOUS
10
2.1996812598425195
20
0.4479729921259842
11
2.2006911811023619
21
0.4477949212598425
0
LINE
8
BLACK
6
CONTINUOUS
10
2.2006911811023619
20
0.4477949212598425
11
2.2022384251968505
21
0.4464966141732283
0
LINE
8
BLACK
6
CONTINUOUS
10
2.2022384251968505
20
0.4464966141732283
11
2.2025891732283465
21
0.4445074803149606
0
LINE
8
BLACK
6
CONTINUOUS
10
2.2025891732283465
20
0.4445074803149606
11
2.201579251968504
21
0.4427583070866142
0
LINE
8
BLACK
6
CONTINUOUS
10
2.201579251968504
20
0.4427583070866142
11
2.1996812598425195
21
0.4420674803149606
0
LINE
8
BLACK
6
CONTINUOUS
10
2.1996812598425195
20
0.4420674803149606
11
2.1970097244094489
21
0.4420674803149606
0
LINE
8
BLACK
6
CONTINUOUS
10
2.1970097244094489
20
0.4420674803149606
11
2.1970097244094489
21
0.4318968503937008
0
LINE
8
BLACK
6
CONTINUOUS
10
2.1970097244094489
20
0.4318968503937008
11
2.196831653543307
21
0.4308869291338582
0
LINE
8
BLACK
6
CONTINUOUS
10
2.196831653543307
20
0.4308869291338582
11
2.1955333464566928
21
0.4293396850393701
0
LINE
8
BLACK
6
CONTINUOUS
10
2.1955333464566928
20
0.4293396850393701
11
2.1935442125984252
21
0.428988937007874
0
LINE
8
BLACK
6
CONTINUOUS
10
2.1935442125984252
20
0.428988937007874
11
2.1917950393700787
21
0.4299988582677165
0
LINE
8
BLACK
6
CONTINUOUS
10
2.1917950393700787
20
0.4299988582677165
11
2.1911042125984252
21
0.4318968503937008
0
LINE
8
BLACK
6
CONTINUOUS
10
2.1911042125984252
20
0.4318968503937008
11
2.1911042125984252
21
0.4420674803149606
0
LINE
8
BLACK
6
CONTINUOUS
10
2.1911042125984252
20
0.4420674803149606
11
2.1753093307086613
21
0.4420674803149606
0
LINE
8
BLACK
6
CONTINUOUS
10
2.1753093307086613
20
0.4420674803149606
11
2.1742994094488188
21
0.4422455511811024
0
LINE
8
BLACK
6
CONTINUOUS
10
2.1742994094488188
20
0.4422455511811024
11
2.174126535433071
21
0.4423905905511811
0
LINE
8
BLACK
6
CONTINUOUS
10
2.174126535433071
20
0.4423905905511811
11
2.1739033070866141
21
0.4424237007874016
0
LINE
8
BLACK
6
CONTINUOUS
10
2.1739033070866141
20
0.4424237007874016
11
2.1733689763779527
21
0.4430262598425197
0
LINE
8
BLACK
6
CONTINUOUS
10
2.1733689763779527
20
0.4430262598425197
11
2.1727521653543307
21
0.4435438582677165
0
LINE
8
BLACK
6
CONTINUOUS
10
2.1727521653543307
20
0.4435438582677165
11
2.1727129527559055
21
0.443766062992126
0
LINE
8
BLACK
6
CONTINUOUS
10
2.1727129527559055
20
0.443766062992126
11
2.1725632677165354
21
0.4439349212598425
0
LINE
8
BLACK
6
CONTINUOUS
10
2.1725632677165354
20
0.4439349212598425
11
2.1725412598425198
21
0.4447398031496063
0
LINE
8
BLACK
6
CONTINUOUS
10
2.1725412598425198
20
0.4447398031496063
11
2.1724014173228348
21
0.4455329921259842
0
LINE
8
BLACK
6
CONTINUOUS
10
2.1724014173228348
20
0.4455329921259842
11
2.1725142519685039
21
0.4457284251968504
0
LINE
8
BLACK
6
CONTINUOUS
10
2.1725142519685039
20
0.4457284251968504
11
2.1725081102362203
21
0.4459539763779528
0
LINE
8
BLACK
6
CONTINUOUS
10
2.1725081102362203
20
0.4459539763779528
11
2.181881929133858
21
0.4740754724409449
0
LINE
8
BLACK
6
CONTINUOUS
10
2.181881929133858
20
0.4740754724409449
11
2.1823701968503935
21
0.4749772440944882
0
LINE
8
BLACK
6
CONTINUOUS
10
2.1823701968503935
20
0.4749772440944882
11
2.184091181102362
21
0.4760345275590551
0
LINE
8
BLACK
6
CONTINUOUS
10
2.184091181102362
20
0.4760345275590551
11
2.1860891338582675
21
0.4757382677165354
0
LINE
8
BLACK
6
CONTINUOUS
10
2.3625984251968504
20
0.5468503937007874
11
2.3639903543307086
21
0.5462738188976378
0
LINE
8
BLACK
6
CONTINUOUS
10
2.3639903543307086
20
0.5462738188976378
11
2.3645669291338582
21
0.5448818897637795
0
LINE
8
BLACK
6
CONTINUOUS
10
2.3645669291338582
20
0.5448818897637795
11
2.3645669291338582
21
0.3547244094488189
0
LINE
8
BLACK
6
CONTINUOUS
10
2.3645669291338582
20
0.3547244094488189
11
2.3639903543307086
21
0.3533324803149606
0
LINE
8
BLACK
6
CONTINUOUS
10
2.3639903543307086
20
0.3533324803149606
11
2.3625984251968504
21
0.352755905511811
0
LINE
8
BLACK
6
CONTINUOUS
10
2.3625984251968504
20
0.352755905511811
11
1.9874015748031495
21
0.352755905511811
0
LINE
8
BLACK
6
CONTINUOUS
10
1.9874015748031495
20
0.352755905511811
11
1.9860096456692913
21
0.3533324803149606
0
LINE
8
BLACK
6
CONTINUOUS
10
1.9860096456692913
20
0.3533324803149606
11
1.9854330708661416
21
0.3547244094488189
0
LINE
8
BLACK
6
CONTINUOUS
10
1.9854330708661416
20
0.3547244094488189
11
1.9854330708661416
21
0.5448818897637795
0
LINE
8
BLACK
6
CONTINUOUS
10
1.9854330708661416
20
0.5448818897637795
11
1.9860096456692913
21
0.5462738188976378
0
LINE
8
BLACK
6
CONTINUOUS
10
1.9860096456692913
20
0.5462738188976378
11
1.9874015748031495
21
0.5468503937007874
0
LINE
8
BLACK
6
CONTINUOUS
10
1.9874015748031495
20
0.5468503937007874
11
2.3625984251968504
21
0.5468503937007874
0
LINE
8
BLACK
6
CONTINUOUS
10
1.9893700787401574
20
0.5429133858267716
11
1.9893700787401574
21
0.3566929133858268
0
LINE
8
BLACK
6
CONTINUOUS
10
1.9893700787401574
20
0.3566929133858268
11
2.3606299212598425
21
0.3566929133858268
0
LINE
8
BLACK
6
CONTINUOUS
10
2.3606299212598425
20
0.3566929133858268
11
2.3606299212598425
21
0.5429133858267716
0
LINE
8
BLACK
6
CONTINUOUS
10
2.3606299212598425
20
0.5429133858267716
11
1.9893700787401574
21
0.5429133858267716
0
LINE
8
BLACK
6
CONTINUOUS
10
0.7061214566929134
20
0.4765155118110236
11
0.7260184645669291
21
0.463853779527559
0
LINE
8
BLACK
6
CONTINUOUS
10
0.7260184645669291
20
0.463853779527559
11
0.7439062598425197
21
0.463853779527559
0
LINE
8
BLACK
6
CONTINUOUS
10
0.7439062598425197
20
0.463853779527559
11
0.7449161811023622
21
0.4636757086614173
0
LINE
8
BLACK
6
CONTINUOUS
10
0.7449161811023622
20
0.4636757086614173
11
0.7464634251968504
21
0.4623774015748031
0
LINE
8
BLACK
6
CONTINUOUS
10
0.7464634251968504
20
0.4623774015748031
11
0.7468141732283464
21
0.4603882677165354
0
LINE
8
BLACK
6
CONTINUOUS
10
0.7468141732283464
20
0.4603882677165354
11
0.745804251968504
21
0.458639094488189
0
LINE
8
BLACK
6
CONTINUOUS
10
0.745804251968504
20
0.458639094488189
11
0.7439062598425197
21
0.4579482677165354
0
LINE
8
BLACK
6
CONTINUOUS
10
0.7439062598425197
20
0.4579482677165354
11
0.7260184645669291
21
0.4579482677165354
0
LINE
8
BLACK
6
CONTINUOUS
10
0.7260184645669291
20
0.4579482677165354
11
0.7061214566929134
21
0.4452865354330708
0
LINE
8
BLACK
6
CONTINUOUS
10
0.7061214566929134
20
0.4452865354330708
11
0.7051738188976377
21
0.4448945669291339
0
LINE
8
BLACK
6
CONTINUOUS
10
0.7051738188976377
20
0.4448945669291339
11
0.7031714173228346
21
0.4451592519685039
0
LINE
8
BLACK
6
CONTINUOUS
10
0.7031714173228346
20
0.4451592519685039
11
0.7018075984251968
21
0.446649094488189
0
LINE
8
BLACK
6
CONTINUOUS
10
0.7018075984251968
20
0.446649094488189
11
0.7017205511811023
21
0.4486670078740158
0
LINE
8
BLACK
6
CONTINUOUS
10
0.7017205511811023
20
0.4486670078740158
11
0.7029509055118111
21
0.4502688188976378
0
LINE
8
BLACK
6
CONTINUOUS
10
0.7029509055118111
20
0.4502688188976378
11
0.7196586614173228
21
0.4609010236220472
0
LINE
8
BLACK
6
CONTINUOUS
10
0.7196586614173228
20
0.4609010236220472
11
0.7029509055118111
21
0.4715332283464567
0
LINE
8
BLACK
6
CONTINUOUS
10
0.7029509055118111
20
0.4715332283464567
11
0.7021944881889763
21
0.4722256692913386
0
LINE
8
BLACK
6
CONTINUOUS
10
0.7021944881889763
20
0.4722256692913386
11
0.7015861811023621
21
0.4741516929133858
0
LINE
8
BLACK
6
CONTINUOUS
10
0.7015861811023621
20
0.4741516929133858
11
0.7023581889763779
21
0.4760181496062992
0
LINE
8
BLACK
6
CONTINUOUS
10
0.7023581889763779
20
0.4760181496062992
11
0.7041492913385826
21
0.4769516535433071
0
LINE
8
BLACK
6
CONTINUOUS
10
0.7041492913385826
20
0.4769516535433071
11
0.7061214566929134
21
0.4765155118110236
0
LINE
8
BLACK
6
CONTINUOUS
10
0.7422445669291339
20
0.5117328740157481
11
0.7441193700787402
21
0.5098581102362204
0
LINE
8
BLACK
6
CONTINUOUS
10
0.7441193700787402
20
0.5098581102362204
11
0.7447075984251968
21
0.5090180708661417
0
LINE
8
BLACK
6
CONTINUOUS
10
0.7447075984251968
20
0.5090180708661417
11
0.7447229527559055
21
0.5088421259842519
0
LINE
8
BLACK
6
CONTINUOUS
10
0.7447229527559055
20
0.5088421259842519
11
0.744832716535433
21
0.5087038976377952
0
LINE
8
BLACK
6
CONTINUOUS
10
0.744832716535433
20
0.5087038976377952
11
0.7467074803149606
21
0.5030796456692913
0
LINE
8
BLACK
6
CONTINUOUS
10
0.7467074803149606
20
0.5030796456692913
11
0.746836968503937
21
0.5022063779527559
0
LINE
8
BLACK
6
CONTINUOUS
10
0.746836968503937
20
0.5022063779527559
11
0.7468590157480315
21
0.5021458661417323
0
LINE
8
BLACK
6
CONTINUOUS
10
0.7468590157480315
20
0.5021458661417323
11
0.7468590157480315
21
0.4983963385826772
0
LINE
8
BLACK
6
CONTINUOUS
10
0.7468590157480315
20
0.4983963385826772
11
0.7467057086614173
21
0.4975269291338583
0
LINE
8
BLACK
6
CONTINUOUS
10
0.7467057086614173
20
0.4975269291338583
11
0.7467074803149606
21
0.4974625590551181
0
LINE
8
BLACK
6
CONTINUOUS
10
0.7467074803149606
20
0.4974625590551181
11
0.744832716535433
21
0.4918383070866141
0
LINE
8
BLACK
6
CONTINUOUS
10
0.744832716535433
20
0.4918383070866141
11
0.7443444094488189
21
0.4909365354330709
0
LINE
8
BLACK
6
CONTINUOUS
10
0.7443444094488189
20
0.4909365354330709
11
0.7441940157480315
21
0.4908441338582677
0
LINE
8
BLACK
6
CONTINUOUS
10
0.7441940157480315
20
0.4908441338582677
11
0.7441194094488189
21
0.4906841338582677
0
LINE
8
BLACK
6
CONTINUOUS
10
0.7441194094488189
20
0.4906841338582677
11
0.7403698425196851
21
0.4869346062992126
0
LINE
8
BLACK
6
CONTINUOUS
10
0.7403698425196851
20
0.4869346062992126
11
0.7396466535433071
21
0.486428188976378
0
LINE
8
BLACK
6
CONTINUOUS
10
0.7396466535433071
20
0.486428188976378
11
0.7396024409448819
21
0.4863814960629921
0
LINE
8
BLACK
6
CONTINUOUS
10
0.7396024409448819
20
0.4863814960629921
11
0.7358529133858267
21
0.4845067322834646
0
LINE
8
BLACK
6
CONTINUOUS
10
0.7358529133858267
20
0.4845067322834646
11
0.7353644488188976
21
0.4843614173228346
0
LINE
8
BLACK
6
CONTINUOUS
10
0.7353644488188976
20
0.4843614173228346
11
0.7352485433070866
21
0.4842831496062992
0
LINE
8
BLACK
6
CONTINUOUS
10
0.7352485433070866
20
0.4842831496062992
11
0.7277494881889763
21
0.4824083858267716
0
LINE
8
BLACK
6
CONTINUOUS
10
0.7277494881889763
20
0.4824083858267716
11
0.7271615748031496
21
0.4823668897637795
0
LINE
8
BLACK
6
CONTINUOUS
10
0.7271615748031496
20
0.4823668897637795
11
0.7270333464566929
21
0.4823202362204724
0
LINE
8
BLACK
6
CONTINUOUS
10
0.7270333464566929
20
0.4823202362204724
11
0.7214090551181103
21
0.4823202362204724
0
LINE
8
BLACK
6
CONTINUOUS
10
0.7214090551181103
20
0.4823202362204724
11
0.7208286614173228
21
0.4824225590551181
0
LINE
8
BLACK
6
CONTINUOUS
10
0.7208286614173228
20
0.4824225590551181
11
0.7206929133858267
21
0.4824083858267716
0
LINE
8
BLACK
6
CONTINUOUS
10
0.7206929133858267
20
0.4824083858267716
11
0.7131938582677165
21
0.4842831496062992
0
LINE
8
BLACK
6
CONTINUOUS
10
0.7131938582677165
20
0.4842831496062992
11
0.7127283858267717
21
0.4844907086614173
0
LINE
8
BLACK
6
CONTINUOUS
10
0.7127283858267717
20
0.4844907086614173
11
0.7125894881889764
21
0.4845067322834646
0
LINE
8
BLACK
6
CONTINUOUS
10
0.7125894881889764
20
0.4845067322834646
11
0.7088399606299213
21
0.4863814960629921
0
LINE
8
BLACK
6
CONTINUOUS
10
0.7088399606299213
20
0.4863814960629921
11
0.7081308661417323
21
0.4869074015748031
0
LINE
8
BLACK
6
CONTINUOUS
10
0.7081308661417323
20
0.4869074015748031
11
0.7080725590551181
21
0.4869346062992126
0
LINE
8
BLACK
6
CONTINUOUS
10
0.7080725590551181
20
0.4869346062992126
11
0.704323031496063
21
0.4906841338582677
0
LINE
8
BLACK
6
CONTINUOUS
10
0.704323031496063
20
0.4906841338582677
11
0.703734842519685
21
0.4915241732283465
0
LINE
8
BLACK
6
CONTINUOUS
10
0.703734842519685
20
0.4915241732283465
11
0.7037194488188976
21
0.4917
0
LINE
8
BLACK
6
CONTINUOUS
10
0.7037194488188976
20
0.4917
11
0.7036097244094488
21
0.4918383070866141
0
LINE
8
BLACK
6
CONTINUOUS
10
0.7036097244094488
20
0.4918383070866141
11
0.7017349606299212
21
0.4974625984251969
0
LINE
8
BLACK
6
CONTINUOUS
10
0.7017349606299212
20
0.4974625984251969
11
0.7016054724409448
21
0.4983357480314961
0
LINE
8
BLACK
6
CONTINUOUS
10
0.7016054724409448
20
0.4983357480314961
11
0.7015834251968504
21
0.4983963385826772
0
LINE
8
BLACK
6
CONTINUOUS
10
0.7015834251968504
20
0.4983963385826772
11
0.7015834251968504
21
0.5021458661417323
0
LINE
8
BLACK
6
CONTINUOUS
10
0.7015834251968504
20
0.5021458661417323
11
0.7017366929133858
21
0.5030152362204724
0
LINE
8
BLACK
6
CONTINUOUS
10
0.7017366929133858
20
0.5030152362204724
11
0.7017349606299212
21
0.5030796062992126
0
LINE
8
BLACK
6
CONTINUOUS
10
0.7017349606299212
20
0.5030796062992126
11
0.7036097244094488
21
0.5087038976377952
0
LINE
8
BLACK
6
CONTINUOUS
10
0.7036097244094488
20
0.5087038976377952
11
0.7040979921259842
21
0.5096056692913385
0
LINE
8
BLACK
6
CONTINUOUS
10
0.7040979921259842
20
0.5096056692913385
11
0.7042484251968504
21
0.5096980708661417
0
LINE
8
BLACK
6
CONTINUOUS
10
0.7042484251968504
20
0.5096980708661417
11
0.704323031496063
21
0.5098580708661418
0
LINE
8
BLACK
6
CONTINUOUS
10
0.704323031496063
20
0.5098580708661418
11
0.7061977952755906
21
0.5117328346456693
0
LINE
8
BLACK
6
CONTINUOUS
10
0.7061977952755906
20
0.5117328346456693
11
0.7070378346456693
21
0.5123210236220472
0
LINE
8
BLACK
6
CONTINUOUS
10
0.7070378346456693
20
0.5123210236220472
11
0.7090499212598425
21
0.5124970472440945
0
LINE
8
BLACK
6
CONTINUOUS
10
0.7090499212598425
20
0.5124970472440945
11
0.7107044881889764
21
0.5113385433070866
0
LINE
8
BLACK
6
CONTINUOUS
10
0.7107044881889764
20
0.5113385433070866
11
0.7112272047244095
21
0.5093875590551181
0
LINE
8
BLACK
6
CONTINUOUS
10
0.7112272047244095
20
0.5093875590551181
11
0.7103736220472441
21
0.5075570078740157
0
LINE
8
BLACK
6
CONTINUOUS
10
0.7103736220472441
20
0.5075570078740157
11
0.7089917322834646
21
0.5061751181102362
0
LINE
8
BLACK
6
CONTINUOUS
10
0.7089917322834646
20
0.5061751181102362
11
0.707488937007874
21
0.5016666929133858
0
LINE
8
BLACK
6
CONTINUOUS
10
0.707488937007874
20
0.5016666929133858
11
0.707488937007874
21
0.4988754724409449
0
LINE
8
BLACK
6
CONTINUOUS
10
0.707488937007874
20
0.4988754724409449
11
0.7089917322834646
21
0.4943670472440945
0
LINE
8
BLACK
6
CONTINUOUS
10
0.7089917322834646
20
0.4943670472440945
11
0.7119095669291339
21
0.4914492519685039
0
LINE
8
BLACK
6
CONTINUOUS
10
0.7119095669291339
20
0.4914492519685039
11
0.7149405511811023
21
0.4899337401574803
0
LINE
8
BLACK
6
CONTINUOUS
10
0.7149405511811023
20
0.4899337401574803
11
0.7217725984251968
21
0.488225748031496
0
LINE
8
BLACK
6
CONTINUOUS
10
0.7217725984251968
20
0.488225748031496
11
0.7266698031496063
21
0.488225748031496
0
LINE
8
BLACK
6
CONTINUOUS
10
0.7266698031496063
20
0.488225748031496
11
0.7335018503937007
21
0.4899337401574803
0
LINE
8
BLACK
6
CONTINUOUS
10
0.7335018503937007
20
0.4899337401574803
11
0.7365328346456693
21
0.4914492519685039
0
LINE
8
BLACK
6
CONTINUOUS
10
0.7365328346456693
20
0.4914492519685039
11
0.7394507086614173
21
0.4943670866141732
0
LINE
8
BLACK
6
CONTINUOUS
10
0.7394507086614173
20
0.4943670866141732
11
0.7409535039370079
21
0.4988754724409449
0
LINE
8
BLACK
6
CONTINUOUS
10
0.7409535039370079
20
0.4988754724409449
11
0.7409535039370079
21
0.5016667322834646
0
LINE
8
BLACK
6
CONTINUOUS
10
0.7409535039370079
20
0.5016667322834646
11
0.7394507086614173
21
0.5061750787401574
0
LINE
8
BLACK
6
CONTINUOUS
10
0.7394507086614173
20
0.5061750787401574
11
0.7380688188976378
21
0.5075569685039369
0
LINE
8
BLACK
6
CONTINUOUS
10
0.7380688188976378
20
0.5075569685039369
11
0.7374805905511811
21
0.5083970078740158
0
LINE
8
BLACK
6
CONTINUOUS
10
0.7374805905511811
20
0.5083970078740158
11
0.7373045275590551
21
0.5104091338582677
0
LINE
8
BLACK
6
CONTINUOUS
10
0.7373045275590551
20
0.5104091338582677
11
0.738463031496063
21
0.5120637007874016
0
LINE
8
BLACK
6
CONTINUOUS
10
0.738463031496063
20
0.5120637007874016
11
0.7404140157480315
21
0.5125864173228346
0
LINE
8
BLACK
6
CONTINUOUS
10
0.7404140157480315
20
0.5125864173228346
11
0.7422445669291339
21
0.5117328740157481
0
LINE
8
BLACK
6
CONTINUOUS
10
0.7311700393700787
20
0.5584120866141732
11
0.7318608661417323
21
0.556514094488189
0
LINE
8
BLACK
6
CONTINUOUS
10
0.7318608661417323
20
0.556514094488189
11
0.7318608661417323
21
0.5265178346456693
0
LINE
8
BLACK
6
CONTINUOUS
10
0.7318608661417323
20
0.5265178346456693
11
0.7316827952755905
21
0.5255079133858268
0
LINE
8
BLACK
6
CONTINUOUS
10
0.7316827952755905
20
0.5255079133858268
11
0.7303844881889764
21
0.5239606692913386
0
LINE
8
BLACK
6
CONTINUOUS
10
0.7303844881889764
20
0.5239606692913386
11
0.7283953543307087
21
0.5236099212598425
0
LINE
8
BLACK
6
CONTINUOUS
10
0.7283953543307087
20
0.5236099212598425
11
0.7266461811023622
21
0.5246198425196851
0
LINE
8
BLACK
6
CONTINUOUS
10
0.7266461811023622
20
0.5246198425196851
11
0.7259553543307087
21
0.5265178346456693
0
LINE
8
BLACK
6
CONTINUOUS
10
0.7259553543307087
20
0.5265178346456693
11
0.7259553543307087
21
0.556514094488189
0
LINE
8
BLACK
6
CONTINUOUS
10
0.7259553543307087
20
0.556514094488189
11
0.7261334251968504
21
0.5575240157480315
0
LINE
8
BLACK
6
CONTINUOUS
10
0.7261334251968504
20
0.5575240157480315
11
0.7274317322834646
21
0.5590712598425197
0
LINE
8
BLACK
6
CONTINUOUS
10
0.7274317322834646
20
0.5590712598425197
11
0.7294208661417323
21
0.5594220078740157
0
LINE
8
BLACK
6
CONTINUOUS
10
0.7294208661417323
20
0.5594220078740157
11
0.7311700393700787
21
0.5584120866141732
0
LINE
8
BLACK
6
CONTINUOUS
10
0.7374170866141732
20
0.5986588188976378
11
0.7375523228346457
21
0.5985453149606299
0
LINE
8
BLACK
6
CONTINUOUS
10
0.7375523228346457
20
0.5985453149606299
11
0.7377276771653544
21
0.598525157480315
0
LINE
8
BLACK
6
CONTINUOUS
10
0.7377276771653544
20
0.598525157480315
11
0.7414772047244095
21
0.5966503937007874
0
LINE
8
BLACK
6
CONTINUOUS
10
0.7414772047244095
20
0.5966503937007874
11
0.7421861811023622
21
0.5961245275590551
0
LINE
8
BLACK
6
CONTINUOUS
10
0.7421861811023622
20
0.5961245275590551
11
0.7422445669291339
21
0.5960973228346457
0
LINE
8
BLACK
6
CONTINUOUS
10
0.7422445669291339
20
0.5960973228346457
11
0.7441193700787402
21
0.5942225590551181
0
LINE
8
BLACK
6
CONTINUOUS
10
0.7441193700787402
20
0.5942225590551181
11
0.7446257480314961
21
0.5934993700787401
0
LINE
8
BLACK
6
CONTINUOUS
10
0.7446257480314961
20
0.5934993700787401
11
0.7446725196850393
21
0.5934551181102362
0
LINE
8
BLACK
6
CONTINUOUS
10
0.7446725196850393
20
0.5934551181102362
11
0.7465472834645669
21
0.5897055905511811
0
LINE
8
BLACK
6
CONTINUOUS
10
0.7465472834645669
20
0.5897055905511811
11
0.7468396456692913
21
0.5887226771653543
0
LINE
8
BLACK
6
CONTINUOUS
10
0.7468396456692913
20
0.5887226771653543
11
0.7467986220472441
21
0.5885509448818897
0
LINE
8
BLACK
6
CONTINUOUS
10
0.7467986220472441
20
0.5885509448818897
11
0.7468590157480315
21
0.5883850787401574
0
LINE
8
BLACK
6
CONTINUOUS
10
0.7468590157480315
20
0.5883850787401574
11
0.7468590157480315
21
0.5808860236220472
0
LINE
8
BLACK
6
CONTINUOUS
10
0.7468590157480315
20
0.5808860236220472
11
0.7466809448818897
21
0.5798761023622047
0
LINE
8
BLACK
6
CONTINUOUS
10
0.7466809448818897
20
0.5798761023622047
11
0.7465674409448819
21
0.5797408267716535
0
LINE
8
BLACK
6
CONTINUOUS
10
0.7465674409448819
20
0.5797408267716535
11
0.7465472834645669
21
0.5795655118110236
0
LINE
8
BLACK
6
CONTINUOUS
10
0.7465472834645669
20
0.5795655118110236
11
0.7446725196850393
21
0.5758159842519684
0
LINE
8
BLACK
6
CONTINUOUS
10
0.7446725196850393
20
0.5758159842519684
11
0.7441465354330709
21
0.5751068503937008
0
LINE
8
BLACK
6
CONTINUOUS
10
0.7441465354330709
20
0.5751068503937008
11
0.7441193700787402
21
0.5750485433070865
0
LINE
8
BLACK
6
CONTINUOUS
10
0.7441193700787402
20
0.5750485433070865
11
0.7422445669291339
21
0.573173779527559
0
LINE
8
BLACK
6
CONTINUOUS
10
0.7422445669291339
20
0.573173779527559
11
0.7415214960629921
21
0.5726674803149606
0
LINE
8
BLACK
6
CONTINUOUS
10
0.7415214960629921
20
0.5726674803149606
11
0.7414772047244095
21
0.5726207086614173
0
LINE
8
BLACK
6
CONTINUOUS
10
0.7414772047244095
20
0.5726207086614173
11
0.7377276771653544
21
0.5707459448818898
0
LINE
8
BLACK
6
CONTINUOUS
10
0.7377276771653544
20
0.5707459448818898
11
0.7367447244094488
21
0.5704535826771654
0
LINE
8
BLACK
6
CONTINUOUS
10
0.7367447244094488
20
0.5704535826771654
11
0.736573031496063
21
0.5704945669291338
0
LINE
8
BLACK
6
CONTINUOUS
10
0.736573031496063
20
0.5704945669291338
11
0.7364071653543307
21
0.5704342125984252
0
LINE
8
BLACK
6
CONTINUOUS
10
0.7364071653543307
20
0.5704342125984252
11
0.7214090551181103
21
0.5704342125984252
0
LINE
8
BLACK
6
CONTINUOUS
10
0.7214090551181103
20
0.5704342125984252
11
0.7208286614173228
21
0.5705365354330708
0
LINE
8
BLACK
6
CONTINUOUS
10
0.7208286614173228
20
0.5705365354330708
11
0.7206929133858267
21
0.5705223622047244
0
LINE
8
BLACK
6
CONTINUOUS
10
0.7206929133858267
20
0.5705223622047244
11
0.7131938582677165
21
0.572397125984252
0
LINE
8
BLACK
6
CONTINUOUS
10
0.7131938582677165
20
0.572397125984252
11
0.7122886220472441
21
0.5728008267716536
0
LINE
8
BLACK
6
CONTINUOUS
10
0.7122886220472441
20
0.5728008267716536
11
0.7122721259842519
21
0.5728048818897638
0
LINE
8
BLACK
6
CONTINUOUS
10
0.7122721259842519
20
0.5728048818897638
11
0.7066477952755905
21
0.5765544094488189
0
LINE
8
BLACK
6
CONTINUOUS
10
0.7066477952755905
20
0.5765544094488189
11
0.7063224409448818
21
0.5768651968503937
0
LINE
8
BLACK
6
CONTINUOUS
10
0.7063224409448818
20
0.5768651968503937
11
0.7061977952755906
21
0.5769233464566929
0
LINE
8
BLACK
6
CONTINUOUS
10
0.7061977952755906
20
0.5769233464566929
11
0.704323031496063
21
0.5787981102362204
0
LINE
8
BLACK
6
CONTINUOUS
10
0.704323031496063
20
0.5787981102362204
11
0.7038167322834645
21
0.5795211811023622
0
LINE
8
BLACK
6
CONTINUOUS
10
0.7038167322834645
20
0.5795211811023622
11
0.7037699212598425
21
0.5795655118110236
0
LINE
8
BLACK
6
CONTINUOUS
10
0.7037699212598425
20
0.5795655118110236
11
0.7018951574803149
21
0.5833150393700788
0
LINE
8
BLACK
6
CONTINUOUS
10
0.7018951574803149
20
0.5833150393700788
11
0.7016027952755906
21
0.5842979921259842
0
LINE
8
BLACK
6
CONTINUOUS
10
0.7016027952755906
20
0.5842979921259842
11
0.7016437795275591
21
0.5844696456692913
0
LINE
8
BLACK
6
CONTINUOUS
10
0.7016437795275591
20
0.5844696456692913
11
0.7015834251968504
21
0.5846355511811023
0
LINE
8
BLACK
6
CONTINUOUS
10
0.7015834251968504
20
0.5846355511811023
11
0.7015834251968504
21
0.5921346062992126
0
LINE
8
BLACK
6
CONTINUOUS
10
0.7015834251968504
20
0.5921346062992126
11
0.7017614960629921
21
0.5931445275590551
0
LINE
8
BLACK
6
CONTINUOUS
10
0.7017614960629921
20
0.5931445275590551
11
0.7030598031496063
21
0.5946917716535433
0
LINE
8
BLACK
6
CONTINUOUS
10
0.7030598031496063
20
0.5946917716535433
11
0.705048937007874
21
0.5950425196850394
0
LINE
8
BLACK
6
CONTINUOUS
10
0.705048937007874
20
0.5950425196850394
11
0.7067981102362204
21
0.5940325984251968
0
LINE
8
BLACK
6
CONTINUOUS
10
0.7067981102362204
20
0.5940325984251968
11
0.707488937007874
21
0.5921346062992126
0
LINE
8
BLACK
6
CONTINUOUS
10
0.707488937007874
20
0.5921346062992126
11
0.707488937007874
21
0.5853325984251968
0
LINE
8
BLACK
6
CONTINUOUS
10
0.707488937007874
20
0.5853325984251968
11
0.7088376771653543
21
0.5826351181102362
0
LINE
8
BLACK
6
CONTINUOUS
10
0.7088376771653543
20
0.5826351181102362
11
0.710166811023622
21
0.5813059842519684
0
LINE
8
BLACK
6
CONTINUOUS
10
0.710166811023622
20
0.5813059842519684
11
0.7151223622047244
21
0.5780022834645669
0
LINE
8
BLACK
6
CONTINUOUS
10
0.7151223622047244
20
0.5780022834645669
11
0.7180395275590551
21
0.5772729921259843
0
LINE
8
BLACK
6
CONTINUOUS
10
0.7180395275590551
20
0.5772729921259843
11
0.7168932677165354
21
0.5795655118110236
0
LINE
8
BLACK
6
CONTINUOUS
10
0.7168932677165354
20
0.5795655118110236
11
0.716600905511811
21
0.5805484645669291
0
LINE
8
BLACK
6
CONTINUOUS
10
0.716600905511811
20
0.5805484645669291
11
0.7166418897637795
21
0.5807201181102362
0
LINE
8
BLACK
6
CONTINUOUS
10
0.7166418897637795
20
0.5807201181102362
11
0.7165815354330709
21
0.5808860236220472
0
LINE
8
BLACK
6
CONTINUOUS
10
0.7165815354330709
20
0.5808860236220472
11
0.7165815354330709
21
0.5883850787401574
0
LINE
8
BLACK
6
CONTINUOUS
10
0.7165815354330709
20
0.5883850787401574
11
0.7167596062992125
21
0.589395
0
LINE
8
BLACK
6
CONTINUOUS
10
0.7167596062992125
20
0.589395
11
0.7168730708661417
21
0.5895302362204724
0
LINE
8
BLACK
6
CONTINUOUS
10
0.7168730708661417
20
0.5895302362204724
11
0.7168932677165354
21
0.5897055905511811
0
LINE
8
BLACK
6
CONTINUOUS
10
0.7168932677165354
20
0.5897055905511811
11
0.7187680314960629
21
0.5934551181102362
0
LINE
8
BLACK
6
CONTINUOUS
10
0.7187680314960629
20
0.5934551181102362
11
0.719293937007874
21
0.5941641732283465
0
LINE
8
BLACK
6
CONTINUOUS
10
0.719293937007874
20
0.5941641732283465
11
0.7193211417322835
21
0.5942225196850394
0
LINE
8
BLACK
6
CONTINUOUS
10
0.7193211417322835
20
0.5942225196850394
11
0.721195905511811
21
0.5960972834645669
0
LINE
8
BLACK
6
CONTINUOUS
10
0.721195905511811
20
0.5960972834645669
11
0.7219189763779528
21
0.5966035433070866
0
LINE
8
BLACK
6
CONTINUOUS
10
0.7219189763779528
20
0.5966035433070866
11
0.7219633070866142
21
0.5966503937007874
0
LINE
8
BLACK
6
CONTINUOUS
10
0.7219633070866142
20
0.5966503937007874
11
0.7257128346456693
21
0.598525157480315
0
LINE
8
BLACK
6
CONTINUOUS
10
0.7257128346456693
20
0.598525157480315
11
0.7266957480314961
21
0.5988175196850394
0
LINE
8
BLACK
6
CONTINUOUS
10
0.7266957480314961
20
0.5988175196850394
11
0.7268674409448819
21
0.5987764960629921
0
LINE
8
BLACK
6
CONTINUOUS
10
0.7268674409448819
20
0.5987764960629921
11
0.7270333464566929
21
0.5988368897637795
0
LINE
8
BLACK
6
CONTINUOUS
10
0.7270333464566929
20
0.5988368897637795
11
0.7364071653543307
21
0.5988368897637795
0
LINE
8
BLACK
6
CONTINUOUS
10
0.7364071653543307
20
0.5988368897637795
11
0.7374170866141732
21
0.5986588188976378
0
LINE
8
BLACK
6
CONTINUOUS
10
0.7250329133858268
20
0.5915826377952755
11
0.7238357874015748
21
0.5903855118110236
0
LINE
8
BLACK
6
CONTINUOUS
10
0.7238357874015748
20
0.5903855118110236
11
0.7224870472440945
21
0.587688031496063
0
LINE
8
BLACK
6
CONTINUOUS
10
0.7224870472440945
20
0.587688031496063
11
0.7224870472440945
21
0.5815830708661417
0
LINE
8
BLACK
6
CONTINUOUS
10
0.7224870472440945
20
0.5815830708661417
11
0.7238357874015748
21
0.5788855905511811
0
LINE
8
BLACK
6
CONTINUOUS
10
0.7238357874015748
20
0.5788855905511811
11
0.7250329133858268
21
0.5776884645669291
0
LINE
8
BLACK
6
CONTINUOUS
10
0.7250329133858268
20
0.5776884645669291
11
0.7277303937007874
21
0.5763397244094488
0
LINE
8
BLACK
6
CONTINUOUS
10
0.7277303937007874
20
0.5763397244094488
11
0.7357101181102362
21
0.5763397244094488
0
LINE
8
BLACK
6
CONTINUOUS
10
0.7357101181102362
20
0.5763397244094488
11
0.7384075984251969
21
0.5776884645669291
0
LINE
8
BLACK
6
CONTINUOUS
10
0.7384075984251969
20
0.5776884645669291
11
0.7396047637795276
21
0.5788855905511811
0
LINE
8
BLACK
6
CONTINUOUS
10
0.7396047637795276
20
0.5788855905511811
11
0.7409535039370079
21
0.5815830708661417
0
LINE
8
BLACK
6
CONTINUOUS
10
0.7409535039370079
20
0.5815830708661417
11
0.7409535039370079
21
0.587688031496063
0
LINE
8
BLACK
6
CONTINUOUS
10
0.7409535039370079
20
0.587688031496063
11
0.7396047637795276
21
0.5903854724409449
0
LINE
8
BLACK
6
CONTINUOUS
10
0.7396047637795276
20
0.5903854724409449
11
0.7384075984251969
21
0.5915825984251968
0
LINE
8
BLACK
6
CONTINUOUS
10
0.7384075984251969
20
0.5915825984251968
11
0.7357101181102362
21
0.5929313779527559
0
LINE
8
BLACK
6
CONTINUOUS
10
0.7357101181102362
20
0.5929313779527559
11
0.7277303937007874
21
0.5929313779527559
0
LINE
8
BLACK
6
CONTINUOUS
10
0.7277303937007874
20
0.5929313779527559
11
0.7250329133858268
21
0.5915826377952755
0
LINE
8
BLACK
6
CONTINUOUS
10
0.7294884645669291
20
0.6362298425196851
11
0.7296242519685039
21
0.6362440551181102
0
LINE
8
BLACK
6
CONTINUOUS
10
0.7296242519685039
20
0.6362440551181102
11
0.7371233070866141
21
0.6343692913385827
0
LINE
8
BLACK
6
CONTINUOUS
10
0.7371233070866141
20
0.6343692913385827
11
0.7375887401574803
21
0.6341616929133859
0
LINE
8
BLACK
6
CONTINUOUS
10
0.7375887401574803
20
0.6341616929133859
11
0.7377276771653544
21
0.6341457086614173
0
LINE
8
BLACK
6
CONTINUOUS
10
0.7377276771653544
20
0.6341457086614173
11
0.7414772047244095
21
0.6322709448818897
0
LINE
8
BLACK
6
CONTINUOUS
10
0.7414772047244095
20
0.6322709448818897
11
0.7421861811023622
21
0.6317450787401575
0
LINE
8
BLACK
6
CONTINUOUS
10
0.7421861811023622
20
0.6317450787401575
11
0.7422445669291339
21
0.631717874015748
0
LINE
8
BLACK
6
CONTINUOUS
10
0.7422445669291339
20
0.631717874015748
11
0.7441193700787402
21
0.6298431102362204
0
LINE
8
BLACK
6
CONTINUOUS
10
0.7441193700787402
20
0.6298431102362204
11
0.7446257480314961
21
0.6291199212598425
0
LINE
8
BLACK
6
CONTINUOUS
10
0.7446257480314961
20
0.6291199212598425
11
0.7446725196850393
21
0.6290756692913385
0
LINE
8
BLACK
6
CONTINUOUS
10
0.7446725196850393
20
0.6290756692913385
11
0.7465472834645669
21
0.6253261417322834
0
LINE
8
BLACK
6
CONTINUOUS
10
0.7465472834645669
20
0.6253261417322834
11
0.7468396456692913
21
0.6243432283464567
0
LINE
8
BLACK
6
CONTINUOUS
10
0.7468396456692913
20
0.6243432283464567
11
0.7467986220472441
21
0.6241714960629922
0
LINE
8
BLACK
6
CONTINUOUS
10
0.7467986220472441
20
0.6241714960629922
11
0.7468590157480315
21
0.6240056299212599
0
LINE
8
BLACK
6
CONTINUOUS
10
0.7468590157480315
20
0.6240056299212599
11
0.7468590157480315
21
0.6202561023622047
0
LINE
8
BLACK
6
CONTINUOUS
10
0.7468590157480315
20
0.6202561023622047
11
0.7466809448818897
21
0.6192461811023622
0
LINE
8
BLACK
6
CONTINUOUS
10
0.7466809448818897
20
0.6192461811023622
11
0.7465674409448819
21
0.619110905511811
0
LINE
8
BLACK
6
CONTINUOUS
10
0.7465674409448819
20
0.619110905511811
11
0.7465472834645669
21
0.6189355905511811
0
LINE
8
BLACK
6
CONTINUOUS
10
0.7465472834645669
20
0.6189355905511811
11
0.7446725196850393
21
0.615186062992126
0
LINE
8
BLACK
6
CONTINUOUS
10
0.7446725196850393
20
0.615186062992126
11
0.7441465354330709
21
0.6144769291338582
0
LINE
8
BLACK
6
CONTINUOUS
10
0.7441465354330709
20
0.6144769291338582
11
0.7441193700787402
21
0.6144186220472441
0
LINE
8
BLACK
6
CONTINUOUS
10
0.7441193700787402
20
0.6144186220472441
11
0.7422445669291339
21
0.6125438582677165
0
LINE
8
BLACK
6
CONTINUOUS
10
0.7422445669291339
20
0.6125438582677165
11
0.7415214960629921
21
0.6120375590551181
0
LINE
8
BLACK
6
CONTINUOUS
10
0.7415214960629921
20
0.6120375590551181
11
0.7414772047244095
21
0.6119907874015748
0
LINE
8
BLACK
6
CONTINUOUS
10
0.7414772047244095
20
0.6119907874015748
11
0.7377276771653544
21
0.6101160236220472
0
LINE
8
BLACK
6
CONTINUOUS
10
0.7377276771653544
20
0.6101160236220472
11
0.7372392125984252
21
0.6099707086614173
0
LINE
8
BLACK
6
CONTINUOUS
10
0.7372392125984252
20
0.6099707086614173
11
0.7371233070866141
21
0.6098924409448819
0
LINE
8
BLACK
6
CONTINUOUS
10
0.7371233070866141
20
0.6098924409448819
11
0.7296242519685039
21
0.6080176771653543
0
LINE
8
BLACK
6
CONTINUOUS
10
0.7296242519685039
20
0.6080176771653543
11
0.7290363385826771
21
0.6079761811023622
0
LINE
8
BLACK
6
CONTINUOUS
10
0.7290363385826771
20
0.6079761811023622
11
0.7289081102362205
21
0.607929527559055
0
LINE
8
BLACK
6
CONTINUOUS
10
0.7289081102362205
20
0.607929527559055
11
0.7195342913385827
21
0.607929527559055
0
LINE
8
BLACK
6
CONTINUOUS
10
0.7195342913385827
20
0.607929527559055
11
0.7189538976377953
21
0.6080318503937008
0
LINE
8
BLACK
6
CONTINUOUS
10
0.7189538976377953
20
0.6080318503937008
11
0.7188181496062992
21
0.6080176771653543
0
LINE
8
BLACK
6
CONTINUOUS
10
0.7188181496062992
20
0.6080176771653543
11
0.711319094488189
21
0.6098924409448819
0
LINE
8
BLACK
6
CONTINUOUS
10
0.711319094488189
20
0.6098924409448819
11
0.7108536220472441
21
0.6101
0
LINE
8
BLACK
6
CONTINUOUS
10
0.7108536220472441
20
0.6101
11
0.7107147244094488
21
0.6101160236220472
0
LINE
8
BLACK
6
CONTINUOUS
10
0.7107147244094488
20
0.6101160236220472
11
0.7069651968503937
21
0.6119907874015748
0
LINE
8
BLACK
6
CONTINUOUS
10
0.7069651968503937
20
0.6119907874015748
11
0.7062561023622047
21
0.6125166535433071
0
LINE
8
BLACK
6
CONTINUOUS
10
0.7062561023622047
20
0.6125166535433071
11
0.7061977952755906
21
0.6125438976377953
0
LINE
8
BLACK
6
CONTINUOUS
10
0.7061977952755906
20
0.6125438976377953
11
0.704323031496063
21
0.6144186614173228
0
LINE
8
BLACK
6
CONTINUOUS
10
0.704323031496063
20
0.6144186614173228
11
0.7038167322834645
21
0.6151417322834646
0
LINE
8
BLACK
6
CONTINUOUS
10
0.7038167322834645
20
0.6151417322834646
11
0.7037699212598425
21
0.615186062992126
0
LINE
8
BLACK
6
CONTINUOUS
10
0.7037699212598425
20
0.615186062992126
11
0.7018951574803149
21
0.6189355905511811
0
LINE
8
BLACK
6
CONTINUOUS
10
0.7018951574803149
20
0.6189355905511811
11
0.7016027952755906
21
0.6199185433070866
0
LINE
8
BLACK
6
CONTINUOUS
10
0.7016027952755906
20
0.6199185433070866
11
0.7016437795275591
21
0.6200901968503937
0
LINE
8
BLACK
6
CONTINUOUS
10
0.7016437795275591
20
0.6200901968503937
11
0.7015834251968504
21
0.6202561023622047
0
LINE
8
BLACK
6
CONTINUOUS
10
0.7015834251968504
20
0.6202561023622047
11
0.7015834251968504
21
0.6240056299212599
0
LINE
8
BLACK
6
CONTINUOUS
10
0.7015834251968504
20
0.6240056299212599
11
0.7017614960629921
21
0.6250155511811023
0
LINE
8
BLACK
6
CONTINUOUS
10
0.7017614960629921
20
0.6250155511811023
11
0.7018749606299213
21
0.6251507874015748
0
LINE
8
BLACK
6
CONTINUOUS
10
0.7018749606299213
20
0.6251507874015748
11
0.7018951574803149
21
0.6253261417322834
0
LINE
8
BLACK
6
CONTINUOUS
10
0.7018951574803149
20
0.6253261417322834
11
0.7037699212598425
21
0.6290756692913385
0
LINE
8
BLACK
6
CONTINUOUS
10
0.7037699212598425
20
0.6290756692913385
11
0.7042958267716535
21
0.6297847244094488
0
LINE
8
BLACK
6
CONTINUOUS
10
0.7042958267716535
20
0.6297847244094488
11
0.704323031496063
21
0.6298430708661417
0
LINE
8
BLACK
6
CONTINUOUS
10
0.704323031496063
20
0.6298430708661417
11
0.7061977952755906
21
0.6317178346456693
0
LINE
8
BLACK
6
CONTINUOUS
10
0.7061977952755906
20
0.6317178346456693
11
0.7069208661417322
21
0.6322240944881889
0
LINE
8
BLACK
6
CONTINUOUS
10
0.7069208661417322
20
0.6322240944881889
11
0.7069651968503937
21
0.6322709448818897
0
LINE
8
BLACK
6
CONTINUOUS
10
0.7069651968503937
20
0.6322709448818897
11
0.7107147244094488
21
0.6341457086614173
0
LINE
8
BLACK
6
CONTINUOUS
10
0.7107147244094488
20
0.6341457086614173
11
0.7112031496062992
21
0.6342909842519685
0
LINE
8
BLACK
6
CONTINUOUS
10
0.7112031496062992
20
0.6342909842519685
11
0.711319094488189
21
0.6343692913385827
0
LINE
8
BLACK
6
CONTINUOUS
10
0.711319094488189
20
0.6343692913385827
11
0.7188181496062992
21
0.6362440551181102
0
LINE
8
BLACK
6
CONTINUOUS
10
0.7188181496062992
20
0.6362440551181102
11
0.7194060236220472
21
0.6362855118110237
0
LINE
8
BLACK
6
CONTINUOUS
10
0.7194060236220472
20
0.6362855118110237
11
0.7195342913385827
21
0.6363322047244094
0
LINE
8
BLACK
6
CONTINUOUS
10
0.7195342913385827
20
0.6363322047244094
11
0.7289081102362205
21
0.6363322047244094
0
LINE
8
BLACK
6
CONTINUOUS
10
0.7289081102362205
20
0.6363322047244094
11
0.7294884645669291
21
0.6362298425196851
0
LINE
8
BLACK
6
CONTINUOUS
10
0.7130657874015748
20
0.6287186614173228
11
0.7100348031496063
21
0.6272031889763779
0
LINE
8
BLACK
6
CONTINUOUS
10
0.7100348031496063
20
0.6272031889763779
11
0.7088376771653543
21
0.626006062992126
0
LINE
8
BLACK
6
CONTINUOUS
10
0.7088376771653543
20
0.626006062992126
11
0.707488937007874
21
0.6233085826771654
0
LINE
8
BLACK
6
CONTINUOUS
10
0.707488937007874
20
0.6233085826771654
11
0.707488937007874
21
0.6209531496062992
0
LINE
8
BLACK
6
CONTINUOUS
10
0.707488937007874
20
0.6209531496062992
11
0.7088376771653543
21
0.6182556692913386
0
LINE
8
BLACK
6
CONTINUOUS
10
0.7088376771653543
20
0.6182556692913386
11
0.7100348031496063
21
0.6170585433070866
0
LINE
8
BLACK
6
CONTINUOUS
10
0.7100348031496063
20
0.6170585433070866
11
0.7130657874015748
21
0.6155430314960629
0
LINE
8
BLACK
6
CONTINUOUS
10
0.7130657874015748
20
0.6155430314960629
11
0.7198978346456693
21
0.6138350393700788
0
LINE
8
BLACK
6
CONTINUOUS
10
0.7198978346456693
20
0.6138350393700788
11
0.7285445669291338
21
0.6138350393700788
0
LINE
8
BLACK
6
CONTINUOUS
10
0.7285445669291338
20
0.6138350393700788
11
0.7353766141732283
21
0.6155430314960629
0
LINE
8
BLACK
6
CONTINUOUS
10
0.7353766141732283
20
0.6155430314960629
11
0.7384075984251969
21
0.6170585433070866
0
LINE
8
BLACK
6
CONTINUOUS
10
0.7384075984251969
20
0.6170585433070866
11
0.7396047637795276
21
0.6182556692913386
0
LINE
8
BLACK
6
CONTINUOUS
10
0.7396047637795276
20
0.6182556692913386
11
0.7409535039370079
21
0.6209531496062992
0
LINE
8
BLACK
6
CONTINUOUS
10
0.7409535039370079
20
0.6209531496062992
11
0.7409535039370079
21
0.6233085826771654
0
LINE
8
BLACK
6
CONTINUOUS
10
0.7409535039370079
20
0.6233085826771654
11
0.7396047637795276
21
0.6260060236220473
0
LINE
8
BLACK
6
CONTINUOUS
10
0.7396047637795276
20
0.6260060236220473
11
0.7384075984251969
21
0.6272031496062992
0
LINE
8
BLACK
6
CONTINUOUS
10
0.7384075984251969
20
0.6272031496062992
11
0.7353766141732283
21
0.6287186614173228
0
LINE
8
BLACK
6
CONTINUOUS
10
0.7353766141732283
20
0.6287186614173228
11
0.7285445669291338
21
0.6304266929133858
0
LINE
8
BLACK
6
CONTINUOUS
10
0.7285445669291338
20
0.6304266929133858
11
0.7198978346456693
21
0.6304266929133858
0
LINE
8
BLACK
6
CONTINUOUS
10
0.7198978346456693
20
0.6304266929133858
11
0.7130657874015748
21
0.6287186614173228
0
LINE
8
BLACK
6
CONTINUOUS
10
0.7294884645669291
20
0.6737251574803149
11
0.7296242519685039
21
0.6737393700787402
0
LINE
8
BLACK
6
CONTINUOUS
10
0.7296242519685039
20
0.6737393700787402
11
0.7371233070866141
21
0.6718646062992126
0
LINE
8
BLACK
6
CONTINUOUS
10
0.7371233070866141
20
0.6718646062992126
11
0.7375887401574803
21
0.6716570078740157
0
LINE
8
BLACK
6
CONTINUOUS
10
0.7375887401574803
20
0.6716570078740157
11
0.7377276771653544
21
0.6716410236220473
0
LINE
8
BLACK
6
CONTINUOUS
10
0.7377276771653544
20
0.6716410236220473
11
0.7414772047244095
21
0.6697662598425197
0
LINE
8
BLACK
6
CONTINUOUS
10
0.7414772047244095
20
0.6697662598425197
11
0.7421861811023622
21
0.6692403937007874
0
LINE
8
BLACK
6
CONTINUOUS
10
0.7421861811023622
20
0.6692403937007874
11
0.7422445669291339
21
0.6692131889763779
0
LINE
8
BLACK
6
CONTINUOUS
10
0.7422445669291339
20
0.6692131889763779
11
0.7441193700787402
21
0.6673384251968504
0
LINE
8
BLACK
6
CONTINUOUS
10
0.7441193700787402
20
0.6673384251968504
11
0.7446257480314961
21
0.6666152362204725
0
LINE
8
BLACK
6
CONTINUOUS
10
0.7446257480314961
20
0.6666152362204725
11
0.7446725196850393
21
0.6665709842519685
0
LINE
8
BLACK
6
CONTINUOUS
10
0.7446725196850393
20
0.6665709842519685
11
0.7465472834645669
21
0.6628214566929134
0
LINE
8
BLACK
6
CONTINUOUS
10
0.7465472834645669
20
0.6628214566929134
11
0.7468396456692913
21
0.6618385433070866
0
LINE
8
BLACK
6
CONTINUOUS
10
0.7468396456692913
20
0.6618385433070866
11
0.7467986220472441
21
0.661666811023622
0
LINE
8
BLACK
6
CONTINUOUS
10
0.7467986220472441
20
0.661666811023622
11
0.7468590157480315
21
0.6615009448818897
0
LINE
8
BLACK
6
CONTINUOUS
10
0.7468590157480315
20
0.6615009448818897
11
0.7468590157480315
21
0.6577514173228346
0
LINE
8
BLACK
6
CONTINUOUS
10
0.7468590157480315
20
0.6577514173228346
11
0.7466809448818897
21
0.6567414960629921
0
LINE
8
BLACK
6
CONTINUOUS
10
0.7466809448818897
20
0.6567414960629921
11
0.7465674409448819
21
0.6566062204724409
0
LINE
8
BLACK
6
CONTINUOUS
10
0.7465674409448819
20
0.6566062204724409
11
0.7465472834645669
21
0.656430905511811
0
LINE
8
BLACK
6
CONTINUOUS
10
0.7465472834645669
20
0.656430905511811
11
0.7446725196850393
21
0.6526813779527559
0
LINE
8
BLACK
6
CONTINUOUS
10
0.7446725196850393
20
0.6526813779527559
11
0.7441465354330709
21
0.6519722440944882
0
LINE
8
BLACK
6
CONTINUOUS
10
0.7441465354330709
20
0.6519722440944882
11
0.7441193700787402
21
0.651913937007874
0
LINE
8
BLACK
6
CONTINUOUS
10
0.7441193700787402
20
0.651913937007874
11
0.7422445669291339
21
0.6500391732283465
0
LINE
8
BLACK
6
CONTINUOUS
10
0.7422445669291339
20
0.6500391732283465
11
0.7415214960629921
21
0.649532874015748
0
LINE
8
BLACK
6
CONTINUOUS
10
0.7415214960629921
20
0.649532874015748
11
0.7414772047244095
21
0.6494861023622047
0
LINE
8
BLACK
6
CONTINUOUS
10
0.7414772047244095
20
0.6494861023622047
11
0.7377276771653544
21
0.6476113385826772
0
LINE
8
BLACK
6
CONTINUOUS
10
0.7377276771653544
20
0.6476113385826772
11
0.7372392125984252
21
0.6474660236220472
0
LINE
8
BLACK
6
CONTINUOUS
10
0.7372392125984252
20
0.6474660236220472
11
0.7371233070866141
21
0.6473877559055118
0
LINE
8
BLACK
6
CONTINUOUS
10
0.7371233070866141
20
0.6473877559055118
11
0.7296242519685039
21
0.6455129921259842
0
LINE
8
BLACK
6
CONTINUOUS
10
0.7296242519685039
20
0.6455129921259842
11
0.7290363385826771
21
0.6454714960629921
0
LINE
8
BLACK
6
CONTINUOUS
10
0.7290363385826771
20
0.6454714960629921
11
0.7289081102362205
21
0.645424842519685
0
LINE
8
BLACK
6
CONTINUOUS
10
0.7289081102362205
20
0.645424842519685
11
0.7195342913385827
21
0.645424842519685
0
LINE
8
BLACK
6
CONTINUOUS
10
0.7195342913385827
20
0.645424842519685
11
0.7189538976377953
21
0.6455271653543307
0
LINE
8
BLACK
6
CONTINUOUS
10
0.7189538976377953
20
0.6455271653543307
11
0.7188181496062992
21
0.6455129921259842
0
LINE
8
BLACK
6
CONTINUOUS
10
0.7188181496062992
20
0.6455129921259842
11
0.711319094488189
21
0.6473877559055118
0
LINE
8
BLACK
6
CONTINUOUS
10
0.711319094488189
20
0.6473877559055118
11
0.7108536220472441
21
0.6475953149606299
0
LINE
8
BLACK
6
CONTINUOUS
10
0.7108536220472441
20
0.6475953149606299
11
0.7107147244094488
21
0.6476113385826772
0
LINE
8
BLACK
6
CONTINUOUS
10
0.7107147244094488
20
0.6476113385826772
11
0.7069651968503937
21
0.6494861023622047
0
LINE
8
BLACK
6
CONTINUOUS
10
0.7069651968503937
20
0.6494861023622047
11
0.7062561023622047
21
0.6500119685039369
0
LINE
8
BLACK
6
CONTINUOUS
10
0.7062561023622047
20
0.6500119685039369
11
0.7061977952755906
21
0.6500392125984252
0
LINE
8
BLACK
6
CONTINUOUS
10
0.7061977952755906
20
0.6500392125984252
11
0.704323031496063
21
0.6519139763779528
0
LINE
8
BLACK
6
CONTINUOUS
10
0.704323031496063
20
0.6519139763779528
11
0.7038167322834645
21
0.6526370472440944
0
LINE
8
BLACK
6
CONTINUOUS
10
0.7038167322834645
20
0.6526370472440944
11
0.7037699212598425
21
0.6526813779527559
0
LINE
8
BLACK
6
CONTINUOUS
10
0.7037699212598425
20
0.6526813779527559
11
0.7018951574803149
21
0.656430905511811
0
LINE
8
BLACK
6
CONTINUOUS
10
0.7018951574803149
20
0.656430905511811
11
0.7016027952755906
21
0.6574138582677165
0
LINE
8
BLACK
6
CONTINUOUS
10
0.7016027952755906
20
0.6574138582677165
11
0.7016437795275591
21
0.6575855118110236
0
LINE
8
BLACK
6
CONTINUOUS
10
0.7016437795275591
20
0.6575855118110236
11
0.7015834251968504
21
0.6577514173228346
0
LINE
8
BLACK
6
CONTINUOUS
10
0.7015834251968504
20
0.6577514173228346
11
0.7015834251968504
21
0.6615009448818897
0
LINE
8
BLACK
6
CONTINUOUS
10
0.7015834251968504
20
0.6615009448818897
11
0.7017614960629921
21
0.6625108661417323
0
LINE
8
BLACK
6
CONTINUOUS
10
0.7017614960629921
20
0.6625108661417323
11
0.7018749606299213
21
0.6626461023622047
0
LINE
8
BLACK
6
CONTINUOUS
10
0.7018749606299213
20
0.6626461023622047
11
0.7018951574803149
21
0.6628214566929134
0
LINE
8
BLACK
6
CONTINUOUS
10
0.7018951574803149
20
0.6628214566929134
11
0.7037699212598425
21
0.6665709842519685
0
LINE
8
BLACK
6
CONTINUOUS
10
0.7037699212598425
20
0.6665709842519685
11
0.7042958267716535
21
0.6672800393700787
0
LINE
8
BLACK
6
CONTINUOUS
10
0.7042958267716535
20
0.6672800393700787
11
0.704323031496063
21
0.6673383858267716
0
LINE
8
BLACK
6
CONTINUOUS
10
0.704323031496063
20
0.6673383858267716
11
0.7061977952755906
21
0.6692131496062992
0
LINE
8
BLACK
6
CONTINUOUS
10
0.7061977952755906
20
0.6692131496062992
11
0.7069208661417322
21
0.6697194094488189
0
LINE
8
BLACK
6
CONTINUOUS
10
0.7069208661417322
20
0.6697194094488189
11
0.7069651968503937
21
0.6697662598425197
0
LINE
8
BLACK
6
CONTINUOUS
10
0.7069651968503937
20
0.6697662598425197
11
0.7107147244094488
21
0.6716410236220473
0
LINE
8
BLACK
6
CONTINUOUS
10
0.7107147244094488
20
0.6716410236220473
11
0.7112031496062992
21
0.6717862992125984
0
LINE
8
BLACK
6
CONTINUOUS
10
0.7112031496062992
20
0.6717862992125984
11
0.711319094488189
21
0.6718646062992126
0
LINE
8
BLACK
6
CONTINUOUS
10
0.711319094488189
20
0.6718646062992126
11
0.7188181496062992
21
0.6737393700787402
0
LINE
8
BLACK
6
CONTINUOUS
10
0.7188181496062992
20
0.6737393700787402
11
0.7194060236220472
21
0.6737808267716535
0
LINE
8
BLACK
6
CONTINUOUS
10
0.7194060236220472
20
0.6737808267716535
11
0.7195342913385827
21
0.6738275196850394
0
LINE
8
BLACK
6
CONTINUOUS
10
0.7195342913385827
20
0.6738275196850394
11
0.7289081102362205
21
0.6738275196850394
0
LINE
8
BLACK
6
CONTINUOUS
10
0.7289081102362205
20
0.6738275196850394
11
0.7294884645669291
21
0.6737251574803149
0
LINE
8
BLACK
6
CONTINUOUS
10
0.7130657874015748
20
0.6662139763779528
11
0.7100348031496063
21
0.6646985039370079
0
LINE
8
BLACK
6
CONTINUOUS
10
0.7100348031496063
20
0.6646985039370079
11
0.7088376771653543
21
0.6635013779527559
0
LINE
8
BLACK
6
CONTINUOUS
10
0.7088376771653543
20
0.6635013779527559
11
0.707488937007874
21
0.6608038976377952
0
LINE
8
BLACK
6
CONTINUOUS
10
0.707488937007874
20
0.6608038976377952
11
0.707488937007874
21
0.6584484645669291
0
LINE
8
BLACK
6
CONTINUOUS
10
0.707488937007874
20
0.6584484645669291
11
0.7088376771653543
21
0.6557509842519685
0
LINE
8
BLACK
6
CONTINUOUS
10
0.7088376771653543
20
0.6557509842519685
11
0.7100348031496063
21
0.6545538582677165
0
LINE
8
BLACK
6
CONTINUOUS
10
0.7100348031496063
20
0.6545538582677165
11
0.7130657874015748
21
0.6530383464566929
0
LINE
8
BLACK
6
CONTINUOUS
10
0.7130657874015748
20
0.6530383464566929
11
0.7198978346456693
21
0.6513303543307086
0
LINE
8
BLACK
6
CONTINUOUS
10
0.7198978346456693
20
0.6513303543307086
11
0.7285445669291338
21
0.6513303543307086
0
LINE
8
BLACK
6
CONTINUOUS
10
0.7285445669291338
20
0.6513303543307086
11
0.7353766141732283
21
0.6530383464566929
0
LINE
8
BLACK
6
CONTINUOUS
10
0.7353766141732283
20
0.6530383464566929
11
0.7384075984251969
21
0.6545538582677165
0
LINE
8
BLACK
6
CONTINUOUS
10
0.7384075984251969
20
0.6545538582677165
11
0.7396047637795276
21
0.6557509842519685
0
LINE
8
BLACK
6
CONTINUOUS
10
0.7396047637795276
20
0.6557509842519685
11
0.7409535039370079
21
0.6584484645669291
0
LINE
8
BLACK
6
CONTINUOUS
10
0.7409535039370079
20
0.6584484645669291
11
0.7409535039370079
21
0.6608038976377952
0
LINE
8
BLACK
6
CONTINUOUS
10
0.7409535039370079
20
0.6608038976377952
11
0.7396047637795276
21
0.6635013385826771
0
LINE
8
BLACK
6
CONTINUOUS
10
0.7396047637795276
20
0.6635013385826771
11
0.7384075984251969
21
0.6646984645669292
0
LINE
8
BLACK
6
CONTINUOUS
10
0.7384075984251969
20
0.6646984645669292
11
0.7353766141732283
21
0.6662139763779528
0
LINE
8
BLACK
6
CONTINUOUS
10
0.7353766141732283
20
0.6662139763779528
11
0.7285445669291338
21
0.6679220078740157
0
LINE
8
BLACK
6
CONTINUOUS
10
0.7285445669291338
20
0.6679220078740157
11
0.7198978346456693
21
0.6679220078740157
0
LINE
8
BLACK
6
CONTINUOUS
10
0.7198978346456693
20
0.6679220078740157
11
0.7130657874015748
21
0.6662139763779528
0
LINE
8
BLACK
6
CONTINUOUS
10
0.7374170866141732
20
0.7111447637795275
11
0.7375523228346457
21
0.7110312598425197
0
LINE
8
BLACK
6
CONTINUOUS
10
0.7375523228346457
20
0.7110312598425197
11
0.7377276771653544
21
0.7110111023622047
0
LINE
8
BLACK
6
CONTINUOUS
10
0.7377276771653544
20
0.7110111023622047
11
0.7414772047244095
21
0.7091363385826771
0
LINE
8
BLACK
6
CONTINUOUS
10
0.7414772047244095
20
0.7091363385826771
11
0.7421861811023622
21
0.7086104724409449
0
LINE
8
BLACK
6
CONTINUOUS
10
0.7421861811023622
20
0.7086104724409449
11
0.7422445669291339
21
0.7085832677165355
0
LINE
8
BLACK
6
CONTINUOUS
10
0.7422445669291339
20
0.7085832677165355
11
0.7441193700787402
21
0.7067085039370079
0
LINE
8
BLACK
6
CONTINUOUS
10
0.7441193700787402
20
0.7067085039370079
11
0.7446257480314961
21
0.7059853149606299
0
LINE
8
BLACK
6
CONTINUOUS
10
0.7446257480314961
20
0.7059853149606299
11
0.7446725196850393
21
0.705941062992126
0
LINE
8
BLACK
6
CONTINUOUS
10
0.7446725196850393
20
0.705941062992126
11
0.7465472834645669
21
0.7021915354330709
0
LINE
8
BLACK
6
CONTINUOUS
10
0.7465472834645669
20
0.7021915354330709
11
0.7468396456692913
21
0.7012086220472441
0
LINE
8
BLACK
6
CONTINUOUS
10
0.7468396456692913
20
0.7012086220472441
11
0.7467986220472441
21
0.7010368897637795
0
LINE
8
BLACK
6
CONTINUOUS
10
0.7467986220472441
20
0.7010368897637795
11
0.7468590157480315
21
0.7008710236220472
0
LINE
8
BLACK
6
CONTINUOUS
10
0.7468590157480315
20
0.7008710236220472
11
0.7468590157480315
21
0.6896224409448819
0
LINE
8
BLACK
6
CONTINUOUS
10
0.7468590157480315
20
0.6896224409448819
11
0.7466809448818897
21
0.6886125196850393
0
LINE
8
BLACK
6
CONTINUOUS
10
0.7466809448818897
20
0.6886125196850393
11
0.7465674409448819
21
0.6884772440944882
0
LINE
8
BLACK
6
CONTINUOUS
10
0.7465674409448819
20
0.6884772440944882
11
0.7465472834645669
21
0.6883019291338582
0
LINE
8
BLACK
6
CONTINUOUS
10
0.7465472834645669
20
0.6883019291338582
11
0.7446725196850393
21
0.6845524015748031
0
LINE
8
BLACK
6
CONTINUOUS
10
0.7446725196850393
20
0.6845524015748031
11
0.7441465354330709
21
0.6838432677165354
0
LINE
8
BLACK
6
CONTINUOUS
10
0.7441465354330709
20
0.6838432677165354
11
0.7441193700787402
21
0.6837849606299212
0
LINE
8
BLACK
6
CONTINUOUS
10
0.7441193700787402
20
0.6837849606299212
11
0.7422445669291339
21
0.6819101968503937
0
LINE
8
BLACK
6
CONTINUOUS
10
0.7422445669291339
20
0.6819101968503937
11
0.7414045275590551
21
0.6813220078740158
0
LINE
8
BLACK
6
CONTINUOUS
10
0.7414045275590551
20
0.6813220078740158
11
0.7393924409448819
21
0.6811460236220472
0
LINE
8
BLACK
6
CONTINUOUS
10
0.7393924409448819
20
0.6811460236220472
11
0.7377379133858267
21
0.6823045275590551
0
LINE
8
BLACK
6
CONTINUOUS
10
0.7377379133858267
20
0.6823045275590551
11
0.7372151968503937
21
0.6842555118110236
0
LINE
8
BLACK
6
CONTINUOUS
10
0.7372151968503937
20
0.6842555118110236
11
0.7380688188976378
21
0.6860861023622047
0
LINE
8
BLACK
6
CONTINUOUS
10
0.7380688188976378
20
0.6860861023622047
11
0.7396047637795276
21
0.6876220078740157
0
LINE
8
BLACK
6
CONTINUOUS
10
0.7396047637795276
20
0.6876220078740157
11
0.7409535039370079
21
0.6903194881889764
0
LINE
8
BLACK
6
CONTINUOUS
10
0.7409535039370079
20
0.6903194881889764
11
0.7409535039370079
21
0.7001739763779528
0
LINE
8
BLACK
6
CONTINUOUS
10
0.7409535039370079
20
0.7001739763779528
11
0.7396047637795276
21
0.7028714173228346
0
LINE
8
BLACK
6
CONTINUOUS
10
0.7396047637795276
20
0.7028714173228346
11
0.7384075984251969
21
0.7040685433070866
0
LINE
8
BLACK
6
CONTINUOUS
10
0.7384075984251969
20
0.7040685433070866
11
0.7357101181102362
21
0.7054173228346456
0
LINE
8
BLACK
6
CONTINUOUS
10
0.7357101181102362
20
0.7054173228346456
11
0.7277303937007874
21
0.7054173228346456
0
LINE
8
BLACK
6
CONTINUOUS
10
0.7277303937007874
20
0.7054173228346456
11
0.7250329133858268
21
0.7040685826771653
0
LINE
8
BLACK
6
CONTINUOUS
10
0.7250329133858268
20
0.7040685826771653
11
0.7238357874015748
21
0.7028714566929134
0
LINE
8
BLACK
6
CONTINUOUS
10
0.7238357874015748
20
0.7028714566929134
11
0.7224870472440945
21
0.7001739763779528
0
LINE
8
BLACK
6
CONTINUOUS
10
0.7224870472440945
20
0.7001739763779528
11
0.7224870472440945
21
0.6952467322834646
0
LINE
8
BLACK
6
CONTINUOUS
10
0.7224870472440945
20
0.6952467322834646
11
0.7224099212598425
21
0.6948093700787401
0
LINE
8
BLACK
6
CONTINUOUS
10
0.7224099212598425
20
0.6948093700787401
11
0.7224309448818897
21
0.6946738976377953
0
LINE
8
BLACK
6
CONTINUOUS
10
0.7224309448818897
20
0.6946738976377953
11
0.7223675590551181
21
0.6945692125984252
0
LINE
8
BLACK
6
CONTINUOUS
10
0.7223675590551181
20
0.6945692125984252
11
0.7223089763779528
21
0.694236811023622
0
LINE
8
BLACK
6
CONTINUOUS
10
0.7223089763779528
20
0.694236811023622
11
0.721797283464567
21
0.6936270078740158
0
LINE
8
BLACK
6
CONTINUOUS
10
0.721797283464567
20
0.6936270078740158
11
0.7213850787401574
21
0.6929459842519685
0
LINE
8
BLACK
6
CONTINUOUS
10
0.7213850787401574
20
0.6929459842519685
11
0.7211620472440945
21
0.69287
0
LINE
8
BLACK
6
CONTINUOUS
10
0.7211620472440945
20
0.69287
11
0.7210106692913386
21
0.6926895669291339
0
LINE
8
BLACK
6
CONTINUOUS
10
0.7210106692913386
20
0.6926895669291339
11
0.7202266929133858
21
0.6925512992125984
0
LINE
8
BLACK
6
CONTINUOUS
10
0.7202266929133858
20
0.6925512992125984
11
0.7194731889763779
21
0.6922946062992126
0
LINE
8
BLACK
6
CONTINUOUS
10
0.7194731889763779
20
0.6922946062992126
11
0.7192535433070866
21
0.6923797244094488
0
LINE
8
BLACK
6
CONTINUOUS
10
0.7192535433070866
20
0.6923797244094488
11
0.7190215354330709
21
0.6923388188976378
0
LINE
8
BLACK
6
CONTINUOUS
10
0.7190215354330709
20
0.6923388188976378
11
0.7183320472440945
21
0.6927368897637796
0
LINE
8
BLACK
6
CONTINUOUS
10
0.7183320472440945
20
0.6927368897637796
11
0.7175898818897638
21
0.6930245669291338
0
LINE
8
BLACK
6
CONTINUOUS
10
0.7175898818897638
20
0.6930245669291338
11
0.707488937007874
21
0.701862874015748
0
LINE
8
BLACK
6
CONTINUOUS
10
0.707488937007874
20
0.701862874015748
11
0.707488937007874
21
0.6839981496062992
0
LINE
8
BLACK
6
CONTINUOUS
10
0.707488937007874
20
0.6839981496062992
11
0.7073108661417322
21
0.6829882283464567
0
LINE
8
BLACK
6
CONTINUOUS
10
0.7073108661417322
20
0.6829882283464567
11
0.7060125590551181
21
0.6814409842519685
0
LINE
8
BLACK
6
CONTINUOUS
10
0.7060125590551181
20
0.6814409842519685
11
0.7040234251968503
21
0.6810902362204724
0
LINE
8
BLACK
6
CONTINUOUS
10
0.7040234251968503
20
0.6810902362204724
11
0.7022742519685039
21
0.6821001574803149
0
LINE
8
BLACK
6
CONTINUOUS
10
0.7022742519685039
20
0.6821001574803149
11
0.7015834251968504
21
0.6839981496062992
0
LINE
8
BLACK
6
CONTINUOUS
10
0.7015834251968504
20
0.6839981496062992
11
0.7015834251968504
21
0.7083700787401574
0
LINE
8
BLACK
6
CONTINUOUS
10
0.7015834251968504
20
0.7083700787401574
11
0.7016605118110236
21
0.7088074015748032
0
LINE
8
BLACK
6
CONTINUOUS
10
0.7016605118110236
20
0.7088074015748032
11
0.7016395275590551
21
0.7089429133858267
0
LINE
8
BLACK
6
CONTINUOUS
10
0.7016395275590551
20
0.7089429133858267
11
0.701702874015748
21
0.7090475590551181
0
LINE
8
BLACK
6
CONTINUOUS
10
0.701702874015748
20
0.7090475590551181
11
0.7017614960629921
21
0.70938
0
LINE
8
BLACK
6
CONTINUOUS
10
0.7017614960629921
20
0.70938
11
0.7022731496062992
21
0.7099897637795275
0
LINE
8
BLACK
6
CONTINUOUS
10
0.7022731496062992
20
0.7099897637795275
11
0.7026853937007874
21
0.7106708267716535
0
LINE
8
BLACK
6
CONTINUOUS
10
0.7026853937007874
20
0.7106708267716535
11
0.7029083858267716
21
0.7107467716535433
0
LINE
8
BLACK
6
CONTINUOUS
10
0.7029083858267716
20
0.7107467716535433
11
0.7030598031496063
21
0.7109272440944882
0
LINE
8
BLACK
6
CONTINUOUS
10
0.7030598031496063
20
0.7109272440944882
11
0.7038437401574803
21
0.7110654724409449
0
LINE
8
BLACK
6
CONTINUOUS
10
0.7038437401574803
20
0.7110654724409449
11
0.704597283464567
21
0.7113222047244094
0
LINE
8
BLACK
6
CONTINUOUS
10
0.704597283464567
20
0.7113222047244094
11
0.7048168897637795
21
0.7112370472440944
0
LINE
8
BLACK
6
CONTINUOUS
10
0.7048168897637795
20
0.7112370472440944
11
0.705048937007874
21
0.7112779921259842
0
LINE
8
BLACK
6
CONTINUOUS
10
0.705048937007874
20
0.7112779921259842
11
0.7057383858267716
21
0.7108798818897638
0
LINE
8
BLACK
6
CONTINUOUS
10
0.7057383858267716
20
0.7108798818897638
11
0.7064805905511811
21
0.7105922440944882
0
LINE
8
BLACK
6
CONTINUOUS
10
0.7064805905511811
20
0.7105922440944882
11
0.7167163779527559
21
0.701635905511811
0
LINE
8
BLACK
6
CONTINUOUS
10
0.7167163779527559
20
0.701635905511811
11
0.7167596062992125
21
0.7018809448818898
0
LINE
8
BLACK
6
CONTINUOUS
10
0.7167596062992125
20
0.7018809448818898
11
0.7168730708661417
21
0.7020161811023622
0
LINE
8
BLACK
6
CONTINUOUS
10
0.7168730708661417
20
0.7020161811023622
11
0.7168932677165354
21
0.7021915354330709
0
LINE
8
BLACK
6
CONTINUOUS
10
0.7168932677165354
20
0.7021915354330709
11
0.7187680314960629
21
0.705941062992126
0
LINE
8
BLACK
6
CONTINUOUS
10
0.7187680314960629
20
0.705941062992126
11
0.719293937007874
21
0.7066501181102363
0
LINE
8
BLACK
6
CONTINUOUS
10
0.719293937007874
20
0.7066501181102363
11
0.7193211417322835
21
0.7067084645669292
0
LINE
8
BLACK
6
CONTINUOUS
10
0.7193211417322835
20
0.7067084645669292
11
0.721195905511811
21
0.7085832283464567
0
LINE
8
BLACK
6
CONTINUOUS
10
0.721195905511811
20
0.7085832283464567
11
0.7219189763779528
21
0.7090894881889763
0
LINE
8
BLACK
6
CONTINUOUS
10
0.7219189763779528
20
0.7090894881889763
11
0.7219633070866142
21
0.7091363385826771
0
LINE
8
BLACK
6
CONTINUOUS
10
0.7219633070866142
20
0.7091363385826771
11
0.7257128346456693
21
0.7110111023622047
0
LINE
8
BLACK
6
CONTINUOUS
10
0.7257128346456693
20
0.7110111023622047
11
0.7266957480314961
21
0.7113034645669292
0
LINE
8
BLACK
6
CONTINUOUS
10
0.7266957480314961
20
0.7113034645669292
11
0.7268674409448819
21
0.7112624409448819
0
LINE
8
BLACK
6
CONTINUOUS
10
0.7268674409448819
20
0.7112624409448819
11
0.7270333464566929
21
0.7113228346456693
0
LINE
8
BLACK
6
CONTINUOUS
10
0.7270333464566929
20
0.7113228346456693
11
0.7364071653543307
21
0.7113228346456693
0
LINE
8
BLACK
6
CONTINUOUS
10
0.7364071653543307
20
0.7113228346456693
11
0.7374170866141732
21
0.7111447637795275
0
LINE
8
BLACK
6
CONTINUOUS
10
0.7374170866141732
20
0.7486400787401575
11
0.7375523228346457
21
0.7485265748031495
0
LINE
8
BLACK
6
CONTINUOUS
10
0.7375523228346457
20
0.7485265748031495
11
0.7377276771653544
21
0.7485064173228346
0
LINE
8
BLACK
6
CONTINUOUS
10
0.7377276771653544
20
0.7485064173228346
11
0.7414772047244095
21
0.7466316535433071
0
LINE
8
BLACK
6
CONTINUOUS
10
0.7414772047244095
20
0.7466316535433071
11
0.7421861811023622
21
0.7461057874015747
0
LINE
8
BLACK
6
CONTINUOUS
10
0.7421861811023622
20
0.7461057874015747
11
0.7422445669291339
21
0.7460785826771653
0
LINE
8
BLACK
6
CONTINUOUS
10
0.7422445669291339
20
0.7460785826771653
11
0.7441193700787402
21
0.7442038188976378
0
LINE
8
BLACK
6
CONTINUOUS
10
0.7441193700787402
20
0.7442038188976378
11
0.7446257480314961
21
0.7434806299212599
0
LINE
8
BLACK
6
CONTINUOUS
10
0.7446257480314961
20
0.7434806299212599
11
0.7446725196850393
21
0.7434363779527559
0
LINE
8
BLACK
6
CONTINUOUS
10
0.7446725196850393
20
0.7434363779527559
11
0.7465472834645669
21
0.7396868503937007
0
LINE
8
BLACK
6
CONTINUOUS
10
0.7465472834645669
20
0.7396868503937007
11
0.7468396456692913
21
0.738703937007874
0
LINE
8
BLACK
6
CONTINUOUS
10
0.7468396456692913
20
0.738703937007874
11
0.7467986220472441
21
0.7385322047244094
0
LINE
8
BLACK
6
CONTINUOUS
10
0.7467986220472441
20
0.7385322047244094
11
0.7468590157480315
21
0.7383663385826772
0
LINE
8
BLACK
6
CONTINUOUS
10
0.7468590157480315
20
0.7383663385826772
11
0.7468590157480315
21
0.7289925196850393
0
LINE
8
BLACK
6
CONTINUOUS
10
0.7468590157480315
20
0.7289925196850393
11
0.7466809448818897
21
0.7279825984251969
0
LINE
8
BLACK
6
CONTINUOUS
10
0.7466809448818897
20
0.7279825984251969
11
0.7465674409448819
21
0.7278473228346457
0
LINE
8
BLACK
6
CONTINUOUS
10
0.7465674409448819
20
0.7278473228346457
11
0.7465472834645669
21
0.7276720078740158
0
LINE
8
BLACK
6
CONTINUOUS
10
0.7465472834645669
20
0.7276720078740158
11
0.7446725196850393
21
0.7239224803149606
0
LINE
8
BLACK
6
CONTINUOUS
10
0.7446725196850393
20
0.7239224803149606
11
0.7441465354330709
21
0.7232133464566929
0
LINE
8
BLACK
6
CONTINUOUS
10
0.7441465354330709
20
0.7232133464566929
11
0.7441193700787402
21
0.7231550393700787
0
LINE
8
BLACK
6
CONTINUOUS
10
0.7441193700787402
20
0.7231550393700787
11
0.7422445669291339
21
0.7212802755905512
0
LINE
8
BLACK
6
CONTINUOUS
10
0.7422445669291339
20
0.7212802755905512
11
0.7414045275590551
21
0.7206920866141732
0
LINE
8
BLACK
6
CONTINUOUS
10
0.7414045275590551
20
0.7206920866141732
11
0.7393924409448819
21
0.7205161023622048
0
LINE
8
BLACK
6
CONTINUOUS
10
0.7393924409448819
20
0.7205161023622048
11
0.7377379133858267
21
0.7216746062992125
0
LINE
8
BLACK
6
CONTINUOUS
10
0.7377379133858267
20
0.7216746062992125
11
0.7372151968503937
21
0.723625590551181
0
LINE
8
BLACK
6
CONTINUOUS
10
0.7372151968503937
20
0.723625590551181
11
0.7380688188976378
21
0.7254561811023622
0
LINE
8
BLACK
6
CONTINUOUS
10
0.7380688188976378
20
0.7254561811023622
11
0.7396047637795276
21
0.7269920866141732
0
LINE
8
BLACK
6
CONTINUOUS
10
0.7396047637795276
20
0.7269920866141732
11
0.7409535039370079
21
0.7296895669291339
0
LINE
8
BLACK
6
CONTINUOUS
10
0.7409535039370079
20
0.7296895669291339
11
0.7409535039370079
21
0.7376692913385826
0
LINE
8
BLACK
6
CONTINUOUS
10
0.7409535039370079
20
0.7376692913385826
11
0.7396047637795276
21
0.7403667322834645
0
LINE
8
BLACK
6
CONTINUOUS
10
0.7396047637795276
20
0.7403667322834645
11
0.7384075984251969
21
0.7415638582677165
0
LINE
8
BLACK
6
CONTINUOUS
10
0.7384075984251969
20
0.7415638582677165
11
0.7357101181102362
21
0.7429126377952756
0
LINE
8
BLACK
6
CONTINUOUS
10
0.7357101181102362
20
0.7429126377952756
11
0.7277303937007874
21
0.7429126377952756
0
LINE
8
BLACK
6
CONTINUOUS
10
0.7277303937007874
20
0.7429126377952756
11
0.7250329133858268
21
0.7415638976377953
0
LINE
8
BLACK
6
CONTINUOUS
10
0.7250329133858268
20
0.7415638976377953
11
0.7238357874015748
21
0.7403667716535433
0
LINE
8
BLACK
6
CONTINUOUS
10
0.7238357874015748
20
0.7403667716535433
11
0.7224870472440945
21
0.7376692913385826
0
LINE
8
BLACK
6
CONTINUOUS
10
0.7224870472440945
20
0.7376692913385826
11
0.7224870472440945
21
0.7296895669291339
0
LINE
8
BLACK
6
CONTINUOUS
10
0.7224870472440945
20
0.7296895669291339
11
0.7238357874015748
21
0.7269920866141732
0
LINE
8
BLACK
6
CONTINUOUS
10
0.7238357874015748
20
0.7269920866141732
11
0.7253717322834645
21
0.7254561417322835
0
LINE
8
BLACK
6
CONTINUOUS
10
0.7253717322834645
20
0.7254561417322835
11
0.7259599212598425
21
0.7246161023622048
0
LINE
8
BLACK
6
CONTINUOUS
10
0.7259599212598425
20
0.7246161023622048
11
0.7259615748031496
21
0.7245967322834646
0
LINE
8
BLACK
6
CONTINUOUS
10
0.7259615748031496
20
0.7245967322834646
11
0.7259751968503937
21
0.7245828346456693
0
LINE
8
BLACK
6
CONTINUOUS
10
0.7259751968503937
20
0.7245828346456693
11
0.7260494881889764
21
0.7235922440944882
0
LINE
8
BLACK
6
CONTINUOUS
10
0.7260494881889764
20
0.7235922440944882
11
0.7261359448818897
21
0.7226040157480315
0
LINE
8
BLACK
6
CONTINUOUS
10
0.7261359448818897
20
0.7226040157480315
11
0.7261247637795275
21
0.7225880708661417
0
LINE
8
BLACK
6
CONTINUOUS
10
0.7261247637795275
20
0.7225880708661417
11
0.7261262598425197
21
0.7225686614173228
0
LINE
8
BLACK
6
CONTINUOUS
10
0.7261262598425197
20
0.7225686614173228
11
0.7255462598425196
21
0.7217618503937008
0
LINE
8
BLACK
6
CONTINUOUS
10
0.7255462598425196
20
0.7217618503937008
11
0.7249774409448819
21
0.7209494488188977
0
LINE
8
BLACK
6
CONTINUOUS
10
0.7249774409448819
20
0.7209494488188977
11
0.724958622047244
21
0.7209444094488189
0
LINE
8
BLACK
6
CONTINUOUS
10
0.724958622047244
20
0.7209444094488189
11
0.7249473228346457
21
0.7209286614173228
0
LINE
8
BLACK
6
CONTINUOUS
10
0.7249473228346457
20
0.7209286614173228
11
0.7239851181102362
21
0.7206835826771654
0
LINE
8
BLACK
6
CONTINUOUS
10
0.7239851181102362
20
0.7206835826771654
11
0.7230264566929133
21
0.7204267322834645
0
LINE
8
BLACK
6
CONTINUOUS
10
0.7230264566929133
20
0.7204267322834645
11
0.7230088582677165
21
0.7204349212598425
0
LINE
8
BLACK
6
CONTINUOUS
10
0.7230088582677165
20
0.7204349212598425
11
0.72299
21
0.7204301181102362
0
LINE
8
BLACK
6
CONTINUOUS
10
0.72299
20
0.7204301181102362
11
0.7042423622047244
21
0.7223048818897637
0
LINE
8
BLACK
6
CONTINUOUS
10
0.7042423622047244
20
0.7223048818897637
11
0.7040920078740157
21
0.7223471653543307
0
LINE
8
BLACK
6
CONTINUOUS
10
0.7040920078740157
20
0.7223471653543307
11
0.7040234251968503
21
0.7223350787401575
0
LINE
8
BLACK
6
CONTINUOUS
10
0.7040234251968503
20
0.7223350787401575
11
0.7039174015748031
21
0.7223962598425197
0
LINE
8
BLACK
6
CONTINUOUS
10
0.7039174015748031
20
0.7223962598425197
11
0.7032551968503937
21
0.7225825590551181
0
LINE
8
BLACK
6
CONTINUOUS
10
0.7032551968503937
20
0.7225825590551181
11
0.702817283464567
21
0.7230314566929134
0
LINE
8
BLACK
6
CONTINUOUS
10
0.702817283464567
20
0.7230314566929134
11
0.7022742519685039
21
0.723345
0
LINE
8
BLACK
6
CONTINUOUS
10
0.7022742519685039
20
0.723345
11
0.7021330708661417
21
0.7237328346456693
0
LINE
8
BLACK
6
CONTINUOUS
10
0.7021330708661417
20
0.7237328346456693
11
0.7018448031496063
21
0.7240283858267716
0
LINE
8
BLACK
6
CONTINUOUS
10
0.7018448031496063
20
0.7240283858267716
11
0.701797874015748
21
0.7246537401574803
0
LINE
8
BLACK
6
CONTINUOUS
10
0.701797874015748
20
0.7246537401574803
11
0.7015834251968504
21
0.7252429921259842
0
LINE
8
BLACK
6
CONTINUOUS
10
0.7015834251968504
20
0.7252429921259842
11
0.7015834251968504
21
0.7439906299212599
0
LINE
8
BLACK
6
CONTINUOUS
10
0.7015834251968504
20
0.7439906299212599
11
0.7017614960629921
21
0.7450005511811023
0
LINE
8
BLACK
6
CONTINUOUS
10
0.7017614960629921
20
0.7450005511811023
11
0.7030598031496063
21
0.7465477952755906
0
LINE
8
BLACK
6
CONTINUOUS
10
0.7030598031496063
20
0.7465477952755906
11
0.705048937007874
21
0.7468985433070866
0
LINE
8
BLACK
6
CONTINUOUS
10
0.705048937007874
20
0.7468985433070866
11
0.7067981102362204
21
0.745888622047244
0
LINE
8
BLACK
6
CONTINUOUS
10
0.7067981102362204
20
0.745888622047244
11
0.707488937007874
21
0.7439906299212599
0
LINE
8
BLACK
6
CONTINUOUS
10
0.707488937007874
20
0.7439906299212599
11
0.707488937007874
21
0.7279151968503936
0
LINE
8
BLACK
6
CONTINUOUS
10
0.707488937007874
20
0.7279151968503936
11
0.7172601968503937
21
0.7269380708661417
0
LINE
8
BLACK
6
CONTINUOUS
10
0.7172601968503937
20
0.7269380708661417
11
0.7168932677165354
21
0.7276720078740158
0
LINE
8
BLACK
6
CONTINUOUS
10
0.7168932677165354
20
0.7276720078740158
11
0.716600905511811
21
0.7286549606299212
0
LINE
8
BLACK
6
CONTINUOUS
10
0.716600905511811
20
0.7286549606299212
11
0.7166418897637795
21
0.7288266141732284
0
LINE
8
BLACK
6
CONTINUOUS
10
0.7166418897637795
20
0.7288266141732284
11
0.7165815354330709
21
0.7289925196850393
0
LINE
8
BLACK
6
CONTINUOUS
10
0.7165815354330709
20
0.7289925196850393
11
0.7165815354330709
21
0.7383663385826772
0
LINE
8
BLACK
6
CONTINUOUS
10
0.7165815354330709
20
0.7383663385826772
11
0.7167596062992125
21
0.7393762598425196
0
LINE
8
BLACK
6
CONTINUOUS
10
0.7167596062992125
20
0.7393762598425196
11
0.7168730708661417
21
0.7395114960629922
0
LINE
8
BLACK
6
CONTINUOUS
10
0.7168730708661417
20
0.7395114960629922
11
0.7168932677165354
21
0.7396868503937007
0
LINE
8
BLACK
6
CONTINUOUS
10
0.7168932677165354
20
0.7396868503937007
11
0.7187680314960629
21
0.7434363779527559
0
LINE
8
BLACK
6
CONTINUOUS
10
0.7187680314960629
20
0.7434363779527559
11
0.719293937007874
21
0.7441454330708661
0
LINE
8
BLACK
6
CONTINUOUS
10
0.719293937007874
20
0.7441454330708661
11
0.7193211417322835
21
0.744203779527559
0
LINE
8
BLACK
6
CONTINUOUS
10
0.7193211417322835
20
0.744203779527559
11
0.721195905511811
21
0.7460785433070866
0
LINE
8
BLACK
6
CONTINUOUS
10
0.721195905511811
20
0.7460785433070866
11
0.7219189763779528
21
0.7465848031496063
0
LINE
8
BLACK
6
CONTINUOUS
10
0.7219189763779528
20
0.7465848031496063
11
0.7219633070866142
21
0.7466316535433071
0
LINE
8
BLACK
6
CONTINUOUS
10
0.7219633070866142
20
0.7466316535433071
11
0.7257128346456693
21
0.7485064173228346
0
LINE
8
BLACK
6
CONTINUOUS
10
0.7257128346456693
20
0.7485064173228346
11
0.7266957480314961
21
0.748798779527559
0
LINE
8
BLACK
6
CONTINUOUS
10
0.7266957480314961
20
0.748798779527559
11
0.7268674409448819
21
0.7487577559055117
0
LINE
8
BLACK
6
CONTINUOUS
10
0.7268674409448819
20
0.7487577559055117
11
0.7270333464566929
21
0.7488181496062992
0
LINE
8
BLACK
6
CONTINUOUS
10
0.7270333464566929
20
0.7488181496062992
11
0.7364071653543307
21
0.7488181496062992
0
LINE
8
BLACK
6
CONTINUOUS
10
0.7364071653543307
20
0.7488181496062992
11
0.7374170866141732
21
0.7486400787401575
0
LINE
8
BLACK
6
CONTINUOUS
10
0.9244170866141732
20
0.7552755905511811
11
0.9245523228346456
21
0.7551620866141732
0
LINE
8
BLACK
6
CONTINUOUS
10
0.9245523228346456
20
0.7551620866141732
11
0.9247276771653543
21
0.7551419291338582
0
LINE
8
BLACK
6
CONTINUOUS
10
0.9247276771653543
20
0.7551419291338582
11
0.9284772047244094
21
0.7532671653543307
0
LINE
8
BLACK
6
CONTINUOUS
10
0.9284772047244094
20
0.7532671653543307
11
0.9291861811023622
21
0.7527412992125984
0
LINE
8
BLACK
6
CONTINUOUS
10
0.9291861811023622
20
0.7527412992125984
11
0.9292445669291338
21
0.7527140944881889
0
LINE
8
BLACK
6
CONTINUOUS
10
0.9292445669291338
20
0.7527140944881889
11
0.9311193700787401
21
0.7508393307086614
0
LINE
8
BLACK
6
CONTINUOUS
10
0.9311193700787401
20
0.7508393307086614
11
0.931625748031496
21
0.7501161417322835
0
LINE
8
BLACK
6
CONTINUOUS
10
0.931625748031496
20
0.7501161417322835
11
0.9316725196850394
21
0.7500718897637795
0
LINE
8
BLACK
6
CONTINUOUS
10
0.9316725196850394
20
0.7500718897637795
11
0.9335472834645669
21
0.7463223622047244
0
LINE
8
BLACK
6
CONTINUOUS
10
0.9335472834645669
20
0.7463223622047244
11
0.9338396456692913
21
0.7453394488188976
0
LINE
8
BLACK
6
CONTINUOUS
10
0.9338396456692913
20
0.7453394488188976
11
0.9337986220472441
21
0.745167716535433
0
LINE
8
BLACK
6
CONTINUOUS
10
0.9337986220472441
20
0.745167716535433
11
0.9338590157480314
21
0.7450018503937008
0
LINE
8
BLACK
6
CONTINUOUS
10
0.9338590157480314
20
0.7450018503937008
11
0.9338590157480314
21
0.7375027952755905
0
LINE
8
BLACK
6
CONTINUOUS
10
0.9338590157480314
20
0.7375027952755905
11
0.9336809448818898
21
0.736492874015748
0
LINE
8
BLACK
6
CONTINUOUS
10
0.9336809448818898
20
0.736492874015748
11
0.9335674409448819
21
0.7363575984251969
0
LINE
8
BLACK
6
CONTINUOUS
10
0.9335674409448819
20
0.7363575984251969
11
0.9335472834645669
21
0.7361822834645669
0
LINE
8
BLACK
6
CONTINUOUS
10
0.9335472834645669
20
0.7361822834645669
11
0.9316725196850394
21
0.7324327559055118
0
LINE
8
BLACK
6
CONTINUOUS
10
0.9316725196850394
20
0.7324327559055118
11
0.9311465354330708
21
0.7317236220472441
0
LINE
8
BLACK
6
CONTINUOUS
10
0.9311465354330708
20
0.7317236220472441
11
0.9311193700787401
21
0.7316653149606299
0
LINE
8
BLACK
6
CONTINUOUS
10
0.9311193700787401
20
0.7316653149606299
11
0.9292445669291338
21
0.7297905511811024
0
LINE
8
BLACK
6
CONTINUOUS
10
0.9292445669291338
20
0.7297905511811024
11
0.9285214960629921
21
0.7292842519685039
0
LINE
8
BLACK
6
CONTINUOUS
10
0.9285214960629921
20
0.7292842519685039
11
0.9284772047244094
21
0.7292374803149606
0
LINE
8
BLACK
6
CONTINUOUS
10
0.9284772047244094
20
0.7292374803149606
11
0.9247276771653543
21
0.7273627165354331
0
LINE
8
BLACK
6
CONTINUOUS
10
0.9247276771653543
20
0.7273627165354331
11
0.9237447244094488
21
0.7270703543307087
0
LINE
8
BLACK
6
CONTINUOUS
10
0.9237447244094488
20
0.7270703543307087
11
0.923573031496063
21
0.7271113385826772
0
LINE
8
BLACK
6
CONTINUOUS
10
0.923573031496063
20
0.7271113385826772
11
0.9234071653543307
21
0.7270509842519685
0
LINE
8
BLACK
6
CONTINUOUS
10
0.9234071653543307
20
0.7270509842519685
11
0.8915361811023622
21
0.7270509842519685
0
LINE
8
BLACK
6
CONTINUOUS
10
0.8915361811023622
20
0.7270509842519685
11
0.8905262598425197
21
0.7272290551181102
0
LINE
8
BLACK
6
CONTINUOUS
10
0.8905262598425197
20
0.7272290551181102
11
0.8889790157480315
21
0.7285273622047244
0
LINE
8
BLACK
6
CONTINUOUS
10
0.8889790157480315
20
0.7285273622047244
11
0.8886282677165354
21
0.7305164960629921
0
LINE
8
BLACK
6
CONTINUOUS
10
0.8886282677165354
20
0.7305164960629921
11
0.8896381889763779
21
0.7322656692913385
0
LINE
8
BLACK
6
CONTINUOUS
10
0.8896381889763779
20
0.7322656692913385
11
0.8915361811023622
21
0.7329564960629921
0
LINE
8
BLACK
6
CONTINUOUS
10
0.8915361811023622
20
0.7329564960629921
11
0.9227101181102362
21
0.7329564960629921
0
LINE
8
BLACK
6
CONTINUOUS
10
0.9227101181102362
20
0.7329564960629921
11
0.9254075984251968
21
0.7343052362204724
0
LINE
8
BLACK
6
CONTINUOUS
10
0.9254075984251968
20
0.7343052362204724
11
0.9266047637795275
21
0.7355023622047244
0
LINE
8
BLACK
6
CONTINUOUS
10
0.9266047637795275
20
0.7355023622047244
11
0.9279535039370078
21
0.7381998425196851
0
LINE
8
BLACK
6
CONTINUOUS
10
0.9279535039370078
20
0.7381998425196851
11
0.9279535039370078
21
0.7443048031496062
0
LINE
8
BLACK
6
CONTINUOUS
10
0.9279535039370078
20
0.7443048031496062
11
0.9266047637795275
21
0.7470022440944881
0
LINE
8
BLACK
6
CONTINUOUS
10
0.9266047637795275
20
0.7470022440944881
11
0.9254075984251968
21
0.7481993700787402
0
LINE
8
BLACK
6
CONTINUOUS
10
0.9254075984251968
20
0.7481993700787402
11
0.9227101181102362
21
0.7495481496062992
0
LINE
8
BLACK
6
CONTINUOUS
10
0.9227101181102362
20
0.7495481496062992
11
0.8915361811023622
21
0.7495481496062992
0
LINE
8
BLACK
6
CONTINUOUS
10
0.8915361811023622
20
0.7495481496062992
11
0.8905262598425197
21
0.749726220472441
0
LINE
8
BLACK
6
CONTINUOUS
10
0.8905262598425197
20
0.749726220472441
11
0.8889790157480315
21
0.7510245275590551
0
LINE
8
BLACK
6
CONTINUOUS
10
0.8889790157480315
20
0.7510245275590551
11
0.8886282677165354
21
0.7530136614173228
0
LINE
8
BLACK
6
CONTINUOUS
10
0.8886282677165354
20
0.7530136614173228
11
0.8896381889763779
21
0.7547628346456693
0
LINE
8
BLACK
6
CONTINUOUS
10
0.8896381889763779
20
0.7547628346456693
11
0.8915361811023622
21
0.7554536614173228
0
LINE
8
BLACK
6
CONTINUOUS
10
0.8915361811023622
20
0.7554536614173228
11
0.9234071653543307
21
0.7554536614173228
0
LINE
8
BLACK
6
CONTINUOUS
10
0.9234071653543307
20
0.7554536614173228
11
0.9244170866141732
21
0.7552755905511811
0
LINE
8
BLACK
6
CONTINUOUS
10
0.7311700393700787
20
0.7946325590551181
11
0.7318608661417323
21
0.7927345669291338
0
LINE
8
BLACK
6
CONTINUOUS
10
0.7318608661417323
20
0.7927345669291338
11
0.7318608661417323
21
0.7627383070866142
0
LINE
8
BLACK
6
CONTINUOUS
10
0.7318608661417323
20
0.7627383070866142
11
0.7316827952755905
21
0.7617283858267716
0
LINE
8
BLACK
6
CONTINUOUS
10
0.7316827952755905
20
0.7617283858267716
11
0.7303844881889764
21
0.7601811417322835
0
LINE
8
BLACK
6
CONTINUOUS
10
0.7303844881889764
20
0.7601811417322835
11
0.7283953543307087
21
0.7598303937007874
0
LINE
8
BLACK
6
CONTINUOUS
10
0.7283953543307087
20
0.7598303937007874
11
0.7266461811023622
21
0.7608403149606299
0
LINE
8
BLACK
6
CONTINUOUS
10
0.7266461811023622
20
0.7608403149606299
11
0.7259553543307087
21
0.7627383070866142
0
LINE
8
BLACK
6
CONTINUOUS
10
0.7259553543307087
20
0.7627383070866142
11
0.7259553543307087
21
0.7927345669291338
0
LINE
8
BLACK
6
CONTINUOUS
10
0.7259553543307087
20
0.7927345669291338
11
0.7261334251968504
21
0.7937444881889764
0
LINE
8
BLACK
6
CONTINUOUS
10
0.7261334251968504
20
0.7937444881889764
11
0.7274317322834646
21
0.7952917322834645
0
LINE
8
BLACK
6
CONTINUOUS
10
0.7274317322834646
20
0.7952917322834645
11
0.7294208661417323
21
0.7956424803149607
0
LINE
8
BLACK
6
CONTINUOUS
10
0.7294208661417323
20
0.7956424803149607
11
0.7311700393700787
21
0.7946325590551181
0
LINE
8
BLACK
6
CONTINUOUS
10
0.9331681889763779
20
0.7937689763779527
11
0.9338590157480314
21
0.7918709842519684
0
LINE
8
BLACK
6
CONTINUOUS
10
0.9338590157480314
20
0.7918709842519684
11
0.9338590157480314
21
0.7693738188976378
0
LINE
8
BLACK
6
CONTINUOUS
10
0.9338590157480314
20
0.7693738188976378
11
0.9336809448818898
21
0.7683638976377952
0
LINE
8
BLACK
6
CONTINUOUS
10
0.9336809448818898
20
0.7683638976377952
11
0.9323826377952755
21
0.7668166535433071
0
LINE
8
BLACK
6
CONTINUOUS
10
0.9323826377952755
20
0.7668166535433071
11
0.9303935039370078
21
0.766465905511811
0
LINE
8
BLACK
6
CONTINUOUS
10
0.9303935039370078
20
0.766465905511811
11
0.9286443307086614
21
0.7674758267716535
0
LINE
8
BLACK
6
CONTINUOUS
10
0.9286443307086614
20
0.7674758267716535
11
0.9279535039370078
21
0.7693738188976378
0
LINE
8
BLACK
6
CONTINUOUS
10
0.9279535039370078
20
0.7693738188976378
11
0.9279535039370078
21
0.7776696456692913
0
LINE
8
BLACK
6
CONTINUOUS
10
0.9279535039370078
20
0.7776696456692913
11
0.9005395275590551
21
0.7776696456692913
0
LINE
8
BLACK
6
CONTINUOUS
10
0.9005395275590551
20
0.7776696456692913
11
0.9029979133858268
21
0.7752112598425197
0
LINE
8
BLACK
6
CONTINUOUS
10
0.9029979133858268
20
0.7752112598425197
11
0.9035042913385827
21
0.7744880708661417
0
LINE
8
BLACK
6
CONTINUOUS
10
0.9035042913385827
20
0.7744880708661417
11
0.9035510236220472
21
0.7744438582677166
0
LINE
8
BLACK
6
CONTINUOUS
10
0.9035510236220472
20
0.7744438582677166
11
0.9054257874015748
21
0.7706943307086614
0
LINE
8
BLACK
6
CONTINUOUS
10
0.9054257874015748
20
0.7706943307086614
11
0.9057181496062991
21
0.7697114173228347
0
LINE
8
BLACK
6
CONTINUOUS
10
0.9057181496062991
20
0.7697114173228347
11
0.9052488582677165
21
0.7677468897637795
0
LINE
8
BLACK
6
CONTINUOUS
10
0.9052488582677165
20
0.7677468897637795
11
0.9036265748031496
21
0.7665435826771654
0
LINE
8
BLACK
6
CONTINUOUS
10
0.9036265748031496
20
0.7665435826771654
11
0.9016104330708661
21
0.7666646456692913
0
LINE
8
BLACK
6
CONTINUOUS
10
0.9016104330708661
20
0.7666646456692913
11
0.9001437401574803
21
0.7680533070866141
0
LINE
8
BLACK
6
CONTINUOUS
10
0.9001437401574803
20
0.7680533070866141
11
0.8984832677165354
21
0.771374251968504
0
LINE
8
BLACK
6
CONTINUOUS
10
0.8984832677165354
20
0.771374251968504
11
0.8952792913385826
21
0.774578188976378
0
LINE
8
BLACK
6
CONTINUOUS
10
0.8952792913385826
20
0.774578188976378
11
0.8898982677165355
21
0.7781655511811023
0
LINE
8
BLACK
6
CONTINUOUS
10
0.8898982677165355
20
0.7781655511811023
11
0.8891567716535432
21
0.778873937007874
0
LINE
8
BLACK
6
CONTINUOUS
10
0.8891567716535432
20
0.778873937007874
11
0.8891090551181102
21
0.7790368503937007
0
LINE
8
BLACK
6
CONTINUOUS
10
0.8891090551181102
20
0.7790368503937007
11
0.8889790157480315
21
0.7791460236220472
0
LINE
8
BLACK
6
CONTINUOUS
10
0.8889790157480315
20
0.7791460236220472
11
0.8888301968503937
21
0.7799899212598425
0
LINE
8
BLACK
6
CONTINUOUS
10
0.8888301968503937
20
0.7799899212598425
11
0.8885895275590551
21
0.7808124409448819
0
LINE
8
BLACK
6
CONTINUOUS
10
0.8885895275590551
20
0.7808124409448819
11
0.888657716535433
21
0.7809679133858267
0
LINE
8
BLACK
6
CONTINUOUS
10
0.888657716535433
20
0.7809679133858267
11
0.8886282677165354
21
0.7811351574803149
0
LINE
8
BLACK
6
CONTINUOUS
10
0.8886282677165354
20
0.7811351574803149
11
0.8890566929133858
21
0.7818772047244095
0
LINE
8
BLACK
6
CONTINUOUS
10
0.8890566929133858
20
0.7818772047244095
11
0.889401062992126
21
0.7826620472440945
0
LINE
8
BLACK
6
CONTINUOUS
10
0.889401062992126
20
0.7826620472440945
11
0.8895533070866142
21
0.7827372834645669
0
LINE
8
BLACK
6
CONTINUOUS
10
0.8895533070866142
20
0.7827372834645669
11
0.8896381889763779
21
0.7828843307086614
0
LINE
8
BLACK
6
CONTINUOUS
10
0.8896381889763779
20
0.7828843307086614
11
0.8904434251968504
21
0.7831774015748031
0
LINE
8
BLACK
6
CONTINUOUS
10
0.8904434251968504
20
0.7831774015748031
11
0.8912116535433071
21
0.7835572440944881
0
LINE
8
BLACK
6
CONTINUOUS
10
0.8912116535433071
20
0.7835572440944881
11
0.8913765748031496
21
0.7835170472440944
0
LINE
8
BLACK
6
CONTINUOUS
10
0.8913765748031496
20
0.7835170472440944
11
0.8915361811023622
21
0.7835751574803149
0
LINE
8
BLACK
6
CONTINUOUS
10
0.8915361811023622
20
0.7835751574803149
11
0.9279535039370078
21
0.7835751574803149
0
LINE
8
BLACK
6
CONTINUOUS
10
0.9279535039370078
20
0.7835751574803149
11
0.9279535039370078
21
0.7918709842519684
0
LINE
8
BLACK
6
CONTINUOUS
10
0.9279535039370078
20
0.7918709842519684
11
0.9281315748031496
21
0.792880905511811
0
LINE
8
BLACK
6
CONTINUOUS
10
0.9281315748031496
20
0.792880905511811
11
0.9294298818897637
21
0.7944281496062991
0
LINE
8
BLACK
6
CONTINUOUS
10
0.9294298818897637
20
0.7944281496062991
11
0.9314190157480314
21
0.7947788976377953
0
LINE
8
BLACK
6
CONTINUOUS
10
0.9314190157480314
20
0.7947788976377953
11
0.9331681889763779
21
0.7937689763779527
0
LINE
8
BLACK
6
CONTINUOUS
10
0.7330448031496063
20
0.8358773622047244
11
0.7337356299212598
21
0.8339793700787401
0
LINE
8
BLACK
6
CONTINUOUS
10
0.7337356299212598
20
0.8339793700787401
11
0.7337356299212598
21
0.8313078346456693
0
LINE
8
BLACK
6
CONTINUOUS
10
0.7337356299212598
20
0.8313078346456693
11
0.7439062598425197
21
0.8313078346456693
0
LINE
8
BLACK
6
CONTINUOUS
10
0.7439062598425197
20
0.8313078346456693
11
0.7449161811023622
21
0.8311297637795275
0
LINE
8
BLACK
6
CONTINUOUS
10
0.7449161811023622
20
0.8311297637795275
11
0.7464634251968504
21
0.8298314566929134
0
LINE
8
BLACK
6
CONTINUOUS
10
0.7464634251968504
20
0.8298314566929134
11
0.7468141732283464
21
0.8278423228346456
0
LINE
8
BLACK
6
CONTINUOUS
10
0.7468141732283464
20
0.8278423228346456
11
0.745804251968504
21
0.8260931496062992
0
LINE
8
BLACK
6
CONTINUOUS
10
0.745804251968504
20
0.8260931496062992
11
0.7439062598425197
21
0.8254023228346457
0
LINE
8
BLACK
6
CONTINUOUS
10
0.7439062598425197
20
0.8254023228346457
11
0.7337356299212598
21
0.8254023228346457
0
LINE
8
BLACK
6
CONTINUOUS
10
0.7337356299212598
20
0.8254023228346457
11
0.7337356299212598
21
0.8096074409448819
0
LINE
8
BLACK
6
CONTINUOUS
10
0.7337356299212598
20
0.8096074409448819
11
0.7335575590551181
21
0.8085975196850393
0
LINE
8
BLACK
6
CONTINUOUS
10
0.7335575590551181
20
0.8085975196850393
11
0.7334124803149606
21
0.8084246456692913
0
LINE
8
BLACK
6
CONTINUOUS
10
0.7334124803149606
20
0.8084246456692913
11
0.7333794094488189
21
0.8082014566929133
0
LINE
8
BLACK
6
CONTINUOUS
10
0.7333794094488189
20
0.8082014566929133
11
0.7327769291338583
21
0.8076672047244094
0
LINE
8
BLACK
6
CONTINUOUS
10
0.7327769291338583
20
0.8076672047244094
11
0.7322592519685039
21
0.8070502755905512
0
LINE
8
BLACK
6
CONTINUOUS
10
0.7322592519685039
20
0.8070502755905512
11
0.732036968503937
21
0.807011062992126
0
LINE
8
BLACK
6
CONTINUOUS
10
0.732036968503937
20
0.807011062992126
11
0.7318681496062992
21
0.8068613779527559
0
LINE
8
BLACK
6
CONTINUOUS
10
0.7318681496062992
20
0.8068613779527559
11
0.7310632677165354
21
0.8068393700787402
0
LINE
8
BLACK
6
CONTINUOUS
10
0.7310632677165354
20
0.8068393700787402
11
0.7302701181102362
21
0.8066995275590551
0
LINE
8
BLACK
6
CONTINUOUS
10
0.7302701181102362
20
0.8066995275590551
11
0.7300746456692914
21
0.8068123622047244
0
LINE
8
BLACK
6
CONTINUOUS
10
0.7300746456692914
20
0.8068123622047244
11
0.7298490944881889
21
0.8068062204724409
0
LINE
8
BLACK
6
CONTINUOUS
10
0.7298490944881889
20
0.8068062204724409
11
0.7017276771653543
21
0.8161800393700788
0
LINE
8
BLACK
6
CONTINUOUS
10
0.7017276771653543
20
0.8161800393700788
11
0.700825905511811
21
0.8166683464566928
0
LINE
8
BLACK
6
CONTINUOUS
10
0.700825905511811
20
0.8166683464566928
11
0.6997686220472441
21
0.8183892913385826
0
LINE
8
BLACK
6
CONTINUOUS
10
0.6997686220472441
20
0.8183892913385826
11
0.7000648818897638
21
0.8203872834645669
0
LINE
8
BLACK
6
CONTINUOUS
10
0.7000648818897638
20
0.8203872834645669
11
0.7015761023622047
21
0.8217273228346457
0
LINE
8
BLACK
6
CONTINUOUS
10
0.7015761023622047
20
0.8217273228346457
11
0.703595157480315
21
0.8217824803149606
0
LINE
8
BLACK
6
CONTINUOUS
10
0.703595157480315
20
0.8217824803149606
11
0.7278301181102362
21
0.8137041338582677
0
LINE
8
BLACK
6
CONTINUOUS
10
0.7278301181102362
20
0.8137041338582677
11
0.7278301181102362
21
0.8254023228346457
0
LINE
8
BLACK
6
CONTINUOUS
10
0.7278301181102362
20
0.8254023228346457
11
0.7176595275590552
21
0.8254023228346457
0
LINE
8
BLACK
6
CONTINUOUS
10
0.7176595275590552
20
0.8254023228346457
11
0.7166496062992126
21
0.8255803937007874
0
LINE
8
BLACK
6
CONTINUOUS
10
0.7166496062992126
20
0.8255803937007874
11
0.7151023622047243
21
0.8268787007874016
0
LINE
8
BLACK
6
CONTINUOUS
10
0.7151023622047243
20
0.8268787007874016
11
0.7147516141732283
21
0.8288678346456693
0
LINE
8
BLACK
6
CONTINUOUS
10
0.7147516141732283
20
0.8288678346456693
11
0.7157615354330709
21
0.8306170078740157
0
LINE
8
BLACK
6
CONTINUOUS
10
0.7157615354330709
20
0.8306170078740157
11
0.7176595275590552
21
0.8313078346456693
0
LINE
8
BLACK
6
CONTINUOUS
10
0.7176595275590552
20
0.8313078346456693
11
0.7278301181102362
21
0.8313078346456693
0
LINE
8
BLACK
6
CONTINUOUS
10
0.7278301181102362
20
0.8313078346456693
11
0.7278301181102362
21
0.8339793700787401
0
LINE
8
BLACK
6
CONTINUOUS
10
0.7278301181102362
20
0.8339793700787401
11
0.728008188976378
21
0.8349892913385827
0
LINE
8
BLACK
6
CONTINUOUS
10
0.728008188976378
20
0.8349892913385827
11
0.7293064960629921
21
0.8365365354330708
0
LINE
8
BLACK
6
CONTINUOUS
10
0.7293064960629921
20
0.8365365354330708
11
0.7312956299212598
21
0.8368872834645669
0
LINE
8
BLACK
6
CONTINUOUS
10
0.7312956299212598
20
0.8368872834645669
11
0.7330448031496063
21
0.8358773622047244
0
LINE
8
BLACK
6
CONTINUOUS
10
0.7186694488188976
20
0.8742493700787402
11
0.7188046850393701
21
0.8741358661417322
0
LINE
8
BLACK
6
CONTINUOUS
10
0.7188046850393701
20
0.8741358661417322
11
0.7189800393700787
21
0.8741157086614173
0
LINE
8
BLACK
6
CONTINUOUS
10
0.7189800393700787
20
0.8741157086614173
11
0.7227295669291338
21
0.8722409448818897
0
LINE
8
BLACK
6
CONTINUOUS
10
0.7227295669291338
20
0.8722409448818897
11
0.7234386220472441
21
0.871715
0
LINE
8
BLACK
6
CONTINUOUS
10
0.7234386220472441
20
0.871715
11
0.723496968503937
21
0.8716878346456692
0
LINE
8
BLACK
6
CONTINUOUS
10
0.723496968503937
20
0.8716878346456692
11
0.7253717322834645
21
0.8698130708661417
0
LINE
8
BLACK
6
CONTINUOUS
10
0.7253717322834645
20
0.8698130708661417
11
0.7258779921259843
21
0.8690899606299213
0
LINE
8
BLACK
6
CONTINUOUS
10
0.7258779921259843
20
0.8690899606299213
11
0.725924842519685
21
0.8690456692913385
0
LINE
8
BLACK
6
CONTINUOUS
10
0.725924842519685
20
0.8690456692913385
11
0.7277996062992126
21
0.8652961417322834
0
LINE
8
BLACK
6
CONTINUOUS
10
0.7277996062992126
20
0.8652961417322834
11
0.728091968503937
21
0.8643132283464566
0
LINE
8
BLACK
6
CONTINUOUS
10
0.728091968503937
20
0.8643132283464566
11
0.7280509448818897
21
0.8641414960629921
0
LINE
8
BLACK
6
CONTINUOUS
10
0.7280509448818897
20
0.8641414960629921
11
0.7281113385826772
21
0.8639756299212599
0
LINE
8
BLACK
6
CONTINUOUS
10
0.7281113385826772
20
0.8639756299212599
11
0.7281113385826772
21
0.8519302755905511
0
LINE
8
BLACK
6
CONTINUOUS
10
0.7281113385826772
20
0.8519302755905511
11
0.7439062598425197
21
0.8519302755905511
0
LINE
8
BLACK
6
CONTINUOUS
10
0.7439062598425197
20
0.8519302755905511
11
0.7449161811023622
21
0.8517522047244094
0
LINE
8
BLACK
6
CONTINUOUS
10
0.7449161811023622
20
0.8517522047244094
11
0.7464634251968504
21
0.8504538976377952
0
LINE
8
BLACK
6
CONTINUOUS
10
0.7464634251968504
20
0.8504538976377952
11
0.7468141732283464
21
0.8484647637795275
0
LINE
8
BLACK
6
CONTINUOUS
10
0.7468141732283464
20
0.8484647637795275
11
0.745804251968504
21
0.8467155905511811
0
LINE
8
BLACK
6
CONTINUOUS
10
0.745804251968504
20
0.8467155905511811
11
0.7439062598425197
21
0.8460247637795275
0
LINE
8
BLACK
6
CONTINUOUS
10
0.7439062598425197
20
0.8460247637795275
11
0.7045361811023622
21
0.8460247637795275
0
LINE
8
BLACK
6
CONTINUOUS
10
0.7045361811023622
20
0.8460247637795275
11
0.7041526377952756
21
0.8460923622047244
0
LINE
8
BLACK
6
CONTINUOUS
10
0.7041526377952756
20
0.8460923622047244
11
0.7040234251968503
21
0.8460696062992126
0
LINE
8
BLACK
6
CONTINUOUS
10
0.7040234251968503
20
0.8460696062992126
11
0.7039098031496063
21
0.8461351968503937
0
LINE
8
BLACK
6
CONTINUOUS
10
0.7039098031496063
20
0.8461351968503937
11
0.7035262598425197
21
0.8462028346456693
0
LINE
8
BLACK
6
CONTINUOUS
10
0.7035262598425197
20
0.8462028346456693
11
0.7029385433070866
21
0.8466959448818897
0
LINE
8
BLACK
6
CONTINUOUS
10
0.7029385433070866
20
0.8466959448818897
11
0.7022742519685039
21
0.8470795275590551
0
LINE
8
BLACK
6
CONTINUOUS
10
0.7022742519685039
20
0.8470795275590551
11
0.7021831102362205
21
0.847329842519685
0
LINE
8
BLACK
6
CONTINUOUS
10
0.7021831102362205
20
0.847329842519685
11
0.7019790157480315
21
0.8475011417322834
0
LINE
8
BLACK
6
CONTINUOUS
10
0.7019790157480315
20
0.8475011417322834
11
0.701845748031496
21
0.8482566929133858
0
LINE
8
BLACK
6
CONTINUOUS
10
0.701845748031496
20
0.8482566929133858
11
0.7015834251968504
21
0.8489775196850393
0
LINE
8
BLACK
6
CONTINUOUS
10
0.7015834251968504
20
0.8489775196850393
11
0.7015834251968504
21
0.8639756299212599
0
LINE
8
BLACK
6
CONTINUOUS
10
0.7015834251968504
20
0.8639756299212599
11
0.7017614960629921
21
0.8649855511811023
0
LINE
8
BLACK
6
CONTINUOUS
10
0.7017614960629921
20
0.8649855511811023
11
0.7018749606299213
21
0.8651207874015748
0
LINE
8
BLACK
6
CONTINUOUS
10
0.7018749606299213
20
0.8651207874015748
11
0.7018951574803149
21
0.8652961417322834
0
LINE
8
BLACK
6
CONTINUOUS
10
0.7018951574803149
20
0.8652961417322834
11
0.7037699212598425
21
0.8690456692913385
0
LINE
8
BLACK
6
CONTINUOUS
10
0.7037699212598425
20
0.8690456692913385
11
0.7042958267716535
21
0.8697547244094488
0
LINE
8
BLACK
6
CONTINUOUS
10
0.7042958267716535
20
0.8697547244094488
11
0.704323031496063
21
0.8698130708661417
0
LINE
8
BLACK
6
CONTINUOUS
10
0.704323031496063
20
0.8698130708661417
11
0.7061977952755906
21
0.8716878346456692
0
LINE
8
BLACK
6
CONTINUOUS
10
0.7061977952755906
20
0.8716878346456692
11
0.7069208661417322
21
0.872194094488189
0
LINE
8
BLACK
6
CONTINUOUS
10
0.7069208661417322
20
0.872194094488189
11
0.7069651968503937
21
0.8722409448818897
0
LINE
8
BLACK
6
CONTINUOUS
10
0.7069651968503937
20
0.8722409448818897
11
0.7107147244094488
21
0.8741157086614173
0
LINE
8
BLACK
6
CONTINUOUS
10
0.7107147244094488
20
0.8741157086614173
11
0.7116976377952756
21
0.8744080708661417
0
LINE
8
BLACK
6
CONTINUOUS
10
0.7116976377952756
20
0.8744080708661417
11
0.7118693307086614
21
0.8743670472440944
0
LINE
8
BLACK
6
CONTINUOUS
10
0.7118693307086614
20
0.8743670472440944
11
0.7120352362204724
21
0.8744274409448819
0
LINE
8
BLACK
6
CONTINUOUS
10
0.7120352362204724
20
0.8744274409448819
11
0.7176595275590552
21
0.8744274409448819
0
LINE
8
BLACK
6
CONTINUOUS
10
0.7176595275590552
20
0.8744274409448819
11
0.7186694488188976
21
0.8742493700787402
0
LINE
8
BLACK
6
CONTINUOUS
10
0.7100348031496063
20
0.867173188976378
11
0.7088376771653543
21
0.8659760629921259
0
LINE
8
BLACK
6
CONTINUOUS
10
0.7088376771653543
20
0.8659760629921259
11
0.707488937007874
21
0.8632785826771653
0
LINE
8
BLACK
6
CONTINUOUS
10
0.707488937007874
20
0.8632785826771653
11
0.707488937007874
21
0.8519302755905511
0
LINE
8
BLACK
6
CONTINUOUS
10
0.707488937007874
20
0.8519302755905511
11
0.7222058267716536
21
0.8519302755905511
0
LINE
8
BLACK
6
CONTINUOUS
10
0.7222058267716536
20
0.8519302755905511
11
0.7222058267716536
21
0.8632785826771653
0
LINE
8
BLACK
6
CONTINUOUS
10
0.7222058267716536
20
0.8632785826771653
11
0.7208570866141732
21
0.8659760629921259
0
LINE
8
BLACK
6
CONTINUOUS
10
0.7208570866141732
20
0.8659760629921259
11
0.7196599606299212
21
0.867173188976378
0
LINE
8
BLACK
6
CONTINUOUS
10
0.7196599606299212
20
0.867173188976378
11
0.7169624803149606
21
0.8685219291338583
0
LINE
8
BLACK
6
CONTINUOUS
10
0.7169624803149606
20
0.8685219291338583
11
0.712732283464567
21
0.8685219291338583
0
LINE
8
BLACK
6
CONTINUOUS
10
0.712732283464567
20
0.8685219291338583
11
0.7100348031496063
21
0.867173188976378
0
LINE
8
BLACK
6
CONTINUOUS
10
1.0702755905511812
20
0.922244094488189
11
1.0716675196850394
21
0.9216675196850393
0
LINE
8
BLACK
6
CONTINUOUS
10
1.0716675196850394
20
0.9216675196850393
11
1.072244094488189
21
0.9202755905511811
0
LINE
8
BLACK
6
CONTINUOUS
10
1.072244094488189
20
0.9202755905511811
11
1.072244094488189
21
0.4297244094488189
0
LINE
8
BLACK
6
CONTINUOUS
10
1.072244094488189
20
0.4297244094488189
11
1.0716675196850394
21
0.4283324803149606
0
LINE
8
BLACK
6
CONTINUOUS
10
1.0716675196850394
20
0.4283324803149606
11
1.0702755905511812
21
0.427755905511811
0
LINE
8
BLACK
6
CONTINUOUS
10
1.0702755905511812
20
0.427755905511811
11
0.7356103937007874
21
0.427755905511811
0
LINE
8
BLACK
6
CONTINUOUS
10
0.7356103937007874
20
0.427755905511811
11
0.7356103937007874
21
0.4199096062992126
0
LINE
8
BLACK
6
CONTINUOUS
10
0.7356103937007874
20
0.4199096062992126
11
0.7448399999999999
21
0.4168331102362204
0
LINE
8
BLACK
6
CONTINUOUS
10
0.7448399999999999
20
0.4168331102362204
11
0.7457417716535433
21
0.416344842519685
0
LINE
8
BLACK
6
CONTINUOUS
10
0.7457417716535433
20
0.416344842519685
11
0.7467990551181102
21
0.4146238582677165
0
LINE
8
BLACK
6
CONTINUOUS
10
0.7467990551181102
20
0.4146238582677165
11
0.7465027952755905
21
0.412625905511811
0
LINE
8
BLACK
6
CONTINUOUS
10
0.7465027952755905
20
0.412625905511811
11
0.7449915354330708
21
0.4112858267716535
0
LINE
8
BLACK
6
CONTINUOUS
10
0.7449915354330708
20
0.4112858267716535
11
0.7429725196850393
21
0.4112306692913386
0
LINE
8
BLACK
6
CONTINUOUS
10
0.7429725196850393
20
0.4112306692913386
11
0.7036024409448819
21
0.4243540157480315
0
LINE
8
BLACK
6
CONTINUOUS
10
0.7036024409448819
20
0.4243540157480315
11
0.7027006692913386
21
0.4248423228346457
0
LINE
8
BLACK
6
CONTINUOUS
10
0.7027006692913386
20
0.4248423228346457
11
0.7026561417322834
21
0.4249147244094488
0
LINE
8
BLACK
6
CONTINUOUS
10
0.7026561417322834
20
0.4249147244094488
11
0.7025771259842519
21
0.4249459842519685
0
LINE
8
BLACK
6
CONTINUOUS
10
0.7025771259842519
20
0.4249459842519685
11
0.7021322834645669
21
0.4257674409448819
0
LINE
8
BLACK
6
CONTINUOUS
10
0.7021322834645669
20
0.4257674409448819
11
0.7016433858267717
21
0.4265632677165354
0
LINE
8
BLACK
6
CONTINUOUS
10
0.7016433858267717
20
0.4265632677165354
11
0.7016558267716535
21
0.4266473228346457
0
LINE
8
BLACK
6
CONTINUOUS
10
0.7016558267716535
20
0.4266473228346457
11
0.7016153543307087
21
0.426722125984252
0
LINE
8
BLACK
6
CONTINUOUS
10
0.7016153543307087
20
0.426722125984252
11
0.7018025984251969
21
0.4276372047244094
0
LINE
8
BLACK
6
CONTINUOUS
10
0.7018025984251969
20
0.4276372047244094
11
0.7018201968503937
21
0.427755905511811
0
LINE
8
BLACK
6
CONTINUOUS
10
0.7018201968503937
20
0.427755905511811
11
0.5797244094488189
21
0.427755905511811
0
LINE
8
BLACK
6
CONTINUOUS
10
0.5797244094488189
20
0.427755905511811
11
0.5783324803149607
21
0.4283324803149606
0
LINE
8
BLACK
6
CONTINUOUS
10
0.5783324803149607
20
0.4283324803149606
11
0.577755905511811
21
0.4297244094488189
0
LINE
8
BLACK
6
CONTINUOUS
10
0.577755905511811
20
0.4297244094488189
11
0.577755905511811
21
0.9202755905511811
0
LINE
8
BLACK
6
CONTINUOUS
10
0.577755905511811
20
0.9202755905511811
11
0.5783324803149607
21
0.9216675196850393
0
LINE
8
BLACK
6
CONTINUOUS
10
0.5783324803149607
20
0.9216675196850393
11
0.5797244094488189
21
0.922244094488189
0
LINE
8
BLACK
6
CONTINUOUS
10
0.5797244094488189
20
0.922244094488189
11
1.0702755905511812
21
0.922244094488189
0
LINE
8
BLACK
6
CONTINUOUS
10
0.7156755905511811
20
0.427755905511811
11
0.7138735826771654
21
0.4271552362204724
0
LINE
8
BLACK
6
CONTINUOUS
10
0.7138735826771654
20
0.4271552362204724
11
0.7297048818897638
21
0.4218781102362205
0
LINE
8
BLACK
6
CONTINUOUS
10
0.7297048818897638
20
0.4218781102362205
11
0.7297048818897638
21
0.427755905511811
0
LINE
8
BLACK
6
CONTINUOUS
10
0.7297048818897638
20
0.427755905511811
11
0.7156755905511811
21
0.427755905511811
0
LINE
8
BLACK
6
CONTINUOUS
10
0.7318608661417323
20
0.9183070866141733
11
0.7318608661417323
21
0.8883475984251968
0
LINE
8
BLACK
6
CONTINUOUS
10
0.7318608661417323
20
0.8883475984251968
11
0.7316827952755905
21
0.8873376771653543
0
LINE
8
BLACK
6
CONTINUOUS
10
0.7316827952755905
20
0.8873376771653543
11
0.7303844881889764
21
0.8857904330708661
0
LINE
8
BLACK
6
CONTINUOUS
10
0.7303844881889764
20
0.8857904330708661
11
0.7283953543307087
21
0.8854396850393701
0
LINE
8
BLACK
6
CONTINUOUS
10
0.7283953543307087
20
0.8854396850393701
11
0.7266461811023622
21
0.8864496062992125
0
LINE
8
BLACK
6
CONTINUOUS
10
0.7266461811023622
20
0.8864496062992125
11
0.7259553543307087
21
0.8883475984251968
0
LINE
8
BLACK
6
CONTINUOUS
10
0.7259553543307087
20
0.8883475984251968
11
0.7259553543307087
21
0.9183070866141733
0
LINE
8
BLACK
6
CONTINUOUS
10
0.7259553543307087
20
0.9183070866141733
11
0.5816929133858267
21
0.9183070866141733
0
LINE
8
BLACK
6
CONTINUOUS
10
0.5816929133858267
20
0.9183070866141733
11
0.5816929133858267
21
0.4316929133858268
0
LINE
8
BLACK
6
CONTINUOUS
10
0.5816929133858267
20
0.4316929133858268
11
0.708811811023622
21
0.4316929133858268
0
LINE
8
BLACK
6
CONTINUOUS
10
0.708811811023622
20
0.4316929133858268
11
0.7429725196850393
21
0.4430798031496063
0
LINE
8
BLACK
6
CONTINUOUS
10
0.7429725196850393
20
0.4430798031496063
11
0.7439868897637795
21
0.4432302362204724
0
LINE
8
BLACK
6
CONTINUOUS
10
0.7439868897637795
20
0.4432302362204724
11
0.7458653149606299
21
0.4424878346456693
0
LINE
8
BLACK
6
CONTINUOUS
10
0.7458653149606299
20
0.4424878346456693
11
0.7468270866141732
21
0.4407116929133858
0
LINE
8
BLACK
6
CONTINUOUS
10
0.7468270866141732
20
0.4407116929133858
11
0.7464221259842519
21
0.4387329133858268
0
LINE
8
BLACK
6
CONTINUOUS
10
0.7464221259842519
20
0.4387329133858268
11
0.7448399999999999
21
0.4374773622047244
0
LINE
8
BLACK
6
CONTINUOUS
10
0.7448399999999999
20
0.4374773622047244
11
0.7356103937007874
21
0.4344008267716535
0
LINE
8
BLACK
6
CONTINUOUS
10
0.7356103937007874
20
0.4344008267716535
11
0.7356103937007874
21
0.4316929133858268
0
LINE
8
BLACK
6
CONTINUOUS
10
0.7356103937007874
20
0.4316929133858268
11
1.0683070866141733
21
0.4316929133858268
0
LINE
8
BLACK
6
CONTINUOUS
10
1.0683070866141733
20
0.4316929133858268
11
1.0683070866141733
21
0.9183070866141733
0
LINE
8
BLACK
6
CONTINUOUS
10
1.0683070866141733
20
0.9183070866141733
11
0.7318608661417323
21
0.9183070866141733
0
LINE
8
BLACK
6
CONTINUOUS
10
0.7274866535433071
20
0.4316929133858268
11
0.7297048818897638
21
0.4316929133858268
0
LINE
8
BLACK
6
CONTINUOUS
10
0.7297048818897638
20
0.4316929133858268
11
0.7297048818897638
21
0.4324323228346457
0
LINE
8
BLACK
6
CONTINUOUS
10
0.7297048818897638
20
0.4324323228346457
11
0.7274866535433071
21
0.4316929133858268
0
LINE
8
BLACK
6
CONTINUOUS
10
0.7374170866141732
20
0.9623633464566929
11
0.7375523228346457
21
0.962249842519685
0
LINE
8
BLACK
6
CONTINUOUS
10
0.7375523228346457
20
0.962249842519685
11
0.7377276771653544
21
0.96222968503937
0
LINE
8
BLACK
6
CONTINUOUS
10
0.7377276771653544
20
0.96222968503937
11
0.7414772047244095
21
0.9603549212598425
0
LINE
8
BLACK
6
CONTINUOUS
10
0.7414772047244095
20
0.9603549212598425
11
0.7421861811023622
21
0.9598290551181102
0
LINE
8
BLACK
6
CONTINUOUS
10
0.7421861811023622
20
0.9598290551181102
11
0.7422445669291339
21
0.9598018503937008
0
LINE
8
BLACK
6
CONTINUOUS
10
0.7422445669291339
20
0.9598018503937008
11
0.7441193700787402
21
0.9579270866141733
0
LINE
8
BLACK
6
CONTINUOUS
10
0.7441193700787402
20
0.9579270866141733
11
0.7446257480314961
21
0.9572038976377952
0
LINE
8
BLACK
6
CONTINUOUS
10
0.7446257480314961
20
0.9572038976377952
11
0.7446725196850393
21
0.9571596456692913
0
LINE
8
BLACK
6
CONTINUOUS
10
0.7446725196850393
20
0.9571596456692913
11
0.7450042913385827
21
0.956496062992126
0
LINE
8
BLACK
6
CONTINUOUS
10
0.7450042913385827
20
0.956496062992126
11
1.104527559055118
21
0.956496062992126
0
LINE
8
BLACK
6
CONTINUOUS
10
1.104527559055118
20
0.956496062992126
11
1.1059194881889765
21
0.9559194881889763
0
LINE
8
BLACK
6
CONTINUOUS
10
1.1059194881889765
20
0.9559194881889763
11
1.1064960629921259
21
0.9545275590551181
0
LINE
8
BLACK
6
CONTINUOUS
10
1.1064960629921259
20
0.9545275590551181
11
1.1064960629921259
21
0.3954724409448819
0
LINE
8
BLACK
6
CONTINUOUS
10
1.1064960629921259
20
0.3954724409448819
11
1.1059194881889765
21
0.3940805118110236
0
LINE
8
BLACK
6
CONTINUOUS
10
1.1059194881889765
20
0.3940805118110236
11
1.104527559055118
21
0.393503937007874
0
LINE
8
BLACK
6
CONTINUOUS
10
1.104527559055118
20
0.393503937007874
11
0.7357990551181102
21
0.393503937007874
0
LINE
8
BLACK
6
CONTINUOUS
10
0.7357990551181102
20
0.393503937007874
11
0.7281113385826772
21
0.3881225196850394
0
LINE
8
BLACK
6
CONTINUOUS
10
0.7281113385826772
20
0.3881225196850394
11
0.7281113385826772
21
0.3832388582677165
0
LINE
8
BLACK
6
CONTINUOUS
10
0.7281113385826772
20
0.3832388582677165
11
0.7439062598425197
21
0.3832388582677165
0
LINE
8
BLACK
6
CONTINUOUS
10
0.7439062598425197
20
0.3832388582677165
11
0.7449161811023622
21
0.3830607874015748
0
LINE
8
BLACK
6
CONTINUOUS
10
0.7449161811023622
20
0.3830607874015748
11
0.7464634251968504
21
0.3817624803149606
0
LINE
8
BLACK
6
CONTINUOUS
10
0.7464634251968504
20
0.3817624803149606
11
0.7468141732283464
21
0.3797733464566929
0
LINE
8
BLACK
6
CONTINUOUS
10
0.7468141732283464
20
0.3797733464566929
11
0.745804251968504
21
0.3780241732283465
0
LINE
8
BLACK
6
CONTINUOUS
10
0.745804251968504
20
0.3780241732283465
11
0.7439062598425197
21
0.3773333464566929
0
LINE
8
BLACK
6
CONTINUOUS
10
0.7439062598425197
20
0.3773333464566929
11
0.7045361811023622
21
0.3773333464566929
0
LINE
8
BLACK
6
CONTINUOUS
10
0.7045361811023622
20
0.3773333464566929
11
0.7041526377952756
21
0.3774009448818897
0
LINE
8
BLACK
6
CONTINUOUS
10
0.7041526377952756
20
0.3774009448818897
11
0.7040234251968503
21
0.3773781889763779
0
LINE
8
BLACK
6
CONTINUOUS
10
0.7040234251968503
20
0.3773781889763779
11
0.7039098031496063
21
0.377443779527559
0
LINE
8
BLACK
6
CONTINUOUS
10
0.7039098031496063
20
0.377443779527559
11
0.7035262598425197
21
0.3775114173228347
0
LINE
8
BLACK
6
CONTINUOUS
10
0.7035262598425197
20
0.3775114173228347
11
0.7029385433070866
21
0.3780045275590551
0
LINE
8
BLACK
6
CONTINUOUS
10
0.7029385433070866
20
0.3780045275590551
11
0.7022742519685039
21
0.3783881102362205
0
LINE
8
BLACK
6
CONTINUOUS
10
0.7022742519685039
20
0.3783881102362205
11
0.7021831102362205
21
0.3786384251968504
0
LINE
8
BLACK
6
CONTINUOUS
10
0.7021831102362205
20
0.3786384251968504
11
0.7019790157480315
21
0.3788097244094488
0
LINE
8
BLACK
6
CONTINUOUS
10
0.7019790157480315
20
0.3788097244094488
11
0.701845748031496
21
0.3795652755905512
0
LINE
8
BLACK
6
CONTINUOUS
10
0.701845748031496
20
0.3795652755905512
11
0.7015834251968504
21
0.3802861023622047
0
LINE
8
BLACK
6
CONTINUOUS
10
0.7015834251968504
20
0.3802861023622047
11
0.7015834251968504
21
0.393503937007874
0
LINE
8
BLACK
6
CONTINUOUS
10
0.7015834251968504
20
0.393503937007874
11
0.5454724409448819
21
0.393503937007874
0
LINE
8
BLACK
6
CONTINUOUS
10
0.5454724409448819
20
0.393503937007874
11
0.5440805118110236
21
0.3940805118110236
0
LINE
8
BLACK
6
CONTINUOUS
10
0.5440805118110236
20
0.3940805118110236
11
0.543503937007874
21
0.3954724409448819
0
LINE
8
BLACK
6
CONTINUOUS
10
0.543503937007874
20
0.3954724409448819
11
0.543503937007874
21
0.9545275590551181
0
LINE
8
BLACK
6
CONTINUOUS
10
0.543503937007874
20
0.9545275590551181
11
0.5440805118110236
21
0.9559194881889763
0
LINE
8
BLACK
6
CONTINUOUS
10
0.5440805118110236
20
0.9559194881889763
11
0.5454724409448819
21
0.956496062992126
0
LINE
8
BLACK
6
CONTINUOUS
10
0.5454724409448819
20
0.956496062992126
11
0.704766811023622
21
0.956496062992126
0
LINE
8
BLACK
6
CONTINUOUS
10
0.704766811023622
20
0.956496062992126
11
0.7061977952755906
21
0.9579270472440945
0
LINE
8
BLACK
6
CONTINUOUS
10
0.7061977952755906
20
0.9579270472440945
11
0.7069208661417322
21
0.9584333070866141
0
LINE
8
BLACK
6
CONTINUOUS
10
0.7069208661417322
20
0.9584333070866141
11
0.7069651968503937
21
0.9584801574803149
0
LINE
8
BLACK
6
CONTINUOUS
10
0.7069651968503937
20
0.9584801574803149
11
0.7107147244094488
21
0.9603549212598425
0
LINE
8
BLACK
6
CONTINUOUS
10
0.7107147244094488
20
0.9603549212598425
11
0.7116976377952756
21
0.960647283464567
0
LINE
8
BLACK
6
CONTINUOUS
10
0.7116976377952756
20
0.960647283464567
11
0.7118693307086614
21
0.9606062598425197
0
LINE
8
BLACK
6
CONTINUOUS
10
0.7118693307086614
20
0.9606062598425197
11
0.7120352362204724
21
0.960666653543307
0
LINE
8
BLACK
6
CONTINUOUS
10
0.7120352362204724
20
0.960666653543307
11
0.7157847637795275
21
0.960666653543307
0
LINE
8
BLACK
6
CONTINUOUS
10
0.7157847637795275
20
0.960666653543307
11
0.71679468503937
21
0.9604885826771653
0
LINE
8
BLACK
6
CONTINUOUS
10
0.71679468503937
20
0.9604885826771653
11
0.7169299212598425
21
0.9603750787401575
0
LINE
8
BLACK
6
CONTINUOUS
10
0.7169299212598425
20
0.9603750787401575
11
0.7171052755905511
21
0.9603549212598425
0
LINE
8
BLACK
6
CONTINUOUS
10
0.7171052755905511
20
0.9603549212598425
11
0.7208548031496063
21
0.9584801574803149
0
LINE
8
BLACK
6
CONTINUOUS
10
0.7208548031496063
20
0.9584801574803149
11
0.7215638582677165
21
0.9579542125984252
0
LINE
8
BLACK
6
CONTINUOUS
10
0.7215638582677165
20
0.9579542125984252
11
0.7216222047244094
21
0.9579270472440945
0
LINE
8
BLACK
6
CONTINUOUS
10
0.7216222047244094
20
0.9579270472440945
11
0.7225045275590551
21
0.95704468503937
0
LINE
8
BLACK
6
CONTINUOUS
10
0.7225045275590551
20
0.95704468503937
11
0.7228456299212598
21
0.9576746456692913
0
LINE
8
BLACK
6
CONTINUOUS
10
0.7228456299212598
20
0.9576746456692913
11
0.7229960629921259
21
0.9577670472440944
0
LINE
8
BLACK
6
CONTINUOUS
10
0.7229960629921259
20
0.9577670472440944
11
0.7230706692913386
21
0.9579270472440945
0
LINE
8
BLACK
6
CONTINUOUS
10
0.7230706692913386
20
0.9579270472440945
11
0.7249454330708661
21
0.9598018110236221
0
LINE
8
BLACK
6
CONTINUOUS
10
0.7249454330708661
20
0.9598018110236221
11
0.7256685039370079
21
0.9603080708661417
0
LINE
8
BLACK
6
CONTINUOUS
10
0.7256685039370079
20
0.9603080708661417
11
0.7257128346456693
21
0.9603549212598425
0
LINE
8
BLACK
6
CONTINUOUS
10
0.7257128346456693
20
0.9603549212598425
11
0.7294623622047244
21
0.96222968503937
0
LINE
8
BLACK
6
CONTINUOUS
10
0.7294623622047244
20
0.96222968503937
11
0.7304452755905512
21
0.9625220472440945
0
LINE
8
BLACK
6
CONTINUOUS
10
0.7304452755905512
20
0.9625220472440945
11
0.730616968503937
21
0.9624810236220472
0
LINE
8
BLACK
6
CONTINUOUS
10
0.730616968503937
20
0.9624810236220472
11
0.730782874015748
21
0.9625414173228346
0
LINE
8
BLACK
6
CONTINUOUS
10
0.730782874015748
20
0.9625414173228346
11
0.7364071653543307
21
0.9625414173228346
0
LINE
8
BLACK
6
CONTINUOUS
10
0.7364071653543307
20
0.9625414173228346
11
0.7374170866141732
21
0.9623633464566929
0
LINE
8
BLACK
6
CONTINUOUS
10
0.707488937007874
20
0.393503937007874
11
0.707488937007874
21
0.3832388582677165
0
LINE
8
BLACK
6
CONTINUOUS
10
0.707488937007874
20
0.3832388582677165
11
0.7222058267716536
21
0.3832388582677165
0
LINE
8
BLACK
6
CONTINUOUS
10
0.7222058267716536
20
0.3832388582677165
11
0.7222058267716536
21
0.393503937007874
0
LINE
8
BLACK
6
CONTINUOUS
10
0.7222058267716536
20
0.393503937007874
11
0.707488937007874
21
0.393503937007874
0
LINE
8
BLACK
6
CONTINUOUS
10
0.7468004330708661
20
0.9525590551181102
11
0.7468396456692913
21
0.9524272047244094
0
LINE
8
BLACK
6
CONTINUOUS
10
0.7468396456692913
20
0.9524272047244094
11
0.7467986220472441
21
0.9522554724409449
0
LINE
8
BLACK
6
CONTINUOUS
10
0.7467986220472441
20
0.9522554724409449
11
0.7468590157480315
21
0.9520896062992126
0
LINE
8
BLACK
6
CONTINUOUS
10
0.7468590157480315
20
0.9520896062992126
11
0.7468590157480315
21
0.9370914960629921
0
LINE
8
BLACK
6
CONTINUOUS
10
0.7468590157480315
20
0.9370914960629921
11
0.7467913779527559
21
0.9367079527559055
0
LINE
8
BLACK
6
CONTINUOUS
10
0.7467913779527559
20
0.9367079527559055
11
0.7468141732283464
21
0.9365787401574803
0
LINE
8
BLACK
6
CONTINUOUS
10
0.7468141732283464
20
0.9365787401574803
11
0.7467485433070866
21
0.9364651181102362
0
LINE
8
BLACK
6
CONTINUOUS
10
0.7467485433070866
20
0.9364651181102362
11
0.7466809448818897
21
0.9360815748031496
0
LINE
8
BLACK
6
CONTINUOUS
10
0.7466809448818897
20
0.9360815748031496
11
0.7461877952755905
21
0.9354938582677165
0
LINE
8
BLACK
6
CONTINUOUS
10
0.7461877952755905
20
0.9354938582677165
11
0.745804251968504
21
0.9348295669291339
0
LINE
8
BLACK
6
CONTINUOUS
10
0.745804251968504
20
0.9348295669291339
11
0.7455538976377952
21
0.9347384251968504
0
LINE
8
BLACK
6
CONTINUOUS
10
0.7455538976377952
20
0.9347384251968504
11
0.7453826377952756
21
0.9345343307086614
0
LINE
8
BLACK
6
CONTINUOUS
10
0.7453826377952756
20
0.9345343307086614
11
0.7446270472440945
21
0.934401062992126
0
LINE
8
BLACK
6
CONTINUOUS
10
0.7446270472440945
20
0.934401062992126
11
0.7439062598425197
21
0.9341387401574803
0
LINE
8
BLACK
6
CONTINUOUS
10
0.7439062598425197
20
0.9341387401574803
11
0.7045361811023622
21
0.9341387401574803
0
LINE
8
BLACK
6
CONTINUOUS
10
0.7045361811023622
20
0.9341387401574803
11
0.7041526377952756
21
0.9342063385826771
0
LINE
8
BLACK
6
CONTINUOUS
10
0.7041526377952756
20
0.9342063385826771
11
0.7040234251968503
21
0.9341835826771653
0
LINE
8
BLACK
6
CONTINUOUS
10
0.7040234251968503
20
0.9341835826771653
11
0.7039098031496063
21
0.9342491732283464
0
LINE
8
BLACK
6
CONTINUOUS
10
0.7039098031496063
20
0.9342491732283464
11
0.7035262598425197
21
0.9343168110236221
0
LINE
8
BLACK
6
CONTINUOUS
10
0.7035262598425197
20
0.9343168110236221
11
0.7029385433070866
21
0.9348099212598425
0
LINE
8
BLACK
6
CONTINUOUS
10
0.7029385433070866
20
0.9348099212598425
11
0.7022742519685039
21
0.9351935039370078
0
LINE
8
BLACK
6
CONTINUOUS
10
0.7022742519685039
20
0.9351935039370078
11
0.7021831102362205
21
0.9354438188976377
0
LINE
8
BLACK
6
CONTINUOUS
10
0.7021831102362205
20
0.9354438188976377
11
0.7019790157480315
21
0.9356151181102362
0
LINE
8
BLACK
6
CONTINUOUS
10
0.7019790157480315
20
0.9356151181102362
11
0.701845748031496
21
0.9363706692913386
0
LINE
8
BLACK
6
CONTINUOUS
10
0.701845748031496
20
0.9363706692913386
11
0.7015834251968504
21
0.9370914960629921
0
LINE
8
BLACK
6
CONTINUOUS
10
0.7015834251968504
20
0.9370914960629921
11
0.7015834251968504
21
0.950214842519685
0
LINE
8
BLACK
6
CONTINUOUS
10
0.7015834251968504
20
0.950214842519685
11
0.7017614960629921
21
0.9512247637795276
0
LINE
8
BLACK
6
CONTINUOUS
10
0.7017614960629921
20
0.9512247637795276
11
0.7018749606299213
21
0.95136
0
LINE
8
BLACK
6
CONTINUOUS
10
0.7018749606299213
20
0.95136
11
0.7018951574803149
21
0.9515353543307087
0
LINE
8
BLACK
6
CONTINUOUS
10
0.7018951574803149
20
0.9515353543307087
11
0.7024070078740158
21
0.9525590551181102
0
LINE
8
BLACK
6
CONTINUOUS
10
0.7024070078740158
20
0.9525590551181102
11
0.5474409448818898
21
0.9525590551181102
0
LINE
8
BLACK
6
CONTINUOUS
10
0.5474409448818898
20
0.9525590551181102
11
0.5474409448818898
21
0.3974409448818897
0
LINE
8
BLACK
6
CONTINUOUS
10
0.5474409448818898
20
0.3974409448818897
11
0.7023132677165355
21
0.3974409448818897
0
LINE
8
BLACK
6
CONTINUOUS
10
0.7023132677165355
20
0.3974409448818897
11
0.7037699212598425
21
0.4003542519685039
0
LINE
8
BLACK
6
CONTINUOUS
10
0.7037699212598425
20
0.4003542519685039
11
0.7042958267716535
21
0.4010633070866141
0
LINE
8
BLACK
6
CONTINUOUS
10
0.7042958267716535
20
0.4010633070866141
11
0.704323031496063
21
0.4011216535433071
0
LINE
8
BLACK
6
CONTINUOUS
10
0.704323031496063
20
0.4011216535433071
11
0.7061977952755906
21
0.4029964173228346
0
LINE
8
BLACK
6
CONTINUOUS
10
0.7061977952755906
20
0.4029964173228346
11
0.7069208661417322
21
0.4035026771653543
0
LINE
8
BLACK
6
CONTINUOUS
10
0.7069208661417322
20
0.4035026771653543
11
0.7069651968503937
21
0.4035495275590551
0
LINE
8
BLACK
6
CONTINUOUS
10
0.7069651968503937
20
0.4035495275590551
11
0.7107147244094488
21
0.4054242913385827
0
LINE
8
BLACK
6
CONTINUOUS
10
0.7107147244094488
20
0.4054242913385827
11
0.7116976377952756
21
0.4057166535433071
0
LINE
8
BLACK
6
CONTINUOUS
10
0.7116976377952756
20
0.4057166535433071
11
0.7118693307086614
21
0.4056756299212598
0
LINE
8
BLACK
6
CONTINUOUS
10
0.7118693307086614
20
0.4056756299212598
11
0.7120352362204724
21
0.4057360236220472
0
LINE
8
BLACK
6
CONTINUOUS
10
0.7120352362204724
20
0.4057360236220472
11
0.7176595275590552
21
0.4057360236220472
0
LINE
8
BLACK
6
CONTINUOUS
10
0.7176595275590552
20
0.4057360236220472
11
0.7186694488188976
21
0.4055579527559055
0
LINE
8
BLACK
6
CONTINUOUS
10
0.7186694488188976
20
0.4055579527559055
11
0.7188046850393701
21
0.4054444488188976
0
LINE
8
BLACK
6
CONTINUOUS
10
0.7188046850393701
20
0.4054444488188976
11
0.7189800393700787
21
0.4054242913385827
0
LINE
8
BLACK
6
CONTINUOUS
10
0.7189800393700787
20
0.4054242913385827
11
0.7227295669291338
21
0.4035495275590551
0
LINE
8
BLACK
6
CONTINUOUS
10
0.7227295669291338
20
0.4035495275590551
11
0.7234386220472441
21
0.4030235826771654
0
LINE
8
BLACK
6
CONTINUOUS
10
0.7234386220472441
20
0.4030235826771654
11
0.723496968503937
21
0.4029964173228346
0
LINE
8
BLACK
6
CONTINUOUS
10
0.723496968503937
20
0.4029964173228346
11
0.7253717322834645
21
0.4011216535433071
0
LINE
8
BLACK
6
CONTINUOUS
10
0.7253717322834645
20
0.4011216535433071
11
0.7258779921259843
21
0.4003985433070866
0
LINE
8
BLACK
6
CONTINUOUS
10
0.7258779921259843
20
0.4003985433070866
11
0.725924842519685
21
0.4003542519685039
0
LINE
8
BLACK
6
CONTINUOUS
10
0.725924842519685
20
0.4003542519685039
11
0.7273814960629921
21
0.3974409448818897
0
LINE
8
BLACK
6
CONTINUOUS
10
0.7273814960629921
20
0.3974409448818897
11
0.7311253937007874
21
0.3974409448818897
0
LINE
8
BLACK
6
CONTINUOUS
10
0.7311253937007874
20
0.3974409448818897
11
0.7422129921259842
21
0.4052022834645669
0
LINE
8
BLACK
6
CONTINUOUS
10
0.7422129921259842
20
0.4052022834645669
11
0.7431424409448819
21
0.4056355511811023
0
LINE
8
BLACK
6
CONTINUOUS
10
0.7431424409448819
20
0.4056355511811023
11
0.7451545275590551
21
0.4054592125984252
0
LINE
8
BLACK
6
CONTINUOUS
10
0.7451545275590551
20
0.4054592125984252
11
0.7465825590551181
21
0.4040307874015748
0
LINE
8
BLACK
6
CONTINUOUS
10
0.7465825590551181
20
0.4040307874015748
11
0.7467583070866142
21
0.4020186614173228
0
LINE
8
BLACK
6
CONTINUOUS
10
0.7467583070866142
20
0.4020186614173228
11
0.7455995669291339
21
0.4003642913385826
0
LINE
8
BLACK
6
CONTINUOUS
10
0.7455995669291339
20
0.4003642913385826
11
0.7414233464566929
21
0.3974409448818897
0
LINE
8
BLACK
6
CONTINUOUS
10
0.7414233464566929
20
0.3974409448818897
11
1.1025590551181101
21
0.3974409448818897
0
LINE
8
BLACK
6
CONTINUOUS
10
1.1025590551181101
20
0.3974409448818897
11
1.1025590551181101
21
0.9525590551181102
0
LINE
8
BLACK
6
CONTINUOUS
10
1.1025590551181101
20
0.9525590551181102
11
0.7468004330708661
21
0.9525590551181102
0
LINE
8
BLACK
6
CONTINUOUS
10
0.7100348031496063
20
0.3984817716535433
11
0.7089939763779527
21
0.3974409448818897
0
LINE
8
BLACK
6
CONTINUOUS
10
0.7089939763779527
20
0.3974409448818897
11
0.7207007874015748
21
0.3974409448818897
0
LINE
8
BLACK
6
CONTINUOUS
10
0.7207007874015748
20
0.3974409448818897
11
0.7196599606299212
21
0.3984817716535433
0
LINE
8
BLACK
6
CONTINUOUS
10
0.7196599606299212
20
0.3984817716535433
11
0.7169624803149606
21
0.3998305118110236
0
LINE
8
BLACK
6
CONTINUOUS
10
0.7169624803149606
20
0.3998305118110236
11
0.712732283464567
21
0.3998305118110236
0
LINE
8
BLACK
6
CONTINUOUS
10
0.712732283464567
20
0.3998305118110236
11
0.7100348031496063
21
0.3984817716535433
0
LINE
8
BLACK
6
CONTINUOUS
10
0.7091814566929133
20
0.9525590551181102
11
0.7088376771653543
21
0.9522152755905512
0
LINE
8
BLACK
6
CONTINUOUS
10
0.7088376771653543
20
0.9522152755905512
11
0.707488937007874
21
0.9495177952755905
0
LINE
8
BLACK
6
CONTINUOUS
10
0.707488937007874
20
0.9495177952755905
11
0.707488937007874
21
0.9400442519685039
0
LINE
8
BLACK
6
CONTINUOUS
10
0.707488937007874
20
0.9400442519685039
11
0.720331062992126
21
0.9400442519685039
0
LINE
8
BLACK
6
CONTINUOUS
10
0.720331062992126
20
0.9400442519685039
11
0.720331062992126
21
0.9495177952755905
0
LINE
8
BLACK
6
CONTINUOUS
10
0.720331062992126
20
0.9495177952755905
11
0.7189823228346457
21
0.9522152755905512
0
LINE
8
BLACK
6
CONTINUOUS
10
0.7189823228346457
20
0.9522152755905512
11
0.7186385433070867
21
0.9525590551181102
0
LINE
8
BLACK
6
CONTINUOUS
10
0.7186385433070867
20
0.9525590551181102
11
0.7091814566929133
21
0.9525590551181102
0
LINE
8
BLACK
6
CONTINUOUS
10
0.7271776771653543
20
0.9525590551181102
11
0.7262365748031496
21
0.9497356692913386
0
LINE
8
BLACK
6
CONTINUOUS
10
0.7262365748031496
20
0.9497356692913386
11
0.7262365748031496
21
0.9400442519685039
0
LINE
8
BLACK
6
CONTINUOUS
10
0.7262365748031496
20
0.9400442519685039
11
0.7409535039370079
21
0.9400442519685039
0
LINE
8
BLACK
6
CONTINUOUS
10
0.7409535039370079
20
0.9400442519685039
11
0.7409535039370079
21
0.9513925590551181
0
LINE
8
BLACK
6
CONTINUOUS
10
0.7409535039370079
20
0.9513925590551181
11
0.7403702362204724
21
0.9525590551181102
0
LINE
8
BLACK
6
CONTINUOUS
10
0.7403702362204724
20
0.9525590551181102
11
0.7271776771653543
21
0.9525590551181102
0
LINE
8
BLACK
6
CONTINUOUS
10
0.7312002362204725
20
0.956496062992126
11
0.7359898031496063
21
0.956496062992126
0
LINE
8
BLACK
6
CONTINUOUS
10
0.7359898031496063
20
0.956496062992126
11
0.7357101181102362
21
0.956635905511811
0
LINE
8
BLACK
6
CONTINUOUS
10
0.7357101181102362
20
0.956635905511811
11
0.7314799212598425
21
0.956635905511811
0
LINE
8
BLACK
6
CONTINUOUS
10
0.7314799212598425
20
0.956635905511811
11
0.7312002362204725
21
0.956496062992126
0
LINE
8
BLACK
6
CONTINUOUS
10
1.9058082283464566
20
0.5121766141732284
11
1.9061738976377953
21
0.5121506692913386
0
LINE
8
BLACK
6
CONTINUOUS
10
1.9061738976377953
20
0.5121506692913386
11
1.9080486614173229
21
0.5112132677165354
0
LINE
8
BLACK
6
CONTINUOUS
10
1.9080486614173229
20
0.5112132677165354
11
1.9082184251968504
21
0.5110174803149606
0
LINE
8
BLACK
6
CONTINUOUS
10
1.9082184251968504
20
0.5110174803149606
11
1.9084579133858268
21
0.5109183070866141
0
LINE
8
BLACK
6
CONTINUOUS
10
1.9084579133858268
20
0.5109183070866141
11
1.90939531496063
21
0.5099809448818897
0
LINE
8
BLACK
6
CONTINUOUS
10
1.90939531496063
20
0.5099809448818897
11
1.9094945275590551
21
0.5097413779527559
0
LINE
8
BLACK
6
CONTINUOUS
10
1.9094945275590551
20
0.5097413779527559
11
1.9096903149606299
21
0.5095716141732284
0
LINE
8
BLACK
6
CONTINUOUS
10
1.9096903149606299
20
0.5095716141732284
11
1.9106276771653543
21
0.5076968897637795
0
LINE
8
BLACK
6
CONTINUOUS
10
1.9106276771653543
20
0.5076968897637795
11
1.9106536220472441
21
0.5073312204724409
0
LINE
8
BLACK
6
CONTINUOUS
10
1.9106536220472441
20
0.5073312204724409
11
1.9107939370078739
21
0.5069925984251968
0
LINE
8
BLACK
6
CONTINUOUS
10
1.9107939370078739
20
0.5069925984251968
11
1.9107939370078739
21
0.5041804330708661
0
LINE
8
BLACK
6
CONTINUOUS
10
1.9107939370078739
20
0.5041804330708661
11
1.9106536220472441
21
0.5038417716535433
0
LINE
8
BLACK
6
CONTINUOUS
10
1.9106536220472441
20
0.5038417716535433
11
1.9106276771653543
21
0.5034761417322835
0
LINE
8
BLACK
6
CONTINUOUS
10
1.9106276771653543
20
0.5034761417322835
11
1.9096903149606299
21
0.5016014173228346
0
LINE
8
BLACK
6
CONTINUOUS
10
1.9096903149606299
20
0.5016014173228346
11
1.9094945275590551
21
0.5014316141732283
0
LINE
8
BLACK
6
CONTINUOUS
10
1.9094945275590551
20
0.5014316141732283
11
1.90939531496063
21
0.5011920866141732
0
LINE
8
BLACK
6
CONTINUOUS
10
1.90939531496063
20
0.5011920866141732
11
1.9084579133858268
21
0.5002547244094488
0
LINE
8
BLACK
6
CONTINUOUS
10
1.9084579133858268
20
0.5002547244094488
11
1.9082184251968504
21
0.5001555118110236
0
LINE
8
BLACK
6
CONTINUOUS
10
1.9082184251968504
20
0.5001555118110236
11
1.9080486614173229
21
0.4999597637795276
0
LINE
8
BLACK
6
CONTINUOUS
10
1.9080486614173229
20
0.4999597637795276
11
1.9061738976377953
21
0.4990223622047244
0
LINE
8
BLACK
6
CONTINUOUS
10
1.9061738976377953
20
0.4990223622047244
11
1.9058082283464566
21
0.4989963779527559
0
LINE
8
BLACK
6
CONTINUOUS
10
1.9058082283464566
20
0.4989963779527559
11
1.9056343307086614
21
0.4989243307086614
0
LINE
8
BLACK
6
CONTINUOUS
10
1.9056343307086614
20
0.4989243307086614
11
1.9105092519685039
21
0.491960157480315
0
LINE
8
BLACK
6
CONTINUOUS
10
1.9105092519685039
20
0.491960157480315
11
1.9107699606299213
21
0.4907833858267717
0
LINE
8
BLACK
6
CONTINUOUS
10
1.9107699606299213
20
0.4907833858267717
11
1.9101222440944881
21
0.4897669291338583
0
LINE
8
BLACK
6
CONTINUOUS
10
1.9101222440944881
20
0.4897669291338583
11
1.9089454724409449
21
0.4895062598425197
0
LINE
8
BLACK
6
CONTINUOUS
10
1.9089454724409449
20
0.4895062598425197
11
1.9079290157480315
21
0.4901539763779528
0
LINE
8
BLACK
6
CONTINUOUS
10
1.9079290157480315
20
0.4901539763779528
11
1.901837559055118
21
0.4988561023622047
0
LINE
8
BLACK
6
CONTINUOUS
10
1.901837559055118
20
0.4988561023622047
11
1.8995453543307086
21
0.4988561023622047
0
LINE
8
BLACK
6
CONTINUOUS
10
1.8995453543307086
20
0.4988561023622047
11
1.8995453543307086
21
0.4910570866141732
0
LINE
8
BLACK
6
CONTINUOUS
10
1.8995453543307086
20
0.4910570866141732
11
1.8990840944881888
21
0.4899435433070866
0
LINE
8
BLACK
6
CONTINUOUS
10
1.8990840944881888
20
0.4899435433070866
11
1.8979705511811023
21
0.4894822834645669
0
LINE
8
BLACK
6
CONTINUOUS
10
1.8979705511811023
20
0.4894822834645669
11
1.8968570078740157
21
0.4899435433070866
0
LINE
8
BLACK
6
CONTINUOUS
10
1.8968570078740157
20
0.4899435433070866
11
1.8963957480314959
21
0.4910570866141732
0
LINE
8
BLACK
6
CONTINUOUS
10
1.8963957480314959
20
0.4910570866141732
11
1.8963957480314959
21
0.5107421259842519
0
LINE
8
BLACK
6
CONTINUOUS
10
1.8963957480314959
20
0.5107421259842519
11
1.8968570078740157
21
0.5118556692913385
0
LINE
8
BLACK
6
CONTINUOUS
10
1.8968570078740157
20
0.5118556692913385
11
1.8979705511811023
21
0.5123169291338583
0
LINE
8
BLACK
6
CONTINUOUS
10
1.8979705511811023
20
0.5123169291338583
11
1.9054696062992125
21
0.5123169291338583
0
LINE
8
BLACK
6
CONTINUOUS
10
1.9054696062992125
20
0.5123169291338583
11
1.9058082283464566
21
0.5121766141732284
0
LINE
8
BLACK
6
CONTINUOUS
10
1.8995453543307086
20
0.5020057086614174
11
1.9050978346456693
21
0.5020057086614174
0
LINE
8
BLACK
6
CONTINUOUS
10
1.9050978346456693
20
0.5020057086614174
11
1.9064114960629921
21
0.5026625590551181
0
LINE
8
BLACK
6
CONTINUOUS
10
1.9064114960629921
20
0.5026625590551181
11
1.9069875196850394
21
0.5032385039370079
0
LINE
8
BLACK
6
CONTINUOUS
10
1.9069875196850394
20
0.5032385039370079
11
1.9076443307086615
21
0.5045521259842519
0
LINE
8
BLACK
6
CONTINUOUS
10
1.9076443307086615
20
0.5045521259842519
11
1.9076443307086615
21
0.5066208661417323
0
LINE
8
BLACK
6
CONTINUOUS
10
1.9076443307086615
20
0.5066208661417323
11
1.9069875196850394
21
0.5079344881889764
0
LINE
8
BLACK
6
CONTINUOUS
10
1.9069875196850394
20
0.5079344881889764
11
1.9064114960629921
21
0.5085104330708661
0
LINE
8
BLACK
6
CONTINUOUS
10
1.9064114960629921
20
0.5085104330708661
11
1.9050978346456693
21
0.5091673228346456
0
LINE
8
BLACK
6
CONTINUOUS
10
1.9050978346456693
20
0.5091673228346456
11
1.8995453543307086
21
0.5091673228346456
0
LINE
8
BLACK
6
CONTINUOUS
10
1.8995453543307086
20
0.5091673228346456
11
1.8995453543307086
21
0.5020057086614174
0
LINE
8
BLACK
6
CONTINUOUS
10
1.9245559055118109
20
0.5121766141732284
11
1.9249215748031496
21
0.5121506692913386
0
LINE
8
BLACK
6
CONTINUOUS
10
1.9249215748031496
20
0.5121506692913386
11
1.9267963385826772
21
0.5112132677165354
0
LINE
8
BLACK
6
CONTINUOUS
10
1.9267963385826772
20
0.5112132677165354
11
1.9269661417322834
21
0.5110174409448819
0
LINE
8
BLACK
6
CONTINUOUS
10
1.9269661417322834
20
0.5110174409448819
11
1.9272055905511811
21
0.5109182677165354
0
LINE
8
BLACK
6
CONTINUOUS
10
1.9272055905511811
20
0.5109182677165354
11
1.9281429527559055
21
0.509980905511811
0
LINE
8
BLACK
6
CONTINUOUS
10
1.9281429527559055
20
0.509980905511811
11
1.9282421259842519
21
0.5097414566929134
0
LINE
8
BLACK
6
CONTINUOUS
10
1.9282421259842519
20
0.5097414566929134
11
1.9284379527559055
21
0.509571653543307
0
LINE
8
BLACK
6
CONTINUOUS
10
1.9284379527559055
20
0.509571653543307
11
1.9293753543307086
21
0.5076968897637795
0
LINE
8
BLACK
6
CONTINUOUS
10
1.9293753543307086
20
0.5076968897637795
11
1.9294012992125984
21
0.5073312204724409
0
LINE
8
BLACK
6
CONTINUOUS
10
1.9294012992125984
20
0.5073312204724409
11
1.9295416141732282
21
0.5069925984251968
0
LINE
8
BLACK
6
CONTINUOUS
10
1.9295416141732282
20
0.5069925984251968
11
1.9295416141732282
21
0.5060551968503937
0
LINE
8
BLACK
6
CONTINUOUS
10
1.9295416141732282
20
0.5060551968503937
11
1.9294012992125984
21
0.5057165354330708
0
LINE
8
BLACK
6
CONTINUOUS
10
1.9294012992125984
20
0.5057165354330708
11
1.9293753543307086
21
0.5053509055118111
0
LINE
8
BLACK
6
CONTINUOUS
10
1.9293753543307086
20
0.5053509055118111
11
1.9284379527559055
21
0.5034761417322835
0
LINE
8
BLACK
6
CONTINUOUS
10
1.9284379527559055
20
0.5034761417322835
11
1.9282421259842519
21
0.5033062992125984
0
LINE
8
BLACK
6
CONTINUOUS
10
1.9282421259842519
20
0.5033062992125984
11
1.9281429527559055
21
0.5030668897637796
0
LINE
8
BLACK
6
CONTINUOUS
10
1.9281429527559055
20
0.5030668897637796
11
1.9273817322834645
21
0.5023056692913386
0
LINE
8
BLACK
6
CONTINUOUS
10
1.9273817322834645
20
0.5023056692913386
11
1.9281429921259843
21
0.5015444094488188
0
LINE
8
BLACK
6
CONTINUOUS
10
1.9281429921259843
20
0.5015444094488188
11
1.9282421259842519
21
0.501305
0
LINE
8
BLACK
6
CONTINUOUS
10
1.9282421259842519
20
0.501305
11
1.9284379527559055
21
0.5011351968503936
0
LINE
8
BLACK
6
CONTINUOUS
10
1.9284379527559055
20
0.5011351968503936
11
1.9293753543307086
21
0.4992604330708661
0
LINE
8
BLACK
6
CONTINUOUS
10
1.9293753543307086
20
0.4992604330708661
11
1.9294012992125984
21
0.4988947637795276
0
LINE
8
BLACK
6
CONTINUOUS
10
1.9294012992125984
20
0.4988947637795276
11
1.9295416141732282
21
0.4985561417322835
0
LINE
8
BLACK
6
CONTINUOUS
10
1.9295416141732282
20
0.4985561417322835
11
1.9295416141732282
21
0.4948066141732284
0
LINE
8
BLACK
6
CONTINUOUS
10
1.9295416141732282
20
0.4948066141732284
11
1.9294012992125984
21
0.4944679527559055
0
LINE
8
BLACK
6
CONTINUOUS
10
1.9294012992125984
20
0.4944679527559055
11
1.9293753543307086
21
0.4941023228346457
0
LINE
8
BLACK
6
CONTINUOUS
10
1.9293753543307086
20
0.4941023228346457
11
1.9284379527559055
21
0.4922275590551181
0
LINE
8
BLACK
6
CONTINUOUS
10
1.9284379527559055
20
0.4922275590551181
11
1.9282421259842519
21
0.4920577165354331
0
LINE
8
BLACK
6
CONTINUOUS
10
1.9282421259842519
20
0.4920577165354331
11
1.9281429527559055
21
0.4918183070866142
0
LINE
8
BLACK
6
CONTINUOUS
10
1.9281429527559055
20
0.4918183070866142
11
1.9272055905511811
21
0.4908809448818898
0
LINE
8
BLACK
6
CONTINUOUS
10
1.9272055905511811
20
0.4908809448818898
11
1.9269661417322834
21
0.4907817322834646
0
LINE
8
BLACK
6
CONTINUOUS
10
1.9269661417322834
20
0.4907817322834646
11
1.9267963385826772
21
0.4905859448818898
0
LINE
8
BLACK
6
CONTINUOUS
10
1.9267963385826772
20
0.4905859448818898
11
1.9249215748031496
21
0.4896485433070866
0
LINE
8
BLACK
6
CONTINUOUS
10
1.9249215748031496
20
0.4896485433070866
11
1.9245559055118109
21
0.4896225590551181
0
LINE
8
BLACK
6
CONTINUOUS
10
1.9245559055118109
20
0.4896225590551181
11
1.9242172834645668
21
0.4894822834645669
0
LINE
8
BLACK
6
CONTINUOUS
10
1.9242172834645668
20
0.4894822834645669
11
1.9204677559055117
21
0.4894822834645669
0
LINE
8
BLACK
6
CONTINUOUS
10
1.9204677559055117
20
0.4894822834645669
11
1.920129094488189
21
0.4896225590551181
0
LINE
8
BLACK
6
CONTINUOUS
10
1.920129094488189
20
0.4896225590551181
11
1.919763464566929
21
0.4896485433070866
0
LINE
8
BLACK
6
CONTINUOUS
10
1.919763464566929
20
0.4896485433070866
11
1.9178887007874015
21
0.4905859448818898
0
LINE
8
BLACK
6
CONTINUOUS
10
1.9178887007874015
20
0.4905859448818898
11
1.9177188582677165
21
0.4907817322834646
0
LINE
8
BLACK
6
CONTINUOUS
10
1.9177188582677165
20
0.4907817322834646
11
1.9174794881889763
21
0.490880905511811
0
LINE
8
BLACK
6
CONTINUOUS
10
1.9174794881889763
20
0.490880905511811
11
1.9165420472440944
21
0.4918182677165354
0
LINE
8
BLACK
6
CONTINUOUS
10
1.9165420472440944
20
0.4918182677165354
11
1.9164427952755905
21
0.4920577952755905
0
LINE
8
BLACK
6
CONTINUOUS
10
1.9164427952755905
20
0.4920577952755905
11
1.9162470472440944
21
0.4922275984251969
0
LINE
8
BLACK
6
CONTINUOUS
10
1.9162470472440944
20
0.4922275984251969
11
1.91530968503937
21
0.4941023622047244
0
LINE
8
BLACK
6
CONTINUOUS
10
1.91530968503937
20
0.4941023622047244
11
1.9152837007874015
21
0.4944679527559055
0
LINE
8
BLACK
6
CONTINUOUS
10
1.9152837007874015
20
0.4944679527559055
11
1.9151434251968504
21
0.4948066141732284
0
LINE
8
BLACK
6
CONTINUOUS
10
1.9151434251968504
20
0.4948066141732284
11
1.9151434251968504
21
0.4985561417322835
0
LINE
8
BLACK
6
CONTINUOUS
10
1.9151434251968504
20
0.4985561417322835
11
1.9152837007874015
21
0.4988947637795276
0
LINE
8
BLACK
6
CONTINUOUS
10
1.9152837007874015
20
0.4988947637795276
11
1.91530968503937
21
0.4992603937007874
0
LINE
8
BLACK
6
CONTINUOUS
10
1.91530968503937
20
0.4992603937007874
11
1.9162470472440944
21
0.5011351574803149
0
LINE
8
BLACK
6
CONTINUOUS
10
1.9162470472440944
20
0.5011351574803149
11
1.9164428346456692
21
0.5013049606299212
0
LINE
8
BLACK
6
CONTINUOUS
10
1.9164428346456692
20
0.5013049606299212
11
1.9165420472440944
21
0.5015444488188976
0
LINE
8
BLACK
6
CONTINUOUS
10
1.9165420472440944
20
0.5015444488188976
11
1.9173032283464566
21
0.5023056692913386
0
LINE
8
BLACK
6
CONTINUOUS
10
1.9173032283464566
20
0.5023056692913386
11
1.9165420472440944
21
0.5030668503937008
0
LINE
8
BLACK
6
CONTINUOUS
10
1.9165420472440944
20
0.5030668503937008
11
1.9164427952755905
21
0.5033063779527559
0
LINE
8
BLACK
6
CONTINUOUS
10
1.9164427952755905
20
0.5033063779527559
11
1.9162470472440944
21
0.5034761811023621
0
LINE
8
BLACK
6
CONTINUOUS
10
1.9162470472440944
20
0.5034761811023621
11
1.91530968503937
21
0.5053509448818898
0
LINE
8
BLACK
6
CONTINUOUS
10
1.91530968503937
20
0.5053509448818898
11
1.9152837007874015
21
0.5057165354330708
0
LINE
8
BLACK
6
CONTINUOUS
10
1.9152837007874015
20
0.5057165354330708
11
1.9151434251968504
21
0.5060551968503937
0
LINE
8
BLACK
6
CONTINUOUS
10
1.9151434251968504
20
0.5060551968503937
11
1.9151434251968504
21
0.5069925984251968
0
LINE
8
BLACK
6
CONTINUOUS
10
1.9151434251968504
20
0.5069925984251968
11
1.9152837007874015
21
0.5073312204724409
0
LINE
8
BLACK
6
CONTINUOUS
10
1.9152837007874015
20
0.5073312204724409
11
1.91530968503937
21
0.5076968503937008
0
LINE
8
BLACK
6
CONTINUOUS
10
1.91530968503937
20
0.5076968503937008
11
1.9162470472440944
21
0.5095716141732284
0
LINE
8
BLACK
6
CONTINUOUS
10
1.9162470472440944
20
0.5095716141732284
11
1.9164427952755905
21
0.5097413779527559
0
LINE
8
BLACK
6
CONTINUOUS
10
1.9164427952755905
20
0.5097413779527559
11
1.9165420472440944
21
0.5099809448818897
0
LINE
8
BLACK
6
CONTINUOUS
10
1.9165420472440944
20
0.5099809448818897
11
1.9174794881889763
21
0.5109183070866141
0
LINE
8
BLACK
6
CONTINUOUS
10
1.9174794881889763
20
0.5109183070866141
11
1.9177188582677165
21
0.5110174409448819
0
LINE
8
BLACK
6
CONTINUOUS
10
1.9177188582677165
20
0.5110174409448819
11
1.9178887007874015
21
0.5112132677165354
0
LINE
8
BLACK
6
CONTINUOUS
10
1.9178887007874015
20
0.5112132677165354
11
1.919763464566929
21
0.5121506692913386
0
LINE
8
BLACK
6
CONTINUOUS
10
1.919763464566929
20
0.5121506692913386
11
1.920129094488189
21
0.5121766141732284
0
LINE
8
BLACK
6
CONTINUOUS
10
1.920129094488189
20
0.5121766141732284
11
1.9204677559055117
21
0.5123169291338583
0
LINE
8
BLACK
6
CONTINUOUS
10
1.9204677559055117
20
0.5123169291338583
11
1.9242172834645668
21
0.5123169291338583
0
LINE
8
BLACK
6
CONTINUOUS
10
1.9242172834645668
20
0.5123169291338583
11
1.9245559055118109
21
0.5121766141732284
0
LINE
8
BLACK
6
CONTINUOUS
10
1.9195258661417323
20
0.5000740551181102
11
1.9189498425196849
21
0.4994980708661417
0
LINE
8
BLACK
6
CONTINUOUS
10
1.9189498425196849
20
0.4994980708661417
11
1.9182930314960629
21
0.4981844094488189
0
LINE
8
BLACK
6
CONTINUOUS
10
1.9182930314960629
20
0.4981844094488189
11
1.9182930314960629
21
0.4951783464566929
0
LINE
8
BLACK
6
CONTINUOUS
10
1.9182930314960629
20
0.4951783464566929
11
1.9189498031496062
21
0.4938647244094488
0
LINE
8
BLACK
6
CONTINUOUS
10
1.9189498031496062
20
0.4938647244094488
11
1.9195258267716535
21
0.4932887401574803
0
LINE
8
BLACK
6
CONTINUOUS
10
1.9195258267716535
20
0.4932887401574803
11
1.9208395275590551
21
0.4926318897637795
0
LINE
8
BLACK
6
CONTINUOUS
10
1.9208395275590551
20
0.4926318897637795
11
1.9238455118110236
21
0.4926318897637795
0
LINE
8
BLACK
6
CONTINUOUS
10
1.9238455118110236
20
0.4926318897637795
11
1.9251592125984252
21
0.4932887401574803
0
LINE
8
BLACK
6
CONTINUOUS
10
1.9251592125984252
20
0.4932887401574803
11
1.9257351181102362
21
0.4938646456692913
0
LINE
8
BLACK
6
CONTINUOUS
10
1.9257351181102362
20
0.4938646456692913
11
1.9263920078740158
21
0.4951783858267716
0
LINE
8
BLACK
6
CONTINUOUS
10
1.9263920078740158
20
0.4951783858267716
11
1.9263920078740158
21
0.4981843307086614
0
LINE
8
BLACK
6
CONTINUOUS
10
1.9263920078740158
20
0.4981843307086614
11
1.9257351181102362
21
0.499498031496063
0
LINE
8
BLACK
6
CONTINUOUS
10
1.9257351181102362
20
0.499498031496063
11
1.9251591338582676
21
0.5000740551181102
0
LINE
8
BLACK
6
CONTINUOUS
10
1.9251591338582676
20
0.5000740551181102
11
1.9238455511811023
21
0.5007308661417322
0
LINE
8
BLACK
6
CONTINUOUS
10
1.9238455511811023
20
0.5007308661417322
11
1.9208394881889763
21
0.5007308661417322
0
LINE
8
BLACK
6
CONTINUOUS
10
1.9208394881889763
20
0.5007308661417322
11
1.9195258661417323
21
0.5000740551181102
0
LINE
8
BLACK
6
CONTINUOUS
10
1.9195258267716535
20
0.5085104330708661
11
1.9189498031496062
21
0.5079344488188976
0
LINE
8
BLACK
6
CONTINUOUS
10
1.9189498031496062
20
0.5079344488188976
11
1.9182930314960629
21
0.5066208661417323
0
LINE
8
BLACK
6
CONTINUOUS
10
1.9182930314960629
20
0.5066208661417323
11
1.9182930314960629
21
0.5064269291338582
0
LINE
8
BLACK
6
CONTINUOUS
10
1.9182930314960629
20
0.5064269291338582
11
1.9189498031496062
21
0.5051133070866142
0
LINE
8
BLACK
6
CONTINUOUS
10
1.9189498031496062
20
0.5051133070866142
11
1.9195258267716535
21
0.5045373228346457
0
LINE
8
BLACK
6
CONTINUOUS
10
1.9195258267716535
20
0.5045373228346457
11
1.9208395275590551
21
0.5038804724409449
0
LINE
8
BLACK
6
CONTINUOUS
10
1.9208395275590551
20
0.5038804724409449
11
1.9238455118110236
21
0.5038804724409449
0
LINE
8
BLACK
6
CONTINUOUS
10
1.9238455118110236
20
0.5038804724409449
11
1.9251592125984252
21
0.5045373228346457
0
LINE
8
BLACK
6
CONTINUOUS
10
1.9251592125984252
20
0.5045373228346457
11
1.9257351181102362
21
0.5051132283464567
0
LINE
8
BLACK
6
CONTINUOUS
10
1.9257351181102362
20
0.5051132283464567
11
1.9263920078740158
21
0.506426968503937
0
LINE
8
BLACK
6
CONTINUOUS
10
1.9263920078740158
20
0.506426968503937
11
1.9263920078740158
21
0.5066207874015748
0
LINE
8
BLACK
6
CONTINUOUS
10
1.9263920078740158
20
0.5066207874015748
11
1.9257351181102362
21
0.5079345275590551
0
LINE
8
BLACK
6
CONTINUOUS
10
1.9257351181102362
20
0.5079345275590551
11
1.9251592125984252
21
0.5085104330708661
0
LINE
8
BLACK
6
CONTINUOUS
10
1.9251592125984252
20
0.5085104330708661
11
1.9238455118110236
21
0.5091673228346456
0
LINE
8
BLACK
6
CONTINUOUS
10
1.9238455118110236
20
0.5091673228346456
11
1.9208395275590551
21
0.5091673228346456
0
LINE
8
BLACK
6
CONTINUOUS
10
1.9208395275590551
20
0.5091673228346456
11
1.9195258267716535
21
0.5085104330708661
0
LINE
8
BLACK
6
CONTINUOUS
10
1.9518700787401575
20
0.5255905511811023
11
1.9532620078740157
21
0.5250139763779528
0
LINE
8
BLACK
6
CONTINUOUS
10
1.9532620078740157
20
0.5250139763779528
11
1.9538385826771654
21
0.5236220472440944
0
LINE
8
BLACK
6
CONTINUOUS
10
1.9538385826771654
20
0.5236220472440944
11
1.9538385826771654
21
0.4763779527559055
0
LINE
8
BLACK
6
CONTINUOUS
10
1.9538385826771654
20
0.4763779527559055
11
1.9532620078740157
21
0.4749860236220472
0
LINE
8
BLACK
6
CONTINUOUS
10
1.9532620078740157
20
0.4749860236220472
11
1.9518700787401575
21
0.4744094488188976
0
LINE
8
BLACK
6
CONTINUOUS
10
1.9518700787401575
20
0.4744094488188976
11
1.8731299212598425
21
0.4744094488188976
0
LINE
8
BLACK
6
CONTINUOUS
10
1.8731299212598425
20
0.4744094488188976
11
1.8717379921259842
21
0.4749860236220472
0
LINE
8
BLACK
6
CONTINUOUS
10
1.8717379921259842
20
0.4749860236220472
11
1.8711614173228346
21
0.4763779527559055
0
LINE
8
BLACK
6
CONTINUOUS
10
1.8711614173228346
20
0.4763779527559055
11
1.8711614173228346
21
0.5236220472440944
0
LINE
8
BLACK
6
CONTINUOUS
10
1.8711614173228346
20
0.5236220472440944
11
1.8717379921259842
21
0.5250139763779528
0
LINE
8
BLACK
6
CONTINUOUS
10
1.8717379921259842
20
0.5250139763779528
11
1.8731299212598425
21
0.5255905511811023
0
LINE
8
BLACK
6
CONTINUOUS
10
1.8731299212598425
20
0.5255905511811023
11
1.9518700787401575
21
0.5255905511811023
0
LINE
8
BLACK
6
CONTINUOUS
10
1.8750984251968503
20
0.5216535433070866
11
1.8750984251968503
21
0.4783464566929134
0
LINE
8
BLACK
6
CONTINUOUS
10
1.8750984251968503
20
0.4783464566929134
11
1.9499015748031496
21
0.4783464566929134
0
LINE
8
BLACK
6
CONTINUOUS
10
1.9499015748031496
20
0.4783464566929134
11
1.9499015748031496
21
0.5216535433070866
0
LINE
8
BLACK
6
CONTINUOUS
10
1.9499015748031496
20
0.5216535433070866
11
1.8750984251968503
21
0.5216535433070866
0
LINE
8
BLACK
6
CONTINUOUS
10
1.833181653543307
20
0.6009588976377953
11
1.8341190551181101
21
0.6000215354330709
0
LINE
8
BLACK
6
CONTINUOUS
10
1.8341190551181101
20
0.6000215354330709
11
1.8342593307086614
21
0.5996827952755905
0
LINE
8
BLACK
6
CONTINUOUS
10
1.8342593307086614
20
0.5996827952755905
11
1.8344994881889762
21
0.5994059448818897
0
LINE
8
BLACK
6
CONTINUOUS
10
1.8344994881889762
20
0.5994059448818897
11
1.8354368897637794
21
0.5965937401574803
0
LINE
8
BLACK
6
CONTINUOUS
10
1.8354368897637794
20
0.5965937401574803
11
1.8354185039370079
21
0.596335157480315
0
LINE
8
BLACK
6
CONTINUOUS
10
1.8354185039370079
20
0.596335157480315
11
1.8355176771653543
21
0.5960957874015748
0
LINE
8
BLACK
6
CONTINUOUS
10
1.8355176771653543
20
0.5960957874015748
11
1.8355176771653543
21
0.5942210236220472
0
LINE
8
BLACK
6
CONTINUOUS
10
1.8355176771653543
20
0.5942210236220472
11
1.8354185039370079
21
0.5939815748031496
0
LINE
8
BLACK
6
CONTINUOUS
10
1.8354185039370079
20
0.5939815748031496
11
1.8354368897637794
21
0.593723031496063
0
LINE
8
BLACK
6
CONTINUOUS
10
1.8354368897637794
20
0.593723031496063
11
1.8344994881889762
21
0.590910905511811
0
LINE
8
BLACK
6
CONTINUOUS
10
1.8344994881889762
20
0.590910905511811
11
1.8342593307086614
21
0.5906340157480315
0
LINE
8
BLACK
6
CONTINUOUS
10
1.8342593307086614
20
0.5906340157480315
11
1.8341190551181101
21
0.5902953149606299
0
LINE
8
BLACK
6
CONTINUOUS
10
1.8341190551181101
20
0.5902953149606299
11
1.8322442519685038
21
0.5884205511811024
0
LINE
8
BLACK
6
CONTINUOUS
10
1.8322442519685038
20
0.5884205511811024
11
1.8320047637795276
21
0.5883213385826771
0
LINE
8
BLACK
6
CONTINUOUS
10
1.8320047637795276
20
0.5883213385826771
11
1.8318349999999999
21
0.5881255905511811
0
LINE
8
BLACK
6
CONTINUOUS
10
1.8318349999999999
20
0.5881255905511811
11
1.8299602362204723
21
0.5871881889763779
0
LINE
8
BLACK
6
CONTINUOUS
10
1.8299602362204723
20
0.5871881889763779
11
1.8297816929133859
21
0.5871754724409449
0
LINE
8
BLACK
6
CONTINUOUS
10
1.8297816929133859
20
0.5871754724409449
11
1.829637874015748
21
0.587068937007874
0
LINE
8
BLACK
6
CONTINUOUS
10
1.829637874015748
20
0.587068937007874
11
1.8258883464566928
21
0.5861315748031496
0
LINE
8
BLACK
6
CONTINUOUS
10
1.8258883464566928
20
0.5861315748031496
11
1.8256908267716534
21
0.5861609448818897
0
LINE
8
BLACK
6
CONTINUOUS
10
1.8256908267716534
20
0.5861609448818897
11
1.8255064173228346
21
0.5860845669291338
0
LINE
8
BLACK
6
CONTINUOUS
10
1.8255064173228346
20
0.5860845669291338
11
1.8226942913385826
21
0.5860845669291338
0
LINE
8
BLACK
6
CONTINUOUS
10
1.8226942913385826
20
0.5860845669291338
11
1.8225098425196851
21
0.5861609448818897
0
LINE
8
BLACK
6
CONTINUOUS
10
1.8225098425196851
20
0.5861609448818897
11
1.8223123622047244
21
0.5861315748031496
0
LINE
8
BLACK
6
CONTINUOUS
10
1.8223123622047244
20
0.5861315748031496
11
1.8185628346456693
21
0.587068937007874
0
LINE
8
BLACK
6
CONTINUOUS
10
1.8185628346456693
20
0.587068937007874
11
1.8184189763779528
21
0.5871754724409449
0
LINE
8
BLACK
6
CONTINUOUS
10
1.8184189763779528
20
0.5871754724409449
11
1.8182404724409449
21
0.5871881889763779
0
LINE
8
BLACK
6
CONTINUOUS
10
1.8182404724409449
20
0.5871881889763779
11
1.8163657086614173
21
0.5881255905511811
0
LINE
8
BLACK
6
CONTINUOUS
10
1.8163657086614173
20
0.5881255905511811
11
1.8161958661417323
21
0.5883213779527559
0
LINE
8
BLACK
6
CONTINUOUS
10
1.8161958661417323
20
0.5883213779527559
11
1.8159564173228346
21
0.5884205905511811
0
LINE
8
BLACK
6
CONTINUOUS
10
1.8159564173228346
20
0.5884205905511811
11
1.8140816929133858
21
0.5902953543307087
0
LINE
8
BLACK
6
CONTINUOUS
10
1.8140816929133858
20
0.5902953543307087
11
1.8139413779527558
21
0.5906339763779528
0
LINE
8
BLACK
6
CONTINUOUS
10
1.8139413779527558
20
0.5906339763779528
11
1.8137012598425197
21
0.590910905511811
0
LINE
8
BLACK
6
CONTINUOUS
10
1.8137012598425197
20
0.590910905511811
11
1.8127638582677166
21
0.593723031496063
0
LINE
8
BLACK
6
CONTINUOUS
10
1.8127638582677166
20
0.593723031496063
11
1.8127822047244093
21
0.5939815354330709
0
LINE
8
BLACK
6
CONTINUOUS
10
1.8127822047244093
20
0.5939815354330709
11
1.8126830314960629
21
0.5942210236220472
0
LINE
8
BLACK
6
CONTINUOUS
10
1.8126830314960629
20
0.5942210236220472
11
1.8126830314960629
21
0.5960957874015748
0
LINE
8
BLACK
6
CONTINUOUS
10
1.8126830314960629
20
0.5960957874015748
11
1.8127822047244093
21
0.5963352362204725
0
LINE
8
BLACK
6
CONTINUOUS
10
1.8127822047244093
20
0.5963352362204725
11
1.8127638582677166
21
0.596593779527559
0
LINE
8
BLACK
6
CONTINUOUS
10
1.8127638582677166
20
0.596593779527559
11
1.8137012598425197
21
0.5994059448818897
0
LINE
8
BLACK
6
CONTINUOUS
10
1.8137012598425197
20
0.5994059448818897
11
1.8139413779527558
21
0.5996828346456693
0
LINE
8
BLACK
6
CONTINUOUS
10
1.8139413779527558
20
0.5996828346456693
11
1.8140816929133858
21
0.6000214960629922
0
LINE
8
BLACK
6
CONTINUOUS
10
1.8140816929133858
20
0.6000214960629922
11
1.8150190551181102
21
0.6009588582677166
0
LINE
8
BLACK
6
CONTINUOUS
10
1.8150190551181102
20
0.6009588582677166
11
1.8161325984251968
21
0.6014201181102362
0
LINE
8
BLACK
6
CONTINUOUS
10
1.8161325984251968
20
0.6014201181102362
11
1.8172461417322834
21
0.6009588582677166
0
LINE
8
BLACK
6
CONTINUOUS
10
1.8172461417322834
20
0.6009588582677166
11
1.8177074015748031
21
0.5998453149606299
0
LINE
8
BLACK
6
CONTINUOUS
10
1.8177074015748031
20
0.5998453149606299
11
1.8172461417322834
21
0.5987317716535433
0
LINE
8
BLACK
6
CONTINUOUS
10
1.8172461417322834
20
0.5987317716535433
11
1.8165716141732282
21
0.5980572440944881
0
LINE
8
BLACK
6
CONTINUOUS
10
1.8165716141732282
20
0.5980572440944881
11
1.8158326377952756
21
0.5958402362204724
0
LINE
8
BLACK
6
CONTINUOUS
10
1.8158326377952756
20
0.5958402362204724
11
1.8158326377952756
21
0.5944765354330709
0
LINE
8
BLACK
6
CONTINUOUS
10
1.8158326377952756
20
0.5944765354330709
11
1.8165716141732282
21
0.5922595669291338
0
LINE
8
BLACK
6
CONTINUOUS
10
1.8165716141732282
20
0.5922595669291338
11
1.8180028346456691
21
0.5908283464566929
0
LINE
8
BLACK
6
CONTINUOUS
10
1.8180028346456691
20
0.5908283464566929
11
1.8194944094488188
21
0.5900825984251968
0
LINE
8
BLACK
6
CONTINUOUS
10
1.8194944094488188
20
0.5900825984251968
11
1.8228881889763779
21
0.5892341732283465
0
LINE
8
BLACK
6
CONTINUOUS
10
1.8228881889763779
20
0.5892341732283465
11
1.8253125196850393
21
0.5892341732283465
0
LINE
8
BLACK
6
CONTINUOUS
10
1.8253125196850393
20
0.5892341732283465
11
1.8287062598425197
21
0.5900825984251968
0
LINE
8
BLACK
6
CONTINUOUS
10
1.8287062598425197
20
0.5900825984251968
11
1.8301978346456693
21
0.5908283858267717
0
LINE
8
BLACK
6
CONTINUOUS
10
1.8301978346456693
20
0.5908283858267717
11
1.831629094488189
21
0.5922595669291338
0
LINE
8
BLACK
6
CONTINUOUS
10
1.831629094488189
20
0.5922595669291338
11
1.8323680708661416
21
0.5944764960629921
0
LINE
8
BLACK
6
CONTINUOUS
10
1.8323680708661416
20
0.5944764960629921
11
1.8323680708661416
21
0.5958402755905512
0
LINE
8
BLACK
6
CONTINUOUS
10
1.8323680708661416
20
0.5958402755905512
11
1.831629094488189
21
0.5980572440944881
0
LINE
8
BLACK
6
CONTINUOUS
10
1.831629094488189
20
0.5980572440944881
11
1.8309545669291338
21
0.5987317322834645
0
LINE
8
BLACK
6
CONTINUOUS
10
1.8309545669291338
20
0.5987317322834645
11
1.8304933070866141
21
0.5998452755905511
0
LINE
8
BLACK
6
CONTINUOUS
10
1.8304933070866141
20
0.5998452755905511
11
1.8309545275590551
21
0.6009588582677166
0
LINE
8
BLACK
6
CONTINUOUS
10
1.8309545275590551
20
0.6009588582677166
11
1.8320680708661417
21
0.6014201181102362
0
LINE
8
BLACK
6
CONTINUOUS
10
1.8320680708661417
20
0.6014201181102362
11
1.833181653543307
21
0.6009588976377953
0
LINE
8
BLACK
6
CONTINUOUS
10
1.8350564173228345
20
0.6197065354330709
11
1.8355176771653543
21
0.6185929921259843
0
LINE
8
BLACK
6
CONTINUOUS
10
1.8355176771653543
20
0.6185929921259843
11
1.8355176771653543
21
0.6073444094488188
0
LINE
8
BLACK
6
CONTINUOUS
10
1.8355176771653543
20
0.6073444094488188
11
1.8350564173228345
21
0.6062308661417323
0
LINE
8
BLACK
6
CONTINUOUS
10
1.8350564173228345
20
0.6062308661417323
11
1.833942874015748
21
0.6057696062992126
0
LINE
8
BLACK
6
CONTINUOUS
10
1.833942874015748
20
0.6057696062992126
11
1.8328293307086614
21
0.6062308661417323
0
LINE
8
BLACK
6
CONTINUOUS
10
1.8328293307086614
20
0.6062308661417323
11
1.8323680708661416
21
0.6073444094488188
0
LINE
8
BLACK
6
CONTINUOUS
10
1.8323680708661416
20
0.6073444094488188
11
1.8323680708661416
21
0.6113938976377953
0
LINE
8
BLACK
6
CONTINUOUS
10
1.8323680708661416
20
0.6113938976377953
11
1.8189971259842519
21
0.6113938976377953
0
LINE
8
BLACK
6
CONTINUOUS
10
1.8189971259842519
20
0.6113938976377953
11
1.8200583070866141
21
0.6103327559055118
0
LINE
8
BLACK
6
CONTINUOUS
10
1.8200583070866141
20
0.6103327559055118
11
1.8201574803149605
21
0.6100932283464566
0
LINE
8
BLACK
6
CONTINUOUS
10
1.8201574803149605
20
0.6100932283464566
11
1.820353307086614
21
0.6099234251968504
0
LINE
8
BLACK
6
CONTINUOUS
10
1.820353307086614
20
0.6099234251968504
11
1.8212906692913386
21
0.6080487007874016
0
LINE
8
BLACK
6
CONTINUOUS
10
1.8212906692913386
20
0.6080487007874016
11
1.8213761023622046
21
0.6068464173228346
0
LINE
8
BLACK
6
CONTINUOUS
10
1.8213761023622046
20
0.6068464173228346
11
1.8205863779527558
21
0.6059358661417322
0
LINE
8
BLACK
6
CONTINUOUS
10
1.8205863779527558
20
0.6059358661417322
11
1.8193840944881889
21
0.6058504724409449
0
LINE
8
BLACK
6
CONTINUOUS
10
1.8193840944881889
20
0.6058504724409449
11
1.8184735826771654
21
0.606640157480315
0
LINE
8
BLACK
6
CONTINUOUS
10
1.8184735826771654
20
0.606640157480315
11
1.8176505118110236
21
0.6082862598425197
0
LINE
8
BLACK
6
CONTINUOUS
10
1.8176505118110236
20
0.6082862598425197
11
1.8160667322834645
21
0.6098700787401574
0
LINE
8
BLACK
6
CONTINUOUS
10
1.8160667322834645
20
0.6098700787401574
11
1.8133842913385827
21
0.6116583858267717
0
LINE
8
BLACK
6
CONTINUOUS
10
1.8133842913385827
20
0.6116583858267717
11
1.8132940551181103
21
0.6117931102362204
0
LINE
8
BLACK
6
CONTINUOUS
10
1.8132940551181103
20
0.6117931102362204
11
1.8131442913385827
21
0.6118551574803149
0
LINE
8
BLACK
6
CONTINUOUS
10
1.8131442913385827
20
0.6118551574803149
11
1.8129687795275591
21
0.612278779527559
0
LINE
8
BLACK
6
CONTINUOUS
10
1.8129687795275591
20
0.612278779527559
11
1.812713622047244
21
0.612659842519685
0
LINE
8
BLACK
6
CONTINUOUS
10
1.812713622047244
20
0.612659842519685
11
1.8127450787401573
21
0.6128188582677165
0
LINE
8
BLACK
6
CONTINUOUS
10
1.8127450787401573
20
0.6128188582677165
11
1.8126830314960629
21
0.6129687007874015
0
LINE
8
BLACK
6
CONTINUOUS
10
1.8126830314960629
20
0.6129687007874015
11
1.8128585039370078
21
0.6133923622047244
0
LINE
8
BLACK
6
CONTINUOUS
10
1.8128585039370078
20
0.6133923622047244
11
1.8129475196850393
21
0.6138422440944882
0
LINE
8
BLACK
6
CONTINUOUS
10
1.8129475196850393
20
0.6138422440944882
11
1.813082244094488
21
0.6139324409448819
0
LINE
8
BLACK
6
CONTINUOUS
10
1.813082244094488
20
0.6139324409448819
11
1.8131442913385827
21
0.6140822440944882
0
LINE
8
BLACK
6
CONTINUOUS
10
1.8131442913385827
20
0.6140822440944882
11
1.8135679133858267
21
0.614257716535433
0
LINE
8
BLACK
6
CONTINUOUS
10
1.8135679133858267
20
0.614257716535433
11
1.8139489763779526
21
0.6145129133858268
0
LINE
8
BLACK
6
CONTINUOUS
10
1.8139489763779526
20
0.6145129133858268
11
1.8141079921259842
21
0.6144814173228347
0
LINE
8
BLACK
6
CONTINUOUS
10
1.8141079921259842
20
0.6144814173228347
11
1.8142578346456693
21
0.6145435039370079
0
LINE
8
BLACK
6
CONTINUOUS
10
1.8142578346456693
20
0.6145435039370079
11
1.8323680708661416
21
0.6145435039370079
0
LINE
8
BLACK
6
CONTINUOUS
10
1.8323680708661416
20
0.6145435039370079
11
1.8323680708661416
21
0.6185929921259843
0
LINE
8
BLACK
6
CONTINUOUS
10
1.8323680708661416
20
0.6185929921259843
11
1.8328293307086614
21
0.6197065354330709
0
LINE
8
BLACK
6
CONTINUOUS
10
1.8328293307086614
20
0.6197065354330709
11
1.833942874015748
21
0.6201677952755905
0
LINE
8
BLACK
6
CONTINUOUS
10
1.833942874015748
20
0.6201677952755905
11
1.8350564173228345
21
0.6197065354330709
0
LINE
8
BLACK
6
CONTINUOUS
10
1.8266282677165353
20
0.6388390157480315
11
1.8268257874015748
21
0.6388684251968504
0
LINE
8
BLACK
6
CONTINUOUS
10
1.8268257874015748
20
0.6388684251968504
11
1.8305752755905511
21
0.6379310236220472
0
LINE
8
BLACK
6
CONTINUOUS
10
1.8305752755905511
20
0.6379310236220472
11
1.830719094488189
21
0.6378244488188977
0
LINE
8
BLACK
6
CONTINUOUS
10
1.830719094488189
20
0.6378244488188977
11
1.8308975984251967
21
0.6378117716535433
0
LINE
8
BLACK
6
CONTINUOUS
10
1.8308975984251967
20
0.6378117716535433
11
1.8327723622047243
21
0.6368744094488189
0
LINE
8
BLACK
6
CONTINUOUS
10
1.8327723622047243
20
0.6368744094488189
11
1.8329421653543307
21
0.6366785826771654
0
LINE
8
BLACK
6
CONTINUOUS
10
1.8329421653543307
20
0.6366785826771654
11
1.833181653543307
21
0.6365794094488189
0
LINE
8
BLACK
6
CONTINUOUS
10
1.833181653543307
20
0.6365794094488189
11
1.8341190551181101
21
0.6356420472440945
0
LINE
8
BLACK
6
CONTINUOUS
10
1.8341190551181101
20
0.6356420472440945
11
1.8342182283464568
21
0.6354025196850394
0
LINE
8
BLACK
6
CONTINUOUS
10
1.8342182283464568
20
0.6354025196850394
11
1.8344140551181103
21
0.635232716535433
0
LINE
8
BLACK
6
CONTINUOUS
10
1.8344140551181103
20
0.635232716535433
11
1.8353514173228347
21
0.6333579921259842
0
LINE
8
BLACK
6
CONTINUOUS
10
1.8353514173228347
20
0.6333579921259842
11
1.8353773622047245
21
0.6329923228346457
0
LINE
8
BLACK
6
CONTINUOUS
10
1.8353773622047245
20
0.6329923228346457
11
1.8355176771653543
21
0.6326537007874016
0
LINE
8
BLACK
6
CONTINUOUS
10
1.8355176771653543
20
0.6326537007874016
11
1.8355176771653543
21
0.630778937007874
0
LINE
8
BLACK
6
CONTINUOUS
10
1.8355176771653543
20
0.630778937007874
11
1.8353773622047245
21
0.6304402755905512
0
LINE
8
BLACK
6
CONTINUOUS
10
1.8353773622047245
20
0.6304402755905512
11
1.8353514173228347
21
0.6300746456692913
0
LINE
8
BLACK
6
CONTINUOUS
10
1.8353514173228347
20
0.6300746456692913
11
1.8344140551181103
21
0.6281999212598425
0
LINE
8
BLACK
6
CONTINUOUS
10
1.8344140551181103
20
0.6281999212598425
11
1.8342182677165353
21
0.6280301181102362
0
LINE
8
BLACK
6
CONTINUOUS
10
1.8342182677165353
20
0.6280301181102362
11
1.8341190551181101
21
0.6277905905511811
0
LINE
8
BLACK
6
CONTINUOUS
10
1.8341190551181101
20
0.6277905905511811
11
1.833181653543307
21
0.6268532283464566
0
LINE
8
BLACK
6
CONTINUOUS
10
1.833181653543307
20
0.6268532283464566
11
1.8329421653543307
21
0.6267540157480315
0
LINE
8
BLACK
6
CONTINUOUS
10
1.8329421653543307
20
0.6267540157480315
11
1.832772401574803
21
0.6265582677165354
0
LINE
8
BLACK
6
CONTINUOUS
10
1.832772401574803
20
0.6265582677165354
11
1.8308976377952755
21
0.6256208661417323
0
LINE
8
BLACK
6
CONTINUOUS
10
1.8308976377952755
20
0.6256208661417323
11
1.830719094488189
21
0.6256081496062992
0
LINE
8
BLACK
6
CONTINUOUS
10
1.830719094488189
20
0.6256081496062992
11
1.8305752755905511
21
0.6255016141732284
0
LINE
8
BLACK
6
CONTINUOUS
10
1.8305752755905511
20
0.6255016141732284
11
1.826825748031496
21
0.624564251968504
0
LINE
8
BLACK
6
CONTINUOUS
10
1.826825748031496
20
0.624564251968504
11
1.8266282283464566
21
0.6245936220472441
0
LINE
8
BLACK
6
CONTINUOUS
10
1.8266282283464566
20
0.6245936220472441
11
1.8264438188976377
21
0.6245172440944882
0
LINE
8
BLACK
6
CONTINUOUS
10
1.8264438188976377
20
0.6245172440944882
11
1.8217568897637795
21
0.6245172440944882
0
LINE
8
BLACK
6
CONTINUOUS
10
1.8217568897637795
20
0.6245172440944882
11
1.8215724409448819
21
0.6245936220472441
0
LINE
8
BLACK
6
CONTINUOUS
10
1.8215724409448819
20
0.6245936220472441
11
1.8213749606299212
21
0.624564251968504
0
LINE
8
BLACK
6
CONTINUOUS
10
1.8213749606299212
20
0.624564251968504
11
1.8176254330708661
21
0.6255016141732284
0
LINE
8
BLACK
6
CONTINUOUS
10
1.8176254330708661
20
0.6255016141732284
11
1.8174815748031496
21
0.6256081496062992
0
LINE
8
BLACK
6
CONTINUOUS
10
1.8174815748031496
20
0.6256081496062992
11
1.8173030708661417
21
0.6256208661417323
0
LINE
8
BLACK
6
CONTINUOUS
10
1.8173030708661417
20
0.6256208661417323
11
1.8154283070866142
21
0.6265582677165354
0
LINE
8
BLACK
6
CONTINUOUS
10
1.8154283070866142
20
0.6265582677165354
11
1.8152584645669292
21
0.6267540551181102
0
LINE
8
BLACK
6
CONTINUOUS
10
1.8152584645669292
20
0.6267540551181102
11
1.8150190551181102
21
0.6268532677165354
0
LINE
8
BLACK
6
CONTINUOUS
10
1.8150190551181102
20
0.6268532677165354
11
1.8140816929133858
21
0.6277906299212598
0
LINE
8
BLACK
6
CONTINUOUS
10
1.8140816929133858
20
0.6277906299212598
11
1.8139824803149607
21
0.6280300393700787
0
LINE
8
BLACK
6
CONTINUOUS
10
1.8139824803149607
20
0.6280300393700787
11
1.8137866929133857
21
0.6281998818897637
0
LINE
8
BLACK
6
CONTINUOUS
10
1.8137866929133857
20
0.6281998818897637
11
1.8128492913385827
21
0.6300746456692913
0
LINE
8
BLACK
6
CONTINUOUS
10
1.8128492913385827
20
0.6300746456692913
11
1.8128233070866142
21
0.6304402755905512
0
LINE
8
BLACK
6
CONTINUOUS
10
1.8128233070866142
20
0.6304402755905512
11
1.8126830314960629
21
0.630778937007874
0
LINE
8
BLACK
6
CONTINUOUS
10
1.8126830314960629
20
0.630778937007874
11
1.8126830314960629
21
0.6326537007874016
0
LINE
8
BLACK
6
CONTINUOUS
10
1.8126830314960629
20
0.6326537007874016
11
1.8128233070866142
21
0.6329923228346457
0
LINE
8
BLACK
6
CONTINUOUS
10
1.8128233070866142
20
0.6329923228346457
11
1.8128492913385827
21
0.6333579921259842
0
LINE
8
BLACK
6
CONTINUOUS
10
1.8128492913385827
20
0.6333579921259842
11
1.8137866929133857
21
0.6352327559055118
0
LINE
8
BLACK
6
CONTINUOUS
10
1.8137866929133857
20
0.6352327559055118
11
1.8139824409448819
21
0.6354025196850394
0
LINE
8
BLACK
6
CONTINUOUS
10
1.8139824409448819
20
0.6354025196850394
11
1.8140816535433071
21
0.6356420078740157
0
LINE
8
BLACK
6
CONTINUOUS
10
1.8140816535433071
20
0.6356420078740157
11
1.8150190157480315
21
0.6365794094488189
0
LINE
8
BLACK
6
CONTINUOUS
10
1.8150190157480315
20
0.6365794094488189
11
1.8152585433070865
21
0.6366786220472441
0
LINE
8
BLACK
6
CONTINUOUS
10
1.8152585433070865
20
0.6366786220472441
11
1.8154283464566929
21
0.6368744094488189
0
LINE
8
BLACK
6
CONTINUOUS
10
1.8154283464566929
20
0.6368744094488189
11
1.8173030708661417
21
0.6378117716535433
0
LINE
8
BLACK
6
CONTINUOUS
10
1.8173030708661417
20
0.6378117716535433
11
1.8174815748031496
21
0.6378244488188977
0
LINE
8
BLACK
6
CONTINUOUS
10
1.8174815748031496
20
0.6378244488188977
11
1.8176253937007874
21
0.6379310236220472
0
LINE
8
BLACK
6
CONTINUOUS
10
1.8176253937007874
20
0.6379310236220472
11
1.8213749212598425
21
0.6388684251968504
0
LINE
8
BLACK
6
CONTINUOUS
10
1.8213749212598425
20
0.6388684251968504
11
1.8215724015748032
21
0.6388390157480315
0
LINE
8
BLACK
6
CONTINUOUS
10
1.8215724015748032
20
0.6388390157480315
11
1.8217568897637795
21
0.6389154330708662
0
LINE
8
BLACK
6
CONTINUOUS
10
1.8217568897637795
20
0.6389154330708662
11
1.8264438188976377
21
0.6389154330708662
0
LINE
8
BLACK
6
CONTINUOUS
10
1.8264438188976377
20
0.6389154330708662
11
1.8266282677165353
21
0.6388390157480315
0
LINE
8
BLACK
6
CONTINUOUS
10
1.8185568503937009
20
0.6349173228346456
11
1.8170654330708662
21
0.6341716141732283
0
LINE
8
BLACK
6
CONTINUOUS
10
1.8170654330708662
20
0.6341716141732283
11
1.8164894881889764
21
0.6335955905511811
0
LINE
8
BLACK
6
CONTINUOUS
10
1.8164894881889764
20
0.6335955905511811
11
1.8158326377952756
21
0.6322818897637795
0
LINE
8
BLACK
6
CONTINUOUS
10
1.8158326377952756
20
0.6322818897637795
11
1.8158326377952756
21
0.6311507086614173
0
LINE
8
BLACK
6
CONTINUOUS
10
1.8158326377952756
20
0.6311507086614173
11
1.8164894881889764
21
0.629836968503937
0
LINE
8
BLACK
6
CONTINUOUS
10
1.8164894881889764
20
0.629836968503937
11
1.8170653937007875
21
0.6292610629921259
0
LINE
8
BLACK
6
CONTINUOUS
10
1.8170653937007875
20
0.6292610629921259
11
1.8185570078740156
21
0.6285152755905512
0
LINE
8
BLACK
6
CONTINUOUS
10
1.8185570078740156
20
0.6285152755905512
11
1.8219507874015748
21
0.6276668503937007
0
LINE
8
BLACK
6
CONTINUOUS
10
1.8219507874015748
20
0.6276668503937007
11
1.8262499212598424
21
0.6276668503937007
0
LINE
8
BLACK
6
CONTINUOUS
10
1.8262499212598424
20
0.6276668503937007
11
1.8296436614173228
21
0.6285152755905512
0
LINE
8
BLACK
6
CONTINUOUS
10
1.8296436614173228
20
0.6285152755905512
11
1.8311352362204725
21
0.6292610629921259
0
LINE
8
BLACK
6
CONTINUOUS
10
1.8311352362204725
20
0.6292610629921259
11
1.8317112598425196
21
0.6298370078740158
0
LINE
8
BLACK
6
CONTINUOUS
10
1.8317112598425196
20
0.6298370078740158
11
1.8323680708661416
21
0.6311506299212598
0
LINE
8
BLACK
6
CONTINUOUS
10
1.8323680708661416
20
0.6311506299212598
11
1.8323680708661416
21
0.632281968503937
0
LINE
8
BLACK
6
CONTINUOUS
10
1.8323680708661416
20
0.632281968503937
11
1.8317112598425196
21
0.6335955511811023
0
LINE
8
BLACK
6
CONTINUOUS
10
1.8317112598425196
20
0.6335955511811023
11
1.8311352755905512
21
0.6341715748031496
0
LINE
8
BLACK
6
CONTINUOUS
10
1.8311352755905512
20
0.6341715748031496
11
1.8296437795275591
21
0.6349173228346456
0
LINE
8
BLACK
6
CONTINUOUS
10
1.8296437795275591
20
0.6349173228346456
11
1.8262498818897637
21
0.6357658267716535
0
LINE
8
BLACK
6
CONTINUOUS
10
1.8262498818897637
20
0.6357658267716535
11
1.8219507874015748
21
0.6357658267716535
0
LINE
8
BLACK
6
CONTINUOUS
10
1.8219507874015748
20
0.6357658267716535
11
1.8185568503937009
21
0.6349173228346456
0
LINE
8
BLACK
6
CONTINUOUS
10
1.8486220472440944
20
0.6538385826771653
11
1.8500139763779526
21
0.6532620078740158
0
LINE
8
BLACK
6
CONTINUOUS
10
1.8500139763779526
20
0.6532620078740158
11
1.8505905511811023
21
0.6518700787401575
0
LINE
8
BLACK
6
CONTINUOUS
10
1.8505905511811023
20
0.6518700787401575
11
1.8505905511811023
21
0.5731299212598425
0
LINE
8
BLACK
6
CONTINUOUS
10
1.8505905511811023
20
0.5731299212598425
11
1.8500139763779526
21
0.5717379921259842
0
LINE
8
BLACK
6
CONTINUOUS
10
1.8500139763779526
20
0.5717379921259842
11
1.8486220472440944
21
0.5711614173228347
0
LINE
8
BLACK
6
CONTINUOUS
10
1.8486220472440944
20
0.5711614173228347
11
1.8013779527559055
21
0.5711614173228347
0
LINE
8
BLACK
6
CONTINUOUS
10
1.8013779527559055
20
0.5711614173228347
11
1.7999860236220473
21
0.5717379921259842
0
LINE
8
BLACK
6
CONTINUOUS
10
1.7999860236220473
20
0.5717379921259842
11
1.7994094488188976
21
0.5731299212598425
0
LINE
8
BLACK
6
CONTINUOUS
10
1.7994094488188976
20
0.5731299212598425
11
1.7994094488188976
21
0.6518700787401575
0
LINE
8
BLACK
6
CONTINUOUS
10
1.7994094488188976
20
0.6518700787401575
11
1.7999860236220473
21
0.6532620078740158
0
LINE
8
BLACK
6
CONTINUOUS
10
1.7999860236220473
20
0.6532620078740158
11
1.8013779527559055
21
0.6538385826771653
0
LINE
8
BLACK
6
CONTINUOUS
10
1.8013779527559055
20
0.6538385826771653
11
1.8486220472440944
21
0.6538385826771653
0
LINE
8
BLACK
6
CONTINUOUS
10
1.8033464566929134
20
0.6499015748031496
11
1.8033464566929134
21
0.5750984251968504
0
LINE
8
BLACK
6
CONTINUOUS
10
1.8033464566929134
20
0.5750984251968504
11
1.8466535433070865
21
0.5750984251968504
0
LINE
8
BLACK
6
CONTINUOUS
10
1.8466535433070865
20
0.5750984251968504
11
1.8466535433070865
21
0.6499015748031496
0
LINE
8
BLACK
6
CONTINUOUS
10
1.8466535433070865
20
0.6499015748031496
11
1.8033464566929134
21
0.6499015748031496
0
LINE
8
BLACK
6
CONTINUOUS
10
1.9331816535433071
20
0.6103327165354331
11
1.9341190551181102
21
0.6093953543307087
0
LINE
8
BLACK
6
CONTINUOUS
10
1.9341190551181102
20
0.6093953543307087
11
1.9342593307086613
21
0.6090566141732283
0
LINE
8
BLACK
6
CONTINUOUS
10
1.9342593307086613
20
0.6090566141732283
11
1.9344994881889763
21
0.6087797637795276
0
LINE
8
BLACK
6
CONTINUOUS
10
1.9344994881889763
20
0.6087797637795276
11
1.9354368897637795
21
0.6059675590551181
0
LINE
8
BLACK
6
CONTINUOUS
10
1.9354368897637795
20
0.6059675590551181
11
1.9354185039370078
21
0.6057089763779527
0
LINE
8
BLACK
6
CONTINUOUS
10
1.9354185039370078
20
0.6057089763779527
11
1.9355176771653544
21
0.6054696062992125
0
LINE
8
BLACK
6
CONTINUOUS
10
1.9355176771653544
20
0.6054696062992125
11
1.9355176771653544
21
0.603594842519685
0
LINE
8
BLACK
6
CONTINUOUS
10
1.9355176771653544
20
0.603594842519685
11
1.9354185039370078
21
0.6033553937007874
0
LINE
8
BLACK
6
CONTINUOUS
10
1.9354185039370078
20
0.6033553937007874
11
1.9354368897637795
21
0.6030968503937008
0
LINE
8
BLACK
6
CONTINUOUS
10
1.9354368897637795
20
0.6030968503937008
11
1.9344994881889763
21
0.6002847244094488
0
LINE
8
BLACK
6
CONTINUOUS
10
1.9344994881889763
20
0.6002847244094488
11
1.9342593307086613
21
0.6000078346456693
0
LINE
8
BLACK
6
CONTINUOUS
10
1.9342593307086613
20
0.6000078346456693
11
1.9341190551181102
21
0.5996691338582677
0
LINE
8
BLACK
6
CONTINUOUS
10
1.9341190551181102
20
0.5996691338582677
11
1.9322442519685039
21
0.5977943700787401
0
LINE
8
BLACK
6
CONTINUOUS
10
1.9322442519685039
20
0.5977943700787401
11
1.9320047637795275
21
0.597695157480315
0
LINE
8
BLACK
6
CONTINUOUS
10
1.9320047637795275
20
0.597695157480315
11
1.931835
21
0.5974994094488189
0
LINE
8
BLACK
6
CONTINUOUS
10
1.931835
20
0.5974994094488189
11
1.9299602362204724
21
0.5965620078740157
0
LINE
8
BLACK
6
CONTINUOUS
10
1.9299602362204724
20
0.5965620078740157
11
1.9297816929133857
21
0.5965492913385827
0
LINE
8
BLACK
6
CONTINUOUS
10
1.9297816929133857
20
0.5965492913385827
11
1.929637874015748
21
0.5964427559055118
0
LINE
8
BLACK
6
CONTINUOUS
10
1.929637874015748
20
0.5964427559055118
11
1.9258883464566929
21
0.5955053937007874
0
LINE
8
BLACK
6
CONTINUOUS
10
1.9258883464566929
20
0.5955053937007874
11
1.9256908267716535
21
0.5955347637795275
0
LINE
8
BLACK
6
CONTINUOUS
10
1.9256908267716535
20
0.5955347637795275
11
1.9255064173228347
21
0.5954583858267717
0
LINE
8
BLACK
6
CONTINUOUS
10
1.9255064173228347
20
0.5954583858267717
11
1.9226942913385827
21
0.5954583858267717
0
LINE
8
BLACK
6
CONTINUOUS
10
1.9226942913385827
20
0.5954583858267717
11
1.9225098425196849
21
0.5955347637795275
0
LINE
8
BLACK
6
CONTINUOUS
10
1.9225098425196849
20
0.5955347637795275
11
1.9223123622047245
21
0.5955053937007874
0
LINE
8
BLACK
6
CONTINUOUS
10
1.9223123622047245
20
0.5955053937007874
11
1.9185628346456693
21
0.5964427559055118
0
LINE
8
BLACK
6
CONTINUOUS
10
1.9185628346456693
20
0.5964427559055118
11
1.9184189763779527
21
0.5965492913385827
0
LINE
8
BLACK
6
CONTINUOUS
10
1.9184189763779527
20
0.5965492913385827
11
1.9182404724409448
21
0.5965620078740157
0
LINE
8
BLACK
6
CONTINUOUS
10
1.9182404724409448
20
0.5965620078740157
11
1.9163657086614172
21
0.5974994094488189
0
LINE
8
BLACK
6
CONTINUOUS
10
1.9163657086614172
20
0.5974994094488189
11
1.9161958661417322
21
0.5976951968503937
0
LINE
8
BLACK
6
CONTINUOUS
10
1.9161958661417322
20
0.5976951968503937
11
1.9159564173228345
21
0.5977944094488189
0
LINE
8
BLACK
6
CONTINUOUS
10
1.9159564173228345
20
0.5977944094488189
11
1.9140816929133857
21
0.5996691732283465
0
LINE
8
BLACK
6
CONTINUOUS
10
1.9140816929133857
20
0.5996691732283465
11
1.9139413779527559
21
0.6000077952755906
0
LINE
8
BLACK
6
CONTINUOUS
10
1.9139413779527559
20
0.6000077952755906
11
1.9137012598425196
21
0.6002847244094488
0
LINE
8
BLACK
6
CONTINUOUS
10
1.9137012598425196
20
0.6002847244094488
11
1.9127638582677164
21
0.6030968503937008
0
LINE
8
BLACK
6
CONTINUOUS
10
1.9127638582677164
20
0.6030968503937008
11
1.9127822047244094
21
0.6033553543307086
0
LINE
8
BLACK
6
CONTINUOUS
10
1.9127822047244094
20
0.6033553543307086
11
1.912683031496063
21
0.603594842519685
0
LINE
8
BLACK
6
CONTINUOUS
10
1.912683031496063
20
0.603594842519685
11
1.912683031496063
21
0.6054696062992125
0
LINE
8
BLACK
6
CONTINUOUS
10
1.912683031496063
20
0.6054696062992125
11
1.9127822047244094
21
0.6057090551181102
0
LINE
8
BLACK
6
CONTINUOUS
10
1.9127822047244094
20
0.6057090551181102
11
1.9127638582677164
21
0.6059675984251969
0
LINE
8
BLACK
6
CONTINUOUS
10
1.9127638582677164
20
0.6059675984251969
11
1.9137012598425196
21
0.6087797637795276
0
LINE
8
BLACK
6
CONTINUOUS
10
1.9137012598425196
20
0.6087797637795276
11
1.9139413779527559
21
0.6090566535433071
0
LINE
8
BLACK
6
CONTINUOUS
10
1.9139413779527559
20
0.6090566535433071
11
1.9140816929133857
21
0.6093953149606299
0
LINE
8
BLACK
6
CONTINUOUS
10
1.9140816929133857
20
0.6093953149606299
11
1.9150190551181101
21
0.6103326771653543
0
LINE
8
BLACK
6
CONTINUOUS
10
1.9150190551181101
20
0.6103326771653543
11
1.9161325984251969
21
0.610793937007874
0
LINE
8
BLACK
6
CONTINUOUS
10
1.9161325984251969
20
0.610793937007874
11
1.9172461417322835
21
0.6103326771653543
0
LINE
8
BLACK
6
CONTINUOUS
10
1.9172461417322835
20
0.6103326771653543
11
1.917707401574803
21
0.6092191338582676
0
LINE
8
BLACK
6
CONTINUOUS
10
1.917707401574803
20
0.6092191338582676
11
1.9172461417322835
21
0.6081055905511811
0
LINE
8
BLACK
6
CONTINUOUS
10
1.9172461417322835
20
0.6081055905511811
11
1.9165716141732283
21
0.607431062992126
0
LINE
8
BLACK
6
CONTINUOUS
10
1.9165716141732283
20
0.607431062992126
11
1.9158326377952755
21
0.6052140551181102
0
LINE
8
BLACK
6
CONTINUOUS
10
1.9158326377952755
20
0.6052140551181102
11
1.9158326377952755
21
0.6038503543307087
0
LINE
8
BLACK
6
CONTINUOUS
10
1.9158326377952755
20
0.6038503543307087
11
1.9165716141732283
21
0.6016333858267716
0
LINE
8
BLACK
6
CONTINUOUS
10
1.9165716141732283
20
0.6016333858267716
11
1.9180028346456692
21
0.6002021653543307
0
LINE
8
BLACK
6
CONTINUOUS
10
1.9180028346456692
20
0.6002021653543307
11
1.9194944094488189
21
0.5994564173228346
0
LINE
8
BLACK
6
CONTINUOUS
10
1.9194944094488189
20
0.5994564173228346
11
1.9228881889763778
21
0.5986079921259843
0
LINE
8
BLACK
6
CONTINUOUS
10
1.9228881889763778
20
0.5986079921259843
11
1.9253125196850394
21
0.5986079921259843
0
LINE
8
BLACK
6
CONTINUOUS
10
1.9253125196850394
20
0.5986079921259843
11
1.9287062598425195
21
0.5994564173228346
0
LINE
8
BLACK
6
CONTINUOUS
10
1.9287062598425195
20
0.5994564173228346
11
1.9301978346456692
21
0.6002022047244094
0
LINE
8
BLACK
6
CONTINUOUS
10
1.9301978346456692
20
0.6002022047244094
11
1.9316290944881889
21
0.6016333858267716
0
LINE
8
BLACK
6
CONTINUOUS
10
1.9316290944881889
20
0.6016333858267716
11
1.9323680708661417
21
0.6038503149606299
0
LINE
8
BLACK
6
CONTINUOUS
10
1.9323680708661417
20
0.6038503149606299
11
1.9323680708661417
21
0.605214094488189
0
LINE
8
BLACK
6
CONTINUOUS
10
1.9323680708661417
20
0.605214094488189
11
1.9316290944881889
21
0.607431062992126
0
LINE
8
BLACK
6
CONTINUOUS
10
1.9316290944881889
20
0.607431062992126
11
1.9309545669291339
21
0.6081055511811023
0
LINE
8
BLACK
6
CONTINUOUS
10
1.9309545669291339
20
0.6081055511811023
11
1.9304933070866142
21
0.609219094488189
0
LINE
8
BLACK
6
CONTINUOUS
10
1.9304933070866142
20
0.609219094488189
11
1.9309545275590552
21
0.6103326771653543
0
LINE
8
BLACK
6
CONTINUOUS
10
1.9309545275590552
20
0.6103326771653543
11
1.9320680708661417
21
0.610793937007874
0
LINE
8
BLACK
6
CONTINUOUS
10
1.9320680708661417
20
0.610793937007874
11
1.9331816535433071
21
0.6103327165354331
0
LINE
8
BLACK
6
CONTINUOUS
10
1.9256908661417322
20
0.6294651968503937
11
1.9258883858267717
21
0.6294946062992126
0
LINE
8
BLACK
6
CONTINUOUS
10
1.9258883858267717
20
0.6294946062992126
11
1.929637874015748
21
0.6285572047244095
0
LINE
8
BLACK
6
CONTINUOUS
10
1.929637874015748
20
0.6285572047244095
11
1.9298592125984251
21
0.6283931496062992
0
LINE
8
BLACK
6
CONTINUOUS
10
1.9298592125984251
20
0.6283931496062992
11
1.9301294881889763
21
0.6283397244094489
0
LINE
8
BLACK
6
CONTINUOUS
10
1.9301294881889763
20
0.6283397244094489
11
1.932941653543307
21
0.6264649606299213
0
LINE
8
BLACK
6
CONTINUOUS
10
1.932941653543307
20
0.6264649606299213
11
1.9330318503937007
21
0.6263302362204725
0
LINE
8
BLACK
6
CONTINUOUS
10
1.9330318503937007
20
0.6263302362204725
11
1.9331816535433071
21
0.6262682283464567
0
LINE
8
BLACK
6
CONTINUOUS
10
1.9331816535433071
20
0.6262682283464567
11
1.9341190551181102
21
0.6253308661417323
0
LINE
8
BLACK
6
CONTINUOUS
10
1.9341190551181102
20
0.6253308661417323
11
1.9342182677165354
21
0.6250912992125984
0
LINE
8
BLACK
6
CONTINUOUS
10
1.9342182677165354
20
0.6250912992125984
11
1.9344140551181102
21
0.6249215354330708
0
LINE
8
BLACK
6
CONTINUOUS
10
1.9344140551181102
20
0.6249215354330708
11
1.9353514173228346
21
0.623046811023622
0
LINE
8
BLACK
6
CONTINUOUS
10
1.9353514173228346
20
0.623046811023622
11
1.9353773622047243
21
0.6226811417322835
0
LINE
8
BLACK
6
CONTINUOUS
10
1.9353773622047243
20
0.6226811417322835
11
1.9355176771653544
21
0.6223425196850394
0
LINE
8
BLACK
6
CONTINUOUS
10
1.9355176771653544
20
0.6223425196850394
11
1.9355176771653544
21
0.6185929921259843
0
LINE
8
BLACK
6
CONTINUOUS
10
1.9355176771653544
20
0.6185929921259843
11
1.9350564173228346
21
0.6174794488188976
0
LINE
8
BLACK
6
CONTINUOUS
10
1.9350564173228346
20
0.6174794488188976
11
1.933942874015748
21
0.6170181889763779
0
LINE
8
BLACK
6
CONTINUOUS
10
1.933942874015748
20
0.6170181889763779
11
1.9328293307086615
21
0.6174794488188976
0
LINE
8
BLACK
6
CONTINUOUS
10
1.9328293307086615
20
0.6174794488188976
11
1.9323680708661417
21
0.6185929921259843
0
LINE
8
BLACK
6
CONTINUOUS
10
1.9323680708661417
20
0.6185929921259843
11
1.9323680708661417
21
0.6219707874015747
0
LINE
8
BLACK
6
CONTINUOUS
10
1.9323680708661417
20
0.6219707874015747
11
1.9317112598425197
21
0.6232844094488189
0
LINE
8
BLACK
6
CONTINUOUS
10
1.9317112598425197
20
0.6232844094488189
11
1.9310647637795275
21
0.6239308267716536
0
LINE
8
BLACK
6
CONTINUOUS
10
1.9310647637795275
20
0.6239308267716536
11
1.9286093700787401
21
0.6255677559055118
0
LINE
8
BLACK
6
CONTINUOUS
10
1.9286093700787401
20
0.6255677559055118
11
1.9273749212598426
21
0.6258763779527559
0
LINE
8
BLACK
6
CONTINUOUS
10
1.9273749212598426
20
0.6258763779527559
11
1.9278523622047243
21
0.6249215748031496
0
LINE
8
BLACK
6
CONTINUOUS
10
1.9278523622047243
20
0.6249215748031496
11
1.9278783070866141
21
0.6245559055118111
0
LINE
8
BLACK
6
CONTINUOUS
10
1.9278783070866141
20
0.6245559055118111
11
1.9280186220472439
21
0.624217283464567
0
LINE
8
BLACK
6
CONTINUOUS
10
1.9280186220472439
20
0.624217283464567
11
1.9280186220472439
21
0.6204677559055118
0
LINE
8
BLACK
6
CONTINUOUS
10
1.9280186220472439
20
0.6204677559055118
11
1.9278783070866141
21
0.620129094488189
0
LINE
8
BLACK
6
CONTINUOUS
10
1.9278783070866141
20
0.620129094488189
11
1.9278523622047243
21
0.6197634645669291
0
LINE
8
BLACK
6
CONTINUOUS
10
1.9278523622047243
20
0.6197634645669291
11
1.9269149606299212
21
0.6178887007874015
0
LINE
8
BLACK
6
CONTINUOUS
10
1.9269149606299212
20
0.6178887007874015
11
1.9267191338582677
21
0.6177188582677166
0
LINE
8
BLACK
6
CONTINUOUS
10
1.9267191338582677
20
0.6177188582677166
11
1.92662
21
0.6174794881889764
0
LINE
8
BLACK
6
CONTINUOUS
10
1.92662
20
0.6174794881889764
11
1.9256826377952756
21
0.6165420472440944
0
LINE
8
BLACK
6
CONTINUOUS
10
1.9256826377952756
20
0.6165420472440944
11
1.9254430708661416
21
0.6164427952755905
0
LINE
8
BLACK
6
CONTINUOUS
10
1.9254430708661416
20
0.6164427952755905
11
1.9252733070866141
21
0.6162470472440945
0
LINE
8
BLACK
6
CONTINUOUS
10
1.9252733070866141
20
0.6162470472440945
11
1.9233985433070866
21
0.6153096850393701
0
LINE
8
BLACK
6
CONTINUOUS
10
1.9233985433070866
20
0.6153096850393701
11
1.9230329133858268
21
0.6152837007874016
0
LINE
8
BLACK
6
CONTINUOUS
10
1.9230329133858268
20
0.6152837007874016
11
1.9226942913385827
21
0.6151434251968504
0
LINE
8
BLACK
6
CONTINUOUS
10
1.9226942913385827
20
0.6151434251968504
11
1.9180073622047245
21
0.6151434251968504
0
LINE
8
BLACK
6
CONTINUOUS
10
1.9180073622047245
20
0.6151434251968504
11
1.9176687007874016
21
0.6152837007874016
0
LINE
8
BLACK
6
CONTINUOUS
10
1.9176687007874016
20
0.6152837007874016
11
1.9173030708661416
21
0.6153096850393701
0
LINE
8
BLACK
6
CONTINUOUS
10
1.9173030708661416
20
0.6153096850393701
11
1.9154283464566928
21
0.6162470472440945
0
LINE
8
BLACK
6
CONTINUOUS
10
1.9154283464566928
20
0.6162470472440945
11
1.9152585433070866
21
0.6164427952755905
0
LINE
8
BLACK
6
CONTINUOUS
10
1.9152585433070866
20
0.6164427952755905
11
1.9150190157480314
21
0.6165420472440944
0
LINE
8
BLACK
6
CONTINUOUS
10
1.9150190157480314
20
0.6165420472440944
11
1.9140816535433069
21
0.6174794488188976
0
LINE
8
BLACK
6
CONTINUOUS
10
1.9140816535433069
20
0.6174794488188976
11
1.9139824409448818
21
0.6177188976377953
0
LINE
8
BLACK
6
CONTINUOUS
10
1.9139824409448818
20
0.6177188976377953
11
1.9137866929133858
21
0.6178887007874015
0
LINE
8
BLACK
6
CONTINUOUS
10
1.9137866929133858
20
0.6178887007874015
11
1.9128492913385826
21
0.6197634645669291
0
LINE
8
BLACK
6
CONTINUOUS
10
1.9128492913385826
20
0.6197634645669291
11
1.9128233070866141
21
0.620129094488189
0
LINE
8
BLACK
6
CONTINUOUS
10
1.9128233070866141
20
0.620129094488189
11
1.912683031496063
21
0.6204677559055118
0
LINE
8
BLACK
6
CONTINUOUS
10
1.912683031496063
20
0.6204677559055118
11
1.912683031496063
21
0.624217283464567
0
LINE
8
BLACK
6
CONTINUOUS
10
1.912683031496063
20
0.624217283464567
11
1.9128233070866141
21
0.6245559055118111
0
LINE
8
BLACK
6
CONTINUOUS
10
1.9128233070866141
20
0.6245559055118111
11
1.9128492913385826
21
0.6249215748031496
0
LINE
8
BLACK
6
CONTINUOUS
10
1.9128492913385826
20
0.6249215748031496
11
1.9137866929133858
21
0.6267963385826771
0
LINE
8
BLACK
6
CONTINUOUS
10
1.9137866929133858
20
0.6267963385826771
11
1.9139824803149605
21
0.6269661417322835
0
LINE
8
BLACK
6
CONTINUOUS
10
1.9139824803149605
20
0.6269661417322835
11
1.9140816929133857
21
0.6272055905511811
0
LINE
8
BLACK
6
CONTINUOUS
10
1.9140816929133857
20
0.6272055905511811
11
1.9150190551181101
21
0.6281429527559055
0
LINE
8
BLACK
6
CONTINUOUS
10
1.9150190551181101
20
0.6281429527559055
11
1.9152584645669291
21
0.628242125984252
0
LINE
8
BLACK
6
CONTINUOUS
10
1.9152584645669291
20
0.628242125984252
11
1.915428307086614
21
0.6284379527559055
0
LINE
8
BLACK
6
CONTINUOUS
10
1.915428307086614
20
0.6284379527559055
11
1.9173030708661416
21
0.6293753543307087
0
LINE
8
BLACK
6
CONTINUOUS
10
1.9173030708661416
20
0.6293753543307087
11
1.9176687007874016
21
0.6294012992125985
0
LINE
8
BLACK
6
CONTINUOUS
10
1.9176687007874016
20
0.6294012992125985
11
1.9180073622047245
21
0.6295416141732283
0
LINE
8
BLACK
6
CONTINUOUS
10
1.9180073622047245
20
0.6295416141732283
11
1.9255064173228347
21
0.6295416141732283
0
LINE
8
BLACK
6
CONTINUOUS
10
1.9255064173228347
20
0.6295416141732283
11
1.9256908661417322
21
0.6294651968503937
0
LINE
8
BLACK
6
CONTINUOUS
10
1.9170653937007873
20
0.6257351181102362
11
1.9164894881889762
21
0.6251592125984252
0
LINE
8
BLACK
6
CONTINUOUS
10
1.9164894881889762
20
0.6251592125984252
11
1.9158326377952755
21
0.6238454724409449
0
LINE
8
BLACK
6
CONTINUOUS
10
1.9158326377952755
20
0.6238454724409449
11
1.9158326377952755
21
0.6208395275590551
0
LINE
8
BLACK
6
CONTINUOUS
10
1.9158326377952755
20
0.6208395275590551
11
1.9164894881889762
21
0.6195258267716536
0
LINE
8
BLACK
6
CONTINUOUS
10
1.9164894881889762
20
0.6195258267716536
11
1.9170654330708661
21
0.6189498031496062
0
LINE
8
BLACK
6
CONTINUOUS
10
1.9170654330708661
20
0.6189498031496062
11
1.9183790944881889
21
0.618293031496063
0
LINE
8
BLACK
6
CONTINUOUS
10
1.9183790944881889
20
0.618293031496063
11
1.9223225590551181
21
0.618293031496063
0
LINE
8
BLACK
6
CONTINUOUS
10
1.9223225590551181
20
0.618293031496063
11
1.9236361417322834
21
0.6189498031496062
0
LINE
8
BLACK
6
CONTINUOUS
10
1.9236361417322834
20
0.6189498031496062
11
1.924212125984252
21
0.6195258267716536
0
LINE
8
BLACK
6
CONTINUOUS
10
1.924212125984252
20
0.6195258267716536
11
1.9248690157480315
21
0.6208395275590551
0
LINE
8
BLACK
6
CONTINUOUS
10
1.9248690157480315
20
0.6208395275590551
11
1.9248690157480315
21
0.6238454724409449
0
LINE
8
BLACK
6
CONTINUOUS
10
1.9248690157480315
20
0.6238454724409449
11
1.924212125984252
21
0.6251592125984252
0
LINE
8
BLACK
6
CONTINUOUS
10
1.924212125984252
20
0.6251592125984252
11
1.9236362204724409
21
0.6257351181102362
0
LINE
8
BLACK
6
CONTINUOUS
10
1.9236362204724409
20
0.6257351181102362
11
1.9223225196850393
21
0.6263920078740157
0
LINE
8
BLACK
6
CONTINUOUS
10
1.9223225196850393
20
0.6263920078740157
11
1.9183791338582676
21
0.6263920078740157
0
LINE
8
BLACK
6
CONTINUOUS
10
1.9183791338582676
20
0.6263920078740157
11
1.9170653937007873
21
0.6257351181102362
0
LINE
8
BLACK
6
CONTINUOUS
10
1.9486220472440945
20
0.6538385826771653
11
1.9500139763779527
21
0.6532620078740158
0
LINE
8
BLACK
6
CONTINUOUS
10
1.9500139763779527
20
0.6532620078740158
11
1.9505905511811024
21
0.6518700787401575
0
LINE
8
BLACK
6
CONTINUOUS
10
1.9505905511811024
20
0.6518700787401575
11
1.9505905511811024
21
0.5731299212598425
0
LINE
8
BLACK
6
CONTINUOUS
10
1.9505905511811024
20
0.5731299212598425
11
1.9500139763779527
21
0.5717379921259842
0
LINE
8
BLACK
6
CONTINUOUS
10
1.9500139763779527
20
0.5717379921259842
11
1.9486220472440945
21
0.5711614173228347
0
LINE
8
BLACK
6
CONTINUOUS
10
1.9486220472440945
20
0.5711614173228347
11
1.9013779527559054
21
0.5711614173228347
0
LINE
8
BLACK
6
CONTINUOUS
10
1.9013779527559054
20
0.5711614173228347
11
1.8999860236220472
21
0.5717379921259842
0
LINE
8
BLACK
6
CONTINUOUS
10
1.8999860236220472
20
0.5717379921259842
11
1.8994094488188975
21
0.5731299212598425
0
LINE
8
BLACK
6
CONTINUOUS
10
1.8994094488188975
20
0.5731299212598425
11
1.8994094488188975
21
0.6518700787401575
0
LINE
8
BLACK
6
CONTINUOUS
10
1.8994094488188975
20
0.6518700787401575
11
1.8999860236220472
21
0.6532620078740158
0
LINE
8
BLACK
6
CONTINUOUS
10
1.8999860236220472
20
0.6532620078740158
11
1.9013779527559054
21
0.6538385826771653
0
LINE
8
BLACK
6
CONTINUOUS
10
1.9013779527559054
20
0.6538385826771653
11
1.9486220472440945
21
0.6538385826771653
0
LINE
8
BLACK
6
CONTINUOUS
10
1.9033464566929132
20
0.6499015748031496
11
1.9033464566929132
21
0.5750984251968504
0
LINE
8
BLACK
6
CONTINUOUS
10
1.9033464566929132
20
0.5750984251968504
11
1.9466535433070866
21
0.5750984251968504
0
LINE
8
BLACK
6
CONTINUOUS
10
1.9466535433070866
20
0.5750984251968504
11
1.9466535433070866
21
0.6499015748031496
0
LINE
8
BLACK
6
CONTINUOUS
10
1.9466535433070866
20
0.6499015748031496
11
1.9033464566929132
21
0.6499015748031496
0
LINE
8
BLACK
6
CONTINUOUS
10
2.3249348031496062
20
0.6730822834645669
11
2.3326917322834646
21
0.6700772440944882
0
LINE
8
BLACK
6
CONTINUOUS
10
2.3326917322834646
20
0.6700772440944882
11
2.3397644488188978
21
0.665698031496063
0
LINE
8
BLACK
6
CONTINUOUS
10
2.3397644488188978
20
0.665698031496063
11
2.3459120078740159
21
0.660093779527559
0
LINE
8
BLACK
6
CONTINUOUS
10
2.3459120078740159
20
0.660093779527559
11
2.3509251574803147
21
0.6534553149606299
0
LINE
8
BLACK
6
CONTINUOUS
10
2.3509251574803147
20
0.6534553149606299
11
2.3546331102362204
21
0.6460087401574803
0
LINE
8
BLACK
6
CONTINUOUS
10
2.3546331102362204
20
0.6460087401574803
11
2.3569096062992125
21
0.6380075984251968
0
LINE
8
BLACK
6
CONTINUOUS
10
2.3569096062992125
20
0.6380075984251968
11
2.3576771653543305
21
0.6297244094488189
0
LINE
8
BLACK
6
CONTINUOUS
10
2.3576771653543305
20
0.6297244094488189
11
2.3569096062992125
21
0.6214412204724409
0
LINE
8
BLACK
6
CONTINUOUS
10
2.3569096062992125
20
0.6214412204724409
11
2.3546331102362204
21
0.6134400787401575
0
LINE
8
BLACK
6
CONTINUOUS
10
2.3546331102362204
20
0.6134400787401575
11
2.3509251574803147
21
0.6059935039370079
0
LINE
8
BLACK
6
CONTINUOUS
10
2.3509251574803147
20
0.6059935039370079
11
2.3459120078740159
21
0.5993550393700787
0
LINE
8
BLACK
6
CONTINUOUS
10
2.3459120078740159
20
0.5993550393700787
11
2.3397644488188978
21
0.5937507874015748
0
LINE
8
BLACK
6
CONTINUOUS
10
2.3397644488188978
20
0.5937507874015748
11
2.3326917322834646
21
0.5893715748031496
0
LINE
8
BLACK
6
CONTINUOUS
10
2.3326917322834646
20
0.5893715748031496
11
2.3249348031496062
21
0.5863665354330708
0
LINE
8
BLACK
6
CONTINUOUS
10
2.3249348031496062
20
0.5863665354330708
11
2.3167577559055119
21
0.5848379527559054
0
LINE
8
BLACK
6
CONTINUOUS
10
2.3167577559055119
20
0.5848379527559054
11
2.3084390944881887
21
0.5848379527559054
0
LINE
8
BLACK
6
CONTINUOUS
10
2.3084390944881887
20
0.5848379527559054
11
2.3002620472440944
21
0.5863665354330708
0
LINE
8
BLACK
6
CONTINUOUS
10
2.3002620472440944
20
0.5863665354330708
11
2.2925051181102361
21
0.5893715748031496
0
LINE
8
BLACK
6
CONTINUOUS
10
2.2925051181102361
20
0.5893715748031496
11
2.2854324015748033
21
0.5937507874015748
0
LINE
8
BLACK
6
CONTINUOUS
10
2.2854324015748033
20
0.5937507874015748
11
2.2792848425196848
21
0.5993550393700787
0
LINE
8
BLACK
6
CONTINUOUS
10
2.2792848425196848
20
0.5993550393700787
11
2.2742716929133859
21
0.6059935039370079
0
LINE
8
BLACK
6
CONTINUOUS
10
2.2742716929133859
20
0.6059935039370079
11
2.2705637401574803
21
0.6134400787401575
0
LINE
8
BLACK
6
CONTINUOUS
10
2.2705637401574803
20
0.6134400787401575
11
2.2682872440944881
21
0.6214412204724409
0
LINE
8
BLACK
6
CONTINUOUS
10
2.2682872440944881
20
0.6214412204724409
11
2.2675196850393702
21
0.6297244094488189
0
LINE
8
BLACK
6
CONTINUOUS
10
2.2675196850393702
20
0.6297244094488189
11
2.2682872440944881
21
0.6380075984251968
0
LINE
8
BLACK
6
CONTINUOUS
10
2.2682872440944881
20
0.6380075984251968
11
2.2705637401574803
21
0.6460087401574803
0
LINE
8
BLACK
6
CONTINUOUS
10
2.2705637401574803
20
0.6460087401574803
11
2.2742716929133859
21
0.6534553149606299
0
LINE
8
BLACK
6
CONTINUOUS
10
2.2742716929133859
20
0.6534553149606299
11
2.2792848425196848
21
0.660093779527559
0
LINE
8
BLACK
6
CONTINUOUS
10
2.2792848425196848
20
0.660093779527559
11
2.2854324015748033
21
0.665698031496063
0
LINE
8
BLACK
6
CONTINUOUS
10
2.2854324015748033
20
0.665698031496063
11
2.2925051181102361
21
0.6700772440944882
0
LINE
8
BLACK
6
CONTINUOUS
10
2.2925051181102361
20
0.6700772440944882
11
2.3002620472440944
21
0.6730822834645669
0
LINE
8
BLACK
6
CONTINUOUS
10
2.3002620472440944
20
0.6730822834645669
11
2.3084390944881887
21
0.6746108661417323
0
LINE
8
BLACK
6
CONTINUOUS
10
2.3084390944881887
20
0.6746108661417323
11
2.3167577559055119
21
0.6746108661417323
0
LINE
8
BLACK
6
CONTINUOUS
10
2.3167577559055119
20
0.6746108661417323
11
2.3249348031496062
21
0.6730822834645669
0
LINE
8
BLACK
6
CONTINUOUS
10
2.3145676377952755
20
0.5885775590551181
11
2.3206636220472441
21
0.5891779921259842
0
LINE
8
BLACK
6
CONTINUOUS
10
2.3206636220472441
20
0.5891779921259842
11
2.3284188582677166
21
0.5915305118110236
0
LINE
8
BLACK
6
CONTINUOUS
10
2.3284188582677166
20
0.5915305118110236
11
2.3355661417322833
21
0.5953507874015748
0
LINE
8
BLACK
6
CONTINUOUS
10
2.3355661417322833
20
0.5953507874015748
11
2.3418307874015749
21
0.6004920472440944
0
LINE
8
BLACK
6
CONTINUOUS
10
2.3418307874015749
20
0.6004920472440944
11
2.3469720472440945
21
0.6067566929133859
0
LINE
8
BLACK
6
CONTINUOUS
10
2.3469720472440945
20
0.6067566929133859
11
2.3507923228346455
21
0.6139039763779527
0
LINE
8
BLACK
6
CONTINUOUS
10
2.3507923228346455
20
0.6139039763779527
11
2.353144842519685
21
0.6216592125984252
0
LINE
8
BLACK
6
CONTINUOUS
10
2.353144842519685
20
0.6216592125984252
11
2.3539392125984251
21
0.6297244094488189
0
LINE
8
BLACK
6
CONTINUOUS
10
2.3539392125984251
20
0.6297244094488189
11
2.353144842519685
21
0.6377896062992126
0
LINE
8
BLACK
6
CONTINUOUS
10
2.353144842519685
20
0.6377896062992126
11
2.3507923228346455
21
0.645544842519685
0
LINE
8
BLACK
6
CONTINUOUS
10
2.3507923228346455
20
0.645544842519685
11
2.3469720472440945
21
0.652692125984252
0
LINE
8
BLACK
6
CONTINUOUS
10
2.3469720472440945
20
0.652692125984252
11
2.3418307874015749
21
0.6589567716535433
0
LINE
8
BLACK
6
CONTINUOUS
10
2.3418307874015749
20
0.6589567716535433
11
2.3355661417322833
21
0.6640980314960629
0
LINE
8
BLACK
6
CONTINUOUS
10
2.3355661417322833
20
0.6640980314960629
11
2.3284188582677166
21
0.6679183070866141
0
LINE
8
BLACK
6
CONTINUOUS
10
2.3284188582677166
20
0.6679183070866141
11
2.3206636220472441
21
0.6702708267716535
0
LINE
8
BLACK
6
CONTINUOUS
10
2.3206636220472441
20
0.6702708267716535
11
2.3146055905511811
21
0.6708674803149606
0
LINE
8
BLACK
6
CONTINUOUS
10
2.3146055905511811
20
0.6708674803149606
11
2.3145676377952755
21
0.5885775590551181
0
LINE
8
BLACK
6
CONTINUOUS
10
2.2720520078740156
20
0.6216592125984252
11
2.2744045275590552
21
0.6139039763779527
0
LINE
8
BLACK
6
CONTINUOUS
10
2.2744045275590552
20
0.6139039763779527
11
2.2782248031496062
21
0.6067566929133859
0
LINE
8
BLACK
6
CONTINUOUS
10
2.2782248031496062
20
0.6067566929133859
11
2.2833660629921257
21
0.6004920472440944
0
LINE
8
BLACK
6
CONTINUOUS
10
2.2833660629921257
20
0.6004920472440944
11
2.2896307086614174
21
0.5953507874015748
0
LINE
8
BLACK
6
CONTINUOUS
10
2.2896307086614174
20
0.5953507874015748
11
2.2967779921259841
21
0.5915305118110236
0
LINE
8
BLACK
6
CONTINUOUS
10
2.2967779921259841
20
0.5915305118110236
11
2.3045332283464566
21
0.5891779921259842
0
LINE
8
BLACK
6
CONTINUOUS
10
2.3045332283464566
20
0.5891779921259842
11
2.3106306299212598
21
0.5885774015748031
0
LINE
8
BLACK
6
CONTINUOUS
10
2.3106306299212598
20
0.5885774015748031
11
2.3106685826771654
21
0.6708751181102363
0
LINE
8
BLACK
6
CONTINUOUS
10
2.3106685826771654
20
0.6708751181102363
11
2.3045332283464566
21
0.6702708267716535
0
LINE
8
BLACK
6
CONTINUOUS
10
2.3045332283464566
20
0.6702708267716535
11
2.2967779921259841
21
0.6679183070866141
0
LINE
8
BLACK
6
CONTINUOUS
10
2.2967779921259841
20
0.6679183070866141
11
2.2896307086614174
21
0.6640980314960629
0
LINE
8
BLACK
6
CONTINUOUS
10
2.2896307086614174
20
0.6640980314960629
11
2.2833660629921257
21
0.6589567716535433
0
LINE
8
BLACK
6
CONTINUOUS
10
2.2833660629921257
20
0.6589567716535433
11
2.2782248031496062
21
0.652692125984252
0
LINE
8
BLACK
6
CONTINUOUS
10
2.2782248031496062
20
0.652692125984252
11
2.2744045275590552
21
0.645544842519685
0
LINE
8
BLACK
6
CONTINUOUS
10
2.2744045275590552
20
0.645544842519685
11
2.2720520078740156
21
0.6377896062992126
0
LINE
8
BLACK
6
CONTINUOUS
10
2.2720520078740156
20
0.6377896062992126
11
2.2712576377952756
21
0.6297244094488189
0
LINE
8
BLACK
6
CONTINUOUS
10
2.2712576377952756
20
0.6297244094488189
11
2.2720520078740156
21
0.6216592125984252
0
LINE
8
BLACK
6
CONTINUOUS
10
2.1982438188976379
20
0.6991425590551181
11
2.1983793307086614
21
0.6991635826771654
0
LINE
8
BLACK
6
CONTINUOUS
10
2.1983793307086614
20
0.6991635826771654
11
2.1984839763779527
21
0.6991001968503937
0
LINE
8
BLACK
6
CONTINUOUS
10
2.1984839763779527
20
0.6991001968503937
11
2.1988164173228344
21
0.6990416141732283
0
LINE
8
BLACK
6
CONTINUOUS
10
2.1988164173228344
20
0.6990416141732283
11
2.1994261811023623
21
0.6985299212598425
0
LINE
8
BLACK
6
CONTINUOUS
10
2.1994261811023623
20
0.6985299212598425
11
2.2001072440944882
21
0.6981177165354331
0
LINE
8
BLACK
6
CONTINUOUS
10
2.2001072440944882
20
0.6981177165354331
11
2.2001831889763781
21
0.69789468503937
0
LINE
8
BLACK
6
CONTINUOUS
10
2.2001831889763781
20
0.69789468503937
11
2.200363661417323
21
0.6977433070866141
0
LINE
8
BLACK
6
CONTINUOUS
10
2.200363661417323
20
0.6977433070866141
11
2.2005018897637796
21
0.6969593307086615
0
LINE
8
BLACK
6
CONTINUOUS
10
2.2005018897637796
20
0.6969593307086615
11
2.2007586220472439
21
0.6962058267716535
0
LINE
8
BLACK
6
CONTINUOUS
10
2.2007586220472439
20
0.6962058267716535
11
2.200673464566929
21
0.6959861811023622
0
LINE
8
BLACK
6
CONTINUOUS
10
2.200673464566929
20
0.6959861811023622
11
2.2007144094488189
21
0.6957541732283464
0
LINE
8
BLACK
6
CONTINUOUS
10
2.2007144094488189
20
0.6957541732283464
11
2.2003162992125982
21
0.69506468503937
0
LINE
8
BLACK
6
CONTINUOUS
10
2.2003162992125982
20
0.69506468503937
11
2.2000286614173228
21
0.6943225196850393
0
LINE
8
BLACK
6
CONTINUOUS
10
2.2000286614173228
20
0.6943225196850393
11
2.1910723228346458
21
0.6840866929133859
0
LINE
8
BLACK
6
CONTINUOUS
10
2.1910723228346458
20
0.6840866929133859
11
2.1913173622047242
21
0.6840435039370079
0
LINE
8
BLACK
6
CONTINUOUS
10
2.1913173622047242
20
0.6840435039370079
11
2.1914525984251969
21
0.68393
0
LINE
8
BLACK
6
CONTINUOUS
10
2.1914525984251969
20
0.68393
11
2.1916279527559053
21
0.683909842519685
0
LINE
8
BLACK
6
CONTINUOUS
10
2.1916279527559053
20
0.683909842519685
11
2.1953774803149604
21
0.6820350787401575
0
LINE
8
BLACK
6
CONTINUOUS
10
2.1953774803149604
20
0.6820350787401575
11
2.196086535433071
21
0.6815091338582677
0
LINE
8
BLACK
6
CONTINUOUS
10
2.196086535433071
20
0.6815091338582677
11
2.1961448818897638
21
0.6814819685039369
0
LINE
8
BLACK
6
CONTINUOUS
10
2.1961448818897638
20
0.6814819685039369
11
2.1980196456692913
21
0.6796072047244094
0
LINE
8
BLACK
6
CONTINUOUS
10
2.1980196456692913
20
0.6796072047244094
11
2.1985259055118109
21
0.678884094488189
0
LINE
8
BLACK
6
CONTINUOUS
10
2.1985259055118109
20
0.678884094488189
11
2.1985727559055119
21
0.6788398031496062
0
LINE
8
BLACK
6
CONTINUOUS
10
2.1985727559055119
20
0.6788398031496062
11
2.2004475196850395
21
0.6750902755905511
0
LINE
8
BLACK
6
CONTINUOUS
10
2.2004475196850395
20
0.6750902755905511
11
2.2007398818897639
21
0.6741073622047244
0
LINE
8
BLACK
6
CONTINUOUS
10
2.2007398818897639
20
0.6741073622047244
11
2.2006988582677165
21
0.6739356299212599
0
LINE
8
BLACK
6
CONTINUOUS
10
2.2006988582677165
20
0.6739356299212599
11
2.200759251968504
21
0.6737697637795276
0
LINE
8
BLACK
6
CONTINUOUS
10
2.200759251968504
20
0.6737697637795276
11
2.200759251968504
21
0.6643959448818898
0
LINE
8
BLACK
6
CONTINUOUS
10
2.200759251968504
20
0.6643959448818898
11
2.2005811811023621
21
0.6633860236220472
0
LINE
8
BLACK
6
CONTINUOUS
10
2.2005811811023621
20
0.6633860236220472
11
2.2004676771653542
21
0.6632507480314961
0
LINE
8
BLACK
6
CONTINUOUS
10
2.2004676771653542
20
0.6632507480314961
11
2.2004475196850395
21
0.6630754330708661
0
LINE
8
BLACK
6
CONTINUOUS
10
2.2004475196850395
20
0.6630754330708661
11
2.1985727559055119
21
0.659325905511811
0
LINE
8
BLACK
6
CONTINUOUS
10
2.1985727559055119
20
0.659325905511811
11
2.198046850393701
21
0.658616811023622
0
LINE
8
BLACK
6
CONTINUOUS
10
2.198046850393701
20
0.658616811023622
11
2.1980196456692913
21
0.6585585039370079
0
LINE
8
BLACK
6
CONTINUOUS
10
2.1980196456692913
20
0.6585585039370079
11
2.1961448818897638
21
0.6566837401574803
0
LINE
8
BLACK
6
CONTINUOUS
10
2.1961448818897638
20
0.6566837401574803
11
2.1954218897637796
21
0.6561775196850393
0
LINE
8
BLACK
6
CONTINUOUS
10
2.1954218897637796
20
0.6561775196850393
11
2.1953775196850391
21
0.6561306299212598
0
LINE
8
BLACK
6
CONTINUOUS
10
2.1953775196850391
20
0.6561306299212598
11
2.191627992125984
21
0.6542558267716535
0
LINE
8
BLACK
6
CONTINUOUS
10
2.191627992125984
20
0.6542558267716535
11
2.1906450393700787
21
0.6539634645669291
0
LINE
8
BLACK
6
CONTINUOUS
10
2.1906450393700787
20
0.6539634645669291
11
2.1904733070866143
21
0.6540044488188976
0
LINE
8
BLACK
6
CONTINUOUS
10
2.1904733070866143
20
0.6540044488188976
11
2.1903074409448817
21
0.6539440944881889
0
LINE
8
BLACK
6
CONTINUOUS
10
2.1903074409448817
20
0.6539440944881889
11
2.1790588582677164
21
0.6539440944881889
0
LINE
8
BLACK
6
CONTINUOUS
10
2.1790588582677164
20
0.6539440944881889
11
2.1780489370078739
21
0.6541221653543307
0
LINE
8
BLACK
6
CONTINUOUS
10
2.1780489370078739
20
0.6541221653543307
11
2.1779136614173229
21
0.6542356299212598
0
LINE
8
BLACK
6
CONTINUOUS
10
2.1779136614173229
20
0.6542356299212598
11
2.1777383464566928
21
0.6542558267716535
0
LINE
8
BLACK
6
CONTINUOUS
10
2.1777383464566928
20
0.6542558267716535
11
2.173988779527559
21
0.6561306299212598
0
LINE
8
BLACK
6
CONTINUOUS
10
2.173988779527559
20
0.6561306299212598
11
2.1732797637795276
21
0.6566564960629921
0
LINE
8
BLACK
6
CONTINUOUS
10
2.1732797637795276
20
0.6566564960629921
11
2.1732214173228348
21
0.6566837401574803
0
LINE
8
BLACK
6
CONTINUOUS
10
2.1732214173228348
20
0.6566837401574803
11
2.1713466535433072
21
0.6585585039370079
0
LINE
8
BLACK
6
CONTINUOUS
10
2.1713466535433072
20
0.6585585039370079
11
2.1707584645669291
21
0.6593985433070866
0
LINE
8
BLACK
6
CONTINUOUS
10
2.1707584645669291
20
0.6593985433070866
11
2.1705824015748032
21
0.6614106299212599
0
LINE
8
BLACK
6
CONTINUOUS
10
2.1705824015748032
20
0.6614106299212599
11
2.1717409448818898
21
0.6630651968503937
0
LINE
8
BLACK
6
CONTINUOUS
10
2.1717409448818898
20
0.6630651968503937
11
2.1736918897637794
21
0.6635879133858268
0
LINE
8
BLACK
6
CONTINUOUS
10
2.1736918897637794
20
0.6635879133858268
11
2.1755224803149606
21
0.6627343307086614
0
LINE
8
BLACK
6
CONTINUOUS
10
2.1755224803149606
20
0.6627343307086614
11
2.1770583858267716
21
0.6611983858267716
0
LINE
8
BLACK
6
CONTINUOUS
10
2.1770583858267716
20
0.6611983858267716
11
2.1797559448818897
21
0.6598496062992126
0
LINE
8
BLACK
6
CONTINUOUS
10
2.1797559448818897
20
0.6598496062992126
11
2.1896103543307088
21
0.6598496062992126
0
LINE
8
BLACK
6
CONTINUOUS
10
2.1896103543307088
20
0.6598496062992126
11
2.192307834645669
21
0.661198346456693
0
LINE
8
BLACK
6
CONTINUOUS
10
2.192307834645669
20
0.661198346456693
11
2.193505
21
0.6623955118110236
0
LINE
8
BLACK
6
CONTINUOUS
10
2.193505
20
0.6623955118110236
11
2.1948537401574804
21
0.6650929921259843
0
LINE
8
BLACK
6
CONTINUOUS
10
2.1948537401574804
20
0.6650929921259843
11
2.1948537401574804
21
0.6730727165354331
0
LINE
8
BLACK
6
CONTINUOUS
10
2.1948537401574804
20
0.6730727165354331
11
2.193505
21
0.6757701968503936
0
LINE
8
BLACK
6
CONTINUOUS
10
2.193505
20
0.6757701968503936
11
2.1923078740157478
21
0.6769673228346457
0
LINE
8
BLACK
6
CONTINUOUS
10
2.1923078740157478
20
0.6769673228346457
11
2.1896103937007871
21
0.678316062992126
0
LINE
8
BLACK
6
CONTINUOUS
10
2.1896103937007871
20
0.678316062992126
11
2.1846831496062991
21
0.678316062992126
0
LINE
8
BLACK
6
CONTINUOUS
10
2.1846831496062991
20
0.678316062992126
11
2.1842457874015748
21
0.6783931496062992
0
LINE
8
BLACK
6
CONTINUOUS
10
2.1842457874015748
20
0.6783931496062992
11
2.18411031496063
21
0.6783721653543306
0
LINE
8
BLACK
6
CONTINUOUS
10
2.18411031496063
20
0.6783721653543306
11
2.1840056299212596
21
0.6784355118110236
0
LINE
8
BLACK
6
CONTINUOUS
10
2.1840056299212596
20
0.6784355118110236
11
2.1836732283464566
21
0.6784941338582677
0
LINE
8
BLACK
6
CONTINUOUS
10
2.1836732283464566
20
0.6784941338582677
11
2.1830634251968504
21
0.6790057874015748
0
LINE
8
BLACK
6
CONTINUOUS
10
2.1830634251968504
20
0.6790057874015748
11
2.1823824015748032
21
0.6794180314960629
0
LINE
8
BLACK
6
CONTINUOUS
10
2.1823824015748032
20
0.6794180314960629
11
2.1823064173228346
21
0.6796410236220473
0
LINE
8
BLACK
6
CONTINUOUS
10
2.1823064173228346
20
0.6796410236220473
11
2.1821259842519685
21
0.6797924409448819
0
LINE
8
BLACK
6
CONTINUOUS
10
2.1821259842519685
20
0.6797924409448819
11
2.1819877165354331
21
0.6805763779527559
0
LINE
8
BLACK
6
CONTINUOUS
10
2.1819877165354331
20
0.6805763779527559
11
2.1817310236220471
21
0.6813299212598425
0
LINE
8
BLACK
6
CONTINUOUS
10
2.1817310236220471
20
0.6813299212598425
11
2.1818161417322832
21
0.6815495275590551
0
LINE
8
BLACK
6
CONTINUOUS
10
2.1818161417322832
20
0.6815495275590551
11
2.1817752362204725
21
0.6817815748031496
0
LINE
8
BLACK
6
CONTINUOUS
10
2.1817752362204725
20
0.6817815748031496
11
2.1821733070866141
21
0.6824710236220473
0
LINE
8
BLACK
6
CONTINUOUS
10
2.1821733070866141
20
0.6824710236220473
11
2.1824609842519687
21
0.6832132283464567
0
LINE
8
BLACK
6
CONTINUOUS
10
2.1824609842519687
20
0.6832132283464567
11
2.1912993307086612
21
0.6933141732283464
0
LINE
8
BLACK
6
CONTINUOUS
10
2.1912993307086612
20
0.6933141732283464
11
2.1734345669291337
21
0.6933141732283464
0
LINE
8
BLACK
6
CONTINUOUS
10
2.1734345669291337
20
0.6933141732283464
11
2.1724246456692913
21
0.6934922440944882
0
LINE
8
BLACK
6
CONTINUOUS
10
2.1724246456692913
20
0.6934922440944882
11
2.1708774015748031
21
0.6947905511811023
0
LINE
8
BLACK
6
CONTINUOUS
10
2.1708774015748031
20
0.6947905511811023
11
2.1705266535433072
21
0.69677968503937
0
LINE
8
BLACK
6
CONTINUOUS
10
2.1705266535433072
20
0.69677968503937
11
2.1715365748031497
21
0.6985288582677165
0
LINE
8
BLACK
6
CONTINUOUS
10
2.1715365748031497
20
0.6985288582677165
11
2.1734345669291337
21
0.69921968503937
0
LINE
8
BLACK
6
CONTINUOUS
10
2.1734345669291337
20
0.69921968503937
11
2.1978064960629919
21
0.69921968503937
0
LINE
8
BLACK
6
CONTINUOUS
10
2.1978064960629919
20
0.69921968503937
11
2.1982438188976379
21
0.6991425590551181
0
LINE
8
BLACK
6
CONTINUOUS
10
2.1393596850393699
20
0.6987827952755905
11
2.1406152362204725
21
0.6972006692913386
0
LINE
8
BLACK
6
CONTINUOUS
10
2.1406152362204725
20
0.6972006692913386
11
2.1509373622047243
21
0.6662342519685039
0
LINE
8
BLACK
6
CONTINUOUS
10
2.1509373622047243
20
0.6662342519685039
11
2.1612594881889762
21
0.6972006692913386
0
LINE
8
BLACK
6
CONTINUOUS
10
2.1612594881889762
20
0.6972006692913386
11
2.1617477559055116
21
0.6981024409448818
0
LINE
8
BLACK
6
CONTINUOUS
10
2.1617477559055116
20
0.6981024409448818
11
2.1634687401574801
21
0.6991597244094488
0
LINE
8
BLACK
6
CONTINUOUS
10
2.1634687401574801
20
0.6991597244094488
11
2.1654666929133857
21
0.6988634645669292
0
LINE
8
BLACK
6
CONTINUOUS
10
2.1654666929133857
20
0.6988634645669292
11
2.1668067716535431
21
0.6973522047244094
0
LINE
8
BLACK
6
CONTINUOUS
10
2.1668067716535431
20
0.6973522047244094
11
2.1668619291338582
21
0.695333188976378
0
LINE
8
BLACK
6
CONTINUOUS
10
2.1668619291338582
20
0.695333188976378
11
2.1537385826771653
21
0.6559631102362204
0
LINE
8
BLACK
6
CONTINUOUS
10
2.1537385826771653
20
0.6559631102362204
11
2.1532502755905512
21
0.6550613385826771
0
LINE
8
BLACK
6
CONTINUOUS
10
2.1532502755905512
20
0.6550613385826771
11
2.1531778346456694
21
0.6550168110236221
0
LINE
8
BLACK
6
CONTINUOUS
10
2.1531778346456694
20
0.6550168110236221
11
2.1531466141732283
21
0.6549377952755905
0
LINE
8
BLACK
6
CONTINUOUS
10
2.1531466141732283
20
0.6549377952755905
11
2.1523251181102361
21
0.6544929527559055
0
LINE
8
BLACK
6
CONTINUOUS
10
2.1523251181102361
20
0.6544929527559055
11
2.1515293307086614
21
0.6540040551181102
0
LINE
8
BLACK
6
CONTINUOUS
10
2.1515293307086614
20
0.6540040551181102
11
2.1514452362204723
21
0.6540164960629921
0
LINE
8
BLACK
6
CONTINUOUS
10
2.1514452362204723
20
0.6540164960629921
11
2.151370472440945
21
0.6539760236220472
0
LINE
8
BLACK
6
CONTINUOUS
10
2.151370472440945
20
0.6539760236220472
11
2.1504553543307088
21
0.6541632677165354
0
LINE
8
BLACK
6
CONTINUOUS
10
2.1504553543307088
20
0.6541632677165354
11
2.1495313385826771
21
0.6543003149606299
0
LINE
8
BLACK
6
CONTINUOUS
10
2.1495313385826771
20
0.6543003149606299
11
2.1494748818897635
21
0.654363937007874
0
LINE
8
BLACK
6
CONTINUOUS
10
2.1494748818897635
20
0.654363937007874
11
2.1493916929133858
21
0.6543809842519684
0
LINE
8
BLACK
6
CONTINUOUS
10
2.1493916929133858
20
0.6543809842519684
11
2.1488113385826773
21
0.6551122440944882
0
LINE
8
BLACK
6
CONTINUOUS
10
2.1488113385826773
20
0.6551122440944882
11
2.1481912992125984
21
0.6558115354330708
0
LINE
8
BLACK
6
CONTINUOUS
10
2.1481912992125984
20
0.6558115354330708
11
2.1481889763779529
21
0.6558964960629922
0
LINE
8
BLACK
6
CONTINUOUS
10
2.1481889763779529
20
0.6558964960629922
11
2.1481361417322833
21
0.6559631102362204
0
LINE
8
BLACK
6
CONTINUOUS
10
2.1481361417322833
20
0.6559631102362204
11
2.1350127952755904
21
0.695333188976378
0
LINE
8
BLACK
6
CONTINUOUS
10
2.1350127952755904
20
0.695333188976378
11
2.1348623622047245
21
0.6963475984251969
0
LINE
8
BLACK
6
CONTINUOUS
10
2.1348623622047245
20
0.6963475984251969
11
2.1356047637795275
21
0.6982259842519685
0
LINE
8
BLACK
6
CONTINUOUS
10
2.1356047637795275
20
0.6982259842519685
11
2.1373809055118111
21
0.6991877559055117
0
LINE
8
BLACK
6
CONTINUOUS
10
2.1373809055118111
20
0.6991877559055117
11
2.1393596850393699
21
0.6987827952755905
0
LINE
8
BLACK
6
CONTINUOUS
10
2.1200762598425196
20
0.6990416141732283
11
2.1202114960629919
21
0.6989281102362205
0
LINE
8
BLACK
6
CONTINUOUS
10
2.1202114960629919
20
0.6989281102362205
11
2.1203868503937007
21
0.6989079527559054
0
LINE
8
BLACK
6
CONTINUOUS
10
2.1203868503937007
20
0.6989079527559054
11
2.1241363779527558
21
0.6970331889763779
0
LINE
8
BLACK
6
CONTINUOUS
10
2.1241363779527558
20
0.6970331889763779
11
2.1248454330708659
21
0.6965072440944882
0
LINE
8
BLACK
6
CONTINUOUS
10
2.1248454330708659
20
0.6965072440944882
11
2.1249037795275592
21
0.6964800787401575
0
LINE
8
BLACK
6
CONTINUOUS
10
2.1249037795275592
20
0.6964800787401575
11
2.1267785433070867
21
0.6946053149606299
0
LINE
8
BLACK
6
CONTINUOUS
10
2.1267785433070867
20
0.6946053149606299
11
2.1272848031496063
21
0.6938822047244094
0
LINE
8
BLACK
6
CONTINUOUS
10
2.1272848031496063
20
0.6938822047244094
11
2.1273316535433069
21
0.6938379133858268
0
LINE
8
BLACK
6
CONTINUOUS
10
2.1273316535433069
20
0.6938379133858268
11
2.1292064173228344
21
0.6900883858267717
0
LINE
8
BLACK
6
CONTINUOUS
10
2.1292064173228344
20
0.6900883858267717
11
2.1294987795275588
21
0.6891054724409449
0
LINE
8
BLACK
6
CONTINUOUS
10
2.1294987795275588
20
0.6891054724409449
11
2.1294577559055119
21
0.6889337401574803
0
LINE
8
BLACK
6
CONTINUOUS
10
2.1294577559055119
20
0.6889337401574803
11
2.1295181496062994
21
0.688767874015748
0
LINE
8
BLACK
6
CONTINUOUS
10
2.1295181496062994
20
0.688767874015748
11
2.1295181496062994
21
0.6831435826771654
0
LINE
8
BLACK
6
CONTINUOUS
10
2.1295181496062994
20
0.6831435826771654
11
2.1293400787401575
21
0.6821336614173228
0
LINE
8
BLACK
6
CONTINUOUS
10
2.1293400787401575
20
0.6821336614173228
11
2.1292265748031496
21
0.6819983858267716
0
LINE
8
BLACK
6
CONTINUOUS
10
2.1292265748031496
20
0.6819983858267716
11
2.1292064173228344
21
0.6818230708661417
0
LINE
8
BLACK
6
CONTINUOUS
10
2.1292064173228344
20
0.6818230708661417
11
2.1273316535433069
21
0.6780735433070866
0
LINE
8
BLACK
6
CONTINUOUS
10
2.1273316535433069
20
0.6780735433070866
11
2.1268057480314959
21
0.6773644488188976
0
LINE
8
BLACK
6
CONTINUOUS
10
2.1268057480314959
20
0.6773644488188976
11
2.1267785433070867
21
0.6773061417322834
0
LINE
8
BLACK
6
CONTINUOUS
10
2.1267785433070867
20
0.6773061417322834
11
2.1249037795275592
21
0.6754313779527559
0
LINE
8
BLACK
6
CONTINUOUS
10
2.1249037795275592
20
0.6754313779527559
11
2.1241806692913388
21
0.6749250787401575
0
LINE
8
BLACK
6
CONTINUOUS
10
2.1241806692913388
20
0.6749250787401575
11
2.1241363779527558
21
0.6748782677165354
0
LINE
8
BLACK
6
CONTINUOUS
10
2.1241363779527558
20
0.6748782677165354
11
2.1203868503937007
21
0.6730035039370078
0
LINE
8
BLACK
6
CONTINUOUS
10
2.1203868503937007
20
0.6730035039370078
11
2.1194038976377954
21
0.6727111417322834
0
LINE
8
BLACK
6
CONTINUOUS
10
2.1194038976377954
20
0.6727111417322834
11
2.1192322047244092
21
0.6727521259842519
0
LINE
8
BLACK
6
CONTINUOUS
10
2.1192322047244092
20
0.6727521259842519
11
2.1191037007874014
21
0.6727053543307087
0
LINE
8
BLACK
6
CONTINUOUS
10
2.1191037007874014
20
0.6727053543307087
11
2.1289844094488188
21
0.6585901181102362
0
LINE
8
BLACK
6
CONTINUOUS
10
2.1289844094488188
20
0.6585901181102362
11
2.1294176771653541
21
0.6576606692913386
0
LINE
8
BLACK
6
CONTINUOUS
10
2.1294176771653541
20
0.6576606692913386
11
2.1292413385826769
21
0.6556485826771653
0
LINE
8
BLACK
6
CONTINUOUS
10
2.1292413385826769
20
0.6556485826771653
11
2.1278129133858266
21
0.6542205511811023
0
LINE
8
BLACK
6
CONTINUOUS
10
2.1278129133858266
20
0.6542205511811023
11
2.125800787401575
21
0.6540448031496063
0
LINE
8
BLACK
6
CONTINUOUS
10
2.125800787401575
20
0.6540448031496063
11
2.1241464173228346
21
0.6552035433070866
0
LINE
8
BLACK
6
CONTINUOUS
10
2.1241464173228346
20
0.6552035433070866
11
2.1119046850393701
21
0.6726917716535433
0
LINE
8
BLACK
6
CONTINUOUS
10
2.1119046850393701
20
0.6726917716535433
11
2.1070209842519683
21
0.6726917716535433
0
LINE
8
BLACK
6
CONTINUOUS
10
2.1070209842519683
20
0.6726917716535433
11
2.1070209842519683
21
0.6568968503937008
0
LINE
8
BLACK
6
CONTINUOUS
10
2.1070209842519683
20
0.6568968503937008
11
2.1068429133858269
21
0.6558869291338583
0
LINE
8
BLACK
6
CONTINUOUS
10
2.1068429133858269
20
0.6558869291338583
11
2.1055446062992127
21
0.65433968503937
0
LINE
8
BLACK
6
CONTINUOUS
10
2.1055446062992127
20
0.65433968503937
11
2.1035554724409447
21
0.653988937007874
0
LINE
8
BLACK
6
CONTINUOUS
10
2.1035554724409447
20
0.653988937007874
11
2.1018062992125985
21
0.6549988582677165
0
LINE
8
BLACK
6
CONTINUOUS
10
2.1018062992125985
20
0.6549988582677165
11
2.1011154724409447
21
0.6568968503937008
0
LINE
8
BLACK
6
CONTINUOUS
10
2.1011154724409447
20
0.6568968503937008
11
2.1011154724409447
21
0.6962669291338582
0
LINE
8
BLACK
6
CONTINUOUS
10
2.1011154724409447
20
0.6962669291338582
11
2.1011830708661416
21
0.6966504330708662
0
LINE
8
BLACK
6
CONTINUOUS
10
2.1011830708661416
20
0.6966504330708662
11
2.1011603149606297
21
0.69677968503937
0
LINE
8
BLACK
6
CONTINUOUS
10
2.1011603149606297
20
0.69677968503937
11
2.1012259055118108
21
0.6968932677165354
0
LINE
8
BLACK
6
CONTINUOUS
10
2.1012259055118108
20
0.6968932677165354
11
2.1012935433070865
21
0.6972768503937008
0
LINE
8
BLACK
6
CONTINUOUS
10
2.1012935433070865
20
0.6972768503937008
11
2.1017866535433072
21
0.6978645275590551
0
LINE
8
BLACK
6
CONTINUOUS
10
2.1017866535433072
20
0.6978645275590551
11
2.1021702362204726
21
0.6985288582677165
0
LINE
8
BLACK
6
CONTINUOUS
10
2.1021702362204726
20
0.6985288582677165
11
2.1024205511811025
21
0.6986199606299213
0
LINE
8
BLACK
6
CONTINUOUS
10
2.1024205511811025
20
0.6986199606299213
11
2.1025918503937007
21
0.6988240944881889
0
LINE
8
BLACK
6
CONTINUOUS
10
2.1025918503937007
20
0.6988240944881889
11
2.103347401574803
21
0.6989573228346456
0
LINE
8
BLACK
6
CONTINUOUS
10
2.103347401574803
20
0.6989573228346456
11
2.1040682283464567
21
0.69921968503937
0
LINE
8
BLACK
6
CONTINUOUS
10
2.1040682283464567
20
0.69921968503937
11
2.1190663385826771
21
0.69921968503937
0
LINE
8
BLACK
6
CONTINUOUS
10
2.1190663385826771
20
0.69921968503937
11
2.1200762598425196
21
0.6990416141732283
0
LINE
8
BLACK
6
CONTINUOUS
10
2.1070209842519683
20
0.6785972834645669
11
2.1183692913385825
21
0.6785972834645669
0
LINE
8
BLACK
6
CONTINUOUS
10
2.1183692913385825
20
0.6785972834645669
11
2.1210667716535432
21
0.6799460236220473
0
LINE
8
BLACK
6
CONTINUOUS
10
2.1210667716535432
20
0.6799460236220473
11
2.1222638976377954
21
0.6811431496062992
0
LINE
8
BLACK
6
CONTINUOUS
10
2.1222638976377954
20
0.6811431496062992
11
2.1236126377952758
21
0.6838406299212598
0
LINE
8
BLACK
6
CONTINUOUS
10
2.1236126377952758
20
0.6838406299212598
11
2.1236126377952758
21
0.6880708267716535
0
LINE
8
BLACK
6
CONTINUOUS
10
2.1236126377952758
20
0.6880708267716535
11
2.1222638976377954
21
0.6907683070866142
0
LINE
8
BLACK
6
CONTINUOUS
10
2.1222638976377954
20
0.6907683070866142
11
2.1210667716535432
21
0.6919654330708661
0
LINE
8
BLACK
6
CONTINUOUS
10
2.1210667716535432
20
0.6919654330708661
11
2.1183692913385825
21
0.6933141732283464
0
LINE
8
BLACK
6
CONTINUOUS
10
2.1183692913385825
20
0.6933141732283464
11
2.1070209842519683
21
0.6933141732283464
0
LINE
8
BLACK
6
CONTINUOUS
10
2.1070209842519683
20
0.6933141732283464
11
2.1070209842519683
21
0.6785972834645669
0
LINE
8
BLACK
6
CONTINUOUS
10
2.3625984251968504
20
0.7718503937007873
11
2.3639903543307086
21
0.7712738188976378
0
LINE
8
BLACK
6
CONTINUOUS
10
2.3639903543307086
20
0.7712738188976378
11
2.3645669291338582
21
0.7698818897637795
0
LINE
8
BLACK
6
CONTINUOUS
10
2.3645669291338582
20
0.7698818897637795
11
2.3645669291338582
21
0.5797244094488189
0
LINE
8
BLACK
6
CONTINUOUS
10
2.3645669291338582
20
0.5797244094488189
11
2.3639903543307086
21
0.5783324803149607
0
LINE
8
BLACK
6
CONTINUOUS
10
2.3639903543307086
20
0.5783324803149607
11
2.3625984251968504
21
0.577755905511811
0
LINE
8
BLACK
6
CONTINUOUS
10
2.3625984251968504
20
0.577755905511811
11
1.9874015748031495
21
0.577755905511811
0
LINE
8
BLACK
6
CONTINUOUS
10
1.9874015748031495
20
0.577755905511811
11
1.9860096456692913
21
0.5783324803149607
0
LINE
8
BLACK
6
CONTINUOUS
10
1.9860096456692913
20
0.5783324803149607
11
1.9854330708661416
21
0.5797244094488189
0
LINE
8
BLACK
6
CONTINUOUS
10
1.9854330708661416
20
0.5797244094488189
11
1.9854330708661416
21
0.7698818897637795
0
LINE
8
BLACK
6
CONTINUOUS
10
1.9854330708661416
20
0.7698818897637795
11
1.9860096456692913
21
0.7712738188976378
0
LINE
8
BLACK
6
CONTINUOUS
10
1.9860096456692913
20
0.7712738188976378
11
1.9874015748031495
21
0.7718503937007873
0
LINE
8
BLACK
6
CONTINUOUS
10
1.9874015748031495
20
0.7718503937007873
11
2.3625984251968504
21
0.7718503937007873
0
LINE
8
BLACK
6
CONTINUOUS
10
1.9893700787401574
20
0.7679133858267716
11
1.9893700787401574
21
0.5816929133858267
0
LINE
8
BLACK
6
CONTINUOUS
10
1.9893700787401574
20
0.5816929133858267
11
2.3606299212598425
21
0.5816929133858267
0
LINE
8
BLACK
6
CONTINUOUS
10
2.3606299212598425
20
0.5816929133858267
11
2.3606299212598425
21
0.7679133858267716
0
LINE
8
BLACK
6
CONTINUOUS
10
2.3606299212598425
20
0.7679133858267716
11
1.9893700787401574
21
0.7679133858267716
0
LINE
8
BLACK
6
CONTINUOUS
10
1.9058082283464566
20
0.7371766141732283
11
1.9061738976377953
21
0.7371506692913385
0
LINE
8
BLACK
6
CONTINUOUS
10
1.9061738976377953
20
0.7371506692913385
11
1.9080486614173229
21
0.7362132677165354
0
LINE
8
BLACK
6
CONTINUOUS
10
1.9080486614173229
20
0.7362132677165354
11
1.9082184251968504
21
0.7360174803149606
0
LINE
8
BLACK
6
CONTINUOUS
10
1.9082184251968504
20
0.7360174803149606
11
1.9084579133858268
21
0.7359183070866142
0
LINE
8
BLACK
6
CONTINUOUS
10
1.9084579133858268
20
0.7359183070866142
11
1.90939531496063
21
0.7349809448818897
0
LINE
8
BLACK
6
CONTINUOUS
10
1.90939531496063
20
0.7349809448818897
11
1.9094945275590551
21
0.7347413779527558
0
LINE
8
BLACK
6
CONTINUOUS
10
1.9094945275590551
20
0.7347413779527558
11
1.9096903149606299
21
0.7345716141732284
0
LINE
8
BLACK
6
CONTINUOUS
10
1.9096903149606299
20
0.7345716141732284
11
1.9106276771653543
21
0.7326968897637796
0
LINE
8
BLACK
6
CONTINUOUS
10
1.9106276771653543
20
0.7326968897637796
11
1.9106536220472441
21
0.7323312204724409
0
LINE
8
BLACK
6
CONTINUOUS
10
1.9106536220472441
20
0.7323312204724409
11
1.9107939370078739
21
0.7319925984251968
0
LINE
8
BLACK
6
CONTINUOUS
10
1.9107939370078739
20
0.7319925984251968
11
1.9107939370078739
21
0.7291804330708661
0
LINE
8
BLACK
6
CONTINUOUS
10
1.9107939370078739
20
0.7291804330708661
11
1.9106536220472441
21
0.7288417716535432
0
LINE
8
BLACK
6
CONTINUOUS
10
1.9106536220472441
20
0.7288417716535432
11
1.9106276771653543
21
0.7284761417322835
0
LINE
8
BLACK
6
CONTINUOUS
10
1.9106276771653543
20
0.7284761417322835
11
1.9096903149606299
21
0.7266014173228347
0
LINE
8
BLACK
6
CONTINUOUS
10
1.9096903149606299
20
0.7266014173228347
11
1.9094945275590551
21
0.7264316141732283
0
LINE
8
BLACK
6
CONTINUOUS
10
1.9094945275590551
20
0.7264316141732283
11
1.90939531496063
21
0.7261920866141732
0
LINE
8
BLACK
6
CONTINUOUS
10
1.90939531496063
20
0.7261920866141732
11
1.9084579133858268
21
0.7252547244094488
0
LINE
8
BLACK
6
CONTINUOUS
10
1.9084579133858268
20
0.7252547244094488
11
1.9082184251968504
21
0.7251555118110236
0
LINE
8
BLACK
6
CONTINUOUS
10
1.9082184251968504
20
0.7251555118110236
11
1.9080486614173229
21
0.7249597637795275
0
LINE
8
BLACK
6
CONTINUOUS
10
1.9080486614173229
20
0.7249597637795275
11
1.9061738976377953
21
0.7240223622047244
0
LINE
8
BLACK
6
CONTINUOUS
10
1.9061738976377953
20
0.7240223622047244
11
1.9058082283464566
21
0.7239963779527558
0
LINE
8
BLACK
6
CONTINUOUS
10
1.9058082283464566
20
0.7239963779527558
11
1.9056343307086614
21
0.7239243307086614
0
LINE
8
BLACK
6
CONTINUOUS
10
1.9056343307086614
20
0.7239243307086614
11
1.9105092519685039
21
0.7169601574803149
0
LINE
8
BLACK
6
CONTINUOUS
10
1.9105092519685039
20
0.7169601574803149
11
1.9107699606299213
21
0.7157833858267716
0
LINE
8
BLACK
6
CONTINUOUS
10
1.9107699606299213
20
0.7157833858267716
11
1.9101222440944881
21
0.7147669291338582
0
LINE
8
BLACK
6
CONTINUOUS
10
1.9101222440944881
20
0.7147669291338582
11
1.9089454724409449
21
0.7145062598425197
0
LINE
8
BLACK
6
CONTINUOUS
10
1.9089454724409449
20
0.7145062598425197
11
1.9079290157480315
21
0.7151539763779527
0
LINE
8
BLACK
6
CONTINUOUS
10
1.9079290157480315
20
0.7151539763779527
11
1.901837559055118
21
0.7238561023622047
0
LINE
8
BLACK
6
CONTINUOUS
10
1.901837559055118
20
0.7238561023622047
11
1.8995453543307086
21
0.7238561023622047
0
LINE
8
BLACK
6
CONTINUOUS
10
1.8995453543307086
20
0.7238561023622047
11
1.8995453543307086
21
0.7160570866141732
0
LINE
8
BLACK
6
CONTINUOUS
10
1.8995453543307086
20
0.7160570866141732
11
1.8990840944881888
21
0.7149435433070866
0
LINE
8
BLACK
6
CONTINUOUS
10
1.8990840944881888
20
0.7149435433070866
11
1.8979705511811023
21
0.7144822834645669
0
LINE
8
BLACK
6
CONTINUOUS
10
1.8979705511811023
20
0.7144822834645669
11
1.8968570078740157
21
0.7149435433070866
0
LINE
8
BLACK
6
CONTINUOUS
10
1.8968570078740157
20
0.7149435433070866
11
1.8963957480314959
21
0.7160570866141732
0
LINE
8
BLACK
6
CONTINUOUS
10
1.8963957480314959
20
0.7160570866141732
11
1.8963957480314959
21
0.7357421259842519
0
LINE
8
BLACK
6
CONTINUOUS
10
1.8963957480314959
20
0.7357421259842519
11
1.8968570078740157
21
0.7368556692913386
0
LINE
8
BLACK
6
CONTINUOUS
10
1.8968570078740157
20
0.7368556692913386
11
1.8979705511811023
21
0.7373169291338583
0
LINE
8
BLACK
6
CONTINUOUS
10
1.8979705511811023
20
0.7373169291338583
11
1.9054696062992125
21
0.7373169291338583
0
LINE
8
BLACK
6
CONTINUOUS
10
1.9054696062992125
20
0.7373169291338583
11
1.9058082283464566
21
0.7371766141732283
0
LINE
8
BLACK
6
CONTINUOUS
10
1.8995453543307086
20
0.7270057086614173
11
1.9050978346456693
21
0.7270057086614173
0
LINE
8
BLACK
6
CONTINUOUS
10
1.9050978346456693
20
0.7270057086614173
11
1.9064114960629921
21
0.7276625590551181
0
LINE
8
BLACK
6
CONTINUOUS
10
1.9064114960629921
20
0.7276625590551181
11
1.9069875196850394
21
0.7282385039370078
0
LINE
8
BLACK
6
CONTINUOUS
10
1.9069875196850394
20
0.7282385039370078
11
1.9076443307086615
21
0.7295521259842519
0
LINE
8
BLACK
6
CONTINUOUS
10
1.9076443307086615
20
0.7295521259842519
11
1.9076443307086615
21
0.7316208661417323
0
LINE
8
BLACK
6
CONTINUOUS
10
1.9076443307086615
20
0.7316208661417323
11
1.9069875196850394
21
0.7329344881889763
0
LINE
8
BLACK
6
CONTINUOUS
10
1.9069875196850394
20
0.7329344881889763
11
1.9064114960629921
21
0.7335104330708662
0
LINE
8
BLACK
6
CONTINUOUS
10
1.9064114960629921
20
0.7335104330708662
11
1.9050978346456693
21
0.7341673228346457
0
LINE
8
BLACK
6
CONTINUOUS
10
1.9050978346456693
20
0.7341673228346457
11
1.8995453543307086
21
0.7341673228346457
0
LINE
8
BLACK
6
CONTINUOUS
10
1.8995453543307086
20
0.7341673228346457
11
1.8995453543307086
21
0.7270057086614173
0
LINE
8
BLACK
6
CONTINUOUS
10
1.9272055905511811
20
0.7368556692913386
11
1.9276668503937007
21
0.7357421259842519
0
LINE
8
BLACK
6
CONTINUOUS
10
1.9276668503937007
20
0.7357421259842519
11
1.9272055905511811
21
0.7346285826771654
0
LINE
8
BLACK
6
CONTINUOUS
10
1.9272055905511811
20
0.7346285826771654
11
1.9260920472440946
21
0.7341673228346457
0
LINE
8
BLACK
6
CONTINUOUS
10
1.9260920472440946
20
0.7341673228346457
11
1.9227142913385826
21
0.7341673228346457
0
LINE
8
BLACK
6
CONTINUOUS
10
1.9227142913385826
20
0.7341673228346457
11
1.9214005905511811
21
0.7335104330708662
0
LINE
8
BLACK
6
CONTINUOUS
10
1.9214005905511811
20
0.7335104330708662
11
1.9207540944881889
21
0.7328639763779528
0
LINE
8
BLACK
6
CONTINUOUS
10
1.9207540944881889
20
0.7328639763779528
11
1.9191172047244094
21
0.7304086220472441
0
LINE
8
BLACK
6
CONTINUOUS
10
1.9191172047244094
20
0.7304086220472441
11
1.918808622047244
21
0.7291741732283464
0
LINE
8
BLACK
6
CONTINUOUS
10
1.918808622047244
20
0.7291741732283464
11
1.919763464566929
21
0.7296516141732283
0
LINE
8
BLACK
6
CONTINUOUS
10
1.919763464566929
20
0.7296516141732283
11
1.920129094488189
21
0.7296775590551181
0
LINE
8
BLACK
6
CONTINUOUS
10
1.920129094488189
20
0.7296775590551181
11
1.9204677559055117
21
0.729817874015748
0
LINE
8
BLACK
6
CONTINUOUS
10
1.9204677559055117
20
0.729817874015748
11
1.9242172834645668
21
0.729817874015748
0
LINE
8
BLACK
6
CONTINUOUS
10
1.9242172834645668
20
0.729817874015748
11
1.9245559055118109
21
0.7296775590551181
0
LINE
8
BLACK
6
CONTINUOUS
10
1.9245559055118109
20
0.7296775590551181
11
1.9249215748031496
21
0.7296516141732283
0
LINE
8
BLACK
6
CONTINUOUS
10
1.9249215748031496
20
0.7296516141732283
11
1.9267963385826772
21
0.7287142125984252
0
LINE
8
BLACK
6
CONTINUOUS
10
1.9267963385826772
20
0.7287142125984252
11
1.9269661417322834
21
0.7285183858267716
0
LINE
8
BLACK
6
CONTINUOUS
10
1.9269661417322834
20
0.7285183858267716
11
1.9272055905511811
21
0.7284192125984251
0
LINE
8
BLACK
6
CONTINUOUS
10
1.9272055905511811
20
0.7284192125984251
11
1.9281429527559055
21
0.7274818503937007
0
LINE
8
BLACK
6
CONTINUOUS
10
1.9281429527559055
20
0.7274818503937007
11
1.9282421259842519
21
0.7272424015748031
0
LINE
8
BLACK
6
CONTINUOUS
10
1.9282421259842519
20
0.7272424015748031
11
1.9284379527559055
21
0.7270725984251968
0
LINE
8
BLACK
6
CONTINUOUS
10
1.9284379527559055
20
0.7270725984251968
11
1.9293753543307086
21
0.7251978346456692
0
LINE
8
BLACK
6
CONTINUOUS
10
1.9293753543307086
20
0.7251978346456692
11
1.9294012992125984
21
0.7248321653543307
0
LINE
8
BLACK
6
CONTINUOUS
10
1.9294012992125984
20
0.7248321653543307
11
1.9295416141732282
21
0.7244935433070866
0
LINE
8
BLACK
6
CONTINUOUS
10
1.9295416141732282
20
0.7244935433070866
11
1.9295416141732282
21
0.7198066141732283
0
LINE
8
BLACK
6
CONTINUOUS
10
1.9295416141732282
20
0.7198066141732283
11
1.9294012992125984
21
0.7194679527559055
0
LINE
8
BLACK
6
CONTINUOUS
10
1.9294012992125984
20
0.7194679527559055
11
1.9293753543307086
21
0.7191023228346457
0
LINE
8
BLACK
6
CONTINUOUS
10
1.9293753543307086
20
0.7191023228346457
11
1.9284379527559055
21
0.7172275590551181
0
LINE
8
BLACK
6
CONTINUOUS
10
1.9284379527559055
20
0.7172275590551181
11
1.9282421259842519
21
0.717057716535433
0
LINE
8
BLACK
6
CONTINUOUS
10
1.9282421259842519
20
0.717057716535433
11
1.9281429527559055
21
0.7168183070866142
0
LINE
8
BLACK
6
CONTINUOUS
10
1.9281429527559055
20
0.7168183070866142
11
1.9272055905511811
21
0.7158809448818898
0
LINE
8
BLACK
6
CONTINUOUS
10
1.9272055905511811
20
0.7158809448818898
11
1.9269661417322834
21
0.7157817322834645
0
LINE
8
BLACK
6
CONTINUOUS
10
1.9269661417322834
20
0.7157817322834645
11
1.9267963385826772
21
0.7155859448818898
0
LINE
8
BLACK
6
CONTINUOUS
10
1.9267963385826772
20
0.7155859448818898
11
1.9249215748031496
21
0.7146485433070866
0
LINE
8
BLACK
6
CONTINUOUS
10
1.9249215748031496
20
0.7146485433070866
11
1.9245559055118109
21
0.7146225590551181
0
LINE
8
BLACK
6
CONTINUOUS
10
1.9245559055118109
20
0.7146225590551181
11
1.9242172834645668
21
0.7144822834645669
0
LINE
8
BLACK
6
CONTINUOUS
10
1.9242172834645668
20
0.7144822834645669
11
1.9204677559055117
21
0.7144822834645669
0
LINE
8
BLACK
6
CONTINUOUS
10
1.9204677559055117
20
0.7144822834645669
11
1.920129094488189
21
0.7146225590551181
0
LINE
8
BLACK
6
CONTINUOUS
10
1.920129094488189
20
0.7146225590551181
11
1.919763464566929
21
0.7146485433070866
0
LINE
8
BLACK
6
CONTINUOUS
10
1.919763464566929
20
0.7146485433070866
11
1.9178887007874015
21
0.7155859448818898
0
LINE
8
BLACK
6
CONTINUOUS
10
1.9178887007874015
20
0.7155859448818898
11
1.9177188582677165
21
0.7157817322834645
0
LINE
8
BLACK
6
CONTINUOUS
10
1.9177188582677165
20
0.7157817322834645
11
1.9174794881889763
21
0.715880905511811
0
LINE
8
BLACK
6
CONTINUOUS
10
1.9174794881889763
20
0.715880905511811
11
1.9165420472440944
21
0.7168182677165355
0
LINE
8
BLACK
6
CONTINUOUS
10
1.9165420472440944
20
0.7168182677165355
11
1.9164427952755905
21
0.7170577952755905
0
LINE
8
BLACK
6
CONTINUOUS
10
1.9164427952755905
20
0.7170577952755905
11
1.9162470472440944
21
0.7172275984251968
0
LINE
8
BLACK
6
CONTINUOUS
10
1.9162470472440944
20
0.7172275984251968
11
1.91530968503937
21
0.7191023622047243
0
LINE
8
BLACK
6
CONTINUOUS
10
1.91530968503937
20
0.7191023622047243
11
1.9152837007874015
21
0.7194679527559055
0
LINE
8
BLACK
6
CONTINUOUS
10
1.9152837007874015
20
0.7194679527559055
11
1.9151434251968504
21
0.7198066141732283
0
LINE
8
BLACK
6
CONTINUOUS
10
1.9151434251968504
20
0.7198066141732283
11
1.9151434251968504
21
0.7273056692913386
0
LINE
8
BLACK
6
CONTINUOUS
10
1.9151434251968504
20
0.7273056692913386
11
1.9152198031496062
21
0.7274900787401575
0
LINE
8
BLACK
6
CONTINUOUS
10
1.9152198031496062
20
0.7274900787401575
11
1.915190433070866
21
0.7276875984251968
0
LINE
8
BLACK
6
CONTINUOUS
10
1.915190433070866
20
0.7276875984251968
11
1.9161277952755904
21
0.7314371259842519
0
LINE
8
BLACK
6
CONTINUOUS
10
1.9161277952755904
20
0.7314371259842519
11
1.916291811023622
21
0.7316584645669291
0
LINE
8
BLACK
6
CONTINUOUS
10
1.916291811023622
20
0.7316584645669291
11
1.9163452755905512
21
0.7319287401574803
0
LINE
8
BLACK
6
CONTINUOUS
10
1.9163452755905512
20
0.7319287401574803
11
1.9182200393700788
21
0.734740905511811
0
LINE
8
BLACK
6
CONTINUOUS
10
1.9182200393700788
20
0.734740905511811
11
1.9183547244094488
21
0.7348311023622047
0
LINE
8
BLACK
6
CONTINUOUS
10
1.9183547244094488
20
0.7348311023622047
11
1.9184168110236219
21
0.7349809448818897
0
LINE
8
BLACK
6
CONTINUOUS
10
1.9184168110236219
20
0.7349809448818897
11
1.9193542519685038
21
0.7359183070866142
0
LINE
8
BLACK
6
CONTINUOUS
10
1.9193542519685038
20
0.7359183070866142
11
1.919593622047244
21
0.7360174409448819
0
LINE
8
BLACK
6
CONTINUOUS
10
1.919593622047244
20
0.7360174409448819
11
1.919763464566929
21
0.7362132677165354
0
LINE
8
BLACK
6
CONTINUOUS
10
1.919763464566929
20
0.7362132677165354
11
1.9216382283464566
21
0.7371506692913385
0
LINE
8
BLACK
6
CONTINUOUS
10
1.9216382283464566
20
0.7371506692913385
11
1.9220038582677166
21
0.7371766141732283
0
LINE
8
BLACK
6
CONTINUOUS
10
1.9220038582677166
20
0.7371766141732283
11
1.9223425196850392
21
0.7373169291338583
0
LINE
8
BLACK
6
CONTINUOUS
10
1.9223425196850392
20
0.7373169291338583
11
1.9260920472440946
21
0.7373169291338583
0
LINE
8
BLACK
6
CONTINUOUS
10
1.9260920472440946
20
0.7373169291338583
11
1.9272055905511811
21
0.7368556692913386
0
LINE
8
BLACK
6
CONTINUOUS
10
1.9195258267716535
20
0.7260113779527559
11
1.9189498031496062
21
0.7254353937007874
0
LINE
8
BLACK
6
CONTINUOUS
10
1.9189498031496062
20
0.7254353937007874
11
1.9182930314960629
21
0.7241218110236221
0
LINE
8
BLACK
6
CONTINUOUS
10
1.9182930314960629
20
0.7241218110236221
11
1.9182930314960629
21
0.7201783464566929
0
LINE
8
BLACK
6
CONTINUOUS
10
1.9182930314960629
20
0.7201783464566929
11
1.9189498031496062
21
0.7188647244094488
0
LINE
8
BLACK
6
CONTINUOUS
10
1.9189498031496062
20
0.7188647244094488
11
1.9195258267716535
21
0.7182887401574803
0
LINE
8
BLACK
6
CONTINUOUS
10
1.9195258267716535
20
0.7182887401574803
11
1.9208395275590551
21
0.7176318897637796
0
LINE
8
BLACK
6
CONTINUOUS
10
1.9208395275590551
20
0.7176318897637796
11
1.9238455118110236
21
0.7176318897637796
0
LINE
8
BLACK
6
CONTINUOUS
10
1.9238455118110236
20
0.7176318897637796
11
1.9251592125984252
21
0.7182887401574803
0
LINE
8
BLACK
6
CONTINUOUS
10
1.9251592125984252
20
0.7182887401574803
11
1.9257351181102362
21
0.7188646456692913
0
LINE
8
BLACK
6
CONTINUOUS
10
1.9257351181102362
20
0.7188646456692913
11
1.9263920078740158
21
0.7201783858267716
0
LINE
8
BLACK
6
CONTINUOUS
10
1.9263920078740158
20
0.7201783858267716
11
1.9263920078740158
21
0.7241217322834645
0
LINE
8
BLACK
6
CONTINUOUS
10
1.9263920078740158
20
0.7241217322834645
11
1.9257351181102362
21
0.7254354724409449
0
LINE
8
BLACK
6
CONTINUOUS
10
1.9257351181102362
20
0.7254354724409449
11
1.9251592125984252
21
0.7260113779527559
0
LINE
8
BLACK
6
CONTINUOUS
10
1.9251592125984252
20
0.7260113779527559
11
1.9238455118110236
21
0.7266682677165354
0
LINE
8
BLACK
6
CONTINUOUS
10
1.9238455118110236
20
0.7266682677165354
11
1.9208395275590551
21
0.7266682677165354
0
LINE
8
BLACK
6
CONTINUOUS
10
1.9208395275590551
20
0.7266682677165354
11
1.9195258267716535
21
0.7260113779527559
0
LINE
8
BLACK
6
CONTINUOUS
10
1.9518700787401575
20
0.7505905511811023
11
1.9532620078740157
21
0.7500139763779528
0
LINE
8
BLACK
6
CONTINUOUS
10
1.9532620078740157
20
0.7500139763779528
11
1.9538385826771654
21
0.7486220472440944
0
LINE
8
BLACK
6
CONTINUOUS
10
1.9538385826771654
20
0.7486220472440944
11
1.9538385826771654
21
0.7013779527559055
0
LINE
8
BLACK
6
CONTINUOUS
10
1.9538385826771654
20
0.7013779527559055
11
1.9532620078740157
21
0.6999860236220472
0
LINE
8
BLACK
6
CONTINUOUS
10
1.9532620078740157
20
0.6999860236220472
11
1.9518700787401575
21
0.6994094488188977
0
LINE
8
BLACK
6
CONTINUOUS
10
1.9518700787401575
20
0.6994094488188977
11
1.8731299212598425
21
0.6994094488188977
0
LINE
8
BLACK
6
CONTINUOUS
10
1.8731299212598425
20
0.6994094488188977
11
1.8717379921259842
21
0.6999860236220472
0
LINE
8
BLACK
6
CONTINUOUS
10
1.8717379921259842
20
0.6999860236220472
11
1.8711614173228346
21
0.7013779527559055
0
LINE
8
BLACK
6
CONTINUOUS
10
1.8711614173228346
20
0.7013779527559055
11
1.8711614173228346
21
0.7486220472440944
0
LINE
8
BLACK
6
CONTINUOUS
10
1.8711614173228346
20
0.7486220472440944
11
1.8717379921259842
21
0.7500139763779528
0
LINE
8
BLACK
6
CONTINUOUS
10
1.8717379921259842
20
0.7500139763779528
11
1.8731299212598425
21
0.7505905511811023
0
LINE
8
BLACK
6
CONTINUOUS
10
1.8731299212598425
20
0.7505905511811023
11
1.9518700787401575
21
0.7505905511811023
0
LINE
8
BLACK
6
CONTINUOUS
10
1.8750984251968503
20
0.7466535433070866
11
1.8750984251968503
21
0.7033464566929134
0
LINE
8
BLACK
6
CONTINUOUS
10
1.8750984251968503
20
0.7033464566929134
11
1.9499015748031496
21
0.7033464566929134
0
LINE
8
BLACK
6
CONTINUOUS
10
1.9499015748031496
20
0.7033464566929134
11
1.9499015748031496
21
0.7466535433070866
0
LINE
8
BLACK
6
CONTINUOUS
10
1.9499015748031496
20
0.7466535433070866
11
1.8750984251968503
21
0.7466535433070866
0
LINE
8
BLACK
6
CONTINUOUS
10
1.833181653543307
20
0.8353327165354331
11
1.8341190551181101
21
0.8343953543307087
0
LINE
8
BLACK
6
CONTINUOUS
10
1.8341190551181101
20
0.8343953543307087
11
1.8342593307086614
21
0.8340566141732283
0
LINE
8
BLACK
6
CONTINUOUS
10
1.8342593307086614
20
0.8340566141732283
11
1.8344994881889762
21
0.8337797637795276
0
LINE
8
BLACK
6
CONTINUOUS
10
1.8344994881889762
20
0.8337797637795276
11
1.8354368897637794
21
0.8309675590551181
0
LINE
8
BLACK
6
CONTINUOUS
10
1.8354368897637794
20
0.8309675590551181
11
1.8354185039370079
21
0.8307089763779527
0
LINE
8
BLACK
6
CONTINUOUS
10
1.8354185039370079
20
0.8307089763779527
11
1.8355176771653543
21
0.8304696062992126
0
LINE
8
BLACK
6
CONTINUOUS
10
1.8355176771653543
20
0.8304696062992126
11
1.8355176771653543
21
0.8285948425196851
0
LINE
8
BLACK
6
CONTINUOUS
10
1.8355176771653543
20
0.8285948425196851
11
1.8354185039370079
21
0.8283553937007874
0
LINE
8
BLACK
6
CONTINUOUS
10
1.8354185039370079
20
0.8283553937007874
11
1.8354368897637794
21
0.8280968503937007
0
LINE
8
BLACK
6
CONTINUOUS
10
1.8354368897637794
20
0.8280968503937007
11
1.8344994881889762
21
0.8252847244094488
0
LINE
8
BLACK
6
CONTINUOUS
10
1.8344994881889762
20
0.8252847244094488
11
1.8342593307086614
21
0.8250078346456693
0
LINE
8
BLACK
6
CONTINUOUS
10
1.8342593307086614
20
0.8250078346456693
11
1.8341190551181101
21
0.8246691338582677
0
LINE
8
BLACK
6
CONTINUOUS
10
1.8341190551181101
20
0.8246691338582677
11
1.8322442519685038
21
0.8227943700787401
0
LINE
8
BLACK
6
CONTINUOUS
10
1.8322442519685038
20
0.8227943700787401
11
1.8320047637795276
21
0.822695157480315
0
LINE
8
BLACK
6
CONTINUOUS
10
1.8320047637795276
20
0.822695157480315
11
1.8318349999999999
21
0.8224994094488188
0
LINE
8
BLACK
6
CONTINUOUS
10
1.8318349999999999
20
0.8224994094488188
11
1.8299602362204723
21
0.8215620078740157
0
LINE
8
BLACK
6
CONTINUOUS
10
1.8299602362204723
20
0.8215620078740157
11
1.8297816929133859
21
0.8215492913385827
0
LINE
8
BLACK
6
CONTINUOUS
10
1.8297816929133859
20
0.8215492913385827
11
1.829637874015748
21
0.8214427559055117
0
LINE
8
BLACK
6
CONTINUOUS
10
1.829637874015748
20
0.8214427559055117
11
1.8258883464566928
21
0.8205053937007873
0
LINE
8
BLACK
6
CONTINUOUS
10
1.8258883464566928
20
0.8205053937007873
11
1.8256908267716534
21
0.8205347637795275
0
LINE
8
BLACK
6
CONTINUOUS
10
1.8256908267716534
20
0.8205347637795275
11
1.8255064173228346
21
0.8204583858267717
0
LINE
8
BLACK
6
CONTINUOUS
10
1.8255064173228346
20
0.8204583858267717
11
1.8226942913385826
21
0.8204583858267717
0
LINE
8
BLACK
6
CONTINUOUS
10
1.8226942913385826
20
0.8204583858267717
11
1.8225098425196851
21
0.8205347637795275
0
LINE
8
BLACK
6
CONTINUOUS
10
1.8225098425196851
20
0.8205347637795275
11
1.8223123622047244
21
0.8205053937007873
0
LINE
8
BLACK
6
CONTINUOUS
10
1.8223123622047244
20
0.8205053937007873
11
1.8185628346456693
21
0.8214427559055117
0
LINE
8
BLACK
6
CONTINUOUS
10
1.8185628346456693
20
0.8214427559055117
11
1.8184189763779528
21
0.8215492913385827
0
LINE
8
BLACK
6
CONTINUOUS
10
1.8184189763779528
20
0.8215492913385827
11
1.8182404724409449
21
0.8215620078740157
0
LINE
8
BLACK
6
CONTINUOUS
10
1.8182404724409449
20
0.8215620078740157
11
1.8163657086614173
21
0.8224994094488188
0
LINE
8
BLACK
6
CONTINUOUS
10
1.8163657086614173
20
0.8224994094488188
11
1.8161958661417323
21
0.8226951968503937
0
LINE
8
BLACK
6
CONTINUOUS
10
1.8161958661417323
20
0.8226951968503937
11
1.8159564173228346
21
0.8227944094488189
0
LINE
8
BLACK
6
CONTINUOUS
10
1.8159564173228346
20
0.8227944094488189
11
1.8140816929133858
21
0.8246691732283464
0
LINE
8
BLACK
6
CONTINUOUS
10
1.8140816929133858
20
0.8246691732283464
11
1.8139413779527558
21
0.8250077952755905
0
LINE
8
BLACK
6
CONTINUOUS
10
1.8139413779527558
20
0.8250077952755905
11
1.8137012598425197
21
0.8252847244094488
0
LINE
8
BLACK
6
CONTINUOUS
10
1.8137012598425197
20
0.8252847244094488
11
1.8127638582677166
21
0.8280968503937007
0
LINE
8
BLACK
6
CONTINUOUS
10
1.8127638582677166
20
0.8280968503937007
11
1.8127822047244093
21
0.8283553543307086
0
LINE
8
BLACK
6
CONTINUOUS
10
1.8127822047244093
20
0.8283553543307086
11
1.8126830314960629
21
0.8285948425196851
0
LINE
8
BLACK
6
CONTINUOUS
10
1.8126830314960629
20
0.8285948425196851
11
1.8126830314960629
21
0.8304696062992126
0
LINE
8
BLACK
6
CONTINUOUS
10
1.8126830314960629
20
0.8304696062992126
11
1.8127822047244093
21
0.8307090551181102
0
LINE
8
BLACK
6
CONTINUOUS
10
1.8127822047244093
20
0.8307090551181102
11
1.8127638582677166
21
0.8309675984251969
0
LINE
8
BLACK
6
CONTINUOUS
10
1.8127638582677166
20
0.8309675984251969
11
1.8137012598425197
21
0.8337797637795276
0
LINE
8
BLACK
6
CONTINUOUS
10
1.8137012598425197
20
0.8337797637795276
11
1.8139413779527558
21
0.834056653543307
0
LINE
8
BLACK
6
CONTINUOUS
10
1.8139413779527558
20
0.834056653543307
11
1.8140816929133858
21
0.8343953149606299
0
LINE
8
BLACK
6
CONTINUOUS
10
1.8140816929133858
20
0.8343953149606299
11
1.8150190551181102
21
0.8353326771653543
0
LINE
8
BLACK
6
CONTINUOUS
10
1.8150190551181102
20
0.8353326771653543
11
1.8161325984251968
21
0.835793937007874
0
LINE
8
BLACK
6
CONTINUOUS
10
1.8161325984251968
20
0.835793937007874
11
1.8172461417322834
21
0.8353326771653543
0
LINE
8
BLACK
6
CONTINUOUS
10
1.8172461417322834
20
0.8353326771653543
11
1.8177074015748031
21
0.8342191338582677
0
LINE
8
BLACK
6
CONTINUOUS
10
1.8177074015748031
20
0.8342191338582677
11
1.8172461417322834
21
0.8331055905511811
0
LINE
8
BLACK
6
CONTINUOUS
10
1.8172461417322834
20
0.8331055905511811
11
1.8165716141732282
21
0.832431062992126
0
LINE
8
BLACK
6
CONTINUOUS
10
1.8165716141732282
20
0.832431062992126
11
1.8158326377952756
21
0.8302140551181102
0
LINE
8
BLACK
6
CONTINUOUS
10
1.8158326377952756
20
0.8302140551181102
11
1.8158326377952756
21
0.8288503543307086
0
LINE
8
BLACK
6
CONTINUOUS
10
1.8158326377952756
20
0.8288503543307086
11
1.8165716141732282
21
0.8266333858267716
0
LINE
8
BLACK
6
CONTINUOUS
10
1.8165716141732282
20
0.8266333858267716
11
1.8180028346456691
21
0.8252021653543307
0
LINE
8
BLACK
6
CONTINUOUS
10
1.8180028346456691
20
0.8252021653543307
11
1.8194944094488188
21
0.8244564173228346
0
LINE
8
BLACK
6
CONTINUOUS
10
1.8194944094488188
20
0.8244564173228346
11
1.8228881889763779
21
0.8236079921259842
0
LINE
8
BLACK
6
CONTINUOUS
10
1.8228881889763779
20
0.8236079921259842
11
1.8253125196850393
21
0.8236079921259842
0
LINE
8
BLACK
6
CONTINUOUS
10
1.8253125196850393
20
0.8236079921259842
11
1.8287062598425197
21
0.8244564173228346
0
LINE
8
BLACK
6
CONTINUOUS
10
1.8287062598425197
20
0.8244564173228346
11
1.8301978346456693
21
0.8252022047244094
0
LINE
8
BLACK
6
CONTINUOUS
10
1.8301978346456693
20
0.8252022047244094
11
1.831629094488189
21
0.8266333858267716
0
LINE
8
BLACK
6
CONTINUOUS
10
1.831629094488189
20
0.8266333858267716
11
1.8323680708661416
21
0.8288503149606299
0
LINE
8
BLACK
6
CONTINUOUS
10
1.8323680708661416
20
0.8288503149606299
11
1.8323680708661416
21
0.8302140944881889
0
LINE
8
BLACK
6
CONTINUOUS
10
1.8323680708661416
20
0.8302140944881889
11
1.831629094488189
21
0.832431062992126
0
LINE
8
BLACK
6
CONTINUOUS
10
1.831629094488189
20
0.832431062992126
11
1.8309545669291338
21
0.8331055511811023
0
LINE
8
BLACK
6
CONTINUOUS
10
1.8309545669291338
20
0.8331055511811023
11
1.8304933070866141
21
0.834219094488189
0
LINE
8
BLACK
6
CONTINUOUS
10
1.8304933070866141
20
0.834219094488189
11
1.8309545275590551
21
0.8353326771653543
0
LINE
8
BLACK
6
CONTINUOUS
10
1.8309545275590551
20
0.8353326771653543
11
1.8320680708661417
21
0.835793937007874
0
LINE
8
BLACK
6
CONTINUOUS
10
1.8320680708661417
20
0.835793937007874
11
1.833181653543307
21
0.8353327165354331
0
LINE
8
BLACK
6
CONTINUOUS
10
1.8192833858267716
20
0.8544012992125984
11
1.8196490551181101
21
0.8543753543307087
0
LINE
8
BLACK
6
CONTINUOUS
10
1.8196490551181101
20
0.8543753543307087
11
1.8215238188976377
21
0.8534379527559055
0
LINE
8
BLACK
6
CONTINUOUS
10
1.8215238188976377
20
0.8534379527559055
11
1.8216936220472439
21
0.853242125984252
0
LINE
8
BLACK
6
CONTINUOUS
10
1.8216936220472439
20
0.853242125984252
11
1.8219330708661416
21
0.8531429527559055
0
LINE
8
BLACK
6
CONTINUOUS
10
1.8219330708661416
20
0.8531429527559055
11
1.8226942519685039
21
0.8523817322834646
0
LINE
8
BLACK
6
CONTINUOUS
10
1.8226942519685039
20
0.8523817322834646
11
1.8234555511811024
21
0.8531429921259842
0
LINE
8
BLACK
6
CONTINUOUS
10
1.8234555511811024
20
0.8531429921259842
11
1.8236949212598426
21
0.853242125984252
0
LINE
8
BLACK
6
CONTINUOUS
10
1.8236949212598426
20
0.853242125984252
11
1.8238647637795276
21
0.8534379527559055
0
LINE
8
BLACK
6
CONTINUOUS
10
1.8238647637795276
20
0.8534379527559055
11
1.8257395275590551
21
0.8543753543307087
0
LINE
8
BLACK
6
CONTINUOUS
10
1.8257395275590551
20
0.8543753543307087
11
1.8261051574803149
21
0.8544012992125984
0
LINE
8
BLACK
6
CONTINUOUS
10
1.8261051574803149
20
0.8544012992125984
11
1.8264438188976377
21
0.8545416141732284
0
LINE
8
BLACK
6
CONTINUOUS
10
1.8264438188976377
20
0.8545416141732284
11
1.8301933464566928
21
0.8545416141732284
0
LINE
8
BLACK
6
CONTINUOUS
10
1.8301933464566928
20
0.8545416141732284
11
1.830531968503937
21
0.8544012992125984
0
LINE
8
BLACK
6
CONTINUOUS
10
1.830531968503937
20
0.8544012992125984
11
1.8308976377952755
21
0.8543753543307087
0
LINE
8
BLACK
6
CONTINUOUS
10
1.8308976377952755
20
0.8543753543307087
11
1.832772401574803
21
0.8534379527559055
0
LINE
8
BLACK
6
CONTINUOUS
10
1.832772401574803
20
0.8534379527559055
11
1.8329421653543307
21
0.8532421653543307
0
LINE
8
BLACK
6
CONTINUOUS
10
1.8329421653543307
20
0.8532421653543307
11
1.833181653543307
21
0.8531429921259842
0
LINE
8
BLACK
6
CONTINUOUS
10
1.833181653543307
20
0.8531429921259842
11
1.8341190551181101
21
0.8522056299212598
0
LINE
8
BLACK
6
CONTINUOUS
10
1.8341190551181101
20
0.8522056299212598
11
1.8342182677165353
21
0.851966062992126
0
LINE
8
BLACK
6
CONTINUOUS
10
1.8342182677165353
20
0.851966062992126
11
1.8344140551181103
21
0.8517962992125984
0
LINE
8
BLACK
6
CONTINUOUS
10
1.8344140551181103
20
0.8517962992125984
11
1.8353514173228347
21
0.8499215748031496
0
LINE
8
BLACK
6
CONTINUOUS
10
1.8353514173228347
20
0.8499215748031496
11
1.8353773622047245
21
0.849555905511811
0
LINE
8
BLACK
6
CONTINUOUS
10
1.8353773622047245
20
0.849555905511811
11
1.8355176771653543
21
0.8492172834645669
0
LINE
8
BLACK
6
CONTINUOUS
10
1.8355176771653543
20
0.8492172834645669
11
1.8355176771653543
21
0.8454677559055118
0
LINE
8
BLACK
6
CONTINUOUS
10
1.8355176771653543
20
0.8454677559055118
11
1.8353773622047245
21
0.845129094488189
0
LINE
8
BLACK
6
CONTINUOUS
10
1.8353773622047245
20
0.845129094488189
11
1.8353514173228347
21
0.8447634645669291
0
LINE
8
BLACK
6
CONTINUOUS
10
1.8353514173228347
20
0.8447634645669291
11
1.8344140551181103
21
0.8428887401574803
0
LINE
8
BLACK
6
CONTINUOUS
10
1.8344140551181103
20
0.8428887401574803
11
1.8342182283464568
21
0.8427188976377953
0
LINE
8
BLACK
6
CONTINUOUS
10
1.8342182283464568
20
0.8427188976377953
11
1.8341190551181101
21
0.8424794094488188
0
LINE
8
BLACK
6
CONTINUOUS
10
1.8341190551181101
20
0.8424794094488188
11
1.833181653543307
21
0.8415420472440944
0
LINE
8
BLACK
6
CONTINUOUS
10
1.833181653543307
20
0.8415420472440944
11
1.8329421653543307
21
0.8414428346456693
0
LINE
8
BLACK
6
CONTINUOUS
10
1.8329421653543307
20
0.8414428346456693
11
1.8327723622047243
21
0.8412470472440945
0
LINE
8
BLACK
6
CONTINUOUS
10
1.8327723622047243
20
0.8412470472440945
11
1.8308975984251967
21
0.8403096850393701
0
LINE
8
BLACK
6
CONTINUOUS
10
1.8308975984251967
20
0.8403096850393701
11
1.830531968503937
21
0.8402837007874016
0
LINE
8
BLACK
6
CONTINUOUS
10
1.830531968503937
20
0.8402837007874016
11
1.8301933464566928
21
0.8401434251968504
0
LINE
8
BLACK
6
CONTINUOUS
10
1.8301933464566928
20
0.8401434251968504
11
1.8264438188976377
21
0.8401434251968504
0
LINE
8
BLACK
6
CONTINUOUS
10
1.8264438188976377
20
0.8401434251968504
11
1.8261051574803149
21
0.8402837007874016
0
LINE
8
BLACK
6
CONTINUOUS
10
1.8261051574803149
20
0.8402837007874016
11
1.8257395275590551
21
0.8403096850393701
0
LINE
8
BLACK
6
CONTINUOUS
10
1.8257395275590551
20
0.8403096850393701
11
1.8238648031496063
21
0.8412470472440945
0
LINE
8
BLACK
6
CONTINUOUS
10
1.8238648031496063
20
0.8412470472440945
11
1.8236949606299213
21
0.8414428346456693
0
LINE
8
BLACK
6
CONTINUOUS
10
1.8236949606299213
20
0.8414428346456693
11
1.8234554724409449
21
0.8415420472440944
0
LINE
8
BLACK
6
CONTINUOUS
10
1.8234554724409449
20
0.8415420472440944
11
1.8226942519685039
21
0.8423032677165354
0
LINE
8
BLACK
6
CONTINUOUS
10
1.8226942519685039
20
0.8423032677165354
11
1.8219331102362204
21
0.8415420472440944
0
LINE
8
BLACK
6
CONTINUOUS
10
1.8219331102362204
20
0.8415420472440944
11
1.8216935433070867
21
0.8414427952755905
0
LINE
8
BLACK
6
CONTINUOUS
10
1.8216935433070867
20
0.8414427952755905
11
1.821523779527559
21
0.8412470472440945
0
LINE
8
BLACK
6
CONTINUOUS
10
1.821523779527559
20
0.8412470472440945
11
1.8196490157480314
21
0.8403096850393701
0
LINE
8
BLACK
6
CONTINUOUS
10
1.8196490157480314
20
0.8403096850393701
11
1.8192833858267716
21
0.8402837007874016
0
LINE
8
BLACK
6
CONTINUOUS
10
1.8192833858267716
20
0.8402837007874016
11
1.8189447637795275
21
0.8401434251968504
0
LINE
8
BLACK
6
CONTINUOUS
10
1.8189447637795275
20
0.8401434251968504
11
1.8180073622047244
21
0.8401434251968504
0
LINE
8
BLACK
6
CONTINUOUS
10
1.8180073622047244
20
0.8401434251968504
11
1.8176687007874015
21
0.8402837007874016
0
LINE
8
BLACK
6
CONTINUOUS
10
1.8176687007874015
20
0.8402837007874016
11
1.8173030708661417
21
0.8403096850393701
0
LINE
8
BLACK
6
CONTINUOUS
10
1.8173030708661417
20
0.8403096850393701
11
1.8154283464566929
21
0.8412470472440945
0
LINE
8
BLACK
6
CONTINUOUS
10
1.8154283464566929
20
0.8412470472440945
11
1.8152585433070865
21
0.8414427952755905
0
LINE
8
BLACK
6
CONTINUOUS
10
1.8152585433070865
20
0.8414427952755905
11
1.8150190157480315
21
0.8415420472440944
0
LINE
8
BLACK
6
CONTINUOUS
10
1.8150190157480315
20
0.8415420472440944
11
1.8140816535433071
21
0.8424794488188976
0
LINE
8
BLACK
6
CONTINUOUS
10
1.8140816535433071
20
0.8424794488188976
11
1.8139824409448819
21
0.8427188976377953
0
LINE
8
BLACK
6
CONTINUOUS
10
1.8139824409448819
20
0.8427188976377953
11
1.8137866929133857
21
0.8428887007874015
0
LINE
8
BLACK
6
CONTINUOUS
10
1.8137866929133857
20
0.8428887007874015
11
1.8128492913385827
21
0.8447634645669291
0
LINE
8
BLACK
6
CONTINUOUS
10
1.8128492913385827
20
0.8447634645669291
11
1.8128233070866142
21
0.845129094488189
0
LINE
8
BLACK
6
CONTINUOUS
10
1.8128233070866142
20
0.845129094488189
11
1.8126830314960629
21
0.8454677559055118
0
LINE
8
BLACK
6
CONTINUOUS
10
1.8126830314960629
20
0.8454677559055118
11
1.8126830314960629
21
0.8492172834645669
0
LINE
8
BLACK
6
CONTINUOUS
10
1.8126830314960629
20
0.8492172834645669
11
1.8128233070866142
21
0.849555905511811
0
LINE
8
BLACK
6
CONTINUOUS
10
1.8128233070866142
20
0.849555905511811
11
1.8128492913385827
21
0.8499215748031496
0
LINE
8
BLACK
6
CONTINUOUS
10
1.8128492913385827
20
0.8499215748031496
11
1.8137866929133857
21
0.8517963385826771
0
LINE
8
BLACK
6
CONTINUOUS
10
1.8137866929133857
20
0.8517963385826771
11
1.8139824803149607
21
0.8519661417322835
0
LINE
8
BLACK
6
CONTINUOUS
10
1.8139824803149607
20
0.8519661417322835
11
1.8140816929133858
21
0.8522055905511811
0
LINE
8
BLACK
6
CONTINUOUS
10
1.8140816929133858
20
0.8522055905511811
11
1.8150190551181102
21
0.8531429527559055
0
LINE
8
BLACK
6
CONTINUOUS
10
1.8150190551181102
20
0.8531429527559055
11
1.8152584645669292
21
0.853242125984252
0
LINE
8
BLACK
6
CONTINUOUS
10
1.8152584645669292
20
0.853242125984252
11
1.8154283070866142
21
0.8534379527559055
0
LINE
8
BLACK
6
CONTINUOUS
10
1.8154283070866142
20
0.8534379527559055
11
1.8173030708661417
21
0.8543753543307087
0
LINE
8
BLACK
6
CONTINUOUS
10
1.8173030708661417
20
0.8543753543307087
11
1.8176687007874015
21
0.8544012992125984
0
LINE
8
BLACK
6
CONTINUOUS
10
1.8176687007874015
20
0.8544012992125984
11
1.8180073622047244
21
0.8545416141732284
0
LINE
8
BLACK
6
CONTINUOUS
10
1.8180073622047244
20
0.8545416141732284
11
1.8189447637795275
21
0.8545416141732284
0
LINE
8
BLACK
6
CONTINUOUS
10
1.8189447637795275
20
0.8545416141732284
11
1.8192833858267716
21
0.8544012992125984
0
LINE
8
BLACK
6
CONTINUOUS
10
1.8170653937007875
20
0.8507351181102362
11
1.8164894881889764
21
0.8501592125984252
0
LINE
8
BLACK
6
CONTINUOUS
10
1.8164894881889764
20
0.8501592125984252
11
1.8158326377952756
21
0.8488454724409449
0
LINE
8
BLACK
6
CONTINUOUS
10
1.8158326377952756
20
0.8488454724409449
11
1.8158326377952756
21
0.8458395275590551
0
LINE
8
BLACK
6
CONTINUOUS
10
1.8158326377952756
20
0.8458395275590551
11
1.8164894881889764
21
0.8445258267716536
0
LINE
8
BLACK
6
CONTINUOUS
10
1.8164894881889764
20
0.8445258267716536
11
1.8170654330708662
21
0.8439498031496063
0
LINE
8
BLACK
6
CONTINUOUS
10
1.8170654330708662
20
0.8439498031496063
11
1.818379094488189
21
0.8432930314960629
0
LINE
8
BLACK
6
CONTINUOUS
10
1.818379094488189
20
0.8432930314960629
11
1.8185730314960629
21
0.8432930314960629
0
LINE
8
BLACK
6
CONTINUOUS
10
1.8185730314960629
20
0.8432930314960629
11
1.8198866141732284
21
0.8439498031496063
0
LINE
8
BLACK
6
CONTINUOUS
10
1.8198866141732284
20
0.8439498031496063
11
1.8204625984251968
21
0.8445258267716536
0
LINE
8
BLACK
6
CONTINUOUS
10
1.8204625984251968
20
0.8445258267716536
11
1.8211194881889763
21
0.8458395275590551
0
LINE
8
BLACK
6
CONTINUOUS
10
1.8211194881889763
20
0.8458395275590551
11
1.8211194881889763
21
0.8488454724409449
0
LINE
8
BLACK
6
CONTINUOUS
10
1.8211194881889763
20
0.8488454724409449
11
1.8204625984251968
21
0.8501592125984252
0
LINE
8
BLACK
6
CONTINUOUS
10
1.8204625984251968
20
0.8501592125984252
11
1.8198866929133859
21
0.8507351181102362
0
LINE
8
BLACK
6
CONTINUOUS
10
1.8198866929133859
20
0.8507351181102362
11
1.8185729921259841
21
0.8513920078740157
0
LINE
8
BLACK
6
CONTINUOUS
10
1.8185729921259841
20
0.8513920078740157
11
1.8183791338582678
21
0.8513920078740157
0
LINE
8
BLACK
6
CONTINUOUS
10
1.8183791338582678
20
0.8513920078740157
11
1.8170653937007875
21
0.8507351181102362
0
LINE
8
BLACK
6
CONTINUOUS
10
1.8255018897637796
20
0.8507351181102362
11
1.8249258661417322
21
0.8501591338582677
0
LINE
8
BLACK
6
CONTINUOUS
10
1.8249258661417322
20
0.8501591338582677
11
1.824269094488189
21
0.8488455511811024
0
LINE
8
BLACK
6
CONTINUOUS
10
1.824269094488189
20
0.8488455511811024
11
1.824269094488189
21
0.8458394881889764
0
LINE
8
BLACK
6
CONTINUOUS
10
1.824269094488189
20
0.8458394881889764
11
1.824925905511811
21
0.8445257874015748
0
LINE
8
BLACK
6
CONTINUOUS
10
1.824925905511811
20
0.8445257874015748
11
1.8255019291338583
21
0.8439498031496063
0
LINE
8
BLACK
6
CONTINUOUS
10
1.8255019291338583
20
0.8439498031496063
11
1.8268155511811024
21
0.8432930314960629
0
LINE
8
BLACK
6
CONTINUOUS
10
1.8268155511811024
20
0.8432930314960629
11
1.8298216141732282
21
0.8432930314960629
0
LINE
8
BLACK
6
CONTINUOUS
10
1.8298216141732282
20
0.8432930314960629
11
1.8311352755905512
21
0.843949842519685
0
LINE
8
BLACK
6
CONTINUOUS
10
1.8311352755905512
20
0.843949842519685
11
1.8317112598425196
21
0.8445258661417323
0
LINE
8
BLACK
6
CONTINUOUS
10
1.8317112598425196
20
0.8445258661417323
11
1.8323680708661416
21
0.8458394488188976
0
LINE
8
BLACK
6
CONTINUOUS
10
1.8323680708661416
20
0.8458394488188976
11
1.8323680708661416
21
0.8488455511811024
0
LINE
8
BLACK
6
CONTINUOUS
10
1.8323680708661416
20
0.8488455511811024
11
1.8317112598425196
21
0.8501591732283464
0
LINE
8
BLACK
6
CONTINUOUS
10
1.8317112598425196
20
0.8501591732283464
11
1.8311352362204725
21
0.8507351181102362
0
LINE
8
BLACK
6
CONTINUOUS
10
1.8311352362204725
20
0.8507351181102362
11
1.8298215748031497
21
0.8513920078740157
0
LINE
8
BLACK
6
CONTINUOUS
10
1.8298215748031497
20
0.8513920078740157
11
1.8268155905511811
21
0.8513920078740157
0
LINE
8
BLACK
6
CONTINUOUS
10
1.8268155905511811
20
0.8513920078740157
11
1.8255018897637796
21
0.8507351181102362
0
LINE
8
BLACK
6
CONTINUOUS
10
1.8486220472440944
20
0.8788385826771653
11
1.8500139763779526
21
0.8782620078740158
0
LINE
8
BLACK
6
CONTINUOUS
10
1.8500139763779526
20
0.8782620078740158
11
1.8505905511811023
21
0.8768700787401574
0
LINE
8
BLACK
6
CONTINUOUS
10
1.8505905511811023
20
0.8768700787401574
11
1.8505905511811023
21
0.7981299212598425
0
LINE
8
BLACK
6
CONTINUOUS
10
1.8505905511811023
20
0.7981299212598425
11
1.8500139763779526
21
0.7967379921259843
0
LINE
8
BLACK
6
CONTINUOUS
10
1.8500139763779526
20
0.7967379921259843
11
1.8486220472440944
21
0.7961614173228346
0
LINE
8
BLACK
6
CONTINUOUS
10
1.8486220472440944
20
0.7961614173228346
11
1.8013779527559055
21
0.7961614173228346
0
LINE
8
BLACK
6
CONTINUOUS
10
1.8013779527559055
20
0.7961614173228346
11
1.7999860236220473
21
0.7967379921259843
0
LINE
8
BLACK
6
CONTINUOUS
10
1.7999860236220473
20
0.7967379921259843
11
1.7994094488188976
21
0.7981299212598425
0
LINE
8
BLACK
6
CONTINUOUS
10
1.7994094488188976
20
0.7981299212598425
11
1.7994094488188976
21
0.8768700787401574
0
LINE
8
BLACK
6
CONTINUOUS
10
1.7994094488188976
20
0.8768700787401574
11
1.7999860236220473
21
0.8782620078740158
0
LINE
8
BLACK
6
CONTINUOUS
10
1.7999860236220473
20
0.8782620078740158
11
1.8013779527559055
21
0.8788385826771653
0
LINE
8
BLACK
6
CONTINUOUS
10
1.8013779527559055
20
0.8788385826771653
11
1.8486220472440944
21
0.8788385826771653
0
LINE
8
BLACK
6
CONTINUOUS
10
1.8033464566929134
20
0.8749015748031496
11
1.8033464566929134
21
0.8000984251968504
0
LINE
8
BLACK
6
CONTINUOUS
10
1.8033464566929134
20
0.8000984251968504
11
1.8466535433070865
21
0.8000984251968504
0
LINE
8
BLACK
6
CONTINUOUS
10
1.8466535433070865
20
0.8000984251968504
11
1.8466535433070865
21
0.8749015748031496
0
LINE
8
BLACK
6
CONTINUOUS
10
1.8466535433070865
20
0.8749015748031496
11
1.8033464566929134
21
0.8749015748031496
0
LINE
8
BLACK
6
CONTINUOUS
10
1.9331816535433071
20
0.8353327165354331
11
1.9341190551181102
21
0.8343953543307087
0
LINE
8
BLACK
6
CONTINUOUS
10
1.9341190551181102
20
0.8343953543307087
11
1.9342593307086613
21
0.8340566141732283
0
LINE
8
BLACK
6
CONTINUOUS
10
1.9342593307086613
20
0.8340566141732283
11
1.9344994881889763
21
0.8337797637795276
0
LINE
8
BLACK
6
CONTINUOUS
10
1.9344994881889763
20
0.8337797637795276
11
1.9354368897637795
21
0.8309675590551181
0
LINE
8
BLACK
6
CONTINUOUS
10
1.9354368897637795
20
0.8309675590551181
11
1.9354185039370078
21
0.8307089763779527
0
LINE
8
BLACK
6
CONTINUOUS
10
1.9354185039370078
20
0.8307089763779527
11
1.9355176771653544
21
0.8304696062992126
0
LINE
8
BLACK
6
CONTINUOUS
10
1.9355176771653544
20
0.8304696062992126
11
1.9355176771653544
21
0.8285948425196851
0
LINE
8
BLACK
6
CONTINUOUS
10
1.9355176771653544
20
0.8285948425196851
11
1.9354185039370078
21
0.8283553937007874
0
LINE
8
BLACK
6
CONTINUOUS
10
1.9354185039370078
20
0.8283553937007874
11
1.9354368897637795
21
0.8280968503937007
0
LINE
8
BLACK
6
CONTINUOUS
10
1.9354368897637795
20
0.8280968503937007
11
1.9344994881889763
21
0.8252847244094488
0
LINE
8
BLACK
6
CONTINUOUS
10
1.9344994881889763
20
0.8252847244094488
11
1.9342593307086613
21
0.8250078346456693
0
LINE
8
BLACK
6
CONTINUOUS
10
1.9342593307086613
20
0.8250078346456693
11
1.9341190551181102
21
0.8246691338582677
0
LINE
8
BLACK
6
CONTINUOUS
10
1.9341190551181102
20
0.8246691338582677
11
1.9322442519685039
21
0.8227943700787401
0
LINE
8
BLACK
6
CONTINUOUS
10
1.9322442519685039
20
0.8227943700787401
11
1.9320047637795275
21
0.822695157480315
0
LINE
8
BLACK
6
CONTINUOUS
10
1.9320047637795275
20
0.822695157480315
11
1.931835
21
0.8224994094488188
0
LINE
8
BLACK
6
CONTINUOUS
10
1.931835
20
0.8224994094488188
11
1.9299602362204724
21
0.8215620078740157
0
LINE
8
BLACK
6
CONTINUOUS
10
1.9299602362204724
20
0.8215620078740157
11
1.9297816929133857
21
0.8215492913385827
0
LINE
8
BLACK
6
CONTINUOUS
10
1.9297816929133857
20
0.8215492913385827
11
1.929637874015748
21
0.8214427559055117
0
LINE
8
BLACK
6
CONTINUOUS
10
1.929637874015748
20
0.8214427559055117
11
1.9258883464566929
21
0.8205053937007873
0
LINE
8
BLACK
6
CONTINUOUS
10
1.9258883464566929
20
0.8205053937007873
11
1.9256908267716535
21
0.8205347637795275
0
LINE
8
BLACK
6
CONTINUOUS
10
1.9256908267716535
20
0.8205347637795275
11
1.9255064173228347
21
0.8204583858267717
0
LINE
8
BLACK
6
CONTINUOUS
10
1.9255064173228347
20
0.8204583858267717
11
1.9226942913385827
21
0.8204583858267717
0
LINE
8
BLACK
6
CONTINUOUS
10
1.9226942913385827
20
0.8204583858267717
11
1.9225098425196849
21
0.8205347637795275
0
LINE
8
BLACK
6
CONTINUOUS
10
1.9225098425196849
20
0.8205347637795275
11
1.9223123622047245
21
0.8205053937007873
0
LINE
8
BLACK
6
CONTINUOUS
10
1.9223123622047245
20
0.8205053937007873
11
1.9185628346456693
21
0.8214427559055117
0
LINE
8
BLACK
6
CONTINUOUS
10
1.9185628346456693
20
0.8214427559055117
11
1.9184189763779527
21
0.8215492913385827
0
LINE
8
BLACK
6
CONTINUOUS
10
1.9184189763779527
20
0.8215492913385827
11
1.9182404724409448
21
0.8215620078740157
0
LINE
8
BLACK
6
CONTINUOUS
10
1.9182404724409448
20
0.8215620078740157
11
1.9163657086614172
21
0.8224994094488188
0
LINE
8
BLACK
6
CONTINUOUS
10
1.9163657086614172
20
0.8224994094488188
11
1.9161958661417322
21
0.8226951968503937
0
LINE
8
BLACK
6
CONTINUOUS
10
1.9161958661417322
20
0.8226951968503937
11
1.9159564173228345
21
0.8227944094488189
0
LINE
8
BLACK
6
CONTINUOUS
10
1.9159564173228345
20
0.8227944094488189
11
1.9140816929133857
21
0.8246691732283464
0
LINE
8
BLACK
6
CONTINUOUS
10
1.9140816929133857
20
0.8246691732283464
11
1.9139413779527559
21
0.8250077952755905
0
LINE
8
BLACK
6
CONTINUOUS
10
1.9139413779527559
20
0.8250077952755905
11
1.9137012598425196
21
0.8252847244094488
0
LINE
8
BLACK
6
CONTINUOUS
10
1.9137012598425196
20
0.8252847244094488
11
1.9127638582677164
21
0.8280968503937007
0
LINE
8
BLACK
6
CONTINUOUS
10
1.9127638582677164
20
0.8280968503937007
11
1.9127822047244094
21
0.8283553543307086
0
LINE
8
BLACK
6
CONTINUOUS
10
1.9127822047244094
20
0.8283553543307086
11
1.912683031496063
21
0.8285948425196851
0
LINE
8
BLACK
6
CONTINUOUS
10
1.912683031496063
20
0.8285948425196851
11
1.912683031496063
21
0.8304696062992126
0
LINE
8
BLACK
6
CONTINUOUS
10
1.912683031496063
20
0.8304696062992126
11
1.9127822047244094
21
0.8307090551181102
0
LINE
8
BLACK
6
CONTINUOUS
10
1.9127822047244094
20
0.8307090551181102
11
1.9127638582677164
21
0.8309675984251969
0
LINE
8
BLACK
6
CONTINUOUS
10
1.9127638582677164
20
0.8309675984251969
11
1.9137012598425196
21
0.8337797637795276
0
LINE
8
BLACK
6
CONTINUOUS
10
1.9137012598425196
20
0.8337797637795276
11
1.9139413779527559
21
0.834056653543307
0
LINE
8
BLACK
6
CONTINUOUS
10
1.9139413779527559
20
0.834056653543307
11
1.9140816929133857
21
0.8343953149606299
0
LINE
8
BLACK
6
CONTINUOUS
10
1.9140816929133857
20
0.8343953149606299
11
1.9150190551181101
21
0.8353326771653543
0
LINE
8
BLACK
6
CONTINUOUS
10
1.9150190551181101
20
0.8353326771653543
11
1.9161325984251969
21
0.835793937007874
0
LINE
8
BLACK
6
CONTINUOUS
10
1.9161325984251969
20
0.835793937007874
11
1.9172461417322835
21
0.8353326771653543
0
LINE
8
BLACK
6
CONTINUOUS
10
1.9172461417322835
20
0.8353326771653543
11
1.917707401574803
21
0.8342191338582677
0
LINE
8
BLACK
6
CONTINUOUS
10
1.917707401574803
20
0.8342191338582677
11
1.9172461417322835
21
0.8331055905511811
0
LINE
8
BLACK
6
CONTINUOUS
10
1.9172461417322835
20
0.8331055905511811
11
1.9165716141732283
21
0.832431062992126
0
LINE
8
BLACK
6
CONTINUOUS
10
1.9165716141732283
20
0.832431062992126
11
1.9158326377952755
21
0.8302140551181102
0
LINE
8
BLACK
6
CONTINUOUS
10
1.9158326377952755
20
0.8302140551181102
11
1.9158326377952755
21
0.8288503543307086
0
LINE
8
BLACK
6
CONTINUOUS
10
1.9158326377952755
20
0.8288503543307086
11
1.9165716141732283
21
0.8266333858267716
0
LINE
8
BLACK
6
CONTINUOUS
10
1.9165716141732283
20
0.8266333858267716
11
1.9180028346456692
21
0.8252021653543307
0
LINE
8
BLACK
6
CONTINUOUS
10
1.9180028346456692
20
0.8252021653543307
11
1.9194944094488189
21
0.8244564173228346
0
LINE
8
BLACK
6
CONTINUOUS
10
1.9194944094488189
20
0.8244564173228346
11
1.9228881889763778
21
0.8236079921259842
0
LINE
8
BLACK
6
CONTINUOUS
10
1.9228881889763778
20
0.8236079921259842
11
1.9253125196850394
21
0.8236079921259842
0
LINE
8
BLACK
6
CONTINUOUS
10
1.9253125196850394
20
0.8236079921259842
11
1.9287062598425195
21
0.8244564173228346
0
LINE
8
BLACK
6
CONTINUOUS
10
1.9287062598425195
20
0.8244564173228346
11
1.9301978346456692
21
0.8252022047244094
0
LINE
8
BLACK
6
CONTINUOUS
10
1.9301978346456692
20
0.8252022047244094
11
1.9316290944881889
21
0.8266333858267716
0
LINE
8
BLACK
6
CONTINUOUS
10
1.9316290944881889
20
0.8266333858267716
11
1.9323680708661417
21
0.8288503149606299
0
LINE
8
BLACK
6
CONTINUOUS
10
1.9323680708661417
20
0.8288503149606299
11
1.9323680708661417
21
0.8302140944881889
0
LINE
8
BLACK
6
CONTINUOUS
10
1.9323680708661417
20
0.8302140944881889
11
1.9316290944881889
21
0.832431062992126
0
LINE
8
BLACK
6
CONTINUOUS
10
1.9316290944881889
20
0.832431062992126
11
1.9309545669291339
21
0.8331055511811023
0
LINE
8
BLACK
6
CONTINUOUS
10
1.9309545669291339
20
0.8331055511811023
11
1.9304933070866142
21
0.834219094488189
0
LINE
8
BLACK
6
CONTINUOUS
10
1.9304933070866142
20
0.834219094488189
11
1.9309545275590552
21
0.8353326771653543
0
LINE
8
BLACK
6
CONTINUOUS
10
1.9309545275590552
20
0.8353326771653543
11
1.9320680708661417
21
0.835793937007874
0
LINE
8
BLACK
6
CONTINUOUS
10
1.9320680708661417
20
0.835793937007874
11
1.9331816535433071
21
0.8353327165354331
0
LINE
8
BLACK
6
CONTINUOUS
10
1.9145557086614173
20
0.8553555511811023
11
1.914878188976378
21
0.8553516535433071
0
LINE
8
BLACK
6
CONTINUOUS
10
1.914878188976378
20
0.8553516535433071
11
1.9345632283464567
21
0.8469152362204724
0
LINE
8
BLACK
6
CONTINUOUS
10
1.9345632283464567
20
0.8469152362204724
11
1.9354050393700788
21
0.8460525984251969
0
LINE
8
BLACK
6
CONTINUOUS
10
1.9354050393700788
20
0.8460525984251969
11
1.9353903543307087
21
0.8448474015748031
0
LINE
8
BLACK
6
CONTINUOUS
10
1.9353903543307087
20
0.8448474015748031
11
1.9345277559055118
21
0.8440055905511811
0
LINE
8
BLACK
6
CONTINUOUS
10
1.9345277559055118
20
0.8440055905511811
11
1.933322559055118
21
0.8440202755905512
0
LINE
8
BLACK
6
CONTINUOUS
10
1.933322559055118
20
0.8440202755905512
11
1.9158326377952755
21
0.851515905511811
0
LINE
8
BLACK
6
CONTINUOUS
10
1.9158326377952755
20
0.851515905511811
11
1.9158326377952755
21
0.8407808267716536
0
LINE
8
BLACK
6
CONTINUOUS
10
1.9158326377952755
20
0.8407808267716536
11
1.9153713779527559
21
0.8396672834645669
0
LINE
8
BLACK
6
CONTINUOUS
10
1.9153713779527559
20
0.8396672834645669
11
1.9142578346456693
21
0.8392060236220472
0
LINE
8
BLACK
6
CONTINUOUS
10
1.9142578346456693
20
0.8392060236220472
11
1.9131442913385825
21
0.8396672834645669
0
LINE
8
BLACK
6
CONTINUOUS
10
1.9131442913385825
20
0.8396672834645669
11
1.912683031496063
21
0.8407808267716536
0
LINE
8
BLACK
6
CONTINUOUS
10
1.912683031496063
20
0.8407808267716536
11
1.912683031496063
21
0.8539041732283464
0
LINE
8
BLACK
6
CONTINUOUS
10
1.912683031496063
20
0.8539041732283464
11
1.9128064173228345
21
0.8542020472440944
0
LINE
8
BLACK
6
CONTINUOUS
10
1.9128064173228345
20
0.8542020472440944
11
1.9128103543307087
21
0.8545245275590551
0
LINE
8
BLACK
6
CONTINUOUS
10
1.9128103543307087
20
0.8545245275590551
11
1.9130279527559055
21
0.8547368897637795
0
LINE
8
BLACK
6
CONTINUOUS
10
1.9130279527559055
20
0.8547368897637795
11
1.9131442913385825
21
0.855017716535433
0
LINE
8
BLACK
6
CONTINUOUS
10
1.9131442913385825
20
0.855017716535433
11
1.913442125984252
21
0.855141062992126
0
LINE
8
BLACK
6
CONTINUOUS
10
1.913442125984252
20
0.855141062992126
11
1.9136729527559055
21
0.8553663385826772
0
LINE
8
BLACK
6
CONTINUOUS
10
1.9136729527559055
20
0.8553663385826772
11
1.9139769685039369
21
0.8553625984251968
0
LINE
8
BLACK
6
CONTINUOUS
10
1.9139769685039369
20
0.8553625984251968
11
1.9142578346456693
21
0.8554789763779528
0
LINE
8
BLACK
6
CONTINUOUS
10
1.9142578346456693
20
0.8554789763779528
11
1.9145557086614173
21
0.8553555511811023
0
LINE
8
BLACK
6
CONTINUOUS
10
1.9486220472440945
20
0.8788385826771653
11
1.9500139763779527
21
0.8782620078740158
0
LINE
8
BLACK
6
CONTINUOUS
10
1.9500139763779527
20
0.8782620078740158
11
1.9505905511811024
21
0.8768700787401574
0
LINE
8
BLACK
6
CONTINUOUS
10
1.9505905511811024
20
0.8768700787401574
11
1.9505905511811024
21
0.7981299212598425
0
LINE
8
BLACK
6
CONTINUOUS
10
1.9505905511811024
20
0.7981299212598425
11
1.9500139763779527
21
0.7967379921259843
0
LINE
8
BLACK
6
CONTINUOUS
10
1.9500139763779527
20
0.7967379921259843
11
1.9486220472440945
21
0.7961614173228346
0
LINE
8
BLACK
6
CONTINUOUS
10
1.9486220472440945
20
0.7961614173228346
11
1.9013779527559054
21
0.7961614173228346
0
LINE
8
BLACK
6
CONTINUOUS
10
1.9013779527559054
20
0.7961614173228346
11
1.8999860236220472
21
0.7967379921259843
0
LINE
8
BLACK
6
CONTINUOUS
10
1.8999860236220472
20
0.7967379921259843
11
1.8994094488188975
21
0.7981299212598425
0
LINE
8
BLACK
6
CONTINUOUS
10
1.8994094488188975
20
0.7981299212598425
11
1.8994094488188975
21
0.8768700787401574
0
LINE
8
BLACK
6
CONTINUOUS
10
1.8994094488188975
20
0.8768700787401574
11
1.8999860236220472
21
0.8782620078740158
0
LINE
8
BLACK
6
CONTINUOUS
10
1.8999860236220472
20
0.8782620078740158
11
1.9013779527559054
21
0.8788385826771653
0
LINE
8
BLACK
6
CONTINUOUS
10
1.9013779527559054
20
0.8788385826771653
11
1.9486220472440945
21
0.8788385826771653
0
LINE
8
BLACK
6
CONTINUOUS
10
1.9033464566929132
20
0.8749015748031496
11
1.9033464566929132
21
0.8000984251968504
0
LINE
8
BLACK
6
CONTINUOUS
10
1.9033464566929132
20
0.8000984251968504
11
1.9466535433070866
21
0.8000984251968504
0
LINE
8
BLACK
6
CONTINUOUS
10
1.9466535433070866
20
0.8000984251968504
11
1.9466535433070866
21
0.8749015748031496
0
LINE
8
BLACK
6
CONTINUOUS
10
1.9466535433070866
20
0.8749015748031496
11
1.9033464566929132
21
0.8749015748031496
0
LINE
8
BLACK
6
CONTINUOUS
10
2.3249348031496062
20
0.8980822834645669
11
2.3326917322834646
21
0.8950772440944882
0
LINE
8
BLACK
6
CONTINUOUS
10
2.3326917322834646
20
0.8950772440944882
11
2.3397644488188978
21
0.890698031496063
0
LINE
8
BLACK
6
CONTINUOUS
10
2.3397644488188978
20
0.890698031496063
11
2.3459120078740159
21
0.8850937795275591
0
LINE
8
BLACK
6
CONTINUOUS
10
2.3459120078740159
20
0.8850937795275591
11
2.3509251574803147
21
0.8784553149606299
0
LINE
8
BLACK
6
CONTINUOUS
10
2.3509251574803147
20
0.8784553149606299
11
2.3546331102362204
21
0.8710087401574803
0
LINE
8
BLACK
6
CONTINUOUS
10
2.3546331102362204
20
0.8710087401574803
11
2.3569096062992125
21
0.8630075984251968
0
LINE
8
BLACK
6
CONTINUOUS
10
2.3569096062992125
20
0.8630075984251968
11
2.3576771653543305
21
0.8547244094488189
0
LINE
8
BLACK
6
CONTINUOUS
10
2.3576771653543305
20
0.8547244094488189
11
2.3569096062992125
21
0.846441220472441
0
LINE
8
BLACK
6
CONTINUOUS
10
2.3569096062992125
20
0.846441220472441
11
2.3546331102362204
21
0.8384400787401575
0
LINE
8
BLACK
6
CONTINUOUS
10
2.3546331102362204
20
0.8384400787401575
11
2.3509251574803147
21
0.8309935039370079
0
LINE
8
BLACK
6
CONTINUOUS
10
2.3509251574803147
20
0.8309935039370079
11
2.3459120078740159
21
0.8243550393700787
0
LINE
8
BLACK
6
CONTINUOUS
10
2.3459120078740159
20
0.8243550393700787
11
2.3397644488188978
21
0.8187507874015748
0
LINE
8
BLACK
6
CONTINUOUS
10
2.3397644488188978
20
0.8187507874015748
11
2.3326917322834646
21
0.8143715748031496
0
LINE
8
BLACK
6
CONTINUOUS
10
2.3326917322834646
20
0.8143715748031496
11
2.3249348031496062
21
0.8113665354330708
0
LINE
8
BLACK
6
CONTINUOUS
10
2.3249348031496062
20
0.8113665354330708
11
2.3167577559055119
21
0.8098379527559055
0
LINE
8
BLACK
6
CONTINUOUS
10
2.3167577559055119
20
0.8098379527559055
11
2.3084390944881887
21
0.8098379527559055
0
LINE
8
BLACK
6
CONTINUOUS
10
2.3084390944881887
20
0.8098379527559055
11
2.3002620472440944
21
0.8113665354330708
0
LINE
8
BLACK
6
CONTINUOUS
10
2.3002620472440944
20
0.8113665354330708
11
2.2925051181102361
21
0.8143715748031496
0
LINE
8
BLACK
6
CONTINUOUS
10
2.2925051181102361
20
0.8143715748031496
11
2.2854324015748033
21
0.8187507874015748
0
LINE
8
BLACK
6
CONTINUOUS
10
2.2854324015748033
20
0.8187507874015748
11
2.2792848425196848
21
0.8243550393700787
0
LINE
8
BLACK
6
CONTINUOUS
10
2.2792848425196848
20
0.8243550393700787
11
2.2742716929133859
21
0.8309935039370079
0
LINE
8
BLACK
6
CONTINUOUS
10
2.2742716929133859
20
0.8309935039370079
11
2.2705637401574803
21
0.8384400787401575
0
LINE
8
BLACK
6
CONTINUOUS
10
2.2705637401574803
20
0.8384400787401575
11
2.2682872440944881
21
0.846441220472441
0
LINE
8
BLACK
6
CONTINUOUS
10
2.2682872440944881
20
0.846441220472441
11
2.2675196850393702
21
0.8547244094488189
0
LINE
8
BLACK
6
CONTINUOUS
10
2.2675196850393702
20
0.8547244094488189
11
2.2682872440944881
21
0.8630075984251968
0
LINE
8
BLACK
6
CONTINUOUS
10
2.2682872440944881
20
0.8630075984251968
11
2.2705637401574803
21
0.8710087401574803
0
LINE
8
BLACK
6
CONTINUOUS
10
2.2705637401574803
20
0.8710087401574803
11
2.2742716929133859
21
0.8784553149606299
0
LINE
8
BLACK
6
CONTINUOUS
10
2.2742716929133859
20
0.8784553149606299
11
2.2792848425196848
21
0.8850937795275591
0
LINE
8
BLACK
6
CONTINUOUS
10
2.2792848425196848
20
0.8850937795275591
11
2.2854324015748033
21
0.890698031496063
0
LINE
8
BLACK
6
CONTINUOUS
10
2.2854324015748033
20
0.890698031496063
11
2.2925051181102361
21
0.8950772440944882
0
LINE
8
BLACK
6
CONTINUOUS
10
2.2925051181102361
20
0.8950772440944882
11
2.3002620472440944
21
0.8980822834645669
0
LINE
8
BLACK
6
CONTINUOUS
10
2.3002620472440944
20
0.8980822834645669
11
2.3084390944881887
21
0.8996108661417322
0
LINE
8
BLACK
6
CONTINUOUS
10
2.3084390944881887
20
0.8996108661417322
11
2.3167577559055119
21
0.8996108661417322
0
LINE
8
BLACK
6
CONTINUOUS
10
2.3167577559055119
20
0.8996108661417322
11
2.3249348031496062
21
0.8980822834645669
0
LINE
8
BLACK
6
CONTINUOUS
10
2.3145676377952755
20
0.8135775590551181
11
2.3206636220472441
21
0.8141779921259842
0
LINE
8
BLACK
6
CONTINUOUS
10
2.3206636220472441
20
0.8141779921259842
11
2.3284188582677166
21
0.8165305118110237
0
LINE
8
BLACK
6
CONTINUOUS
10
2.3284188582677166
20
0.8165305118110237
11
2.3355661417322833
21
0.8203507874015747
0
LINE
8
BLACK
6
CONTINUOUS
10
2.3355661417322833
20
0.8203507874015747
11
2.3418307874015749
21
0.8254920472440944
0
LINE
8
BLACK
6
CONTINUOUS
10
2.3418307874015749
20
0.8254920472440944
11
2.3469720472440945
21
0.8317566929133858
0
LINE
8
BLACK
6
CONTINUOUS
10
2.3469720472440945
20
0.8317566929133858
11
2.3507923228346455
21
0.8389039763779528
0
LINE
8
BLACK
6
CONTINUOUS
10
2.3507923228346455
20
0.8389039763779528
11
2.353144842519685
21
0.8466592125984251
0
LINE
8
BLACK
6
CONTINUOUS
10
2.353144842519685
20
0.8466592125984251
11
2.3539392125984251
21
0.8547244094488189
0
LINE
8
BLACK
6
CONTINUOUS
10
2.3539392125984251
20
0.8547244094488189
11
2.353144842519685
21
0.8627896062992125
0
LINE
8
BLACK
6
CONTINUOUS
10
2.353144842519685
20
0.8627896062992125
11
2.3507923228346455
21
0.870544842519685
0
LINE
8
BLACK
6
CONTINUOUS
10
2.3507923228346455
20
0.870544842519685
11
2.3469720472440945
21
0.8776921259842519
0
LINE
8
BLACK
6
CONTINUOUS
10
2.3469720472440945
20
0.8776921259842519
11
2.3418307874015749
21
0.8839567716535432
0
LINE
8
BLACK
6
CONTINUOUS
10
2.3418307874015749
20
0.8839567716535432
11
2.3355661417322833
21
0.8890980314960629
0
LINE
8
BLACK
6
CONTINUOUS
10
2.3355661417322833
20
0.8890980314960629
11
2.3284188582677166
21
0.8929183070866141
0
LINE
8
BLACK
6
CONTINUOUS
10
2.3284188582677166
20
0.8929183070866141
11
2.3206636220472441
21
0.8952708267716535
0
LINE
8
BLACK
6
CONTINUOUS
10
2.3206636220472441
20
0.8952708267716535
11
2.3146055905511811
21
0.8958674803149607
0
LINE
8
BLACK
6
CONTINUOUS
10
2.3146055905511811
20
0.8958674803149607
11
2.3145676377952755
21
0.8135775590551181
0
LINE
8
BLACK
6
CONTINUOUS
10
2.2720520078740156
20
0.8466592125984251
11
2.2744045275590552
21
0.8389039763779528
0
LINE
8
BLACK
6
CONTINUOUS
10
2.2744045275590552
20
0.8389039763779528
11
2.2782248031496062
21
0.8317566929133858
0
LINE
8
BLACK
6
CONTINUOUS
10
2.2782248031496062
20
0.8317566929133858
11
2.2833660629921257
21
0.8254920472440944
0
LINE
8
BLACK
6
CONTINUOUS
10
2.2833660629921257
20
0.8254920472440944
11
2.2896307086614174
21
0.8203507874015747
0
LINE
8
BLACK
6
CONTINUOUS
10
2.2896307086614174
20
0.8203507874015747
11
2.2967779921259841
21
0.8165305118110237
0
LINE
8
BLACK
6
CONTINUOUS
10
2.2967779921259841
20
0.8165305118110237
11
2.3045332283464566
21
0.8141779921259842
0
LINE
8
BLACK
6
CONTINUOUS
10
2.3045332283464566
20
0.8141779921259842
11
2.3106306299212598
21
0.8135774015748032
0
LINE
8
BLACK
6
CONTINUOUS
10
2.3106306299212598
20
0.8135774015748032
11
2.3106685826771654
21
0.8958751181102362
0
LINE
8
BLACK
6
CONTINUOUS
10
2.3106685826771654
20
0.8958751181102362
11
2.3045332283464566
21
0.8952708267716535
0
LINE
8
BLACK
6
CONTINUOUS
10
2.3045332283464566
20
0.8952708267716535
11
2.2967779921259841
21
0.8929183070866141
0
LINE
8
BLACK
6
CONTINUOUS
10
2.2967779921259841
20
0.8929183070866141
11
2.2896307086614174
21
0.8890980314960629
0
LINE
8
BLACK
6
CONTINUOUS
10
2.2896307086614174
20
0.8890980314960629
11
2.2833660629921257
21
0.8839567716535432
0
LINE
8
BLACK
6
CONTINUOUS
10
2.2833660629921257
20
0.8839567716535432
11
2.2782248031496062
21
0.8776921259842519
0
LINE
8
BLACK
6
CONTINUOUS
10
2.2782248031496062
20
0.8776921259842519
11
2.2744045275590552
21
0.870544842519685
0
LINE
8
BLACK
6
CONTINUOUS
10
2.2744045275590552
20
0.870544842519685
11
2.2720520078740156
21
0.8627896062992125
0
LINE
8
BLACK
6
CONTINUOUS
10
2.2720520078740156
20
0.8627896062992125
11
2.2712576377952756
21
0.8547244094488189
0
LINE
8
BLACK
6
CONTINUOUS
10
2.2712576377952756
20
0.8547244094488189
11
2.2720520078740156
21
0.8466592125984251
0
LINE
8
BLACK
6
CONTINUOUS
10
2.1913173622047242
20
0.9240416141732283
11
2.1914525984251969
21
0.9239281102362205
0
LINE
8
BLACK
6
CONTINUOUS
10
2.1914525984251969
20
0.9239281102362205
11
2.1916279527559053
21
0.9239079527559055
0
LINE
8
BLACK
6
CONTINUOUS
10
2.1916279527559053
20
0.9239079527559055
11
2.1953774803149604
21
0.922033188976378
0
LINE
8
BLACK
6
CONTINUOUS
10
2.1953774803149604
20
0.922033188976378
11
2.196086535433071
21
0.9215072440944881
0
LINE
8
BLACK
6
CONTINUOUS
10
2.196086535433071
20
0.9215072440944881
11
2.1961448818897638
21
0.9214800787401575
0
LINE
8
BLACK
6
CONTINUOUS
10
2.1961448818897638
20
0.9214800787401575
11
2.1980196456692913
21
0.9196053149606299
0
LINE
8
BLACK
6
CONTINUOUS
10
2.1980196456692913
20
0.9196053149606299
11
2.1985259055118109
21
0.9188822047244094
0
LINE
8
BLACK
6
CONTINUOUS
10
2.1985259055118109
20
0.9188822047244094
11
2.1985727559055119
21
0.9188379133858268
0
LINE
8
BLACK
6
CONTINUOUS
10
2.1985727559055119
20
0.9188379133858268
11
2.2004475196850395
21
0.9150883858267717
0
LINE
8
BLACK
6
CONTINUOUS
10
2.2004475196850395
20
0.9150883858267717
11
2.2007398818897639
21
0.9141054724409449
0
LINE
8
BLACK
6
CONTINUOUS
10
2.2007398818897639
20
0.9141054724409449
11
2.2006988582677165
21
0.9139337401574803
0
LINE
8
BLACK
6
CONTINUOUS
10
2.2006988582677165
20
0.9139337401574803
11
2.200759251968504
21
0.913767874015748
0
LINE
8
BLACK
6
CONTINUOUS
10
2.200759251968504
20
0.913767874015748
11
2.200759251968504
21
0.9100183464566929
0
LINE
8
BLACK
6
CONTINUOUS
10
2.200759251968504
20
0.9100183464566929
11
2.2006059448818895
21
0.909148937007874
0
LINE
8
BLACK
6
CONTINUOUS
10
2.2006059448818895
20
0.909148937007874
11
2.200607716535433
21
0.9090845669291339
0
LINE
8
BLACK
6
CONTINUOUS
10
2.200607716535433
20
0.9090845669291339
11
2.1987329527559054
21
0.90346031496063
0
LINE
8
BLACK
6
CONTINUOUS
10
2.1987329527559054
20
0.90346031496063
11
2.1982446456692912
21
0.9025585433070866
0
LINE
8
BLACK
6
CONTINUOUS
10
2.1982446456692912
20
0.9025585433070866
11
2.1980942519685041
21
0.9024661417322835
0
LINE
8
BLACK
6
CONTINUOUS
10
2.1980942519685041
20
0.9024661417322835
11
2.1980196456692913
21
0.9023061417322834
0
LINE
8
BLACK
6
CONTINUOUS
10
2.1980196456692913
20
0.9023061417322834
11
2.1805631496062992
21
0.8848496062992126
0
LINE
8
BLACK
6
CONTINUOUS
10
2.1805631496062992
20
0.8848496062992126
11
2.1978064960629919
21
0.8848496062992126
0
LINE
8
BLACK
6
CONTINUOUS
10
2.1978064960629919
20
0.8848496062992126
11
2.1988164173228344
21
0.8846715354330709
0
LINE
8
BLACK
6
CONTINUOUS
10
2.1988164173228344
20
0.8846715354330709
11
2.200363661417323
21
0.8833732283464567
0
LINE
8
BLACK
6
CONTINUOUS
10
2.200363661417323
20
0.8833732283464567
11
2.2007144094488189
21
0.881384094488189
0
LINE
8
BLACK
6
CONTINUOUS
10
2.2007144094488189
20
0.881384094488189
11
2.1997044881889765
21
0.8796349212598426
0
LINE
8
BLACK
6
CONTINUOUS
10
2.1997044881889765
20
0.8796349212598426
11
2.1978064960629919
21
0.878944094488189
0
LINE
8
BLACK
6
CONTINUOUS
10
2.1978064960629919
20
0.878944094488189
11
2.1734345669291337
21
0.878944094488189
0
LINE
8
BLACK
6
CONTINUOUS
10
2.1734345669291337
20
0.878944094488189
11
2.1727998031496063
21
0.8790559842519685
0
LINE
8
BLACK
6
CONTINUOUS
10
2.1727998031496063
20
0.8790559842519685
11
2.1726703543307084
21
0.8790446850393701
0
LINE
8
BLACK
6
CONTINUOUS
10
2.1726703543307084
20
0.8790446850393701
11
2.1726051181102362
21
0.8790903149606299
0
LINE
8
BLACK
6
CONTINUOUS
10
2.1726051181102362
20
0.8790903149606299
11
2.1724246456692913
21
0.8791221653543307
0
LINE
8
BLACK
6
CONTINUOUS
10
2.1724246456692913
20
0.8791221653543307
11
2.1717437795275591
21
0.8796934251968503
0
LINE
8
BLACK
6
CONTINUOUS
10
2.1717437795275591
20
0.8796934251968503
11
2.1710157874015747
21
0.8802032283464567
0
LINE
8
BLACK
6
CONTINUOUS
10
2.1710157874015747
20
0.8802032283464567
11
2.1709808267716535
21
0.8803336614173228
0
LINE
8
BLACK
6
CONTINUOUS
10
2.1709808267716535
20
0.8803336614173228
11
2.1708774015748031
21
0.8804204724409449
0
LINE
8
BLACK
6
CONTINUOUS
10
2.1708774015748031
20
0.8804204724409449
11
2.1707230314960628
21
0.8812957874015748
0
LINE
8
BLACK
6
CONTINUOUS
10
2.1707230314960628
20
0.8812957874015748
11
2.1704930708661418
21
0.8821541732283464
0
LINE
8
BLACK
6
CONTINUOUS
10
2.1704930708661418
20
0.8821541732283464
11
2.1705501181102362
21
0.8822764960629921
0
LINE
8
BLACK
6
CONTINUOUS
10
2.1705501181102362
20
0.8822764960629921
11
2.1705266535433072
21
0.8824096062992126
0
LINE
8
BLACK
6
CONTINUOUS
10
2.1705266535433072
20
0.8824096062992126
11
2.1709711417322834
21
0.8831794881889764
0
LINE
8
BLACK
6
CONTINUOUS
10
2.1709711417322834
20
0.8831794881889764
11
2.1713466535433072
21
0.8839847637795275
0
LINE
8
BLACK
6
CONTINUOUS
10
2.1713466535433072
20
0.8839847637795275
11
2.193350905511811
21
0.9059890551181102
0
LINE
8
BLACK
6
CONTINUOUS
10
2.193350905511811
20
0.9059890551181102
11
2.1948537401574804
21
0.9104974803149606
0
LINE
8
BLACK
6
CONTINUOUS
10
2.1948537401574804
20
0.9104974803149606
11
2.1948537401574804
21
0.9130708267716535
0
LINE
8
BLACK
6
CONTINUOUS
10
2.1948537401574804
20
0.9130708267716535
11
2.193505
21
0.9157683070866142
0
LINE
8
BLACK
6
CONTINUOUS
10
2.193505
20
0.9157683070866142
11
2.1923078740157478
21
0.9169654330708661
0
LINE
8
BLACK
6
CONTINUOUS
10
2.1923078740157478
20
0.9169654330708661
11
2.1896103937007871
21
0.9183141732283464
0
LINE
8
BLACK
6
CONTINUOUS
10
2.1896103937007871
20
0.9183141732283464
11
2.1816306692913385
21
0.9183141732283464
0
LINE
8
BLACK
6
CONTINUOUS
10
2.1816306692913385
20
0.9183141732283464
11
2.1789331889763779
21
0.9169654330708661
0
LINE
8
BLACK
6
CONTINUOUS
10
2.1789331889763779
20
0.9169654330708661
11
2.1773972440944882
21
0.9154294881889764
0
LINE
8
BLACK
6
CONTINUOUS
10
2.1773972440944882
20
0.9154294881889764
11
2.1765572047244093
21
0.9148412992125984
0
LINE
8
BLACK
6
CONTINUOUS
10
2.1765572047244093
20
0.9148412992125984
11
2.174545118110236
21
0.9146652362204725
0
LINE
8
BLACK
6
CONTINUOUS
10
2.174545118110236
20
0.9146652362204725
11
2.1728905511811023
21
0.915823779527559
0
LINE
8
BLACK
6
CONTINUOUS
10
2.1728905511811023
20
0.915823779527559
11
2.1723678346456694
21
0.9177747244094488
0
LINE
8
BLACK
6
CONTINUOUS
10
2.1723678346456694
20
0.9177747244094488
11
2.1732214173228348
21
0.9196053149606299
0
LINE
8
BLACK
6
CONTINUOUS
10
2.1732214173228348
20
0.9196053149606299
11
2.1750961811023624
21
0.9214800787401575
0
LINE
8
BLACK
6
CONTINUOUS
10
2.1750961811023624
20
0.9214800787401575
11
2.175819251968504
21
0.9219863385826771
0
LINE
8
BLACK
6
CONTINUOUS
10
2.175819251968504
20
0.9219863385826771
11
2.1758635826771653
21
0.922033188976378
0
LINE
8
BLACK
6
CONTINUOUS
10
2.1758635826771653
20
0.922033188976378
11
2.1796131102362204
21
0.9239079527559055
0
LINE
8
BLACK
6
CONTINUOUS
10
2.1796131102362204
20
0.9239079527559055
11
2.1805960236220474
21
0.9242003149606299
0
LINE
8
BLACK
6
CONTINUOUS
10
2.1805960236220474
20
0.9242003149606299
11
2.1807677165354331
21
0.9241592913385827
0
LINE
8
BLACK
6
CONTINUOUS
10
2.1807677165354331
20
0.9241592913385827
11
2.1809336220472439
21
0.92421968503937
0
LINE
8
BLACK
6
CONTINUOUS
10
2.1809336220472439
20
0.92421968503937
11
2.1903074409448817
21
0.92421968503937
0
LINE
8
BLACK
6
CONTINUOUS
10
2.1903074409448817
20
0.92421968503937
11
2.1913173622047242
21
0.9240416141732283
0
LINE
8
BLACK
6
CONTINUOUS
10
2.1393596850393699
20
0.9237827952755905
11
2.1406152362204725
21
0.9222006692913386
0
LINE
8
BLACK
6
CONTINUOUS
10
2.1406152362204725
20
0.9222006692913386
11
2.1509373622047243
21
0.8912342519685039
0
LINE
8
BLACK
6
CONTINUOUS
10
2.1509373622047243
20
0.8912342519685039
11
2.1612594881889762
21
0.9222006692913386
0
LINE
8
BLACK
6
CONTINUOUS
10
2.1612594881889762
20
0.9222006692913386
11
2.1617477559055116
21
0.9231024409448819
0
LINE
8
BLACK
6
CONTINUOUS
10
2.1617477559055116
20
0.9231024409448819
11
2.1634687401574801
21
0.9241597244094488
0
LINE
8
BLACK
6
CONTINUOUS
10
2.1634687401574801
20
0.9241597244094488
11
2.1654666929133857
21
0.9238634645669291
0
LINE
8
BLACK
6
CONTINUOUS
10
2.1654666929133857
20
0.9238634645669291
11
2.1668067716535431
21
0.9223522047244094
0
LINE
8
BLACK
6
CONTINUOUS
10
2.1668067716535431
20
0.9223522047244094
11
2.1668619291338582
21
0.9203331889763779
0
LINE
8
BLACK
6
CONTINUOUS
10
2.1668619291338582
20
0.9203331889763779
11
2.1537385826771653
21
0.8809631102362204
0
LINE
8
BLACK
6
CONTINUOUS
10
2.1537385826771653
20
0.8809631102362204
11
2.1532502755905512
21
0.8800613385826771
0
LINE
8
BLACK
6
CONTINUOUS
10
2.1532502755905512
20
0.8800613385826771
11
2.1531778346456694
21
0.8800168110236221
0
LINE
8
BLACK
6
CONTINUOUS
10
2.1531778346456694
20
0.8800168110236221
11
2.1531466141732283
21
0.8799377952755906
0
LINE
8
BLACK
6
CONTINUOUS
10
2.1531466141732283
20
0.8799377952755906
11
2.1523251181102361
21
0.8794929527559054
0
LINE
8
BLACK
6
CONTINUOUS
10
2.1523251181102361
20
0.8794929527559054
11
2.1515293307086614
21
0.8790040551181102
0
LINE
8
BLACK
6
CONTINUOUS
10
2.1515293307086614
20
0.8790040551181102
11
2.1514452362204723
21
0.8790164960629921
0
LINE
8
BLACK
6
CONTINUOUS
10
2.1514452362204723
20
0.8790164960629921
11
2.151370472440945
21
0.8789760236220472
0
LINE
8
BLACK
6
CONTINUOUS
10
2.151370472440945
20
0.8789760236220472
11
2.1504553543307088
21
0.8791632677165354
0
LINE
8
BLACK
6
CONTINUOUS
10
2.1504553543307088
20
0.8791632677165354
11
2.1495313385826771
21
0.8793003149606299
0
LINE
8
BLACK
6
CONTINUOUS
10
2.1495313385826771
20
0.8793003149606299
11
2.1494748818897635
21
0.879363937007874
0
LINE
8
BLACK
6
CONTINUOUS
10
2.1494748818897635
20
0.879363937007874
11
2.1493916929133858
21
0.8793809842519685
0
LINE
8
BLACK
6
CONTINUOUS
10
2.1493916929133858
20
0.8793809842519685
11
2.1488113385826773
21
0.8801122440944882
0
LINE
8
BLACK
6
CONTINUOUS
10
2.1488113385826773
20
0.8801122440944882
11
2.1481912992125984
21
0.8808115354330709
0
LINE
8
BLACK
6
CONTINUOUS
10
2.1481912992125984
20
0.8808115354330709
11
2.1481889763779529
21
0.8808964960629921
0
LINE
8
BLACK
6
CONTINUOUS
10
2.1481889763779529
20
0.8808964960629921
11
2.1481361417322833
21
0.8809631102362204
0
LINE
8
BLACK
6
CONTINUOUS
10
2.1481361417322833
20
0.8809631102362204
11
2.1350127952755904
21
0.9203331889763779
0
LINE
8
BLACK
6
CONTINUOUS
10
2.1350127952755904
20
0.9203331889763779
11
2.1348623622047245
21
0.9213475984251969
0
LINE
8
BLACK
6
CONTINUOUS
10
2.1348623622047245
20
0.9213475984251969
11
2.1356047637795275
21
0.9232259842519684
0
LINE
8
BLACK
6
CONTINUOUS
10
2.1356047637795275
20
0.9232259842519684
11
2.1373809055118111
21
0.9241877559055118
0
LINE
8
BLACK
6
CONTINUOUS
10
2.1373809055118111
20
0.9241877559055118
11
2.1393596850393699
21
0.9237827952755905
0
LINE
8
BLACK
6
CONTINUOUS
10
2.1200762598425196
20
0.9240416141732283
11
2.1202114960629919
21
0.9239281102362205
0
LINE
8
BLACK
6
CONTINUOUS
10
2.1202114960629919
20
0.9239281102362205
11
2.1203868503937007
21
0.9239079527559055
0
LINE
8
BLACK
6
CONTINUOUS
10
2.1203868503937007
20
0.9239079527559055
11
2.1241363779527558
21
0.922033188976378
0
LINE
8
BLACK
6
CONTINUOUS
10
2.1241363779527558
20
0.922033188976378
11
2.1248454330708659
21
0.9215072440944881
0
LINE
8
BLACK
6
CONTINUOUS
10
2.1248454330708659
20
0.9215072440944881
11
2.1249037795275592
21
0.9214800787401575
0
LINE
8
BLACK
6
CONTINUOUS
10
2.1249037795275592
20
0.9214800787401575
11
2.1267785433070867
21
0.9196053149606299
0
LINE
8
BLACK
6
CONTINUOUS
10
2.1267785433070867
20
0.9196053149606299
11
2.1272848031496063
21
0.9188822047244094
0
LINE
8
BLACK
6
CONTINUOUS
10
2.1272848031496063
20
0.9188822047244094
11
2.1273316535433069
21
0.9188379133858268
0
LINE
8
BLACK
6
CONTINUOUS
10
2.1273316535433069
20
0.9188379133858268
11
2.1292064173228344
21
0.9150883858267717
0
LINE
8
BLACK
6
CONTINUOUS
10
2.1292064173228344
20
0.9150883858267717
11
2.1294987795275588
21
0.9141054724409449
0
LINE
8
BLACK
6
CONTINUOUS
10
2.1294987795275588
20
0.9141054724409449
11
2.1294577559055119
21
0.9139337401574803
0
LINE
8
BLACK
6
CONTINUOUS
10
2.1294577559055119
20
0.9139337401574803
11
2.1295181496062994
21
0.913767874015748
0
LINE
8
BLACK
6
CONTINUOUS
10
2.1295181496062994
20
0.913767874015748
11
2.1295181496062994
21
0.9081435826771653
0
LINE
8
BLACK
6
CONTINUOUS
10
2.1295181496062994
20
0.9081435826771653
11
2.1293400787401575
21
0.9071336614173228
0
LINE
8
BLACK
6
CONTINUOUS
10
2.1293400787401575
20
0.9071336614173228
11
2.1292265748031496
21
0.9069983858267716
0
LINE
8
BLACK
6
CONTINUOUS
10
2.1292265748031496
20
0.9069983858267716
11
2.1292064173228344
21
0.9068230708661417
0
LINE
8
BLACK
6
CONTINUOUS
10
2.1292064173228344
20
0.9068230708661417
11
2.1273316535433069
21
0.9030735433070866
0
LINE
8
BLACK
6
CONTINUOUS
10
2.1273316535433069
20
0.9030735433070866
11
2.1268057480314959
21
0.9023644488188977
0
LINE
8
BLACK
6
CONTINUOUS
10
2.1268057480314959
20
0.9023644488188977
11
2.1267785433070867
21
0.9023061417322834
0
LINE
8
BLACK
6
CONTINUOUS
10
2.1267785433070867
20
0.9023061417322834
11
2.1249037795275592
21
0.9004313779527559
0
LINE
8
BLACK
6
CONTINUOUS
10
2.1249037795275592
20
0.9004313779527559
11
2.1241806692913388
21
0.8999250787401575
0
LINE
8
BLACK
6
CONTINUOUS
10
2.1241806692913388
20
0.8999250787401575
11
2.1241363779527558
21
0.8998782677165355
0
LINE
8
BLACK
6
CONTINUOUS
10
2.1241363779527558
20
0.8998782677165355
11
2.1203868503937007
21
0.8980035039370079
0
LINE
8
BLACK
6
CONTINUOUS
10
2.1203868503937007
20
0.8980035039370079
11
2.1194038976377954
21
0.8977111417322834
0
LINE
8
BLACK
6
CONTINUOUS
10
2.1194038976377954
20
0.8977111417322834
11
2.1192322047244092
21
0.8977521259842519
0
LINE
8
BLACK
6
CONTINUOUS
10
2.1192322047244092
20
0.8977521259842519
11
2.1191037007874014
21
0.8977053543307086
0
LINE
8
BLACK
6
CONTINUOUS
10
2.1191037007874014
20
0.8977053543307086
11
2.1289844094488188
21
0.8835901181102362
0
LINE
8
BLACK
6
CONTINUOUS
10
2.1289844094488188
20
0.8835901181102362
11
2.1294176771653541
21
0.8826606692913386
0
LINE
8
BLACK
6
CONTINUOUS
10
2.1294176771653541
20
0.8826606692913386
11
2.1292413385826769
21
0.8806485826771653
0
LINE
8
BLACK
6
CONTINUOUS
10
2.1292413385826769
20
0.8806485826771653
11
2.1278129133858266
21
0.8792205511811023
0
LINE
8
BLACK
6
CONTINUOUS
10
2.1278129133858266
20
0.8792205511811023
11
2.125800787401575
21
0.8790448031496063
0
LINE
8
BLACK
6
CONTINUOUS
10
2.125800787401575
20
0.8790448031496063
11
2.1241464173228346
21
0.8802035433070866
0
LINE
8
BLACK
6
CONTINUOUS
10
2.1241464173228346
20
0.8802035433070866
11
2.1119046850393701
21
0.8976917716535433
0
LINE
8
BLACK
6
CONTINUOUS
10
2.1119046850393701
20
0.8976917716535433
11
2.1070209842519683
21
0.8976917716535433
0
LINE
8
BLACK
6
CONTINUOUS
10
2.1070209842519683
20
0.8976917716535433
11
2.1070209842519683
21
0.8818968503937008
0
LINE
8
BLACK
6
CONTINUOUS
10
2.1070209842519683
20
0.8818968503937008
11
2.1068429133858269
21
0.8808869291338582
0
LINE
8
BLACK
6
CONTINUOUS
10
2.1068429133858269
20
0.8808869291338582
11
2.1055446062992127
21
0.8793396850393701
0
LINE
8
BLACK
6
CONTINUOUS
10
2.1055446062992127
20
0.8793396850393701
11
2.1035554724409447
21
0.8789889370078739
0
LINE
8
BLACK
6
CONTINUOUS
10
2.1035554724409447
20
0.8789889370078739
11
2.1018062992125985
21
0.8799988582677165
0
LINE
8
BLACK
6
CONTINUOUS
10
2.1018062992125985
20
0.8799988582677165
11
2.1011154724409447
21
0.8818968503937008
0
LINE
8
BLACK
6
CONTINUOUS
10
2.1011154724409447
20
0.8818968503937008
11
2.1011154724409447
21
0.9212669291338582
0
LINE
8
BLACK
6
CONTINUOUS
10
2.1011154724409447
20
0.9212669291338582
11
2.1011830708661416
21
0.9216504330708661
0
LINE
8
BLACK
6
CONTINUOUS
10
2.1011830708661416
20
0.9216504330708661
11
2.1011603149606297
21
0.92177968503937
0
LINE
8
BLACK
6
CONTINUOUS
10
2.1011603149606297
20
0.92177968503937
11
2.1012259055118108
21
0.9218932677165355
0
LINE
8
BLACK
6
CONTINUOUS
10
2.1012259055118108
20
0.9218932677165355
11
2.1012935433070865
21
0.9222768503937008
0
LINE
8
BLACK
6
CONTINUOUS
10
2.1012935433070865
20
0.9222768503937008
11
2.1017866535433072
21
0.9228645275590551
0
LINE
8
BLACK
6
CONTINUOUS
10
2.1017866535433072
20
0.9228645275590551
11
2.1021702362204726
21
0.9235288582677165
0
LINE
8
BLACK
6
CONTINUOUS
10
2.1021702362204726
20
0.9235288582677165
11
2.1024205511811025
21
0.9236199606299212
0
LINE
8
BLACK
6
CONTINUOUS
10
2.1024205511811025
20
0.9236199606299212
11
2.1025918503937007
21
0.9238240944881889
0
LINE
8
BLACK
6
CONTINUOUS
10
2.1025918503937007
20
0.9238240944881889
11
2.103347401574803
21
0.9239573228346456
0
LINE
8
BLACK
6
CONTINUOUS
10
2.103347401574803
20
0.9239573228346456
11
2.1040682283464567
21
0.92421968503937
0
LINE
8
BLACK
6
CONTINUOUS
10
2.1040682283464567
20
0.92421968503937
11
2.1190663385826771
21
0.92421968503937
0
LINE
8
BLACK
6
CONTINUOUS
10
2.1190663385826771
20
0.92421968503937
11
2.1200762598425196
21
0.9240416141732283
0
LINE
8
BLACK
6
CONTINUOUS
10
2.1070209842519683
20
0.9035972834645669
11
2.1183692913385825
21
0.9035972834645669
0
LINE
8
BLACK
6
CONTINUOUS
10
2.1183692913385825
20
0.9035972834645669
11
2.1210667716535432
21
0.9049460236220472
0
LINE
8
BLACK
6
CONTINUOUS
10
2.1210667716535432
20
0.9049460236220472
11
2.1222638976377954
21
0.9061431496062992
0
LINE
8
BLACK
6
CONTINUOUS
10
2.1222638976377954
20
0.9061431496062992
11
2.1236126377952758
21
0.9088406299212598
0
LINE
8
BLACK
6
CONTINUOUS
10
2.1236126377952758
20
0.9088406299212598
11
2.1236126377952758
21
0.9130708267716535
0
LINE
8
BLACK
6
CONTINUOUS
10
2.1236126377952758
20
0.9130708267716535
11
2.1222638976377954
21
0.9157683070866142
0
LINE
8
BLACK
6
CONTINUOUS
10
2.1222638976377954
20
0.9157683070866142
11
2.1210667716535432
21
0.9169654330708661
0
LINE
8
BLACK
6
CONTINUOUS
10
2.1210667716535432
20
0.9169654330708661
11
2.1183692913385825
21
0.9183141732283464
0
LINE
8
BLACK
6
CONTINUOUS
10
2.1183692913385825
20
0.9183141732283464
11
2.1070209842519683
21
0.9183141732283464
0
LINE
8
BLACK
6
CONTINUOUS
10
2.1070209842519683
20
0.9183141732283464
11
2.1070209842519683
21
0.9035972834645669
0
LINE
8
BLACK
6
CONTINUOUS
10
2.3625984251968504
20
0.9968503937007874
11
2.3639903543307086
21
0.9962738188976378
0
LINE
8
BLACK
6
CONTINUOUS
10
2.3639903543307086
20
0.9962738188976378
11
2.3645669291338582
21
0.9948818897637796
0
LINE
8
BLACK
6
CONTINUOUS
10
2.3645669291338582
20
0.9948818897637796
11
2.3645669291338582
21
0.8047244094488188
0
LINE
8
BLACK
6
CONTINUOUS
10
2.3645669291338582
20
0.8047244094488188
11
2.3639903543307086
21
0.8033324803149606
0
LINE
8
BLACK
6
CONTINUOUS
10
2.3639903543307086
20
0.8033324803149606
11
2.3625984251968504
21
0.802755905511811
0
LINE
8
BLACK
6
CONTINUOUS
10
2.3625984251968504
20
0.802755905511811
11
1.9874015748031495
21
0.802755905511811
0
LINE
8
BLACK
6
CONTINUOUS
10
1.9874015748031495
20
0.802755905511811
11
1.9860096456692913
21
0.8033324803149606
0
LINE
8
BLACK
6
CONTINUOUS
10
1.9860096456692913
20
0.8033324803149606
11
1.9854330708661416
21
0.8047244094488188
0
LINE
8
BLACK
6
CONTINUOUS
10
1.9854330708661416
20
0.8047244094488188
11
1.9854330708661416
21
0.9948818897637796
0
LINE
8
BLACK
6
CONTINUOUS
10
1.9854330708661416
20
0.9948818897637796
11
1.9860096456692913
21
0.9962738188976378
0
LINE
8
BLACK
6
CONTINUOUS
10
1.9860096456692913
20
0.9962738188976378
11
1.9874015748031495
21
0.9968503937007874
0
LINE
8
BLACK
6
CONTINUOUS
10
1.9874015748031495
20
0.9968503937007874
11
2.3625984251968504
21
0.9968503937007874
0
LINE
8
BLACK
6
CONTINUOUS
10
1.9893700787401574
20
0.9929133858267716
11
1.9893700787401574
21
0.8066929133858267
0
LINE
8
BLACK
6
CONTINUOUS
10
1.9893700787401574
20
0.8066929133858267
11
2.3606299212598425
21
0.8066929133858267
0
LINE
8
BLACK
6
CONTINUOUS
10
2.3606299212598425
20
0.8066929133858267
11
2.3606299212598425
21
0.9929133858267716
0
LINE
8
BLACK
6
CONTINUOUS
10
2.3606299212598425
20
0.9929133858267716
11
1.9893700787401574
21
0.9929133858267716
0
LINE
8
BLACK
6
CONTINUOUS
10
1.2109818110236221
20
0.8660149212598425
11
1.2116726377952756
21
0.8641169291338583
0
LINE
8
BLACK
6
CONTINUOUS
10
1.2116726377952756
20
0.8641169291338583
11
1.2116726377952756
21
0.8614453937007874
0
LINE
8
BLACK
6
CONTINUOUS
10
1.2116726377952756
20
0.8614453937007874
11
1.2218432677165354
21
0.8614453937007874
0
LINE
8
BLACK
6
CONTINUOUS
10
1.2218432677165354
20
0.8614453937007874
11
1.2228531889763778
21
0.8612673228346457
0
LINE
8
BLACK
6
CONTINUOUS
10
1.2228531889763778
20
0.8612673228346457
11
1.2244004330708662
21
0.8599690157480315
0
LINE
8
BLACK
6
CONTINUOUS
10
1.2244004330708662
20
0.8599690157480315
11
1.2247511811023621
21
0.8579798818897637
0
LINE
8
BLACK
6
CONTINUOUS
10
1.2247511811023621
20
0.8579798818897637
11
1.2237412598425197
21
0.8562307086614173
0
LINE
8
BLACK
6
CONTINUOUS
10
1.2237412598425197
20
0.8562307086614173
11
1.2218432677165354
21
0.8555398818897637
0
LINE
8
BLACK
6
CONTINUOUS
10
1.2218432677165354
20
0.8555398818897637
11
1.2116726377952756
21
0.8555398818897637
0
LINE
8
BLACK
6
CONTINUOUS
10
1.2116726377952756
20
0.8555398818897637
11
1.2116726377952756
21
0.839745
0
LINE
8
BLACK
6
CONTINUOUS
10
1.2116726377952756
20
0.839745
11
1.2114945669291339
21
0.8387350787401575
0
LINE
8
BLACK
6
CONTINUOUS
10
1.2114945669291339
20
0.8387350787401575
11
1.2113494881889764
21
0.8385622047244095
0
LINE
8
BLACK
6
CONTINUOUS
10
1.2113494881889764
20
0.8385622047244095
11
1.2113164173228346
21
0.8383390157480315
0
LINE
8
BLACK
6
CONTINUOUS
10
1.2113164173228346
20
0.8383390157480315
11
1.2107139370078739
21
0.8378047637795275
0
LINE
8
BLACK
6
CONTINUOUS
10
1.2107139370078739
20
0.8378047637795275
11
1.2101962598425196
21
0.8371878346456693
0
LINE
8
BLACK
6
CONTINUOUS
10
1.2101962598425196
20
0.8371878346456693
11
1.2099739763779527
21
0.8371486220472441
0
LINE
8
BLACK
6
CONTINUOUS
10
1.2099739763779527
20
0.8371486220472441
11
1.209805157480315
21
0.836998937007874
0
LINE
8
BLACK
6
CONTINUOUS
10
1.209805157480315
20
0.836998937007874
11
1.2090002755905511
21
0.8369769291338582
0
LINE
8
BLACK
6
CONTINUOUS
10
1.2090002755905511
20
0.8369769291338582
11
1.208207125984252
21
0.8368370866141732
0
LINE
8
BLACK
6
CONTINUOUS
10
1.208207125984252
20
0.8368370866141732
11
1.208011653543307
21
0.8369499212598425
0
LINE
8
BLACK
6
CONTINUOUS
10
1.208011653543307
20
0.8369499212598425
11
1.2077861023622047
21
0.8369437795275591
0
LINE
8
BLACK
6
CONTINUOUS
10
1.2077861023622047
20
0.8369437795275591
11
1.1796646850393699
21
0.8463175984251968
0
LINE
8
BLACK
6
CONTINUOUS
10
1.1796646850393699
20
0.8463175984251968
11
1.1787629133858268
21
0.846805905511811
0
LINE
8
BLACK
6
CONTINUOUS
10
1.1787629133858268
20
0.846805905511811
11
1.1777056299212598
21
0.8485268503937008
0
LINE
8
BLACK
6
CONTINUOUS
10
1.1777056299212598
20
0.8485268503937008
11
1.1780018897637794
21
0.850524842519685
0
LINE
8
BLACK
6
CONTINUOUS
10
1.1780018897637794
20
0.850524842519685
11
1.1795131102362204
21
0.8518648818897637
0
LINE
8
BLACK
6
CONTINUOUS
10
1.1795131102362204
20
0.8518648818897637
11
1.1815321653543307
21
0.8519200393700788
0
LINE
8
BLACK
6
CONTINUOUS
10
1.1815321653543307
20
0.8519200393700788
11
1.205767125984252
21
0.8438416929133858
0
LINE
8
BLACK
6
CONTINUOUS
10
1.205767125984252
20
0.8438416929133858
11
1.205767125984252
21
0.8555398818897637
0
LINE
8
BLACK
6
CONTINUOUS
10
1.205767125984252
20
0.8555398818897637
11
1.1955965354330709
21
0.8555398818897637
0
LINE
8
BLACK
6
CONTINUOUS
10
1.1955965354330709
20
0.8555398818897637
11
1.1945866141732284
21
0.8557179527559055
0
LINE
8
BLACK
6
CONTINUOUS
10
1.1945866141732284
20
0.8557179527559055
11
1.1930393700787401
21
0.8570162598425196
0
LINE
8
BLACK
6
CONTINUOUS
10
1.1930393700787401
20
0.8570162598425196
11
1.1926886220472441
21
0.8590053937007874
0
LINE
8
BLACK
6
CONTINUOUS
10
1.1926886220472441
20
0.8590053937007874
11
1.1936985433070866
21
0.8607545669291339
0
LINE
8
BLACK
6
CONTINUOUS
10
1.1936985433070866
20
0.8607545669291339
11
1.1955965354330709
21
0.8614453937007874
0
LINE
8
BLACK
6
CONTINUOUS
10
1.1955965354330709
20
0.8614453937007874
11
1.205767125984252
21
0.8614453937007874
0
LINE
8
BLACK
6
CONTINUOUS
10
1.205767125984252
20
0.8614453937007874
11
1.205767125984252
21
0.8641169291338583
0
LINE
8
BLACK
6
CONTINUOUS
10
1.205767125984252
20
0.8641169291338583
11
1.2059451968503936
21
0.8651268503937007
0
LINE
8
BLACK
6
CONTINUOUS
10
1.2059451968503936
20
0.8651268503937007
11
1.2072435039370077
21
0.866674094488189
0
LINE
8
BLACK
6
CONTINUOUS
10
1.2072435039370077
20
0.866674094488189
11
1.2092326377952756
21
0.867024842519685
0
LINE
8
BLACK
6
CONTINUOUS
10
1.2092326377952756
20
0.867024842519685
11
1.2109818110236221
21
0.8660149212598425
0
LINE
8
BLACK
6
CONTINUOUS
10
1.1832880708661417
20
0.9043457086614173
11
1.1836363385826771
21
0.9043262598425197
0
LINE
8
BLACK
6
CONTINUOUS
10
1.1836363385826771
20
0.9043262598425197
11
1.2230064173228345
21
0.8874533858267716
0
LINE
8
BLACK
6
CONTINUOUS
10
1.2230064173228345
20
0.8874533858267716
11
1.2238645275590552
21
0.8868918897637795
0
LINE
8
BLACK
6
CONTINUOUS
10
1.2238645275590552
20
0.8868918897637795
11
1.2247752362204725
21
0.8850890551181102
0
LINE
8
BLACK
6
CONTINUOUS
10
1.2247752362204725
20
0.8850890551181102
11
1.2243140551181102
21
0.8831225984251968
0
LINE
8
BLACK
6
CONTINUOUS
10
1.2243140551181102
20
0.8831225984251968
11
1.2226967716535433
21
0.8819126771653543
0
LINE
8
BLACK
6
CONTINUOUS
10
1.2226967716535433
20
0.8819126771653543
11
1.2206801181102362
21
0.8820253543307086
0
LINE
8
BLACK
6
CONTINUOUS
10
1.2206801181102362
20
0.8820253543307086
11
1.1854259448818898
21
0.8971342519685039
0
LINE
8
BLACK
6
CONTINUOUS
10
1.1854259448818898
20
0.8971342519685039
11
1.1854259448818898
21
0.8753655511811024
0
LINE
8
BLACK
6
CONTINUOUS
10
1.1854259448818898
20
0.8753655511811024
11
1.1852478740157479
21
0.8743556299212598
0
LINE
8
BLACK
6
CONTINUOUS
10
1.1852478740157479
20
0.8743556299212598
11
1.1839495669291338
21
0.8728083858267717
0
LINE
8
BLACK
6
CONTINUOUS
10
1.1839495669291338
20
0.8728083858267717
11
1.1819604330708662
21
0.8724576377952755
0
LINE
8
BLACK
6
CONTINUOUS
10
1.1819604330708662
20
0.8724576377952755
11
1.1802112598425196
21
0.8734675590551181
0
LINE
8
BLACK
6
CONTINUOUS
10
1.1802112598425196
20
0.8734675590551181
11
1.1795204330708662
21
0.8753655511811024
0
LINE
8
BLACK
6
CONTINUOUS
10
1.1795204330708662
20
0.8753655511811024
11
1.1795204330708662
21
0.9016122440944881
0
LINE
8
BLACK
6
CONTINUOUS
10
1.1795204330708662
20
0.9016122440944881
11
1.1796985039370078
21
0.9026221653543307
0
LINE
8
BLACK
6
CONTINUOUS
10
1.1796985039370078
20
0.9026221653543307
11
1.1799226771653544
21
0.9028893307086614
0
LINE
8
BLACK
6
CONTINUOUS
10
1.1799226771653544
20
0.9028893307086614
11
1.1800023622047244
21
0.9032290157480315
0
LINE
8
BLACK
6
CONTINUOUS
10
1.1800023622047244
20
0.9032290157480315
11
1.1805539763779527
21
0.9036416929133858
0
LINE
8
BLACK
6
CONTINUOUS
10
1.1805539763779527
20
0.9036416929133858
11
1.180996811023622
21
0.9041694094488189
0
LINE
8
BLACK
6
CONTINUOUS
10
1.180996811023622
20
0.9041694094488189
11
1.1813403543307086
21
0.9042299606299212
0
LINE
8
BLACK
6
CONTINUOUS
10
1.1813403543307086
20
0.9042299606299212
11
1.1816196850393701
21
0.904438937007874
0
LINE
8
BLACK
6
CONTINUOUS
10
1.1816196850393701
20
0.904438937007874
11
1.1823074015748032
21
0.9044004724409449
0
LINE
8
BLACK
6
CONTINUOUS
10
1.1823074015748032
20
0.9044004724409449
11
1.1829859448818898
21
0.9045201574803149
0
LINE
8
BLACK
6
CONTINUOUS
10
1.1829859448818898
20
0.9045201574803149
11
1.1832880708661417
21
0.9043457086614173
0
LINE
8
BLACK
6
CONTINUOUS
10
1.2074254724409448
20
0.9400831889763779
11
1.2075612598425196
21
0.9400974015748031
0
LINE
8
BLACK
6
CONTINUOUS
10
1.2075612598425196
20
0.9400974015748031
11
1.2150603149606298
21
0.9382226377952756
0
LINE
8
BLACK
6
CONTINUOUS
10
1.2150603149606298
20
0.9382226377952756
11
1.215525748031496
21
0.9380150393700787
0
LINE
8
BLACK
6
CONTINUOUS
10
1.215525748031496
20
0.9380150393700787
11
1.21566468503937
21
0.9379990551181102
0
LINE
8
BLACK
6
CONTINUOUS
10
1.21566468503937
20
0.9379990551181102
11
1.2194142125984251
21
0.9361242913385827
0
LINE
8
BLACK
6
CONTINUOUS
10
1.2194142125984251
20
0.9361242913385827
11
1.2201231889763779
21
0.9355984251968503
0
LINE
8
BLACK
6
CONTINUOUS
10
1.2201231889763779
20
0.9355984251968503
11
1.2201815748031495
21
0.9355712204724409
0
LINE
8
BLACK
6
CONTINUOUS
10
1.2201815748031495
20
0.9355712204724409
11
1.2220563779527558
21
0.9336964566929133
0
LINE
8
BLACK
6
CONTINUOUS
10
1.2220563779527558
20
0.9336964566929133
11
1.2225627559055119
21
0.9329732677165354
0
LINE
8
BLACK
6
CONTINUOUS
10
1.2225627559055119
20
0.9329732677165354
11
1.2226095275590552
21
0.9329290157480314
0
LINE
8
BLACK
6
CONTINUOUS
10
1.2226095275590552
20
0.9329290157480314
11
1.2244842913385827
21
0.9291794881889763
0
LINE
8
BLACK
6
CONTINUOUS
10
1.2244842913385827
20
0.9291794881889763
11
1.2247766535433071
21
0.9281965748031495
0
LINE
8
BLACK
6
CONTINUOUS
10
1.2247766535433071
20
0.9281965748031495
11
1.2247356299212597
21
0.928024842519685
0
LINE
8
BLACK
6
CONTINUOUS
10
1.2247356299212597
20
0.928024842519685
11
1.2247960236220472
21
0.9278589763779528
0
LINE
8
BLACK
6
CONTINUOUS
10
1.2247960236220472
20
0.9278589763779528
11
1.2247960236220472
21
0.9241094488188977
0
LINE
8
BLACK
6
CONTINUOUS
10
1.2247960236220472
20
0.9241094488188977
11
1.2246179527559056
21
0.9230995275590551
0
LINE
8
BLACK
6
CONTINUOUS
10
1.2246179527559056
20
0.9230995275590551
11
1.2245044488188976
21
0.922964251968504
0
LINE
8
BLACK
6
CONTINUOUS
10
1.2245044488188976
20
0.922964251968504
11
1.2244842913385827
21
0.922788937007874
0
LINE
8
BLACK
6
CONTINUOUS
10
1.2244842913385827
20
0.922788937007874
11
1.2226095275590552
21
0.9190394094488189
0
LINE
8
BLACK
6
CONTINUOUS
10
1.2226095275590552
20
0.9190394094488189
11
1.2220835433070867
21
0.9183302755905511
0
LINE
8
BLACK
6
CONTINUOUS
10
1.2220835433070867
20
0.9183302755905511
11
1.2220563779527558
21
0.918271968503937
0
LINE
8
BLACK
6
CONTINUOUS
10
1.2220563779527558
20
0.918271968503937
11
1.2201815748031495
21
0.9163972047244094
0
LINE
8
BLACK
6
CONTINUOUS
10
1.2201815748031495
20
0.9163972047244094
11
1.2194585039370078
21
0.915890905511811
0
LINE
8
BLACK
6
CONTINUOUS
10
1.2194585039370078
20
0.915890905511811
11
1.2194142125984251
21
0.9158441338582677
0
LINE
8
BLACK
6
CONTINUOUS
10
1.2194142125984251
20
0.9158441338582677
11
1.21566468503937
21
0.9139693700787401
0
LINE
8
BLACK
6
CONTINUOUS
10
1.21566468503937
20
0.9139693700787401
11
1.215176220472441
21
0.9138240551181103
0
LINE
8
BLACK
6
CONTINUOUS
10
1.215176220472441
20
0.9138240551181103
11
1.2150603149606298
21
0.9137457874015747
0
LINE
8
BLACK
6
CONTINUOUS
10
1.2150603149606298
20
0.9137457874015747
11
1.2075612598425196
21
0.9118710236220472
0
LINE
8
BLACK
6
CONTINUOUS
10
1.2075612598425196
20
0.9118710236220472
11
1.206973346456693
21
0.9118295275590551
0
LINE
8
BLACK
6
CONTINUOUS
10
1.206973346456693
20
0.9118295275590551
11
1.2068451181102362
21
0.911782874015748
0
LINE
8
BLACK
6
CONTINUOUS
10
1.2068451181102362
20
0.911782874015748
11
1.1974712992125984
21
0.911782874015748
0
LINE
8
BLACK
6
CONTINUOUS
10
1.1974712992125984
20
0.911782874015748
11
1.1968909055118111
21
0.9118851968503937
0
LINE
8
BLACK
6
CONTINUOUS
10
1.1968909055118111
20
0.9118851968503937
11
1.196755157480315
21
0.9118710236220472
0
LINE
8
BLACK
6
CONTINUOUS
10
1.196755157480315
20
0.9118710236220472
11
1.1892561023622048
21
0.9137457874015747
0
LINE
8
BLACK
6
CONTINUOUS
10
1.1892561023622048
20
0.9137457874015747
11
1.1887906299212598
21
0.9139533464566929
0
LINE
8
BLACK
6
CONTINUOUS
10
1.1887906299212598
20
0.9139533464566929
11
1.1886517322834644
21
0.9139693700787401
0
LINE
8
BLACK
6
CONTINUOUS
10
1.1886517322834644
20
0.9139693700787401
11
1.1849022047244093
21
0.9158441338582677
0
LINE
8
BLACK
6
CONTINUOUS
10
1.1849022047244093
20
0.9158441338582677
11
1.1841931102362204
21
0.91637
0
LINE
8
BLACK
6
CONTINUOUS
10
1.1841931102362204
20
0.91637
11
1.1841348031496062
21
0.9163972440944882
0
LINE
8
BLACK
6
CONTINUOUS
10
1.1841348031496062
20
0.9163972440944882
11
1.1822600393700786
21
0.9182720078740157
0
LINE
8
BLACK
6
CONTINUOUS
10
1.1822600393700786
20
0.9182720078740157
11
1.1817537401574802
21
0.9189950787401575
0
LINE
8
BLACK
6
CONTINUOUS
10
1.1817537401574802
20
0.9189950787401575
11
1.1817069291338582
21
0.9190394094488189
0
LINE
8
BLACK
6
CONTINUOUS
10
1.1817069291338582
20
0.9190394094488189
11
1.1798321653543307
21
0.922788937007874
0
LINE
8
BLACK
6
CONTINUOUS
10
1.1798321653543307
20
0.922788937007874
11
1.1795398031496063
21
0.9237718897637796
0
LINE
8
BLACK
6
CONTINUOUS
10
1.1795398031496063
20
0.9237718897637796
11
1.1795807874015747
21
0.9239435433070866
0
LINE
8
BLACK
6
CONTINUOUS
10
1.1795807874015747
20
0.9239435433070866
11
1.1795204330708662
21
0.9241094488188977
0
LINE
8
BLACK
6
CONTINUOUS
10
1.1795204330708662
20
0.9241094488188977
11
1.1795204330708662
21
0.9278589763779528
0
LINE
8
BLACK
6
CONTINUOUS
10
1.1795204330708662
20
0.9278589763779528
11
1.1796985039370078
21
0.9288688976377952
0
LINE
8
BLACK
6
CONTINUOUS
10
1.1796985039370078
20
0.9288688976377952
11
1.179811968503937
21
0.9290041338582677
0
LINE
8
BLACK
6
CONTINUOUS
10
1.179811968503937
20
0.9290041338582677
11
1.1798321653543307
21
0.9291794881889763
0
LINE
8
BLACK
6
CONTINUOUS
10
1.1798321653543307
20
0.9291794881889763
11
1.1817069291338582
21
0.9329290157480314
0
LINE
8
BLACK
6
CONTINUOUS
10
1.1817069291338582
20
0.9329290157480314
11
1.1822328346456692
21
0.9336380708661417
0
LINE
8
BLACK
6
CONTINUOUS
10
1.1822328346456692
20
0.9336380708661417
11
1.1822600393700786
21
0.9336964173228346
0
LINE
8
BLACK
6
CONTINUOUS
10
1.1822600393700786
20
0.9336964173228346
11
1.1841348031496062
21
0.9355711811023621
0
LINE
8
BLACK
6
CONTINUOUS
10
1.1841348031496062
20
0.9355711811023621
11
1.184857874015748
21
0.9360774409448819
0
LINE
8
BLACK
6
CONTINUOUS
10
1.184857874015748
20
0.9360774409448819
11
1.1849022047244093
21
0.9361242913385827
0
LINE
8
BLACK
6
CONTINUOUS
10
1.1849022047244093
20
0.9361242913385827
11
1.1886517322834644
21
0.9379990551181102
0
LINE
8
BLACK
6
CONTINUOUS
10
1.1886517322834644
20
0.9379990551181102
11
1.1891401574803149
21
0.9381443307086614
0
LINE
8
BLACK
6
CONTINUOUS
10
1.1891401574803149
20
0.9381443307086614
11
1.1892561023622048
21
0.9382226377952756
0
LINE
8
BLACK
6
CONTINUOUS
10
1.1892561023622048
20
0.9382226377952756
11
1.196755157480315
21
0.9400974015748031
0
LINE
8
BLACK
6
CONTINUOUS
10
1.196755157480315
20
0.9400974015748031
11
1.1973430314960629
21
0.9401388582677165
0
LINE
8
BLACK
6
CONTINUOUS
10
1.1973430314960629
20
0.9401388582677165
11
1.1974712992125984
21
0.9401855511811024
0
LINE
8
BLACK
6
CONTINUOUS
10
1.1974712992125984
20
0.9401855511811024
11
1.2068451181102362
21
0.9401855511811024
0
LINE
8
BLACK
6
CONTINUOUS
10
1.2068451181102362
20
0.9401855511811024
11
1.2074254724409448
21
0.9400831889763779
0
LINE
8
BLACK
6
CONTINUOUS
10
1.1910027952755906
20
0.9325720078740157
11
1.1879718110236219
21
0.9310565354330709
0
LINE
8
BLACK
6
CONTINUOUS
10
1.1879718110236219
20
0.9310565354330709
11
1.1867746850393701
21
0.9298594094488188
0
LINE
8
BLACK
6
CONTINUOUS
10
1.1867746850393701
20
0.9298594094488188
11
1.1854259448818898
21
0.9271619291338582
0
LINE
8
BLACK
6
CONTINUOUS
10
1.1854259448818898
20
0.9271619291338582
11
1.1854259448818898
21
0.9248064960629921
0
LINE
8
BLACK
6
CONTINUOUS
10
1.1854259448818898
20
0.9248064960629921
11
1.1867746850393701
21
0.9221090157480315
0
LINE
8
BLACK
6
CONTINUOUS
10
1.1867746850393701
20
0.9221090157480315
11
1.1879718110236219
21
0.9209118897637795
0
LINE
8
BLACK
6
CONTINUOUS
10
1.1879718110236219
20
0.9209118897637795
11
1.1910027952755906
21
0.9193963779527559
0
LINE
8
BLACK
6
CONTINUOUS
10
1.1910027952755906
20
0.9193963779527559
11
1.197834842519685
21
0.9176883858267716
0
LINE
8
BLACK
6
CONTINUOUS
10
1.197834842519685
20
0.9176883858267716
11
1.2064815748031497
21
0.9176883858267716
0
LINE
8
BLACK
6
CONTINUOUS
10
1.2064815748031497
20
0.9176883858267716
11
1.213313622047244
21
0.9193963779527559
0
LINE
8
BLACK
6
CONTINUOUS
10
1.213313622047244
20
0.9193963779527559
11
1.2163446062992125
21
0.9209118897637795
0
LINE
8
BLACK
6
CONTINUOUS
10
1.2163446062992125
20
0.9209118897637795
11
1.2175417716535433
21
0.9221090157480315
0
LINE
8
BLACK
6
CONTINUOUS
10
1.2175417716535433
20
0.9221090157480315
11
1.2188905118110236
21
0.9248064960629921
0
LINE
8
BLACK
6
CONTINUOUS
10
1.2188905118110236
20
0.9248064960629921
11
1.2188905118110236
21
0.9271619291338582
0
LINE
8
BLACK
6
CONTINUOUS
10
1.2188905118110236
20
0.9271619291338582
11
1.2175417716535433
21
0.9298593700787401
0
LINE
8
BLACK
6
CONTINUOUS
10
1.2175417716535433
20
0.9298593700787401
11
1.2163446062992125
21
0.9310564960629921
0
LINE
8
BLACK
6
CONTINUOUS
10
1.2163446062992125
20
0.9310564960629921
11
1.213313622047244
21
0.9325720078740157
0
LINE
8
BLACK
6
CONTINUOUS
10
1.213313622047244
20
0.9325720078740157
11
1.2064815748031497
21
0.9342800393700788
0
LINE
8
BLACK
6
CONTINUOUS
10
1.2064815748031497
20
0.9342800393700788
11
1.197834842519685
21
0.9342800393700788
0
LINE
8
BLACK
6
CONTINUOUS
10
1.197834842519685
20
0.9342800393700788
11
1.1910027952755906
21
0.9325720078740157
0
LINE
8
BLACK
6
CONTINUOUS
10
1.9058082283464566
20
0.9621766141732283
11
1.9061738976377953
21
0.9621506692913385
0
LINE
8
BLACK
6
CONTINUOUS
10
1.9061738976377953
20
0.9621506692913385
11
1.9080486614173229
21
0.9612132677165354
0
LINE
8
BLACK
6
CONTINUOUS
10
1.9080486614173229
20
0.9612132677165354
11
1.9082184251968504
21
0.9610174803149606
0
LINE
8
BLACK
6
CONTINUOUS
10
1.9082184251968504
20
0.9610174803149606
11
1.9084579133858268
21
0.9609183070866142
0
LINE
8
BLACK
6
CONTINUOUS
10
1.9084579133858268
20
0.9609183070866142
11
1.90939531496063
21
0.9599809448818898
0
LINE
8
BLACK
6
CONTINUOUS
10
1.90939531496063
20
0.9599809448818898
11
1.9094945275590551
21
0.9597413779527559
0
LINE
8
BLACK
6
CONTINUOUS
10
1.9094945275590551
20
0.9597413779527559
11
1.9096903149606299
21
0.9595716141732283
0
LINE
8
BLACK
6
CONTINUOUS
10
1.9096903149606299
20
0.9595716141732283
11
1.9106276771653543
21
0.9576968897637795
0
LINE
8
BLACK
6
CONTINUOUS
10
1.9106276771653543
20
0.9576968897637795
11
1.9106536220472441
21
0.9573312204724409
0
LINE
8
BLACK
6
CONTINUOUS
10
1.9106536220472441
20
0.9573312204724409
11
1.9107939370078739
21
0.9569925984251968
0
LINE
8
BLACK
6
CONTINUOUS
10
1.9107939370078739
20
0.9569925984251968
11
1.9107939370078739
21
0.9541804330708661
0
LINE
8
BLACK
6
CONTINUOUS
10
1.9107939370078739
20
0.9541804330708661
11
1.9106536220472441
21
0.9538417716535433
0
LINE
8
BLACK
6
CONTINUOUS
10
1.9106536220472441
20
0.9538417716535433
11
1.9106276771653543
21
0.9534761417322835
0
LINE
8
BLACK
6
CONTINUOUS
10
1.9106276771653543
20
0.9534761417322835
11
1.9096903149606299
21
0.9516014173228347
0
LINE
8
BLACK
6
CONTINUOUS
10
1.9096903149606299
20
0.9516014173228347
11
1.9094945275590551
21
0.9514316141732283
0
LINE
8
BLACK
6
CONTINUOUS
10
1.9094945275590551
20
0.9514316141732283
11
1.90939531496063
21
0.9511920866141732
0
LINE
8
BLACK
6
CONTINUOUS
10
1.90939531496063
20
0.9511920866141732
11
1.9084579133858268
21
0.9502547244094488
0
LINE
8
BLACK
6
CONTINUOUS
10
1.9084579133858268
20
0.9502547244094488
11
1.9082184251968504
21
0.9501555118110236
0
LINE
8
BLACK
6
CONTINUOUS
10
1.9082184251968504
20
0.9501555118110236
11
1.9080486614173229
21
0.9499597637795275
0
LINE
8
BLACK
6
CONTINUOUS
10
1.9080486614173229
20
0.9499597637795275
11
1.9061738976377953
21
0.9490223622047244
0
LINE
8
BLACK
6
CONTINUOUS
10
1.9061738976377953
20
0.9490223622047244
11
1.9058082283464566
21
0.9489963779527559
0
LINE
8
BLACK
6
CONTINUOUS
10
1.9058082283464566
20
0.9489963779527559
11
1.9056343307086614
21
0.9489243307086614
0
LINE
8
BLACK
6
CONTINUOUS
10
1.9056343307086614
20
0.9489243307086614
11
1.9105092519685039
21
0.9419601574803149
0
LINE
8
BLACK
6
CONTINUOUS
10
1.9105092519685039
20
0.9419601574803149
11
1.9107699606299213
21
0.9407833858267717
0
LINE
8
BLACK
6
CONTINUOUS
10
1.9107699606299213
20
0.9407833858267717
11
1.9101222440944881
21
0.9397669291338583
0
LINE
8
BLACK
6
CONTINUOUS
10
1.9101222440944881
20
0.9397669291338583
11
1.9089454724409449
21
0.9395062598425197
0
LINE
8
BLACK
6
CONTINUOUS
10
1.9089454724409449
20
0.9395062598425197
11
1.9079290157480315
21
0.9401539763779527
0
LINE
8
BLACK
6
CONTINUOUS
10
1.9079290157480315
20
0.9401539763779527
11
1.901837559055118
21
0.9488561023622047
0
LINE
8
BLACK
6
CONTINUOUS
10
1.901837559055118
20
0.9488561023622047
11
1.8995453543307086
21
0.9488561023622047
0
LINE
8
BLACK
6
CONTINUOUS
10
1.8995453543307086
20
0.9488561023622047
11
1.8995453543307086
21
0.9410570866141732
0
LINE
8
BLACK
6
CONTINUOUS
10
1.8995453543307086
20
0.9410570866141732
11
1.8990840944881888
21
0.9399435433070866
0
LINE
8
BLACK
6
CONTINUOUS
10
1.8990840944881888
20
0.9399435433070866
11
1.8979705511811023
21
0.9394822834645669
0
LINE
8
BLACK
6
CONTINUOUS
10
1.8979705511811023
20
0.9394822834645669
11
1.8968570078740157
21
0.9399435433070866
0
LINE
8
BLACK
6
CONTINUOUS
10
1.8968570078740157
20
0.9399435433070866
11
1.8963957480314959
21
0.9410570866141732
0
LINE
8
BLACK
6
CONTINUOUS
10
1.8963957480314959
20
0.9410570866141732
11
1.8963957480314959
21
0.9607421259842519
0
LINE
8
BLACK
6
CONTINUOUS
10
1.8963957480314959
20
0.9607421259842519
11
1.8968570078740157
21
0.9618556692913386
0
LINE
8
BLACK
6
CONTINUOUS
10
1.8968570078740157
20
0.9618556692913386
11
1.8979705511811023
21
0.9623169291338582
0
LINE
8
BLACK
6
CONTINUOUS
10
1.8979705511811023
20
0.9623169291338582
11
1.9054696062992125
21
0.9623169291338582
0
LINE
8
BLACK
6
CONTINUOUS
10
1.9054696062992125
20
0.9623169291338582
11
1.9058082283464566
21
0.9621766141732283
0
LINE
8
BLACK
6
CONTINUOUS
10
1.8995453543307086
20
0.9520057086614173
11
1.9050978346456693
21
0.9520057086614173
0
LINE
8
BLACK
6
CONTINUOUS
10
1.9050978346456693
20
0.9520057086614173
11
1.9064114960629921
21
0.9526625590551181
0
LINE
8
BLACK
6
CONTINUOUS
10
1.9064114960629921
20
0.9526625590551181
11
1.9069875196850394
21
0.9532385039370078
0
LINE
8
BLACK
6
CONTINUOUS
10
1.9069875196850394
20
0.9532385039370078
11
1.9076443307086615
21
0.954552125984252
0
LINE
8
BLACK
6
CONTINUOUS
10
1.9076443307086615
20
0.954552125984252
11
1.9076443307086615
21
0.9566208661417323
0
LINE
8
BLACK
6
CONTINUOUS
10
1.9076443307086615
20
0.9566208661417323
11
1.9069875196850394
21
0.9579344881889763
0
LINE
8
BLACK
6
CONTINUOUS
10
1.9069875196850394
20
0.9579344881889763
11
1.9064114960629921
21
0.9585104330708661
0
LINE
8
BLACK
6
CONTINUOUS
10
1.9064114960629921
20
0.9585104330708661
11
1.9050978346456693
21
0.9591673228346457
0
LINE
8
BLACK
6
CONTINUOUS
10
1.9050978346456693
20
0.9591673228346457
11
1.8995453543307086
21
0.9591673228346457
0
LINE
8
BLACK
6
CONTINUOUS
10
1.8995453543307086
20
0.9591673228346457
11
1.8995453543307086
21
0.9520057086614173
0
LINE
8
BLACK
6
CONTINUOUS
10
1.9228136614173228
20
0.9623838188976378
11
1.922899094488189
21
0.9611815354330708
0
LINE
8
BLACK
6
CONTINUOUS
10
1.922899094488189
20
0.9611815354330708
11
1.9189031496062992
21
0.9491935826771654
0
LINE
8
BLACK
6
CONTINUOUS
10
1.9189031496062992
20
0.9491935826771654
11
1.9245172440944882
21
0.9491935826771654
0
LINE
8
BLACK
6
CONTINUOUS
10
1.9245172440944882
20
0.9491935826771654
11
1.9245172440944882
21
0.9541804330708661
0
LINE
8
BLACK
6
CONTINUOUS
10
1.9245172440944882
20
0.9541804330708661
11
1.9249785039370078
21
0.9552939763779528
0
LINE
8
BLACK
6
CONTINUOUS
10
1.9249785039370078
20
0.9552939763779528
11
1.9260920472440946
21
0.9557552362204724
0
LINE
8
BLACK
6
CONTINUOUS
10
1.9260920472440946
20
0.9557552362204724
11
1.9272055905511811
21
0.9552939763779528
0
LINE
8
BLACK
6
CONTINUOUS
10
1.9272055905511811
20
0.9552939763779528
11
1.9276668503937007
21
0.9541804330708661
0
LINE
8
BLACK
6
CONTINUOUS
10
1.9276668503937007
20
0.9541804330708661
11
1.9276668503937007
21
0.9491935826771654
0
LINE
8
BLACK
6
CONTINUOUS
10
1.9276668503937007
20
0.9491935826771654
11
1.9289041732283465
21
0.9491935826771654
0
LINE
8
BLACK
6
CONTINUOUS
10
1.9289041732283465
20
0.9491935826771654
11
1.9300177165354331
21
0.9487323228346457
0
LINE
8
BLACK
6
CONTINUOUS
10
1.9300177165354331
20
0.9487323228346457
11
1.9304789763779526
21
0.947618779527559
0
LINE
8
BLACK
6
CONTINUOUS
10
1.9304789763779526
20
0.947618779527559
11
1.9300177165354331
21
0.9465052362204724
0
LINE
8
BLACK
6
CONTINUOUS
10
1.9300177165354331
20
0.9465052362204724
11
1.9289041732283465
21
0.9460439763779528
0
LINE
8
BLACK
6
CONTINUOUS
10
1.9289041732283465
20
0.9460439763779528
11
1.9276668503937007
21
0.9460439763779528
0
LINE
8
BLACK
6
CONTINUOUS
10
1.9276668503937007
20
0.9460439763779528
11
1.9276668503937007
21
0.9410570866141732
0
LINE
8
BLACK
6
CONTINUOUS
10
1.9276668503937007
20
0.9410570866141732
11
1.9272055905511811
21
0.9399435433070866
0
LINE
8
BLACK
6
CONTINUOUS
10
1.9272055905511811
20
0.9399435433070866
11
1.9260920472440946
21
0.9394822834645669
0
LINE
8
BLACK
6
CONTINUOUS
10
1.9260920472440946
20
0.9394822834645669
11
1.9249785039370078
21
0.9399435433070866
0
LINE
8
BLACK
6
CONTINUOUS
10
1.9249785039370078
20
0.9399435433070866
11
1.9245172440944882
21
0.9410570866141732
0
LINE
8
BLACK
6
CONTINUOUS
10
1.9245172440944882
20
0.9410570866141732
11
1.9245172440944882
21
0.9460439763779528
0
LINE
8
BLACK
6
CONTINUOUS
10
1.9245172440944882
20
0.9460439763779528
11
1.9167182283464566
21
0.9460439763779528
0
LINE
8
BLACK
6
CONTINUOUS
10
1.9167182283464566
20
0.9460439763779528
11
1.9164787401574803
21
0.9461431496062992
0
LINE
8
BLACK
6
CONTINUOUS
10
1.9164787401574803
20
0.9461431496062992
11
1.9162202362204723
21
0.9461248031496062
0
LINE
8
BLACK
6
CONTINUOUS
10
1.9162202362204723
20
0.9461248031496062
11
1.9159433070866141
21
0.9463649212598425
0
LINE
8
BLACK
6
CONTINUOUS
10
1.9159433070866141
20
0.9463649212598425
11
1.91560468503937
21
0.9465052362204724
0
LINE
8
BLACK
6
CONTINUOUS
10
1.91560468503937
20
0.9465052362204724
11
1.9155054724409448
21
0.94674468503937
0
LINE
8
BLACK
6
CONTINUOUS
10
1.9155054724409448
20
0.94674468503937
11
1.91530968503937
21
0.9469145275590551
0
LINE
8
BLACK
6
CONTINUOUS
10
1.91530968503937
20
0.9469145275590551
11
1.9152837007874015
21
0.9472801181102362
0
LINE
8
BLACK
6
CONTINUOUS
10
1.9152837007874015
20
0.9472801181102362
11
1.9151434251968504
21
0.947618779527559
0
LINE
8
BLACK
6
CONTINUOUS
10
1.9151434251968504
20
0.947618779527559
11
1.9152425984251968
21
0.9478582283464567
0
LINE
8
BLACK
6
CONTINUOUS
10
1.9152425984251968
20
0.9478582283464567
11
1.9152242519685039
21
0.9481167716535432
0
LINE
8
BLACK
6
CONTINUOUS
10
1.9152242519685039
20
0.9481167716535432
11
1.9199111417322834
21
0.9621775196850394
0
LINE
8
BLACK
6
CONTINUOUS
10
1.9199111417322834
20
0.9621775196850394
11
1.9207008661417322
21
0.9630880708661417
0
LINE
8
BLACK
6
CONTINUOUS
10
1.9207008661417322
20
0.9630880708661417
11
1.9219031102362205
21
0.9631735433070866
0
LINE
8
BLACK
6
CONTINUOUS
10
1.9219031102362205
20
0.9631735433070866
11
1.9228136614173228
21
0.9623838188976378
0
LINE
8
BLACK
6
CONTINUOUS
10
1.9518700787401575
20
0.9755905511811024
11
1.9532620078740157
21
0.9750139763779527
0
LINE
8
BLACK
6
CONTINUOUS
10
1.9532620078740157
20
0.9750139763779527
11
1.9538385826771654
21
0.9736220472440945
0
LINE
8
BLACK
6
CONTINUOUS
10
1.9538385826771654
20
0.9736220472440945
11
1.9538385826771654
21
0.9263779527559055
0
LINE
8
BLACK
6
CONTINUOUS
10
1.9538385826771654
20
0.9263779527559055
11
1.9532620078740157
21
0.9249860236220472
0
LINE
8
BLACK
6
CONTINUOUS
10
1.9532620078740157
20
0.9249860236220472
11
1.9518700787401575
21
0.9244094488188976
0
LINE
8
BLACK
6
CONTINUOUS
10
1.9518700787401575
20
0.9244094488188976
11
1.8731299212598425
21
0.9244094488188976
0
LINE
8
BLACK
6
CONTINUOUS
10
1.8731299212598425
20
0.9244094488188976
11
1.8717379921259842
21
0.9249860236220472
0
LINE
8
BLACK
6
CONTINUOUS
10
1.8717379921259842
20
0.9249860236220472
11
1.8711614173228346
21
0.9263779527559055
0
LINE
8
BLACK
6
CONTINUOUS
10
1.8711614173228346
20
0.9263779527559055
11
1.8711614173228346
21
0.9736220472440945
0
LINE
8
BLACK
6
CONTINUOUS
10
1.8711614173228346
20
0.9736220472440945
11
1.8717379921259842
21
0.9750139763779527
0
LINE
8
BLACK
6
CONTINUOUS
10
1.8717379921259842
20
0.9750139763779527
11
1.8731299212598425
21
0.9755905511811024
0
LINE
8
BLACK
6
CONTINUOUS
10
1.8731299212598425
20
0.9755905511811024
11
1.9518700787401575
21
0.9755905511811024
0
LINE
8
BLACK
6
CONTINUOUS
10
1.8750984251968503
20
0.9716535433070866
11
1.8750984251968503
21
0.9283464566929134
0
LINE
8
BLACK
6
CONTINUOUS
10
1.8750984251968503
20
0.9283464566929134
11
1.9499015748031496
21
0.9283464566929134
0
LINE
8
BLACK
6
CONTINUOUS
10
1.9499015748031496
20
0.9283464566929134
11
1.9499015748031496
21
0.9716535433070866
0
LINE
8
BLACK
6
CONTINUOUS
10
1.9499015748031496
20
0.9716535433070866
11
1.8750984251968503
21
0.9716535433070866
0
LINE
8
BLACK
6
CONTINUOUS
10
1.2228531889763778
20
0.9737532677165354
11
1.2244004330708662
21
0.9724549606299212
0
LINE
8
BLACK
6
CONTINUOUS
10
1.2244004330708662
20
0.9724549606299212
11
1.2247511811023621
21
0.9704658267716535
0
LINE
8
BLACK
6
CONTINUOUS
10
1.2247511811023621
20
0.9704658267716535
11
1.2237412598425197
21
0.968716653543307
0
LINE
8
BLACK
6
CONTINUOUS
10
1.2237412598425197
20
0.968716653543307
11
1.2235061417322834
21
0.968631062992126
0
LINE
8
BLACK
6
CONTINUOUS
10
1.2235061417322834
20
0.968631062992126
11
1.2244842913385827
21
0.9666748031496063
0
LINE
8
BLACK
6
CONTINUOUS
10
1.2244842913385827
20
0.9666748031496063
11
1.2247766535433071
21
0.9656918897637795
0
LINE
8
BLACK
6
CONTINUOUS
10
1.2247766535433071
20
0.9656918897637795
11
1.2247356299212597
21
0.9655201574803149
0
LINE
8
BLACK
6
CONTINUOUS
10
1.2247356299212597
20
0.9655201574803149
11
1.2247960236220472
21
0.9653542913385826
0
LINE
8
BLACK
6
CONTINUOUS
10
1.2247960236220472
20
0.9653542913385826
11
1.2247960236220472
21
0.95973
0
LINE
8
BLACK
6
CONTINUOUS
10
1.2247960236220472
20
0.95973
11
1.2246179527559056
21
0.9587200787401574
0
LINE
8
BLACK
6
CONTINUOUS
10
1.2246179527559056
20
0.9587200787401574
11
1.2245044488188976
21
0.9585848031496063
0
LINE
8
BLACK
6
CONTINUOUS
10
1.2245044488188976
20
0.9585848031496063
11
1.2244842913385827
21
0.9584094881889763
0
LINE
8
BLACK
6
CONTINUOUS
10
1.2244842913385827
20
0.9584094881889763
11
1.2226095275590552
21
0.9546599606299212
0
LINE
8
BLACK
6
CONTINUOUS
10
1.2226095275590552
20
0.9546599606299212
11
1.2219986220472441
21
0.9538362992125984
0
LINE
8
BLACK
6
CONTINUOUS
10
1.2219986220472441
20
0.9538362992125984
11
1.2215929133858268
21
0.9536604330708661
0
LINE
8
BLACK
6
CONTINUOUS
10
1.2215929133858268
20
0.9536604330708661
11
1.2212890157480314
21
0.9533394488188977
0
LINE
8
BLACK
6
CONTINUOUS
10
1.2212890157480314
20
0.9533394488188977
11
1.2175394488188975
21
0.9514646850393701
0
LINE
8
BLACK
6
CONTINUOUS
10
1.2175394488188975
20
0.9514646850393701
11
1.216556496062992
21
0.9511722834645669
0
LINE
8
BLACK
6
CONTINUOUS
10
1.216556496062992
20
0.9511722834645669
11
1.2163847637795275
21
0.9512133070866141
0
LINE
8
BLACK
6
CONTINUOUS
10
1.2163847637795275
20
0.9512133070866141
11
1.216218937007874
21
0.9511529527559055
0
LINE
8
BLACK
6
CONTINUOUS
10
1.216218937007874
20
0.9511529527559055
11
1.1955965354330709
21
0.9511529527559055
0
LINE
8
BLACK
6
CONTINUOUS
10
1.1955965354330709
20
0.9511529527559055
11
1.1945866141732284
21
0.9513310236220472
0
LINE
8
BLACK
6
CONTINUOUS
10
1.1945866141732284
20
0.9513310236220472
11
1.1930393700787401
21
0.9526293307086614
0
LINE
8
BLACK
6
CONTINUOUS
10
1.1930393700787401
20
0.9526293307086614
11
1.1926886220472441
21
0.9546184645669291
0
LINE
8
BLACK
6
CONTINUOUS
10
1.1926886220472441
20
0.9546184645669291
11
1.1936985433070866
21
0.9563676377952756
0
LINE
8
BLACK
6
CONTINUOUS
10
1.1936985433070866
20
0.9563676377952756
11
1.1955965354330709
21
0.9570584645669291
0
LINE
8
BLACK
6
CONTINUOUS
10
1.1955965354330709
20
0.9570584645669291
11
1.2155218897637794
21
0.9570584645669291
0
LINE
8
BLACK
6
CONTINUOUS
10
1.2155218897637794
20
0.9570584645669291
11
1.2177676377952755
21
0.9581812992125984
0
LINE
8
BLACK
6
CONTINUOUS
10
1.2177676377952755
20
0.9581812992125984
11
1.2188905118110236
21
0.9604270472440944
0
LINE
8
BLACK
6
CONTINUOUS
10
1.2188905118110236
20
0.9604270472440944
11
1.2188905118110236
21
0.9646572440944882
0
LINE
8
BLACK
6
CONTINUOUS
10
1.2188905118110236
20
0.9646572440944882
11
1.2175417716535433
21
0.9673546850393701
0
LINE
8
BLACK
6
CONTINUOUS
10
1.2175417716535433
20
0.9673546850393701
11
1.2168706299212597
21
0.9680258267716535
0
LINE
8
BLACK
6
CONTINUOUS
10
1.2168706299212597
20
0.9680258267716535
11
1.1955965354330709
21
0.9680258267716535
0
LINE
8
BLACK
6
CONTINUOUS
10
1.1955965354330709
20
0.9680258267716535
11
1.1945866141732284
21
0.9682038976377952
0
LINE
8
BLACK
6
CONTINUOUS
10
1.1945866141732284
20
0.9682038976377952
11
1.1930393700787401
21
0.9695022047244094
0
LINE
8
BLACK
6
CONTINUOUS
10
1.1930393700787401
20
0.9695022047244094
11
1.1926886220472441
21
0.9714913385826771
0
LINE
8
BLACK
6
CONTINUOUS
10
1.1926886220472441
20
0.9714913385826771
11
1.1936985433070866
21
0.9732405118110236
0
LINE
8
BLACK
6
CONTINUOUS
10
1.1936985433070866
20
0.9732405118110236
11
1.1955965354330709
21
0.9739313385826771
0
LINE
8
BLACK
6
CONTINUOUS
10
1.1955965354330709
20
0.9739313385826771
11
1.2218432677165354
21
0.9739313385826771
0
LINE
8
BLACK
6
CONTINUOUS
10
1.2218432677165354
20
0.9739313385826771
11
1.2228531889763778
21
0.9737532677165354
0
LINE
8
BLACK
6
CONTINUOUS
10
0.7403372047244094
20
1.0018796456692913
11
0.7404140157480315
21
1.0019002362204725
0
LINE
8
BLACK
6
CONTINUOUS
10
0.7404140157480315
20
1.0019002362204725
11
0.7405316535433071
21
1.0018453543307086
0
LINE
8
BLACK
6
CONTINUOUS
10
0.7405316535433071
20
1.0018453543307086
11
0.7411666141732284
21
1.0017334251968504
0
LINE
8
BLACK
6
CONTINUOUS
10
0.7411666141732284
20
1.0017334251968504
11
0.7416603937007874
21
1.0013190551181101
0
LINE
8
BLACK
6
CONTINUOUS
10
0.7416603937007874
20
1.0013190551181101
11
0.7422445669291339
21
1.0010466929133859
0
LINE
8
BLACK
6
CONTINUOUS
10
0.7422445669291339
20
1.0010466929133859
11
0.7441193700787402
21
0.9991719291338582
0
LINE
8
BLACK
6
CONTINUOUS
10
0.7441193700787402
20
0.9991719291338582
11
0.7447075984251968
21
0.9983318897637795
0
LINE
8
BLACK
6
CONTINUOUS
10
0.7447075984251968
20
0.9983318897637795
11
0.7447229527559055
21
0.9981559448818897
0
LINE
8
BLACK
6
CONTINUOUS
10
0.7447229527559055
20
0.9981559448818897
11
0.744832716535433
21
0.998017716535433
0
LINE
8
BLACK
6
CONTINUOUS
10
0.744832716535433
20
0.998017716535433
11
0.7467074803149606
21
0.9923934645669291
0
LINE
8
BLACK
6
CONTINUOUS
10
0.7467074803149606
20
0.9923934645669291
11
0.746836968503937
21
0.9915201968503937
0
LINE
8
BLACK
6
CONTINUOUS
10
0.746836968503937
20
0.9915201968503937
11
0.7468590157480315
21
0.9914596850393701
0
LINE
8
BLACK
6
CONTINUOUS
10
0.7468590157480315
20
0.9914596850393701
11
0.7468590157480315
21
0.987710157480315
0
LINE
8
BLACK
6
CONTINUOUS
10
0.7468590157480315
20
0.987710157480315
11
0.7467057086614173
21
0.986840748031496
0
LINE
8
BLACK
6
CONTINUOUS
10
0.7467057086614173
20
0.986840748031496
11
0.7467074803149606
21
0.9867763779527559
0
LINE
8
BLACK
6
CONTINUOUS
10
0.7467074803149606
20
0.9867763779527559
11
0.744832716535433
21
0.9811521259842519
0
LINE
8
BLACK
6
CONTINUOUS
10
0.744832716535433
20
0.9811521259842519
11
0.7443444094488189
21
0.9802503543307086
0
LINE
8
BLACK
6
CONTINUOUS
10
0.7443444094488189
20
0.9802503543307086
11
0.7441940157480315
21
0.9801579527559054
0
LINE
8
BLACK
6
CONTINUOUS
10
0.7441940157480315
20
0.9801579527559054
11
0.7441194094488189
21
0.9799979527559055
0
LINE
8
BLACK
6
CONTINUOUS
10
0.7441194094488189
20
0.9799979527559055
11
0.7403698425196851
21
0.9762484251968504
0
LINE
8
BLACK
6
CONTINUOUS
10
0.7403698425196851
20
0.9762484251968504
11
0.7396466535433071
21
0.9757420078740158
0
LINE
8
BLACK
6
CONTINUOUS
10
0.7396466535433071
20
0.9757420078740158
11
0.7396024409448819
21
0.9756953149606299
0
LINE
8
BLACK
6
CONTINUOUS
10
0.7396024409448819
20
0.9756953149606299
11
0.7358529133858267
21
0.9738205511811023
0
LINE
8
BLACK
6
CONTINUOUS
10
0.7358529133858267
20
0.9738205511811023
11
0.7353644488188976
21
0.9736752362204725
0
LINE
8
BLACK
6
CONTINUOUS
10
0.7353644488188976
20
0.9736752362204725
11
0.7352485433070866
21
0.973596968503937
0
LINE
8
BLACK
6
CONTINUOUS
10
0.7352485433070866
20
0.973596968503937
11
0.7277494881889763
21
0.9717222047244094
0
LINE
8
BLACK
6
CONTINUOUS
10
0.7277494881889763
20
0.9717222047244094
11
0.7271615748031496
21
0.9716807086614173
0
LINE
8
BLACK
6
CONTINUOUS
10
0.7271615748031496
20
0.9716807086614173
11
0.7270333464566929
21
0.9716340551181102
0
LINE
8
BLACK
6
CONTINUOUS
10
0.7270333464566929
20
0.9716340551181102
11
0.7214090551181103
21
0.9716340551181102
0
LINE
8
BLACK
6
CONTINUOUS
10
0.7214090551181103
20
0.9716340551181102
11
0.7208286614173228
21
0.9717363779527559
0
LINE
8
BLACK
6
CONTINUOUS
10
0.7208286614173228
20
0.9717363779527559
11
0.7206929133858267
21
0.9717222047244094
0
LINE
8
BLACK
6
CONTINUOUS
10
0.7206929133858267
20
0.9717222047244094
11
0.7131938582677165
21
0.973596968503937
0
LINE
8
BLACK
6
CONTINUOUS
10
0.7131938582677165
20
0.973596968503937
11
0.7127283858267717
21
0.9738045275590551
0
LINE
8
BLACK
6
CONTINUOUS
10
0.7127283858267717
20
0.9738045275590551
11
0.7125894881889764
21
0.9738205511811023
0
LINE
8
BLACK
6
CONTINUOUS
10
0.7125894881889764
20
0.9738205511811023
11
0.7088399606299213
21
0.9756953149606299
0
LINE
8
BLACK
6
CONTINUOUS
10
0.7088399606299213
20
0.9756953149606299
11
0.7081308661417323
21
0.976221220472441
0
LINE
8
BLACK
6
CONTINUOUS
10
0.7081308661417323
20
0.976221220472441
11
0.7080725590551181
21
0.9762484251968504
0
LINE
8
BLACK
6
CONTINUOUS
10
0.7080725590551181
20
0.9762484251968504
11
0.704323031496063
21
0.9799979527559055
0
LINE
8
BLACK
6
CONTINUOUS
10
0.704323031496063
20
0.9799979527559055
11
0.703734842519685
21
0.9808379921259842
0
LINE
8
BLACK
6
CONTINUOUS
10
0.703734842519685
20
0.9808379921259842
11
0.7037194488188976
21
0.9810138188976377
0
LINE
8
BLACK
6
CONTINUOUS
10
0.7037194488188976
20
0.9810138188976377
11
0.7036097244094488
21
0.9811521259842519
0
LINE
8
BLACK
6
CONTINUOUS
10
0.7036097244094488
20
0.9811521259842519
11
0.7017349606299212
21
0.9867764173228346
0
LINE
8
BLACK
6
CONTINUOUS
10
0.7017349606299212
20
0.9867764173228346
11
0.7016054724409448
21
0.9876495669291339
0
LINE
8
BLACK
6
CONTINUOUS
10
0.7016054724409448
20
0.9876495669291339
11
0.7015834251968504
21
0.987710157480315
0
LINE
8
BLACK
6
CONTINUOUS
10
0.7015834251968504
20
0.987710157480315
11
0.7015834251968504
21
0.9933344488188977
0
LINE
8
BLACK
6
CONTINUOUS
10
0.7015834251968504
20
0.9933344488188977
11
0.7017614960629921
21
0.9943443700787401
0
LINE
8
BLACK
6
CONTINUOUS
10
0.7017614960629921
20
0.9943443700787401
11
0.7018749606299213
21
0.9944796062992126
0
LINE
8
BLACK
6
CONTINUOUS
10
0.7018749606299213
20
0.9944796062992126
11
0.7018951574803149
21
0.9946549606299212
0
LINE
8
BLACK
6
CONTINUOUS
10
0.7018951574803149
20
0.9946549606299212
11
0.7037699212598425
21
0.9984044881889763
0
LINE
8
BLACK
6
CONTINUOUS
10
0.7037699212598425
20
0.9984044881889763
11
0.7043808267716535
21
0.9992281496062992
0
LINE
8
BLACK
6
CONTINUOUS
10
0.7043808267716535
20
0.9992281496062992
11
0.7062340157480315
21
1.0000314173228346
0
LINE
8
BLACK
6
CONTINUOUS
10
0.7062340157480315
20
1.0000314173228346
11
0.7081700393700787
21
0.9994555511811023
0
LINE
8
BLACK
6
CONTINUOUS
10
0.7081700393700787
20
0.9994555511811023
11
0.709282874015748
21
0.9977699999999999
0
LINE
8
BLACK
6
CONTINUOUS
10
0.709282874015748
20
0.9977699999999999
11
0.709051968503937
21
0.9957634645669291
0
LINE
8
BLACK
6
CONTINUOUS
10
0.709051968503937
20
0.9957634645669291
11
0.707488937007874
21
0.9926374015748032
0
LINE
8
BLACK
6
CONTINUOUS
10
0.707488937007874
20
0.9926374015748032
11
0.707488937007874
21
0.9881892913385827
0
LINE
8
BLACK
6
CONTINUOUS
10
0.707488937007874
20
0.9881892913385827
11
0.7089917322834646
21
0.9836808661417322
0
LINE
8
BLACK
6
CONTINUOUS
10
0.7089917322834646
20
0.9836808661417322
11
0.7119095669291339
21
0.9807630708661417
0
LINE
8
BLACK
6
CONTINUOUS
10
0.7119095669291339
20
0.9807630708661417
11
0.7149405511811023
21
0.9792475590551181
0
LINE
8
BLACK
6
CONTINUOUS
10
0.7149405511811023
20
0.9792475590551181
11
0.7217725984251968
21
0.9775395669291338
0
LINE
8
BLACK
6
CONTINUOUS
10
0.7217725984251968
20
0.9775395669291338
11
0.7266698031496063
21
0.9775395669291338
0
LINE
8
BLACK
6
CONTINUOUS
10
0.7266698031496063
20
0.9775395669291338
11
0.7335018503937007
21
0.9792475590551181
0
LINE
8
BLACK
6
CONTINUOUS
10
0.7335018503937007
20
0.9792475590551181
11
0.7365328346456693
21
0.9807630708661417
0
LINE
8
BLACK
6
CONTINUOUS
10
0.7365328346456693
20
0.9807630708661417
11
0.7394507086614173
21
0.983680905511811
0
LINE
8
BLACK
6
CONTINUOUS
10
0.7394507086614173
20
0.983680905511811
11
0.7409535039370079
21
0.9881892913385827
0
LINE
8
BLACK
6
CONTINUOUS
10
0.7409535039370079
20
0.9881892913385827
11
0.7409535039370079
21
0.9909805511811023
0
LINE
8
BLACK
6
CONTINUOUS
10
0.7409535039370079
20
0.9909805511811023
11
0.7394507086614173
21
0.9954888976377952
0
LINE
8
BLACK
6
CONTINUOUS
10
0.7394507086614173
20
0.9954888976377952
11
0.7389336220472441
21
0.9960059842519685
0
LINE
8
BLACK
6
CONTINUOUS
10
0.7389336220472441
20
0.9960059842519685
11
0.7299861023622047
21
0.9960059842519685
0
LINE
8
BLACK
6
CONTINUOUS
10
0.7299861023622047
20
0.9960059842519685
11
0.7299861023622047
21
0.9914596850393701
0
LINE
8
BLACK
6
CONTINUOUS
10
0.7299861023622047
20
0.9914596850393701
11
0.729808031496063
21
0.9904497637795275
0
LINE
8
BLACK
6
CONTINUOUS
10
0.729808031496063
20
0.9904497637795275
11
0.7285097244094488
21
0.9889025196850394
0
LINE
8
BLACK
6
CONTINUOUS
10
0.7285097244094488
20
0.9889025196850394
11
0.7265205905511811
21
0.9885517716535432
0
LINE
8
BLACK
6
CONTINUOUS
10
0.7265205905511811
20
0.9885517716535432
11
0.7247714173228347
21
0.9895616929133858
0
LINE
8
BLACK
6
CONTINUOUS
10
0.7247714173228347
20
0.9895616929133858
11
0.7240805905511811
21
0.9914596850393701
0
LINE
8
BLACK
6
CONTINUOUS
10
0.7240805905511811
20
0.9914596850393701
11
0.7240805905511811
21
0.9989587401574803
0
LINE
8
BLACK
6
CONTINUOUS
10
0.7240805905511811
20
0.9989587401574803
11
0.7241481889763779
21
0.9993422440944881
0
LINE
8
BLACK
6
CONTINUOUS
10
0.7241481889763779
20
0.9993422440944881
11
0.7241254330708661
21
0.9994714960629921
0
LINE
8
BLACK
6
CONTINUOUS
10
0.7241254330708661
20
0.9994714960629921
11
0.7241910236220472
21
0.9995850787401575
0
LINE
8
BLACK
6
CONTINUOUS
10
0.7241910236220472
20
0.9995850787401575
11
0.7242586614173229
21
0.9999686614173228
0
LINE
8
BLACK
6
CONTINUOUS
10
0.7242586614173229
20
0.9999686614173228
11
0.7247517716535433
21
1.0005563385826772
0
LINE
8
BLACK
6
CONTINUOUS
10
0.7247517716535433
20
1.0005563385826772
11
0.7251353543307086
21
1.0012206692913386
0
LINE
8
BLACK
6
CONTINUOUS
10
0.7251353543307086
20
1.0012206692913386
11
0.7253856692913385
21
1.0013117716535433
0
LINE
8
BLACK
6
CONTINUOUS
10
0.7253856692913385
20
1.0013117716535433
11
0.725556968503937
21
1.001515905511811
0
LINE
8
BLACK
6
CONTINUOUS
10
0.725556968503937
20
1.001515905511811
11
0.7263125196850394
21
1.0016491338582676
0
LINE
8
BLACK
6
CONTINUOUS
10
0.7263125196850394
20
1.0016491338582676
11
0.7270333464566929
21
1.001911496062992
0
LINE
8
BLACK
6
CONTINUOUS
10
0.7270333464566929
20
1.001911496062992
11
0.7401566929133858
21
1.001911496062992
0
LINE
8
BLACK
6
CONTINUOUS
10
0.7401566929133858
20
1.001911496062992
11
0.7403372047244094
21
1.0018796456692913
0
LINE
8
BLACK
6
CONTINUOUS
10
1.1847351181102361
20
1.0103718897637795
11
1.1854259448818898
21
1.0084738976377952
0
LINE
8
BLACK
6
CONTINUOUS
10
1.1854259448818898
20
1.0084738976377952
11
1.1854259448818898
21
0.9926790157480315
0
LINE
8
BLACK
6
CONTINUOUS
10
1.1854259448818898
20
0.9926790157480315
11
1.1982680708661417
21
0.9926790157480315
0
LINE
8
BLACK
6
CONTINUOUS
10
1.1982680708661417
20
0.9926790157480315
11
1.1982680708661417
21
1.0028496062992125
0
LINE
8
BLACK
6
CONTINUOUS
10
1.1982680708661417
20
1.0028496062992125
11
1.1984461417322834
21
1.0038595275590552
0
LINE
8
BLACK
6
CONTINUOUS
10
1.1984461417322834
20
1.0038595275590552
11
1.1997444488188975
21
1.0054067716535433
0
LINE
8
BLACK
6
CONTINUOUS
10
1.1997444488188975
20
1.0054067716535433
11
1.2017335826771653
21
1.0057575196850392
0
LINE
8
BLACK
6
CONTINUOUS
10
1.2017335826771653
20
1.0057575196850392
11
1.2034827559055117
21
1.0047475984251968
0
LINE
8
BLACK
6
CONTINUOUS
10
1.2034827559055117
20
1.0047475984251968
11
1.2041735826771653
21
1.0028496062992125
0
LINE
8
BLACK
6
CONTINUOUS
10
1.2041735826771653
20
1.0028496062992125
11
1.2041735826771653
21
0.9926790157480315
0
LINE
8
BLACK
6
CONTINUOUS
10
1.2041735826771653
20
0.9926790157480315
11
1.2218432677165354
21
0.9926790157480315
0
LINE
8
BLACK
6
CONTINUOUS
10
1.2218432677165354
20
0.9926790157480315
11
1.2228531889763778
21
0.9925009448818898
0
LINE
8
BLACK
6
CONTINUOUS
10
1.2228531889763778
20
0.9925009448818898
11
1.2244004330708662
21
0.9912026377952756
0
LINE
8
BLACK
6
CONTINUOUS
10
1.2244004330708662
20
0.9912026377952756
11
1.2247511811023621
21
0.9892135039370078
0
LINE
8
BLACK
6
CONTINUOUS
10
1.2247511811023621
20
0.9892135039370078
11
1.2237412598425197
21
0.9874643307086614
0
LINE
8
BLACK
6
CONTINUOUS
10
1.2237412598425197
20
0.9874643307086614
11
1.2218432677165354
21
0.9867735039370078
0
LINE
8
BLACK
6
CONTINUOUS
10
1.2218432677165354
20
0.9867735039370078
11
1.182473188976378
21
0.9867735039370078
0
LINE
8
BLACK
6
CONTINUOUS
10
1.182473188976378
20
0.9867735039370078
11
1.1820896456692913
21
0.9868411023622047
0
LINE
8
BLACK
6
CONTINUOUS
10
1.1820896456692913
20
0.9868411023622047
11
1.1819604330708662
21
0.9868183464566929
0
LINE
8
BLACK
6
CONTINUOUS
10
1.1819604330708662
20
0.9868183464566929
11
1.181846811023622
21
0.986883937007874
0
LINE
8
BLACK
6
CONTINUOUS
10
1.181846811023622
20
0.986883937007874
11
1.1814632677165353
21
0.9869515748031495
0
LINE
8
BLACK
6
CONTINUOUS
10
1.1814632677165353
20
0.9869515748031495
11
1.1808755511811024
21
0.9874446850393701
0
LINE
8
BLACK
6
CONTINUOUS
10
1.1808755511811024
20
0.9874446850393701
11
1.1802112598425196
21
0.9878282677165354
0
LINE
8
BLACK
6
CONTINUOUS
10
1.1802112598425196
20
0.9878282677165354
11
1.1801201181102361
21
0.9880785826771653
0
LINE
8
BLACK
6
CONTINUOUS
10
1.1801201181102361
20
0.9880785826771653
11
1.1799160236220472
21
0.9882498818897637
0
LINE
8
BLACK
6
CONTINUOUS
10
1.1799160236220472
20
0.9882498818897637
11
1.1797827559055118
21
0.9890054330708661
0
LINE
8
BLACK
6
CONTINUOUS
10
1.1797827559055118
20
0.9890054330708661
11
1.1795204330708662
21
0.9897262598425197
0
LINE
8
BLACK
6
CONTINUOUS
10
1.1795204330708662
20
0.9897262598425197
11
1.1795204330708662
21
1.0084738976377952
0
LINE
8
BLACK
6
CONTINUOUS
10
1.1795204330708662
20
1.0084738976377952
11
1.1796985039370078
21
1.0094838188976378
0
LINE
8
BLACK
6
CONTINUOUS
10
1.1796985039370078
20
1.0094838188976378
11
1.180996811023622
21
1.011031062992126
0
LINE
8
BLACK
6
CONTINUOUS
10
1.180996811023622
20
1.011031062992126
11
1.1829859448818898
21
1.0113818110236221
0
LINE
8
BLACK
6
CONTINUOUS
10
1.1829859448818898
20
1.0113818110236221
11
1.1847351181102361
21
1.0103718897637795
0
LINE
8
BLACK
6
CONTINUOUS
10
1.4662445669291337
20
1.1971010629921259
11
1.46811937007874
21
1.1952262992125984
0
LINE
8
BLACK
6
CONTINUOUS
10
1.46811937007874
20
1.1952262992125984
11
1.4687075984251967
21
1.1943862598425197
0
LINE
8
BLACK
6
CONTINUOUS
10
1.4687075984251967
20
1.1943862598425197
11
1.4687229527559056
21
1.1942103149606298
0
LINE
8
BLACK
6
CONTINUOUS
10
1.4687229527559056
20
1.1942103149606298
11
1.4688327165354331
21
1.1940720866141732
0
LINE
8
BLACK
6
CONTINUOUS
10
1.4688327165354331
20
1.1940720866141732
11
1.4707074803149607
21
1.1884478346456693
0
LINE
8
BLACK
6
CONTINUOUS
10
1.4707074803149607
20
1.1884478346456693
11
1.4708369685039371
21
1.1875745669291338
0
LINE
8
BLACK
6
CONTINUOUS
10
1.4708369685039371
20
1.1875745669291338
11
1.4708590157480315
21
1.1875140551181103
0
LINE
8
BLACK
6
CONTINUOUS
10
1.4708590157480315
20
1.1875140551181103
11
1.4708590157480315
21
1.1837645275590551
0
LINE
8
BLACK
6
CONTINUOUS
10
1.4708590157480315
20
1.1837645275590551
11
1.4707057086614173
21
1.1828951181102363
0
LINE
8
BLACK
6
CONTINUOUS
10
1.4707057086614173
20
1.1828951181102363
11
1.4707074803149607
21
1.1828307480314961
0
LINE
8
BLACK
6
CONTINUOUS
10
1.4707074803149607
20
1.1828307480314961
11
1.4688327165354331
21
1.177206496062992
0
LINE
8
BLACK
6
CONTINUOUS
10
1.4688327165354331
20
1.177206496062992
11
1.4683444094488189
21
1.1763047244094489
0
LINE
8
BLACK
6
CONTINUOUS
10
1.4683444094488189
20
1.1763047244094489
11
1.4681940157480315
21
1.1762123228346457
0
LINE
8
BLACK
6
CONTINUOUS
10
1.4681940157480315
20
1.1762123228346457
11
1.4681194094488188
21
1.1760523228346456
0
LINE
8
BLACK
6
CONTINUOUS
10
1.4681194094488188
20
1.1760523228346456
11
1.4643698425196849
21
1.1723027952755904
0
LINE
8
BLACK
6
CONTINUOUS
10
1.4643698425196849
20
1.1723027952755904
11
1.463646653543307
21
1.1717963779527558
0
LINE
8
BLACK
6
CONTINUOUS
10
1.463646653543307
20
1.1717963779527558
11
1.4636024409448818
21
1.17174968503937
0
LINE
8
BLACK
6
CONTINUOUS
10
1.4636024409448818
20
1.17174968503937
11
1.4598529133858267
21
1.1698749212598425
0
LINE
8
BLACK
6
CONTINUOUS
10
1.4598529133858267
20
1.1698749212598425
11
1.4593644488188977
21
1.1697296062992126
0
LINE
8
BLACK
6
CONTINUOUS
10
1.4593644488188977
20
1.1697296062992126
11
1.4592485433070865
21
1.1696513385826772
0
LINE
8
BLACK
6
CONTINUOUS
10
1.4592485433070865
20
1.1696513385826772
11
1.4517494881889763
21
1.1677765748031497
0
LINE
8
BLACK
6
CONTINUOUS
10
1.4517494881889763
20
1.1677765748031497
11
1.4511615748031497
21
1.1677350787401575
0
LINE
8
BLACK
6
CONTINUOUS
10
1.4511615748031497
20
1.1677350787401575
11
1.4510333464566929
21
1.1676884251968505
0
LINE
8
BLACK
6
CONTINUOUS
10
1.4510333464566929
20
1.1676884251968505
11
1.4454090551181102
21
1.1676884251968505
0
LINE
8
BLACK
6
CONTINUOUS
10
1.4454090551181102
20
1.1676884251968505
11
1.4448286614173229
21
1.167790748031496
0
LINE
8
BLACK
6
CONTINUOUS
10
1.4448286614173229
20
1.167790748031496
11
1.4446929133858268
21
1.1677765748031497
0
LINE
8
BLACK
6
CONTINUOUS
10
1.4446929133858268
20
1.1677765748031497
11
1.4371938582677164
21
1.1696513385826772
0
LINE
8
BLACK
6
CONTINUOUS
10
1.4371938582677164
20
1.1696513385826772
11
1.4367283858267716
21
1.1698588976377953
0
LINE
8
BLACK
6
CONTINUOUS
10
1.4367283858267716
20
1.1698588976377953
11
1.4365894881889762
21
1.1698749212598425
0
LINE
8
BLACK
6
CONTINUOUS
10
1.4365894881889762
20
1.1698749212598425
11
1.4328399606299211
21
1.17174968503937
0
LINE
8
BLACK
6
CONTINUOUS
10
1.4328399606299211
20
1.17174968503937
11
1.4321308661417322
21
1.172275590551181
0
LINE
8
BLACK
6
CONTINUOUS
10
1.4321308661417322
20
1.172275590551181
11
1.432072559055118
21
1.1723027952755904
0
LINE
8
BLACK
6
CONTINUOUS
10
1.432072559055118
20
1.1723027952755904
11
1.4283230314960629
21
1.1760523228346456
0
LINE
8
BLACK
6
CONTINUOUS
10
1.4283230314960629
20
1.1760523228346456
11
1.427734842519685
21
1.1768923622047245
0
LINE
8
BLACK
6
CONTINUOUS
10
1.427734842519685
20
1.1768923622047245
11
1.4277194488188976
21
1.1770681889763779
0
LINE
8
BLACK
6
CONTINUOUS
10
1.4277194488188976
20
1.1770681889763779
11
1.4276097244094488
21
1.177206496062992
0
LINE
8
BLACK
6
CONTINUOUS
10
1.4276097244094488
20
1.177206496062992
11
1.4257349606299212
21
1.1828307874015749
0
LINE
8
BLACK
6
CONTINUOUS
10
1.4257349606299212
20
1.1828307874015749
11
1.4256054724409448
21
1.1837039370078739
0
LINE
8
BLACK
6
CONTINUOUS
10
1.4256054724409448
20
1.1837039370078739
11
1.4255834251968504
21
1.1837645275590551
0
LINE
8
BLACK
6
CONTINUOUS
10
1.4255834251968504
20
1.1837645275590551
11
1.4255834251968504
21
1.1875140551181103
0
LINE
8
BLACK
6
CONTINUOUS
10
1.4255834251968504
20
1.1875140551181103
11
1.4257366929133859
21
1.1883834251968504
0
LINE
8
BLACK
6
CONTINUOUS
10
1.4257366929133859
20
1.1883834251968504
11
1.4257349606299212
21
1.1884477952755905
0
LINE
8
BLACK
6
CONTINUOUS
10
1.4257349606299212
20
1.1884477952755905
11
1.4276097244094488
21
1.1940720866141732
0
LINE
8
BLACK
6
CONTINUOUS
10
1.4276097244094488
20
1.1940720866141732
11
1.4280979921259842
21
1.1949738582677165
0
LINE
8
BLACK
6
CONTINUOUS
10
1.4280979921259842
20
1.1949738582677165
11
1.4282484251968504
21
1.1950662598425197
0
LINE
8
BLACK
6
CONTINUOUS
10
1.4282484251968504
20
1.1950662598425197
11
1.4283230314960629
21
1.1952262598425196
0
LINE
8
BLACK
6
CONTINUOUS
10
1.4283230314960629
20
1.1952262598425196
11
1.4301977952755904
21
1.1971010236220472
0
LINE
8
BLACK
6
CONTINUOUS
10
1.4301977952755904
20
1.1971010236220472
11
1.4310378346456694
21
1.1976892125984251
0
LINE
8
BLACK
6
CONTINUOUS
10
1.4310378346456694
20
1.1976892125984251
11
1.4330499212598424
21
1.1978652362204725
0
LINE
8
BLACK
6
CONTINUOUS
10
1.4330499212598424
20
1.1978652362204725
11
1.4347044881889763
21
1.1967067322834646
0
LINE
8
BLACK
6
CONTINUOUS
10
1.4347044881889763
20
1.1967067322834646
11
1.4352272047244095
21
1.1947557480314961
0
LINE
8
BLACK
6
CONTINUOUS
10
1.4352272047244095
20
1.1947557480314961
11
1.4343736220472441
21
1.1929251968503938
0
LINE
8
BLACK
6
CONTINUOUS
10
1.4343736220472441
20
1.1929251968503938
11
1.4329917322834644
21
1.1915433070866142
0
LINE
8
BLACK
6
CONTINUOUS
10
1.4329917322834644
20
1.1915433070866142
11
1.4314889370078741
21
1.1870348818897638
0
LINE
8
BLACK
6
CONTINUOUS
10
1.4314889370078741
20
1.1870348818897638
11
1.4314889370078741
21
1.1842436614173228
0
LINE
8
BLACK
6
CONTINUOUS
10
1.4314889370078741
20
1.1842436614173228
11
1.4329917322834644
21
1.1797352362204725
0
LINE
8
BLACK
6
CONTINUOUS
10
1.4329917322834644
20
1.1797352362204725
11
1.4359095669291337
21
1.1768174409448819
0
LINE
8
BLACK
6
CONTINUOUS
10
1.4359095669291337
20
1.1768174409448819
11
1.4389405511811024
21
1.1753019291338582
0
LINE
8
BLACK
6
CONTINUOUS
10
1.4389405511811024
20
1.1753019291338582
11
1.4457725984251968
21
1.1735939370078741
0
LINE
8
BLACK
6
CONTINUOUS
10
1.4457725984251968
20
1.1735939370078741
11
1.4506698031496064
21
1.1735939370078741
0
LINE
8
BLACK
6
CONTINUOUS
10
1.4506698031496064
20
1.1735939370078741
11
1.4575018503937007
21
1.1753019291338582
0
LINE
8
BLACK
6
CONTINUOUS
10
1.4575018503937007
20
1.1753019291338582
11
1.4605328346456692
21
1.1768174409448819
0
LINE
8
BLACK
6
CONTINUOUS
10
1.4605328346456692
20
1.1768174409448819
11
1.4634507086614172
21
1.1797352755905512
0
LINE
8
BLACK
6
CONTINUOUS
10
1.4634507086614172
20
1.1797352755905512
11
1.4649535039370079
21
1.1842436614173228
0
LINE
8
BLACK
6
CONTINUOUS
10
1.4649535039370079
20
1.1842436614173228
11
1.4649535039370079
21
1.1870349212598426
0
LINE
8
BLACK
6
CONTINUOUS
10
1.4649535039370079
20
1.1870349212598426
11
1.4634507086614172
21
1.1915432677165354
0
LINE
8
BLACK
6
CONTINUOUS
10
1.4634507086614172
20
1.1915432677165354
11
1.4620688188976378
21
1.192925157480315
0
LINE
8
BLACK
6
CONTINUOUS
10
1.4620688188976378
20
1.192925157480315
11
1.4614805905511812
21
1.1937651968503937
0
LINE
8
BLACK
6
CONTINUOUS
10
1.4614805905511812
20
1.1937651968503937
11
1.461304527559055
21
1.1957773228346456
0
LINE
8
BLACK
6
CONTINUOUS
10
1.461304527559055
20
1.1957773228346456
11
1.4624630314960629
21
1.1974318897637795
0
LINE
8
BLACK
6
CONTINUOUS
10
1.4624630314960629
20
1.1974318897637795
11
1.4644140157480314
21
1.1979546062992126
0
LINE
8
BLACK
6
CONTINUOUS
10
1.4644140157480314
20
1.1979546062992126
11
1.4662445669291337
21
1.1971010629921259
0
LINE
8
BLACK
6
CONTINUOUS
10
1.4406541338582677
20
1.2353078740157479
11
1.4407185039370078
21
1.2353096456692914
0
LINE
8
BLACK
6
CONTINUOUS
10
1.4407185039370078
20
1.2353096456692914
11
1.4463427952755905
21
1.2334348818897638
0
LINE
8
BLACK
6
CONTINUOUS
10
1.4463427952755905
20
1.2334348818897638
11
1.4472445669291338
21
1.2329466141732284
0
LINE
8
BLACK
6
CONTINUOUS
10
1.4472445669291338
20
1.2329466141732284
11
1.447336968503937
21
1.2327961417322835
0
LINE
8
BLACK
6
CONTINUOUS
10
1.447336968503937
20
1.2327961417322835
11
1.4474969685039369
21
1.2327215748031495
0
LINE
8
BLACK
6
CONTINUOUS
10
1.4474969685039369
20
1.2327215748031495
11
1.4649535039370079
21
1.2152650393700788
0
LINE
8
BLACK
6
CONTINUOUS
10
1.4649535039370079
20
1.2152650393700788
11
1.4649535039370079
21
1.2325084251968503
0
LINE
8
BLACK
6
CONTINUOUS
10
1.4649535039370079
20
1.2325084251968503
11
1.4651315748031495
21
1.2335183464566928
0
LINE
8
BLACK
6
CONTINUOUS
10
1.4651315748031495
20
1.2335183464566928
11
1.4664298818897636
21
1.2350655905511811
0
LINE
8
BLACK
6
CONTINUOUS
10
1.4664298818897636
20
1.2350655905511811
11
1.4684190157480315
21
1.2354163385826771
0
LINE
8
BLACK
6
CONTINUOUS
10
1.4684190157480315
20
1.2354163385826771
11
1.470168188976378
21
1.2344064173228346
0
LINE
8
BLACK
6
CONTINUOUS
10
1.470168188976378
20
1.2344064173228346
11
1.4708590157480315
21
1.2325084251968503
0
LINE
8
BLACK
6
CONTINUOUS
10
1.4708590157480315
20
1.2325084251968503
11
1.4708590157480315
21
1.2081364960629921
0
LINE
8
BLACK
6
CONTINUOUS
10
1.4708590157480315
20
1.2081364960629921
11
1.4707470866141732
21
1.2075017322834645
0
LINE
8
BLACK
6
CONTINUOUS
10
1.4707470866141732
20
1.2075017322834645
11
1.4707584251968504
21
1.2073722834645668
0
LINE
8
BLACK
6
CONTINUOUS
10
1.4707584251968504
20
1.2073722834645668
11
1.4707127559055118
21
1.2073070472440945
0
LINE
8
BLACK
6
CONTINUOUS
10
1.4707127559055118
20
1.2073070472440945
11
1.4706809448818898
21
1.2071265748031497
0
LINE
8
BLACK
6
CONTINUOUS
10
1.4706809448818898
20
1.2071265748031497
11
1.4701096456692913
21
1.2064457086614173
0
LINE
8
BLACK
6
CONTINUOUS
10
1.4701096456692913
20
1.2064457086614173
11
1.4695998818897638
21
1.2057177165354331
0
LINE
8
BLACK
6
CONTINUOUS
10
1.4695998818897638
20
1.2057177165354331
11
1.4694694094488188
21
1.2056827559055119
0
LINE
8
BLACK
6
CONTINUOUS
10
1.4694694094488188
20
1.2056827559055119
11
1.4693826377952754
21
1.2055793307086613
0
LINE
8
BLACK
6
CONTINUOUS
10
1.4693826377952754
20
1.2055793307086613
11
1.4685072834645669
21
1.2054249606299212
0
LINE
8
BLACK
6
CONTINUOUS
10
1.4685072834645669
20
1.2054249606299212
11
1.467648937007874
21
1.205195
0
LINE
8
BLACK
6
CONTINUOUS
10
1.467648937007874
20
1.205195
11
1.4675265748031496
21
1.2052520472440944
0
LINE
8
BLACK
6
CONTINUOUS
10
1.4675265748031496
20
1.2052520472440944
11
1.4673935039370078
21
1.2052285826771654
0
LINE
8
BLACK
6
CONTINUOUS
10
1.4673935039370078
20
1.2052285826771654
11
1.4666235826771654
21
1.2056730708661416
0
LINE
8
BLACK
6
CONTINUOUS
10
1.4666235826771654
20
1.2056730708661416
11
1.465818346456693
21
1.2060485826771654
0
LINE
8
BLACK
6
CONTINUOUS
10
1.465818346456693
20
1.2060485826771654
11
1.4438140157480315
21
1.2280528346456692
0
LINE
8
BLACK
6
CONTINUOUS
10
1.4438140157480315
20
1.2280528346456692
11
1.4393056299212599
21
1.2295556692913385
0
LINE
8
BLACK
6
CONTINUOUS
10
1.4393056299212599
20
1.2295556692913385
11
1.4367322834645668
21
1.2295556692913385
0
LINE
8
BLACK
6
CONTINUOUS
10
1.4367322834645668
20
1.2295556692913385
11
1.4340348031496062
21
1.2282069291338582
0
LINE
8
BLACK
6
CONTINUOUS
10
1.4340348031496062
20
1.2282069291338582
11
1.4328376771653544
21
1.2270098031496062
0
LINE
8
BLACK
6
CONTINUOUS
10
1.4328376771653544
20
1.2270098031496062
11
1.4314889370078741
21
1.2243123228346457
0
LINE
8
BLACK
6
CONTINUOUS
10
1.4314889370078741
20
1.2243123228346457
11
1.4314889370078741
21
1.2163325984251969
0
LINE
8
BLACK
6
CONTINUOUS
10
1.4314889370078741
20
1.2163325984251969
11
1.4328376771653544
21
1.2136351181102363
0
LINE
8
BLACK
6
CONTINUOUS
10
1.4328376771653544
20
1.2136351181102363
11
1.4343736220472441
21
1.2120991732283464
0
LINE
8
BLACK
6
CONTINUOUS
10
1.4343736220472441
20
1.2120991732283464
11
1.434961811023622
21
1.2112591338582677
0
LINE
8
BLACK
6
CONTINUOUS
10
1.434961811023622
20
1.2112591338582677
11
1.4351378346456694
21
1.2092470472440944
0
LINE
8
BLACK
6
CONTINUOUS
10
1.4351378346456694
20
1.2092470472440944
11
1.4339793307086615
21
1.2075924803149607
0
LINE
8
BLACK
6
CONTINUOUS
10
1.4339793307086615
20
1.2075924803149607
11
1.432028346456693
21
1.2070697637795276
0
LINE
8
BLACK
6
CONTINUOUS
10
1.432028346456693
20
1.2070697637795276
11
1.4301977952755904
21
1.207923346456693
0
LINE
8
BLACK
6
CONTINUOUS
10
1.4301977952755904
20
1.207923346456693
11
1.4283230314960629
21
1.2097981102362205
0
LINE
8
BLACK
6
CONTINUOUS
10
1.4283230314960629
20
1.2097981102362205
11
1.4278167322834645
21
1.2105211811023622
0
LINE
8
BLACK
6
CONTINUOUS
10
1.4278167322834645
20
1.2105211811023622
11
1.4277699212598425
21
1.2105655118110237
0
LINE
8
BLACK
6
CONTINUOUS
10
1.4277699212598425
20
1.2105655118110237
11
1.4258951574803149
21
1.2143150393700788
0
LINE
8
BLACK
6
CONTINUOUS
10
1.4258951574803149
20
1.2143150393700788
11
1.4256027952755905
21
1.2152979921259843
0
LINE
8
BLACK
6
CONTINUOUS
10
1.4256027952755905
20
1.2152979921259843
11
1.4256437795275589
21
1.2154696456692913
0
LINE
8
BLACK
6
CONTINUOUS
10
1.4256437795275589
20
1.2154696456692913
11
1.4255834251968504
21
1.2156355511811023
0
LINE
8
BLACK
6
CONTINUOUS
10
1.4255834251968504
20
1.2156355511811023
11
1.4255834251968504
21
1.2250093700787401
0
LINE
8
BLACK
6
CONTINUOUS
10
1.4255834251968504
20
1.2250093700787401
11
1.4257614960629921
21
1.2260192913385826
0
LINE
8
BLACK
6
CONTINUOUS
10
1.4257614960629921
20
1.2260192913385826
11
1.4258749606299213
21
1.2261545275590551
0
LINE
8
BLACK
6
CONTINUOUS
10
1.4258749606299213
20
1.2261545275590551
11
1.4258951574803149
21
1.2263298818897637
0
LINE
8
BLACK
6
CONTINUOUS
10
1.4258951574803149
20
1.2263298818897637
11
1.4277699212598425
21
1.2300794094488188
0
LINE
8
BLACK
6
CONTINUOUS
10
1.4277699212598425
20
1.2300794094488188
11
1.4282958267716535
21
1.2307884645669291
0
LINE
8
BLACK
6
CONTINUOUS
10
1.4282958267716535
20
1.2307884645669291
11
1.4283230314960629
21
1.2308468110236219
0
LINE
8
BLACK
6
CONTINUOUS
10
1.4283230314960629
20
1.2308468110236219
11
1.4301977952755904
21
1.2327215748031495
0
LINE
8
BLACK
6
CONTINUOUS
10
1.4301977952755904
20
1.2327215748031495
11
1.4309208661417323
21
1.2332278346456693
0
LINE
8
BLACK
6
CONTINUOUS
10
1.4309208661417323
20
1.2332278346456693
11
1.4309651968503936
21
1.2332746850393701
0
LINE
8
BLACK
6
CONTINUOUS
10
1.4309651968503936
20
1.2332746850393701
11
1.4347147244094487
21
1.2351494488188977
0
LINE
8
BLACK
6
CONTINUOUS
10
1.4347147244094487
20
1.2351494488188977
11
1.4356976377952755
21
1.235441811023622
0
LINE
8
BLACK
6
CONTINUOUS
10
1.4356976377952755
20
1.235441811023622
11
1.4358693307086614
21
1.2354007874015749
0
LINE
8
BLACK
6
CONTINUOUS
10
1.4358693307086614
20
1.2354007874015749
11
1.4360352362204725
21
1.2354611811023621
0
LINE
8
BLACK
6
CONTINUOUS
10
1.4360352362204725
20
1.2354611811023621
11
1.4397847637795276
21
1.2354611811023621
0
LINE
8
BLACK
6
CONTINUOUS
10
1.4397847637795276
20
1.2354611811023621
11
1.4406541338582677
21
1.2353078740157479
0
LINE
8
BLACK
6
CONTINUOUS
10
1.5375139763779526
20
1.371819527559055
11
1.5380905511811023
21
1.3704275984251968
0
LINE
8
BLACK
6
CONTINUOUS
10
1.5380905511811023
20
1.3704275984251968
11
1.5380905511811023
21
1.352711062992126
0
LINE
8
BLACK
6
CONTINUOUS
10
1.5380905511811023
20
1.352711062992126
11
1.5558070866141731
21
1.352711062992126
0
LINE
8
BLACK
6
CONTINUOUS
10
1.5558070866141731
20
1.352711062992126
11
1.5571990157480315
21
1.3521344881889763
0
LINE
8
BLACK
6
CONTINUOUS
10
1.5571990157480315
20
1.3521344881889763
11
1.557775590551181
21
1.3507425590551181
0
LINE
8
BLACK
6
CONTINUOUS
10
1.557775590551181
20
1.3507425590551181
11
1.5571990157480315
21
1.3493506299212599
0
LINE
8
BLACK
6
CONTINUOUS
10
1.5571990157480315
20
1.3493506299212599
11
1.5558070866141731
21
1.3487740551181102
0
LINE
8
BLACK
6
CONTINUOUS
10
1.5558070866141731
20
1.3487740551181102
11
1.5380905511811023
21
1.3487740551181102
0
LINE
8
BLACK
6
CONTINUOUS
10
1.5380905511811023
20
1.3487740551181102
11
1.5380905511811023
21
1.3310575196850394
0
LINE
8
BLACK
6
CONTINUOUS
10
1.5380905511811023
20
1.3310575196850394
11
1.5375139763779526
21
1.3296655905511812
0
LINE
8
BLACK
6
CONTINUOUS
10
1.5375139763779526
20
1.3296655905511812
11
1.5361220472440944
21
1.3290890157480315
0
LINE
8
BLACK
6
CONTINUOUS
10
1.5361220472440944
20
1.3290890157480315
11
1.5347301181102362
21
1.3296655905511812
0
LINE
8
BLACK
6
CONTINUOUS
10
1.5347301181102362
20
1.3296655905511812
11
1.5341535433070865
21
1.3310575196850394
0
LINE
8
BLACK
6
CONTINUOUS
10
1.5341535433070865
20
1.3310575196850394
11
1.5341535433070865
21
1.3487740551181102
0
LINE
8
BLACK
6
CONTINUOUS
10
1.5341535433070865
20
1.3487740551181102
11
1.5164370078740157
21
1.3487740551181102
0
LINE
8
BLACK
6
CONTINUOUS
10
1.5164370078740157
20
1.3487740551181102
11
1.5150450787401575
21
1.3493506299212599
0
LINE
8
BLACK
6
CONTINUOUS
10
1.5150450787401575
20
1.3493506299212599
11
1.5144685039370078
21
1.3507425590551181
0
LINE
8
BLACK
6
CONTINUOUS
10
1.5144685039370078
20
1.3507425590551181
11
1.5150450787401575
21
1.3521344881889763
0
LINE
8
BLACK
6
CONTINUOUS
10
1.5150450787401575
20
1.3521344881889763
11
1.5164370078740157
21
1.352711062992126
0
LINE
8
BLACK
6
CONTINUOUS
10
1.5164370078740157
20
1.352711062992126
11
1.5341535433070865
21
1.352711062992126
0
LINE
8
BLACK
6
CONTINUOUS
10
1.5341535433070865
20
1.352711062992126
11
1.5341535433070865
21
1.3704275984251968
0
LINE
8
BLACK
6
CONTINUOUS
10
1.5341535433070865
20
1.3704275984251968
11
1.5347301181102362
21
1.371819527559055
0
LINE
8
BLACK
6
CONTINUOUS
10
1.5347301181102362
20
1.371819527559055
11
1.5361220472440944
21
1.3723961023622047
0
LINE
8
BLACK
6
CONTINUOUS
10
1.5361220472440944
20
1.3723961023622047
11
1.5375139763779526
21
1.371819527559055
0
LINE
8
BLACK
6
CONTINUOUS
10
1.4673282283464566
20
1.3996371259842519
11
1.4845245275590551
21
1.3973731889763779
0
LINE
8
BLACK
6
CONTINUOUS
10
1.4845245275590551
20
1.3973731889763779
11
1.5014581102362203
21
1.393619094488189
0
LINE
8
BLACK
6
CONTINUOUS
10
1.5014581102362203
20
1.393619094488189
11
1.5180000787401575
21
1.3884034645669292
0
LINE
8
BLACK
6
CONTINUOUS
10
1.5180000787401575
20
1.3884034645669292
11
1.5340244881889764
21
1.381765905511811
0
LINE
8
BLACK
6
CONTINUOUS
10
1.5340244881889764
20
1.381765905511811
11
1.5494094488188976
21
1.3737570078740158
0
LINE
8
BLACK
6
CONTINUOUS
10
1.5494094488188976
20
1.3737570078740158
11
1.5640378346456691
21
1.3644377165354331
0
LINE
8
BLACK
6
CONTINUOUS
10
1.5640378346456691
20
1.3644377165354331
11
1.5777983070866142
21
1.3538788976377953
0
LINE
8
BLACK
6
CONTINUOUS
10
1.5777983070866142
20
1.3538788976377953
11
1.5905861811023623
21
1.3421609842519684
0
LINE
8
BLACK
6
CONTINUOUS
10
1.5905861811023623
20
1.3421609842519684
11
1.602304094488189
21
1.3293731102362205
0
LINE
8
BLACK
6
CONTINUOUS
10
1.602304094488189
20
1.3293731102362205
11
1.6128629133858268
21
1.3156126377952755
0
LINE
8
BLACK
6
CONTINUOUS
10
1.6128629133858268
20
1.3156126377952755
11
1.6221822047244094
21
1.300984251968504
0
LINE
8
BLACK
6
CONTINUOUS
10
1.6221822047244094
20
1.300984251968504
11
1.6301911023622047
21
1.2855992913385828
0
LINE
8
BLACK
6
CONTINUOUS
10
1.6301911023622047
20
1.2855992913385828
11
1.6368286614173229
21
1.2695748818897636
0
LINE
8
BLACK
6
CONTINUOUS
10
1.6368286614173229
20
1.2695748818897636
11
1.6420442913385827
21
1.2530329133858267
0
LINE
8
BLACK
6
CONTINUOUS
10
1.6420442913385827
20
1.2530329133858267
11
1.6457983858267715
21
1.2360993307086614
0
LINE
8
BLACK
6
CONTINUOUS
10
1.6457983858267715
20
1.2360993307086614
11
1.6480623228346456
21
1.2189030314960629
0
LINE
8
BLACK
6
CONTINUOUS
10
1.6480623228346456
20
1.2189030314960629
11
1.6488188976377953
21
1.2015748031496063
0
LINE
8
BLACK
6
CONTINUOUS
10
1.6488188976377953
20
1.2015748031496063
11
1.6480623228346456
21
1.1842465748031497
0
LINE
8
BLACK
6
CONTINUOUS
10
1.6480623228346456
20
1.1842465748031497
11
1.6457983858267715
21
1.1670502755905512
0
LINE
8
BLACK
6
CONTINUOUS
10
1.6457983858267715
20
1.1670502755905512
11
1.6420442913385827
21
1.1501166929133857
0
LINE
8
BLACK
6
CONTINUOUS
10
1.6420442913385827
20
1.1501166929133857
11
1.6368286614173229
21
1.1335747244094487
0
LINE
8
BLACK
6
CONTINUOUS
10
1.6368286614173229
20
1.1335747244094487
11
1.6301911023622047
21
1.1175503149606298
0
LINE
8
BLACK
6
CONTINUOUS
10
1.6301911023622047
20
1.1175503149606298
11
1.6221822047244094
21
1.1021653543307086
0
LINE
8
BLACK
6
CONTINUOUS
10
1.6221822047244094
20
1.1021653543307086
11
1.6128629133858268
21
1.0875369685039369
0
LINE
8
BLACK
6
CONTINUOUS
10
1.6128629133858268
20
1.0875369685039369
11
1.602304094488189
21
1.0737764960629921
0
LINE
8
BLACK
6
CONTINUOUS
10
1.602304094488189
20
1.0737764960629921
11
1.5905861811023623
21
1.060988622047244
0
LINE
8
BLACK
6
CONTINUOUS
10
1.5905861811023623
20
1.060988622047244
11
1.5777983070866142
21
1.0492707086614173
0
LINE
8
BLACK
6
CONTINUOUS
10
1.5777983070866142
20
1.0492707086614173
11
1.5640378346456691
21
1.0387118897637795
0
LINE
8
BLACK
6
CONTINUOUS
10
1.5640378346456691
20
1.0387118897637795
11
1.5494094488188976
21
1.0293925984251968
0
LINE
8
BLACK
6
CONTINUOUS
10
1.5494094488188976
20
1.0293925984251968
11
1.5340244881889764
21
1.0213837007874016
0
LINE
8
BLACK
6
CONTINUOUS
10
1.5340244881889764
20
1.0213837007874016
11
1.5180000787401575
21
1.0147461417322834
0
LINE
8
BLACK
6
CONTINUOUS
10
1.5180000787401575
20
1.0147461417322834
11
1.5014581102362203
21
1.0095305118110236
0
LINE
8
BLACK
6
CONTINUOUS
10
1.5014581102362203
20
1.0095305118110236
11
1.4845245275590551
21
1.0057764173228345
0
LINE
8
BLACK
6
CONTINUOUS
10
1.4845245275590551
20
1.0057764173228345
11
1.4673282283464566
21
1.0035124803149607
0
LINE
8
BLACK
6
CONTINUOUS
10
1.4673282283464566
20
1.0035124803149607
11
1.45
21
1.0027559055118109
0
LINE
8
BLACK
6
CONTINUOUS
10
1.45
20
1.0027559055118109
11
1.4326717716535433
21
1.0035124803149607
0
LINE
8
BLACK
6
CONTINUOUS
10
1.4326717716535433
20
1.0035124803149607
11
1.4154754724409448
21
1.0057764173228345
0
LINE
8
BLACK
6
CONTINUOUS
10
1.4154754724409448
20
1.0057764173228345
11
1.3985418897637796
21
1.0095305118110236
0
LINE
8
BLACK
6
CONTINUOUS
10
1.3985418897637796
20
1.0095305118110236
11
1.3819999212598424
21
1.0147461417322834
0
LINE
8
BLACK
6
CONTINUOUS
10
1.3819999212598424
20
1.0147461417322834
11
1.3659755118110235
21
1.0213837007874016
0
LINE
8
BLACK
6
CONTINUOUS
10
1.3659755118110235
20
1.0213837007874016
11
1.3505905511811023
21
1.0293925984251968
0
LINE
8
BLACK
6
CONTINUOUS
10
1.3505905511811023
20
1.0293925984251968
11
1.3359621653543308
21
1.0387118897637795
0
LINE
8
BLACK
6
CONTINUOUS
10
1.3359621653543308
20
1.0387118897637795
11
1.3222016929133857
21
1.0492707086614173
0
LINE
8
BLACK
6
CONTINUOUS
10
1.3222016929133857
20
1.0492707086614173
11
1.3094138188976379
21
1.060988622047244
0
LINE
8
BLACK
6
CONTINUOUS
10
1.3094138188976379
20
1.060988622047244
11
1.2976959055118109
21
1.0737764960629921
0
LINE
8
BLACK
6
CONTINUOUS
10
1.2976959055118109
20
1.0737764960629921
11
1.2871370866141731
21
1.0875369685039369
0
LINE
8
BLACK
6
CONTINUOUS
10
1.2871370866141731
20
1.0875369685039369
11
1.2778177952755905
21
1.1021653543307086
0
LINE
8
BLACK
6
CONTINUOUS
10
1.2778177952755905
20
1.1021653543307086
11
1.2698088976377953
21
1.1175503149606298
0
LINE
8
BLACK
6
CONTINUOUS
10
1.2698088976377953
20
1.1175503149606298
11
1.2631713385826771
21
1.1335747244094487
0
LINE
8
BLACK
6
CONTINUOUS
10
1.2631713385826771
20
1.1335747244094487
11
1.2579557086614173
21
1.1501166929133857
0
LINE
8
BLACK
6
CONTINUOUS
10
1.2579557086614173
20
1.1501166929133857
11
1.2542016141732284
21
1.1670502755905512
0
LINE
8
BLACK
6
CONTINUOUS
10
1.2542016141732284
20
1.1670502755905512
11
1.2519376771653543
21
1.1842465748031497
0
LINE
8
BLACK
6
CONTINUOUS
10
1.2519376771653543
20
1.1842465748031497
11
1.2511811023622046
21
1.2015748031496063
0
LINE
8
BLACK
6
CONTINUOUS
10
1.2511811023622046
20
1.2015748031496063
11
1.2519376771653543
21
1.2189030314960629
0
LINE
8
BLACK
6
CONTINUOUS
10
1.2519376771653543
20
1.2189030314960629
11
1.2542016141732284
21
1.2360993307086614
0
LINE
8
BLACK
6
CONTINUOUS
10
1.2542016141732284
20
1.2360993307086614
11
1.2579557086614173
21
1.2530329133858267
0
LINE
8
BLACK
6
CONTINUOUS
10
1.2579557086614173
20
1.2530329133858267
11
1.2631713385826771
21
1.2695748818897636
0
LINE
8
BLACK
6
CONTINUOUS
10
1.2631713385826771
20
1.2695748818897636
11
1.2698088976377953
21
1.2855992913385828
0
LINE
8
BLACK
6
CONTINUOUS
10
1.2698088976377953
20
1.2855992913385828
11
1.2778177952755905
21
1.300984251968504
0
LINE
8
BLACK
6
CONTINUOUS
10
1.2778177952755905
20
1.300984251968504
11
1.2871370866141731
21
1.3156126377952755
0
LINE
8
BLACK
6
CONTINUOUS
10
1.2871370866141731
20
1.3156126377952755
11
1.2976959055118109
21
1.3293731102362205
0
LINE
8
BLACK
6
CONTINUOUS
10
1.2976959055118109
20
1.3293731102362205
11
1.3094138188976379
21
1.3421609842519684
0
LINE
8
BLACK
6
CONTINUOUS
10
1.3094138188976379
20
1.3421609842519684
11
1.3222016929133857
21
1.3538788976377953
0
LINE
8
BLACK
6
CONTINUOUS
10
1.3222016929133857
20
1.3538788976377953
11
1.3359621653543308
21
1.3644377165354331
0
LINE
8
BLACK
6
CONTINUOUS
10
1.3359621653543308
20
1.3644377165354331
11
1.3505905511811023
21
1.3737570078740158
0
LINE
8
BLACK
6
CONTINUOUS
10
1.3505905511811023
20
1.3737570078740158
11
1.3659755118110235
21
1.381765905511811
0
LINE
8
BLACK
6
CONTINUOUS
10
1.3659755118110235
20
1.381765905511811
11
1.3819999212598424
21
1.3884034645669292
0
LINE
8
BLACK
6
CONTINUOUS
10
1.3819999212598424
20
1.3884034645669292
11
1.3985418897637796
21
1.393619094488189
0
LINE
8
BLACK
6
CONTINUOUS
10
1.3985418897637796
20
1.393619094488189
11
1.4154754724409448
21
1.3973731889763779
0
LINE
8
BLACK
6
CONTINUOUS
10
1.4154754724409448
20
1.3973731889763779
11
1.4326717716535433
21
1.3996371259842519
0
LINE
8
BLACK
6
CONTINUOUS
10
1.4326717716535433
20
1.3996371259842519
11
1.45
21
1.4003937007874014
0
LINE
8
BLACK
6
CONTINUOUS
10
1.45
20
1.4003937007874014
11
1.4673282283464566
21
1.3996371259842519
0
LINE
8
BLACK
6
CONTINUOUS
10
1.2557070078740158
20
1.1840881102362204
11
1.2580566929133858
21
1.1667422440944881
0
LINE
8
BLACK
6
CONTINUOUS
10
1.2580566929133858
20
1.1667422440944881
11
1.2619517716535433
21
1.1496767716535432
0
LINE
8
BLACK
6
CONTINUOUS
10
1.2619517716535433
20
1.1496767716535432
11
1.2673609055118109
21
1.1330292125984252
0
LINE
8
BLACK
6
CONTINUOUS
10
1.2673609055118109
20
1.1330292125984252
11
1.2742405118110236
21
1.1169335039370079
0
LINE
8
BLACK
6
CONTINUOUS
10
1.2742405118110236
20
1.1169335039370079
11
1.2825352755905512
21
1.1015192913385827
0
LINE
8
BLACK
6
CONTINUOUS
10
1.2825352755905512
20
1.1015192913385827
11
1.2921783464566929
21
1.0869106692913386
0
LINE
8
BLACK
6
CONTINUOUS
10
1.2921783464566929
20
1.0869106692913386
11
1.3030920866141733
21
1.0732252362204724
0
LINE
8
BLACK
6
CONTINUOUS
10
1.3030920866141733
20
1.0732252362204724
11
1.3151886614173227
21
1.0605731889763779
0
LINE
8
BLACK
6
CONTINUOUS
10
1.3151886614173227
20
1.0605731889763779
11
1.3283706692913386
21
1.0490564566929133
0
LINE
8
BLACK
6
CONTINUOUS
10
1.3283706692913386
20
1.0490564566929133
11
1.342531968503937
21
1.0387676771653542
0
LINE
8
BLACK
6
CONTINUOUS
10
1.342531968503937
20
1.0387676771653542
11
1.3575585039370079
21
1.0297897244094487
0
LINE
8
BLACK
6
CONTINUOUS
10
1.3575585039370079
20
1.0297897244094487
11
1.3733293307086614
21
1.0221948818897637
0
LINE
8
BLACK
6
CONTINUOUS
10
1.3733293307086614
20
1.0221948818897637
11
1.3897174803149606
21
1.0160442913385828
0
LINE
8
BLACK
6
CONTINUOUS
10
1.3897174803149606
20
1.0160442913385828
11
1.4065909842519684
21
1.0113875196850393
0
LINE
8
BLACK
6
CONTINUOUS
10
1.4065909842519684
20
1.0113875196850393
11
1.4238140157480315
21
1.0082620078740157
0
LINE
8
BLACK
6
CONTINUOUS
10
1.4238140157480315
20
1.0082620078740157
11
1.4412478346456692
21
1.0066929133858267
0
LINE
8
BLACK
6
CONTINUOUS
10
1.4412478346456692
20
1.0066929133858267
11
1.4587521653543307
21
1.0066929133858267
0
LINE
8
BLACK
6
CONTINUOUS
10
1.4587521653543307
20
1.0066929133858267
11
1.4761859842519685
21
1.0082620078740157
0
LINE
8
BLACK
6
CONTINUOUS
10
1.4761859842519685
20
1.0082620078740157
11
1.4934090157480315
21
1.0113875196850393
0
LINE
8
BLACK
6
CONTINUOUS
10
1.4934090157480315
20
1.0113875196850393
11
1.5102825196850393
21
1.0160442913385828
0
LINE
8
BLACK
6
CONTINUOUS
10
1.5102825196850393
20
1.0160442913385828
11
1.5266706692913385
21
1.0221948818897637
0
LINE
8
BLACK
6
CONTINUOUS
10
1.5266706692913385
20
1.0221948818897637
11
1.5424414960629922
21
1.0297897244094487
0
LINE
8
BLACK
6
CONTINUOUS
10
1.5424414960629922
20
1.0297897244094487
11
1.5574680314960629
21
1.0387676771653542
0
LINE
8
BLACK
6
CONTINUOUS
10
1.5574680314960629
20
1.0387676771653542
11
1.5716293307086613
21
1.0490564566929133
0
LINE
8
BLACK
6
CONTINUOUS
10
1.5716293307086613
20
1.0490564566929133
11
1.5848113385826772
21
1.0605731889763779
0
LINE
8
BLACK
6
CONTINUOUS
10
1.5848113385826772
20
1.0605731889763779
11
1.5969079133858268
21
1.0732252362204724
0
LINE
8
BLACK
6
CONTINUOUS
10
1.5969079133858268
20
1.0732252362204724
11
1.607821653543307
21
1.0869106692913386
0
LINE
8
BLACK
6
CONTINUOUS
10
1.607821653543307
20
1.0869106692913386
11
1.6174647244094489
21
1.1015192913385827
0
LINE
8
BLACK
6
CONTINUOUS
10
1.6174647244094489
20
1.1015192913385827
11
1.6257594881889763
21
1.1169335039370079
0
LINE
8
BLACK
6
CONTINUOUS
10
1.6257594881889763
20
1.1169335039370079
11
1.632639094488189
21
1.1330292125984252
0
LINE
8
BLACK
6
CONTINUOUS
10
1.632639094488189
20
1.1330292125984252
11
1.6380482283464566
21
1.1496767716535432
0
LINE
8
BLACK
6
CONTINUOUS
10
1.6380482283464566
20
1.1496767716535432
11
1.6419433070866141
21
1.1667422440944881
0
LINE
8
BLACK
6
CONTINUOUS
10
1.6419433070866141
20
1.1667422440944881
11
1.6442929921259841
21
1.1840881102362204
0
LINE
8
BLACK
6
CONTINUOUS
10
1.6442929921259841
20
1.1840881102362204
11
1.6450783070866142
21
1.2015748031496063
0
LINE
8
BLACK
6
CONTINUOUS
10
1.6450783070866142
20
1.2015748031496063
11
1.6442929921259841
21
1.2190614960629922
0
LINE
8
BLACK
6
CONTINUOUS
10
1.6442929921259841
20
1.2190614960629922
11
1.6419433070866141
21
1.2364073622047245
0
LINE
8
BLACK
6
CONTINUOUS
10
1.6419433070866141
20
1.2364073622047245
11
1.6380482283464566
21
1.2534728346456692
0
LINE
8
BLACK
6
CONTINUOUS
10
1.6380482283464566
20
1.2534728346456692
11
1.632639094488189
21
1.2701203937007874
0
LINE
8
BLACK
6
CONTINUOUS
10
1.632639094488189
20
1.2701203937007874
11
1.6257594881889763
21
1.2862161023622047
0
LINE
8
BLACK
6
CONTINUOUS
10
1.6257594881889763
20
1.2862161023622047
11
1.6174647244094489
21
1.3016303149606299
0
LINE
8
BLACK
6
CONTINUOUS
10
1.6174647244094489
20
1.3016303149606299
11
1.607821653543307
21
1.316238937007874
0
LINE
8
BLACK
6
CONTINUOUS
10
1.607821653543307
20
1.316238937007874
11
1.5969079133858268
21
1.3299243700787402
0
LINE
8
BLACK
6
CONTINUOUS
10
1.5969079133858268
20
1.3299243700787402
11
1.5848113385826772
21
1.3425764173228347
0
LINE
8
BLACK
6
CONTINUOUS
10
1.5848113385826772
20
1.3425764173228347
11
1.5716293307086613
21
1.3540931496062991
0
LINE
8
BLACK
6
CONTINUOUS
10
1.5716293307086613
20
1.3540931496062991
11
1.5574680314960629
21
1.3643819291338581
0
LINE
8
BLACK
6
CONTINUOUS
10
1.5574680314960629
20
1.3643819291338581
11
1.5424414960629922
21
1.3733598818897637
0
LINE
8
BLACK
6
CONTINUOUS
10
1.5424414960629922
20
1.3733598818897637
11
1.5266706692913385
21
1.3809547244094489
0
LINE
8
BLACK
6
CONTINUOUS
10
1.5266706692913385
20
1.3809547244094489
11
1.5102825196850393
21
1.3871053149606298
0
LINE
8
BLACK
6
CONTINUOUS
10
1.5102825196850393
20
1.3871053149606298
11
1.4934090157480315
21
1.3917620866141731
0
LINE
8
BLACK
6
CONTINUOUS
10
1.4934090157480315
20
1.3917620866141731
11
1.4761859842519685
21
1.3948875984251967
0
LINE
8
BLACK
6
CONTINUOUS
10
1.4761859842519685
20
1.3948875984251967
11
1.4587521653543307
21
1.3964566929133857
0
LINE
8
BLACK
6
CONTINUOUS
10
1.4587521653543307
20
1.3964566929133857
11
1.4412478346456692
21
1.3964566929133857
0
LINE
8
BLACK
6
CONTINUOUS
10
1.4412478346456692
20
1.3964566929133857
11
1.4238140157480315
21
1.3948875984251967
0
LINE
8
BLACK
6
CONTINUOUS
10
1.4238140157480315
20
1.3948875984251967
11
1.4065909842519684
21
1.3917620866141731
0
LINE
8
BLACK
6
CONTINUOUS
10
1.4065909842519684
20
1.3917620866141731
11
1.3897174803149606
21
1.3871053149606298
0
LINE
8
BLACK
6
CONTINUOUS
10
1.3897174803149606
20
1.3871053149606298
11
1.3733293307086614
21
1.3809547244094489
0
LINE
8
BLACK
6
CONTINUOUS
10
1.3733293307086614
20
1.3809547244094489
11
1.3575585039370079
21
1.3733598818897637
0
LINE
8
BLACK
6
CONTINUOUS
10
1.3575585039370079
20
1.3733598818897637
11
1.342531968503937
21
1.3643819291338581
0
LINE
8
BLACK
6
CONTINUOUS
10
1.342531968503937
20
1.3643819291338581
11
1.3283706692913386
21
1.3540931496062991
0
LINE
8
BLACK
6
CONTINUOUS
10
1.3283706692913386
20
1.3540931496062991
11
1.3151886614173227
21
1.3425764173228347
0
LINE
8
BLACK
6
CONTINUOUS
10
1.3151886614173227
20
1.3425764173228347
11
1.3030920866141733
21
1.3299243700787402
0
LINE
8
BLACK
6
CONTINUOUS
10
1.3030920866141733
20
1.3299243700787402
11
1.2921783464566929
21
1.316238937007874
0
LINE
8
BLACK
6
CONTINUOUS
10
1.2921783464566929
20
1.316238937007874
11
1.2825352755905512
21
1.3016303149606299
0
LINE
8
BLACK
6
CONTINUOUS
10
1.2825352755905512
20
1.3016303149606299
11
1.2742405118110236
21
1.2862161023622047
0
LINE
8
BLACK
6
CONTINUOUS
10
1.2742405118110236
20
1.2862161023622047
11
1.2673609055118109
21
1.2701203937007874
0
LINE
8
BLACK
6
CONTINUOUS
10
1.2673609055118109
20
1.2701203937007874
11
1.2619517716535433
21
1.2534728346456692
0
LINE
8
BLACK
6
CONTINUOUS
10
1.2619517716535433
20
1.2534728346456692
11
1.2580566929133858
21
1.2364073622047245
0
LINE
8
BLACK
6
CONTINUOUS
10
1.2580566929133858
20
1.2364073622047245
11
1.2557070078740158
21
1.2190614960629922
0
LINE
8
BLACK
6
CONTINUOUS
10
1.2557070078740158
20
1.2190614960629922
11
1.2549216929133857
21
1.2015748031496063
0
LINE
8
BLACK
6
CONTINUOUS
10
1.2549216929133857
20
1.2015748031496063
11
1.2557070078740158
21
1.1840881102362204
0
LINE
8
BLACK
6
CONTINUOUS
10
0.7458653149606299
20
1.0386633070866143
11
0.7468270866141732
21
1.0368871653543308
0
LINE
8
BLACK
6
CONTINUOUS
10
0.7468270866141732
20
1.0368871653543308
11
0.7464221259842519
21
1.0349083858267716
0
LINE
8
BLACK
6
CONTINUOUS
10
0.7464221259842519
20
1.0349083858267716
11
0.7448399999999999
21
1.0336528346456693
0
LINE
8
BLACK
6
CONTINUOUS
10
0.7448399999999999
20
1.0336528346456693
11
0.7356103937007874
21
1.0305762992125984
0
LINE
8
BLACK
6
CONTINUOUS
10
0.7356103937007874
20
1.0305762992125984
11
0.7356103937007874
21
1.0160850787401574
0
LINE
8
BLACK
6
CONTINUOUS
10
0.7356103937007874
20
1.0160850787401574
11
0.7448399999999999
21
1.0130085826771653
0
LINE
8
BLACK
6
CONTINUOUS
10
0.7448399999999999
20
1.0130085826771653
11
0.7457417716535433
21
1.0125203149606299
0
LINE
8
BLACK
6
CONTINUOUS
10
0.7457417716535433
20
1.0125203149606299
11
0.7467990551181102
21
1.0107993307086613
0
LINE
8
BLACK
6
CONTINUOUS
10
0.7467990551181102
20
1.0107993307086613
11
0.7465027952755905
21
1.0088013779527558
0
LINE
8
BLACK
6
CONTINUOUS
10
0.7465027952755905
20
1.0088013779527558
11
0.7449915354330708
21
1.0074612992125984
0
LINE
8
BLACK
6
CONTINUOUS
10
0.7449915354330708
20
1.0074612992125984
11
0.7429725196850393
21
1.0074061417322835
0
LINE
8
BLACK
6
CONTINUOUS
10
0.7429725196850393
20
1.0074061417322835
11
0.7036024409448819
21
1.0205294881889764
0
LINE
8
BLACK
6
CONTINUOUS
10
0.7036024409448819
20
1.0205294881889764
11
0.7027006692913386
21
1.0210177952755906
0
LINE
8
BLACK
6
CONTINUOUS
10
0.7027006692913386
20
1.0210177952755906
11
0.7026561417322834
21
1.0210901968503936
0
LINE
8
BLACK
6
CONTINUOUS
10
0.7026561417322834
20
1.0210901968503936
11
0.7025771259842519
21
1.0211214566929134
0
LINE
8
BLACK
6
CONTINUOUS
10
0.7025771259842519
20
1.0211214566929134
11
0.7021322834645669
21
1.0219429133858267
0
LINE
8
BLACK
6
CONTINUOUS
10
0.7021322834645669
20
1.0219429133858267
11
0.7016433858267717
21
1.0227387401574803
0
LINE
8
BLACK
6
CONTINUOUS
10
0.7016433858267717
20
1.0227387401574803
11
0.7016558267716535
21
1.0228227952755906
0
LINE
8
BLACK
6
CONTINUOUS
10
0.7016558267716535
20
1.0228227952755906
11
0.7016153543307087
21
1.0228975984251969
0
LINE
8
BLACK
6
CONTINUOUS
10
0.7016153543307087
20
1.0228975984251969
11
0.7018025984251969
21
1.0238126771653544
0
LINE
8
BLACK
6
CONTINUOUS
10
0.7018025984251969
20
1.0238126771653544
11
0.7019396456692913
21
1.0247367322834646
0
LINE
8
BLACK
6
CONTINUOUS
10
0.7019396456692913
20
1.0247367322834646
11
0.7020032677165354
21
1.0247931496062992
0
LINE
8
BLACK
6
CONTINUOUS
10
0.7020032677165354
20
1.0247931496062992
11
0.7020203149606299
21
1.0248763779527559
0
LINE
8
BLACK
6
CONTINUOUS
10
0.7020203149606299
20
1.0248763779527559
11
0.7027515748031495
21
1.0254566929133857
0
LINE
8
BLACK
6
CONTINUOUS
10
0.7027515748031495
20
1.0254566929133857
11
0.7034508661417322
21
1.0260767716535433
0
LINE
8
BLACK
6
CONTINUOUS
10
0.7034508661417322
20
1.0260767716535433
11
0.7035358267716535
21
1.0260790551181103
0
LINE
8
BLACK
6
CONTINUOUS
10
0.7035358267716535
20
1.0260790551181103
11
0.7036024409448819
21
1.0261319291338582
0
LINE
8
BLACK
6
CONTINUOUS
10
0.7036024409448819
20
1.0261319291338582
11
0.7429725196850393
21
1.0392552755905511
0
LINE
8
BLACK
6
CONTINUOUS
10
0.7429725196850393
20
1.0392552755905511
11
0.7439868897637795
21
1.0394057086614172
0
LINE
8
BLACK
6
CONTINUOUS
10
0.7439868897637795
20
1.0394057086614172
11
0.7458653149606299
21
1.0386633070866143
0
LINE
8
BLACK
6
CONTINUOUS
10
0.7138735826771654
20
1.0233307086614174
11
0.7297048818897638
21
1.0180535826771653
0
LINE
8
BLACK
6
CONTINUOUS
10
0.7297048818897638
20
1.0180535826771653
11
0.7297048818897638
21
1.0286077952755905
0
LINE
8
BLACK
6
CONTINUOUS
10
0.7297048818897638
20
1.0286077952755905
11
0.7138735826771654
21
1.0233307086614174
0
LINE
8
BLACK
6
CONTINUOUS
10
1.1822362992125983
20
1.0540503543307087
11
1.232855
21
1.0203046062992125
0
LINE
8
BLACK
6
CONTINUOUS
10
1.232855
20
1.0203046062992125
11
1.2335965354330709
21
1.0195962204724409
0
LINE
8
BLACK
6
CONTINUOUS
10
1.2335965354330709
20
1.0195962204724409
11
1.2341637401574803
21
1.017657716535433
0
LINE
8
BLACK
6
CONTINUOUS
10
1.2341637401574803
20
1.017657716535433
11
1.2333522047244094
21
1.0158080708661417
0
LINE
8
BLACK
6
CONTINUOUS
10
1.2333522047244094
20
1.0158080708661417
11
1.231541653543307
21
1.014912874015748
0
LINE
8
BLACK
6
CONTINUOUS
10
1.231541653543307
20
1.014912874015748
11
1.2295792125984251
21
1.0153909055118111
0
LINE
8
BLACK
6
CONTINUOUS
10
1.2295792125984251
20
1.0153909055118111
11
1.1789605511811023
21
1.0491366535433071
0
LINE
8
BLACK
6
CONTINUOUS
10
1.1789605511811023
20
1.0491366535433071
11
1.1782190157480315
21
1.0498450393700787
0
LINE
8
BLACK
6
CONTINUOUS
10
1.1782190157480315
20
1.0498450393700787
11
1.1776517716535433
21
1.0517835433070866
0
LINE
8
BLACK
6
CONTINUOUS
10
1.1776517716535433
20
1.0517835433070866
11
1.1784633070866142
21
1.0536331496062992
0
LINE
8
BLACK
6
CONTINUOUS
10
1.1784633070866142
20
1.0536331496062992
11
1.1802738976377953
21
1.0545283464566928
0
LINE
8
BLACK
6
CONTINUOUS
10
1.1802738976377953
20
1.0545283464566928
11
1.1822362992125983
21
1.0540503543307087
0
LINE
8
BLACK
6
CONTINUOUS
10
1.833181653543307
20
1.060332716535433
11
1.8341190551181101
21
1.0593953543307086
0
LINE
8
BLACK
6
CONTINUOUS
10
1.8341190551181101
20
1.0593953543307086
11
1.8342593307086614
21
1.0590566141732283
0
LINE
8
BLACK
6
CONTINUOUS
10
1.8342593307086614
20
1.0590566141732283
11
1.8344994881889762
21
1.0587797637795275
0
LINE
8
BLACK
6
CONTINUOUS
10
1.8344994881889762
20
1.0587797637795275
11
1.8354368897637794
21
1.0559675590551181
0
LINE
8
BLACK
6
CONTINUOUS
10
1.8354368897637794
20
1.0559675590551181
11
1.8354185039370079
21
1.0557089763779528
0
LINE
8
BLACK
6
CONTINUOUS
10
1.8354185039370079
20
1.0557089763779528
11
1.8355176771653543
21
1.0554696062992126
0
LINE
8
BLACK
6
CONTINUOUS
10
1.8355176771653543
20
1.0554696062992126
11
1.8355176771653543
21
1.053594842519685
0
LINE
8
BLACK
6
CONTINUOUS
10
1.8355176771653543
20
1.053594842519685
11
1.8354185039370079
21
1.0533553937007873
0
LINE
8
BLACK
6
CONTINUOUS
10
1.8354185039370079
20
1.0533553937007873
11
1.8354368897637794
21
1.0530968503937008
0
LINE
8
BLACK
6
CONTINUOUS
10
1.8354368897637794
20
1.0530968503937008
11
1.8344994881889762
21
1.0502847244094489
0
LINE
8
BLACK
6
CONTINUOUS
10
1.8344994881889762
20
1.0502847244094489
11
1.8342593307086614
21
1.0500078346456692
0
LINE
8
BLACK
6
CONTINUOUS
10
1.8342593307086614
20
1.0500078346456692
11
1.8341190551181101
21
1.0496691338582678
0
LINE
8
BLACK
6
CONTINUOUS
10
1.8341190551181101
20
1.0496691338582678
11
1.8322442519685038
21
1.0477943700787402
0
LINE
8
BLACK
6
CONTINUOUS
10
1.8322442519685038
20
1.0477943700787402
11
1.8320047637795276
21
1.0476951574803148
0
LINE
8
BLACK
6
CONTINUOUS
10
1.8320047637795276
20
1.0476951574803148
11
1.8318349999999999
21
1.0474994094488188
0
LINE
8
BLACK
6
CONTINUOUS
10
1.8318349999999999
20
1.0474994094488188
11
1.8299602362204723
21
1.0465620078740157
0
LINE
8
BLACK
6
CONTINUOUS
10
1.8299602362204723
20
1.0465620078740157
11
1.8297816929133859
21
1.0465492913385825
0
LINE
8
BLACK
6
CONTINUOUS
10
1.8297816929133859
20
1.0465492913385825
11
1.829637874015748
21
1.0464427559055118
0
LINE
8
BLACK
6
CONTINUOUS
10
1.829637874015748
20
1.0464427559055118
11
1.8258883464566928
21
1.0455053937007874
0
LINE
8
BLACK
6
CONTINUOUS
10
1.8258883464566928
20
1.0455053937007874
11
1.8256908267716534
21
1.0455347637795276
0
LINE
8
BLACK
6
CONTINUOUS
10
1.8256908267716534
20
1.0455347637795276
11
1.8255064173228346
21
1.0454583858267716
0
LINE
8
BLACK
6
CONTINUOUS
10
1.8255064173228346
20
1.0454583858267716
11
1.8226942913385826
21
1.0454583858267716
0
LINE
8
BLACK
6
CONTINUOUS
10
1.8226942913385826
20
1.0454583858267716
11
1.8225098425196851
21
1.0455347637795276
0
LINE
8
BLACK
6
CONTINUOUS
10
1.8225098425196851
20
1.0455347637795276
11
1.8223123622047244
21
1.0455053937007874
0
LINE
8
BLACK
6
CONTINUOUS
10
1.8223123622047244
20
1.0455053937007874
11
1.8185628346456693
21
1.0464427559055118
0
LINE
8
BLACK
6
CONTINUOUS
10
1.8185628346456693
20
1.0464427559055118
11
1.8184189763779528
21
1.0465492913385825
0
LINE
8
BLACK
6
CONTINUOUS
10
1.8184189763779528
20
1.0465492913385825
11
1.8182404724409449
21
1.0465620078740157
0
LINE
8
BLACK
6
CONTINUOUS
10
1.8182404724409449
20
1.0465620078740157
11
1.8163657086614173
21
1.0474994094488188
0
LINE
8
BLACK
6
CONTINUOUS
10
1.8163657086614173
20
1.0474994094488188
11
1.8161958661417323
21
1.0476951968503936
0
LINE
8
BLACK
6
CONTINUOUS
10
1.8161958661417323
20
1.0476951968503936
11
1.8159564173228346
21
1.047794409448819
0
LINE
8
BLACK
6
CONTINUOUS
10
1.8159564173228346
20
1.047794409448819
11
1.8140816929133858
21
1.0496691732283465
0
LINE
8
BLACK
6
CONTINUOUS
10
1.8140816929133858
20
1.0496691732283465
11
1.8139413779527558
21
1.0500077952755906
0
LINE
8
BLACK
6
CONTINUOUS
10
1.8139413779527558
20
1.0500077952755906
11
1.8137012598425197
21
1.0502847244094489
0
LINE
8
BLACK
6
CONTINUOUS
10
1.8137012598425197
20
1.0502847244094489
11
1.8127638582677166
21
1.0530968503937008
0
LINE
8
BLACK
6
CONTINUOUS
10
1.8127638582677166
20
1.0530968503937008
11
1.8127822047244093
21
1.0533553543307086
0
LINE
8
BLACK
6
CONTINUOUS
10
1.8127822047244093
20
1.0533553543307086
11
1.8126830314960629
21
1.053594842519685
0
LINE
8
BLACK
6
CONTINUOUS
10
1.8126830314960629
20
1.053594842519685
11
1.8126830314960629
21
1.0554696062992126
0
LINE
8
BLACK
6
CONTINUOUS
10
1.8126830314960629
20
1.0554696062992126
11
1.8127822047244093
21
1.0557090551181103
0
LINE
8
BLACK
6
CONTINUOUS
10
1.8127822047244093
20
1.0557090551181103
11
1.8127638582677166
21
1.0559675984251968
0
LINE
8
BLACK
6
CONTINUOUS
10
1.8127638582677166
20
1.0559675984251968
11
1.8137012598425197
21
1.0587797637795275
0
LINE
8
BLACK
6
CONTINUOUS
10
1.8137012598425197
20
1.0587797637795275
11
1.8139413779527558
21
1.059056653543307
0
LINE
8
BLACK
6
CONTINUOUS
10
1.8139413779527558
20
1.059056653543307
11
1.8140816929133858
21
1.0593953149606299
0
LINE
8
BLACK
6
CONTINUOUS
10
1.8140816929133858
20
1.0593953149606299
11
1.8150190551181102
21
1.0603326771653543
0
LINE
8
BLACK
6
CONTINUOUS
10
1.8150190551181102
20
1.0603326771653543
11
1.8161325984251968
21
1.0607939370078741
0
LINE
8
BLACK
6
CONTINUOUS
10
1.8161325984251968
20
1.0607939370078741
11
1.8172461417322834
21
1.0603326771653543
0
LINE
8
BLACK
6
CONTINUOUS
10
1.8172461417322834
20
1.0603326771653543
11
1.8177074015748031
21
1.0592191338582677
0
LINE
8
BLACK
6
CONTINUOUS
10
1.8177074015748031
20
1.0592191338582677
11
1.8172461417322834
21
1.0581055905511811
0
LINE
8
BLACK
6
CONTINUOUS
10
1.8172461417322834
20
1.0581055905511811
11
1.8165716141732282
21
1.057431062992126
0
LINE
8
BLACK
6
CONTINUOUS
10
1.8165716141732282
20
1.057431062992126
11
1.8158326377952756
21
1.0552140551181102
0
LINE
8
BLACK
6
CONTINUOUS
10
1.8158326377952756
20
1.0552140551181102
11
1.8158326377952756
21
1.0538503543307087
0
LINE
8
BLACK
6
CONTINUOUS
10
1.8158326377952756
20
1.0538503543307087
11
1.8165716141732282
21
1.0516333858267717
0
LINE
8
BLACK
6
CONTINUOUS
10
1.8165716141732282
20
1.0516333858267717
11
1.8180028346456691
21
1.0502021653543308
0
LINE
8
BLACK
6
CONTINUOUS
10
1.8180028346456691
20
1.0502021653543308
11
1.8194944094488188
21
1.0494564173228347
0
LINE
8
BLACK
6
CONTINUOUS
10
1.8194944094488188
20
1.0494564173228347
11
1.8228881889763779
21
1.0486079921259843
0
LINE
8
BLACK
6
CONTINUOUS
10
1.8228881889763779
20
1.0486079921259843
11
1.8253125196850393
21
1.0486079921259843
0
LINE
8
BLACK
6
CONTINUOUS
10
1.8253125196850393
20
1.0486079921259843
11
1.8287062598425197
21
1.0494564173228347
0
LINE
8
BLACK
6
CONTINUOUS
10
1.8287062598425197
20
1.0494564173228347
11
1.8301978346456693
21
1.0502022047244095
0
LINE
8
BLACK
6
CONTINUOUS
10
1.8301978346456693
20
1.0502022047244095
11
1.831629094488189
21
1.0516333858267717
0
LINE
8
BLACK
6
CONTINUOUS
10
1.831629094488189
20
1.0516333858267717
11
1.8323680708661416
21
1.05385031496063
0
LINE
8
BLACK
6
CONTINUOUS
10
1.8323680708661416
20
1.05385031496063
11
1.8323680708661416
21
1.0552140944881889
0
LINE
8
BLACK
6
CONTINUOUS
10
1.8323680708661416
20
1.0552140944881889
11
1.831629094488189
21
1.057431062992126
0
LINE
8
BLACK
6
CONTINUOUS
10
1.831629094488189
20
1.057431062992126
11
1.8309545669291338
21
1.0581055511811024
0
LINE
8
BLACK
6
CONTINUOUS
10
1.8309545669291338
20
1.0581055511811024
11
1.8304933070866141
21
1.059219094488189
0
LINE
8
BLACK
6
CONTINUOUS
10
1.8304933070866141
20
1.059219094488189
11
1.8309545275590551
21
1.0603326771653543
0
LINE
8
BLACK
6
CONTINUOUS
10
1.8309545275590551
20
1.0603326771653543
11
1.8320680708661417
21
1.0607939370078741
0
LINE
8
BLACK
6
CONTINUOUS
10
1.8320680708661417
20
1.0607939370078741
11
1.833181653543307
21
1.060332716535433
0
LINE
8
BLACK
6
CONTINUOUS
10
1.830531968503937
20
1.0794012992125983
11
1.8308976377952755
21
1.0793753543307087
0
LINE
8
BLACK
6
CONTINUOUS
10
1.8308976377952755
20
1.0793753543307087
11
1.832772401574803
21
1.0784379527559056
0
LINE
8
BLACK
6
CONTINUOUS
10
1.832772401574803
20
1.0784379527559056
11
1.8329421653543307
21
1.0782421653543306
0
LINE
8
BLACK
6
CONTINUOUS
10
1.8329421653543307
20
1.0782421653543306
11
1.833181653543307
21
1.0781429921259842
0
LINE
8
BLACK
6
CONTINUOUS
10
1.833181653543307
20
1.0781429921259842
11
1.8341190551181101
21
1.0772056299212598
0
LINE
8
BLACK
6
CONTINUOUS
10
1.8341190551181101
20
1.0772056299212598
11
1.8342182677165353
21
1.076966062992126
0
LINE
8
BLACK
6
CONTINUOUS
10
1.8342182677165353
20
1.076966062992126
11
1.8344140551181103
21
1.0767962992125983
0
LINE
8
BLACK
6
CONTINUOUS
10
1.8344140551181103
20
1.0767962992125983
11
1.8353514173228347
21
1.0749215748031495
0
LINE
8
BLACK
6
CONTINUOUS
10
1.8353514173228347
20
1.0749215748031495
11
1.8353773622047245
21
1.074555905511811
0
LINE
8
BLACK
6
CONTINUOUS
10
1.8353773622047245
20
1.074555905511811
11
1.8355176771653543
21
1.0742172834645669
0
LINE
8
BLACK
6
CONTINUOUS
10
1.8355176771653543
20
1.0742172834645669
11
1.8355176771653543
21
1.0704677559055118
0
LINE
8
BLACK
6
CONTINUOUS
10
1.8355176771653543
20
1.0704677559055118
11
1.8353773622047245
21
1.0701290944881889
0
LINE
8
BLACK
6
CONTINUOUS
10
1.8353773622047245
20
1.0701290944881889
11
1.8353514173228347
21
1.0697634645669292
0
LINE
8
BLACK
6
CONTINUOUS
10
1.8353514173228347
20
1.0697634645669292
11
1.8344140551181103
21
1.0678887401574804
0
LINE
8
BLACK
6
CONTINUOUS
10
1.8344140551181103
20
1.0678887401574804
11
1.8342182283464568
21
1.0677188976377952
0
LINE
8
BLACK
6
CONTINUOUS
10
1.8342182283464568
20
1.0677188976377952
11
1.8341190551181101
21
1.0674794094488189
0
LINE
8
BLACK
6
CONTINUOUS
10
1.8341190551181101
20
1.0674794094488189
11
1.833181653543307
21
1.0665420472440945
0
LINE
8
BLACK
6
CONTINUOUS
10
1.833181653543307
20
1.0665420472440945
11
1.8329421653543307
21
1.0664428346456694
0
LINE
8
BLACK
6
CONTINUOUS
10
1.8329421653543307
20
1.0664428346456694
11
1.8327723622047243
21
1.0662470472440944
0
LINE
8
BLACK
6
CONTINUOUS
10
1.8327723622047243
20
1.0662470472440944
11
1.8308975984251967
21
1.06530968503937
0
LINE
8
BLACK
6
CONTINUOUS
10
1.8308975984251967
20
1.06530968503937
11
1.830531968503937
21
1.0652837007874016
0
LINE
8
BLACK
6
CONTINUOUS
10
1.830531968503937
20
1.0652837007874016
11
1.8301933464566928
21
1.0651434251968503
0
LINE
8
BLACK
6
CONTINUOUS
10
1.8301933464566928
20
1.0651434251968503
11
1.8226942913385826
21
1.0651434251968503
0
LINE
8
BLACK
6
CONTINUOUS
10
1.8226942913385826
20
1.0651434251968503
11
1.8225098425196851
21
1.0652198031496063
0
LINE
8
BLACK
6
CONTINUOUS
10
1.8225098425196851
20
1.0652198031496063
11
1.8223123622047244
21
1.0651904330708661
0
LINE
8
BLACK
6
CONTINUOUS
10
1.8223123622047244
20
1.0651904330708661
11
1.8185628346456693
21
1.0661277952755905
0
LINE
8
BLACK
6
CONTINUOUS
10
1.8185628346456693
20
1.0661277952755905
11
1.8183414566929132
21
1.0662918110236219
0
LINE
8
BLACK
6
CONTINUOUS
10
1.8183414566929132
20
1.0662918110236219
11
1.818071220472441
21
1.0663452755905511
0
LINE
8
BLACK
6
CONTINUOUS
10
1.818071220472441
20
1.0663452755905511
11
1.8152590551181103
21
1.0682200393700787
0
LINE
8
BLACK
6
CONTINUOUS
10
1.8152590551181103
20
1.0682200393700787
11
1.8151688188976378
21
1.0683547244094489
0
LINE
8
BLACK
6
CONTINUOUS
10
1.8151688188976378
20
1.0683547244094489
11
1.8150190157480315
21
1.0684168110236221
0
LINE
8
BLACK
6
CONTINUOUS
10
1.8150190157480315
20
1.0684168110236221
11
1.8140816535433071
21
1.0693542125984252
0
LINE
8
BLACK
6
CONTINUOUS
10
1.8140816535433071
20
1.0693542125984252
11
1.8139824409448819
21
1.0695936614173227
0
LINE
8
BLACK
6
CONTINUOUS
10
1.8139824409448819
20
1.0695936614173227
11
1.8137866929133857
21
1.0697634645669292
0
LINE
8
BLACK
6
CONTINUOUS
10
1.8137866929133857
20
1.0697634645669292
11
1.8128492913385827
21
1.0716382283464567
0
LINE
8
BLACK
6
CONTINUOUS
10
1.8128492913385827
20
1.0716382283464567
11
1.8128233070866142
21
1.0720038582677165
0
LINE
8
BLACK
6
CONTINUOUS
10
1.8128233070866142
20
1.0720038582677165
11
1.8126830314960629
21
1.0723425196850394
0
LINE
8
BLACK
6
CONTINUOUS
10
1.8126830314960629
20
1.0723425196850394
11
1.8126830314960629
21
1.0760920472440945
0
LINE
8
BLACK
6
CONTINUOUS
10
1.8126830314960629
20
1.0760920472440945
11
1.8131442913385827
21
1.077205590551181
0
LINE
8
BLACK
6
CONTINUOUS
10
1.8131442913385827
20
1.077205590551181
11
1.8142578346456693
21
1.0776668503937008
0
LINE
8
BLACK
6
CONTINUOUS
10
1.8142578346456693
20
1.0776668503937008
11
1.8153713779527558
21
1.077205590551181
0
LINE
8
BLACK
6
CONTINUOUS
10
1.8153713779527558
20
1.077205590551181
11
1.8158326377952756
21
1.0760920472440945
0
LINE
8
BLACK
6
CONTINUOUS
10
1.8158326377952756
20
1.0760920472440945
11
1.8158326377952756
21
1.0727142913385828
0
LINE
8
BLACK
6
CONTINUOUS
10
1.8158326377952756
20
1.0727142913385828
11
1.8164894881889764
21
1.071400590551181
0
LINE
8
BLACK
6
CONTINUOUS
10
1.8164894881889764
20
1.071400590551181
11
1.8171358267716535
21
1.0707541732283465
0
LINE
8
BLACK
6
CONTINUOUS
10
1.8171358267716535
20
1.0707541732283465
11
1.8195912992125984
21
1.0691172047244095
0
LINE
8
BLACK
6
CONTINUOUS
10
1.8195912992125984
20
1.0691172047244095
11
1.820825748031496
21
1.0688086220472441
0
LINE
8
BLACK
6
CONTINUOUS
10
1.820825748031496
20
1.0688086220472441
11
1.820348346456693
21
1.0697634645669292
0
LINE
8
BLACK
6
CONTINUOUS
10
1.820348346456693
20
1.0697634645669292
11
1.8203223622047244
21
1.0701290944881889
0
LINE
8
BLACK
6
CONTINUOUS
10
1.8203223622047244
20
1.0701290944881889
11
1.8201820866141731
21
1.0704677559055118
0
LINE
8
BLACK
6
CONTINUOUS
10
1.8201820866141731
20
1.0704677559055118
11
1.8201820866141731
21
1.0742172834645669
0
LINE
8
BLACK
6
CONTINUOUS
10
1.8201820866141731
20
1.0742172834645669
11
1.8203223622047244
21
1.074555905511811
0
LINE
8
BLACK
6
CONTINUOUS
10
1.8203223622047244
20
1.074555905511811
11
1.820348346456693
21
1.0749215748031495
0
LINE
8
BLACK
6
CONTINUOUS
10
1.820348346456693
20
1.0749215748031495
11
1.8212857480314961
21
1.0767963385826771
0
LINE
8
BLACK
6
CONTINUOUS
10
1.8212857480314961
20
1.0767963385826771
11
1.8214815354330709
21
1.0769661417322833
0
LINE
8
BLACK
6
CONTINUOUS
10
1.8214815354330709
20
1.0769661417322833
11
1.8215807480314961
21
1.077205590551181
0
LINE
8
BLACK
6
CONTINUOUS
10
1.8215807480314961
20
1.077205590551181
11
1.8225181102362205
21
1.0781429527559054
0
LINE
8
BLACK
6
CONTINUOUS
10
1.8225181102362205
20
1.0781429527559054
11
1.8227575196850394
21
1.0782421259842518
0
LINE
8
BLACK
6
CONTINUOUS
10
1.8227575196850394
20
1.0782421259842518
11
1.8229273622047244
21
1.0784379527559056
0
LINE
8
BLACK
6
CONTINUOUS
10
1.8229273622047244
20
1.0784379527559056
11
1.824802125984252
21
1.0793753543307087
0
LINE
8
BLACK
6
CONTINUOUS
10
1.824802125984252
20
1.0793753543307087
11
1.8251677559055117
21
1.0794012992125983
0
LINE
8
BLACK
6
CONTINUOUS
10
1.8251677559055117
20
1.0794012992125983
11
1.8255064173228346
21
1.0795416141732284
0
LINE
8
BLACK
6
CONTINUOUS
10
1.8255064173228346
20
1.0795416141732284
11
1.8301933464566928
21
1.0795416141732284
0
LINE
8
BLACK
6
CONTINUOUS
10
1.8301933464566928
20
1.0795416141732284
11
1.830531968503937
21
1.0794012992125983
0
LINE
8
BLACK
6
CONTINUOUS
10
1.8245644488188977
20
1.0757351181102361
11
1.8239885433070866
21
1.0751592125984251
0
LINE
8
BLACK
6
CONTINUOUS
10
1.8239885433070866
20
1.0751592125984251
11
1.8233316929133858
21
1.0738454724409447
0
LINE
8
BLACK
6
CONTINUOUS
10
1.8233316929133858
20
1.0738454724409447
11
1.8233316929133858
21
1.0708395275590552
0
LINE
8
BLACK
6
CONTINUOUS
10
1.8233316929133858
20
1.0708395275590552
11
1.8239885433070866
21
1.0695258267716534
0
LINE
8
BLACK
6
CONTINUOUS
10
1.8239885433070866
20
1.0695258267716534
11
1.8245644881889764
21
1.0689498031496063
0
LINE
8
BLACK
6
CONTINUOUS
10
1.8245644881889764
20
1.0689498031496063
11
1.8258781496062992
21
1.068293031496063
0
LINE
8
BLACK
6
CONTINUOUS
10
1.8258781496062992
20
1.068293031496063
11
1.8298216141732282
21
1.068293031496063
0
LINE
8
BLACK
6
CONTINUOUS
10
1.8298216141732282
20
1.068293031496063
11
1.8311352755905512
21
1.0689498425196851
0
LINE
8
BLACK
6
CONTINUOUS
10
1.8311352755905512
20
1.0689498425196851
11
1.8317112598425196
21
1.0695258661417322
0
LINE
8
BLACK
6
CONTINUOUS
10
1.8317112598425196
20
1.0695258661417322
11
1.8323680708661416
21
1.0708394488188977
0
LINE
8
BLACK
6
CONTINUOUS
10
1.8323680708661416
20
1.0708394488188977
11
1.8323680708661416
21
1.0738455511811023
0
LINE
8
BLACK
6
CONTINUOUS
10
1.8323680708661416
20
1.0738455511811023
11
1.8317112598425196
21
1.0751591732283465
0
LINE
8
BLACK
6
CONTINUOUS
10
1.8317112598425196
20
1.0751591732283465
11
1.8311352362204725
21
1.0757351181102361
0
LINE
8
BLACK
6
CONTINUOUS
10
1.8311352362204725
20
1.0757351181102361
11
1.8298215748031497
21
1.0763920078740157
0
LINE
8
BLACK
6
CONTINUOUS
10
1.8298215748031497
20
1.0763920078740157
11
1.825878188976378
21
1.0763920078740157
0
LINE
8
BLACK
6
CONTINUOUS
10
1.825878188976378
20
1.0763920078740157
11
1.8245644488188977
21
1.0757351181102361
0
LINE
8
BLACK
6
CONTINUOUS
10
1.8486220472440944
20
1.1038385826771653
11
1.8500139763779526
21
1.1032620078740156
0
LINE
8
BLACK
6
CONTINUOUS
10
1.8500139763779526
20
1.1032620078740156
11
1.8505905511811023
21
1.1018700787401574
0
LINE
8
BLACK
6
CONTINUOUS
10
1.8505905511811023
20
1.1018700787401574
11
1.8505905511811023
21
1.0231299212598426
0
LINE
8
BLACK
6
CONTINUOUS
10
1.8505905511811023
20
1.0231299212598426
11
1.8500139763779526
21
1.0217379921259842
0
LINE
8
BLACK
6
CONTINUOUS
10
1.8500139763779526
20
1.0217379921259842
11
1.8486220472440944
21
1.0211614173228347
0
LINE
8
BLACK
6
CONTINUOUS
10
1.8486220472440944
20
1.0211614173228347
11
1.8013779527559055
21
1.0211614173228347
0
LINE
8
BLACK
6
CONTINUOUS
10
1.8013779527559055
20
1.0211614173228347
11
1.7999860236220473
21
1.0217379921259842
0
LINE
8
BLACK
6
CONTINUOUS
10
1.7999860236220473
20
1.0217379921259842
11
1.7994094488188976
21
1.0231299212598426
0
LINE
8
BLACK
6
CONTINUOUS
10
1.7994094488188976
20
1.0231299212598426
11
1.7994094488188976
21
1.1018700787401574
0
LINE
8
BLACK
6
CONTINUOUS
10
1.7994094488188976
20
1.1018700787401574
11
1.7999860236220473
21
1.1032620078740156
0
LINE
8
BLACK
6
CONTINUOUS
10
1.7999860236220473
20
1.1032620078740156
11
1.8013779527559055
21
1.1038385826771653
0
LINE
8
BLACK
6
CONTINUOUS
10
1.8013779527559055
20
1.1038385826771653
11
1.8486220472440944
21
1.1038385826771653
0
LINE
8
BLACK
6
CONTINUOUS
10
1.8033464566929134
20
1.0999015748031495
11
1.8033464566929134
21
1.0250984251968505
0
LINE
8
BLACK
6
CONTINUOUS
10
1.8033464566929134
20
1.0250984251968505
11
1.8466535433070865
21
1.0250984251968505
0
LINE
8
BLACK
6
CONTINUOUS
10
1.8466535433070865
20
1.0250984251968505
11
1.8466535433070865
21
1.0999015748031495
0
LINE
8
BLACK
6
CONTINUOUS
10
1.8466535433070865
20
1.0999015748031495
11
1.8033464566929134
21
1.0999015748031495
0
LINE
8
BLACK
6
CONTINUOUS
10
1.9331816535433071
20
1.060332716535433
11
1.9341190551181102
21
1.0593953543307086
0
LINE
8
BLACK
6
CONTINUOUS
10
1.9341190551181102
20
1.0593953543307086
11
1.9342593307086613
21
1.0590566141732283
0
LINE
8
BLACK
6
CONTINUOUS
10
1.9342593307086613
20
1.0590566141732283
11
1.9344994881889763
21
1.0587797637795275
0
LINE
8
BLACK
6
CONTINUOUS
10
1.9344994881889763
20
1.0587797637795275
11
1.9354368897637795
21
1.0559675590551181
0
LINE
8
BLACK
6
CONTINUOUS
10
1.9354368897637795
20
1.0559675590551181
11
1.9354185039370078
21
1.0557089763779528
0
LINE
8
BLACK
6
CONTINUOUS
10
1.9354185039370078
20
1.0557089763779528
11
1.9355176771653544
21
1.0554696062992126
0
LINE
8
BLACK
6
CONTINUOUS
10
1.9355176771653544
20
1.0554696062992126
11
1.9355176771653544
21
1.053594842519685
0
LINE
8
BLACK
6
CONTINUOUS
10
1.9355176771653544
20
1.053594842519685
11
1.9354185039370078
21
1.0533553937007873
0
LINE
8
BLACK
6
CONTINUOUS
10
1.9354185039370078
20
1.0533553937007873
11
1.9354368897637795
21
1.0530968503937008
0
LINE
8
BLACK
6
CONTINUOUS
10
1.9354368897637795
20
1.0530968503937008
11
1.9344994881889763
21
1.0502847244094489
0
LINE
8
BLACK
6
CONTINUOUS
10
1.9344994881889763
20
1.0502847244094489
11
1.9342593307086613
21
1.0500078346456692
0
LINE
8
BLACK
6
CONTINUOUS
10
1.9342593307086613
20
1.0500078346456692
11
1.9341190551181102
21
1.0496691338582678
0
LINE
8
BLACK
6
CONTINUOUS
10
1.9341190551181102
20
1.0496691338582678
11
1.9322442519685039
21
1.0477943700787402
0
LINE
8
BLACK
6
CONTINUOUS
10
1.9322442519685039
20
1.0477943700787402
11
1.9320047637795275
21
1.0476951574803148
0
LINE
8
BLACK
6
CONTINUOUS
10
1.9320047637795275
20
1.0476951574803148
11
1.931835
21
1.0474994094488188
0
LINE
8
BLACK
6
CONTINUOUS
10
1.931835
20
1.0474994094488188
11
1.9299602362204724
21
1.0465620078740157
0
LINE
8
BLACK
6
CONTINUOUS
10
1.9299602362204724
20
1.0465620078740157
11
1.9297816929133857
21
1.0465492913385825
0
LINE
8
BLACK
6
CONTINUOUS
10
1.9297816929133857
20
1.0465492913385825
11
1.929637874015748
21
1.0464427559055118
0
LINE
8
BLACK
6
CONTINUOUS
10
1.929637874015748
20
1.0464427559055118
11
1.9258883464566929
21
1.0455053937007874
0
LINE
8
BLACK
6
CONTINUOUS
10
1.9258883464566929
20
1.0455053937007874
11
1.9256908267716535
21
1.0455347637795276
0
LINE
8
BLACK
6
CONTINUOUS
10
1.9256908267716535
20
1.0455347637795276
11
1.9255064173228347
21
1.0454583858267716
0
LINE
8
BLACK
6
CONTINUOUS
10
1.9255064173228347
20
1.0454583858267716
11
1.9226942913385827
21
1.0454583858267716
0
LINE
8
BLACK
6
CONTINUOUS
10
1.9226942913385827
20
1.0454583858267716
11
1.9225098425196849
21
1.0455347637795276
0
LINE
8
BLACK
6
CONTINUOUS
10
1.9225098425196849
20
1.0455347637795276
11
1.9223123622047245
21
1.0455053937007874
0
LINE
8
BLACK
6
CONTINUOUS
10
1.9223123622047245
20
1.0455053937007874
11
1.9185628346456693
21
1.0464427559055118
0
LINE
8
BLACK
6
CONTINUOUS
10
1.9185628346456693
20
1.0464427559055118
11
1.9184189763779527
21
1.0465492913385825
0
LINE
8
BLACK
6
CONTINUOUS
10
1.9184189763779527
20
1.0465492913385825
11
1.9182404724409448
21
1.0465620078740157
0
LINE
8
BLACK
6
CONTINUOUS
10
1.9182404724409448
20
1.0465620078740157
11
1.9163657086614172
21
1.0474994094488188
0
LINE
8
BLACK
6
CONTINUOUS
10
1.9163657086614172
20
1.0474994094488188
11
1.9161958661417322
21
1.0476951968503936
0
LINE
8
BLACK
6
CONTINUOUS
10
1.9161958661417322
20
1.0476951968503936
11
1.9159564173228345
21
1.047794409448819
0
LINE
8
BLACK
6
CONTINUOUS
10
1.9159564173228345
20
1.047794409448819
11
1.9140816929133857
21
1.0496691732283465
0
LINE
8
BLACK
6
CONTINUOUS
10
1.9140816929133857
20
1.0496691732283465
11
1.9139413779527559
21
1.0500077952755906
0
LINE
8
BLACK
6
CONTINUOUS
10
1.9139413779527559
20
1.0500077952755906
11
1.9137012598425196
21
1.0502847244094489
0
LINE
8
BLACK
6
CONTINUOUS
10
1.9137012598425196
20
1.0502847244094489
11
1.9127638582677164
21
1.0530968503937008
0
LINE
8
BLACK
6
CONTINUOUS
10
1.9127638582677164
20
1.0530968503937008
11
1.9127822047244094
21
1.0533553543307086
0
LINE
8
BLACK
6
CONTINUOUS
10
1.9127822047244094
20
1.0533553543307086
11
1.912683031496063
21
1.053594842519685
0
LINE
8
BLACK
6
CONTINUOUS
10
1.912683031496063
20
1.053594842519685
11
1.912683031496063
21
1.0554696062992126
0
LINE
8
BLACK
6
CONTINUOUS
10
1.912683031496063
20
1.0554696062992126
11
1.9127822047244094
21
1.0557090551181103
0
LINE
8
BLACK
6
CONTINUOUS
10
1.9127822047244094
20
1.0557090551181103
11
1.9127638582677164
21
1.0559675984251968
0
LINE
8
BLACK
6
CONTINUOUS
10
1.9127638582677164
20
1.0559675984251968
11
1.9137012598425196
21
1.0587797637795275
0
LINE
8
BLACK
6
CONTINUOUS
10
1.9137012598425196
20
1.0587797637795275
11
1.9139413779527559
21
1.059056653543307
0
LINE
8
BLACK
6
CONTINUOUS
10
1.9139413779527559
20
1.059056653543307
11
1.9140816929133857
21
1.0593953149606299
0
LINE
8
BLACK
6
CONTINUOUS
10
1.9140816929133857
20
1.0593953149606299
11
1.9150190551181101
21
1.0603326771653543
0
LINE
8
BLACK
6
CONTINUOUS
10
1.9150190551181101
20
1.0603326771653543
11
1.9161325984251969
21
1.0607939370078741
0
LINE
8
BLACK
6
CONTINUOUS
10
1.9161325984251969
20
1.0607939370078741
11
1.9172461417322835
21
1.0603326771653543
0
LINE
8
BLACK
6
CONTINUOUS
10
1.9172461417322835
20
1.0603326771653543
11
1.917707401574803
21
1.0592191338582677
0
LINE
8
BLACK
6
CONTINUOUS
10
1.917707401574803
20
1.0592191338582677
11
1.9172461417322835
21
1.0581055905511811
0
LINE
8
BLACK
6
CONTINUOUS
10
1.9172461417322835
20
1.0581055905511811
11
1.9165716141732283
21
1.057431062992126
0
LINE
8
BLACK
6
CONTINUOUS
10
1.9165716141732283
20
1.057431062992126
11
1.9158326377952755
21
1.0552140551181102
0
LINE
8
BLACK
6
CONTINUOUS
10
1.9158326377952755
20
1.0552140551181102
11
1.9158326377952755
21
1.0538503543307087
0
LINE
8
BLACK
6
CONTINUOUS
10
1.9158326377952755
20
1.0538503543307087
11
1.9165716141732283
21
1.0516333858267717
0
LINE
8
BLACK
6
CONTINUOUS
10
1.9165716141732283
20
1.0516333858267717
11
1.9180028346456692
21
1.0502021653543308
0
LINE
8
BLACK
6
CONTINUOUS
10
1.9180028346456692
20
1.0502021653543308
11
1.9194944094488189
21
1.0494564173228347
0
LINE
8
BLACK
6
CONTINUOUS
10
1.9194944094488189
20
1.0494564173228347
11
1.9228881889763778
21
1.0486079921259843
0
LINE
8
BLACK
6
CONTINUOUS
10
1.9228881889763778
20
1.0486079921259843
11
1.9253125196850394
21
1.0486079921259843
0
LINE
8
BLACK
6
CONTINUOUS
10
1.9253125196850394
20
1.0486079921259843
11
1.9287062598425195
21
1.0494564173228347
0
LINE
8
BLACK
6
CONTINUOUS
10
1.9287062598425195
20
1.0494564173228347
11
1.9301978346456692
21
1.0502022047244095
0
LINE
8
BLACK
6
CONTINUOUS
10
1.9301978346456692
20
1.0502022047244095
11
1.9316290944881889
21
1.0516333858267717
0
LINE
8
BLACK
6
CONTINUOUS
10
1.9316290944881889
20
1.0516333858267717
11
1.9323680708661417
21
1.05385031496063
0
LINE
8
BLACK
6
CONTINUOUS
10
1.9323680708661417
20
1.05385031496063
11
1.9323680708661417
21
1.0552140944881889
0
LINE
8
BLACK
6
CONTINUOUS
10
1.9323680708661417
20
1.0552140944881889
11
1.9316290944881889
21
1.057431062992126
0
LINE
8
BLACK
6
CONTINUOUS
10
1.9316290944881889
20
1.057431062992126
11
1.9309545669291339
21
1.0581055511811024
0
LINE
8
BLACK
6
CONTINUOUS
10
1.9309545669291339
20
1.0581055511811024
11
1.9304933070866142
21
1.059219094488189
0
LINE
8
BLACK
6
CONTINUOUS
10
1.9304933070866142
20
1.059219094488189
11
1.9309545275590552
21
1.0603326771653543
0
LINE
8
BLACK
6
CONTINUOUS
10
1.9309545275590552
20
1.0603326771653543
11
1.9320680708661417
21
1.0607939370078741
0
LINE
8
BLACK
6
CONTINUOUS
10
1.9320680708661417
20
1.0607939370078741
11
1.9331816535433071
21
1.060332716535433
0
LINE
8
BLACK
6
CONTINUOUS
10
1.9350564173228346
20
1.0790803543307086
11
1.9355176771653544
21
1.077966811023622
0
LINE
8
BLACK
6
CONTINUOUS
10
1.9355176771653544
20
1.077966811023622
11
1.9355176771653544
21
1.0667182283464567
0
LINE
8
BLACK
6
CONTINUOUS
10
1.9355176771653544
20
1.0667182283464567
11
1.9350564173228346
21
1.0656046850393701
0
LINE
8
BLACK
6
CONTINUOUS
10
1.9350564173228346
20
1.0656046850393701
11
1.933942874015748
21
1.0651434251968503
0
LINE
8
BLACK
6
CONTINUOUS
10
1.933942874015748
20
1.0651434251968503
11
1.9328293307086615
21
1.0656046850393701
0
LINE
8
BLACK
6
CONTINUOUS
10
1.9328293307086615
20
1.0656046850393701
11
1.9323680708661417
21
1.0667182283464567
0
LINE
8
BLACK
6
CONTINUOUS
10
1.9323680708661417
20
1.0667182283464567
11
1.9323680708661417
21
1.070767716535433
0
LINE
8
BLACK
6
CONTINUOUS
10
1.9323680708661417
20
1.070767716535433
11
1.918997125984252
21
1.070767716535433
0
LINE
8
BLACK
6
CONTINUOUS
10
1.918997125984252
20
1.070767716535433
11
1.9200583070866142
21
1.0697065748031496
0
LINE
8
BLACK
6
CONTINUOUS
10
1.9200583070866142
20
1.0697065748031496
11
1.9201574803149606
21
1.0694670472440944
0
LINE
8
BLACK
6
CONTINUOUS
10
1.9201574803149606
20
1.0694670472440944
11
1.9203533070866141
21
1.0692972440944881
0
LINE
8
BLACK
6
CONTINUOUS
10
1.9203533070866141
20
1.0692972440944881
11
1.9212906692913385
21
1.0674225196850393
0
LINE
8
BLACK
6
CONTINUOUS
10
1.9212906692913385
20
1.0674225196850393
11
1.9213761023622047
21
1.0662202362204725
0
LINE
8
BLACK
6
CONTINUOUS
10
1.9213761023622047
20
1.0662202362204725
11
1.9205863779527559
21
1.06530968503937
0
LINE
8
BLACK
6
CONTINUOUS
10
1.9205863779527559
20
1.06530968503937
11
1.919384094488189
21
1.0652242913385828
0
LINE
8
BLACK
6
CONTINUOUS
10
1.919384094488189
20
1.0652242913385828
11
1.9184735826771653
21
1.0660139763779528
0
LINE
8
BLACK
6
CONTINUOUS
10
1.9184735826771653
20
1.0660139763779528
11
1.9176505118110236
21
1.0676600787401576
0
LINE
8
BLACK
6
CONTINUOUS
10
1.9176505118110236
20
1.0676600787401576
11
1.9160667322834646
21
1.0692438976377951
0
LINE
8
BLACK
6
CONTINUOUS
10
1.9160667322834646
20
1.0692438976377951
11
1.9133842913385826
21
1.0710322047244094
0
LINE
8
BLACK
6
CONTINUOUS
10
1.9133842913385826
20
1.0710322047244094
11
1.9132940551181101
21
1.0711669291338581
0
LINE
8
BLACK
6
CONTINUOUS
10
1.9132940551181101
20
1.0711669291338581
11
1.9131442913385825
21
1.0712289763779528
0
LINE
8
BLACK
6
CONTINUOUS
10
1.9131442913385825
20
1.0712289763779528
11
1.9129687795275589
21
1.0716525984251968
0
LINE
8
BLACK
6
CONTINUOUS
10
1.9129687795275589
20
1.0716525984251968
11
1.912713622047244
21
1.0720336614173227
0
LINE
8
BLACK
6
CONTINUOUS
10
1.912713622047244
20
1.0720336614173227
11
1.9127450787401574
21
1.0721926771653543
0
LINE
8
BLACK
6
CONTINUOUS
10
1.9127450787401574
20
1.0721926771653543
11
1.912683031496063
21
1.0723425196850394
0
LINE
8
BLACK
6
CONTINUOUS
10
1.912683031496063
20
1.0723425196850394
11
1.9128585039370078
21
1.0727661811023621
0
LINE
8
BLACK
6
CONTINUOUS
10
1.9128585039370078
20
1.0727661811023621
11
1.9129475196850394
21
1.0732160629921259
0
LINE
8
BLACK
6
CONTINUOUS
10
1.9129475196850394
20
1.0732160629921259
11
1.9130822440944881
21
1.0733062598425196
0
LINE
8
BLACK
6
CONTINUOUS
10
1.9130822440944881
20
1.0733062598425196
11
1.9131442913385825
21
1.0734560629921259
0
LINE
8
BLACK
6
CONTINUOUS
10
1.9131442913385825
20
1.0734560629921259
11
1.9135679133858268
21
1.0736315354330708
0
LINE
8
BLACK
6
CONTINUOUS
10
1.9135679133858268
20
1.0736315354330708
11
1.9139489763779527
21
1.0738867322834647
0
LINE
8
BLACK
6
CONTINUOUS
10
1.9139489763779527
20
1.0738867322834647
11
1.9141079921259843
21
1.0738552362204725
0
LINE
8
BLACK
6
CONTINUOUS
10
1.9141079921259843
20
1.0738552362204725
11
1.9142578346456693
21
1.0739173228346457
0
LINE
8
BLACK
6
CONTINUOUS
10
1.9142578346456693
20
1.0739173228346457
11
1.9323680708661417
21
1.0739173228346457
0
LINE
8
BLACK
6
CONTINUOUS
10
1.9323680708661417
20
1.0739173228346457
11
1.9323680708661417
21
1.077966811023622
0
LINE
8
BLACK
6
CONTINUOUS
10
1.9323680708661417
20
1.077966811023622
11
1.9328293307086615
21
1.0790803543307086
0
LINE
8
BLACK
6
CONTINUOUS
10
1.9328293307086615
20
1.0790803543307086
11
1.933942874015748
21
1.0795416141732284
0
LINE
8
BLACK
6
CONTINUOUS
10
1.933942874015748
20
1.0795416141732284
11
1.9350564173228346
21
1.0790803543307086
0
LINE
8
BLACK
6
CONTINUOUS
10
1.9486220472440945
20
1.1038385826771653
11
1.9500139763779527
21
1.1032620078740156
0
LINE
8
BLACK
6
CONTINUOUS
10
1.9500139763779527
20
1.1032620078740156
11
1.9505905511811024
21
1.1018700787401574
0
LINE
8
BLACK
6
CONTINUOUS
10
1.9505905511811024
20
1.1018700787401574
11
1.9505905511811024
21
1.0231299212598426
0
LINE
8
BLACK
6
CONTINUOUS
10
1.9505905511811024
20
1.0231299212598426
11
1.9500139763779527
21
1.0217379921259842
0
LINE
8
BLACK
6
CONTINUOUS
10
1.9500139763779527
20
1.0217379921259842
11
1.9486220472440945
21
1.0211614173228347
0
LINE
8
BLACK
6
CONTINUOUS
10
1.9486220472440945
20
1.0211614173228347
11
1.9013779527559054
21
1.0211614173228347
0
LINE
8
BLACK
6
CONTINUOUS
10
1.9013779527559054
20
1.0211614173228347
11
1.8999860236220472
21
1.0217379921259842
0
LINE
8
BLACK
6
CONTINUOUS
10
1.8999860236220472
20
1.0217379921259842
11
1.8994094488188975
21
1.0231299212598426
0
LINE
8
BLACK
6
CONTINUOUS
10
1.8994094488188975
20
1.0231299212598426
11
1.8994094488188975
21
1.1018700787401574
0
LINE
8
BLACK
6
CONTINUOUS
10
1.8994094488188975
20
1.1018700787401574
11
1.8999860236220472
21
1.1032620078740156
0
LINE
8
BLACK
6
CONTINUOUS
10
1.8999860236220472
20
1.1032620078740156
11
1.9013779527559054
21
1.1038385826771653
0
LINE
8
BLACK
6
CONTINUOUS
10
1.9013779527559054
20
1.1038385826771653
11
1.9486220472440945
21
1.1038385826771653
0
LINE
8
BLACK
6
CONTINUOUS
10
1.9033464566929132
20
1.0999015748031495
11
1.9033464566929132
21
1.0250984251968505
0
LINE
8
BLACK
6
CONTINUOUS
10
1.9033464566929132
20
1.0250984251968505
11
1.9466535433070866
21
1.0250984251968505
0
LINE
8
BLACK
6
CONTINUOUS
10
1.9466535433070866
20
1.0250984251968505
11
1.9466535433070866
21
1.0999015748031495
0
LINE
8
BLACK
6
CONTINUOUS
10
1.9466535433070866
20
1.0999015748031495
11
1.9033464566929132
21
1.0999015748031495
0
LINE
8
BLACK
6
CONTINUOUS
10
2.3249348031496062
20
1.1230822834645668
11
2.3326917322834646
21
1.1200772440944882
0
LINE
8
BLACK
6
CONTINUOUS
10
2.3326917322834646
20
1.1200772440944882
11
2.3397644488188978
21
1.1156980314960629
0
LINE
8
BLACK
6
CONTINUOUS
10
2.3397644488188978
20
1.1156980314960629
11
2.3459120078740159
21
1.1100937795275589
0
LINE
8
BLACK
6
CONTINUOUS
10
2.3459120078740159
20
1.1100937795275589
11
2.3509251574803147
21
1.1034553149606299
0
LINE
8
BLACK
6
CONTINUOUS
10
2.3509251574803147
20
1.1034553149606299
11
2.3546331102362204
21
1.0960087401574803
0
LINE
8
BLACK
6
CONTINUOUS
10
2.3546331102362204
20
1.0960087401574803
11
2.3569096062992125
21
1.0880075984251969
0
LINE
8
BLACK
6
CONTINUOUS
10
2.3569096062992125
20
1.0880075984251969
11
2.3576771653543305
21
1.079724409448819
0
LINE
8
BLACK
6
CONTINUOUS
10
2.3576771653543305
20
1.079724409448819
11
2.3569096062992125
21
1.0714412204724408
0
LINE
8
BLACK
6
CONTINUOUS
10
2.3569096062992125
20
1.0714412204724408
11
2.3546331102362204
21
1.0634400787401574
0
LINE
8
BLACK
6
CONTINUOUS
10
2.3546331102362204
20
1.0634400787401574
11
2.3509251574803147
21
1.0559935039370079
0
LINE
8
BLACK
6
CONTINUOUS
10
2.3509251574803147
20
1.0559935039370079
11
2.3459120078740159
21
1.0493550393700788
0
LINE
8
BLACK
6
CONTINUOUS
10
2.3459120078740159
20
1.0493550393700788
11
2.3397644488188978
21
1.0437507874015748
0
LINE
8
BLACK
6
CONTINUOUS
10
2.3397644488188978
20
1.0437507874015748
11
2.3326917322834646
21
1.0393715748031496
0
LINE
8
BLACK
6
CONTINUOUS
10
2.3326917322834646
20
1.0393715748031496
11
2.3249348031496062
21
1.0363665354330709
0
LINE
8
BLACK
6
CONTINUOUS
10
2.3249348031496062
20
1.0363665354330709
11
2.3167577559055119
21
1.0348379527559055
0
LINE
8
BLACK
6
CONTINUOUS
10
2.3167577559055119
20
1.0348379527559055
11
2.3084390944881887
21
1.0348379527559055
0
LINE
8
BLACK
6
CONTINUOUS
10
2.3084390944881887
20
1.0348379527559055
11
2.3002620472440944
21
1.0363665354330709
0
LINE
8
BLACK
6
CONTINUOUS
10
2.3002620472440944
20
1.0363665354330709
11
2.2925051181102361
21
1.0393715748031496
0
LINE
8
BLACK
6
CONTINUOUS
10
2.2925051181102361
20
1.0393715748031496
11
2.2854324015748033
21
1.0437507874015748
0
LINE
8
BLACK
6
CONTINUOUS
10
2.2854324015748033
20
1.0437507874015748
11
2.2792848425196848
21
1.0493550393700788
0
LINE
8
BLACK
6
CONTINUOUS
10
2.2792848425196848
20
1.0493550393700788
11
2.2742716929133859
21
1.0559935039370079
0
LINE
8
BLACK
6
CONTINUOUS
10
2.2742716929133859
20
1.0559935039370079
11
2.2705637401574803
21
1.0634400787401574
0
LINE
8
BLACK
6
CONTINUOUS
10
2.2705637401574803
20
1.0634400787401574
11
2.2682872440944881
21
1.0714412204724408
0
LINE
8
BLACK
6
CONTINUOUS
10
2.2682872440944881
20
1.0714412204724408
11
2.2675196850393702
21
1.079724409448819
0
LINE
8
BLACK
6
CONTINUOUS
10
2.2675196850393702
20
1.079724409448819
11
2.2682872440944881
21
1.0880075984251969
0
LINE
8
BLACK
6
CONTINUOUS
10
2.2682872440944881
20
1.0880075984251969
11
2.2705637401574803
21
1.0960087401574803
0
LINE
8
BLACK
6
CONTINUOUS
10
2.2705637401574803
20
1.0960087401574803
11
2.2742716929133859
21
1.1034553149606299
0
LINE
8
BLACK
6
CONTINUOUS
10
2.2742716929133859
20
1.1034553149606299
11
2.2792848425196848
21
1.1100937795275589
0
LINE
8
BLACK
6
CONTINUOUS
10
2.2792848425196848
20
1.1100937795275589
11
2.2854324015748033
21
1.1156980314960629
0
LINE
8
BLACK
6
CONTINUOUS
10
2.2854324015748033
20
1.1156980314960629
11
2.2925051181102361
21
1.1200772440944882
0
LINE
8
BLACK
6
CONTINUOUS
10
2.2925051181102361
20
1.1200772440944882
11
2.3002620472440944
21
1.1230822834645668
0
LINE
8
BLACK
6
CONTINUOUS
10
2.3002620472440944
20
1.1230822834645668
11
2.3084390944881887
21
1.1246108661417322
0
LINE
8
BLACK
6
CONTINUOUS
10
2.3084390944881887
20
1.1246108661417322
11
2.3167577559055119
21
1.1246108661417322
0
LINE
8
BLACK
6
CONTINUOUS
10
2.3167577559055119
20
1.1246108661417322
11
2.3249348031496062
21
1.1230822834645668
0
LINE
8
BLACK
6
CONTINUOUS
10
2.3145676377952755
20
1.0385775590551181
11
2.3206636220472441
21
1.0391779921259843
0
LINE
8
BLACK
6
CONTINUOUS
10
2.3206636220472441
20
1.0391779921259843
11
2.3284188582677166
21
1.0415305118110236
0
LINE
8
BLACK
6
CONTINUOUS
10
2.3284188582677166
20
1.0415305118110236
11
2.3355661417322833
21
1.0453507874015748
0
LINE
8
BLACK
6
CONTINUOUS
10
2.3355661417322833
20
1.0453507874015748
11
2.3418307874015749
21
1.0504920472440944
0
LINE
8
BLACK
6
CONTINUOUS
10
2.3418307874015749
20
1.0504920472440944
11
2.3469720472440945
21
1.0567566929133858
0
LINE
8
BLACK
6
CONTINUOUS
10
2.3469720472440945
20
1.0567566929133858
11
2.3507923228346455
21
1.0639039763779528
0
LINE
8
BLACK
6
CONTINUOUS
10
2.3507923228346455
20
1.0639039763779528
11
2.353144842519685
21
1.0716592125984252
0
LINE
8
BLACK
6
CONTINUOUS
10
2.353144842519685
20
1.0716592125984252
11
2.3539392125984251
21
1.079724409448819
0
LINE
8
BLACK
6
CONTINUOUS
10
2.3539392125984251
20
1.079724409448819
11
2.353144842519685
21
1.0877896062992125
0
LINE
8
BLACK
6
CONTINUOUS
10
2.353144842519685
20
1.0877896062992125
11
2.3507923228346455
21
1.095544842519685
0
LINE
8
BLACK
6
CONTINUOUS
10
2.3507923228346455
20
1.095544842519685
11
2.3469720472440945
21
1.1026921259842519
0
LINE
8
BLACK
6
CONTINUOUS
10
2.3469720472440945
20
1.1026921259842519
11
2.3418307874015749
21
1.1089567716535433
0
LINE
8
BLACK
6
CONTINUOUS
10
2.3418307874015749
20
1.1089567716535433
11
2.3355661417322833
21
1.1140980314960629
0
LINE
8
BLACK
6
CONTINUOUS
10
2.3355661417322833
20
1.1140980314960629
11
2.3284188582677166
21
1.1179183070866141
0
LINE
8
BLACK
6
CONTINUOUS
10
2.3284188582677166
20
1.1179183070866141
11
2.3206636220472441
21
1.1202708267716535
0
LINE
8
BLACK
6
CONTINUOUS
10
2.3206636220472441
20
1.1202708267716535
11
2.3146055905511811
21
1.1208674803149605
0
LINE
8
BLACK
6
CONTINUOUS
10
2.3146055905511811
20
1.1208674803149605
11
2.3145676377952755
21
1.0385775590551181
0
LINE
8
BLACK
6
CONTINUOUS
10
2.2720520078740156
20
1.0716592125984252
11
2.2744045275590552
21
1.0639039763779528
0
LINE
8
BLACK
6
CONTINUOUS
10
2.2744045275590552
20
1.0639039763779528
11
2.2782248031496062
21
1.0567566929133858
0
LINE
8
BLACK
6
CONTINUOUS
10
2.2782248031496062
20
1.0567566929133858
11
2.2833660629921257
21
1.0504920472440944
0
LINE
8
BLACK
6
CONTINUOUS
10
2.2833660629921257
20
1.0504920472440944
11
2.2896307086614174
21
1.0453507874015748
0
LINE
8
BLACK
6
CONTINUOUS
10
2.2896307086614174
20
1.0453507874015748
11
2.2967779921259841
21
1.0415305118110236
0
LINE
8
BLACK
6
CONTINUOUS
10
2.2967779921259841
20
1.0415305118110236
11
2.3045332283464566
21
1.0391779921259843
0
LINE
8
BLACK
6
CONTINUOUS
10
2.3045332283464566
20
1.0391779921259843
11
2.3106306299212598
21
1.038577401574803
0
LINE
8
BLACK
6
CONTINUOUS
10
2.3106306299212598
20
1.038577401574803
11
2.3106685826771654
21
1.1208751181102361
0
LINE
8
BLACK
6
CONTINUOUS
10
2.3106685826771654
20
1.1208751181102361
11
2.3045332283464566
21
1.1202708267716535
0
LINE
8
BLACK
6
CONTINUOUS
10
2.3045332283464566
20
1.1202708267716535
11
2.2967779921259841
21
1.1179183070866141
0
LINE
8
BLACK
6
CONTINUOUS
10
2.2967779921259841
20
1.1179183070866141
11
2.2896307086614174
21
1.1140980314960629
0
LINE
8
BLACK
6
CONTINUOUS
10
2.2896307086614174
20
1.1140980314960629
11
2.2833660629921257
21
1.1089567716535433
0
LINE
8
BLACK
6
CONTINUOUS
10
2.2833660629921257
20
1.1089567716535433
11
2.2782248031496062
21
1.1026921259842519
0
LINE
8
BLACK
6
CONTINUOUS
10
2.2782248031496062
20
1.1026921259842519
11
2.2744045275590552
21
1.095544842519685
0
LINE
8
BLACK
6
CONTINUOUS
10
2.2744045275590552
20
1.095544842519685
11
2.2720520078740156
21
1.0877896062992125
0
LINE
8
BLACK
6
CONTINUOUS
10
2.2720520078740156
20
1.0877896062992125
11
2.2712576377952756
21
1.079724409448819
0
LINE
8
BLACK
6
CONTINUOUS
10
2.2712576377952756
20
1.079724409448819
11
2.2720520078740156
21
1.0716592125984252
0
LINE
8
BLACK
6
CONTINUOUS
10
2.1869034251968502
20
1.1491453543307086
11
2.1870706692913386
21
1.149174842519685
0
LINE
8
BLACK
6
CONTINUOUS
10
2.1870706692913386
20
1.149174842519685
11
2.1878127165354329
21
1.1487463779527558
0
LINE
8
BLACK
6
CONTINUOUS
10
2.1878127165354329
20
1.1487463779527558
11
2.1885975590551179
21
1.1484020472440946
0
LINE
8
BLACK
6
CONTINUOUS
10
2.1885975590551179
20
1.1484020472440946
11
2.1886727952755907
21
1.1482497637795275
0
LINE
8
BLACK
6
CONTINUOUS
10
2.1886727952755907
20
1.1482497637795275
11
2.1888198425196852
21
1.1481649212598426
0
LINE
8
BLACK
6
CONTINUOUS
10
2.1888198425196852
20
1.1481649212598426
11
2.1891129133858267
21
1.1473596456692914
0
LINE
8
BLACK
6
CONTINUOUS
10
2.1891129133858267
20
1.1473596456692914
11
2.189492755905512
21
1.1465914566929134
0
LINE
8
BLACK
6
CONTINUOUS
10
2.189492755905512
20
1.1465914566929134
11
2.1894525590551179
21
1.1464264960629922
0
LINE
8
BLACK
6
CONTINUOUS
10
2.1894525590551179
20
1.1464264960629922
11
2.1895106692913386
21
1.1462669291338583
0
LINE
8
BLACK
6
CONTINUOUS
10
2.1895106692913386
20
1.1462669291338583
11
2.1895106692913386
21
1.1098496062992125
0
LINE
8
BLACK
6
CONTINUOUS
10
2.1895106692913386
20
1.1098496062992125
11
2.1978064960629919
21
1.1098496062992125
0
LINE
8
BLACK
6
CONTINUOUS
10
2.1978064960629919
20
1.1098496062992125
11
2.1988164173228344
21
1.1096715354330708
0
LINE
8
BLACK
6
CONTINUOUS
10
2.1988164173228344
20
1.1096715354330708
11
2.200363661417323
21
1.1083732283464567
0
LINE
8
BLACK
6
CONTINUOUS
10
2.200363661417323
20
1.1083732283464567
11
2.2007144094488189
21
1.1063840944881889
0
LINE
8
BLACK
6
CONTINUOUS
10
2.2007144094488189
20
1.1063840944881889
11
2.1997044881889765
21
1.1046349212598425
0
LINE
8
BLACK
6
CONTINUOUS
10
2.1997044881889765
20
1.1046349212598425
11
2.1978064960629919
21
1.1039440944881889
0
LINE
8
BLACK
6
CONTINUOUS
10
2.1978064960629919
20
1.1039440944881889
11
2.1753093307086613
21
1.1039440944881889
0
LINE
8
BLACK
6
CONTINUOUS
10
2.1753093307086613
20
1.1039440944881889
11
2.1742994094488188
21
1.1041221653543307
0
LINE
8
BLACK
6
CONTINUOUS
10
2.1742994094488188
20
1.1041221653543307
11
2.1727521653543307
21
1.1054204724409449
0
LINE
8
BLACK
6
CONTINUOUS
10
2.1727521653543307
20
1.1054204724409449
11
2.1724014173228348
21
1.1074096062992125
0
LINE
8
BLACK
6
CONTINUOUS
10
2.1724014173228348
20
1.1074096062992125
11
2.1734113385826772
21
1.109158779527559
0
LINE
8
BLACK
6
CONTINUOUS
10
2.1734113385826772
20
1.109158779527559
11
2.1753093307086613
21
1.1098496062992125
0
LINE
8
BLACK
6
CONTINUOUS
10
2.1753093307086613
20
1.1098496062992125
11
2.183605157480315
21
1.1098496062992125
0
LINE
8
BLACK
6
CONTINUOUS
10
2.183605157480315
20
1.1098496062992125
11
2.183605157480315
21
1.1372635826771653
0
LINE
8
BLACK
6
CONTINUOUS
10
2.183605157480315
20
1.1372635826771653
11
2.1811467716535433
21
1.1348051968503936
0
LINE
8
BLACK
6
CONTINUOUS
10
2.1811467716535433
20
1.1348051968503936
11
2.1804236614173229
21
1.1342988976377952
0
LINE
8
BLACK
6
CONTINUOUS
10
2.1804236614173229
20
1.1342988976377952
11
2.1803793700787399
21
1.1342520866141732
0
LINE
8
BLACK
6
CONTINUOUS
10
2.1803793700787399
20
1.1342520866141732
11
2.1766298425196848
21
1.1323773228346456
0
LINE
8
BLACK
6
CONTINUOUS
10
2.1766298425196848
20
1.1323773228346456
11
2.1756468897637795
21
1.1320849606299213
0
LINE
8
BLACK
6
CONTINUOUS
10
2.1756468897637795
20
1.1320849606299213
11
2.1736824015748031
21
1.1325542519685039
0
LINE
8
BLACK
6
CONTINUOUS
10
2.1736824015748031
20
1.1325542519685039
11
2.1724790944881889
21
1.1341764960629921
0
LINE
8
BLACK
6
CONTINUOUS
10
2.1724790944881889
20
1.1341764960629921
11
2.1726001574803151
21
1.1361926771653543
0
LINE
8
BLACK
6
CONTINUOUS
10
2.1726001574803151
20
1.1361926771653543
11
2.1739888188976377
21
1.1376593700787401
0
LINE
8
BLACK
6
CONTINUOUS
10
2.1739888188976377
20
1.1376593700787401
11
2.1773097637795273
21
1.1393198425196851
0
LINE
8
BLACK
6
CONTINUOUS
10
2.1773097637795273
20
1.1393198425196851
11
2.1805136614173226
21
1.1425237401574804
0
LINE
8
BLACK
6
CONTINUOUS
10
2.1805136614173226
20
1.1425237401574804
11
2.1841010629921258
21
1.1479048425196849
0
LINE
8
BLACK
6
CONTINUOUS
10
2.1841010629921258
20
1.1479048425196849
11
2.1848094488188976
21
1.1486463779527558
0
LINE
8
BLACK
6
CONTINUOUS
10
2.1848094488188976
20
1.1486463779527558
11
2.1849724015748029
21
1.1486940551181102
0
LINE
8
BLACK
6
CONTINUOUS
10
2.1849724015748029
20
1.1486940551181102
11
2.1850815354330706
21
1.1488240944881889
0
LINE
8
BLACK
6
CONTINUOUS
10
2.1850815354330706
20
1.1488240944881889
11
2.1859253149606297
21
1.1489728740157481
0
LINE
8
BLACK
6
CONTINUOUS
10
2.1859253149606297
20
1.1489728740157481
11
2.1867479527559053
21
1.1492135826771652
0
LINE
8
BLACK
6
CONTINUOUS
10
2.1867479527559053
20
1.1492135826771652
11
2.1869034251968502
21
1.1491453543307086
0
LINE
8
BLACK
6
CONTINUOUS
10
2.1393596850393699
20
1.1487827952755905
11
2.1406152362204725
21
1.1472006692913386
0
LINE
8
BLACK
6
CONTINUOUS
10
2.1406152362204725
20
1.1472006692913386
11
2.1509373622047243
21
1.116234251968504
0
LINE
8
BLACK
6
CONTINUOUS
10
2.1509373622047243
20
1.116234251968504
11
2.1612594881889762
21
1.1472006692913386
0
LINE
8
BLACK
6
CONTINUOUS
10
2.1612594881889762
20
1.1472006692913386
11
2.1617477559055116
21
1.1481024409448819
0
LINE
8
BLACK
6
CONTINUOUS
10
2.1617477559055116
20
1.1481024409448819
11
2.1634687401574801
21
1.1491597244094487
0
LINE
8
BLACK
6
CONTINUOUS
10
2.1634687401574801
20
1.1491597244094487
11
2.1654666929133857
21
1.1488634645669291
0
LINE
8
BLACK
6
CONTINUOUS
10
2.1654666929133857
20
1.1488634645669291
11
2.1668067716535431
21
1.1473522047244094
0
LINE
8
BLACK
6
CONTINUOUS
10
2.1668067716535431
20
1.1473522047244094
11
2.1668619291338582
21
1.145333188976378
0
LINE
8
BLACK
6
CONTINUOUS
10
2.1668619291338582
20
1.145333188976378
11
2.1537385826771653
21
1.1059631102362204
0
LINE
8
BLACK
6
CONTINUOUS
10
2.1537385826771653
20
1.1059631102362204
11
2.1532502755905512
21
1.1050613385826771
0
LINE
8
BLACK
6
CONTINUOUS
10
2.1532502755905512
20
1.1050613385826771
11
2.1531778346456694
21
1.105016811023622
0
LINE
8
BLACK
6
CONTINUOUS
10
2.1531778346456694
20
1.105016811023622
11
2.1531466141732283
21
1.1049377952755906
0
LINE
8
BLACK
6
CONTINUOUS
10
2.1531466141732283
20
1.1049377952755906
11
2.1523251181102361
21
1.1044929527559055
0
LINE
8
BLACK
6
CONTINUOUS
10
2.1523251181102361
20
1.1044929527559055
11
2.1515293307086614
21
1.1040040551181103
0
LINE
8
BLACK
6
CONTINUOUS
10
2.1515293307086614
20
1.1040040551181103
11
2.1514452362204723
21
1.1040164960629921
0
LINE
8
BLACK
6
CONTINUOUS
10
2.1514452362204723
20
1.1040164960629921
11
2.151370472440945
21
1.1039760236220473
0
LINE
8
BLACK
6
CONTINUOUS
10
2.151370472440945
20
1.1039760236220473
11
2.1504553543307088
21
1.1041632677165354
0
LINE
8
BLACK
6
CONTINUOUS
10
2.1504553543307088
20
1.1041632677165354
11
2.1495313385826771
21
1.1043003149606299
0
LINE
8
BLACK
6
CONTINUOUS
10
2.1495313385826771
20
1.1043003149606299
11
2.1494748818897635
21
1.1043639370078739
0
LINE
8
BLACK
6
CONTINUOUS
10
2.1494748818897635
20
1.1043639370078739
11
2.1493916929133858
21
1.1043809842519685
0
LINE
8
BLACK
6
CONTINUOUS
10
2.1493916929133858
20
1.1043809842519685
11
2.1488113385826773
21
1.1051122440944883
0
LINE
8
BLACK
6
CONTINUOUS
10
2.1488113385826773
20
1.1051122440944883
11
2.1481912992125984
21
1.1058115354330709
0
LINE
8
BLACK
6
CONTINUOUS
10
2.1481912992125984
20
1.1058115354330709
11
2.1481889763779529
21
1.105896496062992
0
LINE
8
BLACK
6
CONTINUOUS
10
2.1481889763779529
20
1.105896496062992
11
2.1481361417322833
21
1.1059631102362204
0
LINE
8
BLACK
6
CONTINUOUS
10
2.1481361417322833
20
1.1059631102362204
11
2.1350127952755904
21
1.145333188976378
0
LINE
8
BLACK
6
CONTINUOUS
10
2.1350127952755904
20
1.145333188976378
11
2.1348623622047245
21
1.1463475984251967
0
LINE
8
BLACK
6
CONTINUOUS
10
2.1348623622047245
20
1.1463475984251967
11
2.1356047637795275
21
1.1482259842519684
0
LINE
8
BLACK
6
CONTINUOUS
10
2.1356047637795275
20
1.1482259842519684
11
2.1373809055118111
21
1.1491877559055117
0
LINE
8
BLACK
6
CONTINUOUS
10
2.1373809055118111
20
1.1491877559055117
11
2.1393596850393699
21
1.1487827952755905
0
LINE
8
BLACK
6
CONTINUOUS
10
2.1200762598425196
20
1.1490416141732283
11
2.1202114960629919
21
1.1489281102362205
0
LINE
8
BLACK
6
CONTINUOUS
10
2.1202114960629919
20
1.1489281102362205
11
2.1203868503937007
21
1.1489079527559054
0
LINE
8
BLACK
6
CONTINUOUS
10
2.1203868503937007
20
1.1489079527559054
11
2.1241363779527558
21
1.1470331889763778
0
LINE
8
BLACK
6
CONTINUOUS
10
2.1241363779527558
20
1.1470331889763778
11
2.1248454330708659
21
1.1465072440944881
0
LINE
8
BLACK
6
CONTINUOUS
10
2.1248454330708659
20
1.1465072440944881
11
2.1249037795275592
21
1.1464800787401574
0
LINE
8
BLACK
6
CONTINUOUS
10
2.1249037795275592
20
1.1464800787401574
11
2.1267785433070867
21
1.1446053149606299
0
LINE
8
BLACK
6
CONTINUOUS
10
2.1267785433070867
20
1.1446053149606299
11
2.1272848031496063
21
1.1438822047244095
0
LINE
8
BLACK
6
CONTINUOUS
10
2.1272848031496063
20
1.1438822047244095
11
2.1273316535433069
21
1.1438379133858267
0
LINE
8
BLACK
6
CONTINUOUS
10
2.1273316535433069
20
1.1438379133858267
11
2.1292064173228344
21
1.1400883858267716
0
LINE
8
BLACK
6
CONTINUOUS
10
2.1292064173228344
20
1.1400883858267716
11
2.1294987795275588
21
1.1391054724409448
0
LINE
8
BLACK
6
CONTINUOUS
10
2.1294987795275588
20
1.1391054724409448
11
2.1294577559055119
21
1.1389337401574804
0
LINE
8
BLACK
6
CONTINUOUS
10
2.1294577559055119
20
1.1389337401574804
11
2.1295181496062994
21
1.1387678740157481
0
LINE
8
BLACK
6
CONTINUOUS
10
2.1295181496062994
20
1.1387678740157481
11
2.1295181496062994
21
1.1331435826771654
0
LINE
8
BLACK
6
CONTINUOUS
10
2.1295181496062994
20
1.1331435826771654
11
2.1293400787401575
21
1.1321336614173227
0
LINE
8
BLACK
6
CONTINUOUS
10
2.1293400787401575
20
1.1321336614173227
11
2.1292265748031496
21
1.1319983858267717
0
LINE
8
BLACK
6
CONTINUOUS
10
2.1292265748031496
20
1.1319983858267717
11
2.1292064173228344
21
1.1318230708661416
0
LINE
8
BLACK
6
CONTINUOUS
10
2.1292064173228344
20
1.1318230708661416
11
2.1273316535433069
21
1.1280735433070865
0
LINE
8
BLACK
6
CONTINUOUS
10
2.1273316535433069
20
1.1280735433070865
11
2.1268057480314959
21
1.1273644488188976
0
LINE
8
BLACK
6
CONTINUOUS
10
2.1268057480314959
20
1.1273644488188976
11
2.1267785433070867
21
1.1273061417322834
0
LINE
8
BLACK
6
CONTINUOUS
10
2.1267785433070867
20
1.1273061417322834
11
2.1249037795275592
21
1.1254313779527558
0
LINE
8
BLACK
6
CONTINUOUS
10
2.1249037795275592
20
1.1254313779527558
11
2.1241806692913388
21
1.1249250787401575
0
LINE
8
BLACK
6
CONTINUOUS
10
2.1241806692913388
20
1.1249250787401575
11
2.1241363779527558
21
1.1248782677165354
0
LINE
8
BLACK
6
CONTINUOUS
10
2.1241363779527558
20
1.1248782677165354
11
2.1203868503937007
21
1.1230035039370079
0
LINE
8
BLACK
6
CONTINUOUS
10
2.1203868503937007
20
1.1230035039370079
11
2.1194038976377954
21
1.1227111417322835
0
LINE
8
BLACK
6
CONTINUOUS
10
2.1194038976377954
20
1.1227111417322835
11
2.1192322047244092
21
1.1227521259842519
0
LINE
8
BLACK
6
CONTINUOUS
10
2.1192322047244092
20
1.1227521259842519
11
2.1191037007874014
21
1.1227053543307086
0
LINE
8
BLACK
6
CONTINUOUS
10
2.1191037007874014
20
1.1227053543307086
11
2.1289844094488188
21
1.1085901181102362
0
LINE
8
BLACK
6
CONTINUOUS
10
2.1289844094488188
20
1.1085901181102362
11
2.1294176771653541
21
1.1076606692913387
0
LINE
8
BLACK
6
CONTINUOUS
10
2.1294176771653541
20
1.1076606692913387
11
2.1292413385826769
21
1.1056485826771654
0
LINE
8
BLACK
6
CONTINUOUS
10
2.1292413385826769
20
1.1056485826771654
11
2.1278129133858266
21
1.1042205511811023
0
LINE
8
BLACK
6
CONTINUOUS
10
2.1278129133858266
20
1.1042205511811023
11
2.125800787401575
21
1.1040448031496062
0
LINE
8
BLACK
6
CONTINUOUS
10
2.125800787401575
20
1.1040448031496062
11
2.1241464173228346
21
1.1052035433070866
0
LINE
8
BLACK
6
CONTINUOUS
10
2.1241464173228346
20
1.1052035433070866
11
2.1119046850393701
21
1.1226917716535434
0
LINE
8
BLACK
6
CONTINUOUS
10
2.1119046850393701
20
1.1226917716535434
11
2.1070209842519683
21
1.1226917716535434
0
LINE
8
BLACK
6
CONTINUOUS
10
2.1070209842519683
20
1.1226917716535434
11
2.1070209842519683
21
1.1068968503937007
0
LINE
8
BLACK
6
CONTINUOUS
10
2.1070209842519683
20
1.1068968503937007
11
2.1068429133858269
21
1.1058869291338582
0
LINE
8
BLACK
6
CONTINUOUS
10
2.1068429133858269
20
1.1058869291338582
11
2.1055446062992127
21
1.1043396850393701
0
LINE
8
BLACK
6
CONTINUOUS
10
2.1055446062992127
20
1.1043396850393701
11
2.1035554724409447
21
1.1039889370078739
0
LINE
8
BLACK
6
CONTINUOUS
10
2.1035554724409447
20
1.1039889370078739
11
2.1018062992125985
21
1.1049988582677166
0
LINE
8
BLACK
6
CONTINUOUS
10
2.1018062992125985
20
1.1049988582677166
11
2.1011154724409447
21
1.1068968503937007
0
LINE
8
BLACK
6
CONTINUOUS
10
2.1011154724409447
20
1.1068968503937007
11
2.1011154724409447
21
1.1462669291338583
0
LINE
8
BLACK
6
CONTINUOUS
10
2.1011154724409447
20
1.1462669291338583
11
2.1011830708661416
21
1.1466504330708662
0
LINE
8
BLACK
6
CONTINUOUS
10
2.1011830708661416
20
1.1466504330708662
11
2.1011603149606297
21
1.1467796850393701
0
LINE
8
BLACK
6
CONTINUOUS
10
2.1011603149606297
20
1.1467796850393701
11
2.1012259055118108
21
1.1468932677165353
0
LINE
8
BLACK
6
CONTINUOUS
10
2.1012259055118108
20
1.1468932677165353
11
2.1012935433070865
21
1.1472768503937008
0
LINE
8
BLACK
6
CONTINUOUS
10
2.1012935433070865
20
1.1472768503937008
11
2.1017866535433072
21
1.1478645275590551
0
LINE
8
BLACK
6
CONTINUOUS
10
2.1017866535433072
20
1.1478645275590551
11
2.1021702362204726
21
1.1485288582677164
0
LINE
8
BLACK
6
CONTINUOUS
10
2.1021702362204726
20
1.1485288582677164
11
2.1024205511811025
21
1.1486199606299212
0
LINE
8
BLACK
6
CONTINUOUS
10
2.1024205511811025
20
1.1486199606299212
11
2.1025918503937007
21
1.1488240944881889
0
LINE
8
BLACK
6
CONTINUOUS
10
2.1025918503937007
20
1.1488240944881889
11
2.103347401574803
21
1.1489573228346457
0
LINE
8
BLACK
6
CONTINUOUS
10
2.103347401574803
20
1.1489573228346457
11
2.1040682283464567
21
1.1492196850393701
0
LINE
8
BLACK
6
CONTINUOUS
10
2.1040682283464567
20
1.1492196850393701
11
2.1190663385826771
21
1.1492196850393701
0
LINE
8
BLACK
6
CONTINUOUS
10
2.1190663385826771
20
1.1492196850393701
11
2.1200762598425196
21
1.1490416141732283
0
LINE
8
BLACK
6
CONTINUOUS
10
2.1070209842519683
20
1.128597283464567
11
2.1183692913385825
21
1.128597283464567
0
LINE
8
BLACK
6
CONTINUOUS
10
2.1183692913385825
20
1.128597283464567
11
2.1210667716535432
21
1.1299460236220473
0
LINE
8
BLACK
6
CONTINUOUS
10
2.1210667716535432
20
1.1299460236220473
11
2.1222638976377954
21
1.1311431496062991
0
LINE
8
BLACK
6
CONTINUOUS
10
2.1222638976377954
20
1.1311431496062991
11
2.1236126377952758
21
1.1338406299212598
0
LINE
8
BLACK
6
CONTINUOUS
10
2.1236126377952758
20
1.1338406299212598
11
2.1236126377952758
21
1.1380708267716535
0
LINE
8
BLACK
6
CONTINUOUS
10
2.1236126377952758
20
1.1380708267716535
11
2.1222638976377954
21
1.1407683070866141
0
LINE
8
BLACK
6
CONTINUOUS
10
2.1222638976377954
20
1.1407683070866141
11
2.1210667716535432
21
1.1419654330708662
0
LINE
8
BLACK
6
CONTINUOUS
10
2.1210667716535432
20
1.1419654330708662
11
2.1183692913385825
21
1.1433141732283465
0
LINE
8
BLACK
6
CONTINUOUS
10
2.1183692913385825
20
1.1433141732283465
11
2.1070209842519683
21
1.1433141732283465
0
LINE
8
BLACK
6
CONTINUOUS
10
2.1070209842519683
20
1.1433141732283465
11
2.1070209842519683
21
1.128597283464567
0
LINE
8
BLACK
6
CONTINUOUS
10
2.3625984251968504
20
1.2218503937007874
11
2.3639903543307086
21
1.2212738188976378
0
LINE
8
BLACK
6
CONTINUOUS
10
2.3639903543307086
20
1.2212738188976378
11
2.3645669291338582
21
1.2198818897637795
0
LINE
8
BLACK
6
CONTINUOUS
10
2.3645669291338582
20
1.2198818897637795
11
2.3645669291338582
21
1.0297244094488189
0
LINE
8
BLACK
6
CONTINUOUS
10
2.3645669291338582
20
1.0297244094488189
11
2.3639903543307086
21
1.0283324803149607
0
LINE
8
BLACK
6
CONTINUOUS
10
2.3639903543307086
20
1.0283324803149607
11
2.3625984251968504
21
1.0277559055118111
0
LINE
8
BLACK
6
CONTINUOUS
10
2.3625984251968504
20
1.0277559055118111
11
1.9874015748031495
21
1.0277559055118111
0
LINE
8
BLACK
6
CONTINUOUS
10
1.9874015748031495
20
1.0277559055118111
11
1.9860096456692913
21
1.0283324803149607
0
LINE
8
BLACK
6
CONTINUOUS
10
1.9860096456692913
20
1.0283324803149607
11
1.9854330708661416
21
1.0297244094488189
0
LINE
8
BLACK
6
CONTINUOUS
10
1.9854330708661416
20
1.0297244094488189
11
1.9854330708661416
21
1.2198818897637795
0
LINE
8
BLACK
6
CONTINUOUS
10
1.9854330708661416
20
1.2198818897637795
11
1.9860096456692913
21
1.2212738188976378
0
LINE
8
BLACK
6
CONTINUOUS
10
1.9860096456692913
20
1.2212738188976378
11
1.9874015748031495
21
1.2218503937007874
0
LINE
8
BLACK
6
CONTINUOUS
10
1.9874015748031495
20
1.2218503937007874
11
2.3625984251968504
21
1.2218503937007874
0
LINE
8
BLACK
6
CONTINUOUS
10
1.9893700787401574
20
1.2179133858267717
11
1.9893700787401574
21
1.0316929133858268
0
LINE
8
BLACK
6
CONTINUOUS
10
1.9893700787401574
20
1.0316929133858268
11
2.3606299212598425
21
1.0316929133858268
0
LINE
8
BLACK
6
CONTINUOUS
10
2.3606299212598425
20
1.0316929133858268
11
2.3606299212598425
21
1.2179133858267717
0
LINE
8
BLACK
6
CONTINUOUS
10
2.3606299212598425
20
1.2179133858267717
11
1.9893700787401574
21
1.2179133858267717
0
LINE
8
BLACK
6
CONTINUOUS
10
1.2153540944881889
20
1.0881139763779528
11
1.2154893307086614
21
1.0880004724409449
0
LINE
8
BLACK
6
CONTINUOUS
10
1.2154893307086614
20
1.0880004724409449
11
1.21566468503937
21
1.08798031496063
0
LINE
8
BLACK
6
CONTINUOUS
10
1.21566468503937
20
1.08798031496063
11
1.2194142125984251
21
1.0861055511811024
0
LINE
8
BLACK
6
CONTINUOUS
10
1.2194142125984251
20
1.0861055511811024
11
1.2201231889763779
21
1.08557968503937
0
LINE
8
BLACK
6
CONTINUOUS
10
1.2201231889763779
20
1.08557968503937
11
1.2201815748031495
21
1.0855524803149605
0
LINE
8
BLACK
6
CONTINUOUS
10
1.2201815748031495
20
1.0855524803149605
11
1.2220563779527558
21
1.083677716535433
0
LINE
8
BLACK
6
CONTINUOUS
10
1.2220563779527558
20
1.083677716535433
11
1.2225627559055119
21
1.0829545275590551
0
LINE
8
BLACK
6
CONTINUOUS
10
1.2225627559055119
20
1.0829545275590551
11
1.2226095275590552
21
1.0829102755905511
0
LINE
8
BLACK
6
CONTINUOUS
10
1.2226095275590552
20
1.0829102755905511
11
1.2244842913385827
21
1.079160748031496
0
LINE
8
BLACK
6
CONTINUOUS
10
1.2244842913385827
20
1.079160748031496
11
1.2247766535433071
21
1.0781778346456692
0
LINE
8
BLACK
6
CONTINUOUS
10
1.2247766535433071
20
1.0781778346456692
11
1.2247356299212597
21
1.0780061023622047
0
LINE
8
BLACK
6
CONTINUOUS
10
1.2247356299212597
20
1.0780061023622047
11
1.2247960236220472
21
1.0778402362204724
0
LINE
8
BLACK
6
CONTINUOUS
10
1.2247960236220472
20
1.0778402362204724
11
1.2247960236220472
21
1.0684664173228346
0
LINE
8
BLACK
6
CONTINUOUS
10
1.2247960236220472
20
1.0684664173228346
11
1.2246179527559056
21
1.0674564960629922
0
LINE
8
BLACK
6
CONTINUOUS
10
1.2246179527559056
20
1.0674564960629922
11
1.2245044488188976
21
1.0673212204724409
0
LINE
8
BLACK
6
CONTINUOUS
10
1.2245044488188976
20
1.0673212204724409
11
1.2244842913385827
21
1.0671459055118111
0
LINE
8
BLACK
6
CONTINUOUS
10
1.2244842913385827
20
1.0671459055118111
11
1.2226095275590552
21
1.063396377952756
0
LINE
8
BLACK
6
CONTINUOUS
10
1.2226095275590552
20
1.063396377952756
11
1.2220835433070867
21
1.0626872440944881
0
LINE
8
BLACK
6
CONTINUOUS
10
1.2220835433070867
20
1.0626872440944881
11
1.2220563779527558
21
1.0626289370078741
0
LINE
8
BLACK
6
CONTINUOUS
10
1.2220563779527558
20
1.0626289370078741
11
1.2201815748031495
21
1.0607541732283465
0
LINE
8
BLACK
6
CONTINUOUS
10
1.2201815748031495
20
1.0607541732283465
11
1.2193415354330708
21
1.0601659842519684
0
LINE
8
BLACK
6
CONTINUOUS
10
1.2193415354330708
20
1.0601659842519684
11
1.2173294488188977
21
1.05999
0
LINE
8
BLACK
6
CONTINUOUS
10
1.2173294488188977
20
1.05999
11
1.2156749212598426
21
1.0611485039370079
0
LINE
8
BLACK
6
CONTINUOUS
10
1.2156749212598426
20
1.0611485039370079
11
1.2151522047244094
21
1.0630994881889764
0
LINE
8
BLACK
6
CONTINUOUS
10
1.2151522047244094
20
1.0630994881889764
11
1.2160058267716536
21
1.0649300787401574
0
LINE
8
BLACK
6
CONTINUOUS
10
1.2160058267716536
20
1.0649300787401574
11
1.2175417716535433
21
1.0664659842519686
0
LINE
8
BLACK
6
CONTINUOUS
10
1.2175417716535433
20
1.0664659842519686
11
1.2188905118110236
21
1.069163464566929
0
LINE
8
BLACK
6
CONTINUOUS
10
1.2188905118110236
20
1.069163464566929
11
1.2188905118110236
21
1.0771431889763778
0
LINE
8
BLACK
6
CONTINUOUS
10
1.2188905118110236
20
1.0771431889763778
11
1.2175417716535433
21
1.0798406299212597
0
LINE
8
BLACK
6
CONTINUOUS
10
1.2175417716535433
20
1.0798406299212597
11
1.2163446062992125
21
1.0810377559055118
0
LINE
8
BLACK
6
CONTINUOUS
10
1.2163446062992125
20
1.0810377559055118
11
1.2136471259842518
21
1.0823865354330708
0
LINE
8
BLACK
6
CONTINUOUS
10
1.2136471259842518
20
1.0823865354330708
11
1.2056674015748032
21
1.0823865354330708
0
LINE
8
BLACK
6
CONTINUOUS
10
1.2056674015748032
20
1.0823865354330708
11
1.2029699212598426
21
1.0810377952755905
0
LINE
8
BLACK
6
CONTINUOUS
10
1.2029699212598426
20
1.0810377952755905
11
1.2017727952755906
21
1.0798406692913385
0
LINE
8
BLACK
6
CONTINUOUS
10
1.2017727952755906
20
1.0798406692913385
11
1.2004240551181102
21
1.0771431889763778
0
LINE
8
BLACK
6
CONTINUOUS
10
1.2004240551181102
20
1.0771431889763778
11
1.2004240551181102
21
1.069163464566929
0
LINE
8
BLACK
6
CONTINUOUS
10
1.2004240551181102
20
1.069163464566929
11
1.2017727952755906
21
1.0664659842519686
0
LINE
8
BLACK
6
CONTINUOUS
10
1.2017727952755906
20
1.0664659842519686
11
1.2033087401574802
21
1.0649300393700787
0
LINE
8
BLACK
6
CONTINUOUS
10
1.2033087401574802
20
1.0649300393700787
11
1.2038969291338582
21
1.06409
0
LINE
8
BLACK
6
CONTINUOUS
10
1.2038969291338582
20
1.06409
11
1.2038985826771653
21
1.0640706299212599
0
LINE
8
BLACK
6
CONTINUOUS
10
1.2038985826771653
20
1.0640706299212599
11
1.2039122047244095
21
1.0640567322834646
0
LINE
8
BLACK
6
CONTINUOUS
10
1.2039122047244095
20
1.0640567322834646
11
1.203986496062992
21
1.0630661417322835
0
LINE
8
BLACK
6
CONTINUOUS
10
1.203986496062992
20
1.0630661417322835
11
1.2040729527559055
21
1.0620779133858267
0
LINE
8
BLACK
6
CONTINUOUS
10
1.2040729527559055
20
1.0620779133858267
11
1.2040617716535433
21
1.062061968503937
0
LINE
8
BLACK
6
CONTINUOUS
10
1.2040617716535433
20
1.062061968503937
11
1.2040632677165355
21
1.0620425590551181
0
LINE
8
BLACK
6
CONTINUOUS
10
1.2040632677165355
20
1.0620425590551181
11
1.2034832677165355
21
1.061235748031496
0
LINE
8
BLACK
6
CONTINUOUS
10
1.2034832677165355
20
1.061235748031496
11
1.2029144488188976
21
1.0604233464566928
0
LINE
8
BLACK
6
CONTINUOUS
10
1.2029144488188976
20
1.0604233464566928
11
1.2028956299212599
21
1.0604183070866142
0
LINE
8
BLACK
6
CONTINUOUS
10
1.2028956299212599
20
1.0604183070866142
11
1.2028843307086614
21
1.060402559055118
0
LINE
8
BLACK
6
CONTINUOUS
10
1.2028843307086614
20
1.060402559055118
11
1.2019221259842519
21
1.0601574803149607
0
LINE
8
BLACK
6
CONTINUOUS
10
1.2019221259842519
20
1.0601574803149607
11
1.2009634645669292
21
1.0599006299212599
0
LINE
8
BLACK
6
CONTINUOUS
10
1.2009634645669292
20
1.0599006299212599
11
1.2009458661417323
21
1.0599088188976378
0
LINE
8
BLACK
6
CONTINUOUS
10
1.2009458661417323
20
1.0599088188976378
11
1.2009270078740157
21
1.0599040157480315
0
LINE
8
BLACK
6
CONTINUOUS
10
1.2009270078740157
20
1.0599040157480315
11
1.1821793700787402
21
1.0617787795275591
0
LINE
8
BLACK
6
CONTINUOUS
10
1.1821793700787402
20
1.0617787795275591
11
1.1820290157480315
21
1.0618210629921259
0
LINE
8
BLACK
6
CONTINUOUS
10
1.1820290157480315
20
1.0618210629921259
11
1.1819604330708662
21
1.0618089763779528
0
LINE
8
BLACK
6
CONTINUOUS
10
1.1819604330708662
20
1.0618089763779528
11
1.1818544094488188
21
1.0618701574803149
0
LINE
8
BLACK
6
CONTINUOUS
10
1.1818544094488188
20
1.0618701574803149
11
1.1811922047244094
21
1.0620564566929134
0
LINE
8
BLACK
6
CONTINUOUS
10
1.1811922047244094
20
1.0620564566929134
11
1.1807542913385827
21
1.0625053543307086
0
LINE
8
BLACK
6
CONTINUOUS
10
1.1807542913385827
20
1.0625053543307086
11
1.1802112598425196
21
1.0628188976377952
0
LINE
8
BLACK
6
CONTINUOUS
10
1.1802112598425196
20
1.0628188976377952
11
1.1800700787401575
21
1.0632067322834646
0
LINE
8
BLACK
6
CONTINUOUS
10
1.1800700787401575
20
1.0632067322834646
11
1.179781811023622
21
1.0635022834645669
0
LINE
8
BLACK
6
CONTINUOUS
10
1.179781811023622
20
1.0635022834645669
11
1.1797348818897637
21
1.0641276377952755
0
LINE
8
BLACK
6
CONTINUOUS
10
1.1797348818897637
20
1.0641276377952755
11
1.1795204330708662
21
1.0647168897637795
0
LINE
8
BLACK
6
CONTINUOUS
10
1.1795204330708662
20
1.0647168897637795
11
1.1795204330708662
21
1.0834645275590551
0
LINE
8
BLACK
6
CONTINUOUS
10
1.1795204330708662
20
1.0834645275590551
11
1.1796985039370078
21
1.0844744488188975
0
LINE
8
BLACK
6
CONTINUOUS
10
1.1796985039370078
20
1.0844744488188975
11
1.180996811023622
21
1.0860216929133859
0
LINE
8
BLACK
6
CONTINUOUS
10
1.180996811023622
20
1.0860216929133859
11
1.1829859448818898
21
1.0863724409448818
0
LINE
8
BLACK
6
CONTINUOUS
10
1.1829859448818898
20
1.0863724409448818
11
1.1847351181102361
21
1.0853625196850394
0
LINE
8
BLACK
6
CONTINUOUS
10
1.1847351181102361
20
1.0853625196850394
11
1.1854259448818898
21
1.0834645275590551
0
LINE
8
BLACK
6
CONTINUOUS
10
1.1854259448818898
20
1.0834645275590551
11
1.1854259448818898
21
1.067389094488189
0
LINE
8
BLACK
6
CONTINUOUS
10
1.1854259448818898
20
1.067389094488189
11
1.1951972047244095
21
1.066411968503937
0
LINE
8
BLACK
6
CONTINUOUS
10
1.1951972047244095
20
1.066411968503937
11
1.1948302755905511
21
1.0671459055118111
0
LINE
8
BLACK
6
CONTINUOUS
10
1.1948302755905511
20
1.0671459055118111
11
1.1945379133858267
21
1.0681288582677164
0
LINE
8
BLACK
6
CONTINUOUS
10
1.1945379133858267
20
1.0681288582677164
11
1.1945788976377953
21
1.0683005118110236
0
LINE
8
BLACK
6
CONTINUOUS
10
1.1945788976377953
20
1.0683005118110236
11
1.1945185433070866
21
1.0684664173228346
0
LINE
8
BLACK
6
CONTINUOUS
10
1.1945185433070866
20
1.0684664173228346
11
1.1945185433070866
21
1.0778402362204724
0
LINE
8
BLACK
6
CONTINUOUS
10
1.1945185433070866
20
1.0778402362204724
11
1.1946966141732283
21
1.0788501574803149
0
LINE
8
BLACK
6
CONTINUOUS
10
1.1946966141732283
20
1.0788501574803149
11
1.1948100787401574
21
1.0789853937007874
0
LINE
8
BLACK
6
CONTINUOUS
10
1.1948100787401574
20
1.0789853937007874
11
1.1948302755905511
21
1.079160748031496
0
LINE
8
BLACK
6
CONTINUOUS
10
1.1948302755905511
20
1.079160748031496
11
1.1967050393700787
21
1.0829102755905511
0
LINE
8
BLACK
6
CONTINUOUS
10
1.1967050393700787
20
1.0829102755905511
11
1.1972309448818896
21
1.0836193307086615
0
LINE
8
BLACK
6
CONTINUOUS
10
1.1972309448818896
20
1.0836193307086615
11
1.1972581496062993
21
1.0836776771653542
0
LINE
8
BLACK
6
CONTINUOUS
10
1.1972581496062993
20
1.0836776771653542
11
1.1991329133858268
21
1.0855524409448818
0
LINE
8
BLACK
6
CONTINUOUS
10
1.1991329133858268
20
1.0855524409448818
11
1.1998559842519685
21
1.0860587007874016
0
LINE
8
BLACK
6
CONTINUOUS
10
1.1998559842519685
20
1.0860587007874016
11
1.19990031496063
21
1.0861055511811024
0
LINE
8
BLACK
6
CONTINUOUS
10
1.19990031496063
20
1.0861055511811024
11
1.2036498425196851
21
1.08798031496063
0
LINE
8
BLACK
6
CONTINUOUS
10
1.2036498425196851
20
1.08798031496063
11
1.2046327559055119
21
1.0882726771653544
0
LINE
8
BLACK
6
CONTINUOUS
10
1.2046327559055119
20
1.0882726771653544
11
1.2048044488188976
21
1.088231653543307
0
LINE
8
BLACK
6
CONTINUOUS
10
1.2048044488188976
20
1.088231653543307
11
1.2049703543307086
21
1.0882920472440945
0
LINE
8
BLACK
6
CONTINUOUS
10
1.2049703543307086
20
1.0882920472440945
11
1.2143441732283464
21
1.0882920472440945
0
LINE
8
BLACK
6
CONTINUOUS
10
1.2143441732283464
20
1.0882920472440945
11
1.2153540944881889
21
1.0881139763779528
0
LINE
8
BLACK
6
CONTINUOUS
10
1.2074254724409448
20
1.125685
11
1.2075612598425196
21
1.1256992125984251
0
LINE
8
BLACK
6
CONTINUOUS
10
1.2075612598425196
20
1.1256992125984251
11
1.2150603149606298
21
1.1238244488188975
0
LINE
8
BLACK
6
CONTINUOUS
10
1.2150603149606298
20
1.1238244488188975
11
1.215525748031496
21
1.1236168503937007
0
LINE
8
BLACK
6
CONTINUOUS
10
1.215525748031496
20
1.1236168503937007
11
1.21566468503937
21
1.1236008661417323
0
LINE
8
BLACK
6
CONTINUOUS
10
1.21566468503937
20
1.1236008661417323
11
1.2194142125984251
21
1.1217261023622047
0
LINE
8
BLACK
6
CONTINUOUS
10
1.2194142125984251
20
1.1217261023622047
11
1.2201231889763779
21
1.1212002362204725
0
LINE
8
BLACK
6
CONTINUOUS
10
1.2201231889763779
20
1.1212002362204725
11
1.2201815748031495
21
1.1211730314960631
0
LINE
8
BLACK
6
CONTINUOUS
10
1.2201815748031495
20
1.1211730314960631
11
1.2220563779527558
21
1.1192982677165355
0
LINE
8
BLACK
6
CONTINUOUS
10
1.2220563779527558
20
1.1192982677165355
11
1.2225627559055119
21
1.1185750787401574
0
LINE
8
BLACK
6
CONTINUOUS
10
1.2225627559055119
20
1.1185750787401574
11
1.2226095275590552
21
1.1185308267716536
0
LINE
8
BLACK
6
CONTINUOUS
10
1.2226095275590552
20
1.1185308267716536
11
1.2244842913385827
21
1.1147812992125985
0
LINE
8
BLACK
6
CONTINUOUS
10
1.2244842913385827
20
1.1147812992125985
11
1.2247766535433071
21
1.1137983858267717
0
LINE
8
BLACK
6
CONTINUOUS
10
1.2247766535433071
20
1.1137983858267717
11
1.2247356299212597
21
1.113626653543307
0
LINE
8
BLACK
6
CONTINUOUS
10
1.2247356299212597
20
1.113626653543307
11
1.2247960236220472
21
1.1134607874015747
0
LINE
8
BLACK
6
CONTINUOUS
10
1.2247960236220472
20
1.1134607874015747
11
1.2247960236220472
21
1.1097112598425196
0
LINE
8
BLACK
6
CONTINUOUS
10
1.2247960236220472
20
1.1097112598425196
11
1.2246179527559056
21
1.1087013385826772
0
LINE
8
BLACK
6
CONTINUOUS
10
1.2246179527559056
20
1.1087013385826772
11
1.2245044488188976
21
1.1085660629921259
0
LINE
8
BLACK
6
CONTINUOUS
10
1.2245044488188976
20
1.1085660629921259
11
1.2244842913385827
21
1.1083907480314961
0
LINE
8
BLACK
6
CONTINUOUS
10
1.2244842913385827
20
1.1083907480314961
11
1.2226095275590552
21
1.104641220472441
0
LINE
8
BLACK
6
CONTINUOUS
10
1.2226095275590552
20
1.104641220472441
11
1.2220835433070867
21
1.1039320866141733
0
LINE
8
BLACK
6
CONTINUOUS
10
1.2220835433070867
20
1.1039320866141733
11
1.2220563779527558
21
1.1038737795275591
0
LINE
8
BLACK
6
CONTINUOUS
10
1.2220563779527558
20
1.1038737795275591
11
1.2201815748031495
21
1.1019990157480315
0
LINE
8
BLACK
6
CONTINUOUS
10
1.2201815748031495
20
1.1019990157480315
11
1.2194585039370078
21
1.1014927165354331
0
LINE
8
BLACK
6
CONTINUOUS
10
1.2194585039370078
20
1.1014927165354331
11
1.2194142125984251
21
1.1014459448818898
0
LINE
8
BLACK
6
CONTINUOUS
10
1.2194142125984251
20
1.1014459448818898
11
1.21566468503937
21
1.0995711811023621
0
LINE
8
BLACK
6
CONTINUOUS
10
1.21566468503937
20
1.0995711811023621
11
1.215176220472441
21
1.0994258661417322
0
LINE
8
BLACK
6
CONTINUOUS
10
1.215176220472441
20
1.0994258661417322
11
1.2150603149606298
21
1.0993475984251968
0
LINE
8
BLACK
6
CONTINUOUS
10
1.2150603149606298
20
1.0993475984251968
11
1.2075612598425196
21
1.0974728346456692
0
LINE
8
BLACK
6
CONTINUOUS
10
1.2075612598425196
20
1.0974728346456692
11
1.206973346456693
21
1.0974313385826771
0
LINE
8
BLACK
6
CONTINUOUS
10
1.206973346456693
20
1.0974313385826771
11
1.2068451181102362
21
1.09738468503937
0
LINE
8
BLACK
6
CONTINUOUS
10
1.2068451181102362
20
1.09738468503937
11
1.1974712992125984
21
1.09738468503937
0
LINE
8
BLACK
6
CONTINUOUS
10
1.1974712992125984
20
1.09738468503937
11
1.1968909055118111
21
1.0974870078740158
0
LINE
8
BLACK
6
CONTINUOUS
10
1.1968909055118111
20
1.0974870078740158
11
1.196755157480315
21
1.0974728346456692
0
LINE
8
BLACK
6
CONTINUOUS
10
1.196755157480315
20
1.0974728346456692
11
1.1892561023622048
21
1.0993475984251968
0
LINE
8
BLACK
6
CONTINUOUS
10
1.1892561023622048
20
1.0993475984251968
11
1.1887906299212598
21
1.0995551574803148
0
LINE
8
BLACK
6
CONTINUOUS
10
1.1887906299212598
20
1.0995551574803148
11
1.1886517322834644
21
1.0995711811023621
0
LINE
8
BLACK
6
CONTINUOUS
10
1.1886517322834644
20
1.0995711811023621
11
1.1849022047244093
21
1.1014459448818898
0
LINE
8
BLACK
6
CONTINUOUS
10
1.1849022047244093
20
1.1014459448818898
11
1.1841931102362204
21
1.1019718110236221
0
LINE
8
BLACK
6
CONTINUOUS
10
1.1841931102362204
20
1.1019718110236221
11
1.1841348031496062
21
1.1019990551181102
0
LINE
8
BLACK
6
CONTINUOUS
10
1.1841348031496062
20
1.1019990551181102
11
1.1822600393700786
21
1.1038738188976378
0
LINE
8
BLACK
6
CONTINUOUS
10
1.1822600393700786
20
1.1038738188976378
11
1.1817537401574802
21
1.1045968897637795
0
LINE
8
BLACK
6
CONTINUOUS
10
1.1817537401574802
20
1.1045968897637795
11
1.1817069291338582
21
1.104641220472441
0
LINE
8
BLACK
6
CONTINUOUS
10
1.1817069291338582
20
1.104641220472441
11
1.1798321653543307
21
1.1083907480314961
0
LINE
8
BLACK
6
CONTINUOUS
10
1.1798321653543307
20
1.1083907480314961
11
1.1795398031496063
21
1.1093737007874016
0
LINE
8
BLACK
6
CONTINUOUS
10
1.1795398031496063
20
1.1093737007874016
11
1.1795807874015747
21
1.1095453543307086
0
LINE
8
BLACK
6
CONTINUOUS
10
1.1795807874015747
20
1.1095453543307086
11
1.1795204330708662
21
1.1097112598425196
0
LINE
8
BLACK
6
CONTINUOUS
10
1.1795204330708662
20
1.1097112598425196
11
1.1795204330708662
21
1.1134607874015747
0
LINE
8
BLACK
6
CONTINUOUS
10
1.1795204330708662
20
1.1134607874015747
11
1.1796985039370078
21
1.1144707086614174
0
LINE
8
BLACK
6
CONTINUOUS
10
1.1796985039370078
20
1.1144707086614174
11
1.179811968503937
21
1.1146059448818897
0
LINE
8
BLACK
6
CONTINUOUS
10
1.179811968503937
20
1.1146059448818897
11
1.1798321653543307
21
1.1147812992125985
0
LINE
8
BLACK
6
CONTINUOUS
10
1.1798321653543307
20
1.1147812992125985
11
1.1817069291338582
21
1.1185308267716536
0
LINE
8
BLACK
6
CONTINUOUS
10
1.1817069291338582
20
1.1185308267716536
11
1.1822328346456692
21
1.1192398818897638
0
LINE
8
BLACK
6
CONTINUOUS
10
1.1822328346456692
20
1.1192398818897638
11
1.1822600393700786
21
1.1192982283464568
0
LINE
8
BLACK
6
CONTINUOUS
10
1.1822600393700786
20
1.1192982283464568
11
1.1841348031496062
21
1.1211729921259843
0
LINE
8
BLACK
6
CONTINUOUS
10
1.1841348031496062
20
1.1211729921259843
11
1.184857874015748
21
1.1216792519685039
0
LINE
8
BLACK
6
CONTINUOUS
10
1.184857874015748
20
1.1216792519685039
11
1.1849022047244093
21
1.1217261023622047
0
LINE
8
BLACK
6
CONTINUOUS
10
1.1849022047244093
20
1.1217261023622047
11
1.1886517322834644
21
1.1236008661417323
0
LINE
8
BLACK
6
CONTINUOUS
10
1.1886517322834644
20
1.1236008661417323
11
1.1891401574803149
21
1.1237461417322834
0
LINE
8
BLACK
6
CONTINUOUS
10
1.1891401574803149
20
1.1237461417322834
11
1.1892561023622048
21
1.1238244488188975
0
LINE
8
BLACK
6
CONTINUOUS
10
1.1892561023622048
20
1.1238244488188975
11
1.196755157480315
21
1.1256992125984251
0
LINE
8
BLACK
6
CONTINUOUS
10
1.196755157480315
20
1.1256992125984251
11
1.1973430314960629
21
1.1257406692913385
0
LINE
8
BLACK
6
CONTINUOUS
10
1.1973430314960629
20
1.1257406692913385
11
1.1974712992125984
21
1.1257873622047243
0
LINE
8
BLACK
6
CONTINUOUS
10
1.1974712992125984
20
1.1257873622047243
11
1.2068451181102362
21
1.1257873622047243
0
LINE
8
BLACK
6
CONTINUOUS
10
1.2068451181102362
20
1.1257873622047243
11
1.2074254724409448
21
1.125685
0
LINE
8
BLACK
6
CONTINUOUS
10
1.1910027952755906
20
1.1181738188976378
11
1.1879718110236219
21
1.1166583464566928
0
LINE
8
BLACK
6
CONTINUOUS
10
1.1879718110236219
20
1.1166583464566928
11
1.1867746850393701
21
1.115461220472441
0
LINE
8
BLACK
6
CONTINUOUS
10
1.1867746850393701
20
1.115461220472441
11
1.1854259448818898
21
1.1127637401574804
0
LINE
8
BLACK
6
CONTINUOUS
10
1.1854259448818898
20
1.1127637401574804
11
1.1854259448818898
21
1.1104083070866142
0
LINE
8
BLACK
6
CONTINUOUS
10
1.1854259448818898
20
1.1104083070866142
11
1.1867746850393701
21
1.1077108267716536
0
LINE
8
BLACK
6
CONTINUOUS
10
1.1867746850393701
20
1.1077108267716536
11
1.1879718110236219
21
1.1065137007874015
0
LINE
8
BLACK
6
CONTINUOUS
10
1.1879718110236219
20
1.1065137007874015
11
1.1910027952755906
21
1.104998188976378
0
LINE
8
BLACK
6
CONTINUOUS
10
1.1910027952755906
20
1.104998188976378
11
1.197834842519685
21
1.1032901968503936
0
LINE
8
BLACK
6
CONTINUOUS
10
1.197834842519685
20
1.1032901968503936
11
1.2064815748031497
21
1.1032901968503936
0
LINE
8
BLACK
6
CONTINUOUS
10
1.2064815748031497
20
1.1032901968503936
11
1.213313622047244
21
1.104998188976378
0
LINE
8
BLACK
6
CONTINUOUS
10
1.213313622047244
20
1.104998188976378
11
1.2163446062992125
21
1.1065137007874015
0
LINE
8
BLACK
6
CONTINUOUS
10
1.2163446062992125
20
1.1065137007874015
11
1.2175417716535433
21
1.1077108267716536
0
LINE
8
BLACK
6
CONTINUOUS
10
1.2175417716535433
20
1.1077108267716536
11
1.2188905118110236
21
1.1104083070866142
0
LINE
8
BLACK
6
CONTINUOUS
10
1.2188905118110236
20
1.1104083070866142
11
1.2188905118110236
21
1.1127637401574804
0
LINE
8
BLACK
6
CONTINUOUS
10
1.2188905118110236
20
1.1127637401574804
11
1.2175417716535433
21
1.1154611811023623
0
LINE
8
BLACK
6
CONTINUOUS
10
1.2175417716535433
20
1.1154611811023623
11
1.2163446062992125
21
1.1166583070866141
0
LINE
8
BLACK
6
CONTINUOUS
10
1.2163446062992125
20
1.1166583070866141
11
1.213313622047244
21
1.1181738188976378
0
LINE
8
BLACK
6
CONTINUOUS
10
1.213313622047244
20
1.1181738188976378
11
1.2064815748031497
21
1.1198818503937007
0
LINE
8
BLACK
6
CONTINUOUS
10
1.2064815748031497
20
1.1198818503937007
11
1.197834842519685
21
1.1198818503937007
0
LINE
8
BLACK
6
CONTINUOUS
10
1.197834842519685
20
1.1198818503937007
11
1.1910027952755906
21
1.1181738188976378
0
LINE
8
BLACK
6
CONTINUOUS
10
1.2227770078740157
20
1.1500077952755905
11
1.223678779527559
21
1.1495195275590551
0
LINE
8
BLACK
6
CONTINUOUS
10
1.223678779527559
20
1.1495195275590551
11
1.2237232677165355
21
1.1494470472440945
0
LINE
8
BLACK
6
CONTINUOUS
10
1.2237232677165355
20
1.1494470472440945
11
1.2238023228346457
21
1.1494158267716534
0
LINE
8
BLACK
6
CONTINUOUS
10
1.2238023228346457
20
1.1494158267716534
11
1.2242470472440945
21
1.1485944881889762
0
LINE
8
BLACK
6
CONTINUOUS
10
1.2242470472440945
20
1.1485944881889762
11
1.224736062992126
21
1.1477985433070865
0
LINE
8
BLACK
6
CONTINUOUS
10
1.224736062992126
20
1.1477985433070865
11
1.2247235826771654
21
1.1477144488188975
0
LINE
8
BLACK
6
CONTINUOUS
10
1.2247235826771654
20
1.1477144488188975
11
1.224764094488189
21
1.14763968503937
0
LINE
8
BLACK
6
CONTINUOUS
10
1.224764094488189
20
1.14763968503937
11
1.2245767716535432
21
1.1467245275590552
0
LINE
8
BLACK
6
CONTINUOUS
10
1.2245767716535432
20
1.1467245275590552
11
1.2244398031496062
21
1.145800590551181
0
LINE
8
BLACK
6
CONTINUOUS
10
1.2244398031496062
20
1.145800590551181
11
1.2243761417322834
21
1.1457441338582677
0
LINE
8
BLACK
6
CONTINUOUS
10
1.2243761417322834
20
1.1457441338582677
11
1.2243591338582678
21
1.145660905511811
0
LINE
8
BLACK
6
CONTINUOUS
10
1.2243591338582678
20
1.145660905511811
11
1.223627440944882
21
1.1450802362204724
0
LINE
8
BLACK
6
CONTINUOUS
10
1.223627440944882
20
1.1450802362204724
11
1.2229285433070867
21
1.1444605118110236
0
LINE
8
BLACK
6
CONTINUOUS
10
1.2229285433070867
20
1.1444605118110236
11
1.2228435826771653
21
1.1444581889763779
0
LINE
8
BLACK
6
CONTINUOUS
10
1.2228435826771653
20
1.1444581889763779
11
1.2227770078740157
21
1.1444053543307087
0
LINE
8
BLACK
6
CONTINUOUS
10
1.2227770078740157
20
1.1444053543307087
11
1.1834069291338583
21
1.1312820078740158
0
LINE
8
BLACK
6
CONTINUOUS
10
1.1834069291338583
20
1.1312820078740158
11
1.1823925196850393
21
1.1311315748031496
0
LINE
8
BLACK
6
CONTINUOUS
10
1.1823925196850393
20
1.1311315748031496
11
1.1805141338582676
21
1.1318739763779528
0
LINE
8
BLACK
6
CONTINUOUS
10
1.1805141338582676
20
1.1318739763779528
11
1.1795523622047244
21
1.1336501181102363
0
LINE
8
BLACK
6
CONTINUOUS
10
1.1795523622047244
20
1.1336501181102363
11
1.1799573228346456
21
1.1356288976377953
0
LINE
8
BLACK
6
CONTINUOUS
10
1.1799573228346456
20
1.1356288976377953
11
1.1815394488188977
21
1.1368844488188976
0
LINE
8
BLACK
6
CONTINUOUS
10
1.1815394488188977
20
1.1368844488188976
11
1.2125058267716535
21
1.1472065748031495
0
LINE
8
BLACK
6
CONTINUOUS
10
1.2125058267716535
20
1.1472065748031495
11
1.1815394488188977
21
1.1575287007874016
0
LINE
8
BLACK
6
CONTINUOUS
10
1.1815394488188977
20
1.1575287007874016
11
1.1806376771653544
21
1.1580170078740157
0
LINE
8
BLACK
6
CONTINUOUS
10
1.1806376771653544
20
1.1580170078740157
11
1.1795803937007874
21
1.1597379527559055
0
LINE
8
BLACK
6
CONTINUOUS
10
1.1795803937007874
20
1.1597379527559055
11
1.179876653543307
21
1.1617359448818898
0
LINE
8
BLACK
6
CONTINUOUS
10
1.179876653543307
20
1.1617359448818898
11
1.181387874015748
21
1.1630759842519685
0
LINE
8
BLACK
6
CONTINUOUS
10
1.181387874015748
20
1.1630759842519685
11
1.1834069291338583
21
1.1631311417322834
0
LINE
8
BLACK
6
CONTINUOUS
10
1.1834069291338583
20
1.1631311417322834
11
1.2227770078740157
21
1.1500077952755905
0
LINE
8
BLACK
6
CONTINUOUS
10
1.708181653543307
20
1.197832716535433
11
1.7091190551181101
21
1.1968953543307086
0
LINE
8
BLACK
6
CONTINUOUS
10
1.7091190551181101
20
1.1968953543307086
11
1.7092593307086614
21
1.1965566141732282
0
LINE
8
BLACK
6
CONTINUOUS
10
1.7092593307086614
20
1.1965566141732282
11
1.7094994881889762
21
1.1962797637795275
0
LINE
8
BLACK
6
CONTINUOUS
10
1.7094994881889762
20
1.1962797637795275
11
1.7104368897637794
21
1.193467559055118
0
LINE
8
BLACK
6
CONTINUOUS
10
1.7104368897637794
20
1.193467559055118
11
1.7104185039370079
21
1.1932089763779528
0
LINE
8
BLACK
6
CONTINUOUS
10
1.7104185039370079
20
1.1932089763779528
11
1.7105176771653543
21
1.1929696062992126
0
LINE
8
BLACK
6
CONTINUOUS
10
1.7105176771653543
20
1.1929696062992126
11
1.7105176771653543
21
1.191094842519685
0
LINE
8
BLACK
6
CONTINUOUS
10
1.7105176771653543
20
1.191094842519685
11
1.7104185039370079
21
1.1908553937007873
0
LINE
8
BLACK
6
CONTINUOUS
10
1.7104185039370079
20
1.1908553937007873
11
1.7104368897637794
21
1.1905968503937008
0
LINE
8
BLACK
6
CONTINUOUS
10
1.7104368897637794
20
1.1905968503937008
11
1.7094994881889762
21
1.1877847244094488
0
LINE
8
BLACK
6
CONTINUOUS
10
1.7094994881889762
20
1.1877847244094488
11
1.7092593307086614
21
1.1875078346456693
0
LINE
8
BLACK
6
CONTINUOUS
10
1.7092593307086614
20
1.1875078346456693
11
1.7091190551181101
21
1.1871691338582677
0
LINE
8
BLACK
6
CONTINUOUS
10
1.7091190551181101
20
1.1871691338582677
11
1.7072442519685038
21
1.1852943700787402
0
LINE
8
BLACK
6
CONTINUOUS
10
1.7072442519685038
20
1.1852943700787402
11
1.7070047637795276
21
1.185195157480315
0
LINE
8
BLACK
6
CONTINUOUS
10
1.7070047637795276
20
1.185195157480315
11
1.7068349999999999
21
1.1849994094488188
0
LINE
8
BLACK
6
CONTINUOUS
10
1.7068349999999999
20
1.1849994094488188
11
1.7049602362204723
21
1.1840620078740158
0
LINE
8
BLACK
6
CONTINUOUS
10
1.7049602362204723
20
1.1840620078740158
11
1.7047816929133859
21
1.1840492913385827
0
LINE
8
BLACK
6
CONTINUOUS
10
1.7047816929133859
20
1.1840492913385827
11
1.704637874015748
21
1.1839427559055118
0
LINE
8
BLACK
6
CONTINUOUS
10
1.704637874015748
20
1.1839427559055118
11
1.7008883464566928
21
1.1830053937007874
0
LINE
8
BLACK
6
CONTINUOUS
10
1.7008883464566928
20
1.1830053937007874
11
1.7006908267716534
21
1.1830347637795275
0
LINE
8
BLACK
6
CONTINUOUS
10
1.7006908267716534
20
1.1830347637795275
11
1.7005064173228346
21
1.1829583858267716
0
LINE
8
BLACK
6
CONTINUOUS
10
1.7005064173228346
20
1.1829583858267716
11
1.6976942913385826
21
1.1829583858267716
0
LINE
8
BLACK
6
CONTINUOUS
10
1.6976942913385826
20
1.1829583858267716
11
1.6975098425196851
21
1.1830347637795275
0
LINE
8
BLACK
6
CONTINUOUS
10
1.6975098425196851
20
1.1830347637795275
11
1.6973123622047244
21
1.1830053937007874
0
LINE
8
BLACK
6
CONTINUOUS
10
1.6973123622047244
20
1.1830053937007874
11
1.6935628346456693
21
1.1839427559055118
0
LINE
8
BLACK
6
CONTINUOUS
10
1.6935628346456693
20
1.1839427559055118
11
1.6934189763779528
21
1.1840492913385827
0
LINE
8
BLACK
6
CONTINUOUS
10
1.6934189763779528
20
1.1840492913385827
11
1.6932404724409449
21
1.1840620078740158
0
LINE
8
BLACK
6
CONTINUOUS
10
1.6932404724409449
20
1.1840620078740158
11
1.6913657086614173
21
1.1849994094488188
0
LINE
8
BLACK
6
CONTINUOUS
10
1.6913657086614173
20
1.1849994094488188
11
1.6911958661417323
21
1.1851951968503938
0
LINE
8
BLACK
6
CONTINUOUS
10
1.6911958661417323
20
1.1851951968503938
11
1.6909564173228346
21
1.1852944094488189
0
LINE
8
BLACK
6
CONTINUOUS
10
1.6909564173228346
20
1.1852944094488189
11
1.6890816929133858
21
1.1871691732283465
0
LINE
8
BLACK
6
CONTINUOUS
10
1.6890816929133858
20
1.1871691732283465
11
1.6889413779527558
21
1.1875077952755906
0
LINE
8
BLACK
6
CONTINUOUS
10
1.6889413779527558
20
1.1875077952755906
11
1.6887012598425197
21
1.1877847244094488
0
LINE
8
BLACK
6
CONTINUOUS
10
1.6887012598425197
20
1.1877847244094488
11
1.6877638582677166
21
1.1905968503937008
0
LINE
8
BLACK
6
CONTINUOUS
10
1.6877638582677166
20
1.1905968503937008
11
1.6877822047244093
21
1.1908553543307085
0
LINE
8
BLACK
6
CONTINUOUS
10
1.6877822047244093
20
1.1908553543307085
11
1.6876830314960629
21
1.191094842519685
0
LINE
8
BLACK
6
CONTINUOUS
10
1.6876830314960629
20
1.191094842519685
11
1.6876830314960629
21
1.1929696062992126
0
LINE
8
BLACK
6
CONTINUOUS
10
1.6876830314960629
20
1.1929696062992126
11
1.6877822047244093
21
1.1932090551181103
0
LINE
8
BLACK
6
CONTINUOUS
10
1.6877822047244093
20
1.1932090551181103
11
1.6877638582677166
21
1.1934675984251968
0
LINE
8
BLACK
6
CONTINUOUS
10
1.6877638582677166
20
1.1934675984251968
11
1.6887012598425197
21
1.1962797637795275
0
LINE
8
BLACK
6
CONTINUOUS
10
1.6887012598425197
20
1.1962797637795275
11
1.6889413779527558
21
1.196556653543307
0
LINE
8
BLACK
6
CONTINUOUS
10
1.6889413779527558
20
1.196556653543307
11
1.6890816929133858
21
1.1968953149606298
0
LINE
8
BLACK
6
CONTINUOUS
10
1.6890816929133858
20
1.1968953149606298
11
1.6900190551181102
21
1.1978326771653542
0
LINE
8
BLACK
6
CONTINUOUS
10
1.6900190551181102
20
1.1978326771653542
11
1.6911325984251968
21
1.198293937007874
0
LINE
8
BLACK
6
CONTINUOUS
10
1.6911325984251968
20
1.198293937007874
11
1.6922461417322834
21
1.1978326771653542
0
LINE
8
BLACK
6
CONTINUOUS
10
1.6922461417322834
20
1.1978326771653542
11
1.6927074015748031
21
1.1967191338582677
0
LINE
8
BLACK
6
CONTINUOUS
10
1.6927074015748031
20
1.1967191338582677
11
1.6922461417322834
21
1.1956055905511811
0
LINE
8
BLACK
6
CONTINUOUS
10
1.6922461417322834
20
1.1956055905511811
11
1.6915716141732282
21
1.1949310629921259
0
LINE
8
BLACK
6
CONTINUOUS
10
1.6915716141732282
20
1.1949310629921259
11
1.6908326377952756
21
1.1927140551181101
0
LINE
8
BLACK
6
CONTINUOUS
10
1.6908326377952756
20
1.1927140551181101
11
1.6908326377952756
21
1.1913503543307087
0
LINE
8
BLACK
6
CONTINUOUS
10
1.6908326377952756
20
1.1913503543307087
11
1.6915716141732282
21
1.1891333858267716
0
LINE
8
BLACK
6
CONTINUOUS
10
1.6915716141732282
20
1.1891333858267716
11
1.6930028346456694
21
1.1877021653543307
0
LINE
8
BLACK
6
CONTINUOUS
10
1.6930028346456694
20
1.1877021653543307
11
1.6944944094488188
21
1.1869564173228346
0
LINE
8
BLACK
6
CONTINUOUS
10
1.6944944094488188
20
1.1869564173228346
11
1.6978881889763779
21
1.1861079921259843
0
LINE
8
BLACK
6
CONTINUOUS
10
1.6978881889763779
20
1.1861079921259843
11
1.7003125196850393
21
1.1861079921259843
0
LINE
8
BLACK
6
CONTINUOUS
10
1.7003125196850393
20
1.1861079921259843
11
1.7037062598425197
21
1.1869564173228346
0
LINE
8
BLACK
6
CONTINUOUS
10
1.7037062598425197
20
1.1869564173228346
11
1.7051978346456693
21
1.1877022047244095
0
LINE
8
BLACK
6
CONTINUOUS
10
1.7051978346456693
20
1.1877022047244095
11
1.706629094488189
21
1.1891333858267716
0
LINE
8
BLACK
6
CONTINUOUS
10
1.706629094488189
20
1.1891333858267716
11
1.7073680708661416
21
1.1913503149606299
0
LINE
8
BLACK
6
CONTINUOUS
10
1.7073680708661416
20
1.1913503149606299
11
1.7073680708661416
21
1.1927140944881889
0
LINE
8
BLACK
6
CONTINUOUS
10
1.7073680708661416
20
1.1927140944881889
11
1.706629094488189
21
1.1949310629921259
0
LINE
8
BLACK
6
CONTINUOUS
10
1.706629094488189
20
1.1949310629921259
11
1.7059545669291338
21
1.1956055511811023
0
LINE
8
BLACK
6
CONTINUOUS
10
1.7059545669291338
20
1.1956055511811023
11
1.7054933070866141
21
1.1967190944881889
0
LINE
8
BLACK
6
CONTINUOUS
10
1.7054933070866141
20
1.1967190944881889
11
1.7059545275590551
21
1.1978326771653542
0
LINE
8
BLACK
6
CONTINUOUS
10
1.7059545275590551
20
1.1978326771653542
11
1.7070680708661417
21
1.198293937007874
0
LINE
8
BLACK
6
CONTINUOUS
10
1.7070680708661417
20
1.198293937007874
11
1.708181653543307
21
1.197832716535433
0
LINE
8
BLACK
6
CONTINUOUS
10
1.705531968503937
20
1.2169012992125985
11
1.7058976377952755
21
1.2168753543307087
0
LINE
8
BLACK
6
CONTINUOUS
10
1.7058976377952755
20
1.2168753543307087
11
1.707772401574803
21
1.2159379527559055
0
LINE
8
BLACK
6
CONTINUOUS
10
1.707772401574803
20
1.2159379527559055
11
1.7079421653543307
21
1.2157421653543308
0
LINE
8
BLACK
6
CONTINUOUS
10
1.7079421653543307
20
1.2157421653543308
11
1.708181653543307
21
1.2156429921259841
0
LINE
8
BLACK
6
CONTINUOUS
10
1.708181653543307
20
1.2156429921259841
11
1.7091190551181101
21
1.2147056299212597
0
LINE
8
BLACK
6
CONTINUOUS
10
1.7091190551181101
20
1.2147056299212597
11
1.7092182677165353
21
1.214466062992126
0
LINE
8
BLACK
6
CONTINUOUS
10
1.7092182677165353
20
1.214466062992126
11
1.7094140551181103
21
1.2142962992125983
0
LINE
8
BLACK
6
CONTINUOUS
10
1.7094140551181103
20
1.2142962992125983
11
1.7103514173228347
21
1.2124215748031495
0
LINE
8
BLACK
6
CONTINUOUS
10
1.7103514173228347
20
1.2124215748031495
11
1.7103773622047245
21
1.212055905511811
0
LINE
8
BLACK
6
CONTINUOUS
10
1.7103773622047245
20
1.212055905511811
11
1.7105176771653543
21
1.2117172834645669
0
LINE
8
BLACK
6
CONTINUOUS
10
1.7105176771653543
20
1.2117172834645669
11
1.7105176771653543
21
1.2070303543307086
0
LINE
8
BLACK
6
CONTINUOUS
10
1.7105176771653543
20
1.2070303543307086
11
1.7103773622047245
21
1.2066916929133857
0
LINE
8
BLACK
6
CONTINUOUS
10
1.7103773622047245
20
1.2066916929133857
11
1.7103514173228347
21
1.206326062992126
0
LINE
8
BLACK
6
CONTINUOUS
10
1.7103514173228347
20
1.206326062992126
11
1.7094140551181103
21
1.2044513385826772
0
LINE
8
BLACK
6
CONTINUOUS
10
1.7094140551181103
20
1.2044513385826772
11
1.7092182677165353
21
1.2042815354330709
0
LINE
8
BLACK
6
CONTINUOUS
10
1.7092182677165353
20
1.2042815354330709
11
1.7091190551181101
21
1.2040420078740157
0
LINE
8
BLACK
6
CONTINUOUS
10
1.7091190551181101
20
1.2040420078740157
11
1.708181653543307
21
1.2031046456692913
0
LINE
8
BLACK
6
CONTINUOUS
10
1.708181653543307
20
1.2031046456692913
11
1.7070680708661417
21
1.2026434251968503
0
LINE
8
BLACK
6
CONTINUOUS
10
1.7070680708661417
20
1.2026434251968503
11
1.7059545275590551
21
1.2031046850393701
0
LINE
8
BLACK
6
CONTINUOUS
10
1.7059545275590551
20
1.2031046850393701
11
1.7054933070866141
21
1.2042182677165354
0
LINE
8
BLACK
6
CONTINUOUS
10
1.7054933070866141
20
1.2042182677165354
11
1.7059545669291338
21
1.205331811023622
0
LINE
8
BLACK
6
CONTINUOUS
10
1.7059545669291338
20
1.205331811023622
11
1.7067112598425196
21
1.2060884251968504
0
LINE
8
BLACK
6
CONTINUOUS
10
1.7067112598425196
20
1.2060884251968504
11
1.7073680708661416
21
1.2074020472440945
0
LINE
8
BLACK
6
CONTINUOUS
10
1.7073680708661416
20
1.2074020472440945
11
1.7073680708661416
21
1.2113455511811024
0
LINE
8
BLACK
6
CONTINUOUS
10
1.7073680708661416
20
1.2113455511811024
11
1.7067112598425196
21
1.2126591732283465
0
LINE
8
BLACK
6
CONTINUOUS
10
1.7067112598425196
20
1.2126591732283465
11
1.7061352362204725
21
1.2132351181102361
0
LINE
8
BLACK
6
CONTINUOUS
10
1.7061352362204725
20
1.2132351181102361
11
1.7048215748031497
21
1.2138920078740156
0
LINE
8
BLACK
6
CONTINUOUS
10
1.7048215748031497
20
1.2138920078740156
11
1.700878188976378
21
1.2138920078740156
0
LINE
8
BLACK
6
CONTINUOUS
10
1.700878188976378
20
1.2138920078740156
11
1.6995644488188977
21
1.2132351181102361
0
LINE
8
BLACK
6
CONTINUOUS
10
1.6995644488188977
20
1.2132351181102361
11
1.6989885433070866
21
1.2126592125984252
0
LINE
8
BLACK
6
CONTINUOUS
10
1.6989885433070866
20
1.2126592125984252
11
1.6983316929133858
21
1.2113454724409449
0
LINE
8
BLACK
6
CONTINUOUS
10
1.6983316929133858
20
1.2113454724409449
11
1.6983316929133858
21
1.207402125984252
0
LINE
8
BLACK
6
CONTINUOUS
10
1.6983316929133858
20
1.207402125984252
11
1.6989885433070866
21
1.2060883858267717
0
LINE
8
BLACK
6
CONTINUOUS
10
1.6989885433070866
20
1.2060883858267717
11
1.6997451968503936
21
1.2053317716535432
0
LINE
8
BLACK
6
CONTINUOUS
10
1.6997451968503936
20
1.2053317716535432
11
1.6997770866141733
21
1.2052547637795274
0
LINE
8
BLACK
6
CONTINUOUS
10
1.6997770866141733
20
1.2052547637795274
11
1.6998504330708661
21
1.2052154330708662
0
LINE
8
BLACK
6
CONTINUOUS
10
1.6998504330708661
20
1.2052154330708662
11
1.7000034645669291
21
1.2047082283464567
0
LINE
8
BLACK
6
CONTINUOUS
10
1.7000034645669291
20
1.2047082283464567
11
1.7002064566929134
21
1.2042182283464566
0
LINE
8
BLACK
6
CONTINUOUS
10
1.7002064566929134
20
1.2042182283464566
11
1.7001745669291337
21
1.2041412204724409
0
LINE
8
BLACK
6
CONTINUOUS
10
1.7001745669291337
20
1.2041412204724409
11
1.700198622047244
21
1.2040615354330708
0
LINE
8
BLACK
6
CONTINUOUS
10
1.700198622047244
20
1.2040615354330708
11
1.6999480708661416
21
1.2035945275590552
0
LINE
8
BLACK
6
CONTINUOUS
10
1.6999480708661416
20
1.2035945275590552
11
1.6997451968503936
21
1.2031046850393701
0
LINE
8
BLACK
6
CONTINUOUS
10
1.6997451968503936
20
1.2031046850393701
11
1.6996682283464566
21
1.2030727952755906
0
LINE
8
BLACK
6
CONTINUOUS
10
1.6996682283464566
20
1.2030727952755906
11
1.6996288582677166
21
1.2029994094488188
0
LINE
8
BLACK
6
CONTINUOUS
10
1.6996288582677166
20
1.2029994094488188
11
1.6991214960629921
21
1.2028463385826771
0
LINE
8
BLACK
6
CONTINUOUS
10
1.6991214960629921
20
1.2028463385826771
11
1.698631653543307
21
1.2026434251968503
0
LINE
8
BLACK
6
CONTINUOUS
10
1.698631653543307
20
1.2026434251968503
11
1.6985546456692913
21
1.20267531496063
0
LINE
8
BLACK
6
CONTINUOUS
10
1.6985546456692913
20
1.20267531496063
11
1.6984749212598425
21
1.2026512598425196
0
LINE
8
BLACK
6
CONTINUOUS
10
1.6984749212598425
20
1.2026512598425196
11
1.6891011417322834
21
1.203588622047244
0
LINE
8
BLACK
6
CONTINUOUS
10
1.6891011417322834
20
1.203588622047244
11
1.6886341338582678
21
1.2038391338582677
0
LINE
8
BLACK
6
CONTINUOUS
10
1.6886341338582678
20
1.2038391338582677
11
1.6881442913385827
21
1.2040420472440945
0
LINE
8
BLACK
6
CONTINUOUS
10
1.6881442913385827
20
1.2040420472440945
11
1.688112401574803
21
1.2041189763779527
0
LINE
8
BLACK
6
CONTINUOUS
10
1.688112401574803
20
1.2041189763779527
11
1.6880390157480314
21
1.2041583858267717
0
LINE
8
BLACK
6
CONTINUOUS
10
1.6880390157480314
20
1.2041583858267717
11
1.6878859055118109
21
1.204665748031496
0
LINE
8
BLACK
6
CONTINUOUS
10
1.6878859055118109
20
1.204665748031496
11
1.6876830314960629
21
1.205155590551181
0
LINE
8
BLACK
6
CONTINUOUS
10
1.6876830314960629
20
1.205155590551181
11
1.6876830314960629
21
1.2145294094488188
0
LINE
8
BLACK
6
CONTINUOUS
10
1.6876830314960629
20
1.2145294094488188
11
1.6881442913385827
21
1.2156429527559054
0
LINE
8
BLACK
6
CONTINUOUS
10
1.6881442913385827
20
1.2156429527559054
11
1.6892578346456693
21
1.2161042125984252
0
LINE
8
BLACK
6
CONTINUOUS
10
1.6892578346456693
20
1.2161042125984252
11
1.6903713779527558
21
1.2156429527559054
0
LINE
8
BLACK
6
CONTINUOUS
10
1.6903713779527558
20
1.2156429527559054
11
1.6908326377952756
21
1.2145294094488188
0
LINE
8
BLACK
6
CONTINUOUS
10
1.6908326377952756
20
1.2145294094488188
11
1.6908326377952756
21
1.2065807480314961
0
LINE
8
BLACK
6
CONTINUOUS
10
1.6908326377952756
20
1.2065807480314961
11
1.6954519291338583
21
1.2061188188976377
0
LINE
8
BLACK
6
CONTINUOUS
10
1.6954519291338583
20
1.2061188188976377
11
1.695348346456693
21
1.206326062992126
0
LINE
8
BLACK
6
CONTINUOUS
10
1.695348346456693
20
1.206326062992126
11
1.6953223622047244
21
1.2066916929133857
0
LINE
8
BLACK
6
CONTINUOUS
10
1.6953223622047244
20
1.2066916929133857
11
1.6951820866141731
21
1.2070303543307086
0
LINE
8
BLACK
6
CONTINUOUS
10
1.6951820866141731
20
1.2070303543307086
11
1.6951820866141731
21
1.2117172834645669
0
LINE
8
BLACK
6
CONTINUOUS
10
1.6951820866141731
20
1.2117172834645669
11
1.6953223622047244
21
1.212055905511811
0
LINE
8
BLACK
6
CONTINUOUS
10
1.6953223622047244
20
1.212055905511811
11
1.695348346456693
21
1.2124215748031495
0
LINE
8
BLACK
6
CONTINUOUS
10
1.695348346456693
20
1.2124215748031495
11
1.6962857480314961
21
1.214296338582677
0
LINE
8
BLACK
6
CONTINUOUS
10
1.6962857480314961
20
1.214296338582677
11
1.6964815354330709
21
1.2144661417322835
0
LINE
8
BLACK
6
CONTINUOUS
10
1.6964815354330709
20
1.2144661417322835
11
1.6965807480314961
21
1.214705590551181
0
LINE
8
BLACK
6
CONTINUOUS
10
1.6965807480314961
20
1.214705590551181
11
1.6975181102362205
21
1.2156429527559054
0
LINE
8
BLACK
6
CONTINUOUS
10
1.6975181102362205
20
1.2156429527559054
11
1.6977575196850394
21
1.215742125984252
0
LINE
8
BLACK
6
CONTINUOUS
10
1.6977575196850394
20
1.215742125984252
11
1.6979273622047244
21
1.2159379527559055
0
LINE
8
BLACK
6
CONTINUOUS
10
1.6979273622047244
20
1.2159379527559055
11
1.699802125984252
21
1.2168753543307087
0
LINE
8
BLACK
6
CONTINUOUS
10
1.699802125984252
20
1.2168753543307087
11
1.7001677559055117
21
1.2169012992125985
0
LINE
8
BLACK
6
CONTINUOUS
10
1.7001677559055117
20
1.2169012992125985
11
1.7005064173228346
21
1.2170416141732283
0
LINE
8
BLACK
6
CONTINUOUS
10
1.7005064173228346
20
1.2170416141732283
11
1.7051933464566928
21
1.2170416141732283
0
LINE
8
BLACK
6
CONTINUOUS
10
1.7051933464566928
20
1.2170416141732283
11
1.705531968503937
21
1.2169012992125985
0
LINE
8
BLACK
6
CONTINUOUS
10
1.7236220472440944
20
1.2413385826771652
11
1.7250139763779526
21
1.2407620078740158
0
LINE
8
BLACK
6
CONTINUOUS
10
1.7250139763779526
20
1.2407620078740158
11
1.7255905511811023
21
1.2393700787401574
0
LINE
8
BLACK
6
CONTINUOUS
10
1.7255905511811023
20
1.2393700787401574
11
1.7255905511811023
21
1.1606299212598425
0
LINE
8
BLACK
6
CONTINUOUS
10
1.7255905511811023
20
1.1606299212598425
11
1.7250139763779526
21
1.1592379921259843
0
LINE
8
BLACK
6
CONTINUOUS
10
1.7250139763779526
20
1.1592379921259843
11
1.7236220472440944
21
1.1586614173228347
0
LINE
8
BLACK
6
CONTINUOUS
10
1.7236220472440944
20
1.1586614173228347
11
1.6763779527559055
21
1.1586614173228347
0
LINE
8
BLACK
6
CONTINUOUS
10
1.6763779527559055
20
1.1586614173228347
11
1.6749860236220473
21
1.1592379921259843
0
LINE
8
BLACK
6
CONTINUOUS
10
1.6749860236220473
20
1.1592379921259843
11
1.6744094488188976
21
1.1606299212598425
0
LINE
8
BLACK
6
CONTINUOUS
10
1.6744094488188976
20
1.1606299212598425
11
1.6744094488188976
21
1.2393700787401574
0
LINE
8
BLACK
6
CONTINUOUS
10
1.6744094488188976
20
1.2393700787401574
11
1.6749860236220473
21
1.2407620078740158
0
LINE
8
BLACK
6
CONTINUOUS
10
1.6749860236220473
20
1.2407620078740158
11
1.6763779527559055
21
1.2413385826771652
0
LINE
8
BLACK
6
CONTINUOUS
10
1.6763779527559055
20
1.2413385826771652
11
1.7236220472440944
21
1.2413385826771652
0
LINE
8
BLACK
6
CONTINUOUS
10
1.6783464566929134
20
1.2374015748031495
11
1.6783464566929134
21
1.1625984251968504
0
LINE
8
BLACK
6
CONTINUOUS
10
1.6783464566929134
20
1.1625984251968504
11
1.7216535433070865
21
1.1625984251968504
0
LINE
8
BLACK
6
CONTINUOUS
10
1.7216535433070865
20
1.1625984251968504
11
1.7216535433070865
21
1.2374015748031495
0
LINE
8
BLACK
6
CONTINUOUS
10
1.7216535433070865
20
1.2374015748031495
11
1.6783464566929134
21
1.2374015748031495
0
LINE
8
BLACK
6
CONTINUOUS
10
1.8081816535433071
20
1.197832716535433
11
1.8091190551181102
21
1.1968953543307086
0
LINE
8
BLACK
6
CONTINUOUS
10
1.8091190551181102
20
1.1968953543307086
11
1.8092593307086613
21
1.1965566141732282
0
LINE
8
BLACK
6
CONTINUOUS
10
1.8092593307086613
20
1.1965566141732282
11
1.8094994881889763
21
1.1962797637795275
0
LINE
8
BLACK
6
CONTINUOUS
10
1.8094994881889763
20
1.1962797637795275
11
1.8104368897637795
21
1.193467559055118
0
LINE
8
BLACK
6
CONTINUOUS
10
1.8104368897637795
20
1.193467559055118
11
1.8104185039370078
21
1.1932089763779528
0
LINE
8
BLACK
6
CONTINUOUS
10
1.8104185039370078
20
1.1932089763779528
11
1.8105176771653544
21
1.1929696062992126
0
LINE
8
BLACK
6
CONTINUOUS
10
1.8105176771653544
20
1.1929696062992126
11
1.8105176771653544
21
1.191094842519685
0
LINE
8
BLACK
6
CONTINUOUS
10
1.8105176771653544
20
1.191094842519685
11
1.8104185039370078
21
1.1908553937007873
0
LINE
8
BLACK
6
CONTINUOUS
10
1.8104185039370078
20
1.1908553937007873
11
1.8104368897637795
21
1.1905968503937008
0
LINE
8
BLACK
6
CONTINUOUS
10
1.8104368897637795
20
1.1905968503937008
11
1.8094994881889763
21
1.1877847244094488
0
LINE
8
BLACK
6
CONTINUOUS
10
1.8094994881889763
20
1.1877847244094488
11
1.8092593307086613
21
1.1875078346456693
0
LINE
8
BLACK
6
CONTINUOUS
10
1.8092593307086613
20
1.1875078346456693
11
1.8091190551181102
21
1.1871691338582677
0
LINE
8
BLACK
6
CONTINUOUS
10
1.8091190551181102
20
1.1871691338582677
11
1.8072442519685039
21
1.1852943700787402
0
LINE
8
BLACK
6
CONTINUOUS
10
1.8072442519685039
20
1.1852943700787402
11
1.8070047637795275
21
1.185195157480315
0
LINE
8
BLACK
6
CONTINUOUS
10
1.8070047637795275
20
1.185195157480315
11
1.806835
21
1.1849994094488188
0
LINE
8
BLACK
6
CONTINUOUS
10
1.806835
20
1.1849994094488188
11
1.8049602362204724
21
1.1840620078740158
0
LINE
8
BLACK
6
CONTINUOUS
10
1.8049602362204724
20
1.1840620078740158
11
1.8047816929133857
21
1.1840492913385827
0
LINE
8
BLACK
6
CONTINUOUS
10
1.8047816929133857
20
1.1840492913385827
11
1.804637874015748
21
1.1839427559055118
0
LINE
8
BLACK
6
CONTINUOUS
10
1.804637874015748
20
1.1839427559055118
11
1.8008883464566929
21
1.1830053937007874
0
LINE
8
BLACK
6
CONTINUOUS
10
1.8008883464566929
20
1.1830053937007874
11
1.8006908267716535
21
1.1830347637795275
0
LINE
8
BLACK
6
CONTINUOUS
10
1.8006908267716535
20
1.1830347637795275
11
1.8005064173228347
21
1.1829583858267716
0
LINE
8
BLACK
6
CONTINUOUS
10
1.8005064173228347
20
1.1829583858267716
11
1.7976942913385827
21
1.1829583858267716
0
LINE
8
BLACK
6
CONTINUOUS
10
1.7976942913385827
20
1.1829583858267716
11
1.7975098425196849
21
1.1830347637795275
0
LINE
8
BLACK
6
CONTINUOUS
10
1.7975098425196849
20
1.1830347637795275
11
1.7973123622047245
21
1.1830053937007874
0
LINE
8
BLACK
6
CONTINUOUS
10
1.7973123622047245
20
1.1830053937007874
11
1.7935628346456693
21
1.1839427559055118
0
LINE
8
BLACK
6
CONTINUOUS
10
1.7935628346456693
20
1.1839427559055118
11
1.7934189763779527
21
1.1840492913385827
0
LINE
8
BLACK
6
CONTINUOUS
10
1.7934189763779527
20
1.1840492913385827
11
1.7932404724409448
21
1.1840620078740158
0
LINE
8
BLACK
6
CONTINUOUS
10
1.7932404724409448
20
1.1840620078740158
11
1.7913657086614172
21
1.1849994094488188
0
LINE
8
BLACK
6
CONTINUOUS
10
1.7913657086614172
20
1.1849994094488188
11
1.7911958661417322
21
1.1851951968503938
0
LINE
8
BLACK
6
CONTINUOUS
10
1.7911958661417322
20
1.1851951968503938
11
1.7909564173228345
21
1.1852944094488189
0
LINE
8
BLACK
6
CONTINUOUS
10
1.7909564173228345
20
1.1852944094488189
11
1.7890816929133857
21
1.1871691732283465
0
LINE
8
BLACK
6
CONTINUOUS
10
1.7890816929133857
20
1.1871691732283465
11
1.7889413779527559
21
1.1875077952755906
0
LINE
8
BLACK
6
CONTINUOUS
10
1.7889413779527559
20
1.1875077952755906
11
1.7887012598425196
21
1.1877847244094488
0
LINE
8
BLACK
6
CONTINUOUS
10
1.7887012598425196
20
1.1877847244094488
11
1.7877638582677164
21
1.1905968503937008
0
LINE
8
BLACK
6
CONTINUOUS
10
1.7877638582677164
20
1.1905968503937008
11
1.7877822047244094
21
1.1908553543307085
0
LINE
8
BLACK
6
CONTINUOUS
10
1.7877822047244094
20
1.1908553543307085
11
1.787683031496063
21
1.191094842519685
0
LINE
8
BLACK
6
CONTINUOUS
10
1.787683031496063
20
1.191094842519685
11
1.787683031496063
21
1.1929696062992126
0
LINE
8
BLACK
6
CONTINUOUS
10
1.787683031496063
20
1.1929696062992126
11
1.7877822047244094
21
1.1932090551181103
0
LINE
8
BLACK
6
CONTINUOUS
10
1.7877822047244094
20
1.1932090551181103
11
1.7877638582677164
21
1.1934675984251968
0
LINE
8
BLACK
6
CONTINUOUS
10
1.7877638582677164
20
1.1934675984251968
11
1.7887012598425196
21
1.1962797637795275
0
LINE
8
BLACK
6
CONTINUOUS
10
1.7887012598425196
20
1.1962797637795275
11
1.7889413779527559
21
1.196556653543307
0
LINE
8
BLACK
6
CONTINUOUS
10
1.7889413779527559
20
1.196556653543307
11
1.7890816929133857
21
1.1968953149606298
0
LINE
8
BLACK
6
CONTINUOUS
10
1.7890816929133857
20
1.1968953149606298
11
1.7900190551181101
21
1.1978326771653542
0
LINE
8
BLACK
6
CONTINUOUS
10
1.7900190551181101
20
1.1978326771653542
11
1.7911325984251969
21
1.198293937007874
0
LINE
8
BLACK
6
CONTINUOUS
10
1.7911325984251969
20
1.198293937007874
11
1.7922461417322835
21
1.1978326771653542
0
LINE
8
BLACK
6
CONTINUOUS
10
1.7922461417322835
20
1.1978326771653542
11
1.792707401574803
21
1.1967191338582677
0
LINE
8
BLACK
6
CONTINUOUS
10
1.792707401574803
20
1.1967191338582677
11
1.7922461417322835
21
1.1956055905511811
0
LINE
8
BLACK
6
CONTINUOUS
10
1.7922461417322835
20
1.1956055905511811
11
1.7915716141732283
21
1.1949310629921259
0
LINE
8
BLACK
6
CONTINUOUS
10
1.7915716141732283
20
1.1949310629921259
11
1.7908326377952755
21
1.1927140551181101
0
LINE
8
BLACK
6
CONTINUOUS
10
1.7908326377952755
20
1.1927140551181101
11
1.7908326377952755
21
1.1913503543307087
0
LINE
8
BLACK
6
CONTINUOUS
10
1.7908326377952755
20
1.1913503543307087
11
1.7915716141732283
21
1.1891333858267716
0
LINE
8
BLACK
6
CONTINUOUS
10
1.7915716141732283
20
1.1891333858267716
11
1.7930028346456692
21
1.1877021653543307
0
LINE
8
BLACK
6
CONTINUOUS
10
1.7930028346456692
20
1.1877021653543307
11
1.7944944094488189
21
1.1869564173228346
0
LINE
8
BLACK
6
CONTINUOUS
10
1.7944944094488189
20
1.1869564173228346
11
1.7978881889763778
21
1.1861079921259843
0
LINE
8
BLACK
6
CONTINUOUS
10
1.7978881889763778
20
1.1861079921259843
11
1.8003125196850394
21
1.1861079921259843
0
LINE
8
BLACK
6
CONTINUOUS
10
1.8003125196850394
20
1.1861079921259843
11
1.8037062598425198
21
1.1869564173228346
0
LINE
8
BLACK
6
CONTINUOUS
10
1.8037062598425198
20
1.1869564173228346
11
1.8051978346456692
21
1.1877022047244095
0
LINE
8
BLACK
6
CONTINUOUS
10
1.8051978346456692
20
1.1877022047244095
11
1.8066290944881889
21
1.1891333858267716
0
LINE
8
BLACK
6
CONTINUOUS
10
1.8066290944881889
20
1.1891333858267716
11
1.8073680708661417
21
1.1913503149606299
0
LINE
8
BLACK
6
CONTINUOUS
10
1.8073680708661417
20
1.1913503149606299
11
1.8073680708661417
21
1.1927140944881889
0
LINE
8
BLACK
6
CONTINUOUS
10
1.8073680708661417
20
1.1927140944881889
11
1.8066290944881889
21
1.1949310629921259
0
LINE
8
BLACK
6
CONTINUOUS
10
1.8066290944881889
20
1.1949310629921259
11
1.8059545669291339
21
1.1956055511811023
0
LINE
8
BLACK
6
CONTINUOUS
10
1.8059545669291339
20
1.1956055511811023
11
1.8054933070866142
21
1.1967190944881889
0
LINE
8
BLACK
6
CONTINUOUS
10
1.8054933070866142
20
1.1967190944881889
11
1.8059545275590552
21
1.1978326771653542
0
LINE
8
BLACK
6
CONTINUOUS
10
1.8059545275590552
20
1.1978326771653542
11
1.8070680708661417
21
1.198293937007874
0
LINE
8
BLACK
6
CONTINUOUS
10
1.8070680708661417
20
1.198293937007874
11
1.8081816535433071
21
1.197832716535433
0
LINE
8
BLACK
6
CONTINUOUS
10
1.8034947244094488
20
1.2175177165354329
11
1.8039559842519686
21
1.2164041732283464
0
LINE
8
BLACK
6
CONTINUOUS
10
1.8039559842519686
20
1.2164041732283464
11
1.8039559842519686
21
1.2151668503937008
0
LINE
8
BLACK
6
CONTINUOUS
10
1.8039559842519686
20
1.2151668503937008
11
1.808942874015748
21
1.2151668503937008
0
LINE
8
BLACK
6
CONTINUOUS
10
1.808942874015748
20
1.2151668503937008
11
1.8100564173228346
21
1.214705590551181
0
LINE
8
BLACK
6
CONTINUOUS
10
1.8100564173228346
20
1.214705590551181
11
1.8105176771653544
21
1.2135920472440944
0
LINE
8
BLACK
6
CONTINUOUS
10
1.8105176771653544
20
1.2135920472440944
11
1.8100564173228346
21
1.2124785039370078
0
LINE
8
BLACK
6
CONTINUOUS
10
1.8100564173228346
20
1.2124785039370078
11
1.808942874015748
21
1.2120172440944881
0
LINE
8
BLACK
6
CONTINUOUS
10
1.808942874015748
20
1.2120172440944881
11
1.8039559842519686
21
1.2120172440944881
0
LINE
8
BLACK
6
CONTINUOUS
10
1.8039559842519686
20
1.2120172440944881
11
1.8039559842519686
21
1.2042182283464566
0
LINE
8
BLACK
6
CONTINUOUS
10
1.8039559842519686
20
1.2042182283464566
11
1.8038568110236219
21
1.2039787795275589
0
LINE
8
BLACK
6
CONTINUOUS
10
1.8038568110236219
20
1.2039787795275589
11
1.8038751968503937
21
1.2037202362204724
0
LINE
8
BLACK
6
CONTINUOUS
10
1.8038751968503937
20
1.2037202362204724
11
1.8036349606299211
21
1.2034432283464567
0
LINE
8
BLACK
6
CONTINUOUS
10
1.8036349606299211
20
1.2034432283464567
11
1.8034947244094488
21
1.2031046850393701
0
LINE
8
BLACK
6
CONTINUOUS
10
1.8034947244094488
20
1.2031046850393701
11
1.8032553149606299
21
1.2030055118110237
0
LINE
8
BLACK
6
CONTINUOUS
10
1.8032553149606299
20
1.2030055118110237
11
1.8030854724409449
21
1.2028096850393701
0
LINE
8
BLACK
6
CONTINUOUS
10
1.8030854724409449
20
1.2028096850393701
11
1.8027198031496063
21
1.2027837007874016
0
LINE
8
BLACK
6
CONTINUOUS
10
1.8027198031496063
20
1.2027837007874016
11
1.8023811811023622
21
1.2026434251968503
0
LINE
8
BLACK
6
CONTINUOUS
10
1.8023811811023622
20
1.2026434251968503
11
1.8021416929133858
21
1.2027425984251969
0
LINE
8
BLACK
6
CONTINUOUS
10
1.8021416929133858
20
1.2027425984251969
11
1.801883188976378
21
1.202724251968504
0
LINE
8
BLACK
6
CONTINUOUS
10
1.801883188976378
20
1.202724251968504
11
1.7878224803149605
21
1.2074111417322835
0
LINE
8
BLACK
6
CONTINUOUS
10
1.7878224803149605
20
1.2074111417322835
11
1.7869119291338582
21
1.2082008661417323
0
LINE
8
BLACK
6
CONTINUOUS
10
1.7869119291338582
20
1.2082008661417323
11
1.786826496062992
21
1.2094031102362204
0
LINE
8
BLACK
6
CONTINUOUS
10
1.786826496062992
20
1.2094031102362204
11
1.7876162204724408
21
1.2103136614173229
0
LINE
8
BLACK
6
CONTINUOUS
10
1.7876162204724408
20
1.2103136614173229
11
1.7888184645669292
21
1.2103990944881891
0
LINE
8
BLACK
6
CONTINUOUS
10
1.7888184645669292
20
1.2103990944881891
11
1.8008063779527559
21
1.2064031102362205
0
LINE
8
BLACK
6
CONTINUOUS
10
1.8008063779527559
20
1.2064031102362205
11
1.8008063779527559
21
1.2120172440944881
0
LINE
8
BLACK
6
CONTINUOUS
10
1.8008063779527559
20
1.2120172440944881
11
1.7958195275590552
21
1.2120172440944881
0
LINE
8
BLACK
6
CONTINUOUS
10
1.7958195275590552
20
1.2120172440944881
11
1.7947059842519684
21
1.2124785039370078
0
LINE
8
BLACK
6
CONTINUOUS
10
1.7947059842519684
20
1.2124785039370078
11
1.7942447244094488
21
1.2135920472440944
0
LINE
8
BLACK
6
CONTINUOUS
10
1.7942447244094488
20
1.2135920472440944
11
1.7947059842519684
21
1.214705590551181
0
LINE
8
BLACK
6
CONTINUOUS
10
1.7947059842519684
20
1.214705590551181
11
1.7958195275590552
21
1.2151668503937008
0
LINE
8
BLACK
6
CONTINUOUS
10
1.7958195275590552
20
1.2151668503937008
11
1.8008063779527559
21
1.2151668503937008
0
LINE
8
BLACK
6
CONTINUOUS
10
1.8008063779527559
20
1.2151668503937008
11
1.8008063779527559
21
1.2164041732283464
0
LINE
8
BLACK
6
CONTINUOUS
10
1.8008063779527559
20
1.2164041732283464
11
1.8012676377952757
21
1.2175177165354329
0
LINE
8
BLACK
6
CONTINUOUS
10
1.8012676377952757
20
1.2175177165354329
11
1.8023811811023622
21
1.2179789763779527
0
LINE
8
BLACK
6
CONTINUOUS
10
1.8023811811023622
20
1.2179789763779527
11
1.8034947244094488
21
1.2175177165354329
0
LINE
8
BLACK
6
CONTINUOUS
10
1.8236220472440945
20
1.2413385826771652
11
1.8250139763779527
21
1.2407620078740158
0
LINE
8
BLACK
6
CONTINUOUS
10
1.8250139763779527
20
1.2407620078740158
11
1.8255905511811024
21
1.2393700787401574
0
LINE
8
BLACK
6
CONTINUOUS
10
1.8255905511811024
20
1.2393700787401574
11
1.8255905511811024
21
1.1606299212598425
0
LINE
8
BLACK
6
CONTINUOUS
10
1.8255905511811024
20
1.1606299212598425
11
1.8250139763779527
21
1.1592379921259843
0
LINE
8
BLACK
6
CONTINUOUS
10
1.8250139763779527
20
1.1592379921259843
11
1.8236220472440945
21
1.1586614173228347
0
LINE
8
BLACK
6
CONTINUOUS
10
1.8236220472440945
20
1.1586614173228347
11
1.7763779527559054
21
1.1586614173228347
0
LINE
8
BLACK
6
CONTINUOUS
10
1.7763779527559054
20
1.1586614173228347
11
1.7749860236220472
21
1.1592379921259843
0
LINE
8
BLACK
6
CONTINUOUS
10
1.7749860236220472
20
1.1592379921259843
11
1.7744094488188975
21
1.1606299212598425
0
LINE
8
BLACK
6
CONTINUOUS
10
1.7744094488188975
20
1.1606299212598425
11
1.7744094488188975
21
1.2393700787401574
0
LINE
8
BLACK
6
CONTINUOUS
10
1.7744094488188975
20
1.2393700787401574
11
1.7749860236220472
21
1.2407620078740158
0
LINE
8
BLACK
6
CONTINUOUS
10
1.7749860236220472
20
1.2407620078740158
11
1.7763779527559054
21
1.2413385826771652
0
LINE
8
BLACK
6
CONTINUOUS
10
1.7763779527559054
20
1.2413385826771652
11
1.8236220472440945
21
1.2413385826771652
0
LINE
8
BLACK
6
CONTINUOUS
10
1.7783464566929132
20
1.2374015748031495
11
1.7783464566929132
21
1.1625984251968504
0
LINE
8
BLACK
6
CONTINUOUS
10
1.7783464566929132
20
1.1625984251968504
11
1.8216535433070866
21
1.1625984251968504
0
LINE
8
BLACK
6
CONTINUOUS
10
1.8216535433070866
20
1.1625984251968504
11
1.8216535433070866
21
1.2374015748031495
0
LINE
8
BLACK
6
CONTINUOUS
10
1.8216535433070866
20
1.2374015748031495
11
1.7783464566929132
21
1.2374015748031495
0
LINE
8
BLACK
6
CONTINUOUS
10
1.9058082283464566
20
1.2121766141732284
11
1.9061738976377953
21
1.2121506692913386
0
LINE
8
BLACK
6
CONTINUOUS
10
1.9061738976377953
20
1.2121506692913386
11
1.9080486614173229
21
1.2112132677165355
0
LINE
8
BLACK
6
CONTINUOUS
10
1.9080486614173229
20
1.2112132677165355
11
1.9082184251968504
21
1.2110174803149607
0
LINE
8
BLACK
6
CONTINUOUS
10
1.9082184251968504
20
1.2110174803149607
11
1.9084579133858268
21
1.2109183070866141
0
LINE
8
BLACK
6
CONTINUOUS
10
1.9084579133858268
20
1.2109183070866141
11
1.90939531496063
21
1.2099809448818897
0
LINE
8
BLACK
6
CONTINUOUS
10
1.90939531496063
20
1.2099809448818897
11
1.9094945275590551
21
1.2097413779527559
0
LINE
8
BLACK
6
CONTINUOUS
10
1.9094945275590551
20
1.2097413779527559
11
1.9096903149606299
21
1.2095716141732282
0
LINE
8
BLACK
6
CONTINUOUS
10
1.9096903149606299
20
1.2095716141732282
11
1.9106276771653543
21
1.2076968897637794
0
LINE
8
BLACK
6
CONTINUOUS
10
1.9106276771653543
20
1.2076968897637794
11
1.9106536220472441
21
1.2073312204724409
0
LINE
8
BLACK
6
CONTINUOUS
10
1.9106536220472441
20
1.2073312204724409
11
1.9107939370078739
21
1.2069925984251968
0
LINE
8
BLACK
6
CONTINUOUS
10
1.9107939370078739
20
1.2069925984251968
11
1.9107939370078739
21
1.2041804330708661
0
LINE
8
BLACK
6
CONTINUOUS
10
1.9107939370078739
20
1.2041804330708661
11
1.9106536220472441
21
1.2038417716535432
0
LINE
8
BLACK
6
CONTINUOUS
10
1.9106536220472441
20
1.2038417716535432
11
1.9106276771653543
21
1.2034761417322835
0
LINE
8
BLACK
6
CONTINUOUS
10
1.9106276771653543
20
1.2034761417322835
11
1.9096903149606299
21
1.2016014173228347
0
LINE
8
BLACK
6
CONTINUOUS
10
1.9096903149606299
20
1.2016014173228347
11
1.9094945275590551
21
1.2014316141732284
0
LINE
8
BLACK
6
CONTINUOUS
10
1.9094945275590551
20
1.2014316141732284
11
1.90939531496063
21
1.2011920866141732
0
LINE
8
BLACK
6
CONTINUOUS
10
1.90939531496063
20
1.2011920866141732
11
1.9084579133858268
21
1.2002547244094488
0
LINE
8
BLACK
6
CONTINUOUS
10
1.9084579133858268
20
1.2002547244094488
11
1.9082184251968504
21
1.2001555118110236
0
LINE
8
BLACK
6
CONTINUOUS
10
1.9082184251968504
20
1.2001555118110236
11
1.9080486614173229
21
1.1999597637795276
0
LINE
8
BLACK
6
CONTINUOUS
10
1.9080486614173229
20
1.1999597637795276
11
1.9061738976377953
21
1.1990223622047245
0
LINE
8
BLACK
6
CONTINUOUS
10
1.9061738976377953
20
1.1990223622047245
11
1.9058082283464566
21
1.1989963779527559
0
LINE
8
BLACK
6
CONTINUOUS
10
1.9058082283464566
20
1.1989963779527559
11
1.9056343307086614
21
1.1989243307086614
0
LINE
8
BLACK
6
CONTINUOUS
10
1.9056343307086614
20
1.1989243307086614
11
1.9105092519685039
21
1.1919601574803149
0
LINE
8
BLACK
6
CONTINUOUS
10
1.9105092519685039
20
1.1919601574803149
11
1.9107699606299213
21
1.1907833858267716
0
LINE
8
BLACK
6
CONTINUOUS
10
1.9107699606299213
20
1.1907833858267716
11
1.9101222440944881
21
1.1897669291338582
0
LINE
8
BLACK
6
CONTINUOUS
10
1.9101222440944881
20
1.1897669291338582
11
1.9089454724409449
21
1.1895062598425197
0
LINE
8
BLACK
6
CONTINUOUS
10
1.9089454724409449
20
1.1895062598425197
11
1.9079290157480315
21
1.1901539763779527
0
LINE
8
BLACK
6
CONTINUOUS
10
1.9079290157480315
20
1.1901539763779527
11
1.901837559055118
21
1.1988561023622046
0
LINE
8
BLACK
6
CONTINUOUS
10
1.901837559055118
20
1.1988561023622046
11
1.8995453543307086
21
1.1988561023622046
0
LINE
8
BLACK
6
CONTINUOUS
10
1.8995453543307086
20
1.1988561023622046
11
1.8995453543307086
21
1.1910570866141732
0
LINE
8
BLACK
6
CONTINUOUS
10
1.8995453543307086
20
1.1910570866141732
11
1.8990840944881888
21
1.1899435433070866
0
LINE
8
BLACK
6
CONTINUOUS
10
1.8990840944881888
20
1.1899435433070866
11
1.8979705511811023
21
1.1894822834645669
0
LINE
8
BLACK
6
CONTINUOUS
10
1.8979705511811023
20
1.1894822834645669
11
1.8968570078740157
21
1.1899435433070866
0
LINE
8
BLACK
6
CONTINUOUS
10
1.8968570078740157
20
1.1899435433070866
11
1.8963957480314959
21
1.1910570866141732
0
LINE
8
BLACK
6
CONTINUOUS
10
1.8963957480314959
20
1.1910570866141732
11
1.8963957480314959
21
1.2107421259842519
0
LINE
8
BLACK
6
CONTINUOUS
10
1.8963957480314959
20
1.2107421259842519
11
1.8968570078740157
21
1.2118556692913385
0
LINE
8
BLACK
6
CONTINUOUS
10
1.8968570078740157
20
1.2118556692913385
11
1.8979705511811023
21
1.2123169291338582
0
LINE
8
BLACK
6
CONTINUOUS
10
1.8979705511811023
20
1.2123169291338582
11
1.9054696062992125
21
1.2123169291338582
0
LINE
8
BLACK
6
CONTINUOUS
10
1.9054696062992125
20
1.2123169291338582
11
1.9058082283464566
21
1.2121766141732284
0
LINE
8
BLACK
6
CONTINUOUS
10
1.8995453543307086
20
1.2020057086614173
11
1.9050978346456693
21
1.2020057086614173
0
LINE
8
BLACK
6
CONTINUOUS
10
1.9050978346456693
20
1.2020057086614173
11
1.9064114960629921
21
1.2026625590551181
0
LINE
8
BLACK
6
CONTINUOUS
10
1.9064114960629921
20
1.2026625590551181
11
1.9069875196850394
21
1.2032385039370079
0
LINE
8
BLACK
6
CONTINUOUS
10
1.9069875196850394
20
1.2032385039370079
11
1.9076443307086615
21
1.204552125984252
0
LINE
8
BLACK
6
CONTINUOUS
10
1.9076443307086615
20
1.204552125984252
11
1.9076443307086615
21
1.2066208661417324
0
LINE
8
BLACK
6
CONTINUOUS
10
1.9076443307086615
20
1.2066208661417324
11
1.9069875196850394
21
1.2079344881889764
0
LINE
8
BLACK
6
CONTINUOUS
10
1.9069875196850394
20
1.2079344881889764
11
1.9064114960629921
21
1.208510433070866
0
LINE
8
BLACK
6
CONTINUOUS
10
1.9064114960629921
20
1.208510433070866
11
1.9050978346456693
21
1.2091673228346456
0
LINE
8
BLACK
6
CONTINUOUS
10
1.9050978346456693
20
1.2091673228346456
11
1.8995453543307086
21
1.2091673228346456
0
LINE
8
BLACK
6
CONTINUOUS
10
1.8995453543307086
20
1.2091673228346456
11
1.8995453543307086
21
1.2020057086614173
0
LINE
8
BLACK
6
CONTINUOUS
10
1.9245559055118109
20
1.2121766141732284
11
1.9249215748031496
21
1.2121506692913386
0
LINE
8
BLACK
6
CONTINUOUS
10
1.9249215748031496
20
1.2121506692913386
11
1.9267963385826772
21
1.2112132677165355
0
LINE
8
BLACK
6
CONTINUOUS
10
1.9267963385826772
20
1.2112132677165355
11
1.9269661417322834
21
1.211017440944882
0
LINE
8
BLACK
6
CONTINUOUS
10
1.9269661417322834
20
1.211017440944882
11
1.9272055905511811
21
1.2109182677165353
0
LINE
8
BLACK
6
CONTINUOUS
10
1.9272055905511811
20
1.2109182677165353
11
1.9281429527559055
21
1.2099809055118109
0
LINE
8
BLACK
6
CONTINUOUS
10
1.9281429527559055
20
1.2099809055118109
11
1.9282421259842519
21
1.2097414566929134
0
LINE
8
BLACK
6
CONTINUOUS
10
1.9282421259842519
20
1.2097414566929134
11
1.9284379527559055
21
1.209571653543307
0
LINE
8
BLACK
6
CONTINUOUS
10
1.9284379527559055
20
1.209571653543307
11
1.9293753543307086
21
1.2076968897637794
0
LINE
8
BLACK
6
CONTINUOUS
10
1.9293753543307086
20
1.2076968897637794
11
1.9294012992125984
21
1.2073312204724409
0
LINE
8
BLACK
6
CONTINUOUS
10
1.9294012992125984
20
1.2073312204724409
11
1.9295416141732282
21
1.2069925984251968
0
LINE
8
BLACK
6
CONTINUOUS
10
1.9295416141732282
20
1.2069925984251968
11
1.9295416141732282
21
1.2051178346456692
0
LINE
8
BLACK
6
CONTINUOUS
10
1.9295416141732282
20
1.2051178346456692
11
1.9294424015748031
21
1.2048783464566928
0
LINE
8
BLACK
6
CONTINUOUS
10
1.9294424015748031
20
1.2048783464566928
11
1.9294607874015748
21
1.204619842519685
0
LINE
8
BLACK
6
CONTINUOUS
10
1.9294607874015748
20
1.204619842519685
11
1.9285233858267716
21
1.2018076771653543
0
LINE
8
BLACK
6
CONTINUOUS
10
1.9285233858267716
20
1.2018076771653543
11
1.9282832677165354
21
1.2015308267716536
0
LINE
8
BLACK
6
CONTINUOUS
10
1.9282832677165354
20
1.2015308267716536
11
1.9281429921259843
21
1.201192125984252
0
LINE
8
BLACK
6
CONTINUOUS
10
1.9281429921259843
20
1.201192125984252
11
1.9195827165354331
21
1.1926318897637795
0
LINE
8
BLACK
6
CONTINUOUS
10
1.9195827165354331
20
1.1926318897637795
11
1.9279668110236221
21
1.1926318897637795
0
LINE
8
BLACK
6
CONTINUOUS
10
1.9279668110236221
20
1.1926318897637795
11
1.9290803543307087
21
1.1921706299212598
0
LINE
8
BLACK
6
CONTINUOUS
10
1.9290803543307087
20
1.1921706299212598
11
1.9295416141732282
21
1.1910570866141732
0
LINE
8
BLACK
6
CONTINUOUS
10
1.9295416141732282
20
1.1910570866141732
11
1.9290803543307087
21
1.1899435433070866
0
LINE
8
BLACK
6
CONTINUOUS
10
1.9290803543307087
20
1.1899435433070866
11
1.9279668110236221
21
1.1894822834645669
0
LINE
8
BLACK
6
CONTINUOUS
10
1.9279668110236221
20
1.1894822834645669
11
1.9157808267716534
21
1.1894822834645669
0
LINE
8
BLACK
6
CONTINUOUS
10
1.9157808267716534
20
1.1894822834645669
11
1.9146672834645668
21
1.1899435433070866
0
LINE
8
BLACK
6
CONTINUOUS
10
1.9146672834645668
20
1.1899435433070866
11
1.9142060236220473
21
1.1910570866141732
0
LINE
8
BLACK
6
CONTINUOUS
10
1.9142060236220473
20
1.1910570866141732
11
1.9146672834645668
21
1.1921706299212598
0
LINE
8
BLACK
6
CONTINUOUS
10
1.9146672834645668
20
1.1921706299212598
11
1.9256529921259842
21
1.2031563779527559
0
LINE
8
BLACK
6
CONTINUOUS
10
1.9256529921259842
20
1.2031563779527559
11
1.9263920078740158
21
1.2053733464566929
0
LINE
8
BLACK
6
CONTINUOUS
10
1.9263920078740158
20
1.2053733464566929
11
1.9263920078740158
21
1.2066207874015749
0
LINE
8
BLACK
6
CONTINUOUS
10
1.9263920078740158
20
1.2066207874015749
11
1.9257351181102362
21
1.2079345275590552
0
LINE
8
BLACK
6
CONTINUOUS
10
1.9257351181102362
20
1.2079345275590552
11
1.9251592125984252
21
1.208510433070866
0
LINE
8
BLACK
6
CONTINUOUS
10
1.9251592125984252
20
1.208510433070866
11
1.9238455118110236
21
1.2091673228346456
0
LINE
8
BLACK
6
CONTINUOUS
10
1.9238455118110236
20
1.2091673228346456
11
1.9199021259842519
21
1.2091673228346456
0
LINE
8
BLACK
6
CONTINUOUS
10
1.9199021259842519
20
1.2091673228346456
11
1.9185883858267716
21
1.208510433070866
0
LINE
8
BLACK
6
CONTINUOUS
10
1.9185883858267716
20
1.208510433070866
11
1.9178317716535433
21
1.2077538188976378
0
LINE
8
BLACK
6
CONTINUOUS
10
1.9178317716535433
20
1.2077538188976378
11
1.9167182283464566
21
1.207292559055118
0
LINE
8
BLACK
6
CONTINUOUS
10
1.9167182283464566
20
1.207292559055118
11
1.91560468503937
21
1.2077538188976378
0
LINE
8
BLACK
6
CONTINUOUS
10
1.91560468503937
20
1.2077538188976378
11
1.9151434251968504
21
1.2088673622047243
0
LINE
8
BLACK
6
CONTINUOUS
10
1.9151434251968504
20
1.2088673622047243
11
1.91560468503937
21
1.2099809055118109
0
LINE
8
BLACK
6
CONTINUOUS
10
1.91560468503937
20
1.2099809055118109
11
1.9165420472440944
21
1.2109182677165353
0
LINE
8
BLACK
6
CONTINUOUS
10
1.9165420472440944
20
1.2109182677165353
11
1.9167814566929133
21
1.211017440944882
0
LINE
8
BLACK
6
CONTINUOUS
10
1.9167814566929133
20
1.211017440944882
11
1.9169512992125983
21
1.2112132677165355
0
LINE
8
BLACK
6
CONTINUOUS
10
1.9169512992125983
20
1.2112132677165355
11
1.9188260629921259
21
1.2121506692913386
0
LINE
8
BLACK
6
CONTINUOUS
10
1.9188260629921259
20
1.2121506692913386
11
1.9191916929133859
21
1.2121766141732284
0
LINE
8
BLACK
6
CONTINUOUS
10
1.9191916929133859
20
1.2121766141732284
11
1.9195303543307085
21
1.2123169291338582
0
LINE
8
BLACK
6
CONTINUOUS
10
1.9195303543307085
20
1.2123169291338582
11
1.9242172834645668
21
1.2123169291338582
0
LINE
8
BLACK
6
CONTINUOUS
10
1.9242172834645668
20
1.2123169291338582
11
1.9245559055118109
21
1.2121766141732284
0
LINE
8
BLACK
6
CONTINUOUS
10
1.9518700787401575
20
1.2255905511811023
11
1.9532620078740157
21
1.2250139763779526
0
LINE
8
BLACK
6
CONTINUOUS
10
1.9532620078740157
20
1.2250139763779526
11
1.9538385826771654
21
1.2236220472440944
0
LINE
8
BLACK
6
CONTINUOUS
10
1.9538385826771654
20
1.2236220472440944
11
1.9538385826771654
21
1.1763779527559055
0
LINE
8
BLACK
6
CONTINUOUS
10
1.9538385826771654
20
1.1763779527559055
11
1.9532620078740157
21
1.1749860236220473
0
LINE
8
BLACK
6
CONTINUOUS
10
1.9532620078740157
20
1.1749860236220473
11
1.9518700787401575
21
1.1744094488188976
0
LINE
8
BLACK
6
CONTINUOUS
10
1.9518700787401575
20
1.1744094488188976
11
1.8731299212598425
21
1.1744094488188976
0
LINE
8
BLACK
6
CONTINUOUS
10
1.8731299212598425
20
1.1744094488188976
11
1.8717379921259842
21
1.1749860236220473
0
LINE
8
BLACK
6
CONTINUOUS
10
1.8717379921259842
20
1.1749860236220473
11
1.8711614173228346
21
1.1763779527559055
0
LINE
8
BLACK
6
CONTINUOUS
10
1.8711614173228346
20
1.1763779527559055
11
1.8711614173228346
21
1.2236220472440944
0
LINE
8
BLACK
6
CONTINUOUS
10
1.8711614173228346
20
1.2236220472440944
11
1.8717379921259842
21
1.2250139763779526
0
LINE
8
BLACK
6
CONTINUOUS
10
1.8717379921259842
20
1.2250139763779526
11
1.8731299212598425
21
1.2255905511811023
0
LINE
8
BLACK
6
CONTINUOUS
10
1.8731299212598425
20
1.2255905511811023
11
1.9518700787401575
21
1.2255905511811023
0
LINE
8
BLACK
6
CONTINUOUS
10
1.8750984251968503
20
1.2216535433070865
11
1.8750984251968503
21
1.1783464566929134
0
LINE
8
BLACK
6
CONTINUOUS
10
1.8750984251968503
20
1.1783464566929134
11
1.9499015748031496
21
1.1783464566929134
0
LINE
8
BLACK
6
CONTINUOUS
10
1.9499015748031496
20
1.1783464566929134
11
1.9499015748031496
21
1.2216535433070865
0
LINE
8
BLACK
6
CONTINUOUS
10
1.9499015748031496
20
1.2216535433070865
11
1.8750984251968503
21
1.2216535433070865
0
LINE
8
BLACK
6
CONTINUOUS
10
1.2091070472440946
20
1.2353438188976378
11
1.209797874015748
21
1.2334458267716535
0
LINE
8
BLACK
6
CONTINUOUS
10
1.209797874015748
20
1.2334458267716535
11
1.209797874015748
21
1.2034495669291339
0
LINE
8
BLACK
6
CONTINUOUS
10
1.209797874015748
20
1.2034495669291339
11
1.2096198031496064
21
1.2024396456692914
0
LINE
8
BLACK
6
CONTINUOUS
10
1.2096198031496064
20
1.2024396456692914
11
1.208321496062992
21
1.200892401574803
0
LINE
8
BLACK
6
CONTINUOUS
10
1.208321496062992
20
1.200892401574803
11
1.2063323622047244
21
1.2005416535433071
0
LINE
8
BLACK
6
CONTINUOUS
10
1.2063323622047244
20
1.2005416535433071
11
1.2045831889763778
21
1.2015515748031496
0
LINE
8
BLACK
6
CONTINUOUS
10
1.2045831889763778
20
1.2015515748031496
11
1.2038923622047244
21
1.2034495669291339
0
LINE
8
BLACK
6
CONTINUOUS
10
1.2038923622047244
20
1.2034495669291339
11
1.2038923622047244
21
1.2334458267716535
0
LINE
8
BLACK
6
CONTINUOUS
10
1.2038923622047244
20
1.2334458267716535
11
1.204070433070866
21
1.2344557480314959
0
LINE
8
BLACK
6
CONTINUOUS
10
1.204070433070866
20
1.2344557480314959
11
1.2053687401574802
21
1.2360029921259843
0
LINE
8
BLACK
6
CONTINUOUS
10
1.2053687401574802
20
1.2360029921259843
11
1.207357874015748
21
1.2363537401574802
0
LINE
8
BLACK
6
CONTINUOUS
10
1.207357874015748
20
1.2363537401574802
11
1.2091070472440946
21
1.2353438188976378
0
LINE
8
BLACK
6
CONTINUOUS
10
1.2182742125984252
20
1.3076077952755905
11
1.2183510236220472
21
1.3076283858267717
0
LINE
8
BLACK
6
CONTINUOUS
10
1.2183510236220472
20
1.3076283858267717
11
1.2184686614173228
21
1.3075735039370078
0
LINE
8
BLACK
6
CONTINUOUS
10
1.2184686614173228
20
1.3075735039370078
11
1.219103622047244
21
1.3074615748031495
0
LINE
8
BLACK
6
CONTINUOUS
10
1.219103622047244
20
1.3074615748031495
11
1.2195974015748032
21
1.3070472047244095
0
LINE
8
BLACK
6
CONTINUOUS
10
1.2195974015748032
20
1.3070472047244095
11
1.2201815748031495
21
1.306774842519685
0
LINE
8
BLACK
6
CONTINUOUS
10
1.2201815748031495
20
1.306774842519685
11
1.2220563779527558
21
1.3049000787401575
0
LINE
8
BLACK
6
CONTINUOUS
10
1.2220563779527558
20
1.3049000787401575
11
1.2226446062992127
21
1.3040600393700787
0
LINE
8
BLACK
6
CONTINUOUS
10
1.2226446062992127
20
1.3040600393700787
11
1.2226599606299213
21
1.3038840944881889
0
LINE
8
BLACK
6
CONTINUOUS
10
1.2226599606299213
20
1.3038840944881889
11
1.2227697244094489
21
1.3037458661417323
0
LINE
8
BLACK
6
CONTINUOUS
10
1.2227697244094489
20
1.3037458661417323
11
1.2246444881889764
21
1.2981216141732284
0
LINE
8
BLACK
6
CONTINUOUS
10
1.2246444881889764
20
1.2981216141732284
11
1.2247739763779528
21
1.2972483464566928
0
LINE
8
BLACK
6
CONTINUOUS
10
1.2247739763779528
20
1.2972483464566928
11
1.2247960236220472
21
1.2971878346456693
0
LINE
8
BLACK
6
CONTINUOUS
10
1.2247960236220472
20
1.2971878346456693
11
1.2247960236220472
21
1.2934383070866142
0
LINE
8
BLACK
6
CONTINUOUS
10
1.2247960236220472
20
1.2934383070866142
11
1.224642716535433
21
1.2925688976377951
0
LINE
8
BLACK
6
CONTINUOUS
10
1.224642716535433
20
1.2925688976377951
11
1.2246444881889764
21
1.292504527559055
0
LINE
8
BLACK
6
CONTINUOUS
10
1.2246444881889764
20
1.292504527559055
11
1.2227697244094489
21
1.2868802755905511
0
LINE
8
BLACK
6
CONTINUOUS
10
1.2227697244094489
20
1.2868802755905511
11
1.2222814173228347
21
1.2859785039370077
0
LINE
8
BLACK
6
CONTINUOUS
10
1.2222814173228347
20
1.2859785039370077
11
1.2221310236220473
21
1.2858861023622048
0
LINE
8
BLACK
6
CONTINUOUS
10
1.2221310236220473
20
1.2858861023622048
11
1.2220564173228345
21
1.2857261023622046
0
LINE
8
BLACK
6
CONTINUOUS
10
1.2220564173228345
20
1.2857261023622046
11
1.2183068503937007
21
1.2819765748031495
0
LINE
8
BLACK
6
CONTINUOUS
10
1.2183068503937007
20
1.2819765748031495
11
1.2175836614173228
21
1.2814701574803149
0
LINE
8
BLACK
6
CONTINUOUS
10
1.2175836614173228
20
1.2814701574803149
11
1.2175394488188975
21
1.2814234645669291
0
LINE
8
BLACK
6
CONTINUOUS
10
1.2175394488188975
20
1.2814234645669291
11
1.2137899212598424
21
1.2795487007874016
0
LINE
8
BLACK
6
CONTINUOUS
10
1.2137899212598424
20
1.2795487007874016
11
1.2133014566929134
21
1.2794033858267717
0
LINE
8
BLACK
6
CONTINUOUS
10
1.2133014566929134
20
1.2794033858267717
11
1.2131855511811023
21
1.2793251181102361
0
LINE
8
BLACK
6
CONTINUOUS
10
1.2131855511811023
20
1.2793251181102361
11
1.2056864960629921
21
1.2774503543307085
0
LINE
8
BLACK
6
CONTINUOUS
10
1.2056864960629921
20
1.2774503543307085
11
1.2050985826771654
21
1.2774088582677166
0
LINE
8
BLACK
6
CONTINUOUS
10
1.2050985826771654
20
1.2774088582677166
11
1.2049703543307086
21
1.2773622047244093
0
LINE
8
BLACK
6
CONTINUOUS
10
1.2049703543307086
20
1.2773622047244093
11
1.199346062992126
21
1.2773622047244093
0
LINE
8
BLACK
6
CONTINUOUS
10
1.199346062992126
20
1.2773622047244093
11
1.1987656692913387
21
1.277464527559055
0
LINE
8
BLACK
6
CONTINUOUS
10
1.1987656692913387
20
1.277464527559055
11
1.1986299212598426
21
1.2774503543307085
0
LINE
8
BLACK
6
CONTINUOUS
10
1.1986299212598426
20
1.2774503543307085
11
1.1911308661417324
21
1.2793251181102361
0
LINE
8
BLACK
6
CONTINUOUS
10
1.1911308661417324
20
1.2793251181102361
11
1.1906653937007874
21
1.2795326771653543
0
LINE
8
BLACK
6
CONTINUOUS
10
1.1906653937007874
20
1.2795326771653543
11
1.190526496062992
21
1.2795487007874016
0
LINE
8
BLACK
6
CONTINUOUS
10
1.190526496062992
20
1.2795487007874016
11
1.1867769685039369
21
1.2814234645669291
0
LINE
8
BLACK
6
CONTINUOUS
10
1.1867769685039369
20
1.2814234645669291
11
1.186067874015748
21
1.2819493700787401
0
LINE
8
BLACK
6
CONTINUOUS
10
1.186067874015748
20
1.2819493700787401
11
1.1860095669291337
21
1.2819765748031495
0
LINE
8
BLACK
6
CONTINUOUS
10
1.1860095669291337
20
1.2819765748031495
11
1.1822600393700786
21
1.2857261023622046
0
LINE
8
BLACK
6
CONTINUOUS
10
1.1822600393700786
20
1.2857261023622046
11
1.1816718503937007
21
1.2865661417322833
0
LINE
8
BLACK
6
CONTINUOUS
10
1.1816718503937007
20
1.2865661417322833
11
1.1816564566929133
21
1.286741968503937
0
LINE
8
BLACK
6
CONTINUOUS
10
1.1816564566929133
20
1.286741968503937
11
1.1815467322834645
21
1.2868802755905511
0
LINE
8
BLACK
6
CONTINUOUS
10
1.1815467322834645
20
1.2868802755905511
11
1.179671968503937
21
1.2925045669291337
0
LINE
8
BLACK
6
CONTINUOUS
10
1.179671968503937
20
1.2925045669291337
11
1.1795424803149606
21
1.293377716535433
0
LINE
8
BLACK
6
CONTINUOUS
10
1.1795424803149606
20
1.293377716535433
11
1.1795204330708662
21
1.2934383070866142
0
LINE
8
BLACK
6
CONTINUOUS
10
1.1795204330708662
20
1.2934383070866142
11
1.1795204330708662
21
1.2990625984251969
0
LINE
8
BLACK
6
CONTINUOUS
10
1.1795204330708662
20
1.2990625984251969
11
1.1796985039370078
21
1.3000725196850393
0
LINE
8
BLACK
6
CONTINUOUS
10
1.1796985039370078
20
1.3000725196850393
11
1.179811968503937
21
1.3002077559055119
0
LINE
8
BLACK
6
CONTINUOUS
10
1.179811968503937
20
1.3002077559055119
11
1.1798321653543307
21
1.3003831102362204
0
LINE
8
BLACK
6
CONTINUOUS
10
1.1798321653543307
20
1.3003831102362204
11
1.1817069291338582
21
1.3041326377952756
0
LINE
8
BLACK
6
CONTINUOUS
10
1.1817069291338582
20
1.3041326377952756
11
1.1823178346456693
21
1.3049562992125985
0
LINE
8
BLACK
6
CONTINUOUS
10
1.1823178346456693
20
1.3049562992125985
11
1.1841710236220473
21
1.3057595669291338
0
LINE
8
BLACK
6
CONTINUOUS
10
1.1841710236220473
20
1.3057595669291338
11
1.1861070472440944
21
1.3051837007874016
0
LINE
8
BLACK
6
CONTINUOUS
10
1.1861070472440944
20
1.3051837007874016
11
1.1872198818897637
21
1.3034981496062992
0
LINE
8
BLACK
6
CONTINUOUS
10
1.1872198818897637
20
1.3034981496062992
11
1.1869889763779526
21
1.3014916141732282
0
LINE
8
BLACK
6
CONTINUOUS
10
1.1869889763779526
20
1.3014916141732282
11
1.1854259448818898
21
1.2983655511811023
0
LINE
8
BLACK
6
CONTINUOUS
10
1.1854259448818898
20
1.2983655511811023
11
1.1854259448818898
21
1.2939174409448819
0
LINE
8
BLACK
6
CONTINUOUS
10
1.1854259448818898
20
1.2939174409448819
11
1.1869287401574802
21
1.2894090157480316
0
LINE
8
BLACK
6
CONTINUOUS
10
1.1869287401574802
20
1.2894090157480316
11
1.1898465748031495
21
1.286491220472441
0
LINE
8
BLACK
6
CONTINUOUS
10
1.1898465748031495
20
1.286491220472441
11
1.1928775590551182
21
1.2849757086614173
0
LINE
8
BLACK
6
CONTINUOUS
10
1.1928775590551182
20
1.2849757086614173
11
1.1997096062992125
21
1.2832677165354331
0
LINE
8
BLACK
6
CONTINUOUS
10
1.1997096062992125
20
1.2832677165354331
11
1.2046068110236221
21
1.2832677165354331
0
LINE
8
BLACK
6
CONTINUOUS
10
1.2046068110236221
20
1.2832677165354331
11
1.2114388582677165
21
1.2849757086614173
0
LINE
8
BLACK
6
CONTINUOUS
10
1.2114388582677165
20
1.2849757086614173
11
1.2144698425196849
21
1.286491220472441
0
LINE
8
BLACK
6
CONTINUOUS
10
1.2144698425196849
20
1.286491220472441
11
1.217387716535433
21
1.2894090551181101
0
LINE
8
BLACK
6
CONTINUOUS
10
1.217387716535433
20
1.2894090551181101
11
1.2188905118110236
21
1.2939174409448819
0
LINE
8
BLACK
6
CONTINUOUS
10
1.2188905118110236
20
1.2939174409448819
11
1.2188905118110236
21
1.2967087007874016
0
LINE
8
BLACK
6
CONTINUOUS
10
1.2188905118110236
20
1.2967087007874016
11
1.217387716535433
21
1.3012170472440945
0
LINE
8
BLACK
6
CONTINUOUS
10
1.217387716535433
20
1.3012170472440945
11
1.2168706299212597
21
1.3017341338582678
0
LINE
8
BLACK
6
CONTINUOUS
10
1.2168706299212597
20
1.3017341338582678
11
1.2079231102362205
21
1.3017341338582678
0
LINE
8
BLACK
6
CONTINUOUS
10
1.2079231102362205
20
1.3017341338582678
11
1.2079231102362205
21
1.2971878346456693
0
LINE
8
BLACK
6
CONTINUOUS
10
1.2079231102362205
20
1.2971878346456693
11
1.2077450393700788
21
1.2961779133858267
0
LINE
8
BLACK
6
CONTINUOUS
10
1.2077450393700788
20
1.2961779133858267
11
1.2064467322834644
21
1.2946306692913385
0
LINE
8
BLACK
6
CONTINUOUS
10
1.2064467322834644
20
1.2946306692913385
11
1.2044575984251968
21
1.2942799212598426
0
LINE
8
BLACK
6
CONTINUOUS
10
1.2044575984251968
20
1.2942799212598426
11
1.2027084251968503
21
1.295289842519685
0
LINE
8
BLACK
6
CONTINUOUS
10
1.2027084251968503
20
1.295289842519685
11
1.2020175984251968
21
1.2971878346456693
0
LINE
8
BLACK
6
CONTINUOUS
10
1.2020175984251968
20
1.2971878346456693
11
1.2020175984251968
21
1.3046868897637796
0
LINE
8
BLACK
6
CONTINUOUS
10
1.2020175984251968
20
1.3046868897637796
11
1.2020851968503936
21
1.3050703937007875
0
LINE
8
BLACK
6
CONTINUOUS
10
1.2020851968503936
20
1.3050703937007875
11
1.2020624409448819
21
1.3051996456692914
0
LINE
8
BLACK
6
CONTINUOUS
10
1.2020624409448819
20
1.3051996456692914
11
1.202128031496063
21
1.3053132283464566
0
LINE
8
BLACK
6
CONTINUOUS
10
1.202128031496063
20
1.3053132283464566
11
1.2021956692913385
21
1.305696811023622
0
LINE
8
BLACK
6
CONTINUOUS
10
1.2021956692913385
20
1.305696811023622
11
1.2026887795275589
21
1.3062844881889764
0
LINE
8
BLACK
6
CONTINUOUS
10
1.2026887795275589
20
1.3062844881889764
11
1.2030723622047244
21
1.3069488188976377
0
LINE
8
BLACK
6
CONTINUOUS
10
1.2030723622047244
20
1.3069488188976377
11
1.2033226771653542
21
1.3070399212598425
0
LINE
8
BLACK
6
CONTINUOUS
10
1.2033226771653542
20
1.3070399212598425
11
1.2034939763779526
21
1.3072440551181101
0
LINE
8
BLACK
6
CONTINUOUS
10
1.2034939763779526
20
1.3072440551181101
11
1.204249527559055
21
1.3073772834645669
0
LINE
8
BLACK
6
CONTINUOUS
10
1.204249527559055
20
1.3073772834645669
11
1.2049703543307086
21
1.3076396456692914
0
LINE
8
BLACK
6
CONTINUOUS
10
1.2049703543307086
20
1.3076396456692914
11
1.2180937007874015
21
1.3076396456692914
0
LINE
8
BLACK
6
CONTINUOUS
10
1.2180937007874015
20
1.3076396456692914
11
1.2182742125984252
21
1.3076077952755905
0
LINE
8
BLACK
6
CONTINUOUS
10
1.1847351181102361
20
1.3403306692913386
11
1.1854259448818898
21
1.3384326771653543
0
LINE
8
BLACK
6
CONTINUOUS
10
1.1854259448818898
20
1.3384326771653543
11
1.1854259448818898
21
1.3301368503937008
0
LINE
8
BLACK
6
CONTINUOUS
10
1.1854259448818898
20
1.3301368503937008
11
1.2218432677165354
21
1.3301368503937008
0
LINE
8
BLACK
6
CONTINUOUS
10
1.2218432677165354
20
1.3301368503937008
11
1.2228531889763778
21
1.3299587795275589
0
LINE
8
BLACK
6
CONTINUOUS
10
1.2228531889763778
20
1.3299587795275589
11
1.2244004330708662
21
1.3286604724409448
0
LINE
8
BLACK
6
CONTINUOUS
10
1.2244004330708662
20
1.3286604724409448
11
1.2247511811023621
21
1.3266713385826772
0
LINE
8
BLACK
6
CONTINUOUS
10
1.2247511811023621
20
1.3266713385826772
11
1.2237412598425197
21
1.3249221653543306
0
LINE
8
BLACK
6
CONTINUOUS
10
1.2237412598425197
20
1.3249221653543306
11
1.2218432677165354
21
1.3242313385826772
0
LINE
8
BLACK
6
CONTINUOUS
10
1.2218432677165354
20
1.3242313385826772
11
1.1854259448818898
21
1.3242313385826772
0
LINE
8
BLACK
6
CONTINUOUS
10
1.1854259448818898
20
1.3242313385826772
11
1.1854259448818898
21
1.3159355118110236
0
LINE
8
BLACK
6
CONTINUOUS
10
1.1854259448818898
20
1.3159355118110236
11
1.1852478740157479
21
1.314925590551181
0
LINE
8
BLACK
6
CONTINUOUS
10
1.1852478740157479
20
1.314925590551181
11
1.1839495669291338
21
1.3133783464566928
0
LINE
8
BLACK
6
CONTINUOUS
10
1.1839495669291338
20
1.3133783464566928
11
1.1819604330708662
21
1.3130275984251969
0
LINE
8
BLACK
6
CONTINUOUS
10
1.1819604330708662
20
1.3130275984251969
11
1.1802112598425196
21
1.3140375196850393
0
LINE
8
BLACK
6
CONTINUOUS
10
1.1802112598425196
20
1.3140375196850393
11
1.1795204330708662
21
1.3159355118110236
0
LINE
8
BLACK
6
CONTINUOUS
10
1.1795204330708662
20
1.3159355118110236
11
1.1795204330708662
21
1.3384326771653543
0
LINE
8
BLACK
6
CONTINUOUS
10
1.1795204330708662
20
1.3384326771653543
11
1.1796985039370078
21
1.3394425984251968
0
LINE
8
BLACK
6
CONTINUOUS
10
1.1796985039370078
20
1.3394425984251968
11
1.180996811023622
21
1.3409898425196851
0
LINE
8
BLACK
6
CONTINUOUS
10
1.180996811023622
20
1.3409898425196851
11
1.1829859448818898
21
1.341340590551181
0
LINE
8
BLACK
6
CONTINUOUS
10
1.1829859448818898
20
1.341340590551181
11
1.1847351181102361
21
1.3403306692913386
0
LINE
8
BLACK
6
CONTINUOUS
10
1.2109818110236221
20
1.3759512204724409
11
1.2116726377952756
21
1.3740532283464566
0
LINE
8
BLACK
6
CONTINUOUS
10
1.2116726377952756
20
1.3740532283464566
11
1.2116726377952756
21
1.3713816929133857
0
LINE
8
BLACK
6
CONTINUOUS
10
1.2116726377952756
20
1.3713816929133857
11
1.2218432677165354
21
1.3713816929133857
0
LINE
8
BLACK
6
CONTINUOUS
10
1.2218432677165354
20
1.3713816929133857
11
1.2228531889763778
21
1.3712036220472441
0
LINE
8
BLACK
6
CONTINUOUS
10
1.2228531889763778
20
1.3712036220472441
11
1.2244004330708662
21
1.3699053149606299
0
LINE
8
BLACK
6
CONTINUOUS
10
1.2244004330708662
20
1.3699053149606299
11
1.2247511811023621
21
1.3679161811023621
0
LINE
8
BLACK
6
CONTINUOUS
10
1.2247511811023621
20
1.3679161811023621
11
1.2237412598425197
21
1.3661670078740158
0
LINE
8
BLACK
6
CONTINUOUS
10
1.2237412598425197
20
1.3661670078740158
11
1.2218432677165354
21
1.3654761811023621
0
LINE
8
BLACK
6
CONTINUOUS
10
1.2218432677165354
20
1.3654761811023621
11
1.2116726377952756
21
1.3654761811023621
0
LINE
8
BLACK
6
CONTINUOUS
10
1.2116726377952756
20
1.3654761811023621
11
1.2116726377952756
21
1.3496812992125984
0
LINE
8
BLACK
6
CONTINUOUS
10
1.2116726377952756
20
1.3496812992125984
11
1.2114945669291339
21
1.3486713779527559
0
LINE
8
BLACK
6
CONTINUOUS
10
1.2114945669291339
20
1.3486713779527559
11
1.2113494881889764
21
1.3484985039370079
0
LINE
8
BLACK
6
CONTINUOUS
10
1.2113494881889764
20
1.3484985039370079
11
1.2113164173228346
21
1.3482753149606299
0
LINE
8
BLACK
6
CONTINUOUS
10
1.2113164173228346
20
1.3482753149606299
11
1.2107139370078739
21
1.347741062992126
0
LINE
8
BLACK
6
CONTINUOUS
10
1.2107139370078739
20
1.347741062992126
11
1.2101962598425196
21
1.3471241338582678
0
LINE
8
BLACK
6
CONTINUOUS
10
1.2101962598425196
20
1.3471241338582678
11
1.2099739763779527
21
1.3470849212598426
0
LINE
8
BLACK
6
CONTINUOUS
10
1.2099739763779527
20
1.3470849212598426
11
1.209805157480315
21
1.3469352362204725
0
LINE
8
BLACK
6
CONTINUOUS
10
1.209805157480315
20
1.3469352362204725
11
1.2090002755905511
21
1.3469132283464567
0
LINE
8
BLACK
6
CONTINUOUS
10
1.2090002755905511
20
1.3469132283464567
11
1.208207125984252
21
1.3467733858267716
0
LINE
8
BLACK
6
CONTINUOUS
10
1.208207125984252
20
1.3467733858267716
11
1.208011653543307
21
1.346886220472441
0
LINE
8
BLACK
6
CONTINUOUS
10
1.208011653543307
20
1.346886220472441
11
1.2077861023622047
21
1.3468800787401574
0
LINE
8
BLACK
6
CONTINUOUS
10
1.2077861023622047
20
1.3468800787401574
11
1.1796646850393699
21
1.3562538976377951
0
LINE
8
BLACK
6
CONTINUOUS
10
1.1796646850393699
20
1.3562538976377951
11
1.1787629133858268
21
1.3567422047244093
0
LINE
8
BLACK
6
CONTINUOUS
10
1.1787629133858268
20
1.3567422047244093
11
1.1777056299212598
21
1.3584631496062991
0
LINE
8
BLACK
6
CONTINUOUS
10
1.1777056299212598
20
1.3584631496062991
11
1.1780018897637794
21
1.3604611417322834
0
LINE
8
BLACK
6
CONTINUOUS
10
1.1780018897637794
20
1.3604611417322834
11
1.1795131102362204
21
1.3618011811023623
0
LINE
8
BLACK
6
CONTINUOUS
10
1.1795131102362204
20
1.3618011811023623
11
1.1815321653543307
21
1.3618563385826772
0
LINE
8
BLACK
6
CONTINUOUS
10
1.1815321653543307
20
1.3618563385826772
11
1.205767125984252
21
1.3537779921259843
0
LINE
8
BLACK
6
CONTINUOUS
10
1.205767125984252
20
1.3537779921259843
11
1.205767125984252
21
1.3654761811023621
0
LINE
8
BLACK
6
CONTINUOUS
10
1.205767125984252
20
1.3654761811023621
11
1.1955965354330709
21
1.3654761811023621
0
LINE
8
BLACK
6
CONTINUOUS
10
1.1955965354330709
20
1.3654761811023621
11
1.1945866141732284
21
1.365654251968504
0
LINE
8
BLACK
6
CONTINUOUS
10
1.1945866141732284
20
1.365654251968504
11
1.1930393700787401
21
1.3669525590551181
0
LINE
8
BLACK
6
CONTINUOUS
10
1.1930393700787401
20
1.3669525590551181
11
1.1926886220472441
21
1.3689416929133857
0
LINE
8
BLACK
6
CONTINUOUS
10
1.1926886220472441
20
1.3689416929133857
11
1.1936985433070866
21
1.3706908661417323
0
LINE
8
BLACK
6
CONTINUOUS
10
1.1936985433070866
20
1.3706908661417323
11
1.1955965354330709
21
1.3713816929133857
0
LINE
8
BLACK
6
CONTINUOUS
10
1.1955965354330709
20
1.3713816929133857
11
1.205767125984252
21
1.3713816929133857
0
LINE
8
BLACK
6
CONTINUOUS
10
1.205767125984252
20
1.3713816929133857
11
1.205767125984252
21
1.3740532283464566
0
LINE
8
BLACK
6
CONTINUOUS
10
1.205767125984252
20
1.3740532283464566
11
1.2059451968503936
21
1.3750631496062993
0
LINE
8
BLACK
6
CONTINUOUS
10
1.2059451968503936
20
1.3750631496062993
11
1.2072435039370077
21
1.3766103937007874
0
LINE
8
BLACK
6
CONTINUOUS
10
1.2072435039370077
20
1.3766103937007874
11
1.2092326377952756
21
1.3769611417322833
0
LINE
8
BLACK
6
CONTINUOUS
10
1.2092326377952756
20
1.3769611417322833
11
1.2109818110236221
21
1.3759512204724409
0
LINE
8
BLACK
6
CONTINUOUS
10
1.1832880708661417
20
1.4142820078740157
11
1.1836363385826771
21
1.4142625590551181
0
LINE
8
BLACK
6
CONTINUOUS
10
1.1836363385826771
20
1.4142625590551181
11
1.2230064173228345
21
1.3973896850393701
0
LINE
8
BLACK
6
CONTINUOUS
10
1.2230064173228345
20
1.3973896850393701
11
1.2238645275590552
21
1.3968281889763778
0
LINE
8
BLACK
6
CONTINUOUS
10
1.2238645275590552
20
1.3968281889763778
11
1.2247752362204725
21
1.3950253543307087
0
LINE
8
BLACK
6
CONTINUOUS
10
1.2247752362204725
20
1.3950253543307087
11
1.2243140551181102
21
1.3930588976377953
0
LINE
8
BLACK
6
CONTINUOUS
10
1.2243140551181102
20
1.3930588976377953
11
1.2226967716535433
21
1.3918489763779527
0
LINE
8
BLACK
6
CONTINUOUS
10
1.2226967716535433
20
1.3918489763779527
11
1.2206801181102362
21
1.391961653543307
0
LINE
8
BLACK
6
CONTINUOUS
10
1.2206801181102362
20
1.391961653543307
11
1.1854259448818898
21
1.4070705511811024
0
LINE
8
BLACK
6
CONTINUOUS
10
1.1854259448818898
20
1.4070705511811024
11
1.1854259448818898
21
1.3853018503937007
0
LINE
8
BLACK
6
CONTINUOUS
10
1.1854259448818898
20
1.3853018503937007
11
1.1852478740157479
21
1.3842919291338582
0
LINE
8
BLACK
6
CONTINUOUS
10
1.1852478740157479
20
1.3842919291338582
11
1.1839495669291338
21
1.3827446850393701
0
LINE
8
BLACK
6
CONTINUOUS
10
1.1839495669291338
20
1.3827446850393701
11
1.1819604330708662
21
1.3823939370078739
0
LINE
8
BLACK
6
CONTINUOUS
10
1.1819604330708662
20
1.3823939370078739
11
1.1802112598425196
21
1.3834038582677166
0
LINE
8
BLACK
6
CONTINUOUS
10
1.1802112598425196
20
1.3834038582677166
11
1.1795204330708662
21
1.3853018503937007
0
LINE
8
BLACK
6
CONTINUOUS
10
1.1795204330708662
20
1.3853018503937007
11
1.1795204330708662
21
1.4115485433070867
0
LINE
8
BLACK
6
CONTINUOUS
10
1.1795204330708662
20
1.4115485433070867
11
1.1796985039370078
21
1.4125584645669291
0
LINE
8
BLACK
6
CONTINUOUS
10
1.1796985039370078
20
1.4125584645669291
11
1.1799226771653544
21
1.4128256299212598
0
LINE
8
BLACK
6
CONTINUOUS
10
1.1799226771653544
20
1.4128256299212598
11
1.1800023622047244
21
1.4131653149606298
0
LINE
8
BLACK
6
CONTINUOUS
10
1.1800023622047244
20
1.4131653149606298
11
1.1805539763779527
21
1.4135779921259841
0
LINE
8
BLACK
6
CONTINUOUS
10
1.1805539763779527
20
1.4135779921259841
11
1.180996811023622
21
1.4141057086614173
0
LINE
8
BLACK
6
CONTINUOUS
10
1.180996811023622
20
1.4141057086614173
11
1.1813403543307086
21
1.4141662598425198
0
LINE
8
BLACK
6
CONTINUOUS
10
1.1813403543307086
20
1.4141662598425198
11
1.1816196850393701
21
1.4143752362204725
0
LINE
8
BLACK
6
CONTINUOUS
10
1.1816196850393701
20
1.4143752362204725
11
1.1823074015748032
21
1.4143367716535433
0
LINE
8
BLACK
6
CONTINUOUS
10
1.1823074015748032
20
1.4143367716535433
11
1.1829859448818898
21
1.4144564566929134
0
LINE
8
BLACK
6
CONTINUOUS
10
1.1829859448818898
20
1.4144564566929134
11
1.1832880708661417
21
1.4142820078740157
0
LINE
8
BLACK
6
CONTINUOUS
10
1.2074254724409448
20
1.4500194881889763
11
1.2075612598425196
21
1.4500337007874016
0
LINE
8
BLACK
6
CONTINUOUS
10
1.2075612598425196
20
1.4500337007874016
11
1.2150603149606298
21
1.448158937007874
0
LINE
8
BLACK
6
CONTINUOUS
10
1.2150603149606298
20
1.448158937007874
11
1.215525748031496
21
1.4479513385826772
0
LINE
8
BLACK
6
CONTINUOUS
10
1.215525748031496
20
1.4479513385826772
11
1.21566468503937
21
1.4479353543307085
0
LINE
8
BLACK
6
CONTINUOUS
10
1.21566468503937
20
1.4479353543307085
11
1.2194142125984251
21
1.446060590551181
0
LINE
8
BLACK
6
CONTINUOUS
10
1.2194142125984251
20
1.446060590551181
11
1.2201231889763779
21
1.4455347244094487
0
LINE
8
BLACK
6
CONTINUOUS
10
1.2201231889763779
20
1.4455347244094487
11
1.2201815748031495
21
1.4455075196850393
0
LINE
8
BLACK
6
CONTINUOUS
10
1.2201815748031495
20
1.4455075196850393
11
1.2220563779527558
21
1.4436327559055118
0
LINE
8
BLACK
6
CONTINUOUS
10
1.2220563779527558
20
1.4436327559055118
11
1.2225627559055119
21
1.4429095669291339
0
LINE
8
BLACK
6
CONTINUOUS
10
1.2225627559055119
20
1.4429095669291339
11
1.2226095275590552
21
1.4428653149606299
0
LINE
8
BLACK
6
CONTINUOUS
10
1.2226095275590552
20
1.4428653149606299
11
1.2244842913385827
21
1.4391157874015748
0
LINE
8
BLACK
6
CONTINUOUS
10
1.2244842913385827
20
1.4391157874015748
11
1.2247766535433071
21
1.438132874015748
0
LINE
8
BLACK
6
CONTINUOUS
10
1.2247766535433071
20
1.438132874015748
11
1.2247356299212597
21
1.4379611417322835
0
LINE
8
BLACK
6
CONTINUOUS
10
1.2247356299212597
20
1.4379611417322835
11
1.2247960236220472
21
1.4377952755905512
0
LINE
8
BLACK
6
CONTINUOUS
10
1.2247960236220472
20
1.4377952755905512
11
1.2247960236220472
21
1.4340457480314961
0
LINE
8
BLACK
6
CONTINUOUS
10
1.2247960236220472
20
1.4340457480314961
11
1.2246179527559056
21
1.4330358267716534
0
LINE
8
BLACK
6
CONTINUOUS
10
1.2246179527559056
20
1.4330358267716534
11
1.2245044488188976
21
1.4329005511811024
0
LINE
8
BLACK
6
CONTINUOUS
10
1.2245044488188976
20
1.4329005511811024
11
1.2244842913385827
21
1.4327252362204723
0
LINE
8
BLACK
6
CONTINUOUS
10
1.2244842913385827
20
1.4327252362204723
11
1.2226095275590552
21
1.4289757086614172
0
LINE
8
BLACK
6
CONTINUOUS
10
1.2226095275590552
20
1.4289757086614172
11
1.2220835433070867
21
1.4282665748031496
0
LINE
8
BLACK
6
CONTINUOUS
10
1.2220835433070867
20
1.4282665748031496
11
1.2220563779527558
21
1.4282082677165353
0
LINE
8
BLACK
6
CONTINUOUS
10
1.2220563779527558
20
1.4282082677165353
11
1.2201815748031495
21
1.4263335039370078
0
LINE
8
BLACK
6
CONTINUOUS
10
1.2201815748031495
20
1.4263335039370078
11
1.2194585039370078
21
1.4258272047244094
0
LINE
8
BLACK
6
CONTINUOUS
10
1.2194585039370078
20
1.4258272047244094
11
1.2194142125984251
21
1.4257804330708661
0
LINE
8
BLACK
6
CONTINUOUS
10
1.2194142125984251
20
1.4257804330708661
11
1.21566468503937
21
1.4239056692913385
0
LINE
8
BLACK
6
CONTINUOUS
10
1.21566468503937
20
1.4239056692913385
11
1.215176220472441
21
1.4237603543307087
0
LINE
8
BLACK
6
CONTINUOUS
10
1.215176220472441
20
1.4237603543307087
11
1.2150603149606298
21
1.4236820866141733
0
LINE
8
BLACK
6
CONTINUOUS
10
1.2150603149606298
20
1.4236820866141733
11
1.2075612598425196
21
1.4218073228346457
0
LINE
8
BLACK
6
CONTINUOUS
10
1.2075612598425196
20
1.4218073228346457
11
1.206973346456693
21
1.4217658267716535
0
LINE
8
BLACK
6
CONTINUOUS
10
1.206973346456693
20
1.4217658267716535
11
1.2068451181102362
21
1.4217191732283465
0
LINE
8
BLACK
6
CONTINUOUS
10
1.2068451181102362
20
1.4217191732283465
11
1.1974712992125984
21
1.4217191732283465
0
LINE
8
BLACK
6
CONTINUOUS
10
1.1974712992125984
20
1.4217191732283465
11
1.1968909055118111
21
1.421821496062992
0
LINE
8
BLACK
6
CONTINUOUS
10
1.1968909055118111
20
1.421821496062992
11
1.196755157480315
21
1.4218073228346457
0
LINE
8
BLACK
6
CONTINUOUS
10
1.196755157480315
20
1.4218073228346457
11
1.1892561023622048
21
1.4236820866141733
0
LINE
8
BLACK
6
CONTINUOUS
10
1.1892561023622048
20
1.4236820866141733
11
1.1887906299212598
21
1.4238896456692913
0
LINE
8
BLACK
6
CONTINUOUS
10
1.1887906299212598
20
1.4238896456692913
11
1.1886517322834644
21
1.4239056692913385
0
LINE
8
BLACK
6
CONTINUOUS
10
1.1886517322834644
20
1.4239056692913385
11
1.1849022047244093
21
1.4257804330708661
0
LINE
8
BLACK
6
CONTINUOUS
10
1.1849022047244093
20
1.4257804330708661
11
1.1841931102362204
21
1.4263062992125983
0
LINE
8
BLACK
6
CONTINUOUS
10
1.1841931102362204
20
1.4263062992125983
11
1.1841348031496062
21
1.4263335433070865
0
LINE
8
BLACK
6
CONTINUOUS
10
1.1841348031496062
20
1.4263335433070865
11
1.1822600393700786
21
1.4282083070866141
0
LINE
8
BLACK
6
CONTINUOUS
10
1.1822600393700786
20
1.4282083070866141
11
1.1817537401574802
21
1.4289313779527559
0
LINE
8
BLACK
6
CONTINUOUS
10
1.1817537401574802
20
1.4289313779527559
11
1.1817069291338582
21
1.4289757086614172
0
LINE
8
BLACK
6
CONTINUOUS
10
1.1817069291338582
20
1.4289757086614172
11
1.1798321653543307
21
1.4327252362204723
0
LINE
8
BLACK
6
CONTINUOUS
10
1.1798321653543307
20
1.4327252362204723
11
1.1795398031496063
21
1.4337081889763779
0
LINE
8
BLACK
6
CONTINUOUS
10
1.1795398031496063
20
1.4337081889763779
11
1.1795807874015747
21
1.433879842519685
0
LINE
8
BLACK
6
CONTINUOUS
10
1.1795807874015747
20
1.433879842519685
11
1.1795204330708662
21
1.4340457480314961
0
LINE
8
BLACK
6
CONTINUOUS
10
1.1795204330708662
20
1.4340457480314961
11
1.1795204330708662
21
1.4377952755905512
0
LINE
8
BLACK
6
CONTINUOUS
10
1.1795204330708662
20
1.4377952755905512
11
1.1796985039370078
21
1.4388051968503937
0
LINE
8
BLACK
6
CONTINUOUS
10
1.1796985039370078
20
1.4388051968503937
11
1.179811968503937
21
1.4389404330708662
0
LINE
8
BLACK
6
CONTINUOUS
10
1.179811968503937
20
1.4389404330708662
11
1.1798321653543307
21
1.4391157874015748
0
LINE
8
BLACK
6
CONTINUOUS
10
1.1798321653543307
20
1.4391157874015748
11
1.1817069291338582
21
1.4428653149606299
0
LINE
8
BLACK
6
CONTINUOUS
10
1.1817069291338582
20
1.4428653149606299
11
1.1822328346456692
21
1.4435743700787402
0
LINE
8
BLACK
6
CONTINUOUS
10
1.1822328346456692
20
1.4435743700787402
11
1.1822600393700786
21
1.443632716535433
0
LINE
8
BLACK
6
CONTINUOUS
10
1.1822600393700786
20
1.443632716535433
11
1.1841348031496062
21
1.4455074803149606
0
LINE
8
BLACK
6
CONTINUOUS
10
1.1841348031496062
20
1.4455074803149606
11
1.184857874015748
21
1.4460137401574802
0
LINE
8
BLACK
6
CONTINUOUS
10
1.184857874015748
20
1.4460137401574802
11
1.1849022047244093
21
1.446060590551181
0
LINE
8
BLACK
6
CONTINUOUS
10
1.1849022047244093
20
1.446060590551181
11
1.1886517322834644
21
1.4479353543307085
0
LINE
8
BLACK
6
CONTINUOUS
10
1.1886517322834644
20
1.4479353543307085
11
1.1891401574803149
21
1.4480806299212599
0
LINE
8
BLACK
6
CONTINUOUS
10
1.1891401574803149
20
1.4480806299212599
11
1.1892561023622048
21
1.448158937007874
0
LINE
8
BLACK
6
CONTINUOUS
10
1.1892561023622048
20
1.448158937007874
11
1.196755157480315
21
1.4500337007874016
0
LINE
8
BLACK
6
CONTINUOUS
10
1.196755157480315
20
1.4500337007874016
11
1.1973430314960629
21
1.450075157480315
0
LINE
8
BLACK
6
CONTINUOUS
10
1.1973430314960629
20
1.450075157480315
11
1.1974712992125984
21
1.4501218503937008
0
LINE
8
BLACK
6
CONTINUOUS
10
1.1974712992125984
20
1.4501218503937008
11
1.2068451181102362
21
1.4501218503937008
0
LINE
8
BLACK
6
CONTINUOUS
10
1.2068451181102362
20
1.4501218503937008
11
1.2074254724409448
21
1.4500194881889763
0
LINE
8
BLACK
6
CONTINUOUS
10
1.1910027952755906
20
1.442508307086614
11
1.1879718110236219
21
1.4409928346456693
0
LINE
8
BLACK
6
CONTINUOUS
10
1.1879718110236219
20
1.4409928346456693
11
1.1867746850393701
21
1.4397957086614173
0
LINE
8
BLACK
6
CONTINUOUS
10
1.1867746850393701
20
1.4397957086614173
11
1.1854259448818898
21
1.4370982283464566
0
LINE
8
BLACK
6
CONTINUOUS
10
1.1854259448818898
20
1.4370982283464566
11
1.1854259448818898
21
1.4347427952755905
0
LINE
8
BLACK
6
CONTINUOUS
10
1.1854259448818898
20
1.4347427952755905
11
1.1867746850393701
21
1.4320453149606298
0
LINE
8
BLACK
6
CONTINUOUS
10
1.1867746850393701
20
1.4320453149606298
11
1.1879718110236219
21
1.430848188976378
0
LINE
8
BLACK
6
CONTINUOUS
10
1.1879718110236219
20
1.430848188976378
11
1.1910027952755906
21
1.4293326771653543
0
LINE
8
BLACK
6
CONTINUOUS
10
1.1910027952755906
20
1.4293326771653543
11
1.197834842519685
21
1.4276246850393701
0
LINE
8
BLACK
6
CONTINUOUS
10
1.197834842519685
20
1.4276246850393701
11
1.2064815748031497
21
1.4276246850393701
0
LINE
8
BLACK
6
CONTINUOUS
10
1.2064815748031497
20
1.4276246850393701
11
1.213313622047244
21
1.4293326771653543
0
LINE
8
BLACK
6
CONTINUOUS
10
1.213313622047244
20
1.4293326771653543
11
1.2163446062992125
21
1.430848188976378
0
LINE
8
BLACK
6
CONTINUOUS
10
1.2163446062992125
20
1.430848188976378
11
1.2175417716535433
21
1.4320453149606298
0
LINE
8
BLACK
6
CONTINUOUS
10
1.2175417716535433
20
1.4320453149606298
11
1.2188905118110236
21
1.4347427952755905
0
LINE
8
BLACK
6
CONTINUOUS
10
1.2188905118110236
20
1.4347427952755905
11
1.2188905118110236
21
1.4370982283464566
0
LINE
8
BLACK
6
CONTINUOUS
10
1.2188905118110236
20
1.4370982283464566
11
1.2175417716535433
21
1.4397956692913385
0
LINE
8
BLACK
6
CONTINUOUS
10
1.2175417716535433
20
1.4397956692913385
11
1.2163446062992125
21
1.4409927952755905
0
LINE
8
BLACK
6
CONTINUOUS
10
1.2163446062992125
20
1.4409927952755905
11
1.213313622047244
21
1.442508307086614
0
LINE
8
BLACK
6
CONTINUOUS
10
1.213313622047244
20
1.442508307086614
11
1.2064815748031497
21
1.4442163385826772
0
LINE
8
BLACK
6
CONTINUOUS
10
1.2064815748031497
20
1.4442163385826772
11
1.197834842519685
21
1.4442163385826772
0
LINE
8
BLACK
6
CONTINUOUS
10
1.197834842519685
20
1.4442163385826772
11
1.1910027952755906
21
1.442508307086614
0
LINE
8
BLACK
6
CONTINUOUS
10
1.1822362992125983
20
1.4946203149606299
11
1.232855
21
1.4608745669291339
0
LINE
8
BLACK
6
CONTINUOUS
10
1.232855
20
1.4608745669291339
11
1.2335965354330709
21
1.4601661811023621
0
LINE
8
BLACK
6
CONTINUOUS
10
1.2335965354330709
20
1.4601661811023621
11
1.2341637401574803
21
1.4582276771653544
0
LINE
8
BLACK
6
CONTINUOUS
10
1.2341637401574803
20
1.4582276771653544
11
1.2333522047244094
21
1.456378031496063
0
LINE
8
BLACK
6
CONTINUOUS
10
1.2333522047244094
20
1.456378031496063
11
1.231541653543307
21
1.4554828346456692
0
LINE
8
BLACK
6
CONTINUOUS
10
1.231541653543307
20
1.4554828346456692
11
1.2295792125984251
21
1.4559608661417323
0
LINE
8
BLACK
6
CONTINUOUS
10
1.2295792125984251
20
1.4559608661417323
11
1.1789605511811023
21
1.4897066141732282
0
LINE
8
BLACK
6
CONTINUOUS
10
1.1789605511811023
20
1.4897066141732282
11
1.1782190157480315
21
1.490415
0
LINE
8
BLACK
6
CONTINUOUS
10
1.1782190157480315
20
1.490415
11
1.1776517716535433
21
1.4923535039370079
0
LINE
8
BLACK
6
CONTINUOUS
10
1.1776517716535433
20
1.4923535039370079
11
1.1784633070866142
21
1.4942031102362205
0
LINE
8
BLACK
6
CONTINUOUS
10
1.1784633070866142
20
1.4942031102362205
11
1.1802738976377953
21
1.4950983070866142
0
LINE
8
BLACK
6
CONTINUOUS
10
1.1802738976377953
20
1.4950983070866142
11
1.1822362992125983
21
1.4946203149606299
0
LINE
8
BLACK
6
CONTINUOUS
10
1.2153540944881889
20
1.528683937007874
11
1.2154893307086614
21
1.528570433070866
0
LINE
8
BLACK
6
CONTINUOUS
10
1.2154893307086614
20
1.528570433070866
11
1.21566468503937
21
1.5285502755905511
0
LINE
8
BLACK
6
CONTINUOUS
10
1.21566468503937
20
1.5285502755905511
11
1.2194142125984251
21
1.5266755118110236
0
LINE
8
BLACK
6
CONTINUOUS
10
1.2194142125984251
20
1.5266755118110236
11
1.2201231889763779
21
1.5261496456692913
0
LINE
8
BLACK
6
CONTINUOUS
10
1.2201231889763779
20
1.5261496456692913
11
1.2201815748031495
21
1.5261224409448819
0
LINE
8
BLACK
6
CONTINUOUS
10
1.2201815748031495
20
1.5261224409448819
11
1.2220563779527558
21
1.5242476771653544
0
LINE
8
BLACK
6
CONTINUOUS
10
1.2220563779527558
20
1.5242476771653544
11
1.2225627559055119
21
1.5235244881889762
0
LINE
8
BLACK
6
CONTINUOUS
10
1.2225627559055119
20
1.5235244881889762
11
1.2226095275590552
21
1.5234802362204725
0
LINE
8
BLACK
6
CONTINUOUS
10
1.2226095275590552
20
1.5234802362204725
11
1.2244842913385827
21
1.5197307086614174
0
LINE
8
BLACK
6
CONTINUOUS
10
1.2244842913385827
20
1.5197307086614174
11
1.2247766535433071
21
1.5187477952755906
0
LINE
8
BLACK
6
CONTINUOUS
10
1.2247766535433071
20
1.5187477952755906
11
1.2247356299212597
21
1.5185760629921259
0
LINE
8
BLACK
6
CONTINUOUS
10
1.2247356299212597
20
1.5185760629921259
11
1.2247960236220472
21
1.5184101968503936
0
LINE
8
BLACK
6
CONTINUOUS
10
1.2247960236220472
20
1.5184101968503936
11
1.2247960236220472
21
1.5090363779527558
0
LINE
8
BLACK
6
CONTINUOUS
10
1.2247960236220472
20
1.5090363779527558
11
1.2246179527559056
21
1.5080264566929134
0
LINE
8
BLACK
6
CONTINUOUS
10
1.2246179527559056
20
1.5080264566929134
11
1.2245044488188976
21
1.5078911811023621
0
LINE
8
BLACK
6
CONTINUOUS
10
1.2245044488188976
20
1.5078911811023621
11
1.2244842913385827
21
1.5077158661417323
0
LINE
8
BLACK
6
CONTINUOUS
10
1.2244842913385827
20
1.5077158661417323
11
1.2226095275590552
21
1.5039663385826771
0
LINE
8
BLACK
6
CONTINUOUS
10
1.2226095275590552
20
1.5039663385826771
11
1.2220835433070867
21
1.5032572047244095
0
LINE
8
BLACK
6
CONTINUOUS
10
1.2220835433070867
20
1.5032572047244095
11
1.2220563779527558
21
1.5031988976377952
0
LINE
8
BLACK
6
CONTINUOUS
10
1.2220563779527558
20
1.5031988976377952
11
1.2201815748031495
21
1.5013241338582677
0
LINE
8
BLACK
6
CONTINUOUS
10
1.2201815748031495
20
1.5013241338582677
11
1.2193415354330708
21
1.5007359448818898
0
LINE
8
BLACK
6
CONTINUOUS
10
1.2193415354330708
20
1.5007359448818898
11
1.2173294488188977
21
1.5005599606299211
0
LINE
8
BLACK
6
CONTINUOUS
10
1.2173294488188977
20
1.5005599606299211
11
1.2156749212598426
21
1.501718464566929
0
LINE
8
BLACK
6
CONTINUOUS
10
1.2156749212598426
20
1.501718464566929
11
1.2151522047244094
21
1.5036694488188975
0
LINE
8
BLACK
6
CONTINUOUS
10
1.2151522047244094
20
1.5036694488188975
11
1.2160058267716536
21
1.5055000393700788
0
LINE
8
BLACK
6
CONTINUOUS
10
1.2160058267716536
20
1.5055000393700788
11
1.2175417716535433
21
1.5070359448818897
0
LINE
8
BLACK
6
CONTINUOUS
10
1.2175417716535433
20
1.5070359448818897
11
1.2188905118110236
21
1.5097334251968504
0
LINE
8
BLACK
6
CONTINUOUS
10
1.2188905118110236
20
1.5097334251968504
11
1.2188905118110236
21
1.5177131496062992
0
LINE
8
BLACK
6
CONTINUOUS
10
1.2188905118110236
20
1.5177131496062992
11
1.2175417716535433
21
1.5204105905511811
0
LINE
8
BLACK
6
CONTINUOUS
10
1.2175417716535433
20
1.5204105905511811
11
1.2163446062992125
21
1.5216077165354331
0
LINE
8
BLACK
6
CONTINUOUS
10
1.2163446062992125
20
1.5216077165354331
11
1.2136471259842518
21
1.522956496062992
0
LINE
8
BLACK
6
CONTINUOUS
10
1.2136471259842518
20
1.522956496062992
11
1.2056674015748032
21
1.522956496062992
0
LINE
8
BLACK
6
CONTINUOUS
10
1.2056674015748032
20
1.522956496062992
11
1.2029699212598426
21
1.5216077559055117
0
LINE
8
BLACK
6
CONTINUOUS
10
1.2029699212598426
20
1.5216077559055117
11
1.2017727952755906
21
1.5204106299212599
0
LINE
8
BLACK
6
CONTINUOUS
10
1.2017727952755906
20
1.5204106299212599
11
1.2004240551181102
21
1.5177131496062992
0
LINE
8
BLACK
6
CONTINUOUS
10
1.2004240551181102
20
1.5177131496062992
11
1.2004240551181102
21
1.5097334251968504
0
LINE
8
BLACK
6
CONTINUOUS
10
1.2004240551181102
20
1.5097334251968504
11
1.2017727952755906
21
1.5070359448818897
0
LINE
8
BLACK
6
CONTINUOUS
10
1.2017727952755906
20
1.5070359448818897
11
1.2033087401574802
21
1.5055000000000001
0
LINE
8
BLACK
6
CONTINUOUS
10
1.2033087401574802
20
1.5055000000000001
11
1.2038969291338582
21
1.5046599606299211
0
LINE
8
BLACK
6
CONTINUOUS
10
1.2038969291338582
20
1.5046599606299211
11
1.2038985826771653
21
1.504640590551181
0
LINE
8
BLACK
6
CONTINUOUS
10
1.2038985826771653
20
1.504640590551181
11
1.2039122047244095
21
1.5046266929133858
0
LINE
8
BLACK
6
CONTINUOUS
10
1.2039122047244095
20
1.5046266929133858
11
1.203986496062992
21
1.5036361023622047
0
LINE
8
BLACK
6
CONTINUOUS
10
1.203986496062992
20
1.5036361023622047
11
1.2040729527559055
21
1.5026478740157481
0
LINE
8
BLACK
6
CONTINUOUS
10
1.2040729527559055
20
1.5026478740157481
11
1.2040617716535433
21
1.5026319291338581
0
LINE
8
BLACK
6
CONTINUOUS
10
1.2040617716535433
20
1.5026319291338581
11
1.2040632677165355
21
1.5026125196850393
0
LINE
8
BLACK
6
CONTINUOUS
10
1.2040632677165355
20
1.5026125196850393
11
1.2034832677165355
21
1.5018057086614174
0
LINE
8
BLACK
6
CONTINUOUS
10
1.2034832677165355
20
1.5018057086614174
11
1.2029144488188976
21
1.5009933070866142
0
LINE
8
BLACK
6
CONTINUOUS
10
1.2029144488188976
20
1.5009933070866142
11
1.2028956299212599
21
1.5009882677165354
0
LINE
8
BLACK
6
CONTINUOUS
10
1.2028956299212599
20
1.5009882677165354
11
1.2028843307086614
21
1.5009725196850394
0
LINE
8
BLACK
6
CONTINUOUS
10
1.2028843307086614
20
1.5009725196850394
11
1.2019221259842519
21
1.5007274409448819
0
LINE
8
BLACK
6
CONTINUOUS
10
1.2019221259842519
20
1.5007274409448819
11
1.2009634645669292
21
1.500470590551181
0
LINE
8
BLACK
6
CONTINUOUS
10
1.2009634645669292
20
1.500470590551181
11
1.2009458661417323
21
1.5004787795275589
0
LINE
8
BLACK
6
CONTINUOUS
10
1.2009458661417323
20
1.5004787795275589
11
1.2009270078740157
21
1.5004739763779527
0
LINE
8
BLACK
6
CONTINUOUS
10
1.2009270078740157
20
1.5004739763779527
11
1.1821793700787402
21
1.5023487401574802
0
LINE
8
BLACK
6
CONTINUOUS
10
1.1821793700787402
20
1.5023487401574802
11
1.1820290157480315
21
1.5023910236220472
0
LINE
8
BLACK
6
CONTINUOUS
10
1.1820290157480315
20
1.5023910236220472
11
1.1819604330708662
21
1.5023789370078739
0
LINE
8
BLACK
6
CONTINUOUS
10
1.1819604330708662
20
1.5023789370078739
11
1.1818544094488188
21
1.5024401181102363
0
LINE
8
BLACK
6
CONTINUOUS
10
1.1818544094488188
20
1.5024401181102363
11
1.1811922047244094
21
1.5026264173228345
0
LINE
8
BLACK
6
CONTINUOUS
10
1.1811922047244094
20
1.5026264173228345
11
1.1807542913385827
21
1.50307531496063
0
LINE
8
BLACK
6
CONTINUOUS
10
1.1807542913385827
20
1.50307531496063
11
1.1802112598425196
21
1.5033888582677164
0
LINE
8
BLACK
6
CONTINUOUS
10
1.1802112598425196
20
1.5033888582677164
11
1.1800700787401575
21
1.5037766929133858
0
LINE
8
BLACK
6
CONTINUOUS
10
1.1800700787401575
20
1.5037766929133858
11
1.179781811023622
21
1.5040722440944883
0
LINE
8
BLACK
6
CONTINUOUS
10
1.179781811023622
20
1.5040722440944883
11
1.1797348818897637
21
1.5046975984251969
0
LINE
8
BLACK
6
CONTINUOUS
10
1.1797348818897637
20
1.5046975984251969
11
1.1795204330708662
21
1.5052868503937007
0
LINE
8
BLACK
6
CONTINUOUS
10
1.1795204330708662
20
1.5052868503937007
11
1.1795204330708662
21
1.5240344881889762
0
LINE
8
BLACK
6
CONTINUOUS
10
1.1795204330708662
20
1.5240344881889762
11
1.1796985039370078
21
1.5250444094488189
0
LINE
8
BLACK
6
CONTINUOUS
10
1.1796985039370078
20
1.5250444094488189
11
1.180996811023622
21
1.5265916535433071
0
LINE
8
BLACK
6
CONTINUOUS
10
1.180996811023622
20
1.5265916535433071
11
1.1829859448818898
21
1.5269424015748032
0
LINE
8
BLACK
6
CONTINUOUS
10
1.1829859448818898
20
1.5269424015748032
11
1.1847351181102361
21
1.5259324803149605
0
LINE
8
BLACK
6
CONTINUOUS
10
1.1847351181102361
20
1.5259324803149605
11
1.1854259448818898
21
1.5240344881889762
0
LINE
8
BLACK
6
CONTINUOUS
10
1.1854259448818898
20
1.5240344881889762
11
1.1854259448818898
21
1.5079590551181101
0
LINE
8
BLACK
6
CONTINUOUS
10
1.1854259448818898
20
1.5079590551181101
11
1.1951972047244095
21
1.5069819291338582
0
LINE
8
BLACK
6
CONTINUOUS
10
1.1951972047244095
20
1.5069819291338582
11
1.1948302755905511
21
1.5077158661417323
0
LINE
8
BLACK
6
CONTINUOUS
10
1.1948302755905511
20
1.5077158661417323
11
1.1945379133858267
21
1.5086988188976378
0
LINE
8
BLACK
6
CONTINUOUS
10
1.1945379133858267
20
1.5086988188976378
11
1.1945788976377953
21
1.5088704724409447
0
LINE
8
BLACK
6
CONTINUOUS
10
1.1945788976377953
20
1.5088704724409447
11
1.1945185433070866
21
1.5090363779527558
0
LINE
8
BLACK
6
CONTINUOUS
10
1.1945185433070866
20
1.5090363779527558
11
1.1945185433070866
21
1.5184101968503936
0
LINE
8
BLACK
6
CONTINUOUS
10
1.1945185433070866
20
1.5184101968503936
11
1.1946966141732283
21
1.5194201181102363
0
LINE
8
BLACK
6
CONTINUOUS
10
1.1946966141732283
20
1.5194201181102363
11
1.1948100787401574
21
1.5195553543307085
0
LINE
8
BLACK
6
CONTINUOUS
10
1.1948100787401574
20
1.5195553543307085
11
1.1948302755905511
21
1.5197307086614174
0
LINE
8
BLACK
6
CONTINUOUS
10
1.1948302755905511
20
1.5197307086614174
11
1.1967050393700787
21
1.5234802362204725
0
LINE
8
BLACK
6
CONTINUOUS
10
1.1967050393700787
20
1.5234802362204725
11
1.1972309448818896
21
1.5241892913385826
0
LINE
8
BLACK
6
CONTINUOUS
10
1.1972309448818896
20
1.5241892913385826
11
1.1972581496062993
21
1.5242476377952756
0
LINE
8
BLACK
6
CONTINUOUS
10
1.1972581496062993
20
1.5242476377952756
11
1.1991329133858268
21
1.5261224015748032
0
LINE
8
BLACK
6
CONTINUOUS
10
1.1991329133858268
20
1.5261224015748032
11
1.1998559842519685
21
1.5266286614173228
0
LINE
8
BLACK
6
CONTINUOUS
10
1.1998559842519685
20
1.5266286614173228
11
1.19990031496063
21
1.5266755118110236
0
LINE
8
BLACK
6
CONTINUOUS
10
1.19990031496063
20
1.5266755118110236
11
1.2036498425196851
21
1.5285502755905511
0
LINE
8
BLACK
6
CONTINUOUS
10
1.2036498425196851
20
1.5285502755905511
11
1.2046327559055119
21
1.5288426377952755
0
LINE
8
BLACK
6
CONTINUOUS
10
1.2046327559055119
20
1.5288426377952755
11
1.2048044488188976
21
1.5288016141732284
0
LINE
8
BLACK
6
CONTINUOUS
10
1.2048044488188976
20
1.5288016141732284
11
1.2049703543307086
21
1.5288620078740156
0
LINE
8
BLACK
6
CONTINUOUS
10
1.2049703543307086
20
1.5288620078740156
11
1.2143441732283464
21
1.5288620078740156
0
LINE
8
BLACK
6
CONTINUOUS
10
1.2143441732283464
20
1.5288620078740156
11
1.2153540944881889
21
1.528683937007874
0
LINE
8
BLACK
6
CONTINUOUS
10
1.2074254724409448
20
1.5662549606299212
11
1.2075612598425196
21
1.5662691732283465
0
LINE
8
BLACK
6
CONTINUOUS
10
1.2075612598425196
20
1.5662691732283465
11
1.2150603149606298
21
1.5643944094488189
0
LINE
8
BLACK
6
CONTINUOUS
10
1.2150603149606298
20
1.5643944094488189
11
1.215525748031496
21
1.5641868110236221
0
LINE
8
BLACK
6
CONTINUOUS
10
1.215525748031496
20
1.5641868110236221
11
1.21566468503937
21
1.5641708267716534
0
LINE
8
BLACK
6
CONTINUOUS
10
1.21566468503937
20
1.5641708267716534
11
1.2194142125984251
21
1.5622960629921259
0
LINE
8
BLACK
6
CONTINUOUS
10
1.2194142125984251
20
1.5622960629921259
11
1.2201231889763779
21
1.5617701968503936
0
LINE
8
BLACK
6
CONTINUOUS
10
1.2201231889763779
20
1.5617701968503936
11
1.2201815748031495
21
1.5617429921259842
0
LINE
8
BLACK
6
CONTINUOUS
10
1.2201815748031495
20
1.5617429921259842
11
1.2220563779527558
21
1.5598682283464567
0
LINE
8
BLACK
6
CONTINUOUS
10
1.2220563779527558
20
1.5598682283464567
11
1.2225627559055119
21
1.5591450393700788
0
LINE
8
BLACK
6
CONTINUOUS
10
1.2225627559055119
20
1.5591450393700788
11
1.2226095275590552
21
1.5591007874015748
0
LINE
8
BLACK
6
CONTINUOUS
10
1.2226095275590552
20
1.5591007874015748
11
1.2244842913385827
21
1.5553512598425197
0
LINE
8
BLACK
6
CONTINUOUS
10
1.2244842913385827
20
1.5553512598425197
11
1.2247766535433071
21
1.5543683464566929
0
LINE
8
BLACK
6
CONTINUOUS
10
1.2247766535433071
20
1.5543683464566929
11
1.2247356299212597
21
1.5541966141732284
0
LINE
8
BLACK
6
CONTINUOUS
10
1.2247356299212597
20
1.5541966141732284
11
1.2247960236220472
21
1.5540307480314961
0
LINE
8
BLACK
6
CONTINUOUS
10
1.2247960236220472
20
1.5540307480314961
11
1.2247960236220472
21
1.550281220472441
0
LINE
8
BLACK
6
CONTINUOUS
10
1.2247960236220472
20
1.550281220472441
11
1.2246179527559056
21
1.5492712992125983
0
LINE
8
BLACK
6
CONTINUOUS
10
1.2246179527559056
20
1.5492712992125983
11
1.2245044488188976
21
1.5491360236220473
0
LINE
8
BLACK
6
CONTINUOUS
10
1.2245044488188976
20
1.5491360236220473
11
1.2244842913385827
21
1.5489607086614172
0
LINE
8
BLACK
6
CONTINUOUS
10
1.2244842913385827
20
1.5489607086614172
11
1.2226095275590552
21
1.5452111811023621
0
LINE
8
BLACK
6
CONTINUOUS
10
1.2226095275590552
20
1.5452111811023621
11
1.2220835433070867
21
1.5445020472440945
0
LINE
8
BLACK
6
CONTINUOUS
10
1.2220835433070867
20
1.5445020472440945
11
1.2220563779527558
21
1.5444437401574802
0
LINE
8
BLACK
6
CONTINUOUS
10
1.2220563779527558
20
1.5444437401574802
11
1.2201815748031495
21
1.5425689763779526
0
LINE
8
BLACK
6
CONTINUOUS
10
1.2201815748031495
20
1.5425689763779526
11
1.2194585039370078
21
1.5420626771653543
0
LINE
8
BLACK
6
CONTINUOUS
10
1.2194585039370078
20
1.5420626771653543
11
1.2194142125984251
21
1.542015905511811
0
LINE
8
BLACK
6
CONTINUOUS
10
1.2194142125984251
20
1.542015905511811
11
1.21566468503937
21
1.5401411417322834
0
LINE
8
BLACK
6
CONTINUOUS
10
1.21566468503937
20
1.5401411417322834
11
1.215176220472441
21
1.5399958267716536
0
LINE
8
BLACK
6
CONTINUOUS
10
1.215176220472441
20
1.5399958267716536
11
1.2150603149606298
21
1.5399175590551182
0
LINE
8
BLACK
6
CONTINUOUS
10
1.2150603149606298
20
1.5399175590551182
11
1.2075612598425196
21
1.5380427952755906
0
LINE
8
BLACK
6
CONTINUOUS
10
1.2075612598425196
20
1.5380427952755906
11
1.206973346456693
21
1.5380012992125984
0
LINE
8
BLACK
6
CONTINUOUS
10
1.206973346456693
20
1.5380012992125984
11
1.2068451181102362
21
1.5379546456692914
0
LINE
8
BLACK
6
CONTINUOUS
10
1.2068451181102362
20
1.5379546456692914
11
1.1974712992125984
21
1.5379546456692914
0
LINE
8
BLACK
6
CONTINUOUS
10
1.1974712992125984
20
1.5379546456692914
11
1.1968909055118111
21
1.5380569685039369
0
LINE
8
BLACK
6
CONTINUOUS
10
1.1968909055118111
20
1.5380569685039369
11
1.196755157480315
21
1.5380427952755906
0
LINE
8
BLACK
6
CONTINUOUS
10
1.196755157480315
20
1.5380427952755906
11
1.1892561023622048
21
1.5399175590551182
0
LINE
8
BLACK
6
CONTINUOUS
10
1.1892561023622048
20
1.5399175590551182
11
1.1887906299212598
21
1.5401251181102362
0
LINE
8
BLACK
6
CONTINUOUS
10
1.1887906299212598
20
1.5401251181102362
11
1.1886517322834644
21
1.5401411417322834
0
LINE
8
BLACK
6
CONTINUOUS
10
1.1886517322834644
20
1.5401411417322834
11
1.1849022047244093
21
1.542015905511811
0
LINE
8
BLACK
6
CONTINUOUS
10
1.1849022047244093
20
1.542015905511811
11
1.1841931102362204
21
1.5425417716535432
0
LINE
8
BLACK
6
CONTINUOUS
10
1.1841931102362204
20
1.5425417716535432
11
1.1841348031496062
21
1.5425690157480314
0
LINE
8
BLACK
6
CONTINUOUS
10
1.1841348031496062
20
1.5425690157480314
11
1.1822600393700786
21
1.544443779527559
0
LINE
8
BLACK
6
CONTINUOUS
10
1.1822600393700786
20
1.544443779527559
11
1.1817537401574802
21
1.5451668503937008
0
LINE
8
BLACK
6
CONTINUOUS
10
1.1817537401574802
20
1.5451668503937008
11
1.1817069291338582
21
1.5452111811023621
0
LINE
8
BLACK
6
CONTINUOUS
10
1.1817069291338582
20
1.5452111811023621
11
1.1798321653543307
21
1.5489607086614172
0
LINE
8
BLACK
6
CONTINUOUS
10
1.1798321653543307
20
1.5489607086614172
11
1.1795398031496063
21
1.5499436614173228
0
LINE
8
BLACK
6
CONTINUOUS
10
1.1795398031496063
20
1.5499436614173228
11
1.1795807874015747
21
1.5501153149606299
0
LINE
8
BLACK
6
CONTINUOUS
10
1.1795807874015747
20
1.5501153149606299
11
1.1795204330708662
21
1.550281220472441
0
LINE
8
BLACK
6
CONTINUOUS
10
1.1795204330708662
20
1.550281220472441
11
1.1795204330708662
21
1.5540307480314961
0
LINE
8
BLACK
6
CONTINUOUS
10
1.1795204330708662
20
1.5540307480314961
11
1.1796985039370078
21
1.5550406692913386
0
LINE
8
BLACK
6
CONTINUOUS
10
1.1796985039370078
20
1.5550406692913386
11
1.179811968503937
21
1.5551759055118111
0
LINE
8
BLACK
6
CONTINUOUS
10
1.179811968503937
20
1.5551759055118111
11
1.1798321653543307
21
1.5553512598425197
0
LINE
8
BLACK
6
CONTINUOUS
10
1.1798321653543307
20
1.5553512598425197
11
1.1817069291338582
21
1.5591007874015748
0
LINE
8
BLACK
6
CONTINUOUS
10
1.1817069291338582
20
1.5591007874015748
11
1.1822328346456692
21
1.5598098425196849
0
LINE
8
BLACK
6
CONTINUOUS
10
1.1822328346456692
20
1.5598098425196849
11
1.1822600393700786
21
1.5598681889763779
0
LINE
8
BLACK
6
CONTINUOUS
10
1.1822600393700786
20
1.5598681889763779
11
1.1841348031496062
21
1.5617429527559055
0
LINE
8
BLACK
6
CONTINUOUS
10
1.1841348031496062
20
1.5617429527559055
11
1.184857874015748
21
1.5622492125984251
0
LINE
8
BLACK
6
CONTINUOUS
10
1.184857874015748
20
1.5622492125984251
11
1.1849022047244093
21
1.5622960629921259
0
LINE
8
BLACK
6
CONTINUOUS
10
1.1849022047244093
20
1.5622960629921259
11
1.1886517322834644
21
1.5641708267716534
0
LINE
8
BLACK
6
CONTINUOUS
10
1.1886517322834644
20
1.5641708267716534
11
1.1891401574803149
21
1.5643161023622048
0
LINE
8
BLACK
6
CONTINUOUS
10
1.1891401574803149
20
1.5643161023622048
11
1.1892561023622048
21
1.5643944094488189
0
LINE
8
BLACK
6
CONTINUOUS
10
1.1892561023622048
20
1.5643944094488189
11
1.196755157480315
21
1.5662691732283465
0
LINE
8
BLACK
6
CONTINUOUS
10
1.196755157480315
20
1.5662691732283465
11
1.1973430314960629
21
1.5663106299212599
0
LINE
8
BLACK
6
CONTINUOUS
10
1.1973430314960629
20
1.5663106299212599
11
1.1974712992125984
21
1.5663573228346457
0
LINE
8
BLACK
6
CONTINUOUS
10
1.1974712992125984
20
1.5663573228346457
11
1.2068451181102362
21
1.5663573228346457
0
LINE
8
BLACK
6
CONTINUOUS
10
1.2068451181102362
20
1.5663573228346457
11
1.2074254724409448
21
1.5662549606299212
0
LINE
8
BLACK
6
CONTINUOUS
10
1.1910027952755906
20
1.5587437795275589
11
1.1879718110236219
21
1.5572283070866142
0
LINE
8
BLACK
6
CONTINUOUS
10
1.1879718110236219
20
1.5572283070866142
11
1.1867746850393701
21
1.5560311811023622
0
LINE
8
BLACK
6
CONTINUOUS
10
1.1867746850393701
20
1.5560311811023622
11
1.1854259448818898
21
1.5533337007874015
0
LINE
8
BLACK
6
CONTINUOUS
10
1.1854259448818898
20
1.5533337007874015
11
1.1854259448818898
21
1.5509782677165354
0
LINE
8
BLACK
6
CONTINUOUS
10
1.1854259448818898
20
1.5509782677165354
11
1.1867746850393701
21
1.5482807874015747
0
LINE
8
BLACK
6
CONTINUOUS
10
1.1867746850393701
20
1.5482807874015747
11
1.1879718110236219
21
1.5470836614173229
0
LINE
8
BLACK
6
CONTINUOUS
10
1.1879718110236219
20
1.5470836614173229
11
1.1910027952755906
21
1.5455681496062992
0
LINE
8
BLACK
6
CONTINUOUS
10
1.1910027952755906
20
1.5455681496062992
11
1.197834842519685
21
1.543860157480315
0
LINE
8
BLACK
6
CONTINUOUS
10
1.197834842519685
20
1.543860157480315
11
1.2064815748031497
21
1.543860157480315
0
LINE
8
BLACK
6
CONTINUOUS
10
1.2064815748031497
20
1.543860157480315
11
1.213313622047244
21
1.5455681496062992
0
LINE
8
BLACK
6
CONTINUOUS
10
1.213313622047244
20
1.5455681496062992
11
1.2163446062992125
21
1.5470836614173229
0
LINE
8
BLACK
6
CONTINUOUS
10
1.2163446062992125
20
1.5470836614173229
11
1.2175417716535433
21
1.5482807874015747
0
LINE
8
BLACK
6
CONTINUOUS
10
1.2175417716535433
20
1.5482807874015747
11
1.2188905118110236
21
1.5509782677165354
0
LINE
8
BLACK
6
CONTINUOUS
10
1.2188905118110236
20
1.5509782677165354
11
1.2188905118110236
21
1.5533337007874015
0
LINE
8
BLACK
6
CONTINUOUS
10
1.2188905118110236
20
1.5533337007874015
11
1.2175417716535433
21
1.5560311417322834
0
LINE
8
BLACK
6
CONTINUOUS
10
1.2175417716535433
20
1.5560311417322834
11
1.2163446062992125
21
1.5572282677165354
0
LINE
8
BLACK
6
CONTINUOUS
10
1.2163446062992125
20
1.5572282677165354
11
1.213313622047244
21
1.5587437795275589
0
LINE
8
BLACK
6
CONTINUOUS
10
1.213313622047244
20
1.5587437795275589
11
1.2064815748031497
21
1.5604518110236221
0
LINE
8
BLACK
6
CONTINUOUS
10
1.2064815748031497
20
1.5604518110236221
11
1.197834842519685
21
1.5604518110236221
0
LINE
8
BLACK
6
CONTINUOUS
10
1.197834842519685
20
1.5604518110236221
11
1.1910027952755906
21
1.5587437795275589
  0
ENDSEC
  0
EOF
