  0
SECTION
  2
HEADER
  9
$ANGBASE
  50
0.0
  9
$ANGDIR
  70
1
  9
$MEASUREMENT
  70
0
  0
ENDSEC
  0
SECTION
  2
TABLES
  0
TABLE
  2
LTYPE
  70
4
  0
LTYPE
  5
40F
  2
CONTINUOUS
  70
0
  3
Solid line
  72
65
  73
0
  40
0.0
  0
LTYPE
  5
410
  2
DASHDOT
 70
0
  3
Dash Dot ____ _ ____ _
 72
65
 73
4
 40
2.0
 49
1.25
 49
-0.25
 49
0.25
 49
-0.25
  0
LTYPE
  5
411
  2
DASHED
 70
0
  3
Dashed __ __ __ __ __
 72
65
 73
2
 40
0.75
 49
0.5
 49
-0.25
  0
LTYPE
  5
43B
  2
DOTTED
 70
0
  3
Dotted .  .  .  .
 72
65
 73
2
 40
0.2
 49
0.0
 49
-0.2
  0
ENDTAB
  0
TABLE
  2
STYLE
  70
4
  0
STYLE
  2
KICAD
  70
0
  40
0
  41
1
  42
1
  50
0
  71
0
  3
isocp.shx
  0
STYLE
  2
KICADB
  70
0
  40
0
  41
1
  42
1
  50
0
  71
0
  3
isocp.shx
  0
STYLE
  2
KICADI
  70
0
  40
0
  41
1
  42
1
  50
15
  71
0
  3
isocp.shx
  0
STYLE
  2
KICADBI
  70
0
  40
0
  41
1
  42
1
  50
15
  71
0
  3
isocp.shx
  0
ENDTAB
  0
TABLE
  2
LAYER
  70
1
  0
LAYER
  2
BLACK
  70
0
  62
7
  6
CONTINUOUS
  0
ENDTAB
  0
ENDSEC
  0
SECTION
  2
ENTITIES
0
LINE
8
BLACK
6
CONTINUOUS
10
1.6481700393700787
20
0.192896062992126
11
1.6488608661417323
21
0.1909980708661417
0
LINE
8
BLACK
6
CONTINUOUS
10
1.6488608661417323
20
0.1909980708661417
11
1.6488608661417323
21
0.1789527165354331
0
LINE
8
BLACK
6
CONTINUOUS
10
1.6488608661417323
20
0.1789527165354331
11
1.6609062598425197
21
0.1789527165354331
0
LINE
8
BLACK
6
CONTINUOUS
10
1.6609062598425197
20
0.1789527165354331
11
1.6619161811023622
21
0.1787746456692913
0
LINE
8
BLACK
6
CONTINUOUS
10
1.6619161811023622
20
0.1787746456692913
11
1.6634634251968503
21
0.1774763385826772
0
LINE
8
BLACK
6
CONTINUOUS
10
1.6634634251968503
20
0.1774763385826772
11
1.6638141732283465
21
0.1754872047244095
0
LINE
8
BLACK
6
CONTINUOUS
10
1.6638141732283465
20
0.1754872047244095
11
1.662804251968504
21
0.173738031496063
0
LINE
8
BLACK
6
CONTINUOUS
10
1.662804251968504
20
0.173738031496063
11
1.6609062598425197
21
0.1730472047244094
0
LINE
8
BLACK
6
CONTINUOUS
10
1.6609062598425197
20
0.1730472047244094
11
1.6488608661417323
21
0.1730472047244094
0
LINE
8
BLACK
6
CONTINUOUS
10
1.6488608661417323
20
0.1730472047244094
11
1.6488608661417323
21
0.1610018503937008
0
LINE
8
BLACK
6
CONTINUOUS
10
1.6488608661417323
20
0.1610018503937008
11
1.6486827952755905
21
0.1599919291338583
0
LINE
8
BLACK
6
CONTINUOUS
10
1.6486827952755905
20
0.1599919291338583
11
1.6473844881889763
21
0.1584446850393701
0
LINE
8
BLACK
6
CONTINUOUS
10
1.6473844881889763
20
0.1584446850393701
11
1.6453953543307087
21
0.158093937007874
0
LINE
8
BLACK
6
CONTINUOUS
10
1.6453953543307087
20
0.158093937007874
11
1.6436461811023622
21
0.1591038582677165
0
LINE
8
BLACK
6
CONTINUOUS
10
1.6436461811023622
20
0.1591038582677165
11
1.6429553543307087
21
0.1610018503937008
0
LINE
8
BLACK
6
CONTINUOUS
10
1.6429553543307087
20
0.1610018503937008
11
1.6429553543307087
21
0.1730472047244094
0
LINE
8
BLACK
6
CONTINUOUS
10
1.6429553543307087
20
0.1730472047244094
11
1.6309099999999999
21
0.1730472047244094
0
LINE
8
BLACK
6
CONTINUOUS
10
1.6309099999999999
20
0.1730472047244094
11
1.6299000787401574
21
0.1732252755905512
0
LINE
8
BLACK
6
CONTINUOUS
10
1.6299000787401574
20
0.1732252755905512
11
1.6283528346456693
21
0.1745235826771654
0
LINE
8
BLACK
6
CONTINUOUS
10
1.6283528346456693
20
0.1745235826771654
11
1.6280020866141731
21
0.1765127165354331
0
LINE
8
BLACK
6
CONTINUOUS
10
1.6280020866141731
20
0.1765127165354331
11
1.6290120078740158
21
0.1782618897637795
0
LINE
8
BLACK
6
CONTINUOUS
10
1.6290120078740158
20
0.1782618897637795
11
1.6309099999999999
21
0.1789527165354331
0
LINE
8
BLACK
6
CONTINUOUS
10
1.6309099999999999
20
0.1789527165354331
11
1.6429553543307087
21
0.1789527165354331
0
LINE
8
BLACK
6
CONTINUOUS
10
1.6429553543307087
20
0.1789527165354331
11
1.6429553543307087
21
0.1909980708661417
0
LINE
8
BLACK
6
CONTINUOUS
10
1.6429553543307087
20
0.1909980708661417
11
1.6431334251968504
21
0.1920079921259842
0
LINE
8
BLACK
6
CONTINUOUS
10
1.6431334251968504
20
0.1920079921259842
11
1.6444317322834645
21
0.1935552362204724
0
LINE
8
BLACK
6
CONTINUOUS
10
1.6444317322834645
20
0.1935552362204724
11
1.6464208661417323
21
0.1939059842519685
0
LINE
8
BLACK
6
CONTINUOUS
10
1.6464208661417323
20
0.1939059842519685
11
1.6481700393700787
21
0.192896062992126
0
LINE
8
BLACK
6
CONTINUOUS
10
1.7205438582677164
20
0.416936968503937
11
1.7216566929133859
21
0.4152514173228347
0
LINE
8
BLACK
6
CONTINUOUS
10
1.7216566929133859
20
0.4152514173228347
11
1.7214257874015748
21
0.4132448818897638
0
LINE
8
BLACK
6
CONTINUOUS
10
1.7214257874015748
20
0.4132448818897638
11
1.7195510236220473
21
0.4094953543307087
0
LINE
8
BLACK
6
CONTINUOUS
10
1.7195510236220473
20
0.4094953543307087
11
1.7190250787401575
21
0.4087862598425197
0
LINE
8
BLACK
6
CONTINUOUS
10
1.7190250787401575
20
0.4087862598425197
11
1.7189979133858266
21
0.4087279527559055
0
LINE
8
BLACK
6
CONTINUOUS
10
1.7189979133858266
20
0.4087279527559055
11
1.7165395275590551
21
0.4062695669291339
0
LINE
8
BLACK
6
CONTINUOUS
10
1.7165395275590551
20
0.4062695669291339
11
1.7439535039370078
21
0.4062695669291339
0
LINE
8
BLACK
6
CONTINUOUS
10
1.7439535039370078
20
0.4062695669291339
11
1.7439535039370078
21
0.4145653937007874
0
LINE
8
BLACK
6
CONTINUOUS
10
1.7439535039370078
20
0.4145653937007874
11
1.7441315748031496
21
0.4155753149606299
0
LINE
8
BLACK
6
CONTINUOUS
10
1.7441315748031496
20
0.4155753149606299
11
1.7454298818897638
21
0.4171225590551181
0
LINE
8
BLACK
6
CONTINUOUS
10
1.7454298818897638
20
0.4171225590551181
11
1.7474190157480314
21
0.4174733070866142
0
LINE
8
BLACK
6
CONTINUOUS
10
1.7474190157480314
20
0.4174733070866142
11
1.7491681889763779
21
0.4164633858267717
0
LINE
8
BLACK
6
CONTINUOUS
10
1.7491681889763779
20
0.4164633858267717
11
1.7498590157480314
21
0.4145653937007874
0
LINE
8
BLACK
6
CONTINUOUS
10
1.7498590157480314
20
0.4145653937007874
11
1.7498590157480314
21
0.3920682283464567
0
LINE
8
BLACK
6
CONTINUOUS
10
1.7498590157480314
20
0.3920682283464567
11
1.7496809448818897
21
0.3910583070866142
0
LINE
8
BLACK
6
CONTINUOUS
10
1.7496809448818897
20
0.3910583070866142
11
1.7483826377952756
21
0.389511062992126
0
LINE
8
BLACK
6
CONTINUOUS
10
1.7483826377952756
20
0.389511062992126
11
1.7463935039370078
21
0.3891603149606299
0
LINE
8
BLACK
6
CONTINUOUS
10
1.7463935039370078
20
0.3891603149606299
11
1.7446443307086614
21
0.3901702362204724
0
LINE
8
BLACK
6
CONTINUOUS
10
1.7446443307086614
20
0.3901702362204724
11
1.7439535039370078
21
0.3920682283464567
0
LINE
8
BLACK
6
CONTINUOUS
10
1.7439535039370078
20
0.3920682283464567
11
1.7439535039370078
21
0.4003640551181102
0
LINE
8
BLACK
6
CONTINUOUS
10
1.7439535039370078
20
0.4003640551181102
11
1.7075361811023622
21
0.4003640551181102
0
LINE
8
BLACK
6
CONTINUOUS
10
1.7075361811023622
20
0.4003640551181102
11
1.7065262598425197
21
0.400542125984252
0
LINE
8
BLACK
6
CONTINUOUS
10
1.7065262598425197
20
0.400542125984252
11
1.7063961811023622
21
0.4006512204724409
0
LINE
8
BLACK
6
CONTINUOUS
10
1.7063961811023622
20
0.4006512204724409
11
1.7062274409448819
21
0.4006699212598425
0
LINE
8
BLACK
6
CONTINUOUS
10
1.7062274409448819
20
0.4006699212598425
11
1.7056355118110236
21
0.4012895275590551
0
LINE
8
BLACK
6
CONTINUOUS
10
1.7056355118110236
20
0.4012895275590551
11
1.7049790157480316
21
0.4018404330708661
0
LINE
8
BLACK
6
CONTINUOUS
10
1.7049790157480316
20
0.4018404330708661
11
1.7049495275590552
21
0.4020076377952756
0
LINE
8
BLACK
6
CONTINUOUS
10
1.7049495275590552
20
0.4020076377952756
11
1.7048322440944881
21
0.4021304330708662
0
LINE
8
BLACK
6
CONTINUOUS
10
1.7048322440944881
20
0.4021304330708662
11
1.7047770866141732
21
0.4029855511811024
0
LINE
8
BLACK
6
CONTINUOUS
10
1.7047770866141732
20
0.4029855511811024
11
1.7046282677165354
21
0.4038295669291339
0
LINE
8
BLACK
6
CONTINUOUS
10
1.7046282677165354
20
0.4038295669291339
11
1.7047131496062993
21
0.4039766141732283
0
LINE
8
BLACK
6
CONTINUOUS
10
1.7047131496062993
20
0.4039766141732283
11
1.7047022440944881
21
0.4041460236220472
0
LINE
8
BLACK
6
CONTINUOUS
10
1.7047022440944881
20
0.4041460236220472
11
1.7052096850393701
21
0.4048366141732284
0
LINE
8
BLACK
6
CONTINUOUS
10
1.7052096850393701
20
0.4048366141732284
11
1.7056381889763779
21
0.4055787401574803
0
LINE
8
BLACK
6
CONTINUOUS
10
1.7056381889763779
20
0.4055787401574803
11
1.7057976771653542
21
0.4056367716535433
0
LINE
8
BLACK
6
CONTINUOUS
10
1.7057976771653542
20
0.4056367716535433
11
1.7058982677165353
21
0.4057736614173229
0
LINE
8
BLACK
6
CONTINUOUS
10
1.7058982677165353
20
0.4057736614173229
11
1.7112792913385826
21
0.4093609842519685
0
LINE
8
BLACK
6
CONTINUOUS
10
1.7112792913385826
20
0.4093609842519685
11
1.7144832677165354
21
0.4125649606299213
0
LINE
8
BLACK
6
CONTINUOUS
10
1.7144832677165354
20
0.4125649606299213
11
1.7161437401574802
21
0.415885905511811
0
LINE
8
BLACK
6
CONTINUOUS
10
1.7161437401574802
20
0.415885905511811
11
1.7167546456692913
21
0.4167095669291339
0
LINE
8
BLACK
6
CONTINUOUS
10
1.7167546456692913
20
0.4167095669291339
11
1.7186078346456692
21
0.4175128346456693
0
LINE
8
BLACK
6
CONTINUOUS
10
1.7186078346456692
20
0.4175128346456693
11
1.7205438582677164
21
0.416936968503937
0
LINE
8
BLACK
6
CONTINUOUS
10
1.7097981102362205
20
0.4502091732283465
11
1.710488937007874
21
0.4483111811023622
0
LINE
8
BLACK
6
CONTINUOUS
10
1.710488937007874
20
0.4483111811023622
11
1.710488937007874
21
0.4400153543307087
0
LINE
8
BLACK
6
CONTINUOUS
10
1.710488937007874
20
0.4400153543307087
11
1.7469062598425196
21
0.4400153543307087
0
LINE
8
BLACK
6
CONTINUOUS
10
1.7469062598425196
20
0.4400153543307087
11
1.7479161811023622
21
0.4398372834645669
0
LINE
8
BLACK
6
CONTINUOUS
10
1.7479161811023622
20
0.4398372834645669
11
1.7494634251968504
21
0.4385389763779527
0
LINE
8
BLACK
6
CONTINUOUS
10
1.7494634251968504
20
0.4385389763779527
11
1.7498141732283463
21
0.436549842519685
0
LINE
8
BLACK
6
CONTINUOUS
10
1.7498141732283463
20
0.436549842519685
11
1.7488042519685039
21
0.4348006692913386
0
LINE
8
BLACK
6
CONTINUOUS
10
1.7488042519685039
20
0.4348006692913386
11
1.7469062598425196
21
0.434109842519685
0
LINE
8
BLACK
6
CONTINUOUS
10
1.7469062598425196
20
0.434109842519685
11
1.710488937007874
21
0.434109842519685
0
LINE
8
BLACK
6
CONTINUOUS
10
1.710488937007874
20
0.434109842519685
11
1.710488937007874
21
0.4258140157480315
0
LINE
8
BLACK
6
CONTINUOUS
10
1.710488937007874
20
0.4258140157480315
11
1.7103108661417323
21
0.424804094488189
0
LINE
8
BLACK
6
CONTINUOUS
10
1.7103108661417323
20
0.424804094488189
11
1.7090125590551182
21
0.4232568503937008
0
LINE
8
BLACK
6
CONTINUOUS
10
1.7090125590551182
20
0.4232568503937008
11
1.7070234251968504
21
0.4229061023622047
0
LINE
8
BLACK
6
CONTINUOUS
10
1.7070234251968504
20
0.4229061023622047
11
1.7052742519685038
21
0.4239160236220472
0
LINE
8
BLACK
6
CONTINUOUS
10
1.7052742519685038
20
0.4239160236220472
11
1.7045834251968504
21
0.4258140157480315
0
LINE
8
BLACK
6
CONTINUOUS
10
1.7045834251968504
20
0.4258140157480315
11
1.7045834251968504
21
0.4483111811023622
0
LINE
8
BLACK
6
CONTINUOUS
10
1.7045834251968504
20
0.4483111811023622
11
1.704761496062992
21
0.4493211023622047
0
LINE
8
BLACK
6
CONTINUOUS
10
1.704761496062992
20
0.4493211023622047
11
1.7060598031496064
21
0.4508683464566929
0
LINE
8
BLACK
6
CONTINUOUS
10
1.7060598031496064
20
0.4508683464566929
11
1.708048937007874
21
0.451219094488189
0
LINE
8
BLACK
6
CONTINUOUS
10
1.708048937007874
20
0.451219094488189
11
1.7097981102362205
21
0.4502091732283465
0
LINE
8
BLACK
6
CONTINUOUS
10
1.7472897637795275
20
0.4849420866141732
11
1.7474190157480314
21
0.4849648818897638
0
LINE
8
BLACK
6
CONTINUOUS
10
1.7474190157480314
20
0.4849648818897638
11
1.7475325984251968
21
0.4848992519685039
0
LINE
8
BLACK
6
CONTINUOUS
10
1.7475325984251968
20
0.4848992519685039
11
1.7479161811023622
21
0.4848316535433071
0
LINE
8
BLACK
6
CONTINUOUS
10
1.7479161811023622
20
0.4848316535433071
11
1.7485038582677166
21
0.4843385039370078
0
LINE
8
BLACK
6
CONTINUOUS
10
1.7485038582677166
20
0.4843385039370078
11
1.7491681889763779
21
0.4839549606299213
0
LINE
8
BLACK
6
CONTINUOUS
10
1.7491681889763779
20
0.4839549606299213
11
1.7492592913385827
21
0.4837046062992126
0
LINE
8
BLACK
6
CONTINUOUS
10
1.7492592913385827
20
0.4837046062992126
11
1.7494634251968504
21
0.4835333464566929
0
LINE
8
BLACK
6
CONTINUOUS
10
1.7494634251968504
20
0.4835333464566929
11
1.749596653543307
21
0.4827777559055118
0
LINE
8
BLACK
6
CONTINUOUS
10
1.749596653543307
20
0.4827777559055118
11
1.7498590157480314
21
0.482056968503937
0
LINE
8
BLACK
6
CONTINUOUS
10
1.7498590157480314
20
0.482056968503937
11
1.7498590157480314
21
0.4670588582677165
0
LINE
8
BLACK
6
CONTINUOUS
10
1.7498590157480314
20
0.4670588582677165
11
1.7496809448818897
21
0.466048937007874
0
LINE
8
BLACK
6
CONTINUOUS
10
1.7496809448818897
20
0.466048937007874
11
1.7495674409448818
21
0.4659136614173228
0
LINE
8
BLACK
6
CONTINUOUS
10
1.7495674409448818
20
0.4659136614173228
11
1.7495472834645669
21
0.4657383464566929
0
LINE
8
BLACK
6
CONTINUOUS
10
1.7495472834645669
20
0.4657383464566929
11
1.7476725196850393
21
0.4619888188976378
0
LINE
8
BLACK
6
CONTINUOUS
10
1.7476725196850393
20
0.4619888188976378
11
1.7471465354330709
21
0.4612796850393701
0
LINE
8
BLACK
6
CONTINUOUS
10
1.7471465354330709
20
0.4612796850393701
11
1.7471193700787402
21
0.4612213779527559
0
LINE
8
BLACK
6
CONTINUOUS
10
1.7471193700787402
20
0.4612213779527559
11
1.7452445669291339
21
0.4593466141732284
0
LINE
8
BLACK
6
CONTINUOUS
10
1.7452445669291339
20
0.4593466141732284
11
1.744521496062992
21
0.4588403149606299
0
LINE
8
BLACK
6
CONTINUOUS
10
1.744521496062992
20
0.4588403149606299
11
1.7444772047244095
21
0.4587935433070866
0
LINE
8
BLACK
6
CONTINUOUS
10
1.7444772047244095
20
0.4587935433070866
11
1.7407276771653544
21
0.456918779527559
0
LINE
8
BLACK
6
CONTINUOUS
10
1.7407276771653544
20
0.456918779527559
11
1.7397447244094488
21
0.4566264173228347
0
LINE
8
BLACK
6
CONTINUOUS
10
1.7397447244094488
20
0.4566264173228347
11
1.7395730314960629
21
0.4566674015748031
0
LINE
8
BLACK
6
CONTINUOUS
10
1.7395730314960629
20
0.4566674015748031
11
1.7394071653543306
21
0.4566070472440945
0
LINE
8
BLACK
6
CONTINUOUS
10
1.7394071653543306
20
0.4566070472440945
11
1.7337828740157479
21
0.4566070472440945
0
LINE
8
BLACK
6
CONTINUOUS
10
1.7337828740157479
20
0.4566070472440945
11
1.7327729527559055
21
0.4567851181102362
0
LINE
8
BLACK
6
CONTINUOUS
10
1.7327729527559055
20
0.4567851181102362
11
1.7326376771653542
21
0.4568985826771653
0
LINE
8
BLACK
6
CONTINUOUS
10
1.7326376771653542
20
0.4568985826771653
11
1.7324623622047244
21
0.456918779527559
0
LINE
8
BLACK
6
CONTINUOUS
10
1.7324623622047244
20
0.456918779527559
11
1.7287128346456693
21
0.4587935433070866
0
LINE
8
BLACK
6
CONTINUOUS
10
1.7287128346456693
20
0.4587935433070866
11
1.7280037401574804
21
0.4593194094488189
0
LINE
8
BLACK
6
CONTINUOUS
10
1.7280037401574804
20
0.4593194094488189
11
1.7279454330708661
21
0.4593466535433071
0
LINE
8
BLACK
6
CONTINUOUS
10
1.7279454330708661
20
0.4593466535433071
11
1.7260706692913386
21
0.4612214173228346
0
LINE
8
BLACK
6
CONTINUOUS
10
1.7260706692913386
20
0.4612214173228346
11
1.7254824803149607
21
0.4620614566929134
0
LINE
8
BLACK
6
CONTINUOUS
10
1.7254824803149607
20
0.4620614566929134
11
1.7254808267716535
21
0.4620800393700787
0
LINE
8
BLACK
6
CONTINUOUS
10
1.7254808267716535
20
0.4620800393700787
11
1.7246222047244093
21
0.4612214173228346
0
LINE
8
BLACK
6
CONTINUOUS
10
1.7246222047244093
20
0.4612214173228346
11
1.7238990944881889
21
0.4607151181102362
0
LINE
8
BLACK
6
CONTINUOUS
10
1.7238990944881889
20
0.4607151181102362
11
1.7238548031496062
21
0.4606683070866142
0
LINE
8
BLACK
6
CONTINUOUS
10
1.7238548031496062
20
0.4606683070866142
11
1.720105275590551
21
0.4587935433070866
0
LINE
8
BLACK
6
CONTINUOUS
10
1.720105275590551
20
0.4587935433070866
11
1.7191223228346457
21
0.4585011811023622
0
LINE
8
BLACK
6
CONTINUOUS
10
1.7191223228346457
20
0.4585011811023622
11
1.7189506299212598
21
0.4585421653543307
0
LINE
8
BLACK
6
CONTINUOUS
10
1.7189506299212598
20
0.4585421653543307
11
1.7187847637795275
21
0.458481811023622
0
LINE
8
BLACK
6
CONTINUOUS
10
1.7187847637795275
20
0.458481811023622
11
1.7150352362204724
21
0.458481811023622
0
LINE
8
BLACK
6
CONTINUOUS
10
1.7150352362204724
20
0.458481811023622
11
1.7140253149606299
21
0.4586598818897638
0
LINE
8
BLACK
6
CONTINUOUS
10
1.7140253149606299
20
0.4586598818897638
11
1.7138900393700787
21
0.4587733464566929
0
LINE
8
BLACK
6
CONTINUOUS
10
1.7138900393700787
20
0.4587733464566929
11
1.7137147244094488
21
0.4587935433070866
0
LINE
8
BLACK
6
CONTINUOUS
10
1.7137147244094488
20
0.4587935433070866
11
1.7099651968503937
21
0.4606683070866142
0
LINE
8
BLACK
6
CONTINUOUS
10
1.7099651968503937
20
0.4606683070866142
11
1.7092561023622046
21
0.4611941732283464
0
LINE
8
BLACK
6
CONTINUOUS
10
1.7092561023622046
20
0.4611941732283464
11
1.7091977952755906
21
0.4612214173228346
0
LINE
8
BLACK
6
CONTINUOUS
10
1.7091977952755906
20
0.4612214173228346
11
1.707323031496063
21
0.4630961811023622
0
LINE
8
BLACK
6
CONTINUOUS
10
1.707323031496063
20
0.4630961811023622
11
1.7068167322834644
21
0.4638192519685039
0
LINE
8
BLACK
6
CONTINUOUS
10
1.7068167322834644
20
0.4638192519685039
11
1.7067699212598424
21
0.4638635826771653
0
LINE
8
BLACK
6
CONTINUOUS
10
1.7067699212598424
20
0.4638635826771653
11
1.7048951574803148
21
0.4676131102362205
0
LINE
8
BLACK
6
CONTINUOUS
10
1.7048951574803148
20
0.4676131102362205
11
1.7046027952755904
21
0.468596062992126
0
LINE
8
BLACK
6
CONTINUOUS
10
1.7046027952755904
20
0.468596062992126
11
1.7046437795275591
21
0.4687677165354331
0
LINE
8
BLACK
6
CONTINUOUS
10
1.7046437795275591
20
0.4687677165354331
11
1.7045834251968504
21
0.4689336220472441
0
LINE
8
BLACK
6
CONTINUOUS
10
1.7045834251968504
20
0.4689336220472441
11
1.7045834251968504
21
0.482056968503937
0
LINE
8
BLACK
6
CONTINUOUS
10
1.7045834251968504
20
0.482056968503937
11
1.7046510236220471
21
0.4824404724409448
0
LINE
8
BLACK
6
CONTINUOUS
10
1.7046510236220471
20
0.4824404724409448
11
1.7046282677165354
21
0.4825697244094488
0
LINE
8
BLACK
6
CONTINUOUS
10
1.7046282677165354
20
0.4825697244094488
11
1.7046938582677165
21
0.4826833070866142
0
LINE
8
BLACK
6
CONTINUOUS
10
1.7046938582677165
20
0.4826833070866142
11
1.704761496062992
21
0.4830668897637795
0
LINE
8
BLACK
6
CONTINUOUS
10
1.704761496062992
20
0.4830668897637795
11
1.7052546062992127
21
0.4836545669291338
0
LINE
8
BLACK
6
CONTINUOUS
10
1.7052546062992127
20
0.4836545669291338
11
1.7056381889763779
21
0.4843188976377953
0
LINE
8
BLACK
6
CONTINUOUS
10
1.7056381889763779
20
0.4843188976377953
11
1.7058885039370077
21
0.48441
0
LINE
8
BLACK
6
CONTINUOUS
10
1.7058885039370077
20
0.48441
11
1.7060598031496064
21
0.4846141338582677
0
LINE
8
BLACK
6
CONTINUOUS
10
1.7060598031496064
20
0.4846141338582677
11
1.7068153543307085
21
0.4847473622047244
0
LINE
8
BLACK
6
CONTINUOUS
10
1.7068153543307085
20
0.4847473622047244
11
1.7075361811023622
21
0.4850097244094488
0
LINE
8
BLACK
6
CONTINUOUS
10
1.7075361811023622
20
0.4850097244094488
11
1.7469062598425196
21
0.4850097244094488
0
LINE
8
BLACK
6
CONTINUOUS
10
1.7469062598425196
20
0.4850097244094488
11
1.7472897637795275
21
0.4849420866141732
0
LINE
8
BLACK
6
CONTINUOUS
10
1.7292365748031495
20
0.4694127559055118
11
1.7307393700787401
21
0.4649043307086614
0
LINE
8
BLACK
6
CONTINUOUS
10
1.7307393700787401
20
0.4649043307086614
11
1.7317824409448819
21
0.4638612992125984
0
LINE
8
BLACK
6
CONTINUOUS
10
1.7317824409448819
20
0.4638612992125984
11
1.7344799212598425
21
0.4625125590551181
0
LINE
8
BLACK
6
CONTINUOUS
10
1.7344799212598425
20
0.4625125590551181
11
1.7387101181102362
21
0.4625125590551181
0
LINE
8
BLACK
6
CONTINUOUS
10
1.7387101181102362
20
0.4625125590551181
11
1.7414075984251969
21
0.4638612992125984
0
LINE
8
BLACK
6
CONTINUOUS
10
1.7414075984251969
20
0.4638612992125984
11
1.7426047637795274
21
0.4650584251968504
0
LINE
8
BLACK
6
CONTINUOUS
10
1.7426047637795274
20
0.4650584251968504
11
1.7439535039370078
21
0.467755905511811
0
LINE
8
BLACK
6
CONTINUOUS
10
1.7439535039370078
20
0.467755905511811
11
1.7439535039370078
21
0.4791042125984252
0
LINE
8
BLACK
6
CONTINUOUS
10
1.7439535039370078
20
0.4791042125984252
11
1.7292365748031495
21
0.4791042125984252
0
LINE
8
BLACK
6
CONTINUOUS
10
1.7292365748031495
20
0.4791042125984252
11
1.7292365748031495
21
0.4694127559055118
0
LINE
8
BLACK
6
CONTINUOUS
10
1.710488937007874
20
0.4696306692913386
11
1.7118376771653543
21
0.4669331889763779
0
LINE
8
BLACK
6
CONTINUOUS
10
1.7118376771653543
20
0.4669331889763779
11
1.7130348031496063
21
0.465736062992126
0
LINE
8
BLACK
6
CONTINUOUS
10
1.7130348031496063
20
0.465736062992126
11
1.715732283464567
21
0.4643873228346457
0
LINE
8
BLACK
6
CONTINUOUS
10
1.715732283464567
20
0.4643873228346457
11
1.7180877165354331
21
0.4643873228346457
0
LINE
8
BLACK
6
CONTINUOUS
10
1.7180877165354331
20
0.4643873228346457
11
1.7207851968503938
21
0.465736062992126
0
LINE
8
BLACK
6
CONTINUOUS
10
1.7207851968503938
20
0.465736062992126
11
1.7219823228346456
21
0.4669331889763779
0
LINE
8
BLACK
6
CONTINUOUS
10
1.7219823228346456
20
0.4669331889763779
11
1.7233310629921259
21
0.4696306692913386
0
LINE
8
BLACK
6
CONTINUOUS
10
1.7233310629921259
20
0.4696306692913386
11
1.7233310629921259
21
0.4791042125984252
0
LINE
8
BLACK
6
CONTINUOUS
10
1.7233310629921259
20
0.4791042125984252
11
1.710488937007874
21
0.4791042125984252
0
LINE
8
BLACK
6
CONTINUOUS
10
1.710488937007874
20
0.4791042125984252
11
1.710488937007874
21
0.4696306692913386
0
LINE
8
BLACK
6
CONTINUOUS
10
1.492449842519685
20
1.480693937007874
11
1.4931417322834646
21
1.4790236220472441
0
LINE
8
BLACK
6
CONTINUOUS
10
1.4931417322834646
20
1.4790236220472441
11
1.4931417322834646
21
1.363120748031496
0
LINE
8
BLACK
6
CONTINUOUS
10
1.4931417322834646
20
1.363120748031496
11
1.5013655118110236
21
1.3625817322834646
0
LINE
8
BLACK
6
CONTINUOUS
10
1.5013655118110236
20
1.3625817322834646
11
1.5117703543307086
21
1.3605120866141731
0
LINE
8
BLACK
6
CONTINUOUS
10
1.5117703543307086
20
1.3605120866141731
11
1.521816062992126
21
1.3571020472440944
0
LINE
8
BLACK
6
CONTINUOUS
10
1.521816062992126
20
1.3571020472440944
11
1.5313307086614172
21
1.3524099212598424
0
LINE
8
BLACK
6
CONTINUOUS
10
1.5313307086614172
20
1.3524099212598424
11
1.5401515354330708
21
1.346516062992126
0
LINE
8
BLACK
6
CONTINUOUS
10
1.5401515354330708
20
1.346516062992126
11
1.548127559055118
21
1.3395212598425197
0
LINE
8
BLACK
6
CONTINUOUS
10
1.548127559055118
20
1.3395212598425197
11
1.5551223622047243
21
1.3315452362204725
0
LINE
8
BLACK
6
CONTINUOUS
10
1.5551223622047243
20
1.3315452362204725
11
1.5610162204724409
21
1.3227244094488189
0
LINE
8
BLACK
6
CONTINUOUS
10
1.5610162204724409
20
1.3227244094488189
11
1.5657083464566928
21
1.3132097637795275
0
LINE
8
BLACK
6
CONTINUOUS
10
1.5657083464566928
20
1.3132097637795275
11
1.5691183858267717
21
1.3031640551181103
0
LINE
8
BLACK
6
CONTINUOUS
10
1.5691183858267717
20
1.3031640551181103
11
1.5711880314960629
21
1.2927592125984251
0
LINE
8
BLACK
6
CONTINUOUS
10
1.5711880314960629
20
1.2927592125984251
11
1.5718818897637794
21
1.2821732283464566
0
LINE
8
BLACK
6
CONTINUOUS
10
1.5718818897637794
20
1.2821732283464566
11
1.5718818897637794
21
0.8884724409448819
0
LINE
8
BLACK
6
CONTINUOUS
10
1.5718818897637794
20
0.8884724409448819
11
1.5711880314960629
21
0.8778864566929133
0
LINE
8
BLACK
6
CONTINUOUS
10
1.5711880314960629
20
0.8778864566929133
11
1.5691183858267717
21
0.8674816141732283
0
LINE
8
BLACK
6
CONTINUOUS
10
1.5691183858267717
20
0.8674816141732283
11
1.5657083464566928
21
0.857435905511811
0
LINE
8
BLACK
6
CONTINUOUS
10
1.5657083464566928
20
0.857435905511811
11
1.5610162204724409
21
0.8479212598425196
0
LINE
8
BLACK
6
CONTINUOUS
10
1.5610162204724409
20
0.8479212598425196
11
1.5551223622047243
21
0.8391004330708661
0
LINE
8
BLACK
6
CONTINUOUS
10
1.5551223622047243
20
0.8391004330708661
11
1.548127559055118
21
0.8311244094488188
0
LINE
8
BLACK
6
CONTINUOUS
10
1.548127559055118
20
0.8311244094488188
11
1.5401515354330708
21
0.8241296062992126
0
LINE
8
BLACK
6
CONTINUOUS
10
1.5401515354330708
20
0.8241296062992126
11
1.5313307086614172
21
0.818235748031496
0
LINE
8
BLACK
6
CONTINUOUS
10
1.5313307086614172
20
0.818235748031496
11
1.521816062992126
21
0.8135436220472441
0
LINE
8
BLACK
6
CONTINUOUS
10
1.521816062992126
20
0.8135436220472441
11
1.5117703543307086
21
0.8101335826771653
0
LINE
8
BLACK
6
CONTINUOUS
10
1.5117703543307086
20
0.8101335826771653
11
1.5013655118110236
21
0.808063937007874
0
LINE
8
BLACK
6
CONTINUOUS
10
1.5013655118110236
20
0.808063937007874
11
1.4907795275590552
21
0.8073700787401574
0
LINE
8
BLACK
6
CONTINUOUS
10
1.4907795275590552
20
0.8073700787401574
11
1.4893910629921259
21
0.807821220472441
0
LINE
8
BLACK
6
CONTINUOUS
10
1.4893910629921259
20
0.807821220472441
11
1.4885329527559055
21
0.8090023228346457
0
LINE
8
BLACK
6
CONTINUOUS
10
1.4885329527559055
20
0.8090023228346457
11
1.4885329527559055
21
0.8104622440944882
0
LINE
8
BLACK
6
CONTINUOUS
10
1.4885329527559055
20
0.8104622440944882
11
1.4893910629921259
21
0.8116433464566929
0
LINE
8
BLACK
6
CONTINUOUS
10
1.4893910629921259
20
0.8116433464566929
11
1.4907795275590552
21
0.8120944881889763
0
LINE
8
BLACK
6
CONTINUOUS
10
1.4907795275590552
20
0.8120944881889763
11
1.495785590551181
21
0.8120944881889763
0
LINE
8
BLACK
6
CONTINUOUS
10
1.495785590551181
20
0.8120944881889763
11
1.5057120866141731
21
0.8134013385826772
0
LINE
8
BLACK
6
CONTINUOUS
10
1.5057120866141731
20
0.8134013385826772
11
1.5153831102362205
21
0.8159926377952755
0
LINE
8
BLACK
6
CONTINUOUS
10
1.5153831102362205
20
0.8159926377952755
11
1.5246331102362205
21
0.8198241338582677
0
LINE
8
BLACK
6
CONTINUOUS
10
1.5246331102362205
20
0.8198241338582677
11
1.5333038976377953
21
0.8248302362204725
0
LINE
8
BLACK
6
CONTINUOUS
10
1.5333038976377953
20
0.8248302362204725
11
1.5412470866141732
21
0.8309252362204724
0
LINE
8
BLACK
6
CONTINUOUS
10
1.5412470866141732
20
0.8309252362204724
11
1.5483267322834646
21
0.8380048818897637
0
LINE
8
BLACK
6
CONTINUOUS
10
1.5483267322834646
20
0.8380048818897637
11
1.5544217322834646
21
0.8459480708661418
0
LINE
8
BLACK
6
CONTINUOUS
10
1.5544217322834646
20
0.8459480708661418
11
1.5594278346456694
21
0.8546188582677166
0
LINE
8
BLACK
6
CONTINUOUS
10
1.5594278346456694
20
0.8546188582677166
11
1.5632593307086613
21
0.8638688582677165
0
LINE
8
BLACK
6
CONTINUOUS
10
1.5632593307086613
20
0.8638688582677165
11
1.5658506299212598
21
0.8735398818897637
0
LINE
8
BLACK
6
CONTINUOUS
10
1.5658506299212598
20
0.8735398818897637
11
1.5671574803149606
21
0.8834663779527558
0
LINE
8
BLACK
6
CONTINUOUS
10
1.5671574803149606
20
0.8834663779527558
11
1.5671574803149606
21
0.8884724409448819
0
LINE
8
BLACK
6
CONTINUOUS
10
1.5671574803149606
20
0.8884724409448819
11
1.5671574803149606
21
1.2821732283464566
0
LINE
8
BLACK
6
CONTINUOUS
10
1.5671574803149606
20
1.2821732283464566
11
1.5671574803149606
21
1.2871792913385827
0
LINE
8
BLACK
6
CONTINUOUS
10
1.5671574803149606
20
1.2871792913385827
11
1.5658506299212598
21
1.2971057874015748
0
LINE
8
BLACK
6
CONTINUOUS
10
1.5658506299212598
20
1.2971057874015748
11
1.5632593307086613
21
1.306776811023622
0
LINE
8
BLACK
6
CONTINUOUS
10
1.5632593307086613
20
1.306776811023622
11
1.5594278346456694
21
1.316026811023622
0
LINE
8
BLACK
6
CONTINUOUS
10
1.5594278346456694
20
1.316026811023622
11
1.5544217322834646
21
1.3246975984251967
0
LINE
8
BLACK
6
CONTINUOUS
10
1.5544217322834646
20
1.3246975984251967
11
1.5483267322834646
21
1.3326407874015749
0
LINE
8
BLACK
6
CONTINUOUS
10
1.5483267322834646
20
1.3326407874015749
11
1.5412470866141732
21
1.3397204330708661
0
LINE
8
BLACK
6
CONTINUOUS
10
1.5412470866141732
20
1.3397204330708661
11
1.5333038976377953
21
1.345815433070866
0
LINE
8
BLACK
6
CONTINUOUS
10
1.5333038976377953
20
1.345815433070866
11
1.5246331102362205
21
1.3508215354330708
0
LINE
8
BLACK
6
CONTINUOUS
10
1.5246331102362205
20
1.3508215354330708
11
1.5153831102362205
21
1.354653031496063
0
LINE
8
BLACK
6
CONTINUOUS
10
1.5153831102362205
20
1.354653031496063
11
1.5057120866141731
21
1.3572443307086615
0
LINE
8
BLACK
6
CONTINUOUS
10
1.5057120866141731
20
1.3572443307086615
11
1.495785590551181
21
1.3585511811023623
0
LINE
8
BLACK
6
CONTINUOUS
10
1.495785590551181
20
1.3585511811023623
11
1.4907795275590552
21
1.3585511811023623
0
LINE
8
BLACK
6
CONTINUOUS
10
1.4907795275590552
20
1.3585511811023623
11
1.4893910629921259
21
1.3590023228346457
0
LINE
8
BLACK
6
CONTINUOUS
10
1.4893910629921259
20
1.3590023228346457
11
1.4892621653543308
21
1.35917968503937
0
LINE
8
BLACK
6
CONTINUOUS
10
1.4892621653543308
20
1.35917968503937
11
1.4891092125984251
21
1.3592430708661416
0
LINE
8
BLACK
6
CONTINUOUS
10
1.4891092125984251
20
1.3592430708661416
11
1.4889673622047244
21
1.3595854724409449
0
LINE
8
BLACK
6
CONTINUOUS
10
1.4889673622047244
20
1.3595854724409449
11
1.4885329527559055
21
1.3601834251968503
0
LINE
8
BLACK
6
CONTINUOUS
10
1.4885329527559055
20
1.3601834251968503
11
1.4885329527559055
21
1.3606342125984252
0
LINE
8
BLACK
6
CONTINUOUS
10
1.4885329527559055
20
1.3606342125984252
11
1.4884173228346456
21
1.3609133858267717
0
LINE
8
BLACK
6
CONTINUOUS
10
1.4884173228346456
20
1.3609133858267717
11
1.4884173228346456
21
1.4790236220472441
0
LINE
8
BLACK
6
CONTINUOUS
10
1.4884173228346456
20
1.4790236220472441
11
1.4891092125984251
21
1.480693937007874
0
LINE
8
BLACK
6
CONTINUOUS
10
1.4891092125984251
20
1.480693937007874
11
1.4907795275590552
21
1.4813858267716535
0
LINE
8
BLACK
6
CONTINUOUS
10
1.4907795275590552
20
1.4813858267716535
11
1.492449842519685
21
1.480693937007874
0
LINE
8
BLACK
6
CONTINUOUS
10
1.9648907874015749
20
1.480693937007874
11
1.9655826771653542
21
1.4790236220472441
0
LINE
8
BLACK
6
CONTINUOUS
10
1.9655826771653542
20
1.4790236220472441
11
1.9655826771653542
21
1.3609133858267717
0
LINE
8
BLACK
6
CONTINUOUS
10
1.9655826771653542
20
1.3609133858267717
11
1.9654670472440945
21
1.3606342125984252
0
LINE
8
BLACK
6
CONTINUOUS
10
1.9654670472440945
20
1.3606342125984252
11
1.9654670472440945
21
1.3601834251968503
0
LINE
8
BLACK
6
CONTINUOUS
10
1.9654670472440945
20
1.3601834251968503
11
1.9650325984251968
21
1.3595854724409449
0
LINE
8
BLACK
6
CONTINUOUS
10
1.9650325984251968
20
1.3595854724409449
11
1.9648907874015749
21
1.3592430708661416
0
LINE
8
BLACK
6
CONTINUOUS
10
1.9648907874015749
20
1.3592430708661416
11
1.9647377952755904
21
1.35917968503937
0
LINE
8
BLACK
6
CONTINUOUS
10
1.9647377952755904
20
1.35917968503937
11
1.9646089370078739
21
1.3590023228346457
0
LINE
8
BLACK
6
CONTINUOUS
10
1.9646089370078739
20
1.3590023228346457
11
1.9632204724409448
21
1.3585511811023623
0
LINE
8
BLACK
6
CONTINUOUS
10
1.9632204724409448
20
1.3585511811023623
11
1.9582144094488187
21
1.3585511811023623
0
LINE
8
BLACK
6
CONTINUOUS
10
1.9582144094488187
20
1.3585511811023623
11
1.9482879133858266
21
1.3572443307086615
0
LINE
8
BLACK
6
CONTINUOUS
10
1.9482879133858266
20
1.3572443307086615
11
1.9386168897637794
21
1.354653031496063
0
LINE
8
BLACK
6
CONTINUOUS
10
1.9386168897637794
20
1.354653031496063
11
1.9293668897637795
21
1.3508215354330708
0
LINE
8
BLACK
6
CONTINUOUS
10
1.9293668897637795
20
1.3508215354330708
11
1.9206961023622047
21
1.345815433070866
0
LINE
8
BLACK
6
CONTINUOUS
10
1.9206961023622047
20
1.345815433070866
11
1.9127529133858268
21
1.3397204330708661
0
LINE
8
BLACK
6
CONTINUOUS
10
1.9127529133858268
20
1.3397204330708661
11
1.9056732677165353
21
1.3326407874015749
0
LINE
8
BLACK
6
CONTINUOUS
10
1.9056732677165353
20
1.3326407874015749
11
1.8995782677165354
21
1.3246975984251967
0
LINE
8
BLACK
6
CONTINUOUS
10
1.8995782677165354
20
1.3246975984251967
11
1.8945721653543306
21
1.316026811023622
0
LINE
8
BLACK
6
CONTINUOUS
10
1.8945721653543306
20
1.316026811023622
11
1.8907406692913384
21
1.306776811023622
0
LINE
8
BLACK
6
CONTINUOUS
10
1.8907406692913384
20
1.306776811023622
11
1.8881493700787402
21
1.2971057874015748
0
LINE
8
BLACK
6
CONTINUOUS
10
1.8881493700787402
20
1.2971057874015748
11
1.8868425196850394
21
1.2871792913385827
0
LINE
8
BLACK
6
CONTINUOUS
10
1.8868425196850394
20
1.2871792913385827
11
1.8868425196850394
21
1.2821732283464566
0
LINE
8
BLACK
6
CONTINUOUS
10
1.8868425196850394
20
1.2821732283464566
11
1.8868425196850394
21
0.8884724409448819
0
LINE
8
BLACK
6
CONTINUOUS
10
1.8868425196850394
20
0.8884724409448819
11
1.8868425196850394
21
0.8834663779527558
0
LINE
8
BLACK
6
CONTINUOUS
10
1.8868425196850394
20
0.8834663779527558
11
1.8881493700787402
21
0.8735398818897637
0
LINE
8
BLACK
6
CONTINUOUS
10
1.8881493700787402
20
0.8735398818897637
11
1.8907406692913384
21
0.8638688582677165
0
LINE
8
BLACK
6
CONTINUOUS
10
1.8907406692913384
20
0.8638688582677165
11
1.8945721653543306
21
0.8546188582677166
0
LINE
8
BLACK
6
CONTINUOUS
10
1.8945721653543306
20
0.8546188582677166
11
1.8995782677165354
21
0.8459480708661418
0
LINE
8
BLACK
6
CONTINUOUS
10
1.8995782677165354
20
0.8459480708661418
11
1.9056732677165353
21
0.8380048818897637
0
LINE
8
BLACK
6
CONTINUOUS
10
1.9056732677165353
20
0.8380048818897637
11
1.9127529133858268
21
0.8309252362204724
0
LINE
8
BLACK
6
CONTINUOUS
10
1.9127529133858268
20
0.8309252362204724
11
1.9206961023622047
21
0.8248302362204725
0
LINE
8
BLACK
6
CONTINUOUS
10
1.9206961023622047
20
0.8248302362204725
11
1.9293668897637795
21
0.8198241338582677
0
LINE
8
BLACK
6
CONTINUOUS
10
1.9293668897637795
20
0.8198241338582677
11
1.9386168897637794
21
0.8159926377952755
0
LINE
8
BLACK
6
CONTINUOUS
10
1.9386168897637794
20
0.8159926377952755
11
1.9482879133858266
21
0.8134013385826772
0
LINE
8
BLACK
6
CONTINUOUS
10
1.9482879133858266
20
0.8134013385826772
11
1.9582144094488187
21
0.8120944881889763
0
LINE
8
BLACK
6
CONTINUOUS
10
1.9582144094488187
20
0.8120944881889763
11
1.9632204724409448
21
0.8120944881889763
0
LINE
8
BLACK
6
CONTINUOUS
10
1.9632204724409448
20
0.8120944881889763
11
1.9646089370078739
21
0.8116433464566929
0
LINE
8
BLACK
6
CONTINUOUS
10
1.9646089370078739
20
0.8116433464566929
11
1.9654670472440945
21
0.8104622440944882
0
LINE
8
BLACK
6
CONTINUOUS
10
1.9654670472440945
20
0.8104622440944882
11
1.9654670472440945
21
0.8090023228346457
0
LINE
8
BLACK
6
CONTINUOUS
10
1.9654670472440945
20
0.8090023228346457
11
1.9646089370078739
21
0.807821220472441
0
LINE
8
BLACK
6
CONTINUOUS
10
1.9646089370078739
20
0.807821220472441
11
1.9632204724409448
21
0.8073700787401574
0
LINE
8
BLACK
6
CONTINUOUS
10
1.9632204724409448
20
0.8073700787401574
11
1.9526344881889763
21
0.808063937007874
0
LINE
8
BLACK
6
CONTINUOUS
10
1.9526344881889763
20
0.808063937007874
11
1.9422296456692913
21
0.8101335826771653
0
LINE
8
BLACK
6
CONTINUOUS
10
1.9422296456692913
20
0.8101335826771653
11
1.9321839370078739
21
0.8135436220472441
0
LINE
8
BLACK
6
CONTINUOUS
10
1.9321839370078739
20
0.8135436220472441
11
1.9226692913385826
21
0.818235748031496
0
LINE
8
BLACK
6
CONTINUOUS
10
1.9226692913385826
20
0.818235748031496
11
1.9138484645669291
21
0.8241296062992126
0
LINE
8
BLACK
6
CONTINUOUS
10
1.9138484645669291
20
0.8241296062992126
11
1.905872440944882
21
0.8311244094488188
0
LINE
8
BLACK
6
CONTINUOUS
10
1.905872440944882
20
0.8311244094488188
11
1.8988776377952756
21
0.8391004330708661
0
LINE
8
BLACK
6
CONTINUOUS
10
1.8988776377952756
20
0.8391004330708661
11
1.892983779527559
21
0.8479212598425196
0
LINE
8
BLACK
6
CONTINUOUS
10
1.892983779527559
20
0.8479212598425196
11
1.888291653543307
21
0.857435905511811
0
LINE
8
BLACK
6
CONTINUOUS
10
1.888291653543307
20
0.857435905511811
11
1.8848816141732283
21
0.8674816141732283
0
LINE
8
BLACK
6
CONTINUOUS
10
1.8848816141732283
20
0.8674816141732283
11
1.8828119685039371
21
0.8778864566929133
0
LINE
8
BLACK
6
CONTINUOUS
10
1.8828119685039371
20
0.8778864566929133
11
1.8821181102362203
21
0.8884724409448819
0
LINE
8
BLACK
6
CONTINUOUS
10
1.8821181102362203
20
0.8884724409448819
11
1.8821181102362203
21
1.2821732283464566
0
LINE
8
BLACK
6
CONTINUOUS
10
1.8821181102362203
20
1.2821732283464566
11
1.8828119685039371
21
1.2927592125984251
0
LINE
8
BLACK
6
CONTINUOUS
10
1.8828119685039371
20
1.2927592125984251
11
1.8848816141732283
21
1.3031640551181103
0
LINE
8
BLACK
6
CONTINUOUS
10
1.8848816141732283
20
1.3031640551181103
11
1.888291653543307
21
1.3132097637795275
0
LINE
8
BLACK
6
CONTINUOUS
10
1.888291653543307
20
1.3132097637795275
11
1.892983779527559
21
1.3227244094488189
0
LINE
8
BLACK
6
CONTINUOUS
10
1.892983779527559
20
1.3227244094488189
11
1.8988776377952756
21
1.3315452362204725
0
LINE
8
BLACK
6
CONTINUOUS
10
1.8988776377952756
20
1.3315452362204725
11
1.905872440944882
21
1.3395212598425197
0
LINE
8
BLACK
6
CONTINUOUS
10
1.905872440944882
20
1.3395212598425197
11
1.9138484645669291
21
1.346516062992126
0
LINE
8
BLACK
6
CONTINUOUS
10
1.9138484645669291
20
1.346516062992126
11
1.9226692913385826
21
1.3524099212598424
0
LINE
8
BLACK
6
CONTINUOUS
10
1.9226692913385826
20
1.3524099212598424
11
1.9321839370078739
21
1.3571020472440944
0
LINE
8
BLACK
6
CONTINUOUS
10
1.9321839370078739
20
1.3571020472440944
11
1.9422296456692913
21
1.3605120866141731
0
LINE
8
BLACK
6
CONTINUOUS
10
1.9422296456692913
20
1.3605120866141731
11
1.9526344881889763
21
1.3625817322834646
0
LINE
8
BLACK
6
CONTINUOUS
10
1.9526344881889763
20
1.3625817322834646
11
1.9608582677165354
21
1.363120748031496
0
LINE
8
BLACK
6
CONTINUOUS
10
1.9608582677165354
20
1.363120748031496
11
1.9608582677165354
21
1.4790236220472441
0
LINE
8
BLACK
6
CONTINUOUS
10
1.9608582677165354
20
1.4790236220472441
11
1.9615501574803149
21
1.480693937007874
0
LINE
8
BLACK
6
CONTINUOUS
10
1.9615501574803149
20
1.480693937007874
11
1.9632204724409448
21
1.4813858267716535
0
LINE
8
BLACK
6
CONTINUOUS
10
1.9632204724409448
20
1.4813858267716535
11
1.9648907874015749
21
1.480693937007874
0
LINE
8
BLACK
6
CONTINUOUS
10
1.7680403937007874
20
1.2444734645669291
11
1.7687322834645669
21
1.2428031496062992
0
LINE
8
BLACK
6
CONTINUOUS
10
1.7687322834645669
20
1.2428031496062992
11
1.7680403937007874
21
1.2411328346456694
0
LINE
8
BLACK
6
CONTINUOUS
10
1.7680403937007874
20
1.2411328346456694
11
1.7663700787401575
21
1.2404409448818898
0
LINE
8
BLACK
6
CONTINUOUS
10
1.7663700787401575
20
1.2404409448818898
11
1.6876299212598425
21
1.2404409448818898
0
LINE
8
BLACK
6
CONTINUOUS
10
1.6876299212598425
20
1.2404409448818898
11
1.6859596062992126
21
1.2411328346456694
0
LINE
8
BLACK
6
CONTINUOUS
10
1.6859596062992126
20
1.2411328346456694
11
1.6852677165354331
21
1.2428031496062992
0
LINE
8
BLACK
6
CONTINUOUS
10
1.6852677165354331
20
1.2428031496062992
11
1.6859596062992126
21
1.2444734645669291
0
LINE
8
BLACK
6
CONTINUOUS
10
1.6859596062992126
20
1.2444734645669291
11
1.6876299212598425
21
1.2451653543307086
0
LINE
8
BLACK
6
CONTINUOUS
10
1.6876299212598425
20
1.2451653543307086
11
1.7663700787401575
21
1.2451653543307086
0
LINE
8
BLACK
6
CONTINUOUS
10
1.7663700787401575
20
1.2451653543307086
11
1.7680403937007874
21
1.2444734645669291
0
LINE
8
BLACK
6
CONTINUOUS
10
1.8074104724409448
20
1.2838435433070865
11
1.8081023622047243
21
1.2821732283464566
0
LINE
8
BLACK
6
CONTINUOUS
10
1.8081023622047243
20
1.2821732283464566
11
1.8074104724409448
21
1.2805029133858268
0
LINE
8
BLACK
6
CONTINUOUS
10
1.8074104724409448
20
1.2805029133858268
11
1.8057401574803149
21
1.2798110236220472
0
LINE
8
BLACK
6
CONTINUOUS
10
1.8057401574803149
20
1.2798110236220472
11
1.648259842519685
21
1.2798110236220472
0
LINE
8
BLACK
6
CONTINUOUS
10
1.648259842519685
20
1.2798110236220472
11
1.6465895275590552
21
1.2805029133858268
0
LINE
8
BLACK
6
CONTINUOUS
10
1.6465895275590552
20
1.2805029133858268
11
1.6458976377952756
21
1.2821732283464566
0
LINE
8
BLACK
6
CONTINUOUS
10
1.6458976377952756
20
1.2821732283464566
11
1.6465895275590552
21
1.2838435433070865
0
LINE
8
BLACK
6
CONTINUOUS
10
1.6465895275590552
20
1.2838435433070865
11
1.648259842519685
21
1.284535433070866
0
LINE
8
BLACK
6
CONTINUOUS
10
1.648259842519685
20
1.284535433070866
11
1.8057401574803149
21
1.284535433070866
0
LINE
8
BLACK
6
CONTINUOUS
10
1.8057401574803149
20
1.284535433070866
11
1.8074104724409448
21
1.2838435433070865
0
LINE
8
BLACK
6
CONTINUOUS
10
1.8467805511811024
20
1.3232136220472441
11
1.8474724409448819
21
1.321543307086614
0
LINE
8
BLACK
6
CONTINUOUS
10
1.8474724409448819
20
1.321543307086614
11
1.8467805511811024
21
1.3198729921259842
0
LINE
8
BLACK
6
CONTINUOUS
10
1.8467805511811024
20
1.3198729921259842
11
1.8451102362204723
21
1.3191811023622046
0
LINE
8
BLACK
6
CONTINUOUS
10
1.8451102362204723
20
1.3191811023622046
11
1.6088897637795274
21
1.3191811023622046
0
LINE
8
BLACK
6
CONTINUOUS
10
1.6088897637795274
20
1.3191811023622046
11
1.6072194488188976
21
1.3198729921259842
0
LINE
8
BLACK
6
CONTINUOUS
10
1.6072194488188976
20
1.3198729921259842
11
1.606527559055118
21
1.321543307086614
0
LINE
8
BLACK
6
CONTINUOUS
10
1.606527559055118
20
1.321543307086614
11
1.6072194488188976
21
1.3232136220472441
0
LINE
8
BLACK
6
CONTINUOUS
10
1.6072194488188976
20
1.3232136220472441
11
1.6088897637795274
21
1.3239055118110237
0
LINE
8
BLACK
6
CONTINUOUS
10
1.6088897637795274
20
1.3239055118110237
11
1.8451102362204723
21
1.3239055118110237
0
LINE
8
BLACK
6
CONTINUOUS
10
1.8451102362204723
20
1.3239055118110237
11
1.8467805511811024
21
1.3232136220472441
0
LINE
8
BLACK
6
CONTINUOUS
10
1.8861506299212598
20
1.3625837007874015
11
1.8868425196850394
21
1.3609133858267717
0
LINE
8
BLACK
6
CONTINUOUS
10
1.8868425196850394
20
1.3609133858267717
11
1.8861506299212598
21
1.3592430708661416
0
LINE
8
BLACK
6
CONTINUOUS
10
1.8861506299212598
20
1.3592430708661416
11
1.88448031496063
21
1.3585511811023623
0
LINE
8
BLACK
6
CONTINUOUS
10
1.88448031496063
20
1.3585511811023623
11
1.56951968503937
21
1.3585511811023623
0
LINE
8
BLACK
6
CONTINUOUS
10
1.56951968503937
20
1.3585511811023623
11
1.5678493700787401
21
1.3592430708661416
0
LINE
8
BLACK
6
CONTINUOUS
10
1.5678493700787401
20
1.3592430708661416
11
1.5671574803149606
21
1.3609133858267717
0
LINE
8
BLACK
6
CONTINUOUS
10
1.5671574803149606
20
1.3609133858267717
11
1.5678493700787401
21
1.3625837007874015
0
LINE
8
BLACK
6
CONTINUOUS
10
1.5678493700787401
20
1.3625837007874015
11
1.56951968503937
21
1.3632755905511811
0
LINE
8
BLACK
6
CONTINUOUS
10
1.56951968503937
20
1.3632755905511811
11
1.88448031496063
21
1.3632755905511811
0
LINE
8
BLACK
6
CONTINUOUS
10
1.88448031496063
20
1.3632755905511811
11
1.8861506299212598
21
1.3625837007874015
0
LINE
8
BLACK
6
CONTINUOUS
10
1.9828740157480313
20
1.5070866141732284
11
1.9845443307086614
21
1.5063947244094489
0
LINE
8
BLACK
6
CONTINUOUS
10
1.9845443307086614
20
1.5063947244094489
11
1.985236220472441
21
1.5047244094488188
0
LINE
8
BLACK
6
CONTINUOUS
10
1.985236220472441
20
1.5047244094488188
11
1.985236220472441
21
0.0952755905511811
0
LINE
8
BLACK
6
CONTINUOUS
10
1.985236220472441
20
0.0952755905511811
11
1.9845443307086614
21
0.0936052755905512
0
LINE
8
BLACK
6
CONTINUOUS
10
1.9845443307086614
20
0.0936052755905512
11
1.9828740157480313
21
0.0929133858267717
0
LINE
8
BLACK
6
CONTINUOUS
10
1.9828740157480313
20
0.0929133858267717
11
1.9645826771653543
21
0.0929133858267717
0
LINE
8
BLACK
6
CONTINUOUS
10
1.9645826771653543
20
0.0929133858267717
11
1.9645826771653543
21
0.092259842519685
0
LINE
8
BLACK
6
CONTINUOUS
10
1.9645826771653543
20
0.092259842519685
11
1.9638907874015747
21
0.0905895275590551
0
LINE
8
BLACK
6
CONTINUOUS
10
1.9638907874015747
20
0.0905895275590551
11
1.9622204724409449
21
0.0898976377952756
0
LINE
8
BLACK
6
CONTINUOUS
10
1.9622204724409449
20
0.0898976377952756
11
1.960550157480315
21
0.0905895275590551
0
LINE
8
BLACK
6
CONTINUOUS
10
1.960550157480315
20
0.0905895275590551
11
1.9598582677165355
21
0.092259842519685
0
LINE
8
BLACK
6
CONTINUOUS
10
1.9598582677165355
20
0.092259842519685
11
1.9598582677165355
21
0.0929133858267717
0
LINE
8
BLACK
6
CONTINUOUS
10
1.9598582677165355
20
0.0929133858267717
11
1.8071023622047244
21
0.0929133858267717
0
LINE
8
BLACK
6
CONTINUOUS
10
1.8071023622047244
20
0.0929133858267717
11
1.8071023622047244
21
0.092259842519685
0
LINE
8
BLACK
6
CONTINUOUS
10
1.8071023622047244
20
0.092259842519685
11
1.8064104724409449
21
0.0905895275590551
0
LINE
8
BLACK
6
CONTINUOUS
10
1.8064104724409449
20
0.0905895275590551
11
1.804740157480315
21
0.0898976377952756
0
LINE
8
BLACK
6
CONTINUOUS
10
1.804740157480315
20
0.0898976377952756
11
1.8030698425196849
21
0.0905895275590551
0
LINE
8
BLACK
6
CONTINUOUS
10
1.8030698425196849
20
0.0905895275590551
11
1.8023779527559054
21
0.092259842519685
0
LINE
8
BLACK
6
CONTINUOUS
10
1.8023779527559054
20
0.092259842519685
11
1.8023779527559054
21
0.0929133858267717
0
LINE
8
BLACK
6
CONTINUOUS
10
1.8023779527559054
20
0.0929133858267717
11
1.6496220472440946
21
0.0929133858267717
0
LINE
8
BLACK
6
CONTINUOUS
10
1.6496220472440946
20
0.0929133858267717
11
1.6496220472440946
21
0.092259842519685
0
LINE
8
BLACK
6
CONTINUOUS
10
1.6496220472440946
20
0.092259842519685
11
1.648930157480315
21
0.0905895275590551
0
LINE
8
BLACK
6
CONTINUOUS
10
1.648930157480315
20
0.0905895275590551
11
1.6472598425196849
21
0.0898976377952756
0
LINE
8
BLACK
6
CONTINUOUS
10
1.6472598425196849
20
0.0898976377952756
11
1.6455895275590551
21
0.0905895275590551
0
LINE
8
BLACK
6
CONTINUOUS
10
1.6455895275590551
20
0.0905895275590551
11
1.6448976377952755
21
0.092259842519685
0
LINE
8
BLACK
6
CONTINUOUS
10
1.6448976377952755
20
0.092259842519685
11
1.6448976377952755
21
0.0929133858267717
0
LINE
8
BLACK
6
CONTINUOUS
10
1.6448976377952755
20
0.0929133858267717
11
1.4921417322834645
21
0.0929133858267717
0
LINE
8
BLACK
6
CONTINUOUS
10
1.4921417322834645
20
0.0929133858267717
11
1.4921417322834645
21
0.092259842519685
0
LINE
8
BLACK
6
CONTINUOUS
10
1.4921417322834645
20
0.092259842519685
11
1.4914498425196849
21
0.0905895275590551
0
LINE
8
BLACK
6
CONTINUOUS
10
1.4914498425196849
20
0.0905895275590551
11
1.4897795275590551
21
0.0898976377952756
0
LINE
8
BLACK
6
CONTINUOUS
10
1.4897795275590551
20
0.0898976377952756
11
1.4881092125984252
21
0.0905895275590551
0
LINE
8
BLACK
6
CONTINUOUS
10
1.4881092125984252
20
0.0905895275590551
11
1.4874173228346457
21
0.092259842519685
0
LINE
8
BLACK
6
CONTINUOUS
10
1.4874173228346457
20
0.092259842519685
11
1.4874173228346457
21
0.0929133858267717
0
LINE
8
BLACK
6
CONTINUOUS
10
1.4874173228346457
20
0.0929133858267717
11
1.4690944881889763
21
0.0929133858267717
0
LINE
8
BLACK
6
CONTINUOUS
10
1.4690944881889763
20
0.0929133858267717
11
1.4671259842519684
21
0.0929133858267717
0
LINE
8
BLACK
6
CONTINUOUS
10
1.4671259842519684
20
0.0929133858267717
11
1.4654556692913385
21
0.0936052755905512
0
LINE
8
BLACK
6
CONTINUOUS
10
1.4654556692913385
20
0.0936052755905512
11
1.464763779527559
21
0.0952755905511811
0
LINE
8
BLACK
6
CONTINUOUS
10
1.464763779527559
20
0.0952755905511811
11
1.4654556692913385
21
0.096945905511811
0
LINE
8
BLACK
6
CONTINUOUS
10
1.4654556692913385
20
0.096945905511811
11
1.4667322834645669
21
0.0974746850393701
0
LINE
8
BLACK
6
CONTINUOUS
10
1.4667322834645669
20
0.0974746850393701
11
1.4667322834645669
21
1.5025252755905512
0
LINE
8
BLACK
6
CONTINUOUS
10
1.4667322834645669
20
1.5025252755905512
11
1.4654556692913385
21
1.5030540944881889
0
LINE
8
BLACK
6
CONTINUOUS
10
1.4654556692913385
20
1.5030540944881889
11
1.464763779527559
21
1.5047244094488188
0
LINE
8
BLACK
6
CONTINUOUS
10
1.464763779527559
20
1.5047244094488188
11
1.4654556692913385
21
1.5063947244094489
0
LINE
8
BLACK
6
CONTINUOUS
10
1.4654556692913385
20
1.5063947244094489
11
1.4671259842519684
21
1.5070866141732284
0
LINE
8
BLACK
6
CONTINUOUS
10
1.4671259842519684
20
1.5070866141732284
11
1.9828740157480313
21
1.5070866141732284
0
LINE
8
BLACK
6
CONTINUOUS
10
1.4714566929133859
20
1.5023622047244094
11
1.4714566929133859
21
0.0976377952755905
0
LINE
8
BLACK
6
CONTINUOUS
10
1.4714566929133859
20
0.0976377952755905
11
1.4874173228346457
21
0.0976377952755905
0
LINE
8
BLACK
6
CONTINUOUS
10
1.4874173228346457
20
0.0976377952755905
11
1.4874173228346457
21
0.2103700787401575
0
LINE
8
BLACK
6
CONTINUOUS
10
1.4874173228346457
20
0.2103700787401575
11
1.4875329527559056
21
0.2106492125984252
0
LINE
8
BLACK
6
CONTINUOUS
10
1.4875329527559056
20
0.2106492125984252
11
1.4875329527559056
21
0.2111000393700787
0
LINE
8
BLACK
6
CONTINUOUS
10
1.4875329527559056
20
0.2111000393700787
11
1.4879673622047245
21
0.2116979527559055
0
LINE
8
BLACK
6
CONTINUOUS
10
1.4879673622047245
20
0.2116979527559055
11
1.4881092125984252
21
0.2120403937007874
0
LINE
8
BLACK
6
CONTINUOUS
10
1.4881092125984252
20
0.2120403937007874
11
1.4882621653543306
21
0.2121037401574803
0
LINE
8
BLACK
6
CONTINUOUS
10
1.4882621653543306
20
0.2121037401574803
11
1.488391062992126
21
0.2122811417322835
0
LINE
8
BLACK
6
CONTINUOUS
10
1.488391062992126
20
0.2122811417322835
11
1.4897795275590551
21
0.2127322834645669
0
LINE
8
BLACK
6
CONTINUOUS
10
1.4897795275590551
20
0.2127322834645669
11
1.4947855905511811
21
0.2127322834645669
0
LINE
8
BLACK
6
CONTINUOUS
10
1.4947855905511811
20
0.2127322834645669
11
1.5047120866141732
21
0.2140391338582677
0
LINE
8
BLACK
6
CONTINUOUS
10
1.5047120866141732
20
0.2140391338582677
11
1.5143831102362204
21
0.2166304330708661
0
LINE
8
BLACK
6
CONTINUOUS
10
1.5143831102362204
20
0.2166304330708661
11
1.5236331102362204
21
0.2204619291338583
0
LINE
8
BLACK
6
CONTINUOUS
10
1.5236331102362204
20
0.2204619291338583
11
1.5323038976377952
21
0.225468031496063
0
LINE
8
BLACK
6
CONTINUOUS
10
1.5323038976377952
20
0.225468031496063
11
1.5402470866141731
21
0.231563031496063
0
LINE
8
BLACK
6
CONTINUOUS
10
1.5402470866141731
20
0.231563031496063
11
1.5473267322834645
21
0.2386426771653543
0
LINE
8
BLACK
6
CONTINUOUS
10
1.5473267322834645
20
0.2386426771653543
11
1.5534217322834645
21
0.2465858661417323
0
LINE
8
BLACK
6
CONTINUOUS
10
1.5534217322834645
20
0.2465858661417323
11
1.5584278346456693
21
0.2552566535433071
0
LINE
8
BLACK
6
CONTINUOUS
10
1.5584278346456693
20
0.2552566535433071
11
1.5622593307086614
21
0.2645066535433071
0
LINE
8
BLACK
6
CONTINUOUS
10
1.5622593307086614
20
0.2645066535433071
11
1.5648506299212599
21
0.2741776771653543
0
LINE
8
BLACK
6
CONTINUOUS
10
1.5648506299212599
20
0.2741776771653543
11
1.5661574803149605
21
0.2841041732283465
0
LINE
8
BLACK
6
CONTINUOUS
10
1.5661574803149605
20
0.2841041732283465
11
1.5661574803149605
21
0.2891102362204724
0
LINE
8
BLACK
6
CONTINUOUS
10
1.5661574803149605
20
0.2891102362204724
11
1.5661574803149605
21
0.6828110236220473
0
LINE
8
BLACK
6
CONTINUOUS
10
1.5661574803149605
20
0.6828110236220473
11
1.5661574803149605
21
0.6878170866141732
0
LINE
8
BLACK
6
CONTINUOUS
10
1.5661574803149605
20
0.6878170866141732
11
1.5648506299212599
21
0.6977435826771653
0
LINE
8
BLACK
6
CONTINUOUS
10
1.5648506299212599
20
0.6977435826771653
11
1.5622593307086614
21
0.7074146062992126
0
LINE
8
BLACK
6
CONTINUOUS
10
1.5622593307086614
20
0.7074146062992126
11
1.5584278346456693
21
0.7166646062992126
0
LINE
8
BLACK
6
CONTINUOUS
10
1.5584278346456693
20
0.7166646062992126
11
1.5534217322834645
21
0.7253353937007874
0
LINE
8
BLACK
6
CONTINUOUS
10
1.5534217322834645
20
0.7253353937007874
11
1.5473267322834645
21
0.7332785826771654
0
LINE
8
BLACK
6
CONTINUOUS
10
1.5473267322834645
20
0.7332785826771654
11
1.5402470866141731
21
0.7403582283464567
0
LINE
8
BLACK
6
CONTINUOUS
10
1.5402470866141731
20
0.7403582283464567
11
1.5323038976377952
21
0.7464532283464567
0
LINE
8
BLACK
6
CONTINUOUS
10
1.5323038976377952
20
0.7464532283464567
11
1.5236331102362204
21
0.7514593307086614
0
LINE
8
BLACK
6
CONTINUOUS
10
1.5236331102362204
20
0.7514593307086614
11
1.5143831102362204
21
0.7552908267716535
0
LINE
8
BLACK
6
CONTINUOUS
10
1.5143831102362204
20
0.7552908267716535
11
1.5047120866141732
21
0.757882125984252
0
LINE
8
BLACK
6
CONTINUOUS
10
1.5047120866141732
20
0.757882125984252
11
1.4947855905511811
21
0.7591889763779527
0
LINE
8
BLACK
6
CONTINUOUS
10
1.4947855905511811
20
0.7591889763779527
11
1.4897795275590551
21
0.7591889763779527
0
LINE
8
BLACK
6
CONTINUOUS
10
1.4897795275590551
20
0.7591889763779527
11
1.488391062992126
21
0.7596401181102362
0
LINE
8
BLACK
6
CONTINUOUS
10
1.488391062992126
20
0.7596401181102362
11
1.4875329527559056
21
0.7608212204724409
0
LINE
8
BLACK
6
CONTINUOUS
10
1.4875329527559056
20
0.7608212204724409
11
1.4875329527559056
21
0.7622811417322835
0
LINE
8
BLACK
6
CONTINUOUS
10
1.4875329527559056
20
0.7622811417322835
11
1.488391062992126
21
0.7634622440944882
0
LINE
8
BLACK
6
CONTINUOUS
10
1.488391062992126
20
0.7634622440944882
11
1.4897795275590551
21
0.7639133858267716
0
LINE
8
BLACK
6
CONTINUOUS
10
1.4897795275590551
20
0.7639133858267716
11
1.5003655118110235
21
0.7632195275590551
0
LINE
8
BLACK
6
CONTINUOUS
10
1.5003655118110235
20
0.7632195275590551
11
1.5107703543307087
21
0.7611498818897637
0
LINE
8
BLACK
6
CONTINUOUS
10
1.5107703543307087
20
0.7611498818897637
11
1.5208160629921259
21
0.7577398425196851
0
LINE
8
BLACK
6
CONTINUOUS
10
1.5208160629921259
20
0.7577398425196851
11
1.5303307086614173
21
0.753047716535433
0
LINE
8
BLACK
6
CONTINUOUS
10
1.5303307086614173
20
0.753047716535433
11
1.5391515354330709
21
0.7471538582677165
0
LINE
8
BLACK
6
CONTINUOUS
10
1.5391515354330709
20
0.7471538582677165
11
1.5471275590551181
21
0.7401590551181102
0
LINE
8
BLACK
6
CONTINUOUS
10
1.5471275590551181
20
0.7401590551181102
11
1.5541223622047244
21
0.732183031496063
0
LINE
8
BLACK
6
CONTINUOUS
10
1.5541223622047244
20
0.732183031496063
11
1.5600162204724408
21
0.7233622047244095
0
LINE
8
BLACK
6
CONTINUOUS
10
1.5600162204724408
20
0.7233622047244095
11
1.5647083464566929
21
0.7138475590551181
0
LINE
8
BLACK
6
CONTINUOUS
10
1.5647083464566929
20
0.7138475590551181
11
1.5681183858267715
21
0.7038018503937008
0
LINE
8
BLACK
6
CONTINUOUS
10
1.5681183858267715
20
0.7038018503937008
11
1.570188031496063
21
0.6933970078740157
0
LINE
8
BLACK
6
CONTINUOUS
10
1.570188031496063
20
0.6933970078740157
11
1.5708818897637795
21
0.6828110236220473
0
LINE
8
BLACK
6
CONTINUOUS
10
1.5708818897637795
20
0.6828110236220473
11
1.5708818897637795
21
0.2891102362204724
0
LINE
8
BLACK
6
CONTINUOUS
10
1.5708818897637795
20
0.2891102362204724
11
1.570188031496063
21
0.2785242519685039
0
LINE
8
BLACK
6
CONTINUOUS
10
1.570188031496063
20
0.2785242519685039
11
1.5681183858267715
21
0.2681194094488189
0
LINE
8
BLACK
6
CONTINUOUS
10
1.5681183858267715
20
0.2681194094488189
11
1.5647083464566929
21
0.2580737007874015
0
LINE
8
BLACK
6
CONTINUOUS
10
1.5647083464566929
20
0.2580737007874015
11
1.5600162204724408
21
0.2485590551181102
0
LINE
8
BLACK
6
CONTINUOUS
10
1.5600162204724408
20
0.2485590551181102
11
1.5541223622047244
21
0.2397382283464567
0
LINE
8
BLACK
6
CONTINUOUS
10
1.5541223622047244
20
0.2397382283464567
11
1.5471275590551181
21
0.2317622047244094
0
LINE
8
BLACK
6
CONTINUOUS
10
1.5471275590551181
20
0.2317622047244094
11
1.5391515354330709
21
0.2247674015748032
0
LINE
8
BLACK
6
CONTINUOUS
10
1.5391515354330709
20
0.2247674015748032
11
1.5303307086614173
21
0.2188735433070866
0
LINE
8
BLACK
6
CONTINUOUS
10
1.5303307086614173
20
0.2188735433070866
11
1.5208160629921259
21
0.2141814173228346
0
LINE
8
BLACK
6
CONTINUOUS
10
1.5208160629921259
20
0.2141814173228346
11
1.5107703543307087
21
0.2107713779527559
0
LINE
8
BLACK
6
CONTINUOUS
10
1.5107703543307087
20
0.2107713779527559
11
1.5003655118110235
21
0.2087017322834646
0
LINE
8
BLACK
6
CONTINUOUS
10
1.5003655118110235
20
0.2087017322834646
11
1.4921417322834645
21
0.2081626771653543
0
LINE
8
BLACK
6
CONTINUOUS
10
1.4921417322834645
20
0.2081626771653543
11
1.4921417322834645
21
0.0976377952755905
0
LINE
8
BLACK
6
CONTINUOUS
10
1.4921417322834645
20
0.0976377952755905
11
1.6448976377952755
21
0.0976377952755905
0
LINE
8
BLACK
6
CONTINUOUS
10
1.6448976377952755
20
0.0976377952755905
11
1.6448976377952755
21
0.1316299212598425
0
LINE
8
BLACK
6
CONTINUOUS
10
1.6448976377952755
20
0.1316299212598425
11
1.6455895275590551
21
0.1333002362204724
0
LINE
8
BLACK
6
CONTINUOUS
10
1.6455895275590551
20
0.1333002362204724
11
1.6472598425196849
21
0.133992125984252
0
LINE
8
BLACK
6
CONTINUOUS
10
1.6472598425196849
20
0.133992125984252
11
1.648930157480315
21
0.1333002362204724
0
LINE
8
BLACK
6
CONTINUOUS
10
1.648930157480315
20
0.1333002362204724
11
1.6496220472440946
21
0.1316299212598425
0
LINE
8
BLACK
6
CONTINUOUS
10
1.6496220472440946
20
0.1316299212598425
11
1.6496220472440946
21
0.0976377952755905
0
LINE
8
BLACK
6
CONTINUOUS
10
1.6496220472440946
20
0.0976377952755905
11
1.8023779527559054
21
0.0976377952755905
0
LINE
8
BLACK
6
CONTINUOUS
10
1.8023779527559054
20
0.0976377952755905
11
1.8023779527559054
21
0.1316299212598425
0
LINE
8
BLACK
6
CONTINUOUS
10
1.8023779527559054
20
0.1316299212598425
11
1.8030698425196849
21
0.1333002362204724
0
LINE
8
BLACK
6
CONTINUOUS
10
1.8030698425196849
20
0.1333002362204724
11
1.804740157480315
21
0.133992125984252
0
LINE
8
BLACK
6
CONTINUOUS
10
1.804740157480315
20
0.133992125984252
11
1.8064104724409449
21
0.1333002362204724
0
LINE
8
BLACK
6
CONTINUOUS
10
1.8064104724409449
20
0.1333002362204724
11
1.8071023622047244
21
0.1316299212598425
0
LINE
8
BLACK
6
CONTINUOUS
10
1.8071023622047244
20
0.1316299212598425
11
1.8071023622047244
21
0.0976377952755905
0
LINE
8
BLACK
6
CONTINUOUS
10
1.8071023622047244
20
0.0976377952755905
11
1.9598582677165355
21
0.0976377952755905
0
LINE
8
BLACK
6
CONTINUOUS
10
1.9598582677165355
20
0.0976377952755905
11
1.9598582677165355
21
0.2081626771653543
0
LINE
8
BLACK
6
CONTINUOUS
10
1.9598582677165355
20
0.2081626771653543
11
1.9516344881889762
21
0.2087017322834646
0
LINE
8
BLACK
6
CONTINUOUS
10
1.9516344881889762
20
0.2087017322834646
11
1.9412296456692912
21
0.2107713779527559
0
LINE
8
BLACK
6
CONTINUOUS
10
1.9412296456692912
20
0.2107713779527559
11
1.9311839370078741
21
0.2141814173228346
0
LINE
8
BLACK
6
CONTINUOUS
10
1.9311839370078741
20
0.2141814173228346
11
1.9216692913385827
21
0.2188735433070866
0
LINE
8
BLACK
6
CONTINUOUS
10
1.9216692913385827
20
0.2188735433070866
11
1.912848464566929
21
0.2247674015748032
0
LINE
8
BLACK
6
CONTINUOUS
10
1.912848464566929
20
0.2247674015748032
11
1.9048724409448818
21
0.2317622047244094
0
LINE
8
BLACK
6
CONTINUOUS
10
1.9048724409448818
20
0.2317622047244094
11
1.8978776377952755
21
0.2397382283464567
0
LINE
8
BLACK
6
CONTINUOUS
10
1.8978776377952755
20
0.2397382283464567
11
1.8919837795275589
21
0.2485590551181102
0
LINE
8
BLACK
6
CONTINUOUS
10
1.8919837795275589
20
0.2485590551181102
11
1.8872916535433071
21
0.2580737007874015
0
LINE
8
BLACK
6
CONTINUOUS
10
1.8872916535433071
20
0.2580737007874015
11
1.8838816141732284
21
0.2681194094488189
0
LINE
8
BLACK
6
CONTINUOUS
10
1.8838816141732284
20
0.2681194094488189
11
1.8818119685039369
21
0.2785242519685039
0
LINE
8
BLACK
6
CONTINUOUS
10
1.8818119685039369
20
0.2785242519685039
11
1.8811181102362204
21
0.2891102362204724
0
LINE
8
BLACK
6
CONTINUOUS
10
1.8811181102362204
20
0.2891102362204724
11
1.8811181102362204
21
0.6828110236220473
0
LINE
8
BLACK
6
CONTINUOUS
10
1.8811181102362204
20
0.6828110236220473
11
1.8818119685039369
21
0.6933970078740157
0
LINE
8
BLACK
6
CONTINUOUS
10
1.8818119685039369
20
0.6933970078740157
11
1.8838816141732284
21
0.7038018503937008
0
LINE
8
BLACK
6
CONTINUOUS
10
1.8838816141732284
20
0.7038018503937008
11
1.8872916535433071
21
0.7138475590551181
0
LINE
8
BLACK
6
CONTINUOUS
10
1.8872916535433071
20
0.7138475590551181
11
1.8919837795275589
21
0.7233622047244095
0
LINE
8
BLACK
6
CONTINUOUS
10
1.8919837795275589
20
0.7233622047244095
11
1.8978776377952755
21
0.732183031496063
0
LINE
8
BLACK
6
CONTINUOUS
10
1.8978776377952755
20
0.732183031496063
11
1.9048724409448818
21
0.7401590551181102
0
LINE
8
BLACK
6
CONTINUOUS
10
1.9048724409448818
20
0.7401590551181102
11
1.912848464566929
21
0.7471538582677165
0
LINE
8
BLACK
6
CONTINUOUS
10
1.912848464566929
20
0.7471538582677165
11
1.9216692913385827
21
0.753047716535433
0
LINE
8
BLACK
6
CONTINUOUS
10
1.9216692913385827
20
0.753047716535433
11
1.9311839370078741
21
0.7577398425196851
0
LINE
8
BLACK
6
CONTINUOUS
10
1.9311839370078741
20
0.7577398425196851
11
1.9412296456692912
21
0.7611498818897637
0
LINE
8
BLACK
6
CONTINUOUS
10
1.9412296456692912
20
0.7611498818897637
11
1.9516344881889762
21
0.7632195275590551
0
LINE
8
BLACK
6
CONTINUOUS
10
1.9516344881889762
20
0.7632195275590551
11
1.9622204724409449
21
0.7639133858267716
0
LINE
8
BLACK
6
CONTINUOUS
10
1.9622204724409449
20
0.7639133858267716
11
1.963608937007874
21
0.7634622440944882
0
LINE
8
BLACK
6
CONTINUOUS
10
1.963608937007874
20
0.7634622440944882
11
1.9644670472440944
21
0.7622811417322835
0
LINE
8
BLACK
6
CONTINUOUS
10
1.9644670472440944
20
0.7622811417322835
11
1.9644670472440944
21
0.7608212204724409
0
LINE
8
BLACK
6
CONTINUOUS
10
1.9644670472440944
20
0.7608212204724409
11
1.963608937007874
21
0.7596401181102362
0
LINE
8
BLACK
6
CONTINUOUS
10
1.963608937007874
20
0.7596401181102362
11
1.9622204724409449
21
0.7591889763779527
0
LINE
8
BLACK
6
CONTINUOUS
10
1.9622204724409449
20
0.7591889763779527
11
1.9572144094488189
21
0.7591889763779527
0
LINE
8
BLACK
6
CONTINUOUS
10
1.9572144094488189
20
0.7591889763779527
11
1.9472879133858267
21
0.757882125984252
0
LINE
8
BLACK
6
CONTINUOUS
10
1.9472879133858267
20
0.757882125984252
11
1.9376168897637795
21
0.7552908267716535
0
LINE
8
BLACK
6
CONTINUOUS
10
1.9376168897637795
20
0.7552908267716535
11
1.9283668897637796
21
0.7514593307086614
0
LINE
8
BLACK
6
CONTINUOUS
10
1.9283668897637796
20
0.7514593307086614
11
1.9196961023622048
21
0.7464532283464567
0
LINE
8
BLACK
6
CONTINUOUS
10
1.9196961023622048
20
0.7464532283464567
11
1.9117529133858266
21
0.7403582283464567
0
LINE
8
BLACK
6
CONTINUOUS
10
1.9117529133858266
20
0.7403582283464567
11
1.9046732677165354
21
0.7332785826771654
0
LINE
8
BLACK
6
CONTINUOUS
10
1.9046732677165354
20
0.7332785826771654
11
1.8985782677165355
21
0.7253353937007874
0
LINE
8
BLACK
6
CONTINUOUS
10
1.8985782677165355
20
0.7253353937007874
11
1.8935721653543307
21
0.7166646062992126
0
LINE
8
BLACK
6
CONTINUOUS
10
1.8935721653543307
20
0.7166646062992126
11
1.8897406692913385
21
0.7074146062992126
0
LINE
8
BLACK
6
CONTINUOUS
10
1.8897406692913385
20
0.7074146062992126
11
1.8871493700787401
21
0.6977435826771653
0
LINE
8
BLACK
6
CONTINUOUS
10
1.8871493700787401
20
0.6977435826771653
11
1.8858425196850392
21
0.6878170866141732
0
LINE
8
BLACK
6
CONTINUOUS
10
1.8858425196850392
20
0.6878170866141732
11
1.8858425196850392
21
0.6828110236220473
0
LINE
8
BLACK
6
CONTINUOUS
10
1.8858425196850392
20
0.6828110236220473
11
1.8858425196850392
21
0.2891102362204724
0
LINE
8
BLACK
6
CONTINUOUS
10
1.8858425196850392
20
0.2891102362204724
11
1.8858425196850392
21
0.2841041732283465
0
LINE
8
BLACK
6
CONTINUOUS
10
1.8858425196850392
20
0.2841041732283465
11
1.8871493700787401
21
0.2741776771653543
0
LINE
8
BLACK
6
CONTINUOUS
10
1.8871493700787401
20
0.2741776771653543
11
1.8897406692913385
21
0.2645066535433071
0
LINE
8
BLACK
6
CONTINUOUS
10
1.8897406692913385
20
0.2645066535433071
11
1.8935721653543307
21
0.2552566535433071
0
LINE
8
BLACK
6
CONTINUOUS
10
1.8935721653543307
20
0.2552566535433071
11
1.8985782677165355
21
0.2465858661417323
0
LINE
8
BLACK
6
CONTINUOUS
10
1.8985782677165355
20
0.2465858661417323
11
1.9046732677165354
21
0.2386426771653543
0
LINE
8
BLACK
6
CONTINUOUS
10
1.9046732677165354
20
0.2386426771653543
11
1.9117529133858266
21
0.231563031496063
0
LINE
8
BLACK
6
CONTINUOUS
10
1.9117529133858266
20
0.231563031496063
11
1.9196961023622048
21
0.225468031496063
0
LINE
8
BLACK
6
CONTINUOUS
10
1.9196961023622048
20
0.225468031496063
11
1.9283668897637796
21
0.2204619291338583
0
LINE
8
BLACK
6
CONTINUOUS
10
1.9283668897637796
20
0.2204619291338583
11
1.9376168897637795
21
0.2166304330708661
0
LINE
8
BLACK
6
CONTINUOUS
10
1.9376168897637795
20
0.2166304330708661
11
1.9472879133858267
21
0.2140391338582677
0
LINE
8
BLACK
6
CONTINUOUS
10
1.9472879133858267
20
0.2140391338582677
11
1.9572144094488189
21
0.2127322834645669
0
LINE
8
BLACK
6
CONTINUOUS
10
1.9572144094488189
20
0.2127322834645669
11
1.9622204724409449
21
0.2127322834645669
0
LINE
8
BLACK
6
CONTINUOUS
10
1.9622204724409449
20
0.2127322834645669
11
1.963608937007874
21
0.2122811417322835
0
LINE
8
BLACK
6
CONTINUOUS
10
1.963608937007874
20
0.2122811417322835
11
1.9637377952755906
21
0.2121037401574803
0
LINE
8
BLACK
6
CONTINUOUS
10
1.9637377952755906
20
0.2121037401574803
11
1.9638907874015747
21
0.2120403937007874
0
LINE
8
BLACK
6
CONTINUOUS
10
1.9638907874015747
20
0.2120403937007874
11
1.9640325984251967
21
0.2116979527559055
0
LINE
8
BLACK
6
CONTINUOUS
10
1.9640325984251967
20
0.2116979527559055
11
1.9644670472440944
21
0.2111000393700787
0
LINE
8
BLACK
6
CONTINUOUS
10
1.9644670472440944
20
0.2111000393700787
11
1.9644670472440944
21
0.2106492125984252
0
LINE
8
BLACK
6
CONTINUOUS
10
1.9644670472440944
20
0.2106492125984252
11
1.9645826771653543
21
0.2103700787401575
0
LINE
8
BLACK
6
CONTINUOUS
10
1.9645826771653543
20
0.2103700787401575
11
1.9645826771653543
21
0.0976377952755905
0
LINE
8
BLACK
6
CONTINUOUS
10
1.9645826771653543
20
0.0976377952755905
11
1.9805118110236219
21
0.0976377952755905
0
LINE
8
BLACK
6
CONTINUOUS
10
1.9805118110236219
20
0.0976377952755905
11
1.9805118110236219
21
1.5023622047244094
0
LINE
8
BLACK
6
CONTINUOUS
10
1.9805118110236219
20
1.5023622047244094
11
1.4714566929133859
21
1.5023622047244094
0
LINE
8
BLACK
6
CONTINUOUS
10
0.3973655118110236
20
0.7919360629921259
11
0.4077703543307086
21
0.7898664173228346
0
LINE
8
BLACK
6
CONTINUOUS
10
0.4077703543307086
20
0.7898664173228346
11
0.417816062992126
21
0.7864563779527559
0
LINE
8
BLACK
6
CONTINUOUS
10
0.417816062992126
20
0.7864563779527559
11
0.4273307086614173
21
0.781764251968504
0
LINE
8
BLACK
6
CONTINUOUS
10
0.4273307086614173
20
0.781764251968504
11
0.4361515354330708
21
0.7758703937007874
0
LINE
8
BLACK
6
CONTINUOUS
10
0.4361515354330708
20
0.7758703937007874
11
0.4441275590551181
21
0.768875590551181
0
LINE
8
BLACK
6
CONTINUOUS
10
0.4441275590551181
20
0.768875590551181
11
0.4511223622047244
21
0.7608995669291339
0
LINE
8
BLACK
6
CONTINUOUS
10
0.4511223622047244
20
0.7608995669291339
11
0.4570162204724409
21
0.7520787401574803
0
LINE
8
BLACK
6
CONTINUOUS
10
0.4570162204724409
20
0.7520787401574803
11
0.4617083464566929
21
0.7425640944881889
0
LINE
8
BLACK
6
CONTINUOUS
10
0.4617083464566929
20
0.7425640944881889
11
0.4651183858267716
21
0.7325183858267716
0
LINE
8
BLACK
6
CONTINUOUS
10
0.4651183858267716
20
0.7325183858267716
11
0.467188031496063
21
0.7221135433070865
0
LINE
8
BLACK
6
CONTINUOUS
10
0.467188031496063
20
0.7221135433070865
11
0.4678818897637795
21
0.7115275590551181
0
LINE
8
BLACK
6
CONTINUOUS
10
0.4678818897637795
20
0.7115275590551181
11
0.4678818897637795
21
0.3178267716535433
0
LINE
8
BLACK
6
CONTINUOUS
10
0.4678818897637795
20
0.3178267716535433
11
0.467188031496063
21
0.3072407874015748
0
LINE
8
BLACK
6
CONTINUOUS
10
0.467188031496063
20
0.3072407874015748
11
0.4651183858267716
21
0.2968359448818897
0
LINE
8
BLACK
6
CONTINUOUS
10
0.4651183858267716
20
0.2968359448818897
11
0.4617083464566929
21
0.2867902362204724
0
LINE
8
BLACK
6
CONTINUOUS
10
0.4617083464566929
20
0.2867902362204724
11
0.4570162204724409
21
0.2772755905511811
0
LINE
8
BLACK
6
CONTINUOUS
10
0.4570162204724409
20
0.2772755905511811
11
0.4511223622047244
21
0.2684547637795275
0
LINE
8
BLACK
6
CONTINUOUS
10
0.4511223622047244
20
0.2684547637795275
11
0.4441275590551181
21
0.2604787401574803
0
LINE
8
BLACK
6
CONTINUOUS
10
0.4441275590551181
20
0.2604787401574803
11
0.4361515354330708
21
0.253483937007874
0
LINE
8
BLACK
6
CONTINUOUS
10
0.4361515354330708
20
0.253483937007874
11
0.4273307086614173
21
0.2475900787401575
0
LINE
8
BLACK
6
CONTINUOUS
10
0.4273307086614173
20
0.2475900787401575
11
0.417816062992126
21
0.2428979527559055
0
LINE
8
BLACK
6
CONTINUOUS
10
0.417816062992126
20
0.2428979527559055
11
0.4077703543307086
21
0.2394879133858268
0
LINE
8
BLACK
6
CONTINUOUS
10
0.4077703543307086
20
0.2394879133858268
11
0.3973655118110236
21
0.2374182677165354
0
LINE
8
BLACK
6
CONTINUOUS
10
0.3973655118110236
20
0.2374182677165354
11
0.3891417322834645
21
0.2368792125984252
0
LINE
8
BLACK
6
CONTINUOUS
10
0.3891417322834645
20
0.2368792125984252
11
0.3891417322834645
21
0.1209763779527559
0
LINE
8
BLACK
6
CONTINUOUS
10
0.3891417322834645
20
0.1209763779527559
11
0.388449842519685
21
0.119306062992126
0
LINE
8
BLACK
6
CONTINUOUS
10
0.388449842519685
20
0.119306062992126
11
0.3867795275590551
21
0.1186141732283465
0
LINE
8
BLACK
6
CONTINUOUS
10
0.3867795275590551
20
0.1186141732283465
11
0.3851092125984252
21
0.119306062992126
0
LINE
8
BLACK
6
CONTINUOUS
10
0.3851092125984252
20
0.119306062992126
11
0.3844173228346456
21
0.1209763779527559
0
LINE
8
BLACK
6
CONTINUOUS
10
0.3844173228346456
20
0.1209763779527559
11
0.3844173228346456
21
0.2390866141732284
0
LINE
8
BLACK
6
CONTINUOUS
10
0.3844173228346456
20
0.2390866141732284
11
0.3845329527559055
21
0.239365748031496
0
LINE
8
BLACK
6
CONTINUOUS
10
0.3845329527559055
20
0.239365748031496
11
0.3845329527559055
21
0.2398165748031496
0
LINE
8
BLACK
6
CONTINUOUS
10
0.3845329527559055
20
0.2398165748031496
11
0.3849673622047244
21
0.2404144881889764
0
LINE
8
BLACK
6
CONTINUOUS
10
0.3849673622047244
20
0.2404144881889764
11
0.3851092125984252
21
0.2407569291338583
0
LINE
8
BLACK
6
CONTINUOUS
10
0.3851092125984252
20
0.2407569291338583
11
0.3852621653543307
21
0.2408202755905512
0
LINE
8
BLACK
6
CONTINUOUS
10
0.3852621653543307
20
0.2408202755905512
11
0.385391062992126
21
0.2409976771653543
0
LINE
8
BLACK
6
CONTINUOUS
10
0.385391062992126
20
0.2409976771653543
11
0.3867795275590551
21
0.2414488188976378
0
LINE
8
BLACK
6
CONTINUOUS
10
0.3867795275590551
20
0.2414488188976378
11
0.3917855905511811
21
0.2414488188976378
0
LINE
8
BLACK
6
CONTINUOUS
10
0.3917855905511811
20
0.2414488188976378
11
0.4017120866141732
21
0.2427556692913386
0
LINE
8
BLACK
6
CONTINUOUS
10
0.4017120866141732
20
0.2427556692913386
11
0.4113831102362205
21
0.245346968503937
0
LINE
8
BLACK
6
CONTINUOUS
10
0.4113831102362205
20
0.245346968503937
11
0.4206331102362205
21
0.2491784645669291
0
LINE
8
BLACK
6
CONTINUOUS
10
0.4206331102362205
20
0.2491784645669291
11
0.4293038976377953
21
0.2541845669291338
0
LINE
8
BLACK
6
CONTINUOUS
10
0.4293038976377953
20
0.2541845669291338
11
0.4372470866141732
21
0.2602795669291338
0
LINE
8
BLACK
6
CONTINUOUS
10
0.4372470866141732
20
0.2602795669291338
11
0.4443267322834645
21
0.2673592125984252
0
LINE
8
BLACK
6
CONTINUOUS
10
0.4443267322834645
20
0.2673592125984252
11
0.4504217322834645
21
0.2753024015748031
0
LINE
8
BLACK
6
CONTINUOUS
10
0.4504217322834645
20
0.2753024015748031
11
0.4554278346456693
21
0.283973188976378
0
LINE
8
BLACK
6
CONTINUOUS
10
0.4554278346456693
20
0.283973188976378
11
0.4592593307086614
21
0.2932231889763779
0
LINE
8
BLACK
6
CONTINUOUS
10
0.4592593307086614
20
0.2932231889763779
11
0.4618506299212599
21
0.3028942125984252
0
LINE
8
BLACK
6
CONTINUOUS
10
0.4618506299212599
20
0.3028942125984252
11
0.4631574803149606
21
0.3128207086614173
0
LINE
8
BLACK
6
CONTINUOUS
10
0.4631574803149606
20
0.3128207086614173
11
0.4631574803149606
21
0.3178267716535433
0
LINE
8
BLACK
6
CONTINUOUS
10
0.4631574803149606
20
0.3178267716535433
11
0.4631574803149606
21
0.7115275590551181
0
LINE
8
BLACK
6
CONTINUOUS
10
0.4631574803149606
20
0.7115275590551181
11
0.4631574803149606
21
0.716533622047244
0
LINE
8
BLACK
6
CONTINUOUS
10
0.4631574803149606
20
0.716533622047244
11
0.4618506299212599
21
0.7264601181102363
0
LINE
8
BLACK
6
CONTINUOUS
10
0.4618506299212599
20
0.7264601181102363
11
0.4592593307086614
21
0.7361311417322834
0
LINE
8
BLACK
6
CONTINUOUS
10
0.4592593307086614
20
0.7361311417322834
11
0.4554278346456693
21
0.7453811417322834
0
LINE
8
BLACK
6
CONTINUOUS
10
0.4554278346456693
20
0.7453811417322834
11
0.4504217322834645
21
0.7540519291338582
0
LINE
8
BLACK
6
CONTINUOUS
10
0.4504217322834645
20
0.7540519291338582
11
0.4443267322834645
21
0.7619951181102362
0
LINE
8
BLACK
6
CONTINUOUS
10
0.4443267322834645
20
0.7619951181102362
11
0.4372470866141732
21
0.7690747637795275
0
LINE
8
BLACK
6
CONTINUOUS
10
0.4372470866141732
20
0.7690747637795275
11
0.4293038976377953
21
0.7751697637795275
0
LINE
8
BLACK
6
CONTINUOUS
10
0.4293038976377953
20
0.7751697637795275
11
0.4206331102362205
21
0.7801758661417323
0
LINE
8
BLACK
6
CONTINUOUS
10
0.4206331102362205
20
0.7801758661417323
11
0.4113831102362205
21
0.7840073622047244
0
LINE
8
BLACK
6
CONTINUOUS
10
0.4113831102362205
20
0.7840073622047244
11
0.4017120866141732
21
0.7865986614173228
0
LINE
8
BLACK
6
CONTINUOUS
10
0.4017120866141732
20
0.7865986614173228
11
0.3917855905511811
21
0.7879055118110236
0
LINE
8
BLACK
6
CONTINUOUS
10
0.3917855905511811
20
0.7879055118110236
11
0.3867795275590551
21
0.7879055118110236
0
LINE
8
BLACK
6
CONTINUOUS
10
0.3867795275590551
20
0.7879055118110236
11
0.385391062992126
21
0.7883566535433071
0
LINE
8
BLACK
6
CONTINUOUS
10
0.385391062992126
20
0.7883566535433071
11
0.3845329527559055
21
0.7895377559055118
0
LINE
8
BLACK
6
CONTINUOUS
10
0.3845329527559055
20
0.7895377559055118
11
0.3845329527559055
21
0.7909976771653543
0
LINE
8
BLACK
6
CONTINUOUS
10
0.3845329527559055
20
0.7909976771653543
11
0.385391062992126
21
0.792178779527559
0
LINE
8
BLACK
6
CONTINUOUS
10
0.385391062992126
20
0.792178779527559
11
0.3867795275590551
21
0.7926299212598426
0
LINE
8
BLACK
6
CONTINUOUS
10
0.3867795275590551
20
0.7926299212598426
11
0.3973655118110236
21
0.7919360629921259
0
LINE
8
BLACK
6
CONTINUOUS
10
0.860608937007874
20
0.792178779527559
11
0.8614670472440945
21
0.7909976771653543
0
LINE
8
BLACK
6
CONTINUOUS
10
0.8614670472440945
20
0.7909976771653543
11
0.8614670472440945
21
0.7895377559055118
0
LINE
8
BLACK
6
CONTINUOUS
10
0.8614670472440945
20
0.7895377559055118
11
0.860608937007874
21
0.7883566535433071
0
LINE
8
BLACK
6
CONTINUOUS
10
0.860608937007874
20
0.7883566535433071
11
0.8592204724409449
21
0.7879055118110236
0
LINE
8
BLACK
6
CONTINUOUS
10
0.8592204724409449
20
0.7879055118110236
11
0.8542144094488189
21
0.7879055118110236
0
LINE
8
BLACK
6
CONTINUOUS
10
0.8542144094488189
20
0.7879055118110236
11
0.8442879133858268
21
0.7865986614173228
0
LINE
8
BLACK
6
CONTINUOUS
10
0.8442879133858268
20
0.7865986614173228
11
0.8346168897637795
21
0.7840073622047244
0
LINE
8
BLACK
6
CONTINUOUS
10
0.8346168897637795
20
0.7840073622047244
11
0.8253668897637795
21
0.7801758661417323
0
LINE
8
BLACK
6
CONTINUOUS
10
0.8253668897637795
20
0.7801758661417323
11
0.8166961023622047
21
0.7751697637795275
0
LINE
8
BLACK
6
CONTINUOUS
10
0.8166961023622047
20
0.7751697637795275
11
0.8087529133858268
21
0.7690747637795275
0
LINE
8
BLACK
6
CONTINUOUS
10
0.8087529133858268
20
0.7690747637795275
11
0.8016732677165355
21
0.7619951181102362
0
LINE
8
BLACK
6
CONTINUOUS
10
0.8016732677165355
20
0.7619951181102362
11
0.7955782677165354
21
0.7540519291338582
0
LINE
8
BLACK
6
CONTINUOUS
10
0.7955782677165354
20
0.7540519291338582
11
0.7905721653543307
21
0.7453811417322834
0
LINE
8
BLACK
6
CONTINUOUS
10
0.7905721653543307
20
0.7453811417322834
11
0.7867406692913386
21
0.7361311417322834
0
LINE
8
BLACK
6
CONTINUOUS
10
0.7867406692913386
20
0.7361311417322834
11
0.7841493700787402
21
0.7264601181102363
0
LINE
8
BLACK
6
CONTINUOUS
10
0.7841493700787402
20
0.7264601181102363
11
0.7828425196850394
21
0.716533622047244
0
LINE
8
BLACK
6
CONTINUOUS
10
0.7828425196850394
20
0.716533622047244
11
0.7828425196850394
21
0.7115275590551181
0
LINE
8
BLACK
6
CONTINUOUS
10
0.7828425196850394
20
0.7115275590551181
11
0.7828425196850394
21
0.3178267716535433
0
LINE
8
BLACK
6
CONTINUOUS
10
0.7828425196850394
20
0.3178267716535433
11
0.7828425196850394
21
0.3128207086614173
0
LINE
8
BLACK
6
CONTINUOUS
10
0.7828425196850394
20
0.3128207086614173
11
0.7841493700787402
21
0.3028942125984252
0
LINE
8
BLACK
6
CONTINUOUS
10
0.7841493700787402
20
0.3028942125984252
11
0.7867406692913386
21
0.2932231889763779
0
LINE
8
BLACK
6
CONTINUOUS
10
0.7867406692913386
20
0.2932231889763779
11
0.7905721653543307
21
0.283973188976378
0
LINE
8
BLACK
6
CONTINUOUS
10
0.7905721653543307
20
0.283973188976378
11
0.7955782677165354
21
0.2753024015748031
0
LINE
8
BLACK
6
CONTINUOUS
10
0.7955782677165354
20
0.2753024015748031
11
0.8016732677165355
21
0.2673592125984252
0
LINE
8
BLACK
6
CONTINUOUS
10
0.8016732677165355
20
0.2673592125984252
11
0.8087529133858268
21
0.2602795669291338
0
LINE
8
BLACK
6
CONTINUOUS
10
0.8087529133858268
20
0.2602795669291338
11
0.8166961023622047
21
0.2541845669291338
0
LINE
8
BLACK
6
CONTINUOUS
10
0.8166961023622047
20
0.2541845669291338
11
0.8253668897637795
21
0.2491784645669291
0
LINE
8
BLACK
6
CONTINUOUS
10
0.8253668897637795
20
0.2491784645669291
11
0.8346168897637795
21
0.245346968503937
0
LINE
8
BLACK
6
CONTINUOUS
10
0.8346168897637795
20
0.245346968503937
11
0.8442879133858268
21
0.2427556692913386
0
LINE
8
BLACK
6
CONTINUOUS
10
0.8442879133858268
20
0.2427556692913386
11
0.8542144094488189
21
0.2414488188976378
0
LINE
8
BLACK
6
CONTINUOUS
10
0.8542144094488189
20
0.2414488188976378
11
0.8592204724409449
21
0.2414488188976378
0
LINE
8
BLACK
6
CONTINUOUS
10
0.8592204724409449
20
0.2414488188976378
11
0.860608937007874
21
0.2409976771653543
0
LINE
8
BLACK
6
CONTINUOUS
10
0.860608937007874
20
0.2409976771653543
11
0.8607377952755906
21
0.2408202755905512
0
LINE
8
BLACK
6
CONTINUOUS
10
0.8607377952755906
20
0.2408202755905512
11
0.8608907874015748
21
0.2407569291338583
0
LINE
8
BLACK
6
CONTINUOUS
10
0.8608907874015748
20
0.2407569291338583
11
0.8610325984251969
21
0.2404144881889764
0
LINE
8
BLACK
6
CONTINUOUS
10
0.8610325984251969
20
0.2404144881889764
11
0.8614670472440945
21
0.2398165748031496
0
LINE
8
BLACK
6
CONTINUOUS
10
0.8614670472440945
20
0.2398165748031496
11
0.8614670472440945
21
0.239365748031496
0
LINE
8
BLACK
6
CONTINUOUS
10
0.8614670472440945
20
0.239365748031496
11
0.8615826771653543
21
0.2390866141732284
0
LINE
8
BLACK
6
CONTINUOUS
10
0.8615826771653543
20
0.2390866141732284
11
0.8615826771653543
21
0.1209763779527559
0
LINE
8
BLACK
6
CONTINUOUS
10
0.8615826771653543
20
0.1209763779527559
11
0.8608907874015748
21
0.119306062992126
0
LINE
8
BLACK
6
CONTINUOUS
10
0.8608907874015748
20
0.119306062992126
11
0.8592204724409449
21
0.1186141732283465
0
LINE
8
BLACK
6
CONTINUOUS
10
0.8592204724409449
20
0.1186141732283465
11
0.8575501574803149
21
0.119306062992126
0
LINE
8
BLACK
6
CONTINUOUS
10
0.8575501574803149
20
0.119306062992126
11
0.8568582677165354
21
0.1209763779527559
0
LINE
8
BLACK
6
CONTINUOUS
10
0.8568582677165354
20
0.1209763779527559
11
0.8568582677165354
21
0.2368792125984252
0
LINE
8
BLACK
6
CONTINUOUS
10
0.8568582677165354
20
0.2368792125984252
11
0.8486344881889764
21
0.2374182677165354
0
LINE
8
BLACK
6
CONTINUOUS
10
0.8486344881889764
20
0.2374182677165354
11
0.8382296456692914
21
0.2394879133858268
0
LINE
8
BLACK
6
CONTINUOUS
10
0.8382296456692914
20
0.2394879133858268
11
0.828183937007874
21
0.2428979527559055
0
LINE
8
BLACK
6
CONTINUOUS
10
0.828183937007874
20
0.2428979527559055
11
0.8186692913385827
21
0.2475900787401575
0
LINE
8
BLACK
6
CONTINUOUS
10
0.8186692913385827
20
0.2475900787401575
11
0.8098484645669292
21
0.253483937007874
0
LINE
8
BLACK
6
CONTINUOUS
10
0.8098484645669292
20
0.253483937007874
11
0.8018724409448819
21
0.2604787401574803
0
LINE
8
BLACK
6
CONTINUOUS
10
0.8018724409448819
20
0.2604787401574803
11
0.7948776377952755
21
0.2684547637795275
0
LINE
8
BLACK
6
CONTINUOUS
10
0.7948776377952755
20
0.2684547637795275
11
0.788983779527559
21
0.2772755905511811
0
LINE
8
BLACK
6
CONTINUOUS
10
0.788983779527559
20
0.2772755905511811
11
0.7842916535433071
21
0.2867902362204724
0
LINE
8
BLACK
6
CONTINUOUS
10
0.7842916535433071
20
0.2867902362204724
11
0.7808816141732283
21
0.2968359448818897
0
LINE
8
BLACK
6
CONTINUOUS
10
0.7808816141732283
20
0.2968359448818897
11
0.778811968503937
21
0.3072407874015748
0
LINE
8
BLACK
6
CONTINUOUS
10
0.778811968503937
20
0.3072407874015748
11
0.7781181102362205
21
0.3178267716535433
0
LINE
8
BLACK
6
CONTINUOUS
10
0.7781181102362205
20
0.3178267716535433
11
0.7781181102362205
21
0.7115275590551181
0
LINE
8
BLACK
6
CONTINUOUS
10
0.7781181102362205
20
0.7115275590551181
11
0.778811968503937
21
0.7221135433070865
0
LINE
8
BLACK
6
CONTINUOUS
10
0.778811968503937
20
0.7221135433070865
11
0.7808816141732283
21
0.7325183858267716
0
LINE
8
BLACK
6
CONTINUOUS
10
0.7808816141732283
20
0.7325183858267716
11
0.7842916535433071
21
0.7425640944881889
0
LINE
8
BLACK
6
CONTINUOUS
10
0.7842916535433071
20
0.7425640944881889
11
0.788983779527559
21
0.7520787401574803
0
LINE
8
BLACK
6
CONTINUOUS
10
0.788983779527559
20
0.7520787401574803
11
0.7948776377952755
21
0.7608995669291339
0
LINE
8
BLACK
6
CONTINUOUS
10
0.7948776377952755
20
0.7608995669291339
11
0.8018724409448819
21
0.768875590551181
0
LINE
8
BLACK
6
CONTINUOUS
10
0.8018724409448819
20
0.768875590551181
11
0.8098484645669292
21
0.7758703937007874
0
LINE
8
BLACK
6
CONTINUOUS
10
0.8098484645669292
20
0.7758703937007874
11
0.8186692913385827
21
0.781764251968504
0
LINE
8
BLACK
6
CONTINUOUS
10
0.8186692913385827
20
0.781764251968504
11
0.828183937007874
21
0.7864563779527559
0
LINE
8
BLACK
6
CONTINUOUS
10
0.828183937007874
20
0.7864563779527559
11
0.8382296456692914
21
0.7898664173228346
0
LINE
8
BLACK
6
CONTINUOUS
10
0.8382296456692914
20
0.7898664173228346
11
0.8486344881889764
21
0.7919360629921259
0
LINE
8
BLACK
6
CONTINUOUS
10
0.8486344881889764
20
0.7919360629921259
11
0.8592204724409449
21
0.7926299212598426
0
LINE
8
BLACK
6
CONTINUOUS
10
0.8592204724409449
20
0.7926299212598426
11
0.860608937007874
21
0.792178779527559
0
LINE
8
BLACK
6
CONTINUOUS
10
0.7821506299212598
20
0.2407569291338583
11
0.7828425196850394
21
0.2390866141732284
0
LINE
8
BLACK
6
CONTINUOUS
10
0.7828425196850394
20
0.2390866141732284
11
0.7821506299212598
21
0.2374162992125984
0
LINE
8
BLACK
6
CONTINUOUS
10
0.7821506299212598
20
0.2374162992125984
11
0.7804803149606299
21
0.2367244094488189
0
LINE
8
BLACK
6
CONTINUOUS
10
0.7804803149606299
20
0.2367244094488189
11
0.4655196850393701
21
0.2367244094488189
0
LINE
8
BLACK
6
CONTINUOUS
10
0.4655196850393701
20
0.2367244094488189
11
0.4638493700787402
21
0.2374162992125984
0
LINE
8
BLACK
6
CONTINUOUS
10
0.4638493700787402
20
0.2374162992125984
11
0.4631574803149606
21
0.2390866141732284
0
LINE
8
BLACK
6
CONTINUOUS
10
0.4631574803149606
20
0.2390866141732284
11
0.4638493700787402
21
0.2407569291338583
0
LINE
8
BLACK
6
CONTINUOUS
10
0.4638493700787402
20
0.2407569291338583
11
0.4655196850393701
21
0.2414488188976378
0
LINE
8
BLACK
6
CONTINUOUS
10
0.4655196850393701
20
0.2414488188976378
11
0.7804803149606299
21
0.2414488188976378
0
LINE
8
BLACK
6
CONTINUOUS
10
0.7804803149606299
20
0.2414488188976378
11
0.7821506299212598
21
0.2407569291338583
0
LINE
8
BLACK
6
CONTINUOUS
10
0.7427805511811023
20
0.2801270078740157
11
0.7434724409448819
21
0.2784566929133858
0
LINE
8
BLACK
6
CONTINUOUS
10
0.7434724409448819
20
0.2784566929133858
11
0.7427805511811023
21
0.2767863779527559
0
LINE
8
BLACK
6
CONTINUOUS
10
0.7427805511811023
20
0.2767863779527559
11
0.7411102362204725
21
0.2760944881889764
0
LINE
8
BLACK
6
CONTINUOUS
10
0.7411102362204725
20
0.2760944881889764
11
0.5048897637795275
21
0.2760944881889764
0
LINE
8
BLACK
6
CONTINUOUS
10
0.5048897637795275
20
0.2760944881889764
11
0.5032194488188976
21
0.2767863779527559
0
LINE
8
BLACK
6
CONTINUOUS
10
0.5032194488188976
20
0.2767863779527559
11
0.5025275590551181
21
0.2784566929133858
0
LINE
8
BLACK
6
CONTINUOUS
10
0.5025275590551181
20
0.2784566929133858
11
0.5032194488188976
21
0.2801270078740157
0
LINE
8
BLACK
6
CONTINUOUS
10
0.5032194488188976
20
0.2801270078740157
11
0.5048897637795275
21
0.2808188976377953
0
LINE
8
BLACK
6
CONTINUOUS
10
0.5048897637795275
20
0.2808188976377953
11
0.7411102362204725
21
0.2808188976377953
0
LINE
8
BLACK
6
CONTINUOUS
10
0.7411102362204725
20
0.2808188976377953
11
0.7427805511811023
21
0.2801270078740157
0
LINE
8
BLACK
6
CONTINUOUS
10
0.7034104724409449
20
0.3194970866141732
11
0.7041023622047244
21
0.3178267716535433
0
LINE
8
BLACK
6
CONTINUOUS
10
0.7041023622047244
20
0.3178267716535433
11
0.7034104724409449
21
0.3161564566929134
0
LINE
8
BLACK
6
CONTINUOUS
10
0.7034104724409449
20
0.3161564566929134
11
0.7017401574803149
21
0.3154645669291338
0
LINE
8
BLACK
6
CONTINUOUS
10
0.7017401574803149
20
0.3154645669291338
11
0.5442598425196851
21
0.3154645669291338
0
LINE
8
BLACK
6
CONTINUOUS
10
0.5442598425196851
20
0.3154645669291338
11
0.5425895275590551
21
0.3161564566929134
0
LINE
8
BLACK
6
CONTINUOUS
10
0.5425895275590551
20
0.3161564566929134
11
0.5418976377952756
21
0.3178267716535433
0
LINE
8
BLACK
6
CONTINUOUS
10
0.5418976377952756
20
0.3178267716535433
11
0.5425895275590551
21
0.3194970866141732
0
LINE
8
BLACK
6
CONTINUOUS
10
0.5425895275590551
20
0.3194970866141732
11
0.5442598425196851
21
0.3201889763779527
0
LINE
8
BLACK
6
CONTINUOUS
10
0.5442598425196851
20
0.3201889763779527
11
0.7017401574803149
21
0.3201889763779527
0
LINE
8
BLACK
6
CONTINUOUS
10
0.7017401574803149
20
0.3201889763779527
11
0.7034104724409449
21
0.3194970866141732
0
LINE
8
BLACK
6
CONTINUOUS
10
0.6640403937007874
20
0.3588671653543307
11
0.6647322834645669
21
0.3571968503937008
0
LINE
8
BLACK
6
CONTINUOUS
10
0.6647322834645669
20
0.3571968503937008
11
0.6640403937007874
21
0.3555265354330708
0
LINE
8
BLACK
6
CONTINUOUS
10
0.6640403937007874
20
0.3555265354330708
11
0.6623700787401575
21
0.3548346456692913
0
LINE
8
BLACK
6
CONTINUOUS
10
0.6623700787401575
20
0.3548346456692913
11
0.5836299212598425
21
0.3548346456692913
0
LINE
8
BLACK
6
CONTINUOUS
10
0.5836299212598425
20
0.3548346456692913
11
0.5819596062992126
21
0.3555265354330708
0
LINE
8
BLACK
6
CONTINUOUS
10
0.5819596062992126
20
0.3555265354330708
11
0.5812677165354331
21
0.3571968503937008
0
LINE
8
BLACK
6
CONTINUOUS
10
0.5812677165354331
20
0.3571968503937008
11
0.5819596062992126
21
0.3588671653543307
0
LINE
8
BLACK
6
CONTINUOUS
10
0.5819596062992126
20
0.3588671653543307
11
0.5836299212598425
21
0.3595590551181102
0
LINE
8
BLACK
6
CONTINUOUS
10
0.5836299212598425
20
0.3595590551181102
11
0.6623700787401575
21
0.3595590551181102
0
LINE
8
BLACK
6
CONTINUOUS
10
0.6623700787401575
20
0.3595590551181102
11
0.6640403937007874
21
0.3588671653543307
0
LINE
8
BLACK
6
CONTINUOUS
10
0.6372445669291339
20
1.1425281102362204
11
0.6391193700787401
21
1.1406533464566928
0
LINE
8
BLACK
6
CONTINUOUS
10
0.6391193700787401
20
1.1406533464566928
11
0.6396257480314961
21
1.1399301574803149
0
LINE
8
BLACK
6
CONTINUOUS
10
0.6396257480314961
20
1.1399301574803149
11
0.6396725196850394
21
1.1398859055118109
0
LINE
8
BLACK
6
CONTINUOUS
10
0.6396725196850394
20
1.1398859055118109
11
0.6415472834645669
21
1.1361363779527558
0
LINE
8
BLACK
6
CONTINUOUS
10
0.6415472834645669
20
1.1361363779527558
11
0.6418396456692913
21
1.135153464566929
0
LINE
8
BLACK
6
CONTINUOUS
10
0.6418396456692913
20
1.135153464566929
11
0.641798622047244
21
1.1349817322834646
0
LINE
8
BLACK
6
CONTINUOUS
10
0.641798622047244
20
1.1349817322834646
11
0.6418590157480315
21
1.1348158661417322
0
LINE
8
BLACK
6
CONTINUOUS
10
0.6418590157480315
20
1.1348158661417322
11
0.6418590157480315
21
1.1235672834645669
0
LINE
8
BLACK
6
CONTINUOUS
10
0.6418590157480315
20
1.1235672834645669
11
0.6416809448818898
21
1.1225573622047245
0
LINE
8
BLACK
6
CONTINUOUS
10
0.6416809448818898
20
1.1225573622047245
11
0.6415674409448818
21
1.1224220866141732
0
LINE
8
BLACK
6
CONTINUOUS
10
0.6415674409448818
20
1.1224220866141732
11
0.6415472834645669
21
1.1222467716535434
0
LINE
8
BLACK
6
CONTINUOUS
10
0.6415472834645669
20
1.1222467716535434
11
0.6396725196850394
21
1.1184972440944883
0
LINE
8
BLACK
6
CONTINUOUS
10
0.6396725196850394
20
1.1184972440944883
11
0.6391465354330709
21
1.1177881102362204
0
LINE
8
BLACK
6
CONTINUOUS
10
0.6391465354330709
20
1.1177881102362204
11
0.6391193700787401
21
1.1177298031496063
0
LINE
8
BLACK
6
CONTINUOUS
10
0.6391193700787401
20
1.1177298031496063
11
0.6372445669291339
21
1.1158550393700788
0
LINE
8
BLACK
6
CONTINUOUS
10
0.6372445669291339
20
1.1158550393700788
11
0.6365214960629921
21
1.1153487401574802
0
LINE
8
BLACK
6
CONTINUOUS
10
0.6365214960629921
20
1.1153487401574802
11
0.6364772047244094
21
1.1153019685039369
0
LINE
8
BLACK
6
CONTINUOUS
10
0.6364772047244094
20
1.1153019685039369
11
0.6327276771653543
21
1.1134272047244094
0
LINE
8
BLACK
6
CONTINUOUS
10
0.6327276771653543
20
1.1134272047244094
11
0.6317447244094488
21
1.113134842519685
0
LINE
8
BLACK
6
CONTINUOUS
10
0.6317447244094488
20
1.113134842519685
11
0.631573031496063
21
1.1131758267716536
0
LINE
8
BLACK
6
CONTINUOUS
10
0.631573031496063
20
1.1131758267716536
11
0.6314071653543307
21
1.1131154724409449
0
LINE
8
BLACK
6
CONTINUOUS
10
0.6314071653543307
20
1.1131154724409449
11
0.6220333464566929
21
1.1131154724409449
0
LINE
8
BLACK
6
CONTINUOUS
10
0.6220333464566929
20
1.1131154724409449
11
0.6210234251968504
21
1.1132935433070865
0
LINE
8
BLACK
6
CONTINUOUS
10
0.6210234251968504
20
1.1132935433070865
11
0.6208881496062992
21
1.1134070078740157
0
LINE
8
BLACK
6
CONTINUOUS
10
0.6208881496062992
20
1.1134070078740157
11
0.6207128346456693
21
1.1134272047244094
0
LINE
8
BLACK
6
CONTINUOUS
10
0.6207128346456693
20
1.1134272047244094
11
0.6169633070866142
21
1.1153019685039369
0
LINE
8
BLACK
6
CONTINUOUS
10
0.6169633070866142
20
1.1153019685039369
11
0.6162542125984252
21
1.1158278346456694
0
LINE
8
BLACK
6
CONTINUOUS
10
0.6162542125984252
20
1.1158278346456694
11
0.616195905511811
21
1.1158550787401575
0
LINE
8
BLACK
6
CONTINUOUS
10
0.616195905511811
20
1.1158550787401575
11
0.6143211417322835
21
1.1177298425196851
0
LINE
8
BLACK
6
CONTINUOUS
10
0.6143211417322835
20
1.1177298425196851
11
0.613814842519685
21
1.1184529133858268
0
LINE
8
BLACK
6
CONTINUOUS
10
0.613814842519685
20
1.1184529133858268
11
0.613768031496063
21
1.1184972440944883
0
LINE
8
BLACK
6
CONTINUOUS
10
0.613768031496063
20
1.1184972440944883
11
0.6118932677165354
21
1.1222467716535434
0
LINE
8
BLACK
6
CONTINUOUS
10
0.6118932677165354
20
1.1222467716535434
11
0.6117255905511811
21
1.1228104330708661
0
LINE
8
BLACK
6
CONTINUOUS
10
0.6117255905511811
20
1.1228104330708661
11
0.6014805905511811
21
1.1138460629921259
0
LINE
8
BLACK
6
CONTINUOUS
10
0.6014805905511811
20
1.1138460629921259
11
0.6011007086614173
21
1.1136161417322834
0
LINE
8
BLACK
6
CONTINUOUS
10
0.6011007086614173
20
1.1136161417322834
11
0.6010125590551181
21
1.1135110629921259
0
LINE
8
BLACK
6
CONTINUOUS
10
0.6010125590551181
20
1.1135110629921259
11
0.600891968503937
21
1.1134898031496063
0
LINE
8
BLACK
6
CONTINUOUS
10
0.600891968503937
20
1.1134898031496063
11
0.6006032677165354
21
1.1133150393700788
0
LINE
8
BLACK
6
CONTINUOUS
10
0.6006032677165354
20
1.1133150393700788
11
0.5998074015748032
21
1.1132985433070866
0
LINE
8
BLACK
6
CONTINUOUS
10
0.5998074015748032
20
1.1132985433070866
11
0.5990234251968504
21
1.1131603149606299
0
LINE
8
BLACK
6
CONTINUOUS
10
0.5990234251968504
20
1.1131603149606299
11
0.5988194094488188
21
1.1132780708661416
0
LINE
8
BLACK
6
CONTINUOUS
10
0.5988194094488188
20
1.1132780708661416
11
0.598583937007874
21
1.1132732283464566
0
LINE
8
BLACK
6
CONTINUOUS
10
0.598583937007874
20
1.1132732283464566
11
0.5979636614173228
21
1.1137721653543307
0
LINE
8
BLACK
6
CONTINUOUS
10
0.5979636614173228
20
1.1137721653543307
11
0.5972742519685039
21
1.1141702362204724
0
LINE
8
BLACK
6
CONTINUOUS
10
0.5972742519685039
20
1.1141702362204724
11
0.5971936614173228
21
1.1143915748031497
0
LINE
8
BLACK
6
CONTINUOUS
10
0.5971936614173228
20
1.1143915748031497
11
0.5970101181102362
21
1.114539251968504
0
LINE
8
BLACK
6
CONTINUOUS
10
0.5970101181102362
20
1.114539251968504
11
0.5968556692913386
21
1.1153201968503936
0
LINE
8
BLACK
6
CONTINUOUS
10
0.5968556692913386
20
1.1153201968503936
11
0.5965834251968504
21
1.1160682283464567
0
LINE
8
BLACK
6
CONTINUOUS
10
0.5965834251968504
20
1.1160682283464567
11
0.5965834251968504
21
1.1404401574803149
0
LINE
8
BLACK
6
CONTINUOUS
10
0.5965834251968504
20
1.1404401574803149
11
0.5967614960629921
21
1.1414500787401574
0
LINE
8
BLACK
6
CONTINUOUS
10
0.5967614960629921
20
1.1414500787401574
11
0.5980598031496063
21
1.1429973228346457
0
LINE
8
BLACK
6
CONTINUOUS
10
0.5980598031496063
20
1.1429973228346457
11
0.600048937007874
21
1.1433480708661417
0
LINE
8
BLACK
6
CONTINUOUS
10
0.600048937007874
20
1.1433480708661417
11
0.6017981102362204
21
1.1423381496062992
0
LINE
8
BLACK
6
CONTINUOUS
10
0.6017981102362204
20
1.1423381496062992
11
0.602488937007874
21
1.1404401574803149
0
LINE
8
BLACK
6
CONTINUOUS
10
0.602488937007874
20
1.1404401574803149
11
0.602488937007874
21
1.1225753937007874
0
LINE
8
BLACK
6
CONTINUOUS
10
0.602488937007874
20
1.1225753937007874
11
0.6125898818897638
21
1.1314137401574802
0
LINE
8
BLACK
6
CONTINUOUS
10
0.6125898818897638
20
1.1314137401574802
11
0.6129697244094489
21
1.1316436220472441
0
LINE
8
BLACK
6
CONTINUOUS
10
0.6129697244094489
20
1.1316436220472441
11
0.6130579133858267
21
1.1317487401574804
0
LINE
8
BLACK
6
CONTINUOUS
10
0.6130579133858267
20
1.1317487401574804
11
0.6131784645669291
21
1.1317699606299212
0
LINE
8
BLACK
6
CONTINUOUS
10
0.6131784645669291
20
1.1317699606299212
11
0.6134672047244094
21
1.1319447637795275
0
LINE
8
BLACK
6
CONTINUOUS
10
0.6134672047244094
20
1.1319447637795275
11
0.614263031496063
21
1.131961220472441
0
LINE
8
BLACK
6
CONTINUOUS
10
0.614263031496063
20
1.131961220472441
11
0.6150470472440944
21
1.1320994881889763
0
LINE
8
BLACK
6
CONTINUOUS
10
0.6150470472440944
20
1.1320994881889763
11
0.6152510236220472
21
1.1319816929133859
0
LINE
8
BLACK
6
CONTINUOUS
10
0.6152510236220472
20
1.1319816929133859
11
0.6154865748031496
21
1.1319865748031497
0
LINE
8
BLACK
6
CONTINUOUS
10
0.6154865748031496
20
1.1319865748031497
11
0.6161068503937007
21
1.1314875590551181
0
LINE
8
BLACK
6
CONTINUOUS
10
0.6161068503937007
20
1.1314875590551181
11
0.616796220472441
21
1.1310895669291339
0
LINE
8
BLACK
6
CONTINUOUS
10
0.616796220472441
20
1.1310895669291339
11
0.6168767716535433
21
1.1308681889763779
0
LINE
8
BLACK
6
CONTINUOUS
10
0.6168767716535433
20
1.1308681889763779
11
0.6170603543307086
21
1.1307205511811023
0
LINE
8
BLACK
6
CONTINUOUS
10
0.6170603543307086
20
1.1307205511811023
11
0.6172147637795276
21
1.1299395669291339
0
LINE
8
BLACK
6
CONTINUOUS
10
0.6172147637795276
20
1.1299395669291339
11
0.6174870472440944
21
1.1291915748031496
0
LINE
8
BLACK
6
CONTINUOUS
10
0.6174870472440944
20
1.1291915748031496
11
0.6174870472440944
21
1.1242643307086615
0
LINE
8
BLACK
6
CONTINUOUS
10
0.6174870472440944
20
1.1242643307086615
11
0.6188357874015747
21
1.1215668503937009
0
LINE
8
BLACK
6
CONTINUOUS
10
0.6188357874015747
20
1.1215668503937009
11
0.6200329133858268
21
1.1203697244094488
0
LINE
8
BLACK
6
CONTINUOUS
10
0.6200329133858268
20
1.1203697244094488
11
0.6227303937007874
21
1.1190209842519685
0
LINE
8
BLACK
6
CONTINUOUS
10
0.6227303937007874
20
1.1190209842519685
11
0.6307101181102363
21
1.1190209842519685
0
LINE
8
BLACK
6
CONTINUOUS
10
0.6307101181102363
20
1.1190209842519685
11
0.6334075984251968
21
1.1203697244094488
0
LINE
8
BLACK
6
CONTINUOUS
10
0.6334075984251968
20
1.1203697244094488
11
0.6346047637795276
21
1.1215668503937009
0
LINE
8
BLACK
6
CONTINUOUS
10
0.6346047637795276
20
1.1215668503937009
11
0.6359535039370079
21
1.1242643307086615
0
LINE
8
BLACK
6
CONTINUOUS
10
0.6359535039370079
20
1.1242643307086615
11
0.6359535039370079
21
1.1341188188976377
0
LINE
8
BLACK
6
CONTINUOUS
10
0.6359535039370079
20
1.1341188188976377
11
0.6346047637795276
21
1.1368162598425195
0
LINE
8
BLACK
6
CONTINUOUS
10
0.6346047637795276
20
1.1368162598425195
11
0.6330688188976378
21
1.1383522047244095
0
LINE
8
BLACK
6
CONTINUOUS
10
0.6330688188976378
20
1.1383522047244095
11
0.6324805905511811
21
1.1391922440944882
0
LINE
8
BLACK
6
CONTINUOUS
10
0.6324805905511811
20
1.1391922440944882
11
0.6323045275590551
21
1.1412043700787402
0
LINE
8
BLACK
6
CONTINUOUS
10
0.6323045275590551
20
1.1412043700787402
11
0.633463031496063
21
1.1428589370078739
0
LINE
8
BLACK
6
CONTINUOUS
10
0.633463031496063
20
1.1428589370078739
11
0.6354140157480315
21
1.143381653543307
0
LINE
8
BLACK
6
CONTINUOUS
10
0.6354140157480315
20
1.143381653543307
11
0.6372445669291339
21
1.1425281102362204
0
LINE
8
BLACK
6
CONTINUOUS
10
0.6017981102362204
20
1.1742091732283464
11
0.602488937007874
21
1.1723111811023621
0
LINE
8
BLACK
6
CONTINUOUS
10
0.602488937007874
20
1.1723111811023621
11
0.602488937007874
21
1.1640153543307086
0
LINE
8
BLACK
6
CONTINUOUS
10
0.602488937007874
20
1.1640153543307086
11
0.6389062598425197
21
1.1640153543307086
0
LINE
8
BLACK
6
CONTINUOUS
10
0.6389062598425197
20
1.1640153543307086
11
0.6399161811023621
21
1.1638372834645669
0
LINE
8
BLACK
6
CONTINUOUS
10
0.6399161811023621
20
1.1638372834645669
11
0.6414634251968504
21
1.1625389763779528
0
LINE
8
BLACK
6
CONTINUOUS
10
0.6414634251968504
20
1.1625389763779528
11
0.6418141732283464
21
1.160549842519685
0
LINE
8
BLACK
6
CONTINUOUS
10
0.6418141732283464
20
1.160549842519685
11
0.6408042519685039
21
1.1588006692913386
0
LINE
8
BLACK
6
CONTINUOUS
10
0.6408042519685039
20
1.1588006692913386
11
0.6389062598425197
21
1.158109842519685
0
LINE
8
BLACK
6
CONTINUOUS
10
0.6389062598425197
20
1.158109842519685
11
0.602488937007874
21
1.158109842519685
0
LINE
8
BLACK
6
CONTINUOUS
10
0.602488937007874
20
1.158109842519685
11
0.602488937007874
21
1.1498140157480314
0
LINE
8
BLACK
6
CONTINUOUS
10
0.602488937007874
20
1.1498140157480314
11
0.6023108661417322
21
1.148804094488189
0
LINE
8
BLACK
6
CONTINUOUS
10
0.6023108661417322
20
1.148804094488189
11
0.6010125590551181
21
1.1472568503937008
0
LINE
8
BLACK
6
CONTINUOUS
10
0.6010125590551181
20
1.1472568503937008
11
0.5990234251968504
21
1.1469061023622047
0
LINE
8
BLACK
6
CONTINUOUS
10
0.5990234251968504
20
1.1469061023622047
11
0.5972742519685039
21
1.1479160236220471
0
LINE
8
BLACK
6
CONTINUOUS
10
0.5972742519685039
20
1.1479160236220471
11
0.5965834251968504
21
1.1498140157480314
0
LINE
8
BLACK
6
CONTINUOUS
10
0.5965834251968504
20
1.1498140157480314
11
0.5965834251968504
21
1.1723111811023621
0
LINE
8
BLACK
6
CONTINUOUS
10
0.5965834251968504
20
1.1723111811023621
11
0.5967614960629921
21
1.1733211023622048
0
LINE
8
BLACK
6
CONTINUOUS
10
0.5967614960629921
20
1.1733211023622048
11
0.5980598031496063
21
1.1748683464566929
0
LINE
8
BLACK
6
CONTINUOUS
10
0.5980598031496063
20
1.1748683464566929
11
0.600048937007874
21
1.1752190944881888
0
LINE
8
BLACK
6
CONTINUOUS
10
0.600048937007874
20
1.1752190944881888
11
0.6017981102362204
21
1.1742091732283464
0
LINE
8
BLACK
6
CONTINUOUS
10
0.6392897637795275
20
1.2089420866141731
11
0.6394190157480315
21
1.2089648818897638
0
LINE
8
BLACK
6
CONTINUOUS
10
0.6394190157480315
20
1.2089648818897638
11
0.6395325984251968
21
1.208899251968504
0
LINE
8
BLACK
6
CONTINUOUS
10
0.6395325984251968
20
1.208899251968504
11
0.6399161811023621
21
1.208831653543307
0
LINE
8
BLACK
6
CONTINUOUS
10
0.6399161811023621
20
1.208831653543307
11
0.6405038582677165
21
1.2083385039370078
0
LINE
8
BLACK
6
CONTINUOUS
10
0.6405038582677165
20
1.2083385039370078
11
0.641168188976378
21
1.2079549606299211
0
LINE
8
BLACK
6
CONTINUOUS
10
0.641168188976378
20
1.2079549606299211
11
0.6412592913385826
21
1.2077046062992125
0
LINE
8
BLACK
6
CONTINUOUS
10
0.6412592913385826
20
1.2077046062992125
11
0.6414634251968504
21
1.2075333464566929
0
LINE
8
BLACK
6
CONTINUOUS
10
0.6414634251968504
20
1.2075333464566929
11
0.6415966535433071
21
1.2067777559055117
0
LINE
8
BLACK
6
CONTINUOUS
10
0.6415966535433071
20
1.2067777559055117
11
0.6418590157480315
21
1.2060569685039371
0
LINE
8
BLACK
6
CONTINUOUS
10
0.6418590157480315
20
1.2060569685039371
11
0.6418590157480315
21
1.1910588582677164
0
LINE
8
BLACK
6
CONTINUOUS
10
0.6418590157480315
20
1.1910588582677164
11
0.6416809448818898
21
1.190048937007874
0
LINE
8
BLACK
6
CONTINUOUS
10
0.6416809448818898
20
1.190048937007874
11
0.6415674409448818
21
1.1899136614173229
0
LINE
8
BLACK
6
CONTINUOUS
10
0.6415674409448818
20
1.1899136614173229
11
0.6415472834645669
21
1.1897383464566929
0
LINE
8
BLACK
6
CONTINUOUS
10
0.6415472834645669
20
1.1897383464566929
11
0.6396725196850394
21
1.1859888188976377
0
LINE
8
BLACK
6
CONTINUOUS
10
0.6396725196850394
20
1.1859888188976377
11
0.6391465354330709
21
1.1852796850393701
0
LINE
8
BLACK
6
CONTINUOUS
10
0.6391465354330709
20
1.1852796850393701
11
0.6391193700787401
21
1.1852213779527558
0
LINE
8
BLACK
6
CONTINUOUS
10
0.6391193700787401
20
1.1852213779527558
11
0.6372445669291339
21
1.1833466141732283
0
LINE
8
BLACK
6
CONTINUOUS
10
0.6372445669291339
20
1.1833466141732283
11
0.6365214960629921
21
1.1828403149606299
0
LINE
8
BLACK
6
CONTINUOUS
10
0.6365214960629921
20
1.1828403149606299
11
0.6364772047244094
21
1.1827935433070866
0
LINE
8
BLACK
6
CONTINUOUS
10
0.6364772047244094
20
1.1827935433070866
11
0.6327276771653543
21
1.1809187795275591
0
LINE
8
BLACK
6
CONTINUOUS
10
0.6327276771653543
20
1.1809187795275591
11
0.6317447244094488
21
1.1806264173228347
0
LINE
8
BLACK
6
CONTINUOUS
10
0.6317447244094488
20
1.1806264173228347
11
0.631573031496063
21
1.1806674015748031
0
LINE
8
BLACK
6
CONTINUOUS
10
0.631573031496063
20
1.1806674015748031
11
0.6314071653543307
21
1.1806070472440944
0
LINE
8
BLACK
6
CONTINUOUS
10
0.6314071653543307
20
1.1806070472440944
11
0.6257828740157481
21
1.1806070472440944
0
LINE
8
BLACK
6
CONTINUOUS
10
0.6257828740157481
20
1.1806070472440944
11
0.6247729527559055
21
1.1807851181102362
0
LINE
8
BLACK
6
CONTINUOUS
10
0.6247729527559055
20
1.1807851181102362
11
0.6246376771653543
21
1.1808985826771654
0
LINE
8
BLACK
6
CONTINUOUS
10
0.6246376771653543
20
1.1808985826771654
11
0.6244623622047244
21
1.1809187795275591
0
LINE
8
BLACK
6
CONTINUOUS
10
0.6244623622047244
20
1.1809187795275591
11
0.6207128346456693
21
1.1827935433070866
0
LINE
8
BLACK
6
CONTINUOUS
10
0.6207128346456693
20
1.1827935433070866
11
0.6200037401574803
21
1.1833194094488189
0
LINE
8
BLACK
6
CONTINUOUS
10
0.6200037401574803
20
1.1833194094488189
11
0.6199454330708661
21
1.183346653543307
0
LINE
8
BLACK
6
CONTINUOUS
10
0.6199454330708661
20
1.183346653543307
11
0.6180706692913386
21
1.1852214173228346
0
LINE
8
BLACK
6
CONTINUOUS
10
0.6180706692913386
20
1.1852214173228346
11
0.6174824803149607
21
1.1860614566929133
0
LINE
8
BLACK
6
CONTINUOUS
10
0.6174824803149607
20
1.1860614566929133
11
0.6174808267716535
21
1.1860800393700788
0
LINE
8
BLACK
6
CONTINUOUS
10
0.6174808267716535
20
1.1860800393700788
11
0.6166222047244094
21
1.1852214173228346
0
LINE
8
BLACK
6
CONTINUOUS
10
0.6166222047244094
20
1.1852214173228346
11
0.6158990944881889
21
1.1847151181102362
0
LINE
8
BLACK
6
CONTINUOUS
10
0.6158990944881889
20
1.1847151181102362
11
0.6158548031496063
21
1.1846683070866142
0
LINE
8
BLACK
6
CONTINUOUS
10
0.6158548031496063
20
1.1846683070866142
11
0.6121052755905512
21
1.1827935433070866
0
LINE
8
BLACK
6
CONTINUOUS
10
0.6121052755905512
20
1.1827935433070866
11
0.6111223228346456
21
1.1825011811023622
0
LINE
8
BLACK
6
CONTINUOUS
10
0.6111223228346456
20
1.1825011811023622
11
0.6109506299212598
21
1.1825421653543307
0
LINE
8
BLACK
6
CONTINUOUS
10
0.6109506299212598
20
1.1825421653543307
11
0.6107847637795275
21
1.1824818110236219
0
LINE
8
BLACK
6
CONTINUOUS
10
0.6107847637795275
20
1.1824818110236219
11
0.6070352362204724
21
1.1824818110236219
0
LINE
8
BLACK
6
CONTINUOUS
10
0.6070352362204724
20
1.1824818110236219
11
0.6060253149606299
21
1.1826598818897638
0
LINE
8
BLACK
6
CONTINUOUS
10
0.6060253149606299
20
1.1826598818897638
11
0.6058900393700787
21
1.182773346456693
0
LINE
8
BLACK
6
CONTINUOUS
10
0.6058900393700787
20
1.182773346456693
11
0.6057147244094488
21
1.1827935433070866
0
LINE
8
BLACK
6
CONTINUOUS
10
0.6057147244094488
20
1.1827935433070866
11
0.6019651968503937
21
1.1846683070866142
0
LINE
8
BLACK
6
CONTINUOUS
10
0.6019651968503937
20
1.1846683070866142
11
0.6012561023622047
21
1.1851941732283464
0
LINE
8
BLACK
6
CONTINUOUS
10
0.6012561023622047
20
1.1851941732283464
11
0.6011977952755906
21
1.1852214173228346
0
LINE
8
BLACK
6
CONTINUOUS
10
0.6011977952755906
20
1.1852214173228346
11
0.599323031496063
21
1.1870961811023621
0
LINE
8
BLACK
6
CONTINUOUS
10
0.599323031496063
20
1.1870961811023621
11
0.5988167322834645
21
1.187819251968504
0
LINE
8
BLACK
6
CONTINUOUS
10
0.5988167322834645
20
1.187819251968504
11
0.5987699212598425
21
1.1878635826771653
0
LINE
8
BLACK
6
CONTINUOUS
10
0.5987699212598425
20
1.1878635826771653
11
0.596895157480315
21
1.1916131102362204
0
LINE
8
BLACK
6
CONTINUOUS
10
0.596895157480315
20
1.1916131102362204
11
0.5966027952755906
21
1.1925960629921259
0
LINE
8
BLACK
6
CONTINUOUS
10
0.5966027952755906
20
1.1925960629921259
11
0.5966437795275591
21
1.1927677165354331
0
LINE
8
BLACK
6
CONTINUOUS
10
0.5966437795275591
20
1.1927677165354331
11
0.5965834251968504
21
1.192933622047244
0
LINE
8
BLACK
6
CONTINUOUS
10
0.5965834251968504
20
1.192933622047244
11
0.5965834251968504
21
1.2060569685039371
0
LINE
8
BLACK
6
CONTINUOUS
10
0.5965834251968504
20
1.2060569685039371
11
0.5966510236220472
21
1.2064404724409448
0
LINE
8
BLACK
6
CONTINUOUS
10
0.5966510236220472
20
1.2064404724409448
11
0.5966282677165354
21
1.2065697244094489
0
LINE
8
BLACK
6
CONTINUOUS
10
0.5966282677165354
20
1.2065697244094489
11
0.5966938582677165
21
1.2066833070866141
0
LINE
8
BLACK
6
CONTINUOUS
10
0.5966938582677165
20
1.2066833070866141
11
0.5967614960629921
21
1.2070668897637795
0
LINE
8
BLACK
6
CONTINUOUS
10
0.5967614960629921
20
1.2070668897637795
11
0.5972546062992126
21
1.2076545669291339
0
LINE
8
BLACK
6
CONTINUOUS
10
0.5972546062992126
20
1.2076545669291339
11
0.597638188976378
21
1.2083188976377952
0
LINE
8
BLACK
6
CONTINUOUS
10
0.597638188976378
20
1.2083188976377952
11
0.5978885039370079
21
1.20841
0
LINE
8
BLACK
6
CONTINUOUS
10
0.5978885039370079
20
1.20841
11
0.5980598031496063
21
1.2086141338582677
0
LINE
8
BLACK
6
CONTINUOUS
10
0.5980598031496063
20
1.2086141338582677
11
0.5988153543307086
21
1.2087473622047245
0
LINE
8
BLACK
6
CONTINUOUS
10
0.5988153543307086
20
1.2087473622047245
11
0.5995361811023622
21
1.2090097244094489
0
LINE
8
BLACK
6
CONTINUOUS
10
0.5995361811023622
20
1.2090097244094489
11
0.6389062598425197
21
1.2090097244094489
0
LINE
8
BLACK
6
CONTINUOUS
10
0.6389062598425197
20
1.2090097244094489
11
0.6392897637795275
21
1.2089420866141731
0
LINE
8
BLACK
6
CONTINUOUS
10
0.6212365748031496
20
1.1934127559055119
11
0.6227393700787401
21
1.1889043307086613
0
LINE
8
BLACK
6
CONTINUOUS
10
0.6227393700787401
20
1.1889043307086613
11
0.6237824409448819
21
1.1878612992125983
0
LINE
8
BLACK
6
CONTINUOUS
10
0.6237824409448819
20
1.1878612992125983
11
0.6264799212598425
21
1.186512559055118
0
LINE
8
BLACK
6
CONTINUOUS
10
0.6264799212598425
20
1.186512559055118
11
0.6307101181102363
21
1.186512559055118
0
LINE
8
BLACK
6
CONTINUOUS
10
0.6307101181102363
20
1.186512559055118
11
0.6334075984251968
21
1.1878612992125983
0
LINE
8
BLACK
6
CONTINUOUS
10
0.6334075984251968
20
1.1878612992125983
11
0.6346047637795276
21
1.1890584251968503
0
LINE
8
BLACK
6
CONTINUOUS
10
0.6346047637795276
20
1.1890584251968503
11
0.6359535039370079
21
1.191755905511811
0
LINE
8
BLACK
6
CONTINUOUS
10
0.6359535039370079
20
1.191755905511811
11
0.6359535039370079
21
1.2031042125984253
0
LINE
8
BLACK
6
CONTINUOUS
10
0.6359535039370079
20
1.2031042125984253
11
0.6212365748031496
21
1.2031042125984253
0
LINE
8
BLACK
6
CONTINUOUS
10
0.6212365748031496
20
1.2031042125984253
11
0.6212365748031496
21
1.1934127559055119
0
LINE
8
BLACK
6
CONTINUOUS
10
0.602488937007874
20
1.1936306692913385
11
0.6038376771653543
21
1.1909331889763779
0
LINE
8
BLACK
6
CONTINUOUS
10
0.6038376771653543
20
1.1909331889763779
11
0.6050348031496063
21
1.1897360629921259
0
LINE
8
BLACK
6
CONTINUOUS
10
0.6050348031496063
20
1.1897360629921259
11
0.6077322834645669
21
1.1883873228346455
0
LINE
8
BLACK
6
CONTINUOUS
10
0.6077322834645669
20
1.1883873228346455
11
0.610087716535433
21
1.1883873228346455
0
LINE
8
BLACK
6
CONTINUOUS
10
0.610087716535433
20
1.1883873228346455
11
0.6127851968503937
21
1.1897360629921259
0
LINE
8
BLACK
6
CONTINUOUS
10
0.6127851968503937
20
1.1897360629921259
11
0.6139823228346457
21
1.1909331889763779
0
LINE
8
BLACK
6
CONTINUOUS
10
0.6139823228346457
20
1.1909331889763779
11
0.6153310629921259
21
1.1936306692913385
0
LINE
8
BLACK
6
CONTINUOUS
10
0.6153310629921259
20
1.1936306692913385
11
0.6153310629921259
21
1.2031042125984253
0
LINE
8
BLACK
6
CONTINUOUS
10
0.6153310629921259
20
1.2031042125984253
11
0.602488937007874
21
1.2031042125984253
0
LINE
8
BLACK
6
CONTINUOUS
10
0.602488937007874
20
1.2031042125984253
11
0.602488937007874
21
1.1936306692913385
0
LINE
8
BLACK
6
CONTINUOUS
10
0.7121700393700787
20
1.4408960629921259
11
0.7128608661417323
21
1.4389980708661416
0
LINE
8
BLACK
6
CONTINUOUS
10
0.7128608661417323
20
1.4389980708661416
11
0.7128608661417323
21
1.426952716535433
0
LINE
8
BLACK
6
CONTINUOUS
10
0.7128608661417323
20
1.426952716535433
11
0.7249062598425197
21
1.426952716535433
0
LINE
8
BLACK
6
CONTINUOUS
10
0.7249062598425197
20
1.426952716535433
11
0.7259161811023622
21
1.4267746456692914
0
LINE
8
BLACK
6
CONTINUOUS
10
0.7259161811023622
20
1.4267746456692914
11
0.7274634251968504
21
1.4254763385826772
0
LINE
8
BLACK
6
CONTINUOUS
10
0.7274634251968504
20
1.4254763385826772
11
0.7278141732283464
21
1.4234872047244094
0
LINE
8
BLACK
6
CONTINUOUS
10
0.7278141732283464
20
1.4234872047244094
11
0.726804251968504
21
1.421738031496063
0
LINE
8
BLACK
6
CONTINUOUS
10
0.726804251968504
20
1.421738031496063
11
0.7249062598425197
21
1.4210472047244094
0
LINE
8
BLACK
6
CONTINUOUS
10
0.7249062598425197
20
1.4210472047244094
11
0.7128608661417323
21
1.4210472047244094
0
LINE
8
BLACK
6
CONTINUOUS
10
0.7128608661417323
20
1.4210472047244094
11
0.7128608661417323
21
1.4090018503937007
0
LINE
8
BLACK
6
CONTINUOUS
10
0.7128608661417323
20
1.4090018503937007
11
0.7126827952755905
21
1.4079919291338583
0
LINE
8
BLACK
6
CONTINUOUS
10
0.7126827952755905
20
1.4079919291338583
11
0.7113844881889764
21
1.4064446850393701
0
LINE
8
BLACK
6
CONTINUOUS
10
0.7113844881889764
20
1.4064446850393701
11
0.7093953543307087
21
1.406093937007874
0
LINE
8
BLACK
6
CONTINUOUS
10
0.7093953543307087
20
1.406093937007874
11
0.7076461811023622
21
1.4071038582677164
0
LINE
8
BLACK
6
CONTINUOUS
10
0.7076461811023622
20
1.4071038582677164
11
0.7069553543307087
21
1.4090018503937007
0
LINE
8
BLACK
6
CONTINUOUS
10
0.7069553543307087
20
1.4090018503937007
11
0.7069553543307087
21
1.4210472047244094
0
LINE
8
BLACK
6
CONTINUOUS
10
0.7069553543307087
20
1.4210472047244094
11
0.69491
21
1.4210472047244094
0
LINE
8
BLACK
6
CONTINUOUS
10
0.69491
20
1.4210472047244094
11
0.6939000787401575
21
1.4212252755905512
0
LINE
8
BLACK
6
CONTINUOUS
10
0.6939000787401575
20
1.4212252755905512
11
0.6923528346456693
21
1.4225235826771654
0
LINE
8
BLACK
6
CONTINUOUS
10
0.6923528346456693
20
1.4225235826771654
11
0.6920020866141732
21
1.424512716535433
0
LINE
8
BLACK
6
CONTINUOUS
10
0.6920020866141732
20
1.424512716535433
11
0.6930120078740157
21
1.4262618897637795
0
LINE
8
BLACK
6
CONTINUOUS
10
0.6930120078740157
20
1.4262618897637795
11
0.69491
21
1.426952716535433
0
LINE
8
BLACK
6
CONTINUOUS
10
0.69491
20
1.426952716535433
11
0.7069553543307087
21
1.426952716535433
0
LINE
8
BLACK
6
CONTINUOUS
10
0.7069553543307087
20
1.426952716535433
11
0.7069553543307087
21
1.4389980708661416
0
LINE
8
BLACK
6
CONTINUOUS
10
0.7069553543307087
20
1.4389980708661416
11
0.7071334251968504
21
1.4400079921259843
0
LINE
8
BLACK
6
CONTINUOUS
10
0.7071334251968504
20
1.4400079921259843
11
0.7084317322834646
21
1.4415552362204724
0
LINE
8
BLACK
6
CONTINUOUS
10
0.7084317322834646
20
1.4415552362204724
11
0.7104208661417323
21
1.4419059842519684
0
LINE
8
BLACK
6
CONTINUOUS
10
0.7104208661417323
20
1.4419059842519684
11
0.7121700393700787
21
1.4408960629921259
0
LINE
8
BLACK
6
CONTINUOUS
10
0.8618907874015748
20
1.509410472440945
11
0.8625826771653543
21
1.5077401574803149
0
LINE
8
BLACK
6
CONTINUOUS
10
0.8625826771653543
20
1.5077401574803149
11
0.8625826771653543
21
1.5070866141732284
0
LINE
8
BLACK
6
CONTINUOUS
10
0.8625826771653543
20
1.5070866141732284
11
0.8828740157480315
21
1.5070866141732284
0
LINE
8
BLACK
6
CONTINUOUS
10
0.8828740157480315
20
1.5070866141732284
11
0.8845443307086615
21
1.5063947244094489
0
LINE
8
BLACK
6
CONTINUOUS
10
0.8845443307086615
20
1.5063947244094489
11
0.8852362204724409
21
1.5047244094488188
0
LINE
8
BLACK
6
CONTINUOUS
10
0.8852362204724409
20
1.5047244094488188
11
0.8845443307086615
21
1.5030540944881889
0
LINE
8
BLACK
6
CONTINUOUS
10
0.8845443307086615
20
1.5030540944881889
11
0.883267716535433
21
1.5025252755905512
0
LINE
8
BLACK
6
CONTINUOUS
10
0.883267716535433
20
1.5025252755905512
11
0.883267716535433
21
0.0974746850393701
0
LINE
8
BLACK
6
CONTINUOUS
10
0.883267716535433
20
0.0974746850393701
11
0.8845443307086615
21
0.096945905511811
0
LINE
8
BLACK
6
CONTINUOUS
10
0.8845443307086615
20
0.096945905511811
11
0.8852362204724409
21
0.0952755905511811
0
LINE
8
BLACK
6
CONTINUOUS
10
0.8852362204724409
20
0.0952755905511811
11
0.8845443307086615
21
0.0936052755905512
0
LINE
8
BLACK
6
CONTINUOUS
10
0.8845443307086615
20
0.0936052755905512
11
0.8828740157480315
21
0.0929133858267717
0
LINE
8
BLACK
6
CONTINUOUS
10
0.8828740157480315
20
0.0929133858267717
11
0.8809055118110236
21
0.0929133858267717
0
LINE
8
BLACK
6
CONTINUOUS
10
0.8809055118110236
20
0.0929133858267717
11
0.3671259842519685
21
0.0929133858267717
0
LINE
8
BLACK
6
CONTINUOUS
10
0.3671259842519685
20
0.0929133858267717
11
0.3654556692913385
21
0.0936052755905512
0
LINE
8
BLACK
6
CONTINUOUS
10
0.3654556692913385
20
0.0936052755905512
11
0.3647637795275591
21
0.0952755905511811
0
LINE
8
BLACK
6
CONTINUOUS
10
0.3647637795275591
20
0.0952755905511811
11
0.3647637795275591
21
1.5047244094488188
0
LINE
8
BLACK
6
CONTINUOUS
10
0.3647637795275591
20
1.5047244094488188
11
0.3654556692913385
21
1.5063947244094489
0
LINE
8
BLACK
6
CONTINUOUS
10
0.3654556692913385
20
1.5063947244094489
11
0.3671259842519685
21
1.5070866141732284
0
LINE
8
BLACK
6
CONTINUOUS
10
0.3671259842519685
20
1.5070866141732284
11
0.3854173228346456
21
1.5070866141732284
0
LINE
8
BLACK
6
CONTINUOUS
10
0.3854173228346456
20
1.5070866141732284
11
0.3854173228346456
21
1.5077401574803149
0
LINE
8
BLACK
6
CONTINUOUS
10
0.3854173228346456
20
1.5077401574803149
11
0.3861092125984252
21
1.509410472440945
0
LINE
8
BLACK
6
CONTINUOUS
10
0.3861092125984252
20
1.509410472440945
11
0.3877795275590551
21
1.5101023622047243
0
LINE
8
BLACK
6
CONTINUOUS
10
0.3877795275590551
20
1.5101023622047243
11
0.389449842519685
21
1.509410472440945
0
LINE
8
BLACK
6
CONTINUOUS
10
0.389449842519685
20
1.509410472440945
11
0.3901417322834645
21
1.5077401574803149
0
LINE
8
BLACK
6
CONTINUOUS
10
0.3901417322834645
20
1.5077401574803149
11
0.3901417322834645
21
1.5070866141732284
0
LINE
8
BLACK
6
CONTINUOUS
10
0.3901417322834645
20
1.5070866141732284
11
0.5428976377952756
21
1.5070866141732284
0
LINE
8
BLACK
6
CONTINUOUS
10
0.5428976377952756
20
1.5070866141732284
11
0.5428976377952756
21
1.5077401574803149
0
LINE
8
BLACK
6
CONTINUOUS
10
0.5428976377952756
20
1.5077401574803149
11
0.5435895275590551
21
1.509410472440945
0
LINE
8
BLACK
6
CONTINUOUS
10
0.5435895275590551
20
1.509410472440945
11
0.5452598425196851
21
1.5101023622047243
0
LINE
8
BLACK
6
CONTINUOUS
10
0.5452598425196851
20
1.5101023622047243
11
0.5469301574803149
21
1.509410472440945
0
LINE
8
BLACK
6
CONTINUOUS
10
0.5469301574803149
20
1.509410472440945
11
0.5476220472440945
21
1.5077401574803149
0
LINE
8
BLACK
6
CONTINUOUS
10
0.5476220472440945
20
1.5077401574803149
11
0.5476220472440945
21
1.5070866141732284
0
LINE
8
BLACK
6
CONTINUOUS
10
0.5476220472440945
20
1.5070866141732284
11
0.7003779527559055
21
1.5070866141732284
0
LINE
8
BLACK
6
CONTINUOUS
10
0.7003779527559055
20
1.5070866141732284
11
0.7003779527559055
21
1.5077401574803149
0
LINE
8
BLACK
6
CONTINUOUS
10
0.7003779527559055
20
1.5077401574803149
11
0.7010698425196851
21
1.509410472440945
0
LINE
8
BLACK
6
CONTINUOUS
10
0.7010698425196851
20
1.509410472440945
11
0.7027401574803149
21
1.5101023622047243
0
LINE
8
BLACK
6
CONTINUOUS
10
0.7027401574803149
20
1.5101023622047243
11
0.7044104724409449
21
1.509410472440945
0
LINE
8
BLACK
6
CONTINUOUS
10
0.7044104724409449
20
1.509410472440945
11
0.7051023622047244
21
1.5077401574803149
0
LINE
8
BLACK
6
CONTINUOUS
10
0.7051023622047244
20
1.5077401574803149
11
0.7051023622047244
21
1.5070866141732284
0
LINE
8
BLACK
6
CONTINUOUS
10
0.7051023622047244
20
1.5070866141732284
11
0.8578582677165354
21
1.5070866141732284
0
LINE
8
BLACK
6
CONTINUOUS
10
0.8578582677165354
20
1.5070866141732284
11
0.8578582677165354
21
1.5077401574803149
0
LINE
8
BLACK
6
CONTINUOUS
10
0.8578582677165354
20
1.5077401574803149
11
0.8585501574803149
21
1.509410472440945
0
LINE
8
BLACK
6
CONTINUOUS
10
0.8585501574803149
20
1.509410472440945
11
0.8602204724409449
21
1.5101023622047243
0
LINE
8
BLACK
6
CONTINUOUS
10
0.8602204724409449
20
1.5101023622047243
11
0.8618907874015748
21
1.509410472440945
0
LINE
8
BLACK
6
CONTINUOUS
10
0.8625826771653543
20
1.5023622047244094
11
0.8625826771653543
21
1.3896299212598424
0
LINE
8
BLACK
6
CONTINUOUS
10
0.8625826771653543
20
1.3896299212598424
11
0.8624670472440945
21
1.3893507480314959
0
LINE
8
BLACK
6
CONTINUOUS
10
0.8624670472440945
20
1.3893507480314959
11
0.8624670472440945
21
1.3888999606299213
0
LINE
8
BLACK
6
CONTINUOUS
10
0.8624670472440945
20
1.3888999606299213
11
0.8620325984251969
21
1.3883020078740158
0
LINE
8
BLACK
6
CONTINUOUS
10
0.8620325984251969
20
1.3883020078740158
11
0.8618907874015748
21
1.3879596062992126
0
LINE
8
BLACK
6
CONTINUOUS
10
0.8618907874015748
20
1.3879596062992126
11
0.8617377952755906
21
1.387896220472441
0
LINE
8
BLACK
6
CONTINUOUS
10
0.8617377952755906
20
1.387896220472441
11
0.861608937007874
21
1.3877188582677165
0
LINE
8
BLACK
6
CONTINUOUS
10
0.861608937007874
20
1.3877188582677165
11
0.8602204724409449
21
1.387267716535433
0
LINE
8
BLACK
6
CONTINUOUS
10
0.8602204724409449
20
1.387267716535433
11
0.8552144094488189
21
1.387267716535433
0
LINE
8
BLACK
6
CONTINUOUS
10
0.8552144094488189
20
1.387267716535433
11
0.8452879133858268
21
1.3859608661417322
0
LINE
8
BLACK
6
CONTINUOUS
10
0.8452879133858268
20
1.3859608661417322
11
0.8356168897637795
21
1.3833695669291339
0
LINE
8
BLACK
6
CONTINUOUS
10
0.8356168897637795
20
1.3833695669291339
11
0.8263668897637795
21
1.3795380708661418
0
LINE
8
BLACK
6
CONTINUOUS
10
0.8263668897637795
20
1.3795380708661418
11
0.8176961023622047
21
1.374531968503937
0
LINE
8
BLACK
6
CONTINUOUS
10
0.8176961023622047
20
1.374531968503937
11
0.8097529133858268
21
1.368436968503937
0
LINE
8
BLACK
6
CONTINUOUS
10
0.8097529133858268
20
1.368436968503937
11
0.8026732677165355
21
1.3613573228346456
0
LINE
8
BLACK
6
CONTINUOUS
10
0.8026732677165355
20
1.3613573228346456
11
0.7965782677165354
21
1.3534141338582677
0
LINE
8
BLACK
6
CONTINUOUS
10
0.7965782677165354
20
1.3534141338582677
11
0.7915721653543307
21
1.3447433464566929
0
LINE
8
BLACK
6
CONTINUOUS
10
0.7915721653543307
20
1.3447433464566929
11
0.7877406692913386
21
1.3354933464566929
0
LINE
8
BLACK
6
CONTINUOUS
10
0.7877406692913386
20
1.3354933464566929
11
0.7851493700787402
21
1.3258223228346457
0
LINE
8
BLACK
6
CONTINUOUS
10
0.7851493700787402
20
1.3258223228346457
11
0.7838425196850394
21
1.3158958267716536
0
LINE
8
BLACK
6
CONTINUOUS
10
0.7838425196850394
20
1.3158958267716536
11
0.7838425196850394
21
1.3108897637795276
0
LINE
8
BLACK
6
CONTINUOUS
10
0.7838425196850394
20
1.3108897637795276
11
0.7838425196850394
21
0.9171889763779527
0
LINE
8
BLACK
6
CONTINUOUS
10
0.7838425196850394
20
0.9171889763779527
11
0.7838425196850394
21
0.9121829133858268
0
LINE
8
BLACK
6
CONTINUOUS
10
0.7838425196850394
20
0.9121829133858268
11
0.7851493700787402
21
0.9022564173228346
0
LINE
8
BLACK
6
CONTINUOUS
10
0.7851493700787402
20
0.9022564173228346
11
0.7877406692913386
21
0.8925853937007874
0
LINE
8
BLACK
6
CONTINUOUS
10
0.7877406692913386
20
0.8925853937007874
11
0.7915721653543307
21
0.8833353937007874
0
LINE
8
BLACK
6
CONTINUOUS
10
0.7915721653543307
20
0.8833353937007874
11
0.7965782677165354
21
0.8746646062992126
0
LINE
8
BLACK
6
CONTINUOUS
10
0.7965782677165354
20
0.8746646062992126
11
0.8026732677165355
21
0.8667214173228346
0
LINE
8
BLACK
6
CONTINUOUS
10
0.8026732677165355
20
0.8667214173228346
11
0.8097529133858268
21
0.8596417716535433
0
LINE
8
BLACK
6
CONTINUOUS
10
0.8097529133858268
20
0.8596417716535433
11
0.8176961023622047
21
0.8535467716535433
0
LINE
8
BLACK
6
CONTINUOUS
10
0.8176961023622047
20
0.8535467716535433
11
0.8263668897637795
21
0.8485406692913385
0
LINE
8
BLACK
6
CONTINUOUS
10
0.8263668897637795
20
0.8485406692913385
11
0.8356168897637795
21
0.8447091732283465
0
LINE
8
BLACK
6
CONTINUOUS
10
0.8356168897637795
20
0.8447091732283465
11
0.8452879133858268
21
0.842117874015748
0
LINE
8
BLACK
6
CONTINUOUS
10
0.8452879133858268
20
0.842117874015748
11
0.8552144094488189
21
0.8408110236220472
0
LINE
8
BLACK
6
CONTINUOUS
10
0.8552144094488189
20
0.8408110236220472
11
0.8602204724409449
21
0.8408110236220472
0
LINE
8
BLACK
6
CONTINUOUS
10
0.8602204724409449
20
0.8408110236220472
11
0.861608937007874
21
0.8403598818897637
0
LINE
8
BLACK
6
CONTINUOUS
10
0.861608937007874
20
0.8403598818897637
11
0.8624670472440945
21
0.839178779527559
0
LINE
8
BLACK
6
CONTINUOUS
10
0.8624670472440945
20
0.839178779527559
11
0.8624670472440945
21
0.8377188582677165
0
LINE
8
BLACK
6
CONTINUOUS
10
0.8624670472440945
20
0.8377188582677165
11
0.861608937007874
21
0.8365377559055118
0
LINE
8
BLACK
6
CONTINUOUS
10
0.861608937007874
20
0.8365377559055118
11
0.8602204724409449
21
0.8360866141732284
0
LINE
8
BLACK
6
CONTINUOUS
10
0.8602204724409449
20
0.8360866141732284
11
0.8496344881889764
21
0.8367804724409449
0
LINE
8
BLACK
6
CONTINUOUS
10
0.8496344881889764
20
0.8367804724409449
11
0.8392296456692914
21
0.8388501181102362
0
LINE
8
BLACK
6
CONTINUOUS
10
0.8392296456692914
20
0.8388501181102362
11
0.829183937007874
21
0.8422601574803149
0
LINE
8
BLACK
6
CONTINUOUS
10
0.829183937007874
20
0.8422601574803149
11
0.8196692913385827
21
0.8469522834645669
0
LINE
8
BLACK
6
CONTINUOUS
10
0.8196692913385827
20
0.8469522834645669
11
0.8108484645669292
21
0.8528461417322835
0
LINE
8
BLACK
6
CONTINUOUS
10
0.8108484645669292
20
0.8528461417322835
11
0.8028724409448819
21
0.8598409448818898
0
LINE
8
BLACK
6
CONTINUOUS
10
0.8028724409448819
20
0.8598409448818898
11
0.7958776377952755
21
0.867816968503937
0
LINE
8
BLACK
6
CONTINUOUS
10
0.7958776377952755
20
0.867816968503937
11
0.789983779527559
21
0.8766377952755905
0
LINE
8
BLACK
6
CONTINUOUS
10
0.789983779527559
20
0.8766377952755905
11
0.7852916535433071
21
0.8861524409448819
0
LINE
8
BLACK
6
CONTINUOUS
10
0.7852916535433071
20
0.8861524409448819
11
0.7818816141732283
21
0.8961981496062992
0
LINE
8
BLACK
6
CONTINUOUS
10
0.7818816141732283
20
0.8961981496062992
11
0.779811968503937
21
0.9066029921259843
0
LINE
8
BLACK
6
CONTINUOUS
10
0.779811968503937
20
0.9066029921259843
11
0.7791181102362205
21
0.9171889763779527
0
LINE
8
BLACK
6
CONTINUOUS
10
0.7791181102362205
20
0.9171889763779527
11
0.7791181102362205
21
1.3108897637795276
0
LINE
8
BLACK
6
CONTINUOUS
10
0.7791181102362205
20
1.3108897637795276
11
0.779811968503937
21
1.321475748031496
0
LINE
8
BLACK
6
CONTINUOUS
10
0.779811968503937
20
1.321475748031496
11
0.7818816141732283
21
1.331880590551181
0
LINE
8
BLACK
6
CONTINUOUS
10
0.7818816141732283
20
1.331880590551181
11
0.7852916535433071
21
1.3419262992125984
0
LINE
8
BLACK
6
CONTINUOUS
10
0.7852916535433071
20
1.3419262992125984
11
0.789983779527559
21
1.3514409448818898
0
LINE
8
BLACK
6
CONTINUOUS
10
0.789983779527559
20
1.3514409448818898
11
0.7958776377952755
21
1.3602617716535432
0
LINE
8
BLACK
6
CONTINUOUS
10
0.7958776377952755
20
1.3602617716535432
11
0.8028724409448819
21
1.3682377952755904
0
LINE
8
BLACK
6
CONTINUOUS
10
0.8028724409448819
20
1.3682377952755904
11
0.8108484645669292
21
1.3752325984251967
0
LINE
8
BLACK
6
CONTINUOUS
10
0.8108484645669292
20
1.3752325984251967
11
0.8196692913385827
21
1.3811264566929133
0
LINE
8
BLACK
6
CONTINUOUS
10
0.8196692913385827
20
1.3811264566929133
11
0.829183937007874
21
1.3858185826771654
0
LINE
8
BLACK
6
CONTINUOUS
10
0.829183937007874
20
1.3858185826771654
11
0.8392296456692914
21
1.3892286220472441
0
LINE
8
BLACK
6
CONTINUOUS
10
0.8392296456692914
20
1.3892286220472441
11
0.8496344881889764
21
1.3912982677165353
0
LINE
8
BLACK
6
CONTINUOUS
10
0.8496344881889764
20
1.3912982677165353
11
0.8578582677165354
21
1.3918372834645669
0
LINE
8
BLACK
6
CONTINUOUS
10
0.8578582677165354
20
1.3918372834645669
11
0.8578582677165354
21
1.5023622047244094
0
LINE
8
BLACK
6
CONTINUOUS
10
0.8578582677165354
20
1.5023622047244094
11
0.7051023622047244
21
1.5023622047244094
0
LINE
8
BLACK
6
CONTINUOUS
10
0.7051023622047244
20
1.5023622047244094
11
0.7051023622047244
21
1.4683700787401575
0
LINE
8
BLACK
6
CONTINUOUS
10
0.7051023622047244
20
1.4683700787401575
11
0.7044104724409449
21
1.4666997637795276
0
LINE
8
BLACK
6
CONTINUOUS
10
0.7044104724409449
20
1.4666997637795276
11
0.7027401574803149
21
1.4660078740157481
0
LINE
8
BLACK
6
CONTINUOUS
10
0.7027401574803149
20
1.4660078740157481
11
0.7010698425196851
21
1.4666997637795276
0
LINE
8
BLACK
6
CONTINUOUS
10
0.7010698425196851
20
1.4666997637795276
11
0.7003779527559055
21
1.4683700787401575
0
LINE
8
BLACK
6
CONTINUOUS
10
0.7003779527559055
20
1.4683700787401575
11
0.7003779527559055
21
1.5023622047244094
0
LINE
8
BLACK
6
CONTINUOUS
10
0.7003779527559055
20
1.5023622047244094
11
0.5476220472440945
21
1.5023622047244094
0
LINE
8
BLACK
6
CONTINUOUS
10
0.5476220472440945
20
1.5023622047244094
11
0.5476220472440945
21
1.4683700787401575
0
LINE
8
BLACK
6
CONTINUOUS
10
0.5476220472440945
20
1.4683700787401575
11
0.5469301574803149
21
1.4666997637795276
0
LINE
8
BLACK
6
CONTINUOUS
10
0.5469301574803149
20
1.4666997637795276
11
0.5452598425196851
21
1.4660078740157481
0
LINE
8
BLACK
6
CONTINUOUS
10
0.5452598425196851
20
1.4660078740157481
11
0.5435895275590551
21
1.4666997637795276
0
LINE
8
BLACK
6
CONTINUOUS
10
0.5435895275590551
20
1.4666997637795276
11
0.5428976377952756
21
1.4683700787401575
0
LINE
8
BLACK
6
CONTINUOUS
10
0.5428976377952756
20
1.4683700787401575
11
0.5428976377952756
21
1.5023622047244094
0
LINE
8
BLACK
6
CONTINUOUS
10
0.5428976377952756
20
1.5023622047244094
11
0.3901417322834645
21
1.5023622047244094
0
LINE
8
BLACK
6
CONTINUOUS
10
0.3901417322834645
20
1.5023622047244094
11
0.3901417322834645
21
1.3918372834645669
0
LINE
8
BLACK
6
CONTINUOUS
10
0.3901417322834645
20
1.3918372834645669
11
0.3983655118110236
21
1.3912982677165353
0
LINE
8
BLACK
6
CONTINUOUS
10
0.3983655118110236
20
1.3912982677165353
11
0.4087703543307086
21
1.3892286220472441
0
LINE
8
BLACK
6
CONTINUOUS
10
0.4087703543307086
20
1.3892286220472441
11
0.418816062992126
21
1.3858185826771654
0
LINE
8
BLACK
6
CONTINUOUS
10
0.418816062992126
20
1.3858185826771654
11
0.4283307086614173
21
1.3811264566929133
0
LINE
8
BLACK
6
CONTINUOUS
10
0.4283307086614173
20
1.3811264566929133
11
0.4371515354330708
21
1.3752325984251967
0
LINE
8
BLACK
6
CONTINUOUS
10
0.4371515354330708
20
1.3752325984251967
11
0.4451275590551181
21
1.3682377952755904
0
LINE
8
BLACK
6
CONTINUOUS
10
0.4451275590551181
20
1.3682377952755904
11
0.4521223622047244
21
1.3602617716535432
0
LINE
8
BLACK
6
CONTINUOUS
10
0.4521223622047244
20
1.3602617716535432
11
0.4580162204724409
21
1.3514409448818898
0
LINE
8
BLACK
6
CONTINUOUS
10
0.4580162204724409
20
1.3514409448818898
11
0.4627083464566929
21
1.3419262992125984
0
LINE
8
BLACK
6
CONTINUOUS
10
0.4627083464566929
20
1.3419262992125984
11
0.4661183858267716
21
1.331880590551181
0
LINE
8
BLACK
6
CONTINUOUS
10
0.4661183858267716
20
1.331880590551181
11
0.468188031496063
21
1.321475748031496
0
LINE
8
BLACK
6
CONTINUOUS
10
0.468188031496063
20
1.321475748031496
11
0.4688818897637795
21
1.3108897637795276
0
LINE
8
BLACK
6
CONTINUOUS
10
0.4688818897637795
20
1.3108897637795276
11
0.4688818897637795
21
0.9171889763779527
0
LINE
8
BLACK
6
CONTINUOUS
10
0.4688818897637795
20
0.9171889763779527
11
0.468188031496063
21
0.9066029921259843
0
LINE
8
BLACK
6
CONTINUOUS
10
0.468188031496063
20
0.9066029921259843
11
0.4661183858267716
21
0.8961981496062992
0
LINE
8
BLACK
6
CONTINUOUS
10
0.4661183858267716
20
0.8961981496062992
11
0.4627083464566929
21
0.8861524409448819
0
LINE
8
BLACK
6
CONTINUOUS
10
0.4627083464566929
20
0.8861524409448819
11
0.4580162204724409
21
0.8766377952755905
0
LINE
8
BLACK
6
CONTINUOUS
10
0.4580162204724409
20
0.8766377952755905
11
0.4521223622047244
21
0.867816968503937
0
LINE
8
BLACK
6
CONTINUOUS
10
0.4521223622047244
20
0.867816968503937
11
0.4451275590551181
21
0.8598409448818898
0
LINE
8
BLACK
6
CONTINUOUS
10
0.4451275590551181
20
0.8598409448818898
11
0.4371515354330708
21
0.8528461417322835
0
LINE
8
BLACK
6
CONTINUOUS
10
0.4371515354330708
20
0.8528461417322835
11
0.4283307086614173
21
0.8469522834645669
0
LINE
8
BLACK
6
CONTINUOUS
10
0.4283307086614173
20
0.8469522834645669
11
0.418816062992126
21
0.8422601574803149
0
LINE
8
BLACK
6
CONTINUOUS
10
0.418816062992126
20
0.8422601574803149
11
0.4087703543307086
21
0.8388501181102362
0
LINE
8
BLACK
6
CONTINUOUS
10
0.4087703543307086
20
0.8388501181102362
11
0.3983655118110236
21
0.8367804724409449
0
LINE
8
BLACK
6
CONTINUOUS
10
0.3983655118110236
20
0.8367804724409449
11
0.3877795275590551
21
0.8360866141732284
0
LINE
8
BLACK
6
CONTINUOUS
10
0.3877795275590551
20
0.8360866141732284
11
0.386391062992126
21
0.8365377559055118
0
LINE
8
BLACK
6
CONTINUOUS
10
0.386391062992126
20
0.8365377559055118
11
0.3855329527559055
21
0.8377188582677165
0
LINE
8
BLACK
6
CONTINUOUS
10
0.3855329527559055
20
0.8377188582677165
11
0.3855329527559055
21
0.839178779527559
0
LINE
8
BLACK
6
CONTINUOUS
10
0.3855329527559055
20
0.839178779527559
11
0.386391062992126
21
0.8403598818897637
0
LINE
8
BLACK
6
CONTINUOUS
10
0.386391062992126
20
0.8403598818897637
11
0.3877795275590551
21
0.8408110236220472
0
LINE
8
BLACK
6
CONTINUOUS
10
0.3877795275590551
20
0.8408110236220472
11
0.3927855905511811
21
0.8408110236220472
0
LINE
8
BLACK
6
CONTINUOUS
10
0.3927855905511811
20
0.8408110236220472
11
0.4027120866141732
21
0.842117874015748
0
LINE
8
BLACK
6
CONTINUOUS
10
0.4027120866141732
20
0.842117874015748
11
0.4123831102362205
21
0.8447091732283465
0
LINE
8
BLACK
6
CONTINUOUS
10
0.4123831102362205
20
0.8447091732283465
11
0.4216331102362205
21
0.8485406692913385
0
LINE
8
BLACK
6
CONTINUOUS
10
0.4216331102362205
20
0.8485406692913385
11
0.4303038976377953
21
0.8535467716535433
0
LINE
8
BLACK
6
CONTINUOUS
10
0.4303038976377953
20
0.8535467716535433
11
0.4382470866141732
21
0.8596417716535433
0
LINE
8
BLACK
6
CONTINUOUS
10
0.4382470866141732
20
0.8596417716535433
11
0.4453267322834645
21
0.8667214173228346
0
LINE
8
BLACK
6
CONTINUOUS
10
0.4453267322834645
20
0.8667214173228346
11
0.4514217322834645
21
0.8746646062992126
0
LINE
8
BLACK
6
CONTINUOUS
10
0.4514217322834645
20
0.8746646062992126
11
0.4564278346456693
21
0.8833353937007874
0
LINE
8
BLACK
6
CONTINUOUS
10
0.4564278346456693
20
0.8833353937007874
11
0.4602593307086614
21
0.8925853937007874
0
LINE
8
BLACK
6
CONTINUOUS
10
0.4602593307086614
20
0.8925853937007874
11
0.4628506299212599
21
0.9022564173228346
0
LINE
8
BLACK
6
CONTINUOUS
10
0.4628506299212599
20
0.9022564173228346
11
0.4641574803149606
21
0.9121829133858268
0
LINE
8
BLACK
6
CONTINUOUS
10
0.4641574803149606
20
0.9121829133858268
11
0.4641574803149606
21
0.9171889763779527
0
LINE
8
BLACK
6
CONTINUOUS
10
0.4641574803149606
20
0.9171889763779527
11
0.4641574803149606
21
1.3108897637795276
0
LINE
8
BLACK
6
CONTINUOUS
10
0.4641574803149606
20
1.3108897637795276
11
0.4641574803149606
21
1.3158958267716536
0
LINE
8
BLACK
6
CONTINUOUS
10
0.4641574803149606
20
1.3158958267716536
11
0.4628506299212599
21
1.3258223228346457
0
LINE
8
BLACK
6
CONTINUOUS
10
0.4628506299212599
20
1.3258223228346457
11
0.4602593307086614
21
1.3354933464566929
0
LINE
8
BLACK
6
CONTINUOUS
10
0.4602593307086614
20
1.3354933464566929
11
0.4564278346456693
21
1.3447433464566929
0
LINE
8
BLACK
6
CONTINUOUS
10
0.4564278346456693
20
1.3447433464566929
11
0.4514217322834645
21
1.3534141338582677
0
LINE
8
BLACK
6
CONTINUOUS
10
0.4514217322834645
20
1.3534141338582677
11
0.4453267322834645
21
1.3613573228346456
0
LINE
8
BLACK
6
CONTINUOUS
10
0.4453267322834645
20
1.3613573228346456
11
0.4382470866141732
21
1.368436968503937
0
LINE
8
BLACK
6
CONTINUOUS
10
0.4382470866141732
20
1.368436968503937
11
0.4303038976377953
21
1.374531968503937
0
LINE
8
BLACK
6
CONTINUOUS
10
0.4303038976377953
20
1.374531968503937
11
0.4216331102362205
21
1.3795380708661418
0
LINE
8
BLACK
6
CONTINUOUS
10
0.4216331102362205
20
1.3795380708661418
11
0.4123831102362205
21
1.3833695669291339
0
LINE
8
BLACK
6
CONTINUOUS
10
0.4123831102362205
20
1.3833695669291339
11
0.4027120866141732
21
1.3859608661417322
0
LINE
8
BLACK
6
CONTINUOUS
10
0.4027120866141732
20
1.3859608661417322
11
0.3927855905511811
21
1.387267716535433
0
LINE
8
BLACK
6
CONTINUOUS
10
0.3927855905511811
20
1.387267716535433
11
0.3877795275590551
21
1.387267716535433
0
LINE
8
BLACK
6
CONTINUOUS
10
0.3877795275590551
20
1.387267716535433
11
0.386391062992126
21
1.3877188582677165
0
LINE
8
BLACK
6
CONTINUOUS
10
0.386391062992126
20
1.3877188582677165
11
0.3862621653543307
21
1.387896220472441
0
LINE
8
BLACK
6
CONTINUOUS
10
0.3862621653543307
20
1.387896220472441
11
0.3861092125984252
21
1.3879596062992126
0
LINE
8
BLACK
6
CONTINUOUS
10
0.3861092125984252
20
1.3879596062992126
11
0.3859673622047244
21
1.3883020078740158
0
LINE
8
BLACK
6
CONTINUOUS
10
0.3859673622047244
20
1.3883020078740158
11
0.3855329527559055
21
1.3888999606299213
0
LINE
8
BLACK
6
CONTINUOUS
10
0.3855329527559055
20
1.3888999606299213
11
0.3855329527559055
21
1.3893507480314959
0
LINE
8
BLACK
6
CONTINUOUS
10
0.3855329527559055
20
1.3893507480314959
11
0.3854173228346456
21
1.3896299212598424
0
LINE
8
BLACK
6
CONTINUOUS
10
0.3854173228346456
20
1.3896299212598424
11
0.3854173228346456
21
1.5023622047244094
0
LINE
8
BLACK
6
CONTINUOUS
10
0.3854173228346456
20
1.5023622047244094
11
0.3694881889763779
21
1.5023622047244094
0
LINE
8
BLACK
6
CONTINUOUS
10
0.3694881889763779
20
1.5023622047244094
11
0.3694881889763779
21
0.0976377952755905
0
LINE
8
BLACK
6
CONTINUOUS
10
0.3694881889763779
20
0.0976377952755905
11
0.8785433070866141
21
0.0976377952755905
0
LINE
8
BLACK
6
CONTINUOUS
10
0.8785433070866141
20
0.0976377952755905
11
0.8785433070866141
21
1.5023622047244094
0
LINE
8
BLACK
6
CONTINUOUS
10
0.8785433070866141
20
1.5023622047244094
11
0.8625826771653543
21
1.5023622047244094
0
LINE
8
BLACK
6
CONTINUOUS
10
0.9473655118110236
20
0.7919360629921259
11
0.9577703543307087
21
0.7898664173228346
0
LINE
8
BLACK
6
CONTINUOUS
10
0.9577703543307087
20
0.7898664173228346
11
0.967816062992126
21
0.7864563779527559
0
LINE
8
BLACK
6
CONTINUOUS
10
0.967816062992126
20
0.7864563779527559
11
0.9773307086614172
21
0.781764251968504
0
LINE
8
BLACK
6
CONTINUOUS
10
0.9773307086614172
20
0.781764251968504
11
0.9861515354330709
21
0.7758703937007874
0
LINE
8
BLACK
6
CONTINUOUS
10
0.9861515354330709
20
0.7758703937007874
11
0.9941275590551181
21
0.768875590551181
0
LINE
8
BLACK
6
CONTINUOUS
10
0.9941275590551181
20
0.768875590551181
11
1.0011223622047243
21
0.7608995669291339
0
LINE
8
BLACK
6
CONTINUOUS
10
1.0011223622047243
20
0.7608995669291339
11
1.0070162204724409
21
0.7520787401574803
0
LINE
8
BLACK
6
CONTINUOUS
10
1.0070162204724409
20
0.7520787401574803
11
1.0117083464566929
21
0.7425640944881889
0
LINE
8
BLACK
6
CONTINUOUS
10
1.0117083464566929
20
0.7425640944881889
11
1.0151183858267716
21
0.7325183858267716
0
LINE
8
BLACK
6
CONTINUOUS
10
1.0151183858267716
20
0.7325183858267716
11
1.0171880314960631
21
0.7221135433070865
0
LINE
8
BLACK
6
CONTINUOUS
10
1.0171880314960631
20
0.7221135433070865
11
1.0178818897637796
21
0.7115275590551181
0
LINE
8
BLACK
6
CONTINUOUS
10
1.0178818897637796
20
0.7115275590551181
11
1.0178818897637796
21
0.3178267716535433
0
LINE
8
BLACK
6
CONTINUOUS
10
1.0178818897637796
20
0.3178267716535433
11
1.0171880314960631
21
0.3072407874015748
0
LINE
8
BLACK
6
CONTINUOUS
10
1.0171880314960631
20
0.3072407874015748
11
1.0151183858267716
21
0.2968359448818897
0
LINE
8
BLACK
6
CONTINUOUS
10
1.0151183858267716
20
0.2968359448818897
11
1.0117083464566929
21
0.2867902362204724
0
LINE
8
BLACK
6
CONTINUOUS
10
1.0117083464566929
20
0.2867902362204724
11
1.0070162204724409
21
0.2772755905511811
0
LINE
8
BLACK
6
CONTINUOUS
10
1.0070162204724409
20
0.2772755905511811
11
1.0011223622047243
21
0.2684547637795275
0
LINE
8
BLACK
6
CONTINUOUS
10
1.0011223622047243
20
0.2684547637795275
11
0.9941275590551181
21
0.2604787401574803
0
LINE
8
BLACK
6
CONTINUOUS
10
0.9941275590551181
20
0.2604787401574803
11
0.9861515354330709
21
0.253483937007874
0
LINE
8
BLACK
6
CONTINUOUS
10
0.9861515354330709
20
0.253483937007874
11
0.9773307086614172
21
0.2475900787401575
0
LINE
8
BLACK
6
CONTINUOUS
10
0.9773307086614172
20
0.2475900787401575
11
0.967816062992126
21
0.2428979527559055
0
LINE
8
BLACK
6
CONTINUOUS
10
0.967816062992126
20
0.2428979527559055
11
0.9577703543307087
21
0.2394879133858268
0
LINE
8
BLACK
6
CONTINUOUS
10
0.9577703543307087
20
0.2394879133858268
11
0.9473655118110236
21
0.2374182677165354
0
LINE
8
BLACK
6
CONTINUOUS
10
0.9473655118110236
20
0.2374182677165354
11
0.9391417322834645
21
0.2368792125984252
0
LINE
8
BLACK
6
CONTINUOUS
10
0.9391417322834645
20
0.2368792125984252
11
0.9391417322834645
21
0.1209763779527559
0
LINE
8
BLACK
6
CONTINUOUS
10
0.9391417322834645
20
0.1209763779527559
11
0.938449842519685
21
0.119306062992126
0
LINE
8
BLACK
6
CONTINUOUS
10
0.938449842519685
20
0.119306062992126
11
0.9367795275590551
21
0.1186141732283465
0
LINE
8
BLACK
6
CONTINUOUS
10
0.9367795275590551
20
0.1186141732283465
11
0.9351092125984252
21
0.119306062992126
0
LINE
8
BLACK
6
CONTINUOUS
10
0.9351092125984252
20
0.119306062992126
11
0.9344173228346456
21
0.1209763779527559
0
LINE
8
BLACK
6
CONTINUOUS
10
0.9344173228346456
20
0.1209763779527559
11
0.9344173228346456
21
0.2390866141732284
0
LINE
8
BLACK
6
CONTINUOUS
10
0.9344173228346456
20
0.2390866141732284
11
0.9345329527559055
21
0.239365748031496
0
LINE
8
BLACK
6
CONTINUOUS
10
0.9345329527559055
20
0.239365748031496
11
0.9345329527559055
21
0.2398165748031496
0
LINE
8
BLACK
6
CONTINUOUS
10
0.9345329527559055
20
0.2398165748031496
11
0.9349673622047244
21
0.2404144881889764
0
LINE
8
BLACK
6
CONTINUOUS
10
0.9349673622047244
20
0.2404144881889764
11
0.9351092125984252
21
0.2407569291338583
0
LINE
8
BLACK
6
CONTINUOUS
10
0.9351092125984252
20
0.2407569291338583
11
0.9352621653543307
21
0.2408202755905512
0
LINE
8
BLACK
6
CONTINUOUS
10
0.9352621653543307
20
0.2408202755905512
11
0.9353910629921259
21
0.2409976771653543
0
LINE
8
BLACK
6
CONTINUOUS
10
0.9353910629921259
20
0.2409976771653543
11
0.9367795275590551
21
0.2414488188976378
0
LINE
8
BLACK
6
CONTINUOUS
10
0.9367795275590551
20
0.2414488188976378
11
0.9417855905511811
21
0.2414488188976378
0
LINE
8
BLACK
6
CONTINUOUS
10
0.9417855905511811
20
0.2414488188976378
11
0.9517120866141732
21
0.2427556692913386
0
LINE
8
BLACK
6
CONTINUOUS
10
0.9517120866141732
20
0.2427556692913386
11
0.9613831102362205
21
0.245346968503937
0
LINE
8
BLACK
6
CONTINUOUS
10
0.9613831102362205
20
0.245346968503937
11
0.9706331102362205
21
0.2491784645669291
0
LINE
8
BLACK
6
CONTINUOUS
10
0.9706331102362205
20
0.2491784645669291
11
0.9793038976377952
21
0.2541845669291338
0
LINE
8
BLACK
6
CONTINUOUS
10
0.9793038976377952
20
0.2541845669291338
11
0.9872470866141732
21
0.2602795669291338
0
LINE
8
BLACK
6
CONTINUOUS
10
0.9872470866141732
20
0.2602795669291338
11
0.9943267322834646
21
0.2673592125984252
0
LINE
8
BLACK
6
CONTINUOUS
10
0.9943267322834646
20
0.2673592125984252
11
1.0004217322834645
21
0.2753024015748031
0
LINE
8
BLACK
6
CONTINUOUS
10
1.0004217322834645
20
0.2753024015748031
11
1.0054278346456693
21
0.283973188976378
0
LINE
8
BLACK
6
CONTINUOUS
10
1.0054278346456693
20
0.283973188976378
11
1.0092593307086615
21
0.2932231889763779
0
LINE
8
BLACK
6
CONTINUOUS
10
1.0092593307086615
20
0.2932231889763779
11
1.0118506299212597
21
0.3028942125984252
0
LINE
8
BLACK
6
CONTINUOUS
10
1.0118506299212597
20
0.3028942125984252
11
1.0131574803149606
21
0.3128207086614173
0
LINE
8
BLACK
6
CONTINUOUS
10
1.0131574803149606
20
0.3128207086614173
11
1.0131574803149606
21
0.3178267716535433
0
LINE
8
BLACK
6
CONTINUOUS
10
1.0131574803149606
20
0.3178267716535433
11
1.0131574803149606
21
0.7115275590551181
0
LINE
8
BLACK
6
CONTINUOUS
10
1.0131574803149606
20
0.7115275590551181
11
1.0131574803149606
21
0.716533622047244
0
LINE
8
BLACK
6
CONTINUOUS
10
1.0131574803149606
20
0.716533622047244
11
1.0118506299212597
21
0.7264601181102363
0
LINE
8
BLACK
6
CONTINUOUS
10
1.0118506299212597
20
0.7264601181102363
11
1.0092593307086615
21
0.7361311417322834
0
LINE
8
BLACK
6
CONTINUOUS
10
1.0092593307086615
20
0.7361311417322834
11
1.0054278346456693
21
0.7453811417322834
0
LINE
8
BLACK
6
CONTINUOUS
10
1.0054278346456693
20
0.7453811417322834
11
1.0004217322834645
21
0.7540519291338582
0
LINE
8
BLACK
6
CONTINUOUS
10
1.0004217322834645
20
0.7540519291338582
11
0.9943267322834646
21
0.7619951181102362
0
LINE
8
BLACK
6
CONTINUOUS
10
0.9943267322834646
20
0.7619951181102362
11
0.9872470866141732
21
0.7690747637795275
0
LINE
8
BLACK
6
CONTINUOUS
10
0.9872470866141732
20
0.7690747637795275
11
0.9793038976377952
21
0.7751697637795275
0
LINE
8
BLACK
6
CONTINUOUS
10
0.9793038976377952
20
0.7751697637795275
11
0.9706331102362205
21
0.7801758661417323
0
LINE
8
BLACK
6
CONTINUOUS
10
0.9706331102362205
20
0.7801758661417323
11
0.9613831102362205
21
0.7840073622047244
0
LINE
8
BLACK
6
CONTINUOUS
10
0.9613831102362205
20
0.7840073622047244
11
0.9517120866141732
21
0.7865986614173228
0
LINE
8
BLACK
6
CONTINUOUS
10
0.9517120866141732
20
0.7865986614173228
11
0.9417855905511811
21
0.7879055118110236
0
LINE
8
BLACK
6
CONTINUOUS
10
0.9417855905511811
20
0.7879055118110236
11
0.9367795275590551
21
0.7879055118110236
0
LINE
8
BLACK
6
CONTINUOUS
10
0.9367795275590551
20
0.7879055118110236
11
0.9353910629921259
21
0.7883566535433071
0
LINE
8
BLACK
6
CONTINUOUS
10
0.9353910629921259
20
0.7883566535433071
11
0.9345329527559055
21
0.7895377559055118
0
LINE
8
BLACK
6
CONTINUOUS
10
0.9345329527559055
20
0.7895377559055118
11
0.9345329527559055
21
0.7909976771653543
0
LINE
8
BLACK
6
CONTINUOUS
10
0.9345329527559055
20
0.7909976771653543
11
0.9353910629921259
21
0.792178779527559
0
LINE
8
BLACK
6
CONTINUOUS
10
0.9353910629921259
20
0.792178779527559
11
0.9367795275590551
21
0.7926299212598426
0
LINE
8
BLACK
6
CONTINUOUS
10
0.9367795275590551
20
0.7926299212598426
11
0.9473655118110236
21
0.7919360629921259
0
LINE
8
BLACK
6
CONTINUOUS
10
1.410608937007874
20
0.792178779527559
11
1.4114670472440944
21
0.7909976771653543
0
LINE
8
BLACK
6
CONTINUOUS
10
1.4114670472440944
20
0.7909976771653543
11
1.4114670472440944
21
0.7895377559055118
0
LINE
8
BLACK
6
CONTINUOUS
10
1.4114670472440944
20
0.7895377559055118
11
1.410608937007874
21
0.7883566535433071
0
LINE
8
BLACK
6
CONTINUOUS
10
1.410608937007874
20
0.7883566535433071
11
1.4092204724409449
21
0.7879055118110236
0
LINE
8
BLACK
6
CONTINUOUS
10
1.4092204724409449
20
0.7879055118110236
11
1.4042144094488189
21
0.7879055118110236
0
LINE
8
BLACK
6
CONTINUOUS
10
1.4042144094488189
20
0.7879055118110236
11
1.3942879133858268
21
0.7865986614173228
0
LINE
8
BLACK
6
CONTINUOUS
10
1.3942879133858268
20
0.7865986614173228
11
1.3846168897637794
21
0.7840073622047244
0
LINE
8
BLACK
6
CONTINUOUS
10
1.3846168897637794
20
0.7840073622047244
11
1.3753668897637794
21
0.7801758661417323
0
LINE
8
BLACK
6
CONTINUOUS
10
1.3753668897637794
20
0.7801758661417323
11
1.3666961023622046
21
0.7751697637795275
0
LINE
8
BLACK
6
CONTINUOUS
10
1.3666961023622046
20
0.7751697637795275
11
1.3587529133858267
21
0.7690747637795275
0
LINE
8
BLACK
6
CONTINUOUS
10
1.3587529133858267
20
0.7690747637795275
11
1.3516732677165355
21
0.7619951181102362
0
LINE
8
BLACK
6
CONTINUOUS
10
1.3516732677165355
20
0.7619951181102362
11
1.3455782677165353
21
0.7540519291338582
0
LINE
8
BLACK
6
CONTINUOUS
10
1.3455782677165353
20
0.7540519291338582
11
1.3405721653543308
21
0.7453811417322834
0
LINE
8
BLACK
6
CONTINUOUS
10
1.3405721653543308
20
0.7453811417322834
11
1.3367406692913386
21
0.7361311417322834
0
LINE
8
BLACK
6
CONTINUOUS
10
1.3367406692913386
20
0.7361311417322834
11
1.3341493700787401
21
0.7264601181102363
0
LINE
8
BLACK
6
CONTINUOUS
10
1.3341493700787401
20
0.7264601181102363
11
1.3328425196850393
21
0.716533622047244
0
LINE
8
BLACK
6
CONTINUOUS
10
1.3328425196850393
20
0.716533622047244
11
1.3328425196850393
21
0.7115275590551181
0
LINE
8
BLACK
6
CONTINUOUS
10
1.3328425196850393
20
0.7115275590551181
11
1.3328425196850393
21
0.3178267716535433
0
LINE
8
BLACK
6
CONTINUOUS
10
1.3328425196850393
20
0.3178267716535433
11
1.3328425196850393
21
0.3128207086614173
0
LINE
8
BLACK
6
CONTINUOUS
10
1.3328425196850393
20
0.3128207086614173
11
1.3341493700787401
21
0.3028942125984252
0
LINE
8
BLACK
6
CONTINUOUS
10
1.3341493700787401
20
0.3028942125984252
11
1.3367406692913386
21
0.2932231889763779
0
LINE
8
BLACK
6
CONTINUOUS
10
1.3367406692913386
20
0.2932231889763779
11
1.3405721653543308
21
0.283973188976378
0
LINE
8
BLACK
6
CONTINUOUS
10
1.3405721653543308
20
0.283973188976378
11
1.3455782677165353
21
0.2753024015748031
0
LINE
8
BLACK
6
CONTINUOUS
10
1.3455782677165353
20
0.2753024015748031
11
1.3516732677165355
21
0.2673592125984252
0
LINE
8
BLACK
6
CONTINUOUS
10
1.3516732677165355
20
0.2673592125984252
11
1.3587529133858267
21
0.2602795669291338
0
LINE
8
BLACK
6
CONTINUOUS
10
1.3587529133858267
20
0.2602795669291338
11
1.3666961023622046
21
0.2541845669291338
0
LINE
8
BLACK
6
CONTINUOUS
10
1.3666961023622046
20
0.2541845669291338
11
1.3753668897637794
21
0.2491784645669291
0
LINE
8
BLACK
6
CONTINUOUS
10
1.3753668897637794
20
0.2491784645669291
11
1.3846168897637794
21
0.245346968503937
0
LINE
8
BLACK
6
CONTINUOUS
10
1.3846168897637794
20
0.245346968503937
11
1.3942879133858268
21
0.2427556692913386
0
LINE
8
BLACK
6
CONTINUOUS
10
1.3942879133858268
20
0.2427556692913386
11
1.4042144094488189
21
0.2414488188976378
0
LINE
8
BLACK
6
CONTINUOUS
10
1.4042144094488189
20
0.2414488188976378
11
1.4092204724409449
21
0.2414488188976378
0
LINE
8
BLACK
6
CONTINUOUS
10
1.4092204724409449
20
0.2414488188976378
11
1.410608937007874
21
0.2409976771653543
0
LINE
8
BLACK
6
CONTINUOUS
10
1.410608937007874
20
0.2409976771653543
11
1.4107377952755906
21
0.2408202755905512
0
LINE
8
BLACK
6
CONTINUOUS
10
1.4107377952755906
20
0.2408202755905512
11
1.4108907874015748
21
0.2407569291338583
0
LINE
8
BLACK
6
CONTINUOUS
10
1.4108907874015748
20
0.2407569291338583
11
1.4110325984251968
21
0.2404144881889764
0
LINE
8
BLACK
6
CONTINUOUS
10
1.4110325984251968
20
0.2404144881889764
11
1.4114670472440944
21
0.2398165748031496
0
LINE
8
BLACK
6
CONTINUOUS
10
1.4114670472440944
20
0.2398165748031496
11
1.4114670472440944
21
0.239365748031496
0
LINE
8
BLACK
6
CONTINUOUS
10
1.4114670472440944
20
0.239365748031496
11
1.4115826771653543
21
0.2390866141732284
0
LINE
8
BLACK
6
CONTINUOUS
10
1.4115826771653543
20
0.2390866141732284
11
1.4115826771653543
21
0.1209763779527559
0
LINE
8
BLACK
6
CONTINUOUS
10
1.4115826771653543
20
0.1209763779527559
11
1.4108907874015748
21
0.119306062992126
0
LINE
8
BLACK
6
CONTINUOUS
10
1.4108907874015748
20
0.119306062992126
11
1.4092204724409449
21
0.1186141732283465
0
LINE
8
BLACK
6
CONTINUOUS
10
1.4092204724409449
20
0.1186141732283465
11
1.4075501574803149
21
0.119306062992126
0
LINE
8
BLACK
6
CONTINUOUS
10
1.4075501574803149
20
0.119306062992126
11
1.4068582677165353
21
0.1209763779527559
0
LINE
8
BLACK
6
CONTINUOUS
10
1.4068582677165353
20
0.1209763779527559
11
1.4068582677165353
21
0.2368792125984252
0
LINE
8
BLACK
6
CONTINUOUS
10
1.4068582677165353
20
0.2368792125984252
11
1.3986344881889763
21
0.2374182677165354
0
LINE
8
BLACK
6
CONTINUOUS
10
1.3986344881889763
20
0.2374182677165354
11
1.3882296456692913
21
0.2394879133858268
0
LINE
8
BLACK
6
CONTINUOUS
10
1.3882296456692913
20
0.2394879133858268
11
1.3781839370078739
21
0.2428979527559055
0
LINE
8
BLACK
6
CONTINUOUS
10
1.3781839370078739
20
0.2428979527559055
11
1.3686692913385827
21
0.2475900787401575
0
LINE
8
BLACK
6
CONTINUOUS
10
1.3686692913385827
20
0.2475900787401575
11
1.3598484645669291
21
0.253483937007874
0
LINE
8
BLACK
6
CONTINUOUS
10
1.3598484645669291
20
0.253483937007874
11
1.3518724409448819
21
0.2604787401574803
0
LINE
8
BLACK
6
CONTINUOUS
10
1.3518724409448819
20
0.2604787401574803
11
1.3448776377952756
21
0.2684547637795275
0
LINE
8
BLACK
6
CONTINUOUS
10
1.3448776377952756
20
0.2684547637795275
11
1.338983779527559
21
0.2772755905511811
0
LINE
8
BLACK
6
CONTINUOUS
10
1.338983779527559
20
0.2772755905511811
11
1.3342916535433071
21
0.2867902362204724
0
LINE
8
BLACK
6
CONTINUOUS
10
1.3342916535433071
20
0.2867902362204724
11
1.3308816141732283
21
0.2968359448818897
0
LINE
8
BLACK
6
CONTINUOUS
10
1.3308816141732283
20
0.2968359448818897
11
1.328811968503937
21
0.3072407874015748
0
LINE
8
BLACK
6
CONTINUOUS
10
1.328811968503937
20
0.3072407874015748
11
1.3281181102362205
21
0.3178267716535433
0
LINE
8
BLACK
6
CONTINUOUS
10
1.3281181102362205
20
0.3178267716535433
11
1.3281181102362205
21
0.7115275590551181
0
LINE
8
BLACK
6
CONTINUOUS
10
1.3281181102362205
20
0.7115275590551181
11
1.328811968503937
21
0.7221135433070865
0
LINE
8
BLACK
6
CONTINUOUS
10
1.328811968503937
20
0.7221135433070865
11
1.3308816141732283
21
0.7325183858267716
0
LINE
8
BLACK
6
CONTINUOUS
10
1.3308816141732283
20
0.7325183858267716
11
1.3342916535433071
21
0.7425640944881889
0
LINE
8
BLACK
6
CONTINUOUS
10
1.3342916535433071
20
0.7425640944881889
11
1.338983779527559
21
0.7520787401574803
0
LINE
8
BLACK
6
CONTINUOUS
10
1.338983779527559
20
0.7520787401574803
11
1.3448776377952756
21
0.7608995669291339
0
LINE
8
BLACK
6
CONTINUOUS
10
1.3448776377952756
20
0.7608995669291339
11
1.3518724409448819
21
0.768875590551181
0
LINE
8
BLACK
6
CONTINUOUS
10
1.3518724409448819
20
0.768875590551181
11
1.3598484645669291
21
0.7758703937007874
0
LINE
8
BLACK
6
CONTINUOUS
10
1.3598484645669291
20
0.7758703937007874
11
1.3686692913385827
21
0.781764251968504
0
LINE
8
BLACK
6
CONTINUOUS
10
1.3686692913385827
20
0.781764251968504
11
1.3781839370078739
21
0.7864563779527559
0
LINE
8
BLACK
6
CONTINUOUS
10
1.3781839370078739
20
0.7864563779527559
11
1.3882296456692913
21
0.7898664173228346
0
LINE
8
BLACK
6
CONTINUOUS
10
1.3882296456692913
20
0.7898664173228346
11
1.3986344881889763
21
0.7919360629921259
0
LINE
8
BLACK
6
CONTINUOUS
10
1.3986344881889763
20
0.7919360629921259
11
1.4092204724409449
21
0.7926299212598426
0
LINE
8
BLACK
6
CONTINUOUS
10
1.4092204724409449
20
0.7926299212598426
11
1.410608937007874
21
0.792178779527559
0
LINE
8
BLACK
6
CONTINUOUS
10
1.3321506299212598
20
0.2407569291338583
11
1.3328425196850393
21
0.2390866141732284
0
LINE
8
BLACK
6
CONTINUOUS
10
1.3328425196850393
20
0.2390866141732284
11
1.3321506299212598
21
0.2374162992125984
0
LINE
8
BLACK
6
CONTINUOUS
10
1.3321506299212598
20
0.2374162992125984
11
1.3304803149606299
21
0.2367244094488189
0
LINE
8
BLACK
6
CONTINUOUS
10
1.3304803149606299
20
0.2367244094488189
11
1.01551968503937
21
0.2367244094488189
0
LINE
8
BLACK
6
CONTINUOUS
10
1.01551968503937
20
0.2367244094488189
11
1.0138493700787401
21
0.2374162992125984
0
LINE
8
BLACK
6
CONTINUOUS
10
1.0138493700787401
20
0.2374162992125984
11
1.0131574803149606
21
0.2390866141732284
0
LINE
8
BLACK
6
CONTINUOUS
10
1.0131574803149606
20
0.2390866141732284
11
1.0138493700787401
21
0.2407569291338583
0
LINE
8
BLACK
6
CONTINUOUS
10
1.0138493700787401
20
0.2407569291338583
11
1.01551968503937
21
0.2414488188976378
0
LINE
8
BLACK
6
CONTINUOUS
10
1.01551968503937
20
0.2414488188976378
11
1.3304803149606299
21
0.2414488188976378
0
LINE
8
BLACK
6
CONTINUOUS
10
1.3304803149606299
20
0.2414488188976378
11
1.3321506299212598
21
0.2407569291338583
0
LINE
8
BLACK
6
CONTINUOUS
10
1.2927805511811024
20
0.2801270078740157
11
1.2934724409448819
21
0.2784566929133858
0
LINE
8
BLACK
6
CONTINUOUS
10
1.2934724409448819
20
0.2784566929133858
11
1.2927805511811024
21
0.2767863779527559
0
LINE
8
BLACK
6
CONTINUOUS
10
1.2927805511811024
20
0.2767863779527559
11
1.2911102362204725
21
0.2760944881889764
0
LINE
8
BLACK
6
CONTINUOUS
10
1.2911102362204725
20
0.2760944881889764
11
1.0548897637795276
21
0.2760944881889764
0
LINE
8
BLACK
6
CONTINUOUS
10
1.0548897637795276
20
0.2760944881889764
11
1.0532194488188975
21
0.2767863779527559
0
LINE
8
BLACK
6
CONTINUOUS
10
1.0532194488188975
20
0.2767863779527559
11
1.0525275590551182
21
0.2784566929133858
0
LINE
8
BLACK
6
CONTINUOUS
10
1.0525275590551182
20
0.2784566929133858
11
1.0532194488188975
21
0.2801270078740157
0
LINE
8
BLACK
6
CONTINUOUS
10
1.0532194488188975
20
0.2801270078740157
11
1.0548897637795276
21
0.2808188976377953
0
LINE
8
BLACK
6
CONTINUOUS
10
1.0548897637795276
20
0.2808188976377953
11
1.2911102362204725
21
0.2808188976377953
0
LINE
8
BLACK
6
CONTINUOUS
10
1.2911102362204725
20
0.2808188976377953
11
1.2927805511811024
21
0.2801270078740157
0
LINE
8
BLACK
6
CONTINUOUS
10
1.2534104724409449
20
0.3194970866141732
11
1.2541023622047245
21
0.3178267716535433
0
LINE
8
BLACK
6
CONTINUOUS
10
1.2541023622047245
20
0.3178267716535433
11
1.2534104724409449
21
0.3161564566929134
0
LINE
8
BLACK
6
CONTINUOUS
10
1.2534104724409449
20
0.3161564566929134
11
1.2517401574803149
21
0.3154645669291338
0
LINE
8
BLACK
6
CONTINUOUS
10
1.2517401574803149
20
0.3154645669291338
11
1.094259842519685
21
0.3154645669291338
0
LINE
8
BLACK
6
CONTINUOUS
10
1.094259842519685
20
0.3154645669291338
11
1.0925895275590551
21
0.3161564566929134
0
LINE
8
BLACK
6
CONTINUOUS
10
1.0925895275590551
20
0.3161564566929134
11
1.0918976377952756
21
0.3178267716535433
0
LINE
8
BLACK
6
CONTINUOUS
10
1.0918976377952756
20
0.3178267716535433
11
1.0925895275590551
21
0.3194970866141732
0
LINE
8
BLACK
6
CONTINUOUS
10
1.0925895275590551
20
0.3194970866141732
11
1.094259842519685
21
0.3201889763779527
0
LINE
8
BLACK
6
CONTINUOUS
10
1.094259842519685
20
0.3201889763779527
11
1.2517401574803149
21
0.3201889763779527
0
LINE
8
BLACK
6
CONTINUOUS
10
1.2517401574803149
20
0.3201889763779527
11
1.2534104724409449
21
0.3194970866141732
0
LINE
8
BLACK
6
CONTINUOUS
10
1.2140403937007873
20
0.3588671653543307
11
1.2147322834645669
21
0.3571968503937008
0
LINE
8
BLACK
6
CONTINUOUS
10
1.2147322834645669
20
0.3571968503937008
11
1.2140403937007873
21
0.3555265354330708
0
LINE
8
BLACK
6
CONTINUOUS
10
1.2140403937007873
20
0.3555265354330708
11
1.2123700787401575
21
0.3548346456692913
0
LINE
8
BLACK
6
CONTINUOUS
10
1.2123700787401575
20
0.3548346456692913
11
1.1336299212598424
21
0.3548346456692913
0
LINE
8
BLACK
6
CONTINUOUS
10
1.1336299212598424
20
0.3548346456692913
11
1.1319596062992126
21
0.3555265354330708
0
LINE
8
BLACK
6
CONTINUOUS
10
1.1319596062992126
20
0.3555265354330708
11
1.131267716535433
21
0.3571968503937008
0
LINE
8
BLACK
6
CONTINUOUS
10
1.131267716535433
20
0.3571968503937008
11
1.1319596062992126
21
0.3588671653543307
0
LINE
8
BLACK
6
CONTINUOUS
10
1.1319596062992126
20
0.3588671653543307
11
1.1336299212598424
21
0.3595590551181102
0
LINE
8
BLACK
6
CONTINUOUS
10
1.1336299212598424
20
0.3595590551181102
11
1.2123700787401575
21
0.3595590551181102
0
LINE
8
BLACK
6
CONTINUOUS
10
1.2123700787401575
20
0.3595590551181102
11
1.2140403937007873
21
0.3588671653543307
0
LINE
8
BLACK
6
CONTINUOUS
10
1.1895359448818896
20
1.1432805511811024
11
1.1896705118110236
21
1.1432923228346457
0
LINE
8
BLACK
6
CONTINUOUS
10
1.1896705118110236
20
1.1432923228346457
11
1.1903986614173228
21
1.1427824409448819
0
LINE
8
BLACK
6
CONTINUOUS
10
1.1903986614173228
20
1.1427824409448819
11
1.1911681889763779
21
1.1423381496062992
0
LINE
8
BLACK
6
CONTINUOUS
10
1.1911681889763779
20
1.1423381496062992
11
1.1912143307086613
21
1.1422112598425196
0
LINE
8
BLACK
6
CONTINUOUS
10
1.1912143307086613
20
1.1422112598425196
11
1.1913250393700787
21
1.142133779527559
0
LINE
8
BLACK
6
CONTINUOUS
10
1.1913250393700787
20
1.142133779527559
11
1.1915550393700787
21
1.1412752362204723
0
LINE
8
BLACK
6
CONTINUOUS
10
1.1915550393700787
20
1.1412752362204723
11
1.1918590157480315
21
1.1404401574803149
0
LINE
8
BLACK
6
CONTINUOUS
10
1.1918590157480315
20
1.1404401574803149
11
1.1918590157480315
21
1.1160682283464567
0
LINE
8
BLACK
6
CONTINUOUS
10
1.1918590157480315
20
1.1160682283464567
11
1.1916809448818897
21
1.1150583070866142
0
LINE
8
BLACK
6
CONTINUOUS
10
1.1916809448818897
20
1.1150583070866142
11
1.1903826377952755
21
1.1135110629921259
0
LINE
8
BLACK
6
CONTINUOUS
10
1.1903826377952755
20
1.1135110629921259
11
1.1883935039370079
21
1.1131603149606299
0
LINE
8
BLACK
6
CONTINUOUS
10
1.1883935039370079
20
1.1131603149606299
11
1.1866443307086614
21
1.1141702362204724
0
LINE
8
BLACK
6
CONTINUOUS
10
1.1866443307086614
20
1.1141702362204724
11
1.1859535039370079
21
1.1160682283464567
0
LINE
8
BLACK
6
CONTINUOUS
10
1.1859535039370079
20
1.1160682283464567
11
1.1859535039370079
21
1.1333115748031495
0
LINE
8
BLACK
6
CONTINUOUS
10
1.1859535039370079
20
1.1333115748031495
11
1.168496968503937
21
1.1158550787401575
0
LINE
8
BLACK
6
CONTINUOUS
10
1.168496968503937
20
1.1158550787401575
11
1.1676569291338583
21
1.1152668897637794
0
LINE
8
BLACK
6
CONTINUOUS
10
1.1676569291338583
20
1.1152668897637794
11
1.167481062992126
21
1.115251496062992
0
LINE
8
BLACK
6
CONTINUOUS
10
1.167481062992126
20
1.115251496062992
11
1.1673427952755906
21
1.1151417716535432
0
LINE
8
BLACK
6
CONTINUOUS
10
1.1673427952755906
20
1.1151417716535432
11
1.1617185039370079
21
1.1132670078740157
0
LINE
8
BLACK
6
CONTINUOUS
10
1.1617185039370079
20
1.1132670078740157
11
1.1608453149606299
21
1.1131375196850393
0
LINE
8
BLACK
6
CONTINUOUS
10
1.1608453149606299
20
1.1131375196850393
11
1.1607847637795274
21
1.1131154724409449
0
LINE
8
BLACK
6
CONTINUOUS
10
1.1607847637795274
20
1.1131154724409449
11
1.1570352362204723
21
1.1131154724409449
0
LINE
8
BLACK
6
CONTINUOUS
10
1.1570352362204723
20
1.1131154724409449
11
1.1560253149606299
21
1.1132935433070865
0
LINE
8
BLACK
6
CONTINUOUS
10
1.1560253149606299
20
1.1132935433070865
11
1.1558900393700786
21
1.1134070078740157
0
LINE
8
BLACK
6
CONTINUOUS
10
1.1558900393700786
20
1.1134070078740157
11
1.1557147244094488
21
1.1134272047244094
0
LINE
8
BLACK
6
CONTINUOUS
10
1.1557147244094488
20
1.1134272047244094
11
1.1519651968503937
21
1.1153019685039369
0
LINE
8
BLACK
6
CONTINUOUS
10
1.1519651968503937
20
1.1153019685039369
11
1.1512561023622048
21
1.1158278346456694
0
LINE
8
BLACK
6
CONTINUOUS
10
1.1512561023622048
20
1.1158278346456694
11
1.1511977952755905
21
1.1158550787401575
0
LINE
8
BLACK
6
CONTINUOUS
10
1.1511977952755905
20
1.1158550787401575
11
1.149323031496063
21
1.1177298425196851
0
LINE
8
BLACK
6
CONTINUOUS
10
1.149323031496063
20
1.1177298425196851
11
1.1488167322834646
21
1.1184529133858268
0
LINE
8
BLACK
6
CONTINUOUS
10
1.1488167322834646
20
1.1184529133858268
11
1.1487699212598426
21
1.1184972440944883
0
LINE
8
BLACK
6
CONTINUOUS
10
1.1487699212598426
20
1.1184972440944883
11
1.146895157480315
21
1.1222467716535434
0
LINE
8
BLACK
6
CONTINUOUS
10
1.146895157480315
20
1.1222467716535434
11
1.1466027952755906
21
1.1232297244094489
0
LINE
8
BLACK
6
CONTINUOUS
10
1.1466027952755906
20
1.1232297244094489
11
1.146643779527559
21
1.1234013779527559
0
LINE
8
BLACK
6
CONTINUOUS
10
1.146643779527559
20
1.1234013779527559
11
1.1465834251968503
21
1.1235672834645669
0
LINE
8
BLACK
6
CONTINUOUS
10
1.1465834251968503
20
1.1235672834645669
11
1.1465834251968503
21
1.1329411023622047
0
LINE
8
BLACK
6
CONTINUOUS
10
1.1465834251968503
20
1.1329411023622047
11
1.1467614960629922
21
1.1339510236220471
0
LINE
8
BLACK
6
CONTINUOUS
10
1.1467614960629922
20
1.1339510236220471
11
1.1468749606299213
21
1.1340862598425197
0
LINE
8
BLACK
6
CONTINUOUS
10
1.1468749606299213
20
1.1340862598425197
11
1.146895157480315
21
1.1342616141732282
0
LINE
8
BLACK
6
CONTINUOUS
10
1.146895157480315
20
1.1342616141732282
11
1.1487699212598426
21
1.1380111417322833
0
LINE
8
BLACK
6
CONTINUOUS
10
1.1487699212598426
20
1.1380111417322833
11
1.1492958267716535
21
1.1387201968503937
0
LINE
8
BLACK
6
CONTINUOUS
10
1.1492958267716535
20
1.1387201968503937
11
1.149323031496063
21
1.1387785433070865
0
LINE
8
BLACK
6
CONTINUOUS
10
1.149323031496063
20
1.1387785433070865
11
1.1511977952755905
21
1.1406533070866141
0
LINE
8
BLACK
6
CONTINUOUS
10
1.1511977952755905
20
1.1406533070866141
11
1.1520378346456692
21
1.1412414960629922
0
LINE
8
BLACK
6
CONTINUOUS
10
1.1520378346456692
20
1.1412414960629922
11
1.1540499212598425
21
1.1414175196850394
0
LINE
8
BLACK
6
CONTINUOUS
10
1.1540499212598425
20
1.1414175196850394
11
1.1557044881889764
21
1.1402590157480315
0
LINE
8
BLACK
6
CONTINUOUS
10
1.1557044881889764
20
1.1402590157480315
11
1.1562272047244093
21
1.138308031496063
0
LINE
8
BLACK
6
CONTINUOUS
10
1.1562272047244093
20
1.138308031496063
11
1.1553736220472441
21
1.1364774803149607
0
LINE
8
BLACK
6
CONTINUOUS
10
1.1553736220472441
20
1.1364774803149607
11
1.1538376771653542
21
1.1349415354330707
0
LINE
8
BLACK
6
CONTINUOUS
10
1.1538376771653542
20
1.1349415354330707
11
1.1524889370078739
21
1.1322440551181101
0
LINE
8
BLACK
6
CONTINUOUS
10
1.1524889370078739
20
1.1322440551181101
11
1.1524889370078739
21
1.1242643307086615
0
LINE
8
BLACK
6
CONTINUOUS
10
1.1524889370078739
20
1.1242643307086615
11
1.1538376771653542
21
1.1215668503937009
0
LINE
8
BLACK
6
CONTINUOUS
10
1.1538376771653542
20
1.1215668503937009
11
1.1550348031496063
21
1.1203697244094488
0
LINE
8
BLACK
6
CONTINUOUS
10
1.1550348031496063
20
1.1203697244094488
11
1.1577322834645669
21
1.1190209842519685
0
LINE
8
BLACK
6
CONTINUOUS
10
1.1577322834645669
20
1.1190209842519685
11
1.1603056299212597
21
1.1190209842519685
0
LINE
8
BLACK
6
CONTINUOUS
10
1.1603056299212597
20
1.1190209842519685
11
1.1648140157480316
21
1.1205237795275591
0
LINE
8
BLACK
6
CONTINUOUS
10
1.1648140157480316
20
1.1205237795275591
11
1.1868183464566928
21
1.1425280708661416
0
LINE
8
BLACK
6
CONTINUOUS
10
1.1868183464566928
20
1.1425280708661416
11
1.1873463779527558
21
1.1428978346456693
0
LINE
8
BLACK
6
CONTINUOUS
10
1.1873463779527558
20
1.1428978346456693
11
1.1874298818897637
21
1.1429973228346457
0
LINE
8
BLACK
6
CONTINUOUS
10
1.1874298818897637
20
1.1429973228346457
11
1.1875081889763779
21
1.1430111023622047
0
LINE
8
BLACK
6
CONTINUOUS
10
1.1875081889763779
20
1.1430111023622047
11
1.1876583858267715
21
1.1431162992125985
0
LINE
8
BLACK
6
CONTINUOUS
10
1.1876583858267715
20
1.1431162992125985
11
1.1885439370078741
21
1.1431937401574803
0
LINE
8
BLACK
6
CONTINUOUS
10
1.1885439370078741
20
1.1431937401574803
11
1.1894190157480315
21
1.1433480708661417
0
LINE
8
BLACK
6
CONTINUOUS
10
1.1894190157480315
20
1.1433480708661417
11
1.1895359448818896
21
1.1432805511811024
0
LINE
8
BLACK
6
CONTINUOUS
10
1.1517981102362205
20
1.1742091732283464
11
1.1524889370078739
21
1.1723111811023621
0
LINE
8
BLACK
6
CONTINUOUS
10
1.1524889370078739
20
1.1723111811023621
11
1.1524889370078739
21
1.1640153543307086
0
LINE
8
BLACK
6
CONTINUOUS
10
1.1524889370078739
20
1.1640153543307086
11
1.1889062598425197
21
1.1640153543307086
0
LINE
8
BLACK
6
CONTINUOUS
10
1.1889062598425197
20
1.1640153543307086
11
1.1899161811023622
21
1.1638372834645669
0
LINE
8
BLACK
6
CONTINUOUS
10
1.1899161811023622
20
1.1638372834645669
11
1.1914634251968503
21
1.1625389763779528
0
LINE
8
BLACK
6
CONTINUOUS
10
1.1914634251968503
20
1.1625389763779528
11
1.1918141732283465
21
1.160549842519685
0
LINE
8
BLACK
6
CONTINUOUS
10
1.1918141732283465
20
1.160549842519685
11
1.1908042519685038
21
1.1588006692913386
0
LINE
8
BLACK
6
CONTINUOUS
10
1.1908042519685038
20
1.1588006692913386
11
1.1889062598425197
21
1.158109842519685
0
LINE
8
BLACK
6
CONTINUOUS
10
1.1889062598425197
20
1.158109842519685
11
1.1524889370078739
21
1.158109842519685
0
LINE
8
BLACK
6
CONTINUOUS
10
1.1524889370078739
20
1.158109842519685
11
1.1524889370078739
21
1.1498140157480314
0
LINE
8
BLACK
6
CONTINUOUS
10
1.1524889370078739
20
1.1498140157480314
11
1.1523108661417323
21
1.148804094488189
0
LINE
8
BLACK
6
CONTINUOUS
10
1.1523108661417323
20
1.148804094488189
11
1.1510125590551181
21
1.1472568503937008
0
LINE
8
BLACK
6
CONTINUOUS
10
1.1510125590551181
20
1.1472568503937008
11
1.1490234251968503
21
1.1469061023622047
0
LINE
8
BLACK
6
CONTINUOUS
10
1.1490234251968503
20
1.1469061023622047
11
1.147274251968504
21
1.1479160236220471
0
LINE
8
BLACK
6
CONTINUOUS
10
1.147274251968504
20
1.1479160236220471
11
1.1465834251968503
21
1.1498140157480314
0
LINE
8
BLACK
6
CONTINUOUS
10
1.1465834251968503
20
1.1498140157480314
11
1.1465834251968503
21
1.1723111811023621
0
LINE
8
BLACK
6
CONTINUOUS
10
1.1465834251968503
20
1.1723111811023621
11
1.1467614960629922
21
1.1733211023622048
0
LINE
8
BLACK
6
CONTINUOUS
10
1.1467614960629922
20
1.1733211023622048
11
1.1480598031496063
21
1.1748683464566929
0
LINE
8
BLACK
6
CONTINUOUS
10
1.1480598031496063
20
1.1748683464566929
11
1.1500489370078739
21
1.1752190944881888
0
LINE
8
BLACK
6
CONTINUOUS
10
1.1500489370078739
20
1.1752190944881888
11
1.1517981102362205
21
1.1742091732283464
0
LINE
8
BLACK
6
CONTINUOUS
10
1.1892897637795274
20
1.2089420866141731
11
1.1894190157480315
21
1.2089648818897638
0
LINE
8
BLACK
6
CONTINUOUS
10
1.1894190157480315
20
1.2089648818897638
11
1.1895325984251968
21
1.208899251968504
0
LINE
8
BLACK
6
CONTINUOUS
10
1.1895325984251968
20
1.208899251968504
11
1.1899161811023622
21
1.208831653543307
0
LINE
8
BLACK
6
CONTINUOUS
10
1.1899161811023622
20
1.208831653543307
11
1.1905038582677165
21
1.2083385039370078
0
LINE
8
BLACK
6
CONTINUOUS
10
1.1905038582677165
20
1.2083385039370078
11
1.1911681889763779
21
1.2079549606299211
0
LINE
8
BLACK
6
CONTINUOUS
10
1.1911681889763779
20
1.2079549606299211
11
1.1912592913385827
21
1.2077046062992125
0
LINE
8
BLACK
6
CONTINUOUS
10
1.1912592913385827
20
1.2077046062992125
11
1.1914634251968503
21
1.2075333464566929
0
LINE
8
BLACK
6
CONTINUOUS
10
1.1914634251968503
20
1.2075333464566929
11
1.1915966535433071
21
1.2067777559055117
0
LINE
8
BLACK
6
CONTINUOUS
10
1.1915966535433071
20
1.2067777559055117
11
1.1918590157480315
21
1.2060569685039371
0
LINE
8
BLACK
6
CONTINUOUS
10
1.1918590157480315
20
1.2060569685039371
11
1.1918590157480315
21
1.1910588582677164
0
LINE
8
BLACK
6
CONTINUOUS
10
1.1918590157480315
20
1.1910588582677164
11
1.1916809448818897
21
1.190048937007874
0
LINE
8
BLACK
6
CONTINUOUS
10
1.1916809448818897
20
1.190048937007874
11
1.1915674409448818
21
1.1899136614173229
0
LINE
8
BLACK
6
CONTINUOUS
10
1.1915674409448818
20
1.1899136614173229
11
1.1915472834645668
21
1.1897383464566929
0
LINE
8
BLACK
6
CONTINUOUS
10
1.1915472834645668
20
1.1897383464566929
11
1.1896725196850393
21
1.1859888188976377
0
LINE
8
BLACK
6
CONTINUOUS
10
1.1896725196850393
20
1.1859888188976377
11
1.1891465354330708
21
1.1852796850393701
0
LINE
8
BLACK
6
CONTINUOUS
10
1.1891465354330708
20
1.1852796850393701
11
1.1891193700787401
21
1.1852213779527558
0
LINE
8
BLACK
6
CONTINUOUS
10
1.1891193700787401
20
1.1852213779527558
11
1.1872445669291338
21
1.1833466141732283
0
LINE
8
BLACK
6
CONTINUOUS
10
1.1872445669291338
20
1.1833466141732283
11
1.1865214960629922
21
1.1828403149606299
0
LINE
8
BLACK
6
CONTINUOUS
10
1.1865214960629922
20
1.1828403149606299
11
1.1864772047244094
21
1.1827935433070866
0
LINE
8
BLACK
6
CONTINUOUS
10
1.1864772047244094
20
1.1827935433070866
11
1.1827276771653543
21
1.1809187795275591
0
LINE
8
BLACK
6
CONTINUOUS
10
1.1827276771653543
20
1.1809187795275591
11
1.1817447244094488
21
1.1806264173228347
0
LINE
8
BLACK
6
CONTINUOUS
10
1.1817447244094488
20
1.1806264173228347
11
1.1815730314960631
21
1.1806674015748031
0
LINE
8
BLACK
6
CONTINUOUS
10
1.1815730314960631
20
1.1806674015748031
11
1.1814071653543308
21
1.1806070472440944
0
LINE
8
BLACK
6
CONTINUOUS
10
1.1814071653543308
20
1.1806070472440944
11
1.1757828740157481
21
1.1806070472440944
0
LINE
8
BLACK
6
CONTINUOUS
10
1.1757828740157481
20
1.1806070472440944
11
1.1747729527559054
21
1.1807851181102362
0
LINE
8
BLACK
6
CONTINUOUS
10
1.1747729527559054
20
1.1807851181102362
11
1.1746376771653544
21
1.1808985826771654
0
LINE
8
BLACK
6
CONTINUOUS
10
1.1746376771653544
20
1.1808985826771654
11
1.1744623622047243
21
1.1809187795275591
0
LINE
8
BLACK
6
CONTINUOUS
10
1.1744623622047243
20
1.1809187795275591
11
1.1707128346456692
21
1.1827935433070866
0
LINE
8
BLACK
6
CONTINUOUS
10
1.1707128346456692
20
1.1827935433070866
11
1.1700037401574803
21
1.1833194094488189
0
LINE
8
BLACK
6
CONTINUOUS
10
1.1700037401574803
20
1.1833194094488189
11
1.1699454330708661
21
1.183346653543307
0
LINE
8
BLACK
6
CONTINUOUS
10
1.1699454330708661
20
1.183346653543307
11
1.1680706692913385
21
1.1852214173228346
0
LINE
8
BLACK
6
CONTINUOUS
10
1.1680706692913385
20
1.1852214173228346
11
1.1674824803149606
21
1.1860614566929133
0
LINE
8
BLACK
6
CONTINUOUS
10
1.1674824803149606
20
1.1860614566929133
11
1.1674808267716534
21
1.1860800393700788
0
LINE
8
BLACK
6
CONTINUOUS
10
1.1674808267716534
20
1.1860800393700788
11
1.1666222047244095
21
1.1852214173228346
0
LINE
8
BLACK
6
CONTINUOUS
10
1.1666222047244095
20
1.1852214173228346
11
1.1658990944881888
21
1.1847151181102362
0
LINE
8
BLACK
6
CONTINUOUS
10
1.1658990944881888
20
1.1847151181102362
11
1.1658548031496063
21
1.1846683070866142
0
LINE
8
BLACK
6
CONTINUOUS
10
1.1658548031496063
20
1.1846683070866142
11
1.1621052755905512
21
1.1827935433070866
0
LINE
8
BLACK
6
CONTINUOUS
10
1.1621052755905512
20
1.1827935433070866
11
1.1611223228346457
21
1.1825011811023622
0
LINE
8
BLACK
6
CONTINUOUS
10
1.1611223228346457
20
1.1825011811023622
11
1.1609506299212597
21
1.1825421653543307
0
LINE
8
BLACK
6
CONTINUOUS
10
1.1609506299212597
20
1.1825421653543307
11
1.1607847637795274
21
1.1824818110236219
0
LINE
8
BLACK
6
CONTINUOUS
10
1.1607847637795274
20
1.1824818110236219
11
1.1570352362204723
21
1.1824818110236219
0
LINE
8
BLACK
6
CONTINUOUS
10
1.1570352362204723
20
1.1824818110236219
11
1.1560253149606299
21
1.1826598818897638
0
LINE
8
BLACK
6
CONTINUOUS
10
1.1560253149606299
20
1.1826598818897638
11
1.1558900393700786
21
1.182773346456693
0
LINE
8
BLACK
6
CONTINUOUS
10
1.1558900393700786
20
1.182773346456693
11
1.1557147244094488
21
1.1827935433070866
0
LINE
8
BLACK
6
CONTINUOUS
10
1.1557147244094488
20
1.1827935433070866
11
1.1519651968503937
21
1.1846683070866142
0
LINE
8
BLACK
6
CONTINUOUS
10
1.1519651968503937
20
1.1846683070866142
11
1.1512561023622048
21
1.1851941732283464
0
LINE
8
BLACK
6
CONTINUOUS
10
1.1512561023622048
20
1.1851941732283464
11
1.1511977952755905
21
1.1852214173228346
0
LINE
8
BLACK
6
CONTINUOUS
10
1.1511977952755905
20
1.1852214173228346
11
1.149323031496063
21
1.1870961811023621
0
LINE
8
BLACK
6
CONTINUOUS
10
1.149323031496063
20
1.1870961811023621
11
1.1488167322834646
21
1.187819251968504
0
LINE
8
BLACK
6
CONTINUOUS
10
1.1488167322834646
20
1.187819251968504
11
1.1487699212598426
21
1.1878635826771653
0
LINE
8
BLACK
6
CONTINUOUS
10
1.1487699212598426
20
1.1878635826771653
11
1.146895157480315
21
1.1916131102362204
0
LINE
8
BLACK
6
CONTINUOUS
10
1.146895157480315
20
1.1916131102362204
11
1.1466027952755906
21
1.1925960629921259
0
LINE
8
BLACK
6
CONTINUOUS
10
1.1466027952755906
20
1.1925960629921259
11
1.146643779527559
21
1.1927677165354331
0
LINE
8
BLACK
6
CONTINUOUS
10
1.146643779527559
20
1.1927677165354331
11
1.1465834251968503
21
1.192933622047244
0
LINE
8
BLACK
6
CONTINUOUS
10
1.1465834251968503
20
1.192933622047244
11
1.1465834251968503
21
1.2060569685039371
0
LINE
8
BLACK
6
CONTINUOUS
10
1.1465834251968503
20
1.2060569685039371
11
1.1466510236220473
21
1.2064404724409448
0
LINE
8
BLACK
6
CONTINUOUS
10
1.1466510236220473
20
1.2064404724409448
11
1.1466282677165354
21
1.2065697244094489
0
LINE
8
BLACK
6
CONTINUOUS
10
1.1466282677165354
20
1.2065697244094489
11
1.1466938582677164
21
1.2066833070866141
0
LINE
8
BLACK
6
CONTINUOUS
10
1.1466938582677164
20
1.2066833070866141
11
1.1467614960629922
21
1.2070668897637795
0
LINE
8
BLACK
6
CONTINUOUS
10
1.1467614960629922
20
1.2070668897637795
11
1.1472546062992126
21
1.2076545669291339
0
LINE
8
BLACK
6
CONTINUOUS
10
1.1472546062992126
20
1.2076545669291339
11
1.147638188976378
21
1.2083188976377952
0
LINE
8
BLACK
6
CONTINUOUS
10
1.147638188976378
20
1.2083188976377952
11
1.1478885039370079
21
1.20841
0
LINE
8
BLACK
6
CONTINUOUS
10
1.1478885039370079
20
1.20841
11
1.1480598031496063
21
1.2086141338582677
0
LINE
8
BLACK
6
CONTINUOUS
10
1.1480598031496063
20
1.2086141338582677
11
1.1488153543307087
21
1.2087473622047245
0
LINE
8
BLACK
6
CONTINUOUS
10
1.1488153543307087
20
1.2087473622047245
11
1.1495361811023621
21
1.2090097244094489
0
LINE
8
BLACK
6
CONTINUOUS
10
1.1495361811023621
20
1.2090097244094489
11
1.1889062598425197
21
1.2090097244094489
0
LINE
8
BLACK
6
CONTINUOUS
10
1.1889062598425197
20
1.2090097244094489
11
1.1892897637795274
21
1.2089420866141731
0
LINE
8
BLACK
6
CONTINUOUS
10
1.1712365748031497
20
1.1934127559055119
11
1.1727393700787401
21
1.1889043307086613
0
LINE
8
BLACK
6
CONTINUOUS
10
1.1727393700787401
20
1.1889043307086613
11
1.1737824409448818
21
1.1878612992125983
0
LINE
8
BLACK
6
CONTINUOUS
10
1.1737824409448818
20
1.1878612992125983
11
1.1764799212598425
21
1.186512559055118
0
LINE
8
BLACK
6
CONTINUOUS
10
1.1764799212598425
20
1.186512559055118
11
1.1807101181102362
21
1.186512559055118
0
LINE
8
BLACK
6
CONTINUOUS
10
1.1807101181102362
20
1.186512559055118
11
1.1834075984251968
21
1.1878612992125983
0
LINE
8
BLACK
6
CONTINUOUS
10
1.1834075984251968
20
1.1878612992125983
11
1.1846047637795276
21
1.1890584251968503
0
LINE
8
BLACK
6
CONTINUOUS
10
1.1846047637795276
20
1.1890584251968503
11
1.1859535039370079
21
1.191755905511811
0
LINE
8
BLACK
6
CONTINUOUS
10
1.1859535039370079
20
1.191755905511811
11
1.1859535039370079
21
1.2031042125984253
0
LINE
8
BLACK
6
CONTINUOUS
10
1.1859535039370079
20
1.2031042125984253
11
1.1712365748031497
21
1.2031042125984253
0
LINE
8
BLACK
6
CONTINUOUS
10
1.1712365748031497
20
1.2031042125984253
11
1.1712365748031497
21
1.1934127559055119
0
LINE
8
BLACK
6
CONTINUOUS
10
1.1524889370078739
20
1.1936306692913385
11
1.1538376771653542
21
1.1909331889763779
0
LINE
8
BLACK
6
CONTINUOUS
10
1.1538376771653542
20
1.1909331889763779
11
1.1550348031496063
21
1.1897360629921259
0
LINE
8
BLACK
6
CONTINUOUS
10
1.1550348031496063
20
1.1897360629921259
11
1.1577322834645669
21
1.1883873228346455
0
LINE
8
BLACK
6
CONTINUOUS
10
1.1577322834645669
20
1.1883873228346455
11
1.1600877165354331
21
1.1883873228346455
0
LINE
8
BLACK
6
CONTINUOUS
10
1.1600877165354331
20
1.1883873228346455
11
1.1627851968503937
21
1.1897360629921259
0
LINE
8
BLACK
6
CONTINUOUS
10
1.1627851968503937
20
1.1897360629921259
11
1.1639823228346455
21
1.1909331889763779
0
LINE
8
BLACK
6
CONTINUOUS
10
1.1639823228346455
20
1.1909331889763779
11
1.1653310629921259
21
1.1936306692913385
0
LINE
8
BLACK
6
CONTINUOUS
10
1.1653310629921259
20
1.1936306692913385
11
1.1653310629921259
21
1.2031042125984253
0
LINE
8
BLACK
6
CONTINUOUS
10
1.1653310629921259
20
1.2031042125984253
11
1.1524889370078739
21
1.2031042125984253
0
LINE
8
BLACK
6
CONTINUOUS
10
1.1524889370078739
20
1.2031042125984253
11
1.1524889370078739
21
1.1936306692913385
0
LINE
8
BLACK
6
CONTINUOUS
10
1.2621700393700788
20
1.4408960629921259
11
1.2628608661417322
21
1.4389980708661416
0
LINE
8
BLACK
6
CONTINUOUS
10
1.2628608661417322
20
1.4389980708661416
11
1.2628608661417322
21
1.426952716535433
0
LINE
8
BLACK
6
CONTINUOUS
10
1.2628608661417322
20
1.426952716535433
11
1.2749062598425196
21
1.426952716535433
0
LINE
8
BLACK
6
CONTINUOUS
10
1.2749062598425196
20
1.426952716535433
11
1.2759161811023623
21
1.4267746456692914
0
LINE
8
BLACK
6
CONTINUOUS
10
1.2759161811023623
20
1.4267746456692914
11
1.2774634251968504
21
1.4254763385826772
0
LINE
8
BLACK
6
CONTINUOUS
10
1.2774634251968504
20
1.4254763385826772
11
1.2778141732283463
21
1.4234872047244094
0
LINE
8
BLACK
6
CONTINUOUS
10
1.2778141732283463
20
1.4234872047244094
11
1.2768042519685039
21
1.421738031496063
0
LINE
8
BLACK
6
CONTINUOUS
10
1.2768042519685039
20
1.421738031496063
11
1.2749062598425196
21
1.4210472047244094
0
LINE
8
BLACK
6
CONTINUOUS
10
1.2749062598425196
20
1.4210472047244094
11
1.2628608661417322
21
1.4210472047244094
0
LINE
8
BLACK
6
CONTINUOUS
10
1.2628608661417322
20
1.4210472047244094
11
1.2628608661417322
21
1.4090018503937007
0
LINE
8
BLACK
6
CONTINUOUS
10
1.2628608661417322
20
1.4090018503937007
11
1.2626827952755906
21
1.4079919291338583
0
LINE
8
BLACK
6
CONTINUOUS
10
1.2626827952755906
20
1.4079919291338583
11
1.2613844881889764
21
1.4064446850393701
0
LINE
8
BLACK
6
CONTINUOUS
10
1.2613844881889764
20
1.4064446850393701
11
1.2593953543307086
21
1.406093937007874
0
LINE
8
BLACK
6
CONTINUOUS
10
1.2593953543307086
20
1.406093937007874
11
1.2576461811023623
21
1.4071038582677164
0
LINE
8
BLACK
6
CONTINUOUS
10
1.2576461811023623
20
1.4071038582677164
11
1.2569553543307086
21
1.4090018503937007
0
LINE
8
BLACK
6
CONTINUOUS
10
1.2569553543307086
20
1.4090018503937007
11
1.2569553543307086
21
1.4210472047244094
0
LINE
8
BLACK
6
CONTINUOUS
10
1.2569553543307086
20
1.4210472047244094
11
1.24491
21
1.4210472047244094
0
LINE
8
BLACK
6
CONTINUOUS
10
1.24491
20
1.4210472047244094
11
1.2439000787401575
21
1.4212252755905512
0
LINE
8
BLACK
6
CONTINUOUS
10
1.2439000787401575
20
1.4212252755905512
11
1.2423528346456694
21
1.4225235826771654
0
LINE
8
BLACK
6
CONTINUOUS
10
1.2423528346456694
20
1.4225235826771654
11
1.2420020866141732
21
1.424512716535433
0
LINE
8
BLACK
6
CONTINUOUS
10
1.2420020866141732
20
1.424512716535433
11
1.2430120078740157
21
1.4262618897637795
0
LINE
8
BLACK
6
CONTINUOUS
10
1.2430120078740157
20
1.4262618897637795
11
1.24491
21
1.426952716535433
0
LINE
8
BLACK
6
CONTINUOUS
10
1.24491
20
1.426952716535433
11
1.2569553543307086
21
1.426952716535433
0
LINE
8
BLACK
6
CONTINUOUS
10
1.2569553543307086
20
1.426952716535433
11
1.2569553543307086
21
1.4389980708661416
0
LINE
8
BLACK
6
CONTINUOUS
10
1.2569553543307086
20
1.4389980708661416
11
1.2571334251968505
21
1.4400079921259843
0
LINE
8
BLACK
6
CONTINUOUS
10
1.2571334251968505
20
1.4400079921259843
11
1.2584317322834646
21
1.4415552362204724
0
LINE
8
BLACK
6
CONTINUOUS
10
1.2584317322834646
20
1.4415552362204724
11
1.2604208661417322
21
1.4419059842519684
0
LINE
8
BLACK
6
CONTINUOUS
10
1.2604208661417322
20
1.4419059842519684
11
1.2621700393700788
21
1.4408960629921259
0
LINE
8
BLACK
6
CONTINUOUS
10
1.4118907874015747
20
1.509410472440945
11
1.4125826771653542
21
1.5077401574803149
0
LINE
8
BLACK
6
CONTINUOUS
10
1.4125826771653542
20
1.5077401574803149
11
1.4125826771653542
21
1.5070866141732284
0
LINE
8
BLACK
6
CONTINUOUS
10
1.4125826771653542
20
1.5070866141732284
11
1.4328740157480315
21
1.5070866141732284
0
LINE
8
BLACK
6
CONTINUOUS
10
1.4328740157480315
20
1.5070866141732284
11
1.4345443307086614
21
1.5063947244094489
0
LINE
8
BLACK
6
CONTINUOUS
10
1.4345443307086614
20
1.5063947244094489
11
1.4352362204724409
21
1.5047244094488188
0
LINE
8
BLACK
6
CONTINUOUS
10
1.4352362204724409
20
1.5047244094488188
11
1.4345443307086614
21
1.5030540944881889
0
LINE
8
BLACK
6
CONTINUOUS
10
1.4345443307086614
20
1.5030540944881889
11
1.4332677165354331
21
1.5025252755905512
0
LINE
8
BLACK
6
CONTINUOUS
10
1.4332677165354331
20
1.5025252755905512
11
1.4332677165354331
21
0.0974746850393701
0
LINE
8
BLACK
6
CONTINUOUS
10
1.4332677165354331
20
0.0974746850393701
11
1.4345443307086614
21
0.096945905511811
0
LINE
8
BLACK
6
CONTINUOUS
10
1.4345443307086614
20
0.096945905511811
11
1.4352362204724409
21
0.0952755905511811
0
LINE
8
BLACK
6
CONTINUOUS
10
1.4352362204724409
20
0.0952755905511811
11
1.4345443307086614
21
0.0936052755905512
0
LINE
8
BLACK
6
CONTINUOUS
10
1.4345443307086614
20
0.0936052755905512
11
1.4328740157480315
21
0.0929133858267717
0
LINE
8
BLACK
6
CONTINUOUS
10
1.4328740157480315
20
0.0929133858267717
11
1.4309055118110237
21
0.0929133858267717
0
LINE
8
BLACK
6
CONTINUOUS
10
1.4309055118110237
20
0.0929133858267717
11
0.9171259842519685
21
0.0929133858267717
0
LINE
8
BLACK
6
CONTINUOUS
10
0.9171259842519685
20
0.0929133858267717
11
0.9154556692913386
21
0.0936052755905512
0
LINE
8
BLACK
6
CONTINUOUS
10
0.9154556692913386
20
0.0936052755905512
11
0.9147637795275591
21
0.0952755905511811
0
LINE
8
BLACK
6
CONTINUOUS
10
0.9147637795275591
20
0.0952755905511811
11
0.9147637795275591
21
1.5047244094488188
0
LINE
8
BLACK
6
CONTINUOUS
10
0.9147637795275591
20
1.5047244094488188
11
0.9154556692913386
21
1.5063947244094489
0
LINE
8
BLACK
6
CONTINUOUS
10
0.9154556692913386
20
1.5063947244094489
11
0.9171259842519685
21
1.5070866141732284
0
LINE
8
BLACK
6
CONTINUOUS
10
0.9171259842519685
20
1.5070866141732284
11
0.9354173228346456
21
1.5070866141732284
0
LINE
8
BLACK
6
CONTINUOUS
10
0.9354173228346456
20
1.5070866141732284
11
0.9354173228346456
21
1.5077401574803149
0
LINE
8
BLACK
6
CONTINUOUS
10
0.9354173228346456
20
1.5077401574803149
11
0.9361092125984252
21
1.509410472440945
0
LINE
8
BLACK
6
CONTINUOUS
10
0.9361092125984252
20
1.509410472440945
11
0.9377795275590551
21
1.5101023622047243
0
LINE
8
BLACK
6
CONTINUOUS
10
0.9377795275590551
20
1.5101023622047243
11
0.939449842519685
21
1.509410472440945
0
LINE
8
BLACK
6
CONTINUOUS
10
0.939449842519685
20
1.509410472440945
11
0.9401417322834645
21
1.5077401574803149
0
LINE
8
BLACK
6
CONTINUOUS
10
0.9401417322834645
20
1.5077401574803149
11
0.9401417322834645
21
1.5070866141732284
0
LINE
8
BLACK
6
CONTINUOUS
10
0.9401417322834645
20
1.5070866141732284
11
1.0928976377952755
21
1.5070866141732284
0
LINE
8
BLACK
6
CONTINUOUS
10
1.0928976377952755
20
1.5070866141732284
11
1.0928976377952755
21
1.5077401574803149
0
LINE
8
BLACK
6
CONTINUOUS
10
1.0928976377952755
20
1.5077401574803149
11
1.093589527559055
21
1.509410472440945
0
LINE
8
BLACK
6
CONTINUOUS
10
1.093589527559055
20
1.509410472440945
11
1.0952598425196851
21
1.5101023622047243
0
LINE
8
BLACK
6
CONTINUOUS
10
1.0952598425196851
20
1.5101023622047243
11
1.096930157480315
21
1.509410472440945
0
LINE
8
BLACK
6
CONTINUOUS
10
1.096930157480315
20
1.509410472440945
11
1.0976220472440945
21
1.5077401574803149
0
LINE
8
BLACK
6
CONTINUOUS
10
1.0976220472440945
20
1.5077401574803149
11
1.0976220472440945
21
1.5070866141732284
0
LINE
8
BLACK
6
CONTINUOUS
10
1.0976220472440945
20
1.5070866141732284
11
1.2503779527559056
21
1.5070866141732284
0
LINE
8
BLACK
6
CONTINUOUS
10
1.2503779527559056
20
1.5070866141732284
11
1.2503779527559056
21
1.5077401574803149
0
LINE
8
BLACK
6
CONTINUOUS
10
1.2503779527559056
20
1.5077401574803149
11
1.2510698425196851
21
1.509410472440945
0
LINE
8
BLACK
6
CONTINUOUS
10
1.2510698425196851
20
1.509410472440945
11
1.252740157480315
21
1.5101023622047243
0
LINE
8
BLACK
6
CONTINUOUS
10
1.252740157480315
20
1.5101023622047243
11
1.2544104724409448
21
1.509410472440945
0
LINE
8
BLACK
6
CONTINUOUS
10
1.2544104724409448
20
1.509410472440945
11
1.2551023622047244
21
1.5077401574803149
0
LINE
8
BLACK
6
CONTINUOUS
10
1.2551023622047244
20
1.5077401574803149
11
1.2551023622047244
21
1.5070866141732284
0
LINE
8
BLACK
6
CONTINUOUS
10
1.2551023622047244
20
1.5070866141732284
11
1.4078582677165354
21
1.5070866141732284
0
LINE
8
BLACK
6
CONTINUOUS
10
1.4078582677165354
20
1.5070866141732284
11
1.4078582677165354
21
1.5077401574803149
0
LINE
8
BLACK
6
CONTINUOUS
10
1.4078582677165354
20
1.5077401574803149
11
1.408550157480315
21
1.509410472440945
0
LINE
8
BLACK
6
CONTINUOUS
10
1.408550157480315
20
1.509410472440945
11
1.4102204724409448
21
1.5101023622047243
0
LINE
8
BLACK
6
CONTINUOUS
10
1.4102204724409448
20
1.5101023622047243
11
1.4118907874015747
21
1.509410472440945
0
LINE
8
BLACK
6
CONTINUOUS
10
1.4125826771653542
20
1.5023622047244094
11
1.4125826771653542
21
1.3896299212598424
0
LINE
8
BLACK
6
CONTINUOUS
10
1.4125826771653542
20
1.3896299212598424
11
1.4124670472440946
21
1.3893507480314959
0
LINE
8
BLACK
6
CONTINUOUS
10
1.4124670472440946
20
1.3893507480314959
11
1.4124670472440946
21
1.3888999606299213
0
LINE
8
BLACK
6
CONTINUOUS
10
1.4124670472440946
20
1.3888999606299213
11
1.4120325984251969
21
1.3883020078740158
0
LINE
8
BLACK
6
CONTINUOUS
10
1.4120325984251969
20
1.3883020078740158
11
1.4118907874015747
21
1.3879596062992126
0
LINE
8
BLACK
6
CONTINUOUS
10
1.4118907874015747
20
1.3879596062992126
11
1.4117377952755905
21
1.387896220472441
0
LINE
8
BLACK
6
CONTINUOUS
10
1.4117377952755905
20
1.387896220472441
11
1.4116089370078739
21
1.3877188582677165
0
LINE
8
BLACK
6
CONTINUOUS
10
1.4116089370078739
20
1.3877188582677165
11
1.4102204724409448
21
1.387267716535433
0
LINE
8
BLACK
6
CONTINUOUS
10
1.4102204724409448
20
1.387267716535433
11
1.4052144094488188
21
1.387267716535433
0
LINE
8
BLACK
6
CONTINUOUS
10
1.4052144094488188
20
1.387267716535433
11
1.3952879133858267
21
1.3859608661417322
0
LINE
8
BLACK
6
CONTINUOUS
10
1.3952879133858267
20
1.3859608661417322
11
1.3856168897637795
21
1.3833695669291339
0
LINE
8
BLACK
6
CONTINUOUS
10
1.3856168897637795
20
1.3833695669291339
11
1.3763668897637795
21
1.3795380708661418
0
LINE
8
BLACK
6
CONTINUOUS
10
1.3763668897637795
20
1.3795380708661418
11
1.3676961023622047
21
1.374531968503937
0
LINE
8
BLACK
6
CONTINUOUS
10
1.3676961023622047
20
1.374531968503937
11
1.3597529133858268
21
1.368436968503937
0
LINE
8
BLACK
6
CONTINUOUS
10
1.3597529133858268
20
1.368436968503937
11
1.3526732677165354
21
1.3613573228346456
0
LINE
8
BLACK
6
CONTINUOUS
10
1.3526732677165354
20
1.3613573228346456
11
1.3465782677165354
21
1.3534141338582677
0
LINE
8
BLACK
6
CONTINUOUS
10
1.3465782677165354
20
1.3534141338582677
11
1.3415721653543307
21
1.3447433464566929
0
LINE
8
BLACK
6
CONTINUOUS
10
1.3415721653543307
20
1.3447433464566929
11
1.3377406692913385
21
1.3354933464566929
0
LINE
8
BLACK
6
CONTINUOUS
10
1.3377406692913385
20
1.3354933464566929
11
1.33514937007874
21
1.3258223228346457
0
LINE
8
BLACK
6
CONTINUOUS
10
1.33514937007874
20
1.3258223228346457
11
1.3338425196850394
21
1.3158958267716536
0
LINE
8
BLACK
6
CONTINUOUS
10
1.3338425196850394
20
1.3158958267716536
11
1.3338425196850394
21
1.3108897637795276
0
LINE
8
BLACK
6
CONTINUOUS
10
1.3338425196850394
20
1.3108897637795276
11
1.3338425196850394
21
0.9171889763779527
0
LINE
8
BLACK
6
CONTINUOUS
10
1.3338425196850394
20
0.9171889763779527
11
1.3338425196850394
21
0.9121829133858268
0
LINE
8
BLACK
6
CONTINUOUS
10
1.3338425196850394
20
0.9121829133858268
11
1.33514937007874
21
0.9022564173228346
0
LINE
8
BLACK
6
CONTINUOUS
10
1.33514937007874
20
0.9022564173228346
11
1.3377406692913385
21
0.8925853937007874
0
LINE
8
BLACK
6
CONTINUOUS
10
1.3377406692913385
20
0.8925853937007874
11
1.3415721653543307
21
0.8833353937007874
0
LINE
8
BLACK
6
CONTINUOUS
10
1.3415721653543307
20
0.8833353937007874
11
1.3465782677165354
21
0.8746646062992126
0
LINE
8
BLACK
6
CONTINUOUS
10
1.3465782677165354
20
0.8746646062992126
11
1.3526732677165354
21
0.8667214173228346
0
LINE
8
BLACK
6
CONTINUOUS
10
1.3526732677165354
20
0.8667214173228346
11
1.3597529133858268
21
0.8596417716535433
0
LINE
8
BLACK
6
CONTINUOUS
10
1.3597529133858268
20
0.8596417716535433
11
1.3676961023622047
21
0.8535467716535433
0
LINE
8
BLACK
6
CONTINUOUS
10
1.3676961023622047
20
0.8535467716535433
11
1.3763668897637795
21
0.8485406692913385
0
LINE
8
BLACK
6
CONTINUOUS
10
1.3763668897637795
20
0.8485406692913385
11
1.3856168897637795
21
0.8447091732283465
0
LINE
8
BLACK
6
CONTINUOUS
10
1.3856168897637795
20
0.8447091732283465
11
1.3952879133858267
21
0.842117874015748
0
LINE
8
BLACK
6
CONTINUOUS
10
1.3952879133858267
20
0.842117874015748
11
1.4052144094488188
21
0.8408110236220472
0
LINE
8
BLACK
6
CONTINUOUS
10
1.4052144094488188
20
0.8408110236220472
11
1.4102204724409448
21
0.8408110236220472
0
LINE
8
BLACK
6
CONTINUOUS
10
1.4102204724409448
20
0.8408110236220472
11
1.4116089370078739
21
0.8403598818897637
0
LINE
8
BLACK
6
CONTINUOUS
10
1.4116089370078739
20
0.8403598818897637
11
1.4124670472440946
21
0.839178779527559
0
LINE
8
BLACK
6
CONTINUOUS
10
1.4124670472440946
20
0.839178779527559
11
1.4124670472440946
21
0.8377188582677165
0
LINE
8
BLACK
6
CONTINUOUS
10
1.4124670472440946
20
0.8377188582677165
11
1.4116089370078739
21
0.8365377559055118
0
LINE
8
BLACK
6
CONTINUOUS
10
1.4116089370078739
20
0.8365377559055118
11
1.4102204724409448
21
0.8360866141732284
0
LINE
8
BLACK
6
CONTINUOUS
10
1.4102204724409448
20
0.8360866141732284
11
1.3996344881889764
21
0.8367804724409449
0
LINE
8
BLACK
6
CONTINUOUS
10
1.3996344881889764
20
0.8367804724409449
11
1.3892296456692914
21
0.8388501181102362
0
LINE
8
BLACK
6
CONTINUOUS
10
1.3892296456692914
20
0.8388501181102362
11
1.379183937007874
21
0.8422601574803149
0
LINE
8
BLACK
6
CONTINUOUS
10
1.379183937007874
20
0.8422601574803149
11
1.3696692913385826
21
0.8469522834645669
0
LINE
8
BLACK
6
CONTINUOUS
10
1.3696692913385826
20
0.8469522834645669
11
1.3608484645669292
21
0.8528461417322835
0
LINE
8
BLACK
6
CONTINUOUS
10
1.3608484645669292
20
0.8528461417322835
11
1.3528724409448818
21
0.8598409448818898
0
LINE
8
BLACK
6
CONTINUOUS
10
1.3528724409448818
20
0.8598409448818898
11
1.3458776377952755
21
0.867816968503937
0
LINE
8
BLACK
6
CONTINUOUS
10
1.3458776377952755
20
0.867816968503937
11
1.3399837795275591
21
0.8766377952755905
0
LINE
8
BLACK
6
CONTINUOUS
10
1.3399837795275591
20
0.8766377952755905
11
1.335291653543307
21
0.8861524409448819
0
LINE
8
BLACK
6
CONTINUOUS
10
1.335291653543307
20
0.8861524409448819
11
1.3318816141732284
21
0.8961981496062992
0
LINE
8
BLACK
6
CONTINUOUS
10
1.3318816141732284
20
0.8961981496062992
11
1.3298119685039369
21
0.9066029921259843
0
LINE
8
BLACK
6
CONTINUOUS
10
1.3298119685039369
20
0.9066029921259843
11
1.3291181102362204
21
0.9171889763779527
0
LINE
8
BLACK
6
CONTINUOUS
10
1.3291181102362204
20
0.9171889763779527
11
1.3291181102362204
21
1.3108897637795276
0
LINE
8
BLACK
6
CONTINUOUS
10
1.3291181102362204
20
1.3108897637795276
11
1.3298119685039369
21
1.321475748031496
0
LINE
8
BLACK
6
CONTINUOUS
10
1.3298119685039369
20
1.321475748031496
11
1.3318816141732284
21
1.331880590551181
0
LINE
8
BLACK
6
CONTINUOUS
10
1.3318816141732284
20
1.331880590551181
11
1.335291653543307
21
1.3419262992125984
0
LINE
8
BLACK
6
CONTINUOUS
10
1.335291653543307
20
1.3419262992125984
11
1.3399837795275591
21
1.3514409448818898
0
LINE
8
BLACK
6
CONTINUOUS
10
1.3399837795275591
20
1.3514409448818898
11
1.3458776377952755
21
1.3602617716535432
0
LINE
8
BLACK
6
CONTINUOUS
10
1.3458776377952755
20
1.3602617716535432
11
1.3528724409448818
21
1.3682377952755904
0
LINE
8
BLACK
6
CONTINUOUS
10
1.3528724409448818
20
1.3682377952755904
11
1.3608484645669292
21
1.3752325984251967
0
LINE
8
BLACK
6
CONTINUOUS
10
1.3608484645669292
20
1.3752325984251967
11
1.3696692913385826
21
1.3811264566929133
0
LINE
8
BLACK
6
CONTINUOUS
10
1.3696692913385826
20
1.3811264566929133
11
1.379183937007874
21
1.3858185826771654
0
LINE
8
BLACK
6
CONTINUOUS
10
1.379183937007874
20
1.3858185826771654
11
1.3892296456692914
21
1.3892286220472441
0
LINE
8
BLACK
6
CONTINUOUS
10
1.3892296456692914
20
1.3892286220472441
11
1.3996344881889764
21
1.3912982677165353
0
LINE
8
BLACK
6
CONTINUOUS
10
1.3996344881889764
20
1.3912982677165353
11
1.4078582677165354
21
1.3918372834645669
0
LINE
8
BLACK
6
CONTINUOUS
10
1.4078582677165354
20
1.3918372834645669
11
1.4078582677165354
21
1.5023622047244094
0
LINE
8
BLACK
6
CONTINUOUS
10
1.4078582677165354
20
1.5023622047244094
11
1.2551023622047244
21
1.5023622047244094
0
LINE
8
BLACK
6
CONTINUOUS
10
1.2551023622047244
20
1.5023622047244094
11
1.2551023622047244
21
1.4683700787401575
0
LINE
8
BLACK
6
CONTINUOUS
10
1.2551023622047244
20
1.4683700787401575
11
1.2544104724409448
21
1.4666997637795276
0
LINE
8
BLACK
6
CONTINUOUS
10
1.2544104724409448
20
1.4666997637795276
11
1.252740157480315
21
1.4660078740157481
0
LINE
8
BLACK
6
CONTINUOUS
10
1.252740157480315
20
1.4660078740157481
11
1.2510698425196851
21
1.4666997637795276
0
LINE
8
BLACK
6
CONTINUOUS
10
1.2510698425196851
20
1.4666997637795276
11
1.2503779527559056
21
1.4683700787401575
0
LINE
8
BLACK
6
CONTINUOUS
10
1.2503779527559056
20
1.4683700787401575
11
1.2503779527559056
21
1.5023622047244094
0
LINE
8
BLACK
6
CONTINUOUS
10
1.2503779527559056
20
1.5023622047244094
11
1.0976220472440945
21
1.5023622047244094
0
LINE
8
BLACK
6
CONTINUOUS
10
1.0976220472440945
20
1.5023622047244094
11
1.0976220472440945
21
1.4683700787401575
0
LINE
8
BLACK
6
CONTINUOUS
10
1.0976220472440945
20
1.4683700787401575
11
1.096930157480315
21
1.4666997637795276
0
LINE
8
BLACK
6
CONTINUOUS
10
1.096930157480315
20
1.4666997637795276
11
1.0952598425196851
21
1.4660078740157481
0
LINE
8
BLACK
6
CONTINUOUS
10
1.0952598425196851
20
1.4660078740157481
11
1.093589527559055
21
1.4666997637795276
0
LINE
8
BLACK
6
CONTINUOUS
10
1.093589527559055
20
1.4666997637795276
11
1.0928976377952755
21
1.4683700787401575
0
LINE
8
BLACK
6
CONTINUOUS
10
1.0928976377952755
20
1.4683700787401575
11
1.0928976377952755
21
1.5023622047244094
0
LINE
8
BLACK
6
CONTINUOUS
10
1.0928976377952755
20
1.5023622047244094
11
0.9401417322834645
21
1.5023622047244094
0
LINE
8
BLACK
6
CONTINUOUS
10
0.9401417322834645
20
1.5023622047244094
11
0.9401417322834645
21
1.3918372834645669
0
LINE
8
BLACK
6
CONTINUOUS
10
0.9401417322834645
20
1.3918372834645669
11
0.9483655118110236
21
1.3912982677165353
0
LINE
8
BLACK
6
CONTINUOUS
10
0.9483655118110236
20
1.3912982677165353
11
0.9587703543307087
21
1.3892286220472441
0
LINE
8
BLACK
6
CONTINUOUS
10
0.9587703543307087
20
1.3892286220472441
11
0.968816062992126
21
1.3858185826771654
0
LINE
8
BLACK
6
CONTINUOUS
10
0.968816062992126
20
1.3858185826771654
11
0.9783307086614172
21
1.3811264566929133
0
LINE
8
BLACK
6
CONTINUOUS
10
0.9783307086614172
20
1.3811264566929133
11
0.9871515354330709
21
1.3752325984251967
0
LINE
8
BLACK
6
CONTINUOUS
10
0.9871515354330709
20
1.3752325984251967
11
0.9951275590551181
21
1.3682377952755904
0
LINE
8
BLACK
6
CONTINUOUS
10
0.9951275590551181
20
1.3682377952755904
11
1.0021223622047244
21
1.3602617716535432
0
LINE
8
BLACK
6
CONTINUOUS
10
1.0021223622047244
20
1.3602617716535432
11
1.008016220472441
21
1.3514409448818898
0
LINE
8
BLACK
6
CONTINUOUS
10
1.008016220472441
20
1.3514409448818898
11
1.0127083464566928
21
1.3419262992125984
0
LINE
8
BLACK
6
CONTINUOUS
10
1.0127083464566928
20
1.3419262992125984
11
1.0161183858267717
21
1.331880590551181
0
LINE
8
BLACK
6
CONTINUOUS
10
1.0161183858267717
20
1.331880590551181
11
1.018188031496063
21
1.321475748031496
0
LINE
8
BLACK
6
CONTINUOUS
10
1.018188031496063
20
1.321475748031496
11
1.0188818897637795
21
1.3108897637795276
0
LINE
8
BLACK
6
CONTINUOUS
10
1.0188818897637795
20
1.3108897637795276
11
1.0188818897637795
21
0.9171889763779527
0
LINE
8
BLACK
6
CONTINUOUS
10
1.0188818897637795
20
0.9171889763779527
11
1.018188031496063
21
0.9066029921259843
0
LINE
8
BLACK
6
CONTINUOUS
10
1.018188031496063
20
0.9066029921259843
11
1.0161183858267717
21
0.8961981496062992
0
LINE
8
BLACK
6
CONTINUOUS
10
1.0161183858267717
20
0.8961981496062992
11
1.0127083464566928
21
0.8861524409448819
0
LINE
8
BLACK
6
CONTINUOUS
10
1.0127083464566928
20
0.8861524409448819
11
1.008016220472441
21
0.8766377952755905
0
LINE
8
BLACK
6
CONTINUOUS
10
1.008016220472441
20
0.8766377952755905
11
1.0021223622047244
21
0.867816968503937
0
LINE
8
BLACK
6
CONTINUOUS
10
1.0021223622047244
20
0.867816968503937
11
0.9951275590551181
21
0.8598409448818898
0
LINE
8
BLACK
6
CONTINUOUS
10
0.9951275590551181
20
0.8598409448818898
11
0.9871515354330709
21
0.8528461417322835
0
LINE
8
BLACK
6
CONTINUOUS
10
0.9871515354330709
20
0.8528461417322835
11
0.9783307086614172
21
0.8469522834645669
0
LINE
8
BLACK
6
CONTINUOUS
10
0.9783307086614172
20
0.8469522834645669
11
0.968816062992126
21
0.8422601574803149
0
LINE
8
BLACK
6
CONTINUOUS
10
0.968816062992126
20
0.8422601574803149
11
0.9587703543307087
21
0.8388501181102362
0
LINE
8
BLACK
6
CONTINUOUS
10
0.9587703543307087
20
0.8388501181102362
11
0.9483655118110236
21
0.8367804724409449
0
LINE
8
BLACK
6
CONTINUOUS
10
0.9483655118110236
20
0.8367804724409449
11
0.9377795275590551
21
0.8360866141732284
0
LINE
8
BLACK
6
CONTINUOUS
10
0.9377795275590551
20
0.8360866141732284
11
0.9363910629921259
21
0.8365377559055118
0
LINE
8
BLACK
6
CONTINUOUS
10
0.9363910629921259
20
0.8365377559055118
11
0.9355329527559055
21
0.8377188582677165
0
LINE
8
BLACK
6
CONTINUOUS
10
0.9355329527559055
20
0.8377188582677165
11
0.9355329527559055
21
0.839178779527559
0
LINE
8
BLACK
6
CONTINUOUS
10
0.9355329527559055
20
0.839178779527559
11
0.9363910629921259
21
0.8403598818897637
0
LINE
8
BLACK
6
CONTINUOUS
10
0.9363910629921259
20
0.8403598818897637
11
0.9377795275590551
21
0.8408110236220472
0
LINE
8
BLACK
6
CONTINUOUS
10
0.9377795275590551
20
0.8408110236220472
11
0.9427855905511811
21
0.8408110236220472
0
LINE
8
BLACK
6
CONTINUOUS
10
0.9427855905511811
20
0.8408110236220472
11
0.9527120866141732
21
0.842117874015748
0
LINE
8
BLACK
6
CONTINUOUS
10
0.9527120866141732
20
0.842117874015748
11
0.9623831102362205
21
0.8447091732283465
0
LINE
8
BLACK
6
CONTINUOUS
10
0.9623831102362205
20
0.8447091732283465
11
0.9716331102362205
21
0.8485406692913385
0
LINE
8
BLACK
6
CONTINUOUS
10
0.9716331102362205
20
0.8485406692913385
11
0.9803038976377952
21
0.8535467716535433
0
LINE
8
BLACK
6
CONTINUOUS
10
0.9803038976377952
20
0.8535467716535433
11
0.9882470866141732
21
0.8596417716535433
0
LINE
8
BLACK
6
CONTINUOUS
10
0.9882470866141732
20
0.8596417716535433
11
0.9953267322834646
21
0.8667214173228346
0
LINE
8
BLACK
6
CONTINUOUS
10
0.9953267322834646
20
0.8667214173228346
11
1.0014217322834646
21
0.8746646062992126
0
LINE
8
BLACK
6
CONTINUOUS
10
1.0014217322834646
20
0.8746646062992126
11
1.0064278346456692
21
0.8833353937007874
0
LINE
8
BLACK
6
CONTINUOUS
10
1.0064278346456692
20
0.8833353937007874
11
1.0102593307086614
21
0.8925853937007874
0
LINE
8
BLACK
6
CONTINUOUS
10
1.0102593307086614
20
0.8925853937007874
11
1.0128506299212598
21
0.9022564173228346
0
LINE
8
BLACK
6
CONTINUOUS
10
1.0128506299212598
20
0.9022564173228346
11
1.0141574803149607
21
0.9121829133858268
0
LINE
8
BLACK
6
CONTINUOUS
10
1.0141574803149607
20
0.9121829133858268
11
1.0141574803149607
21
0.9171889763779527
0
LINE
8
BLACK
6
CONTINUOUS
10
1.0141574803149607
20
0.9171889763779527
11
1.0141574803149607
21
1.3108897637795276
0
LINE
8
BLACK
6
CONTINUOUS
10
1.0141574803149607
20
1.3108897637795276
11
1.0141574803149607
21
1.3158958267716536
0
LINE
8
BLACK
6
CONTINUOUS
10
1.0141574803149607
20
1.3158958267716536
11
1.0128506299212598
21
1.3258223228346457
0
LINE
8
BLACK
6
CONTINUOUS
10
1.0128506299212598
20
1.3258223228346457
11
1.0102593307086614
21
1.3354933464566929
0
LINE
8
BLACK
6
CONTINUOUS
10
1.0102593307086614
20
1.3354933464566929
11
1.0064278346456692
21
1.3447433464566929
0
LINE
8
BLACK
6
CONTINUOUS
10
1.0064278346456692
20
1.3447433464566929
11
1.0014217322834646
21
1.3534141338582677
0
LINE
8
BLACK
6
CONTINUOUS
10
1.0014217322834646
20
1.3534141338582677
11
0.9953267322834646
21
1.3613573228346456
0
LINE
8
BLACK
6
CONTINUOUS
10
0.9953267322834646
20
1.3613573228346456
11
0.9882470866141732
21
1.368436968503937
0
LINE
8
BLACK
6
CONTINUOUS
10
0.9882470866141732
20
1.368436968503937
11
0.9803038976377952
21
1.374531968503937
0
LINE
8
BLACK
6
CONTINUOUS
10
0.9803038976377952
20
1.374531968503937
11
0.9716331102362205
21
1.3795380708661418
0
LINE
8
BLACK
6
CONTINUOUS
10
0.9716331102362205
20
1.3795380708661418
11
0.9623831102362205
21
1.3833695669291339
0
LINE
8
BLACK
6
CONTINUOUS
10
0.9623831102362205
20
1.3833695669291339
11
0.9527120866141732
21
1.3859608661417322
0
LINE
8
BLACK
6
CONTINUOUS
10
0.9527120866141732
20
1.3859608661417322
11
0.9427855905511811
21
1.387267716535433
0
LINE
8
BLACK
6
CONTINUOUS
10
0.9427855905511811
20
1.387267716535433
11
0.9377795275590551
21
1.387267716535433
0
LINE
8
BLACK
6
CONTINUOUS
10
0.9377795275590551
20
1.387267716535433
11
0.9363910629921259
21
1.3877188582677165
0
LINE
8
BLACK
6
CONTINUOUS
10
0.9363910629921259
20
1.3877188582677165
11
0.9362621653543307
21
1.387896220472441
0
LINE
8
BLACK
6
CONTINUOUS
10
0.9362621653543307
20
1.387896220472441
11
0.9361092125984252
21
1.3879596062992126
0
LINE
8
BLACK
6
CONTINUOUS
10
0.9361092125984252
20
1.3879596062992126
11
0.9359673622047244
21
1.3883020078740158
0
LINE
8
BLACK
6
CONTINUOUS
10
0.9359673622047244
20
1.3883020078740158
11
0.9355329527559055
21
1.3888999606299213
0
LINE
8
BLACK
6
CONTINUOUS
10
0.9355329527559055
20
1.3888999606299213
11
0.9355329527559055
21
1.3893507480314959
0
LINE
8
BLACK
6
CONTINUOUS
10
0.9355329527559055
20
1.3893507480314959
11
0.9354173228346456
21
1.3896299212598424
0
LINE
8
BLACK
6
CONTINUOUS
10
0.9354173228346456
20
1.3896299212598424
11
0.9354173228346456
21
1.5023622047244094
0
LINE
8
BLACK
6
CONTINUOUS
10
0.9354173228346456
20
1.5023622047244094
11
0.919488188976378
21
1.5023622047244094
0
LINE
8
BLACK
6
CONTINUOUS
10
0.919488188976378
20
1.5023622047244094
11
0.919488188976378
21
0.0976377952755905
0
LINE
8
BLACK
6
CONTINUOUS
10
0.919488188976378
20
0.0976377952755905
11
1.428543307086614
21
0.0976377952755905
0
LINE
8
BLACK
6
CONTINUOUS
10
1.428543307086614
20
0.0976377952755905
11
1.428543307086614
21
1.5023622047244094
0
LINE
8
BLACK
6
CONTINUOUS
10
1.428543307086614
20
1.5023622047244094
11
1.4125826771653542
21
1.5023622047244094
0
LINE
8
BLACK
6
CONTINUOUS
10
2.2669423228346455
20
0.5093882677165354
11
2.2670715748031496
21
0.509411062992126
0
LINE
8
BLACK
6
CONTINUOUS
10
2.2670715748031496
20
0.509411062992126
11
2.267185157480315
21
0.5093454330708661
0
LINE
8
BLACK
6
CONTINUOUS
10
2.267185157480315
20
0.5093454330708661
11
2.2675687401574804
21
0.5092778346456692
0
LINE
8
BLACK
6
CONTINUOUS
10
2.2675687401574804
20
0.5092778346456692
11
2.2681564173228348
21
0.50878468503937
0
LINE
8
BLACK
6
CONTINUOUS
10
2.2681564173228348
20
0.50878468503937
11
2.2688207480314961
21
0.5084011417322835
0
LINE
8
BLACK
6
CONTINUOUS
10
2.2688207480314961
20
0.5084011417322835
11
2.2689118503937009
21
0.5081507874015748
0
LINE
8
BLACK
6
CONTINUOUS
10
2.2689118503937009
20
0.5081507874015748
11
2.2691159842519686
21
0.5079795275590551
0
LINE
8
BLACK
6
CONTINUOUS
10
2.2691159842519686
20
0.5079795275590551
11
2.2692492125984249
21
0.507223937007874
0
LINE
8
BLACK
6
CONTINUOUS
10
2.2692492125984249
20
0.507223937007874
11
2.2695115748031496
21
0.5065031496062992
0
LINE
8
BLACK
6
CONTINUOUS
10
2.2695115748031496
20
0.5065031496062992
11
2.2695115748031496
21
0.4671330708661417
0
LINE
8
BLACK
6
CONTINUOUS
10
2.2695115748031496
20
0.4671330708661417
11
2.2693335039370077
21
0.4661231496062992
0
LINE
8
BLACK
6
CONTINUOUS
10
2.2693335039370077
20
0.4661231496062992
11
2.2680351968503936
21
0.464575905511811
0
LINE
8
BLACK
6
CONTINUOUS
10
2.2680351968503936
20
0.464575905511811
11
2.266046062992126
21
0.464225157480315
0
LINE
8
BLACK
6
CONTINUOUS
10
2.266046062992126
20
0.464225157480315
11
2.2642968897637794
21
0.4652350787401575
0
LINE
8
BLACK
6
CONTINUOUS
10
2.2642968897637794
20
0.4652350787401575
11
2.263606062992126
21
0.4671330708661417
0
LINE
8
BLACK
6
CONTINUOUS
10
2.263606062992126
20
0.4671330708661417
11
2.263606062992126
21
0.4829279921259843
0
LINE
8
BLACK
6
CONTINUOUS
10
2.263606062992126
20
0.4829279921259843
11
2.2587223622047246
21
0.4829279921259843
0
LINE
8
BLACK
6
CONTINUOUS
10
2.2587223622047246
20
0.4829279921259843
11
2.2464806299212596
21
0.4654397637795276
0
LINE
8
BLACK
6
CONTINUOUS
10
2.2464806299212596
20
0.4654397637795276
11
2.24575562992126
21
0.4647145275590551
0
LINE
8
BLACK
6
CONTINUOUS
10
2.24575562992126
20
0.4647145275590551
11
2.2438047244094488
21
0.4641914960629921
0
LINE
8
BLACK
6
CONTINUOUS
10
2.2438047244094488
20
0.4641914960629921
11
2.2419740157480312
21
0.465044842519685
0
LINE
8
BLACK
6
CONTINUOUS
10
2.2419740157480312
20
0.465044842519685
11
2.2411201968503938
21
0.4668753149606299
0
LINE
8
BLACK
6
CONTINUOUS
10
2.2411201968503938
20
0.4668753149606299
11
2.2416426771653541
21
0.4688263779527559
0
LINE
8
BLACK
6
CONTINUOUS
10
2.2416426771653541
20
0.4688263779527559
11
2.2515189370078739
21
0.4829353543307087
0
LINE
8
BLACK
6
CONTINUOUS
10
2.2515189370078739
20
0.4829353543307087
11
2.2505507874015747
21
0.483106062992126
0
LINE
8
BLACK
6
CONTINUOUS
10
2.2505507874015747
20
0.483106062992126
11
2.2504155118110236
21
0.4832195275590551
0
LINE
8
BLACK
6
CONTINUOUS
10
2.2504155118110236
20
0.4832195275590551
11
2.2502401968503936
21
0.4832397244094488
0
LINE
8
BLACK
6
CONTINUOUS
10
2.2502401968503936
20
0.4832397244094488
11
2.2464906692913384
21
0.4851144881889763
0
LINE
8
BLACK
6
CONTINUOUS
10
2.2464906692913384
20
0.4851144881889763
11
2.2457815748031495
21
0.4856403543307086
0
LINE
8
BLACK
6
CONTINUOUS
10
2.2457815748031495
20
0.4856403543307086
11
2.2457232677165355
21
0.4856675984251969
0
LINE
8
BLACK
6
CONTINUOUS
10
2.2457232677165355
20
0.4856675984251969
11
2.243848503937008
21
0.4875423622047244
0
LINE
8
BLACK
6
CONTINUOUS
10
2.243848503937008
20
0.4875423622047244
11
2.2433422047244096
21
0.4882654330708661
0
LINE
8
BLACK
6
CONTINUOUS
10
2.2433422047244096
20
0.4882654330708661
11
2.2432953937007873
21
0.4883097637795276
0
LINE
8
BLACK
6
CONTINUOUS
10
2.2432953937007873
20
0.4883097637795276
11
2.2414206299212598
21
0.4920592913385827
0
LINE
8
BLACK
6
CONTINUOUS
10
2.2414206299212598
20
0.4920592913385827
11
2.2411282677165354
21
0.4930422440944882
0
LINE
8
BLACK
6
CONTINUOUS
10
2.2411282677165354
20
0.4930422440944882
11
2.241169251968504
21
0.4932138976377953
0
LINE
8
BLACK
6
CONTINUOUS
10
2.241169251968504
20
0.4932138976377953
11
2.2411088976377953
21
0.4933798031496063
0
LINE
8
BLACK
6
CONTINUOUS
10
2.2411088976377953
20
0.4933798031496063
11
2.2411088976377953
21
0.4990040944881889
0
LINE
8
BLACK
6
CONTINUOUS
10
2.2411088976377953
20
0.4990040944881889
11
2.2412869685039372
21
0.5000140157480315
0
LINE
8
BLACK
6
CONTINUOUS
10
2.2412869685039372
20
0.5000140157480315
11
2.2414004330708659
21
0.5001492519685039
0
LINE
8
BLACK
6
CONTINUOUS
10
2.2414004330708659
20
0.5001492519685039
11
2.2414206299212598
21
0.5003246062992126
0
LINE
8
BLACK
6
CONTINUOUS
10
2.2414206299212598
20
0.5003246062992126
11
2.2432953937007873
21
0.5040741338582677
0
LINE
8
BLACK
6
CONTINUOUS
10
2.2432953937007873
20
0.5040741338582677
11
2.2438212992125983
21
0.504783188976378
0
LINE
8
BLACK
6
CONTINUOUS
10
2.2438212992125983
20
0.504783188976378
11
2.243848503937008
21
0.5048415354330709
0
LINE
8
BLACK
6
CONTINUOUS
10
2.243848503937008
20
0.5048415354330709
11
2.2457232677165355
21
0.5067162992125984
0
LINE
8
BLACK
6
CONTINUOUS
10
2.2457232677165355
20
0.5067162992125984
11
2.2464463385826772
21
0.5072225590551181
0
LINE
8
BLACK
6
CONTINUOUS
10
2.2464463385826772
20
0.5072225590551181
11
2.2464906692913384
21
0.5072694094488189
0
LINE
8
BLACK
6
CONTINUOUS
10
2.2464906692913384
20
0.5072694094488189
11
2.2502401968503936
21
0.5091441732283465
0
LINE
8
BLACK
6
CONTINUOUS
10
2.2502401968503936
20
0.5091441732283465
11
2.2512231102362206
21
0.5094365354330709
0
LINE
8
BLACK
6
CONTINUOUS
10
2.2512231102362206
20
0.5094365354330709
11
2.2513948031496063
21
0.5093955118110236
0
LINE
8
BLACK
6
CONTINUOUS
10
2.2513948031496063
20
0.5093955118110236
11
2.2515607086614171
21
0.509455905511811
0
LINE
8
BLACK
6
CONTINUOUS
10
2.2515607086614171
20
0.509455905511811
11
2.2665588188976376
21
0.509455905511811
0
LINE
8
BLACK
6
CONTINUOUS
10
2.2665588188976376
20
0.509455905511811
11
2.2669423228346455
21
0.5093882677165354
0
LINE
8
BLACK
6
CONTINUOUS
10
2.2495602755905511
20
0.502201653543307
11
2.2483631496062992
21
0.5010045275590551
0
LINE
8
BLACK
6
CONTINUOUS
10
2.2483631496062992
20
0.5010045275590551
11
2.2470144094488189
21
0.4983070472440945
0
LINE
8
BLACK
6
CONTINUOUS
10
2.2470144094488189
20
0.4983070472440945
11
2.2470144094488189
21
0.4940768503937008
0
LINE
8
BLACK
6
CONTINUOUS
10
2.2470144094488189
20
0.4940768503937008
11
2.2483631496062992
21
0.4913793700787402
0
LINE
8
BLACK
6
CONTINUOUS
10
2.2483631496062992
20
0.4913793700787402
11
2.2495602755905511
21
0.4901822440944882
0
LINE
8
BLACK
6
CONTINUOUS
10
2.2495602755905511
20
0.4901822440944882
11
2.2522577559055117
21
0.4888335039370079
0
LINE
8
BLACK
6
CONTINUOUS
10
2.2522577559055117
20
0.4888335039370079
11
2.263606062992126
21
0.4888335039370079
0
LINE
8
BLACK
6
CONTINUOUS
10
2.263606062992126
20
0.4888335039370079
11
2.263606062992126
21
0.5035503937007874
0
LINE
8
BLACK
6
CONTINUOUS
10
2.263606062992126
20
0.5035503937007874
11
2.2522577559055117
21
0.5035503937007874
0
LINE
8
BLACK
6
CONTINUOUS
10
2.2522577559055117
20
0.5035503937007874
11
2.2495602755905511
21
0.502201653543307
0
LINE
8
BLACK
6
CONTINUOUS
10
2.2319481889763777
20
0.5092778346456692
11
2.2334954330708663
21
0.5079795275590551
0
LINE
8
BLACK
6
CONTINUOUS
10
2.2334954330708663
20
0.5079795275590551
11
2.2338461811023622
21
0.5059903937007874
0
LINE
8
BLACK
6
CONTINUOUS
10
2.2338461811023622
20
0.5059903937007874
11
2.2328362598425198
21
0.5042412204724409
0
LINE
8
BLACK
6
CONTINUOUS
10
2.2328362598425198
20
0.5042412204724409
11
2.2309382677165353
21
0.5035503937007874
0
LINE
8
BLACK
6
CONTINUOUS
10
2.2309382677165353
20
0.5035503937007874
11
2.209169566929134
21
0.5035503937007874
0
LINE
8
BLACK
6
CONTINUOUS
10
2.209169566929134
20
0.5035503937007874
11
2.2242784645669289
21
0.468296220472441
0
LINE
8
BLACK
6
CONTINUOUS
10
2.2242784645669289
20
0.468296220472441
11
2.2245125984251968
21
0.4672978346456693
0
LINE
8
BLACK
6
CONTINUOUS
10
2.2245125984251968
20
0.4672978346456693
11
2.2239287795275589
21
0.465364251968504
0
LINE
8
BLACK
6
CONTINUOUS
10
2.2239287795275589
20
0.465364251968504
11
2.2222386220472439
21
0.4642583070866141
0
LINE
8
BLACK
6
CONTINUOUS
10
2.2222386220472439
20
0.4642583070866141
11
2.2202330708661417
21
0.4644975196850394
0
LINE
8
BLACK
6
CONTINUOUS
10
2.2202330708661417
20
0.4644975196850394
11
2.218850433070866
21
0.4659699212598425
0
LINE
8
BLACK
6
CONTINUOUS
10
2.218850433070866
20
0.4659699212598425
11
2.201977559055118
21
0.50534
0
LINE
8
BLACK
6
CONTINUOUS
10
2.201977559055118
20
0.50534
11
2.2017434251968502
21
0.5063384251968504
0
LINE
8
BLACK
6
CONTINUOUS
10
2.2017434251968502
20
0.5063384251968504
11
2.201844212598425
21
0.5066723228346457
0
LINE
8
BLACK
6
CONTINUOUS
10
2.201844212598425
20
0.5066723228346457
11
2.201783661417323
21
0.507015905511811
0
LINE
8
BLACK
6
CONTINUOUS
10
2.201783661417323
20
0.507015905511811
11
2.2021281102362202
21
0.5076124803149606
0
LINE
8
BLACK
6
CONTINUOUS
10
2.2021281102362202
20
0.5076124803149606
11
2.2023272440944881
21
0.508271968503937
0
LINE
8
BLACK
6
CONTINUOUS
10
2.2023272440944881
20
0.508271968503937
11
2.2026191338582675
21
0.5084629527559055
0
LINE
8
BLACK
6
CONTINUOUS
10
2.2026191338582675
20
0.5084629527559055
11
2.2027935826771654
21
0.5087650787401574
0
LINE
8
BLACK
6
CONTINUOUS
10
2.2027935826771654
20
0.5087650787401574
11
2.2034409055118109
21
0.5090006692913386
0
LINE
8
BLACK
6
CONTINUOUS
10
2.2034409055118109
20
0.5090006692913386
11
2.2040174015748031
21
0.5093779133858267
0
LINE
8
BLACK
6
CONTINUOUS
10
2.2040174015748031
20
0.5093779133858267
11
2.2043637795275588
21
0.5093365748031496
0
LINE
8
BLACK
6
CONTINUOUS
10
2.2043637795275588
20
0.5093365748031496
11
2.2046915748031495
21
0.509455905511811
0
LINE
8
BLACK
6
CONTINUOUS
10
2.2046915748031495
20
0.509455905511811
11
2.2309382677165353
21
0.509455905511811
0
LINE
8
BLACK
6
CONTINUOUS
10
2.2309382677165353
20
0.509455905511811
11
2.2319481889763777
21
0.5092778346456692
0
LINE
8
BLACK
6
CONTINUOUS
10
2.2273425590551179
20
0.734428779527559
11
2.2274096062992124
21
0.7344476377952756
0
LINE
8
BLACK
6
CONTINUOUS
10
2.2274096062992124
20
0.7344476377952756
11
2.2275211417322835
21
0.7343972834645669
0
LINE
8
BLACK
6
CONTINUOUS
10
2.2275211417322835
20
0.7343972834645669
11
2.2281986614173226
21
0.7342778346456693
0
LINE
8
BLACK
6
CONTINUOUS
10
2.2281986614173226
20
0.7342778346456693
11
2.2286790157480314
21
0.7338747244094488
0
LINE
8
BLACK
6
CONTINUOUS
10
2.2286790157480314
20
0.7338747244094488
11
2.2292505905511812
21
0.7336168110236221
0
LINE
8
BLACK
6
CONTINUOUS
10
2.2292505905511812
20
0.7336168110236221
11
2.2294296456692915
21
0.733244842519685
0
LINE
8
BLACK
6
CONTINUOUS
10
2.2294296456692915
20
0.733244842519685
11
2.2297459055118112
21
0.7329795275590552
0
LINE
8
BLACK
6
CONTINUOUS
10
2.2297459055118112
20
0.7329795275590552
11
2.2298547637795276
21
0.732361968503937
0
LINE
8
BLACK
6
CONTINUOUS
10
2.2298547637795276
20
0.732361968503937
11
2.2301268503937006
21
0.7317969685039369
0
LINE
8
BLACK
6
CONTINUOUS
10
2.2301268503937006
20
0.7317969685039369
11
2.2320016141732282
21
0.7130493307086614
0
LINE
8
BLACK
6
CONTINUOUS
10
2.2320016141732282
20
0.7130493307086614
11
2.2319249212598424
21
0.7120266929133858
0
LINE
8
BLACK
6
CONTINUOUS
10
2.2319249212598424
20
0.7120266929133858
11
2.231913937007874
21
0.7120105905511811
0
LINE
8
BLACK
6
CONTINUOUS
10
2.231913937007874
20
0.7120105905511811
11
2.2319156299212599
21
0.7119912992125984
0
LINE
8
BLACK
6
CONTINUOUS
10
2.2319156299212599
20
0.7119912992125984
11
2.2313472440944881
21
0.7111795275590551
0
LINE
8
BLACK
6
CONTINUOUS
10
2.2313472440944881
20
0.7111795275590551
11
2.2307870078740155
21
0.7103579527559055
0
LINE
8
BLACK
6
CONTINUOUS
10
2.2307870078740155
20
0.7103579527559055
11
2.2307682677165355
21
0.7103526771653543
0
LINE
8
BLACK
6
CONTINUOUS
10
2.2307682677165355
20
0.7103526771653543
11
2.230757125984252
21
0.7103367322834645
0
LINE
8
BLACK
6
CONTINUOUS
10
2.230757125984252
20
0.7103367322834645
11
2.2297981889763778
21
0.7100798031496063
0
LINE
8
BLACK
6
CONTINUOUS
10
2.2297981889763778
20
0.7100798031496063
11
2.2288426377952755
21
0.7098110236220472
0
LINE
8
BLACK
6
CONTINUOUS
10
2.2288426377952755
20
0.7098110236220472
11
2.2288248818897638
21
0.7098190157480315
0
LINE
8
BLACK
6
CONTINUOUS
10
2.2288248818897638
20
0.7098190157480315
11
2.2288061417322833
21
0.7098140157480315
0
LINE
8
BLACK
6
CONTINUOUS
10
2.2288061417322833
20
0.7098140157480315
11
2.2279077559055116
21
0.7102329133858267
0
LINE
8
BLACK
6
CONTINUOUS
10
2.2279077559055116
20
0.7102329133858267
11
2.227001653543307
21
0.7106418503937008
0
LINE
8
BLACK
6
CONTINUOUS
10
2.227001653543307
20
0.7106418503937008
11
2.2269931889763779
21
0.7106593700787401
0
LINE
8
BLACK
6
CONTINUOUS
10
2.2269931889763779
20
0.7106593700787401
11
2.2269755905511812
21
0.7106675984251969
0
LINE
8
BLACK
6
CONTINUOUS
10
2.2269755905511812
20
0.7106675984251969
11
2.2254396456692911
21
0.7122035433070866
0
LINE
8
BLACK
6
CONTINUOUS
10
2.2254396456692911
20
0.7122035433070866
11
2.2227421653543304
21
0.7135522834645669
0
LINE
8
BLACK
6
CONTINUOUS
10
2.2227421653543304
20
0.7135522834645669
11
2.2147624409448818
21
0.7135522834645669
0
LINE
8
BLACK
6
CONTINUOUS
10
2.2147624409448818
20
0.7135522834645669
11
2.2120649606299212
21
0.7122035433070866
0
LINE
8
BLACK
6
CONTINUOUS
10
2.2120649606299212
20
0.7122035433070866
11
2.2108678346456694
21
0.7110064173228346
0
LINE
8
BLACK
6
CONTINUOUS
10
2.2108678346456694
20
0.7110064173228346
11
2.2095190944881891
21
0.708308937007874
0
LINE
8
BLACK
6
CONTINUOUS
10
2.2095190944881891
20
0.708308937007874
11
2.2095190944881891
21
0.7003292125984252
0
LINE
8
BLACK
6
CONTINUOUS
10
2.2095190944881891
20
0.7003292125984252
11
2.2108678346456694
21
0.6976317322834645
0
LINE
8
BLACK
6
CONTINUOUS
10
2.2108678346456694
20
0.6976317322834645
11
2.2120649212598424
21
0.6964346062992126
0
LINE
8
BLACK
6
CONTINUOUS
10
2.2120649212598424
20
0.6964346062992126
11
2.2147624803149606
21
0.6950858267716535
0
LINE
8
BLACK
6
CONTINUOUS
10
2.2147624803149606
20
0.6950858267716535
11
2.2227421259842521
21
0.6950858267716535
0
LINE
8
BLACK
6
CONTINUOUS
10
2.2227421259842521
20
0.6950858267716535
11
2.2254396062992123
21
0.6964345669291339
0
LINE
8
BLACK
6
CONTINUOUS
10
2.2254396062992123
20
0.6964345669291339
11
2.2269755905511812
21
0.6979705511811023
0
LINE
8
BLACK
6
CONTINUOUS
10
2.2269755905511812
20
0.6979705511811023
11
2.2278156299212597
21
0.6985587401574803
0
LINE
8
BLACK
6
CONTINUOUS
10
2.2278156299212597
20
0.6985587401574803
11
2.229827716535433
21
0.6987347637795276
0
LINE
8
BLACK
6
CONTINUOUS
10
2.229827716535433
20
0.6987347637795276
11
2.2314822834645667
21
0.6975762598425197
0
LINE
8
BLACK
6
CONTINUOUS
10
2.2314822834645667
20
0.6975762598425197
11
2.232005
21
0.6956252755905512
0
LINE
8
BLACK
6
CONTINUOUS
10
2.232005
20
0.6956252755905512
11
2.2311514173228346
21
0.6937947244094488
0
LINE
8
BLACK
6
CONTINUOUS
10
2.2311514173228346
20
0.6937947244094488
11
2.2292766535433071
21
0.6919199606299212
0
LINE
8
BLACK
6
CONTINUOUS
10
2.2292766535433071
20
0.6919199606299212
11
2.2285536614173229
21
0.6914137401574802
0
LINE
8
BLACK
6
CONTINUOUS
10
2.2285536614173229
20
0.6914137401574802
11
2.2285092913385824
21
0.6913668503937008
0
LINE
8
BLACK
6
CONTINUOUS
10
2.2285092913385824
20
0.6913668503937008
11
2.2247597637795273
21
0.6894920472440945
0
LINE
8
BLACK
6
CONTINUOUS
10
2.2247597637795273
20
0.6894920472440945
11
2.223776811023622
21
0.68919968503937
0
LINE
8
BLACK
6
CONTINUOUS
10
2.223776811023622
20
0.68919968503937
11
2.2236050787401576
21
0.6892406692913385
0
LINE
8
BLACK
6
CONTINUOUS
10
2.2236050787401576
20
0.6892406692913385
11
2.223439212598425
21
0.6891803149606299
0
LINE
8
BLACK
6
CONTINUOUS
10
2.223439212598425
20
0.6891803149606299
11
2.2140653937007873
21
0.6891803149606299
0
LINE
8
BLACK
6
CONTINUOUS
10
2.2140653937007873
20
0.6891803149606299
11
2.2130554724409448
21
0.6893583858267717
0
LINE
8
BLACK
6
CONTINUOUS
10
2.2130554724409448
20
0.6893583858267717
11
2.2129201968503938
21
0.6894718503937007
0
LINE
8
BLACK
6
CONTINUOUS
10
2.2129201968503938
20
0.6894718503937007
11
2.2127448818897637
21
0.6894920472440945
0
LINE
8
BLACK
6
CONTINUOUS
10
2.2127448818897637
20
0.6894920472440945
11
2.2089953149606298
21
0.6913668503937008
0
LINE
8
BLACK
6
CONTINUOUS
10
2.2089953149606298
20
0.6913668503937008
11
2.2082862992125984
21
0.691892716535433
0
LINE
8
BLACK
6
CONTINUOUS
10
2.2082862992125984
20
0.691892716535433
11
2.2082279527559057
21
0.6919199606299212
0
LINE
8
BLACK
6
CONTINUOUS
10
2.2082279527559057
20
0.6919199606299212
11
2.2063531889763781
21
0.6937947244094488
0
LINE
8
BLACK
6
CONTINUOUS
10
2.2063531889763781
20
0.6937947244094488
11
2.2058468897637793
21
0.6945177952755905
0
LINE
8
BLACK
6
CONTINUOUS
10
2.2058468897637793
20
0.6945177952755905
11
2.2058000787401575
21
0.6945621259842519
0
LINE
8
BLACK
6
CONTINUOUS
10
2.2058000787401575
20
0.6945621259842519
11
2.2039253149606299
21
0.698311653543307
0
LINE
8
BLACK
6
CONTINUOUS
10
2.2039253149606299
20
0.698311653543307
11
2.2036329527559055
21
0.6992946062992126
0
LINE
8
BLACK
6
CONTINUOUS
10
2.2036329527559055
20
0.6992946062992126
11
2.2036739370078742
21
0.6994662598425196
0
LINE
8
BLACK
6
CONTINUOUS
10
2.2036739370078742
20
0.6994662598425196
11
2.2036135826771655
21
0.6996321653543307
0
LINE
8
BLACK
6
CONTINUOUS
10
2.2036135826771655
20
0.6996321653543307
11
2.2036135826771655
21
0.7090059842519685
0
LINE
8
BLACK
6
CONTINUOUS
10
2.2036135826771655
20
0.7090059842519685
11
2.2037916535433069
21
0.710015905511811
0
LINE
8
BLACK
6
CONTINUOUS
10
2.2037916535433069
20
0.710015905511811
11
2.203905118110236
21
0.7101511417322834
0
LINE
8
BLACK
6
CONTINUOUS
10
2.203905118110236
20
0.7101511417322834
11
2.2039253149606299
21
0.7103264960629921
0
LINE
8
BLACK
6
CONTINUOUS
10
2.2039253149606299
20
0.7103264960629921
11
2.2058000787401575
21
0.7140760236220473
0
LINE
8
BLACK
6
CONTINUOUS
10
2.2058000787401575
20
0.7140760236220473
11
2.2063259842519685
21
0.7147850787401575
0
LINE
8
BLACK
6
CONTINUOUS
10
2.2063259842519685
20
0.7147850787401575
11
2.2063531889763781
21
0.7148434251968504
0
LINE
8
BLACK
6
CONTINUOUS
10
2.2063531889763781
20
0.7148434251968504
11
2.2082279527559057
21
0.716718188976378
0
LINE
8
BLACK
6
CONTINUOUS
10
2.2082279527559057
20
0.716718188976378
11
2.2089510236220473
21
0.7172244488188976
0
LINE
8
BLACK
6
CONTINUOUS
10
2.2089510236220473
20
0.7172244488188976
11
2.2089953543307086
21
0.7172712992125984
0
LINE
8
BLACK
6
CONTINUOUS
10
2.2089953543307086
20
0.7172712992125984
11
2.2127448818897637
21
0.719146062992126
0
LINE
8
BLACK
6
CONTINUOUS
10
2.2127448818897637
20
0.719146062992126
11
2.2137277952755907
21
0.7194384251968504
0
LINE
8
BLACK
6
CONTINUOUS
10
2.2137277952755907
20
0.7194384251968504
11
2.2138994881889764
21
0.7193974015748031
0
LINE
8
BLACK
6
CONTINUOUS
10
2.2138994881889764
20
0.7193974015748031
11
2.2140653937007873
21
0.7194577952755905
0
LINE
8
BLACK
6
CONTINUOUS
10
2.2140653937007873
20
0.7194577952755905
11
2.223439212598425
21
0.7194577952755905
0
LINE
8
BLACK
6
CONTINUOUS
10
2.223439212598425
20
0.7194577952755905
11
2.2244491338582675
21
0.7192797244094488
0
LINE
8
BLACK
6
CONTINUOUS
10
2.2244491338582675
20
0.7192797244094488
11
2.2245843700787402
21
0.7191662204724409
0
LINE
8
BLACK
6
CONTINUOUS
10
2.2245843700787402
20
0.7191662204724409
11
2.2247597244094486
21
0.719146062992126
0
LINE
8
BLACK
6
CONTINUOUS
10
2.2247597244094486
20
0.719146062992126
11
2.2254936220472441
21
0.718779094488189
0
LINE
8
BLACK
6
CONTINUOUS
10
2.2254936220472441
20
0.718779094488189
11
2.2245165354330707
21
0.7285503937007873
0
LINE
8
BLACK
6
CONTINUOUS
10
2.2245165354330707
20
0.7285503937007873
11
2.2084411023622046
21
0.7285503937007873
0
LINE
8
BLACK
6
CONTINUOUS
10
2.2084411023622046
20
0.7285503937007873
11
2.2074311811023621
21
0.7287284645669291
0
LINE
8
BLACK
6
CONTINUOUS
10
2.2074311811023621
20
0.7287284645669291
11
2.205883937007874
21
0.7300267716535432
0
LINE
8
BLACK
6
CONTINUOUS
10
2.205883937007874
20
0.7300267716535432
11
2.2055331889763781
21
0.7320159055118111
0
LINE
8
BLACK
6
CONTINUOUS
10
2.2055331889763781
20
0.7320159055118111
11
2.2065431102362205
21
0.7337650787401575
0
LINE
8
BLACK
6
CONTINUOUS
10
2.2065431102362205
20
0.7337650787401575
11
2.2084411023622046
21
0.7344559055118111
0
LINE
8
BLACK
6
CONTINUOUS
10
2.2084411023622046
20
0.7344559055118111
11
2.2271887401574801
21
0.7344559055118111
0
LINE
8
BLACK
6
CONTINUOUS
10
2.2271887401574801
20
0.7344559055118111
11
2.2273425590551179
21
0.734428779527559
0
LINE
8
BLACK
6
CONTINUOUS
10
2.2669423228346455
20
0.7343882677165354
11
2.2670715748031496
21
0.734411062992126
0
LINE
8
BLACK
6
CONTINUOUS
10
2.2670715748031496
20
0.734411062992126
11
2.267185157480315
21
0.7343454330708661
0
LINE
8
BLACK
6
CONTINUOUS
10
2.267185157480315
20
0.7343454330708661
11
2.2675687401574804
21
0.7342778346456693
0
LINE
8
BLACK
6
CONTINUOUS
10
2.2675687401574804
20
0.7342778346456693
11
2.2681564173228348
21
0.7337846850393701
0
LINE
8
BLACK
6
CONTINUOUS
10
2.2681564173228348
20
0.7337846850393701
11
2.2688207480314961
21
0.7334011417322834
0
LINE
8
BLACK
6
CONTINUOUS
10
2.2688207480314961
20
0.7334011417322834
11
2.2689118503937009
21
0.7331507874015748
0
LINE
8
BLACK
6
CONTINUOUS
10
2.2689118503937009
20
0.7331507874015748
11
2.2691159842519686
21
0.7329795275590552
0
LINE
8
BLACK
6
CONTINUOUS
10
2.2691159842519686
20
0.7329795275590552
11
2.2692492125984249
21
0.732223937007874
0
LINE
8
BLACK
6
CONTINUOUS
10
2.2692492125984249
20
0.732223937007874
11
2.2695115748031496
21
0.7315031496062991
0
LINE
8
BLACK
6
CONTINUOUS
10
2.2695115748031496
20
0.7315031496062991
11
2.2695115748031496
21
0.6921330708661417
0
LINE
8
BLACK
6
CONTINUOUS
10
2.2695115748031496
20
0.6921330708661417
11
2.2693335039370077
21
0.6911231496062992
0
LINE
8
BLACK
6
CONTINUOUS
10
2.2693335039370077
20
0.6911231496062992
11
2.2680351968503936
21
0.689575905511811
0
LINE
8
BLACK
6
CONTINUOUS
10
2.2680351968503936
20
0.689575905511811
11
2.266046062992126
21
0.689225157480315
0
LINE
8
BLACK
6
CONTINUOUS
10
2.266046062992126
20
0.689225157480315
11
2.2642968897637794
21
0.6902350787401574
0
LINE
8
BLACK
6
CONTINUOUS
10
2.2642968897637794
20
0.6902350787401574
11
2.263606062992126
21
0.6921330708661417
0
LINE
8
BLACK
6
CONTINUOUS
10
2.263606062992126
20
0.6921330708661417
11
2.263606062992126
21
0.7079279921259842
0
LINE
8
BLACK
6
CONTINUOUS
10
2.263606062992126
20
0.7079279921259842
11
2.2587223622047246
21
0.7079279921259842
0
LINE
8
BLACK
6
CONTINUOUS
10
2.2587223622047246
20
0.7079279921259842
11
2.2464806299212596
21
0.6904397637795275
0
LINE
8
BLACK
6
CONTINUOUS
10
2.2464806299212596
20
0.6904397637795275
11
2.24575562992126
21
0.6897145275590552
0
LINE
8
BLACK
6
CONTINUOUS
10
2.24575562992126
20
0.6897145275590552
11
2.2438047244094488
21
0.6891914960629921
0
LINE
8
BLACK
6
CONTINUOUS
10
2.2438047244094488
20
0.6891914960629921
11
2.2419740157480312
21
0.690044842519685
0
LINE
8
BLACK
6
CONTINUOUS
10
2.2419740157480312
20
0.690044842519685
11
2.2411201968503938
21
0.6918753149606299
0
LINE
8
BLACK
6
CONTINUOUS
10
2.2411201968503938
20
0.6918753149606299
11
2.2416426771653541
21
0.6938263779527559
0
LINE
8
BLACK
6
CONTINUOUS
10
2.2416426771653541
20
0.6938263779527559
11
2.2515189370078739
21
0.7079353543307086
0
LINE
8
BLACK
6
CONTINUOUS
10
2.2515189370078739
20
0.7079353543307086
11
2.2505507874015747
21
0.708106062992126
0
LINE
8
BLACK
6
CONTINUOUS
10
2.2505507874015747
20
0.708106062992126
11
2.2504155118110236
21
0.7082195275590552
0
LINE
8
BLACK
6
CONTINUOUS
10
2.2504155118110236
20
0.7082195275590552
11
2.2502401968503936
21
0.7082397244094488
0
LINE
8
BLACK
6
CONTINUOUS
10
2.2502401968503936
20
0.7082397244094488
11
2.2464906692913384
21
0.7101144881889764
0
LINE
8
BLACK
6
CONTINUOUS
10
2.2464906692913384
20
0.7101144881889764
11
2.2457815748031495
21
0.7106403543307086
0
LINE
8
BLACK
6
CONTINUOUS
10
2.2457815748031495
20
0.7106403543307086
11
2.2457232677165355
21
0.7106675984251969
0
LINE
8
BLACK
6
CONTINUOUS
10
2.2457232677165355
20
0.7106675984251969
11
2.243848503937008
21
0.7125423622047244
0
LINE
8
BLACK
6
CONTINUOUS
10
2.243848503937008
20
0.7125423622047244
11
2.2433422047244096
21
0.7132654330708661
0
LINE
8
BLACK
6
CONTINUOUS
10
2.2433422047244096
20
0.7132654330708661
11
2.2432953937007873
21
0.7133097637795276
0
LINE
8
BLACK
6
CONTINUOUS
10
2.2432953937007873
20
0.7133097637795276
11
2.2414206299212598
21
0.7170592913385827
0
LINE
8
BLACK
6
CONTINUOUS
10
2.2414206299212598
20
0.7170592913385827
11
2.2411282677165354
21
0.7180422440944881
0
LINE
8
BLACK
6
CONTINUOUS
10
2.2411282677165354
20
0.7180422440944881
11
2.241169251968504
21
0.7182138976377953
0
LINE
8
BLACK
6
CONTINUOUS
10
2.241169251968504
20
0.7182138976377953
11
2.2411088976377953
21
0.7183798031496063
0
LINE
8
BLACK
6
CONTINUOUS
10
2.2411088976377953
20
0.7183798031496063
11
2.2411088976377953
21
0.7240040944881889
0
LINE
8
BLACK
6
CONTINUOUS
10
2.2411088976377953
20
0.7240040944881889
11
2.2412869685039372
21
0.7250140157480315
0
LINE
8
BLACK
6
CONTINUOUS
10
2.2412869685039372
20
0.7250140157480315
11
2.2414004330708659
21
0.7251492519685039
0
LINE
8
BLACK
6
CONTINUOUS
10
2.2414004330708659
20
0.7251492519685039
11
2.2414206299212598
21
0.7253246062992126
0
LINE
8
BLACK
6
CONTINUOUS
10
2.2414206299212598
20
0.7253246062992126
11
2.2432953937007873
21
0.7290741338582677
0
LINE
8
BLACK
6
CONTINUOUS
10
2.2432953937007873
20
0.7290741338582677
11
2.2438212992125983
21
0.729783188976378
0
LINE
8
BLACK
6
CONTINUOUS
10
2.2438212992125983
20
0.729783188976378
11
2.243848503937008
21
0.7298415354330708
0
LINE
8
BLACK
6
CONTINUOUS
10
2.243848503937008
20
0.7298415354330708
11
2.2457232677165355
21
0.7317162992125984
0
LINE
8
BLACK
6
CONTINUOUS
10
2.2457232677165355
20
0.7317162992125984
11
2.2464463385826772
21
0.7322225590551181
0
LINE
8
BLACK
6
CONTINUOUS
10
2.2464463385826772
20
0.7322225590551181
11
2.2464906692913384
21
0.7322694094488189
0
LINE
8
BLACK
6
CONTINUOUS
10
2.2464906692913384
20
0.7322694094488189
11
2.2502401968503936
21
0.7341441732283465
0
LINE
8
BLACK
6
CONTINUOUS
10
2.2502401968503936
20
0.7341441732283465
11
2.2512231102362206
21
0.7344365354330709
0
LINE
8
BLACK
6
CONTINUOUS
10
2.2512231102362206
20
0.7344365354330709
11
2.2513948031496063
21
0.7343955118110236
0
LINE
8
BLACK
6
CONTINUOUS
10
2.2513948031496063
20
0.7343955118110236
11
2.2515607086614171
21
0.7344559055118111
0
LINE
8
BLACK
6
CONTINUOUS
10
2.2515607086614171
20
0.7344559055118111
11
2.2665588188976376
21
0.7344559055118111
0
LINE
8
BLACK
6
CONTINUOUS
10
2.2665588188976376
20
0.7344559055118111
11
2.2669423228346455
21
0.7343882677165354
0
LINE
8
BLACK
6
CONTINUOUS
10
2.2495602755905511
20
0.7272016535433071
11
2.2483631496062992
21
0.7260045275590551
0
LINE
8
BLACK
6
CONTINUOUS
10
2.2483631496062992
20
0.7260045275590551
11
2.2470144094488189
21
0.7233070472440944
0
LINE
8
BLACK
6
CONTINUOUS
10
2.2470144094488189
20
0.7233070472440944
11
2.2470144094488189
21
0.7190768503937007
0
LINE
8
BLACK
6
CONTINUOUS
10
2.2470144094488189
20
0.7190768503937007
11
2.2483631496062992
21
0.7163793700787402
0
LINE
8
BLACK
6
CONTINUOUS
10
2.2483631496062992
20
0.7163793700787402
11
2.2495602755905511
21
0.7151822440944882
0
LINE
8
BLACK
6
CONTINUOUS
10
2.2495602755905511
20
0.7151822440944882
11
2.2522577559055117
21
0.7138335039370078
0
LINE
8
BLACK
6
CONTINUOUS
10
2.2522577559055117
20
0.7138335039370078
11
2.263606062992126
21
0.7138335039370078
0
LINE
8
BLACK
6
CONTINUOUS
10
2.263606062992126
20
0.7138335039370078
11
2.263606062992126
21
0.7285503937007873
0
LINE
8
BLACK
6
CONTINUOUS
10
2.263606062992126
20
0.7285503937007873
11
2.2522577559055117
21
0.7285503937007873
0
LINE
8
BLACK
6
CONTINUOUS
10
2.2522577559055117
20
0.7285503937007873
11
2.2495602755905511
21
0.7272016535433071
0
LINE
8
BLACK
6
CONTINUOUS
10
2.2512839370078739
20
1.0080262204724408
11
2.2529853937007873
21
1.0063247637795276
0
LINE
8
BLACK
6
CONTINUOUS
10
2.2529853937007873
20
1.0063247637795276
11
2.2545684645669293
21
1.0070109448818898
0
LINE
8
BLACK
6
CONTINUOUS
10
2.2545684645669293
20
1.0070109448818898
11
2.2565044881889764
21
1.0064350787401575
0
LINE
8
BLACK
6
CONTINUOUS
10
2.2565044881889764
20
1.0064350787401575
11
2.2576173228346454
21
1.004749527559055
0
LINE
8
BLACK
6
CONTINUOUS
10
2.2576173228346454
20
1.004749527559055
11
2.2573864173228344
21
1.0027429921259843
0
LINE
8
BLACK
6
CONTINUOUS
10
2.2573864173228344
20
1.0027429921259843
11
2.2558983858267716
21
0.9997669291338582
0
LINE
8
BLACK
6
CONTINUOUS
10
2.2558983858267716
20
0.9997669291338582
11
2.2558983858267716
21
0.9957676771653543
0
LINE
8
BLACK
6
CONTINUOUS
10
2.2558983858267716
20
0.9957676771653543
11
2.2799141338582678
21
0.9957676771653543
0
LINE
8
BLACK
6
CONTINUOUS
10
2.2799141338582678
20
0.9957676771653543
11
2.2799141338582678
21
1.0040635039370078
0
LINE
8
BLACK
6
CONTINUOUS
10
2.2799141338582678
20
1.0040635039370078
11
2.2800922047244092
21
1.0050734251968503
0
LINE
8
BLACK
6
CONTINUOUS
10
2.2800922047244092
20
1.0050734251968503
11
2.2813905118110234
21
1.0066206692913386
0
LINE
8
BLACK
6
CONTINUOUS
10
2.2813905118110234
20
1.0066206692913386
11
2.2833796456692914
21
1.0069714173228346
0
LINE
8
BLACK
6
CONTINUOUS
10
2.2833796456692914
20
1.0069714173228346
11
2.2851288188976375
21
1.0059614960629921
0
LINE
8
BLACK
6
CONTINUOUS
10
2.2851288188976375
20
1.0059614960629921
11
2.2858196456692914
21
1.0040635039370078
0
LINE
8
BLACK
6
CONTINUOUS
10
2.2858196456692914
20
1.0040635039370078
11
2.2858196456692914
21
0.9815663385826772
0
LINE
8
BLACK
6
CONTINUOUS
10
2.2858196456692914
20
0.9815663385826772
11
2.2856415748031496
21
0.9805564173228346
0
LINE
8
BLACK
6
CONTINUOUS
10
2.2856415748031496
20
0.9805564173228346
11
2.2843432677165354
21
0.9790091732283465
0
LINE
8
BLACK
6
CONTINUOUS
10
2.2843432677165354
20
0.9790091732283465
11
2.2823541338582678
21
0.9786584251968504
0
LINE
8
BLACK
6
CONTINUOUS
10
2.2823541338582678
20
0.9786584251968504
11
2.2806049606299212
21
0.9796683464566929
0
LINE
8
BLACK
6
CONTINUOUS
10
2.2806049606299212
20
0.9796683464566929
11
2.2799141338582678
21
0.9815663385826772
0
LINE
8
BLACK
6
CONTINUOUS
10
2.2799141338582678
20
0.9815663385826772
11
2.2799141338582678
21
0.9898621653543307
0
LINE
8
BLACK
6
CONTINUOUS
10
2.2799141338582678
20
0.9898621653543307
11
2.2558983858267716
21
0.9898621653543307
0
LINE
8
BLACK
6
CONTINUOUS
10
2.2558983858267716
20
0.9898621653543307
11
2.2558983858267716
21
0.9890653937007874
0
LINE
8
BLACK
6
CONTINUOUS
10
2.2558983858267716
20
0.9890653937007874
11
2.2557203149606297
21
0.9880554724409448
0
LINE
8
BLACK
6
CONTINUOUS
10
2.2557203149606297
20
0.9880554724409448
11
2.2556068110236218
21
0.9879201968503937
0
LINE
8
BLACK
6
CONTINUOUS
10
2.2556068110236218
20
0.9879201968503937
11
2.2555866535433071
21
0.9877448818897637
0
LINE
8
BLACK
6
CONTINUOUS
10
2.2555866535433071
20
0.9877448818897637
11
2.2537118897637796
21
0.9839953543307086
0
LINE
8
BLACK
6
CONTINUOUS
10
2.2537118897637796
20
0.9839953543307086
11
2.2531859055118111
21
0.983286220472441
0
LINE
8
BLACK
6
CONTINUOUS
10
2.2531859055118111
20
0.983286220472441
11
2.2531587401574802
21
0.9832279133858267
0
LINE
8
BLACK
6
CONTINUOUS
10
2.2531587401574802
20
0.9832279133858267
11
2.2512839370078739
21
0.9813531496062992
0
LINE
8
BLACK
6
CONTINUOUS
10
2.2512839370078739
20
0.9813531496062992
11
2.2505608661417322
21
0.9808468503937008
0
LINE
8
BLACK
6
CONTINUOUS
10
2.2505608661417322
20
0.9808468503937008
11
2.2505165748031497
21
0.9808000787401575
0
LINE
8
BLACK
6
CONTINUOUS
10
2.2505165748031497
20
0.9808000787401575
11
2.2467670472440946
21
0.9789253149606298
0
LINE
8
BLACK
6
CONTINUOUS
10
2.2467670472440946
20
0.9789253149606298
11
2.2457840944881888
21
0.9786329527559054
0
LINE
8
BLACK
6
CONTINUOUS
10
2.2457840944881888
20
0.9786329527559054
11
2.2456124015748031
21
0.978673937007874
0
LINE
8
BLACK
6
CONTINUOUS
10
2.2456124015748031
20
0.978673937007874
11
2.2454465354330706
21
0.9786135826771654
0
LINE
8
BLACK
6
CONTINUOUS
10
2.2454465354330706
20
0.9786135826771654
11
2.2360727165354328
21
0.9786135826771654
0
LINE
8
BLACK
6
CONTINUOUS
10
2.2360727165354328
20
0.9786135826771654
11
2.2350627952755904
21
0.9787916535433071
0
LINE
8
BLACK
6
CONTINUOUS
10
2.2350627952755904
20
0.9787916535433071
11
2.2349275196850393
21
0.9789051181102362
0
LINE
8
BLACK
6
CONTINUOUS
10
2.2349275196850393
20
0.9789051181102362
11
2.2347522047244093
21
0.9789253149606298
0
LINE
8
BLACK
6
CONTINUOUS
10
2.2347522047244093
20
0.9789253149606298
11
2.2310026771653542
21
0.9808000787401575
0
LINE
8
BLACK
6
CONTINUOUS
10
2.2310026771653542
20
0.9808000787401575
11
2.2302935826771653
21
0.9813259448818897
0
LINE
8
BLACK
6
CONTINUOUS
10
2.2302935826771653
20
0.9813259448818897
11
2.2302352755905512
21
0.9813531889763779
0
LINE
8
BLACK
6
CONTINUOUS
10
2.2302352755905512
20
0.9813531889763779
11
2.2283605118110237
21
0.9832279527559055
0
LINE
8
BLACK
6
CONTINUOUS
10
2.2283605118110237
20
0.9832279527559055
11
2.2278542125984253
21
0.9839510236220472
0
LINE
8
BLACK
6
CONTINUOUS
10
2.2278542125984253
20
0.9839510236220472
11
2.2278074015748031
21
0.9839953543307086
0
LINE
8
BLACK
6
CONTINUOUS
10
2.2278074015748031
20
0.9839953543307086
11
2.2259326377952755
21
0.9877448818897637
0
LINE
8
BLACK
6
CONTINUOUS
10
2.2259326377952755
20
0.9877448818897637
11
2.2257649606299212
21
0.9883085433070866
0
LINE
8
BLACK
6
CONTINUOUS
10
2.2257649606299212
20
0.9883085433070866
11
2.2155199606299214
21
0.9793441732283464
0
LINE
8
BLACK
6
CONTINUOUS
10
2.2155199606299214
20
0.9793441732283464
11
2.2151400787401574
21
0.9791142519685039
0
LINE
8
BLACK
6
CONTINUOUS
10
2.2151400787401574
20
0.9791142519685039
11
2.2150519291338582
21
0.9790091732283465
0
LINE
8
BLACK
6
CONTINUOUS
10
2.2150519291338582
20
0.9790091732283465
11
2.214931338582677
21
0.9789879133858268
0
LINE
8
BLACK
6
CONTINUOUS
10
2.214931338582677
20
0.9789879133858268
11
2.2146426377952757
21
0.9788131496062992
0
LINE
8
BLACK
6
CONTINUOUS
10
2.2146426377952757
20
0.9788131496062992
11
2.213846771653543
21
0.978796653543307
0
LINE
8
BLACK
6
CONTINUOUS
10
2.213846771653543
20
0.978796653543307
11
2.2130627952755906
21
0.9786584251968504
0
LINE
8
BLACK
6
CONTINUOUS
10
2.2130627952755906
20
0.9786584251968504
11
2.2128587795275592
21
0.9787761811023622
0
LINE
8
BLACK
6
CONTINUOUS
10
2.2128587795275592
20
0.9787761811023622
11
2.2126233070866141
21
0.9787713385826772
0
LINE
8
BLACK
6
CONTINUOUS
10
2.2126233070866141
20
0.9787713385826772
11
2.2120030314960628
21
0.9792702755905511
0
LINE
8
BLACK
6
CONTINUOUS
10
2.2120030314960628
20
0.9792702755905511
11
2.211313622047244
21
0.9796683464566929
0
LINE
8
BLACK
6
CONTINUOUS
10
2.211313622047244
20
0.9796683464566929
11
2.2112330314960631
21
0.97988968503937
0
LINE
8
BLACK
6
CONTINUOUS
10
2.2112330314960631
20
0.97988968503937
11
2.2110494881889764
21
0.9800373622047244
0
LINE
8
BLACK
6
CONTINUOUS
10
2.2110494881889764
20
0.9800373622047244
11
2.2108950393700786
21
0.9808183070866141
0
LINE
8
BLACK
6
CONTINUOUS
10
2.2108950393700786
20
0.9808183070866141
11
2.2106227952755906
21
0.9815663385826772
0
LINE
8
BLACK
6
CONTINUOUS
10
2.2106227952755906
20
0.9815663385826772
11
2.2106227952755906
21
1.0059382677165354
0
LINE
8
BLACK
6
CONTINUOUS
10
2.2106227952755906
20
1.0059382677165354
11
2.2108008661417324
21
1.0069481889763778
0
LINE
8
BLACK
6
CONTINUOUS
10
2.2108008661417324
20
1.0069481889763778
11
2.2120991732283466
21
1.0084954330708662
0
LINE
8
BLACK
6
CONTINUOUS
10
2.2120991732283466
20
1.0084954330708662
11
2.2140883070866142
21
1.0088461811023621
0
LINE
8
BLACK
6
CONTINUOUS
10
2.2140883070866142
20
1.0088461811023621
11
2.2158374803149608
21
1.0078362598425197
0
LINE
8
BLACK
6
CONTINUOUS
10
2.2158374803149608
20
1.0078362598425197
11
2.2165283070866142
21
1.0059382677165354
0
LINE
8
BLACK
6
CONTINUOUS
10
2.2165283070866142
20
1.0059382677165354
11
2.2165283070866142
21
0.9880735039370079
0
LINE
8
BLACK
6
CONTINUOUS
10
2.2165283070866142
20
0.9880735039370079
11
2.2266292519685038
21
0.9969118503937008
0
LINE
8
BLACK
6
CONTINUOUS
10
2.2266292519685038
20
0.9969118503937008
11
2.2270090944881891
21
0.9971417322834646
0
LINE
8
BLACK
6
CONTINUOUS
10
2.2270090944881891
20
0.9971417322834646
11
2.227097283464567
21
0.9972468503937008
0
LINE
8
BLACK
6
CONTINUOUS
10
2.227097283464567
20
0.9972468503937008
11
2.227217834645669
21
0.9972680708661417
0
LINE
8
BLACK
6
CONTINUOUS
10
2.227217834645669
20
0.9972680708661417
11
2.2275065748031495
21
0.997442874015748
0
LINE
8
BLACK
6
CONTINUOUS
10
2.2275065748031495
20
0.997442874015748
11
2.228302401574803
21
0.9974593307086614
0
LINE
8
BLACK
6
CONTINUOUS
10
2.228302401574803
20
0.9974593307086614
11
2.2290864173228346
21
0.9975975984251968
0
LINE
8
BLACK
6
CONTINUOUS
10
2.2290864173228346
20
0.9975975984251968
11
2.2292903937007873
21
0.9974798031496063
0
LINE
8
BLACK
6
CONTINUOUS
10
2.2292903937007873
20
0.9974798031496063
11
2.2295259448818898
21
0.99748468503937
0
LINE
8
BLACK
6
CONTINUOUS
10
2.2295259448818898
20
0.99748468503937
11
2.2301462204724407
21
0.9969856692913386
0
LINE
8
BLACK
6
CONTINUOUS
10
2.2301462204724407
20
0.9969856692913386
11
2.2308355905511812
21
0.9965876771653543
0
LINE
8
BLACK
6
CONTINUOUS
10
2.2308355905511812
20
0.9965876771653543
11
2.2309161417322834
21
0.9963662992125984
0
LINE
8
BLACK
6
CONTINUOUS
10
2.2309161417322834
20
0.9963662992125984
11
2.2310997244094488
21
0.9962186614173228
0
LINE
8
BLACK
6
CONTINUOUS
10
2.2310997244094488
20
0.9962186614173228
11
2.2312541338582679
21
0.9954376771653544
0
LINE
8
BLACK
6
CONTINUOUS
10
2.2312541338582679
20
0.9954376771653544
11
2.2315264173228346
21
0.9946896850393701
0
LINE
8
BLACK
6
CONTINUOUS
10
2.2315264173228346
20
0.9946896850393701
11
2.2315264173228346
21
0.9897624409448819
0
LINE
8
BLACK
6
CONTINUOUS
10
2.2315264173228346
20
0.9897624409448819
11
2.232875157480315
21
0.9870649606299212
0
LINE
8
BLACK
6
CONTINUOUS
10
2.232875157480315
20
0.9870649606299212
11
2.2340722834645668
21
0.9858678346456693
0
LINE
8
BLACK
6
CONTINUOUS
10
2.2340722834645668
20
0.9858678346456693
11
2.2367697637795274
21
0.984519094488189
0
LINE
8
BLACK
6
CONTINUOUS
10
2.2367697637795274
20
0.984519094488189
11
2.2447494881889765
21
0.984519094488189
0
LINE
8
BLACK
6
CONTINUOUS
10
2.2447494881889765
20
0.984519094488189
11
2.2474469685039371
21
0.9858678346456693
0
LINE
8
BLACK
6
CONTINUOUS
10
2.2474469685039371
20
0.9858678346456693
11
2.2486441338582677
21
0.9870649606299212
0
LINE
8
BLACK
6
CONTINUOUS
10
2.2486441338582677
20
0.9870649606299212
11
2.249992874015748
21
0.9897624409448819
0
LINE
8
BLACK
6
CONTINUOUS
10
2.249992874015748
20
0.9897624409448819
11
2.249992874015748
21
0.9898621653543307
0
LINE
8
BLACK
6
CONTINUOUS
10
2.249992874015748
20
0.9898621653543307
11
2.243496811023622
21
0.9898621653543307
0
LINE
8
BLACK
6
CONTINUOUS
10
2.243496811023622
20
0.9898621653543307
11
2.2424868897637795
21
0.9900402362204724
0
LINE
8
BLACK
6
CONTINUOUS
10
2.2424868897637795
20
0.9900402362204724
11
2.2423568110236221
21
0.9901493307086614
0
LINE
8
BLACK
6
CONTINUOUS
10
2.2423568110236221
20
0.9901493307086614
11
2.2421880708661415
21
0.9901680314960629
0
LINE
8
BLACK
6
CONTINUOUS
10
2.2421880708661415
20
0.9901680314960629
11
2.2415961417322836
21
0.9907876377952756
0
LINE
8
BLACK
6
CONTINUOUS
10
2.2415961417322836
20
0.9907876377952756
11
2.2409396456692914
21
0.9913385433070866
0
LINE
8
BLACK
6
CONTINUOUS
10
2.2409396456692914
20
0.9913385433070866
11
2.240910157480315
21
0.991505748031496
0
LINE
8
BLACK
6
CONTINUOUS
10
2.240910157480315
20
0.991505748031496
11
2.2407928740157481
21
0.9916285433070866
0
LINE
8
BLACK
6
CONTINUOUS
10
2.2407928740157481
20
0.9916285433070866
11
2.240737716535433
21
0.9924836614173228
0
LINE
8
BLACK
6
CONTINUOUS
10
2.240737716535433
20
0.9924836614173228
11
2.240588897637795
21
0.9933276771653543
0
LINE
8
BLACK
6
CONTINUOUS
10
2.240588897637795
20
0.9933276771653543
11
2.2406737795275591
21
0.9934747244094488
0
LINE
8
BLACK
6
CONTINUOUS
10
2.2406737795275591
20
0.9934747244094488
11
2.2406628740157482
21
0.9936441338582677
0
LINE
8
BLACK
6
CONTINUOUS
10
2.2406628740157482
20
0.9936441338582677
11
2.2411703149606299
21
0.9943347244094488
0
LINE
8
BLACK
6
CONTINUOUS
10
2.2411703149606299
20
0.9943347244094488
11
2.2415988188976379
21
0.9950768503937008
0
LINE
8
BLACK
6
CONTINUOUS
10
2.2415988188976379
20
0.9950768503937008
11
2.2417583070866143
21
0.9951348818897637
0
LINE
8
BLACK
6
CONTINUOUS
10
2.2417583070866143
20
0.9951348818897637
11
2.2418588976377953
21
0.9952717716535433
0
LINE
8
BLACK
6
CONTINUOUS
10
2.2418588976377953
20
0.9952717716535433
11
2.2472399212598426
21
0.998859094488189
0
LINE
8
BLACK
6
CONTINUOUS
10
2.2472399212598426
20
0.998859094488189
11
2.2493277952755903
21
1.0009469685039369
0
LINE
8
BLACK
6
CONTINUOUS
10
2.2493277952755903
20
1.0009469685039369
11
2.2486441338582677
21
1.00231437007874
0
LINE
8
BLACK
6
CONTINUOUS
10
2.2486441338582677
20
1.00231437007874
11
2.247108188976378
21
1.0038503149606299
0
LINE
8
BLACK
6
CONTINUOUS
10
2.247108188976378
20
1.0038503149606299
11
2.2465199606299211
21
1.0046903543307086
0
LINE
8
BLACK
6
CONTINUOUS
10
2.2465199606299211
20
1.0046903543307086
11
2.2463438976377952
21
1.0067024803149607
0
LINE
8
BLACK
6
CONTINUOUS
10
2.2463438976377952
20
1.0067024803149607
11
2.2475024015748031
21
1.0083570472440944
0
LINE
8
BLACK
6
CONTINUOUS
10
2.2475024015748031
20
1.0083570472440944
11
2.2494533858267718
21
1.0088797637795275
0
LINE
8
BLACK
6
CONTINUOUS
10
2.2494533858267718
20
1.0088797637795275
11
2.2512839370078739
21
1.0080262204724408
0
LINE
8
BLACK
6
CONTINUOUS
10
2.2529456299212596
20
1.0445115748031495
11
2.2828668897637794
21
1.0445115748031495
0
LINE
8
BLACK
6
CONTINUOUS
10
2.2828668897637794
20
1.0445115748031495
11
2.2838768110236218
21
1.0443335039370079
0
LINE
8
BLACK
6
CONTINUOUS
10
2.2838768110236218
20
1.0443335039370079
11
2.28542405511811
21
1.0430351968503937
0
LINE
8
BLACK
6
CONTINUOUS
10
2.28542405511811
20
1.0430351968503937
11
2.2857748031496063
21
1.0410460629921259
0
LINE
8
BLACK
6
CONTINUOUS
10
2.2857748031496063
20
1.0410460629921259
11
2.2847648818897639
21
1.0392968897637795
0
LINE
8
BLACK
6
CONTINUOUS
10
2.2847648818897639
20
1.0392968897637795
11
2.2828668897637794
21
1.0386060629921259
0
LINE
8
BLACK
6
CONTINUOUS
10
2.2828668897637794
20
1.0386060629921259
11
2.2670719685039371
21
1.0386060629921259
0
LINE
8
BLACK
6
CONTINUOUS
10
2.2670719685039371
20
1.0386060629921259
11
2.2670719685039371
21
1.0337223622047245
0
LINE
8
BLACK
6
CONTINUOUS
10
2.2670719685039371
20
1.0337223622047245
11
2.2845601968503937
21
1.0214806299212598
0
LINE
8
BLACK
6
CONTINUOUS
10
2.2845601968503937
20
1.0214806299212598
11
2.2852854330708663
21
1.0207555905511811
0
LINE
8
BLACK
6
CONTINUOUS
10
2.2852854330708663
20
1.0207555905511811
11
2.2858084645669292
21
1.0188047244094487
0
LINE
8
BLACK
6
CONTINUOUS
10
2.2858084645669292
20
1.0188047244094487
11
2.2849551181102363
21
1.0169740157480314
0
LINE
8
BLACK
6
CONTINUOUS
10
2.2849551181102363
20
1.0169740157480314
11
2.2831246456692913
21
1.0161201968503937
0
LINE
8
BLACK
6
CONTINUOUS
10
2.2831246456692913
20
1.0161201968503937
11
2.2811736220472438
21
1.0166426377952755
0
LINE
8
BLACK
6
CONTINUOUS
10
2.2811736220472438
20
1.0166426377952755
11
2.2670645669291338
21
1.026518937007874
0
LINE
8
BLACK
6
CONTINUOUS
10
2.2670645669291338
20
1.026518937007874
11
2.2668938976377953
21
1.0255507874015748
0
LINE
8
BLACK
6
CONTINUOUS
10
2.2668938976377953
20
1.0255507874015748
11
2.2667803937007873
21
1.0254155118110235
0
LINE
8
BLACK
6
CONTINUOUS
10
2.2667803937007873
20
1.0254155118110235
11
2.2667602362204722
21
1.0252401968503937
0
LINE
8
BLACK
6
CONTINUOUS
10
2.2667602362204722
20
1.0252401968503937
11
2.2648854724409446
21
1.0214906692913386
0
LINE
8
BLACK
6
CONTINUOUS
10
2.2648854724409446
20
1.0214906692913386
11
2.2643595669291336
21
1.0207815748031497
0
LINE
8
BLACK
6
CONTINUOUS
10
2.2643595669291336
20
1.0207815748031497
11
2.2643323622047244
21
1.0207232677165354
0
LINE
8
BLACK
6
CONTINUOUS
10
2.2643323622047244
20
1.0207232677165354
11
2.2624575984251969
21
1.0188485039370079
0
LINE
8
BLACK
6
CONTINUOUS
10
2.2624575984251969
20
1.0188485039370079
11
2.2617344881889765
21
1.0183422047244095
0
LINE
8
BLACK
6
CONTINUOUS
10
2.2617344881889765
20
1.0183422047244095
11
2.2616901968503935
21
1.0182953937007875
0
LINE
8
BLACK
6
CONTINUOUS
10
2.2616901968503935
20
1.0182953937007875
11
2.2579406692913384
21
1.0164206299212599
0
LINE
8
BLACK
6
CONTINUOUS
10
2.2579406692913384
20
1.0164206299212599
11
2.2569577165354331
21
1.0161282677165353
0
LINE
8
BLACK
6
CONTINUOUS
10
2.2569577165354331
20
1.0161282677165353
11
2.2567860236220474
21
1.0161692519685039
0
LINE
8
BLACK
6
CONTINUOUS
10
2.2567860236220474
20
1.0161692519685039
11
2.2566201574803149
21
1.0161088976377952
0
LINE
8
BLACK
6
CONTINUOUS
10
2.2566201574803149
20
1.0161088976377952
11
2.2509958661417322
21
1.0161088976377952
0
LINE
8
BLACK
6
CONTINUOUS
10
2.2509958661417322
20
1.0161088976377952
11
2.2499859448818897
21
1.0162869685039371
0
LINE
8
BLACK
6
CONTINUOUS
10
2.2499859448818897
20
1.0162869685039371
11
2.2498506692913387
21
1.016400433070866
0
LINE
8
BLACK
6
CONTINUOUS
10
2.2498506692913387
20
1.016400433070866
11
2.2496753543307086
21
1.0164206299212599
0
LINE
8
BLACK
6
CONTINUOUS
10
2.2496753543307086
20
1.0164206299212599
11
2.2459258267716535
21
1.0182953937007875
0
LINE
8
BLACK
6
CONTINUOUS
10
2.2459258267716535
20
1.0182953937007875
11
2.2452167322834646
21
1.0188212598425197
0
LINE
8
BLACK
6
CONTINUOUS
10
2.2452167322834646
20
1.0188212598425197
11
2.2451584251968502
21
1.0188485039370079
0
LINE
8
BLACK
6
CONTINUOUS
10
2.2451584251968502
20
1.0188485039370079
11
2.2432836614173226
21
1.0207232677165354
0
LINE
8
BLACK
6
CONTINUOUS
10
2.2432836614173226
20
1.0207232677165354
11
2.2427773622047242
21
1.0214463385826771
0
LINE
8
BLACK
6
CONTINUOUS
10
2.2427773622047242
20
1.0214463385826771
11
2.2427305511811024
21
1.0214906692913386
0
LINE
8
BLACK
6
CONTINUOUS
10
2.2427305511811024
20
1.0214906692913386
11
2.2418711417322834
21
1.0232094488188976
0
LINE
8
BLACK
6
CONTINUOUS
10
2.2418711417322834
20
1.0232094488188976
11
2.237143307086614
21
1.026518937007874
0
LINE
8
BLACK
6
CONTINUOUS
10
2.237143307086614
20
1.026518937007874
11
2.2369726377952754
21
1.0255507874015748
0
LINE
8
BLACK
6
CONTINUOUS
10
2.2369726377952754
20
1.0255507874015748
11
2.2368591338582675
21
1.0254155118110235
0
LINE
8
BLACK
6
CONTINUOUS
10
2.2368591338582675
20
1.0254155118110235
11
2.2368389763779528
21
1.0252401968503937
0
LINE
8
BLACK
6
CONTINUOUS
10
2.2368389763779528
20
1.0252401968503937
11
2.2349642125984253
21
1.0214906692913386
0
LINE
8
BLACK
6
CONTINUOUS
10
2.2349642125984253
20
1.0214906692913386
11
2.2344383070866143
21
1.0207815748031497
0
LINE
8
BLACK
6
CONTINUOUS
10
2.2344383070866143
20
1.0207815748031497
11
2.2344111023622046
21
1.0207232677165354
0
LINE
8
BLACK
6
CONTINUOUS
10
2.2344111023622046
20
1.0207232677165354
11
2.2325363385826771
21
1.0188485039370079
0
LINE
8
BLACK
6
CONTINUOUS
10
2.2325363385826771
20
1.0188485039370079
11
2.2318132283464567
21
1.0183422047244095
0
LINE
8
BLACK
6
CONTINUOUS
10
2.2318132283464567
20
1.0183422047244095
11
2.2317689370078742
21
1.0182953937007875
0
LINE
8
BLACK
6
CONTINUOUS
10
2.2317689370078742
20
1.0182953937007875
11
2.228019409448819
21
1.0164206299212599
0
LINE
8
BLACK
6
CONTINUOUS
10
2.228019409448819
20
1.0164206299212599
11
2.2270364566929133
21
1.0161282677165353
0
LINE
8
BLACK
6
CONTINUOUS
10
2.2270364566929133
20
1.0161282677165353
11
2.2268647637795276
21
1.0161692519685039
0
LINE
8
BLACK
6
CONTINUOUS
10
2.2268647637795276
20
1.0161692519685039
11
2.226698897637795
21
1.0161088976377952
0
LINE
8
BLACK
6
CONTINUOUS
10
2.226698897637795
20
1.0161088976377952
11
2.2210746062992124
21
1.0161088976377952
0
LINE
8
BLACK
6
CONTINUOUS
10
2.2210746062992124
20
1.0161088976377952
11
2.2200646850393699
21
1.0162869685039371
0
LINE
8
BLACK
6
CONTINUOUS
10
2.2200646850393699
20
1.0162869685039371
11
2.2199294094488189
21
1.016400433070866
0
LINE
8
BLACK
6
CONTINUOUS
10
2.2199294094488189
20
1.016400433070866
11
2.2197540944881888
21
1.0164206299212599
0
LINE
8
BLACK
6
CONTINUOUS
10
2.2197540944881888
20
1.0164206299212599
11
2.2160045669291337
21
1.0182953937007875
0
LINE
8
BLACK
6
CONTINUOUS
10
2.2160045669291337
20
1.0182953937007875
11
2.2152954724409448
21
1.0188212598425197
0
LINE
8
BLACK
6
CONTINUOUS
10
2.2152954724409448
20
1.0188212598425197
11
2.2152371653543308
21
1.0188485039370079
0
LINE
8
BLACK
6
CONTINUOUS
10
2.2152371653543308
20
1.0188485039370079
11
2.2133624015748032
21
1.0207232677165354
0
LINE
8
BLACK
6
CONTINUOUS
10
2.2133624015748032
20
1.0207232677165354
11
2.2128561023622049
21
1.0214463385826771
0
LINE
8
BLACK
6
CONTINUOUS
10
2.2128561023622049
20
1.0214463385826771
11
2.2128092913385826
21
1.0214906692913386
0
LINE
8
BLACK
6
CONTINUOUS
10
2.2128092913385826
20
1.0214906692913386
11
2.2109345275590551
21
1.0252401968503937
0
LINE
8
BLACK
6
CONTINUOUS
10
2.2109345275590551
20
1.0252401968503937
11
2.2106421653543307
21
1.0262231496062992
0
LINE
8
BLACK
6
CONTINUOUS
10
2.2106421653543307
20
1.0262231496062992
11
2.2106831496062993
21
1.0263948031496062
0
LINE
8
BLACK
6
CONTINUOUS
10
2.2106831496062993
20
1.0263948031496062
11
2.2106227952755906
21
1.0265607086614172
0
LINE
8
BLACK
6
CONTINUOUS
10
2.2106227952755906
20
1.0265607086614172
11
2.2106227952755906
21
1.0415588188976377
0
LINE
8
BLACK
6
CONTINUOUS
10
2.2106227952755906
20
1.0415588188976377
11
2.2106903937007876
21
1.0419423228346456
0
LINE
8
BLACK
6
CONTINUOUS
10
2.2106903937007876
20
1.0419423228346456
11
2.2106676377952756
21
1.0420715748031495
0
LINE
8
BLACK
6
CONTINUOUS
10
2.2106676377952756
20
1.0420715748031495
11
2.2107332283464567
21
1.0421851574803149
0
LINE
8
BLACK
6
CONTINUOUS
10
2.2107332283464567
20
1.0421851574803149
11
2.2108008661417324
21
1.0425687401574804
0
LINE
8
BLACK
6
CONTINUOUS
10
2.2108008661417324
20
1.0425687401574804
11
2.2112939763779527
21
1.0431564173228347
0
LINE
8
BLACK
6
CONTINUOUS
10
2.2112939763779527
20
1.0431564173228347
11
2.2116775590551181
21
1.043820748031496
0
LINE
8
BLACK
6
CONTINUOUS
10
2.2116775590551181
20
1.043820748031496
11
2.211927874015748
21
1.0439118503937008
0
LINE
8
BLACK
6
CONTINUOUS
10
2.211927874015748
20
1.0439118503937008
11
2.2120991732283466
21
1.0441159842519685
0
LINE
8
BLACK
6
CONTINUOUS
10
2.2120991732283466
20
1.0441159842519685
11
2.212854724409449
21
1.0442492125984251
0
LINE
8
BLACK
6
CONTINUOUS
10
2.212854724409449
20
1.0442492125984251
11
2.2135755511811022
21
1.0445115748031495
0
LINE
8
BLACK
6
CONTINUOUS
10
2.2135755511811022
20
1.0445115748031495
11
2.2529456299212596
21
1.0445115748031495
0
LINE
8
BLACK
6
CONTINUOUS
10
2.2165283070866142
20
1.0272577559055118
11
2.2178770472440945
21
1.0245602755905512
0
LINE
8
BLACK
6
CONTINUOUS
10
2.2178770472440945
20
1.0245602755905512
11
2.2190741732283463
21
1.0233631496062991
0
LINE
8
BLACK
6
CONTINUOUS
10
2.2190741732283463
20
1.0233631496062991
11
2.221771653543307
21
1.0220144094488188
0
LINE
8
BLACK
6
CONTINUOUS
10
2.221771653543307
20
1.0220144094488188
11
2.2260018503937009
21
1.0220144094488188
0
LINE
8
BLACK
6
CONTINUOUS
10
2.2260018503937009
20
1.0220144094488188
11
2.2286993307086616
21
1.0233631496062991
0
LINE
8
BLACK
6
CONTINUOUS
10
2.2286993307086616
20
1.0233631496062991
11
2.2298964566929134
21
1.0245602755905512
0
LINE
8
BLACK
6
CONTINUOUS
10
2.2298964566929134
20
1.0245602755905512
11
2.2312451968503937
21
1.0272577559055118
0
LINE
8
BLACK
6
CONTINUOUS
10
2.2312451968503937
20
1.0272577559055118
11
2.2312451968503937
21
1.0386060629921259
0
LINE
8
BLACK
6
CONTINUOUS
10
2.2312451968503937
20
1.0386060629921259
11
2.2165283070866142
21
1.0386060629921259
0
LINE
8
BLACK
6
CONTINUOUS
10
2.2165283070866142
20
1.0386060629921259
11
2.2165283070866142
21
1.0272577559055118
0
LINE
8
BLACK
6
CONTINUOUS
10
2.246449566929134
20
1.0272577559055118
11
2.2464838582677165
21
1.0271891338582677
0
LINE
8
BLACK
6
CONTINUOUS
10
2.2464838582677165
20
1.0271891338582677
11
2.2538763779527557
21
1.0220144094488188
0
LINE
8
BLACK
6
CONTINUOUS
10
2.2538763779527557
20
1.0220144094488188
11
2.2559231102362203
21
1.0220144094488188
0
LINE
8
BLACK
6
CONTINUOUS
10
2.2559231102362203
20
1.0220144094488188
11
2.2586205905511809
21
1.0233631496062991
0
LINE
8
BLACK
6
CONTINUOUS
10
2.2586205905511809
20
1.0233631496062991
11
2.2598177165354332
21
1.0245602755905512
0
LINE
8
BLACK
6
CONTINUOUS
10
2.2598177165354332
20
1.0245602755905512
11
2.2611664566929135
21
1.0272577559055118
0
LINE
8
BLACK
6
CONTINUOUS
10
2.2611664566929135
20
1.0272577559055118
11
2.2611664566929135
21
1.0386060629921259
0
LINE
8
BLACK
6
CONTINUOUS
10
2.2611664566929135
20
1.0386060629921259
11
2.246449566929134
21
1.0386060629921259
0
LINE
8
BLACK
6
CONTINUOUS
10
2.246449566929134
20
1.0386060629921259
11
2.246449566929134
21
1.0272577559055118
0
LINE
8
BLACK
6
CONTINUOUS
10
2.2371507086614173
20
1.0386060629921259
11
2.2371507086614173
21
1.0337223622047245
0
LINE
8
BLACK
6
CONTINUOUS
10
2.2371507086614173
20
1.0337223622047245
11
2.2405440551181104
21
1.0313470078740157
0
LINE
8
BLACK
6
CONTINUOUS
10
2.2405440551181104
20
1.0313470078740157
11
2.2405440551181104
21
1.0386060629921259
0
LINE
8
BLACK
6
CONTINUOUS
10
2.2405440551181104
20
1.0386060629921259
11
2.2371507086614173
21
1.0386060629921259
0
CIRCLE
8
BLACK
10
1.45
20
1.3
40
0.0068897637795276
0
CIRCLE
8
BLACK
10
1.45
20
1.1031496062992125
40
0.0068897637795276
0
CIRCLE
8
BLACK
10
0.25
20
0.725
40
0.0068897637795276
0
CIRCLE
8
BLACK
10
0.15
20
0.725
40
0.0068897637795276
0
CIRCLE
8
BLACK
10
0.25
20
0.825
40
0.0068897637795276
0
CIRCLE
8
BLACK
10
0.15
20
0.825
40
0.0068897637795276
0
CIRCLE
8
BLACK
10
0.25
20
0.9249999999999999
40
0.0068897637795276
0
CIRCLE
8
BLACK
10
0.15
20
0.9249999999999999
40
0.0068897637795276
0
CIRCLE
8
BLACK
10
0.25
20
1.0249999999999999
40
0.0068897637795276
0
CIRCLE
8
BLACK
10
0.15
20
1.0249999999999999
40
0.0068897637795276
0
CIRCLE
8
BLACK
10
2.1999999999999997
20
1.3999999999999999
40
0.0068897637795276
0
CIRCLE
8
BLACK
10
0.2
20
0.2
40
0.0068897637795276
0
CIRCLE
8
BLACK
10
0.2
20
1.3999999999999999
40
0.0068897637795276
0
CIRCLE
8
BLACK
10
2.1999999999999997
20
0.2
40
0.0068897637795276
0
CIRCLE
8
BLACK
10
2.2749999999999999
20
1.125
40
0.0068897637795276
0
CIRCLE
8
BLACK
10
2.1749999999999998
20
1.125
40
0.0068897637795276
0
CIRCLE
8
BLACK
10
2.0749999999999997
20
1.125
40
0.0068897637795276
0
CIRCLE
8
BLACK
10
2.2749999999999999
20
0.9
40
0.0068897637795276
0
CIRCLE
8
BLACK
10
2.1749999999999998
20
0.9
40
0.0068897637795276
0
CIRCLE
8
BLACK
10
2.0749999999999997
20
0.9
40
0.0068897637795276
0
CIRCLE
8
BLACK
10
2.2749999999999999
20
0.6749999999999999
40
0.0068897637795276
0
CIRCLE
8
BLACK
10
2.1749999999999998
20
0.6749999999999999
40
0.0068897637795276
0
CIRCLE
8
BLACK
10
2.0749999999999997
20
0.6749999999999999
40
0.0068897637795276
0
CIRCLE
8
BLACK
10
2.2749999999999999
20
0.45
40
0.0068897637795276
0
CIRCLE
8
BLACK
10
2.1749999999999998
20
0.45
40
0.0068897637795276
0
CIRCLE
8
BLACK
10
2.0749999999999997
20
0.45
40
0.0068897637795276
0
CIRCLE
8
BLACK
10
1.175
20
1.4240157480314961
40
0.0068897637795276
0
CIRCLE
8
BLACK
10
1.175
20
0.1759842519685039
40
0.0068897637795276
0
CIRCLE
8
BLACK
10
0.625
20
1.4240157480314961
40
0.0068897637795276
0
CIRCLE
8
BLACK
10
0.625
20
0.1759842519685039
40
0.0068897637795276
0
CIRCLE
8
BLACK
10
1.7249999999999999
20
0.1759842519685039
40
0.0068897637795276
0
CIRCLE
8
BLACK
10
1.7249999999999999
20
1.4240157480314961
40
0.0068897637795276
  0
ENDSEC
  0
EOF
