ISO-10303-21;
HEADER;
FILE_DESCRIPTION(('KiCad electronic assembly'),'2;1');
FILE_NAME('SIPM01.step','2024-07-16T01:09:27',('Pcbnew'),('Kicad'),
  'Open CASCADE STEP processor 7.6','KiCad to STEP converter','Unknown'
  );
FILE_SCHEMA(('AUTOMOTIVE_DESIGN { 1 0 10303 214 1 1 1 1 }'));
ENDSEC;
DATA;
#1 = APPLICATION_PROTOCOL_DEFINITION('international standard',
  'automotive_design',2000,#2);
#2 = APPLICATION_CONTEXT(
  'core data for automotive mechanical design processes');
#3 = SHAPE_DEFINITION_REPRESENTATION(#4,#10);
#4 = PRODUCT_DEFINITION_SHAPE('','',#5);
#5 = PRODUCT_DEFINITION('design','',#6,#9);
#6 = PRODUCT_DEFINITION_FORMATION('','',#7);
#7 = PRODUCT('SIPM01 1','SIPM01 1','',(#8));
#8 = PRODUCT_CONTEXT('',#2,'mechanical');
#9 = PRODUCT_DEFINITION_CONTEXT('part definition',#2,'design');
#10 = SHAPE_REPRESENTATION('',(#11,#15,#19,#23,#27,#31,#35,#39,#43,#47,
    #51,#55,#59,#63,#67,#71,#75,#79,#83,#87,#91,#95,#99,#103,#107,#111,
    #115,#119,#123),#127);
#11 = AXIS2_PLACEMENT_3D('',#12,#13,#14);
#12 = CARTESIAN_POINT('',(0.,0.,0.));
#13 = DIRECTION('',(0.,0.,1.));
#14 = DIRECTION('',(1.,0.,-0.));
#15 = AXIS2_PLACEMENT_3D('',#16,#17,#18);
#16 = CARTESIAN_POINT('',(36.83,33.02,1.65));
#17 = DIRECTION('',(-0.,0.,1.));
#18 = DIRECTION('',(1.110223024625E-16,-1.,0.));
#19 = AXIS2_PLACEMENT_3D('',#20,#21,#22);
#20 = CARTESIAN_POINT('',(45.72,30.48,1.65));
#21 = DIRECTION('',(-0.,0.,1.));
#22 = DIRECTION('',(1.110223024625E-16,-1.,0.));
#23 = AXIS2_PLACEMENT_3D('',#24,#25,#26);
#24 = CARTESIAN_POINT('',(43.18,30.48,1.65));
#25 = DIRECTION('',(-0.,0.,1.));
#26 = DIRECTION('',(1.110223024625E-16,-1.,0.));
#27 = AXIS2_PLACEMENT_3D('',#28,#29,#30);
#28 = CARTESIAN_POINT('',(48.895,21.2725,1.65));
#29 = DIRECTION('',(0.,-0.,1.));
#30 = DIRECTION('',(1.110223024625E-16,1.,0.));
#31 = AXIS2_PLACEMENT_3D('',#32,#33,#34);
#32 = CARTESIAN_POINT('',(46.355,21.2725,1.65));
#33 = DIRECTION('',(0.,-0.,1.));
#34 = DIRECTION('',(1.110223024625E-16,1.,0.));
#35 = AXIS2_PLACEMENT_3D('',#36,#37,#38);
#36 = CARTESIAN_POINT('',(48.895,15.5575,1.65));
#37 = DIRECTION('',(0.,-0.,1.));
#38 = DIRECTION('',(1.110223024625E-16,1.,0.));
#39 = AXIS2_PLACEMENT_3D('',#40,#41,#42);
#40 = CARTESIAN_POINT('',(46.355,15.5575,1.65));
#41 = DIRECTION('',(0.,-0.,1.));
#42 = DIRECTION('',(1.110223024625E-16,1.,0.));
#43 = AXIS2_PLACEMENT_3D('',#44,#45,#46);
#44 = CARTESIAN_POINT('',(48.895,9.8425,1.65));
#45 = DIRECTION('',(0.,-0.,1.));
#46 = DIRECTION('',(1.110223024625E-16,1.,0.));
#47 = AXIS2_PLACEMENT_3D('',#48,#49,#50);
#48 = CARTESIAN_POINT('',(46.355,9.8425,1.65));
#49 = DIRECTION('',(0.,-0.,1.));
#50 = DIRECTION('',(1.110223024625E-16,1.,0.));
#51 = AXIS2_PLACEMENT_3D('',#52,#53,#54);
#52 = CARTESIAN_POINT('',(48.5775,24.13,1.65));
#53 = DIRECTION('',(0.,0.,1.));
#54 = DIRECTION('',(-1.,1.224646799147E-16,0.));
#55 = AXIS2_PLACEMENT_3D('',#56,#57,#58);
#56 = CARTESIAN_POINT('',(48.5775,18.415,1.65));
#57 = DIRECTION('',(0.,0.,1.));
#58 = DIRECTION('',(-1.,1.224646799147E-16,0.));
#59 = AXIS2_PLACEMENT_3D('',#60,#61,#62);
#60 = CARTESIAN_POINT('',(48.5775,12.7,1.65));
#61 = DIRECTION('',(0.,0.,1.));
#62 = DIRECTION('',(-1.,1.224646799147E-16,0.));
#63 = AXIS2_PLACEMENT_3D('',#64,#65,#66);
#64 = CARTESIAN_POINT('',(57.785,28.575,1.65));
#65 = DIRECTION('',(0.,0.,1.));
#66 = DIRECTION('',(1.,0.,0.));
#67 = AXIS2_PLACEMENT_3D('',#68,#69,#70);
#68 = CARTESIAN_POINT('',(57.785,22.86,1.65));
#69 = DIRECTION('',(0.,0.,1.));
#70 = DIRECTION('',(1.,0.,0.));
#71 = AXIS2_PLACEMENT_3D('',#72,#73,#74);
#72 = CARTESIAN_POINT('',(57.785,17.145,1.65));
#73 = DIRECTION('',(0.,0.,1.));
#74 = DIRECTION('',(1.,0.,0.));
#75 = AXIS2_PLACEMENT_3D('',#76,#77,#78);
#76 = CARTESIAN_POINT('',(57.785,11.43,1.65));
#77 = DIRECTION('',(0.,0.,1.));
#78 = DIRECTION('',(1.,0.,0.));
#79 = AXIS2_PLACEMENT_3D('',#80,#81,#82);
#80 = CARTESIAN_POINT('',(20.955,17.145,1.65));
#81 = DIRECTION('',(-0.,0.,1.));
#82 = DIRECTION('',(1.110223024625E-16,-1.,0.));
#83 = AXIS2_PLACEMENT_3D('',#84,#85,#86);
#84 = CARTESIAN_POINT('',(48.5775,30.48,1.65));
#85 = DIRECTION('',(0.,0.,1.));
#86 = DIRECTION('',(-1.,1.224646799147E-16,0.));
#87 = AXIS2_PLACEMENT_3D('',#88,#89,#90);
#88 = CARTESIAN_POINT('',(48.895,26.9875,1.65));
#89 = DIRECTION('',(0.,-0.,1.));
#90 = DIRECTION('',(1.110223024625E-16,1.,0.));
#91 = AXIS2_PLACEMENT_3D('',#92,#93,#94);
#92 = CARTESIAN_POINT('',(46.355,26.9875,1.65));
#93 = DIRECTION('',(0.,-0.,1.));
#94 = DIRECTION('',(1.110223024625E-16,1.,0.));
#95 = AXIS2_PLACEMENT_3D('',#96,#97,#98);
#96 = CARTESIAN_POINT('',(29.845,20.32,-5.E-02));
#97 = DIRECTION('',(-1.224646799147E-16,-1.359631073447E-32,-1.));
#98 = DIRECTION('',(1.110223024625E-16,-1.,0.));
#99 = AXIS2_PLACEMENT_3D('',#100,#101,#102);
#100 = CARTESIAN_POINT('',(58.42,25.7175,-5.E-02));
#101 = DIRECTION('',(-1.224646799147E-16,-1.359631073447E-32,-1.));
#102 = DIRECTION('',(1.110223024625E-16,-1.,0.));
#103 = AXIS2_PLACEMENT_3D('',#104,#105,#106);
#104 = CARTESIAN_POINT('',(56.8325,19.685,-5.E-02));
#105 = DIRECTION('',(0.,-1.224646799147E-16,-1.));
#106 = DIRECTION('',(1.,0.,0.));
#107 = AXIS2_PLACEMENT_3D('',#108,#109,#110);
#108 = CARTESIAN_POINT('',(56.8325,13.97,-5.E-02));
#109 = DIRECTION('',(0.,-1.224646799147E-16,-1.));
#110 = DIRECTION('',(1.,0.,0.));
#111 = AXIS2_PLACEMENT_3D('',#112,#113,#114);
#112 = CARTESIAN_POINT('',(15.875,20.32,-5.E-02));
#113 = DIRECTION('',(-1.224646799147E-16,-1.359631073447E-32,-1.));
#114 = DIRECTION('',(1.110223024625E-16,-1.,0.));
#115 = AXIS2_PLACEMENT_3D('',#116,#117,#118);
#116 = CARTESIAN_POINT('',(43.815,20.32,-5.E-02));
#117 = DIRECTION('',(1.224646799147E-16,-1.359631073447E-32,-1.));
#118 = DIRECTION('',(1.110223024625E-16,1.,0.));
#119 = AXIS2_PLACEMENT_3D('',#120,#121,#122);
#120 = CARTESIAN_POINT('',(55.88,25.7175,-5.E-02));
#121 = DIRECTION('',(1.224646799147E-16,-1.359631073447E-32,-1.));
#122 = DIRECTION('',(1.110223024625E-16,1.,0.));
#123 = AXIS2_PLACEMENT_3D('',#124,#125,#126);
#124 = CARTESIAN_POINT('',(0.,0.,0.));
#125 = DIRECTION('',(0.,0.,1.));
#126 = DIRECTION('',(1.,0.,-0.));
#127 = ( GEOMETRIC_REPRESENTATION_CONTEXT(3) 
GLOBAL_UNCERTAINTY_ASSIGNED_CONTEXT((#131)) GLOBAL_UNIT_ASSIGNED_CONTEXT
((#128,#129,#130)) REPRESENTATION_CONTEXT('Context #1',
  '3D Context with UNIT and UNCERTAINTY') );
#128 = ( LENGTH_UNIT() NAMED_UNIT(*) SI_UNIT(.MILLI.,.METRE.) );
#129 = ( NAMED_UNIT(*) PLANE_ANGLE_UNIT() SI_UNIT($,.RADIAN.) );
#130 = ( NAMED_UNIT(*) SI_UNIT($,.STERADIAN.) SOLID_ANGLE_UNIT() );
#131 = UNCERTAINTY_MEASURE_WITH_UNIT(LENGTH_MEASURE(2.E-07),#128,
  'distance_accuracy_value','confusion accuracy');
#132 = PRODUCT_RELATED_PRODUCT_CATEGORY('part',$,(#7));
#133 = SHAPE_DEFINITION_REPRESENTATION(#134,#140);
#134 = PRODUCT_DEFINITION_SHAPE('','',#135);
#135 = PRODUCT_DEFINITION('design','',#136,#139);
#136 = PRODUCT_DEFINITION_FORMATION('','',#137);
#137 = PRODUCT('CP_Radial_D10.0mm_P5.00mm','CP_Radial_D10.0mm_P5.00mm',
  '',(#138));
#138 = PRODUCT_CONTEXT('',#2,'mechanical');
#139 = PRODUCT_DEFINITION_CONTEXT('part definition',#2,'design');
#140 = SHAPE_REPRESENTATION('',(#11,#141),#145);
#141 = AXIS2_PLACEMENT_3D('',#142,#143,#144);
#142 = CARTESIAN_POINT('',(0.,0.,0.));
#143 = DIRECTION('',(0.,0.,1.));
#144 = DIRECTION('',(1.,0.,-0.));
#145 = ( GEOMETRIC_REPRESENTATION_CONTEXT(3) 
GLOBAL_UNCERTAINTY_ASSIGNED_CONTEXT((#149)) GLOBAL_UNIT_ASSIGNED_CONTEXT
((#146,#147,#148)) REPRESENTATION_CONTEXT('Context #1',
  '3D Context with UNIT and UNCERTAINTY') );
#146 = ( LENGTH_UNIT() NAMED_UNIT(*) SI_UNIT(.MILLI.,.METRE.) );
#147 = ( NAMED_UNIT(*) PLANE_ANGLE_UNIT() SI_UNIT($,.RADIAN.) );
#148 = ( NAMED_UNIT(*) SI_UNIT($,.STERADIAN.) SOLID_ANGLE_UNIT() );
#149 = UNCERTAINTY_MEASURE_WITH_UNIT(LENGTH_MEASURE(1.E-06),#146,
  'distance_accuracy_value','confusion accuracy');
#150 = CONTEXT_DEPENDENT_SHAPE_REPRESENTATION(#151,#153);
#151 = ( REPRESENTATION_RELATIONSHIP('','',#140,#10) 
REPRESENTATION_RELATIONSHIP_WITH_TRANSFORMATION(#152) 
SHAPE_REPRESENTATION_RELATIONSHIP() );
#152 = ITEM_DEFINED_TRANSFORMATION('','',#11,#15);
#153 = PRODUCT_DEFINITION_SHAPE('Placement','Placement of an item',#154
  );
#154 = NEXT_ASSEMBLY_USAGE_OCCURRENCE('2','C2','',#5,#135,$);
#155 = PRODUCT_RELATED_PRODUCT_CATEGORY('part',$,(#137));
#156 = SHAPE_DEFINITION_REPRESENTATION(#157,#163);
#157 = PRODUCT_DEFINITION_SHAPE('','',#158);
#158 = PRODUCT_DEFINITION('design','',#159,#162);
#159 = PRODUCT_DEFINITION_FORMATION('','',#160);
#160 = PRODUCT('CP_Radial_D100mm_P500mm','CP_Radial_D100mm_P500mm','',(
    #161));
#161 = PRODUCT_CONTEXT('',#2,'mechanical');
#162 = PRODUCT_DEFINITION_CONTEXT('part definition',#2,'design');
#163 = ADVANCED_BREP_SHAPE_REPRESENTATION('',(#11,#164),#2234);
#164 = BREP_WITH_VOIDS('',#165,(#2112));
#165 = CLOSED_SHELL('',(#166,#183,#208,#257,#290,#308,#333,#365,#383,
    #392,#430,#452,#515,#543,#717,#783,#852,#884,#1058,#1222,#1254,#1438
    ,#1504,#1538,#1556,#1572,#1588,#1620,#1638,#1781,#1833,#1857,#1881,
    #1905,#1967,#1984,#2008,#2024,#2048,#2060,#2076,#2088,#2100));
#166 = ADVANCED_FACE('',(#167),#178,.F.);
#167 = FACE_BOUND('',#168,.F.);
#168 = EDGE_LOOP('',(#169));
#169 = ORIENTED_EDGE('',*,*,#170,.T.);
#170 = EDGE_CURVE('',#171,#171,#173,.T.);
#171 = VERTEX_POINT('',#172);
#172 = CARTESIAN_POINT('',(4.65,-2.632990618167E-16,-1.9));
#173 = CIRCLE('',#174,0.35);
#174 = AXIS2_PLACEMENT_3D('',#175,#176,#177);
#175 = CARTESIAN_POINT('',(5.,-3.061616997868E-16,-1.9));
#176 = DIRECTION('',(0.,0.,1.));
#177 = DIRECTION('',(-1.,1.224646799147E-16,0.));
#178 = PLANE('',#179);
#179 = AXIS2_PLACEMENT_3D('',#180,#181,#182);
#180 = CARTESIAN_POINT('',(5.,-3.22397371041E-16,-1.9));
#181 = DIRECTION('',(0.,0.,1.));
#182 = DIRECTION('',(-1.,1.224646799147E-16,0.));
#183 = ADVANCED_FACE('',(#184),#203,.T.);
#184 = FACE_BOUND('',#185,.T.);
#185 = EDGE_LOOP('',(#186,#195,#201,#202));
#186 = ORIENTED_EDGE('',*,*,#187,.F.);
#187 = EDGE_CURVE('',#188,#188,#190,.T.);
#188 = VERTEX_POINT('',#189);
#189 = CARTESIAN_POINT('',(4.65,-2.632990618167E-16,0.2));
#190 = CIRCLE('',#191,0.35);
#191 = AXIS2_PLACEMENT_3D('',#192,#193,#194);
#192 = CARTESIAN_POINT('',(5.,-3.061616997868E-16,0.2));
#193 = DIRECTION('',(0.,0.,1.));
#194 = DIRECTION('',(-1.,1.224646799147E-16,0.));
#195 = ORIENTED_EDGE('',*,*,#196,.T.);
#196 = EDGE_CURVE('',#188,#171,#197,.T.);
#197 = LINE('',#198,#199);
#198 = CARTESIAN_POINT('',(4.65,-2.632990618167E-16,0.3));
#199 = VECTOR('',#200,1.);
#200 = DIRECTION('',(0.,0.,-1.));
#201 = ORIENTED_EDGE('',*,*,#170,.T.);
#202 = ORIENTED_EDGE('',*,*,#196,.F.);
#203 = CYLINDRICAL_SURFACE('',#204,0.35);
#204 = AXIS2_PLACEMENT_3D('',#205,#206,#207);
#205 = CARTESIAN_POINT('',(5.,-3.061616997868E-16,0.3));
#206 = DIRECTION('',(0.,0.,1.));
#207 = DIRECTION('',(-1.,1.224646799147E-16,0.));
#208 = ADVANCED_FACE('',(#209,#238,#241),#252,.F.);
#209 = FACE_BOUND('',#210,.F.);
#210 = EDGE_LOOP('',(#211,#222,#231));
#211 = ORIENTED_EDGE('',*,*,#212,.T.);
#212 = EDGE_CURVE('',#213,#215,#217,.T.);
#213 = VERTEX_POINT('',#214);
#214 = CARTESIAN_POINT('',(-1.,4.286263797016E-16,0.2));
#215 = VERTEX_POINT('',#216);
#216 = CARTESIAN_POINT('',(5.73357836379,-1.339392013278,0.2));
#217 = CIRCLE('',#218,3.5);
#218 = AXIS2_PLACEMENT_3D('',#219,#220,#221);
#219 = CARTESIAN_POINT('',(2.5,0.,0.2));
#220 = DIRECTION('',(0.,0.,1.));
#221 = DIRECTION('',(-1.,1.224646799147E-16,0.));
#222 = ORIENTED_EDGE('',*,*,#223,.T.);
#223 = EDGE_CURVE('',#215,#224,#226,.T.);
#224 = VERTEX_POINT('',#225);
#225 = CARTESIAN_POINT('',(5.73357836379,1.339392013278,0.2));
#226 = CIRCLE('',#227,3.5);
#227 = AXIS2_PLACEMENT_3D('',#228,#229,#230);
#228 = CARTESIAN_POINT('',(2.5,0.,0.2));
#229 = DIRECTION('',(0.,0.,1.));
#230 = DIRECTION('',(-1.,1.224646799147E-16,0.));
#231 = ORIENTED_EDGE('',*,*,#232,.T.);
#232 = EDGE_CURVE('',#224,#213,#233,.T.);
#233 = CIRCLE('',#234,3.5);
#234 = AXIS2_PLACEMENT_3D('',#235,#236,#237);
#235 = CARTESIAN_POINT('',(2.5,0.,0.2));
#236 = DIRECTION('',(0.,0.,1.));
#237 = DIRECTION('',(-1.,1.224646799147E-16,0.));
#238 = FACE_BOUND('',#239,.F.);
#239 = EDGE_LOOP('',(#240));
#240 = ORIENTED_EDGE('',*,*,#187,.F.);
#241 = FACE_BOUND('',#242,.F.);
#242 = EDGE_LOOP('',(#243));
#243 = ORIENTED_EDGE('',*,*,#244,.F.);
#244 = EDGE_CURVE('',#245,#245,#247,.T.);
#245 = VERTEX_POINT('',#246);
#246 = CARTESIAN_POINT('',(-0.35,3.49024337757E-16,0.2));
#247 = CIRCLE('',#248,0.35);
#248 = AXIS2_PLACEMENT_3D('',#249,#250,#251);
#249 = CARTESIAN_POINT('',(0.,3.061616997868E-16,0.2));
#250 = DIRECTION('',(0.,0.,1.));
#251 = DIRECTION('',(-1.,1.224646799147E-16,0.));
#252 = PLANE('',#253);
#253 = AXIS2_PLACEMENT_3D('',#254,#255,#256);
#254 = CARTESIAN_POINT('',(2.5,-2.47821720825E-16,0.2));
#255 = DIRECTION('',(0.,0.,1.));
#256 = DIRECTION('',(-1.,1.224646799147E-16,0.));
#257 = ADVANCED_FACE('',(#258),#285,.F.);
#258 = FACE_BOUND('',#259,.F.);
#259 = EDGE_LOOP('',(#260,#268,#269,#270,#278));
#260 = ORIENTED_EDGE('',*,*,#261,.F.);
#261 = EDGE_CURVE('',#215,#262,#264,.T.);
#262 = VERTEX_POINT('',#263);
#263 = CARTESIAN_POINT('',(5.73357836379,-1.339392013278,0.));
#264 = LINE('',#265,#266);
#265 = CARTESIAN_POINT('',(5.73357836379,-1.339392013278,0.3));
#266 = VECTOR('',#267,1.);
#267 = DIRECTION('',(0.,0.,-1.));
#268 = ORIENTED_EDGE('',*,*,#212,.F.);
#269 = ORIENTED_EDGE('',*,*,#232,.F.);
#270 = ORIENTED_EDGE('',*,*,#271,.T.);
#271 = EDGE_CURVE('',#224,#272,#274,.T.);
#272 = VERTEX_POINT('',#273);
#273 = CARTESIAN_POINT('',(5.73357836379,1.339392013278,0.));
#274 = LINE('',#275,#276);
#275 = CARTESIAN_POINT('',(5.73357836379,1.339392013278,0.3));
#276 = VECTOR('',#277,1.);
#277 = DIRECTION('',(0.,0.,-1.));
#278 = ORIENTED_EDGE('',*,*,#279,.F.);
#279 = EDGE_CURVE('',#262,#272,#280,.T.);
#280 = CIRCLE('',#281,3.5);
#281 = AXIS2_PLACEMENT_3D('',#282,#283,#284);
#282 = CARTESIAN_POINT('',(2.5,0.,0.));
#283 = DIRECTION('',(0.,-0.,-1.));
#284 = DIRECTION('',(0.923879532511,-0.382683432365,0.));
#285 = CYLINDRICAL_SURFACE('',#286,3.5);
#286 = AXIS2_PLACEMENT_3D('',#287,#288,#289);
#287 = CARTESIAN_POINT('',(2.5,0.,0.3));
#288 = DIRECTION('',(0.,0.,-1.));
#289 = DIRECTION('',(0.923879532511,-0.382683432365,0.));
#290 = ADVANCED_FACE('',(#291),#303,.F.);
#291 = FACE_BOUND('',#292,.F.);
#292 = EDGE_LOOP('',(#293,#294,#295,#296));
#293 = ORIENTED_EDGE('',*,*,#271,.F.);
#294 = ORIENTED_EDGE('',*,*,#223,.F.);
#295 = ORIENTED_EDGE('',*,*,#261,.T.);
#296 = ORIENTED_EDGE('',*,*,#297,.F.);
#297 = EDGE_CURVE('',#272,#262,#298,.T.);
#298 = CIRCLE('',#299,3.5);
#299 = AXIS2_PLACEMENT_3D('',#300,#301,#302);
#300 = CARTESIAN_POINT('',(2.5,0.,0.));
#301 = DIRECTION('',(0.,0.,-1.));
#302 = DIRECTION('',(0.923879532511,0.382683432365,0.));
#303 = CYLINDRICAL_SURFACE('',#304,3.5);
#304 = AXIS2_PLACEMENT_3D('',#305,#306,#307);
#305 = CARTESIAN_POINT('',(2.5,0.,0.3));
#306 = DIRECTION('',(0.,0.,-1.));
#307 = DIRECTION('',(0.923879532511,0.382683432365,0.));
#308 = ADVANCED_FACE('',(#309),#328,.T.);
#309 = FACE_BOUND('',#310,.T.);
#310 = EDGE_LOOP('',(#311,#312,#320,#327));
#311 = ORIENTED_EDGE('',*,*,#244,.F.);
#312 = ORIENTED_EDGE('',*,*,#313,.T.);
#313 = EDGE_CURVE('',#245,#314,#316,.T.);
#314 = VERTEX_POINT('',#315);
#315 = CARTESIAN_POINT('',(-0.35,3.49024337757E-16,-2.));
#316 = LINE('',#317,#318);
#317 = CARTESIAN_POINT('',(-0.35,3.49024337757E-16,0.3));
#318 = VECTOR('',#319,1.);
#319 = DIRECTION('',(0.,0.,-1.));
#320 = ORIENTED_EDGE('',*,*,#321,.T.);
#321 = EDGE_CURVE('',#314,#314,#322,.T.);
#322 = CIRCLE('',#323,0.35);
#323 = AXIS2_PLACEMENT_3D('',#324,#325,#326);
#324 = CARTESIAN_POINT('',(0.,3.061616997868E-16,-2.));
#325 = DIRECTION('',(0.,0.,1.));
#326 = DIRECTION('',(-1.,1.224646799147E-16,0.));
#327 = ORIENTED_EDGE('',*,*,#313,.F.);
#328 = CYLINDRICAL_SURFACE('',#329,0.35);
#329 = AXIS2_PLACEMENT_3D('',#330,#331,#332);
#330 = CARTESIAN_POINT('',(0.,3.061616997868E-16,0.3));
#331 = DIRECTION('',(0.,0.,1.));
#332 = DIRECTION('',(-1.,1.224646799147E-16,0.));
#333 = ADVANCED_FACE('',(#334),#360,.T.);
#334 = FACE_BOUND('',#335,.F.);
#335 = EDGE_LOOP('',(#336,#337,#345,#354));
#336 = ORIENTED_EDGE('',*,*,#279,.T.);
#337 = ORIENTED_EDGE('',*,*,#338,.T.);
#338 = EDGE_CURVE('',#272,#339,#341,.T.);
#339 = VERTEX_POINT('',#340);
#340 = CARTESIAN_POINT('',(6.934621756054,1.836880475352,
    -1.387778780781E-17));
#341 = LINE('',#342,#343);
#342 = CARTESIAN_POINT('',(5.73357836379,1.339392013278,0.));
#343 = VECTOR('',#344,1.);
#344 = DIRECTION('',(0.923879532511,0.382683432365,0.));
#345 = ORIENTED_EDGE('',*,*,#346,.F.);
#346 = EDGE_CURVE('',#347,#339,#349,.T.);
#347 = VERTEX_POINT('',#348);
#348 = CARTESIAN_POINT('',(6.934621756054,-1.836880475352,
    -1.387778780781E-17));
#349 = CIRCLE('',#350,4.8);
#350 = AXIS2_PLACEMENT_3D('',#351,#352,#353);
#351 = CARTESIAN_POINT('',(2.5,0.,-1.387778780781E-17));
#352 = DIRECTION('',(0.,-0.,-1.));
#353 = DIRECTION('',(0.923879532511,-0.382683432365,0.));
#354 = ORIENTED_EDGE('',*,*,#355,.F.);
#355 = EDGE_CURVE('',#262,#347,#356,.T.);
#356 = LINE('',#357,#358);
#357 = CARTESIAN_POINT('',(5.73357836379,-1.339392013278,0.));
#358 = VECTOR('',#359,1.);
#359 = DIRECTION('',(0.923879532511,-0.382683432365,0.));
#360 = PLANE('',#361);
#361 = AXIS2_PLACEMENT_3D('',#362,#363,#364);
#362 = CARTESIAN_POINT('',(2.5,0.,0.));
#363 = DIRECTION('',(0.,0.,-1.));
#364 = DIRECTION('',(0.923879532511,-0.382683432365,0.));
#365 = ADVANCED_FACE('',(#366),#378,.T.);
#366 = FACE_BOUND('',#367,.F.);
#367 = EDGE_LOOP('',(#368,#369,#370,#377));
#368 = ORIENTED_EDGE('',*,*,#297,.T.);
#369 = ORIENTED_EDGE('',*,*,#355,.T.);
#370 = ORIENTED_EDGE('',*,*,#371,.F.);
#371 = EDGE_CURVE('',#339,#347,#372,.T.);
#372 = CIRCLE('',#373,4.8);
#373 = AXIS2_PLACEMENT_3D('',#374,#375,#376);
#374 = CARTESIAN_POINT('',(2.5,0.,-1.387778780781E-17));
#375 = DIRECTION('',(0.,0.,-1.));
#376 = DIRECTION('',(0.923879532511,0.382683432365,0.));
#377 = ORIENTED_EDGE('',*,*,#338,.F.);
#378 = PLANE('',#379);
#379 = AXIS2_PLACEMENT_3D('',#380,#381,#382);
#380 = CARTESIAN_POINT('',(2.5,0.,0.));
#381 = DIRECTION('',(0.,0.,-1.));
#382 = DIRECTION('',(0.923879532511,0.382683432365,0.));
#383 = ADVANCED_FACE('',(#384),#387,.F.);
#384 = FACE_BOUND('',#385,.F.);
#385 = EDGE_LOOP('',(#386));
#386 = ORIENTED_EDGE('',*,*,#321,.T.);
#387 = PLANE('',#388);
#388 = AXIS2_PLACEMENT_3D('',#389,#390,#391);
#389 = CARTESIAN_POINT('',(0.,2.899260285327E-16,-2.));
#390 = DIRECTION('',(0.,0.,1.));
#391 = DIRECTION('',(-1.,1.224646799147E-16,0.));
#392 = ADVANCED_FACE('',(#393),#421,.F.);
#393 = FACE_BOUND('',#394,.F.);
#394 = EDGE_LOOP('',(#395,#396,#405,#414));
#395 = ORIENTED_EDGE('',*,*,#346,.T.);
#396 = ORIENTED_EDGE('',*,*,#397,.T.);
#397 = EDGE_CURVE('',#339,#398,#400,.T.);
#398 = VERTEX_POINT('',#399);
#399 = CARTESIAN_POINT('',(7.119397662556,1.913417161825,0.2));
#400 = CIRCLE('',#401,0.2);
#401 = AXIS2_PLACEMENT_3D('',#402,#403,#404);
#402 = CARTESIAN_POINT('',(6.934621756054,1.836880475352,0.2));
#403 = DIRECTION('',(0.382683432365,-0.923879532511,-1.972152263053E-31)
  );
#404 = DIRECTION('',(-4.102849315896E-15,-1.699455831017E-15,-1.));
#405 = ORIENTED_EDGE('',*,*,#406,.F.);
#406 = EDGE_CURVE('',#407,#398,#409,.T.);
#407 = VERTEX_POINT('',#408);
#408 = CARTESIAN_POINT('',(7.119397662556,-1.913417161825,0.2));
#409 = CIRCLE('',#410,5.);
#410 = AXIS2_PLACEMENT_3D('',#411,#412,#413);
#411 = CARTESIAN_POINT('',(2.5,0.,0.2));
#412 = DIRECTION('',(0.,-0.,-1.));
#413 = DIRECTION('',(0.923879532511,-0.382683432365,0.));
#414 = ORIENTED_EDGE('',*,*,#415,.F.);
#415 = EDGE_CURVE('',#347,#407,#416,.T.);
#416 = CIRCLE('',#417,0.2);
#417 = AXIS2_PLACEMENT_3D('',#418,#419,#420);
#418 = CARTESIAN_POINT('',(6.934621756054,-1.836880475352,0.2));
#419 = DIRECTION('',(-0.382683432365,-0.923879532511,1.972152263053E-31)
  );
#420 = DIRECTION('',(-4.102849315896E-15,1.699455831017E-15,-1.));
#421 = SURFACE_OF_REVOLUTION('',#422,#427);
#422 = CIRCLE('',#423,0.2);
#423 = AXIS2_PLACEMENT_3D('',#424,#425,#426);
#424 = CARTESIAN_POINT('',(6.934621756054,-1.836880475352,0.2));
#425 = DIRECTION('',(-0.382683432365,-0.923879532511,0.));
#426 = DIRECTION('',(-4.102849315896E-15,1.699455831017E-15,-1.));
#427 = AXIS1_PLACEMENT('',#428,#429);
#428 = CARTESIAN_POINT('',(2.5,0.,0.));
#429 = DIRECTION('',(0.,0.,-1.));
#430 = ADVANCED_FACE('',(#431),#443,.F.);
#431 = FACE_BOUND('',#432,.F.);
#432 = EDGE_LOOP('',(#433,#434,#435,#442));
#433 = ORIENTED_EDGE('',*,*,#371,.T.);
#434 = ORIENTED_EDGE('',*,*,#415,.T.);
#435 = ORIENTED_EDGE('',*,*,#436,.F.);
#436 = EDGE_CURVE('',#398,#407,#437,.T.);
#437 = CIRCLE('',#438,5.);
#438 = AXIS2_PLACEMENT_3D('',#439,#440,#441);
#439 = CARTESIAN_POINT('',(2.5,0.,0.2));
#440 = DIRECTION('',(0.,0.,-1.));
#441 = DIRECTION('',(0.923879532511,0.382683432365,0.));
#442 = ORIENTED_EDGE('',*,*,#397,.F.);
#443 = SURFACE_OF_REVOLUTION('',#444,#449);
#444 = CIRCLE('',#445,0.2);
#445 = AXIS2_PLACEMENT_3D('',#446,#447,#448);
#446 = CARTESIAN_POINT('',(6.934621756054,1.836880475352,0.2));
#447 = DIRECTION('',(0.382683432365,-0.923879532511,1.972152263054E-31)
  );
#448 = DIRECTION('',(-4.102849315896E-15,-1.699455831017E-15,-1.));
#449 = AXIS1_PLACEMENT('',#450,#451);
#450 = CARTESIAN_POINT('',(2.5,0.,0.));
#451 = DIRECTION('',(0.,0.,-1.));
#452 = ADVANCED_FACE('',(#453),#510,.T.);
#453 = FACE_BOUND('',#454,.T.);
#454 = EDGE_LOOP('',(#455,#497,#503,#504));
#455 = ORIENTED_EDGE('',*,*,#456,.T.);
#456 = EDGE_CURVE('',#457,#459,#461,.T.);
#457 = VERTEX_POINT('',#458);
#458 = CARTESIAN_POINT('',(7.119397662556,-1.913417161825,1.064979142851
    ));
#459 = VERTEX_POINT('',#460);
#460 = CARTESIAN_POINT('',(7.119397662556,1.913417161825,1.064979142851)
  );
#461 = B_SPLINE_CURVE_WITH_KNOTS('',12,(#462,#463,#464,#465,#466,#467,
    #468,#469,#470,#471,#472,#473,#474,#475,#476,#477,#478,#479,#480,
    #481,#482,#483,#484,#485,#486,#487,#488,#489,#490,#491,#492,#493,
    #494,#495,#496),.UNSPECIFIED.,.F.,.F.,(13,11,11,13),(-1.171231283167
    ,-3.991931790191E-16,27.488935718911,28.660167002077),
  .UNSPECIFIED.);
#462 = CARTESIAN_POINT('',(7.567608470092,-0.831340551471,1.064979142851
    ));
#463 = CARTESIAN_POINT('',(7.529998726783,-0.922138503845,1.064979142851
    ));
#464 = CARTESIAN_POINT('',(7.492436045779,-1.012822837762,1.064979142851
    ));
#465 = CARTESIAN_POINT('',(7.454920427082,-1.103393553223,1.064979142851
    ));
#466 = CARTESIAN_POINT('',(7.41745187069,-1.193850650228,1.064979142851)
  );
#467 = CARTESIAN_POINT('',(7.380030376603,-1.284194128775,1.064979142851
    ));
#468 = CARTESIAN_POINT('',(7.342655944822,-1.374423988867,1.064979142851
    ));
#469 = CARTESIAN_POINT('',(7.305328575347,-1.464540230501,1.064979142851
    ));
#470 = CARTESIAN_POINT('',(7.268048268178,-1.554542853679,1.064979142851
    ));
#471 = CARTESIAN_POINT('',(7.230815023314,-1.644431858401,1.064979142851
    ));
#472 = CARTESIAN_POINT('',(7.193628840756,-1.734207244665,1.064979142851
    ));
#473 = CARTESIAN_POINT('',(7.156489720503,-1.823869012474,1.064979142851
    ));
#474 = CARTESIAN_POINT('',(6.248842707922,-4.015122740097,1.064979142851
    ));
#475 = CARTESIAN_POINT('',(4.32138663606,-5.716779021404,1.064979179919)
  );
#476 = CARTESIAN_POINT('',(1.539129938892,-6.390920517957,1.064978653652
    ));
#477 = CARTESIAN_POINT('',(-1.444295453127,-5.513989403062,1.06498076459
    ));
#478 = CARTESIAN_POINT('',(-3.665575663563,-3.325471120225,
    1.064976103248));
#479 = CARTESIAN_POINT('',(-4.778923381471,8.212985846967E-12,
    1.064982844735));
#480 = CARTESIAN_POINT('',(-3.665575663563,3.32547112021,1.064976103248)
  );
#481 = CARTESIAN_POINT('',(-1.444295453127,5.513989403074,1.064980764591
    ));
#482 = CARTESIAN_POINT('',(1.539129938893,6.39092051795,1.064978653652)
  );
#483 = CARTESIAN_POINT('',(4.321386636059,5.716779021407,1.064979179919)
  );
#484 = CARTESIAN_POINT('',(6.248842707922,4.015122740096,1.064979142851)
  );
#485 = CARTESIAN_POINT('',(7.156489720503,1.823869012474,1.064979142851)
  );
#486 = CARTESIAN_POINT('',(7.193628840756,1.734207244665,1.064979142851)
  );
#487 = CARTESIAN_POINT('',(7.230815023314,1.644431858401,1.064979142851)
  );
#488 = CARTESIAN_POINT('',(7.268048268178,1.554542853679,1.064979142851)
  );
#489 = CARTESIAN_POINT('',(7.305328575347,1.464540230501,1.064979142851)
  );
#490 = CARTESIAN_POINT('',(7.342655944822,1.374423988867,1.064979142851)
  );
#491 = CARTESIAN_POINT('',(7.380030376603,1.284194128775,1.064979142851)
  );
#492 = CARTESIAN_POINT('',(7.41745187069,1.193850650228,1.064979142851)
  );
#493 = CARTESIAN_POINT('',(7.454920427082,1.103393553223,1.064979142851)
  );
#494 = CARTESIAN_POINT('',(7.492436045779,1.012822837762,1.064979142851)
  );
#495 = CARTESIAN_POINT('',(7.529998726783,0.922138503845,1.064979142851)
  );
#496 = CARTESIAN_POINT('',(7.567608470092,0.831340551471,1.064979142851)
  );
#497 = ORIENTED_EDGE('',*,*,#498,.F.);
#498 = EDGE_CURVE('',#398,#459,#499,.T.);
#499 = LINE('',#500,#501);
#500 = CARTESIAN_POINT('',(7.119397662556,1.913417161825,0.2));
#501 = VECTOR('',#502,1.);
#502 = DIRECTION('',(0.,0.,1.));
#503 = ORIENTED_EDGE('',*,*,#406,.F.);
#504 = ORIENTED_EDGE('',*,*,#505,.T.);
#505 = EDGE_CURVE('',#407,#457,#506,.T.);
#506 = LINE('',#507,#508);
#507 = CARTESIAN_POINT('',(7.119397662556,-1.913417161825,0.2));
#508 = VECTOR('',#509,1.);
#509 = DIRECTION('',(0.,0.,1.));
#510 = CYLINDRICAL_SURFACE('',#511,5.);
#511 = AXIS2_PLACEMENT_3D('',#512,#513,#514);
#512 = CARTESIAN_POINT('',(2.5,0.,0.2));
#513 = DIRECTION('',(0.,0.,1.));
#514 = DIRECTION('',(0.923879532511,-0.382683432365,0.));
#515 = ADVANCED_FACE('',(#516),#538,.T.);
#516 = FACE_BOUND('',#517,.T.);
#517 = EDGE_LOOP('',(#518,#535,#536,#537));
#518 = ORIENTED_EDGE('',*,*,#519,.T.);
#519 = EDGE_CURVE('',#459,#457,#520,.T.);
#520 = B_SPLINE_CURVE_WITH_KNOTS('',5,(#521,#522,#523,#524,#525,#526,
    #527,#528,#529,#530,#531,#532,#533,#534),.UNSPECIFIED.,.F.,.F.,(6,4,
    4,6),(-0.238826937805,-2.684273090947E-07,3.926991085414,
    4.165817386253),.UNSPECIFIED.);
#521 = CARTESIAN_POINT('',(7.02800265205,2.134064235451,1.064979142851)
  );
#522 = CARTESIAN_POINT('',(7.046281659523,2.089934807758,1.064979142851)
  );
#523 = CARTESIAN_POINT('',(7.064560664227,2.04580538675,1.064979142851)
  );
#524 = CARTESIAN_POINT('',(7.082839666162,2.001675972426,1.064979142851)
  );
#525 = CARTESIAN_POINT('',(7.101118665327,1.957546564788,1.064979142851)
  );
#526 = CARTESIAN_POINT('',(7.41995647701,1.187803996574,1.064979142851)
  );
#527 = CARTESIAN_POINT('',(7.578077492132,0.403182514539,1.064979142851)
  );
#528 = CARTESIAN_POINT('',(7.578078582592,-0.403179910909,1.064979142851
    ));
#529 = CARTESIAN_POINT('',(7.41995703187,-1.187802657023,1.064979142851)
  );
#530 = CARTESIAN_POINT('',(7.101118659789,-1.957546578158,1.064979142851
    ));
#531 = CARTESIAN_POINT('',(7.082839657855,-2.001675992481,1.064979142851
    ));
#532 = CARTESIAN_POINT('',(7.06456065592,-2.045805406805,1.064979142851)
  );
#533 = CARTESIAN_POINT('',(7.046281653985,-2.089934821128,1.064979142851
    ));
#534 = CARTESIAN_POINT('',(7.02800265205,-2.134064235451,1.064979142851)
  );
#535 = ORIENTED_EDGE('',*,*,#505,.F.);
#536 = ORIENTED_EDGE('',*,*,#436,.F.);
#537 = ORIENTED_EDGE('',*,*,#498,.T.);
#538 = CYLINDRICAL_SURFACE('',#539,5.);
#539 = AXIS2_PLACEMENT_3D('',#540,#541,#542);
#540 = CARTESIAN_POINT('',(2.5,0.,0.2));
#541 = DIRECTION('',(0.,0.,1.));
#542 = DIRECTION('',(0.923879532511,0.382683432365,-0.));
#543 = ADVANCED_FACE('',(#544),#611,.T.);
#544 = FACE_BOUND('',#545,.T.);
#545 = EDGE_LOOP('',(#546,#559,#599,#610));
#546 = ORIENTED_EDGE('',*,*,#547,.T.);
#547 = EDGE_CURVE('',#457,#548,#550,.T.);
#548 = VERTEX_POINT('',#549);
#549 = CARTESIAN_POINT('',(7.045145369717,-1.882660855094,1.269338405373
    ));
#550 = B_SPLINE_CURVE_WITH_KNOTS('',7,(#551,#552,#553,#554,#555,#556,
    #557,#558),.UNSPECIFIED.,.F.,.F.,(8,8),(0.,1.),
  .PIECEWISE_BEZIER_KNOTS.);
#551 = CARTESIAN_POINT('',(7.119397662556,-1.913417161825,1.064979142851
    ));
#552 = CARTESIAN_POINT('',(7.119397662479,-1.913417161793,1.096355884499
    ));
#553 = CARTESIAN_POINT('',(7.115860106587,-1.911951858165,1.128452340475
    ));
#554 = CARTESIAN_POINT('',(7.108495682308,-1.90890141375,1.160460292499)
  );
#555 = CARTESIAN_POINT('',(7.097254566883,-1.904245191285,1.191398408619
    ));
#556 = CARTESIAN_POINT('',(7.082502031892,-1.898134491212,1.220261378058
    ));
#557 = CARTESIAN_POINT('',(7.06489214839,-1.890840238634,1.246367503489)
  );
#558 = CARTESIAN_POINT('',(7.045145369717,-1.882660855094,1.269338405373
    ));
#559 = ORIENTED_EDGE('',*,*,#560,.T.);
#560 = EDGE_CURVE('',#548,#561,#563,.T.);
#561 = VERTEX_POINT('',#562);
#562 = CARTESIAN_POINT('',(7.045145369717,1.882660855094,1.269338405373)
  );
#563 = B_SPLINE_CURVE_WITH_KNOTS('',12,(#564,#565,#566,#567,#568,#569,
    #570,#571,#572,#573,#574,#575,#576,#577,#578,#579,#580,#581,#582,
    #583,#584,#585,#586,#587,#588,#589,#590,#591,#592,#593,#594,#595,
    #596,#597,#598),.UNSPECIFIED.,.F.,.F.,(13,11,11,13),(-1.171231283167
    ,-3.991931790191E-16,27.488935718911,28.660167002077),
  .UNSPECIFIED.);
#564 = CARTESIAN_POINT('',(7.493356177252,-0.800584244739,1.269338405373
    ));
#565 = CARTESIAN_POINT('',(7.455150215442,-0.892821595904,1.269338405373
    ));
#566 = CARTESIAN_POINT('',(7.417099719302,-0.984683619741,1.269338405373
    ));
#567 = CARTESIAN_POINT('',(7.379204688831,-1.076170316251,1.269338405373
    ));
#568 = CARTESIAN_POINT('',(7.34146512403,-1.167281685433,1.269338405373)
  );
#569 = CARTESIAN_POINT('',(7.303881024898,-1.258017727287,1.269338405373
    ));
#570 = CARTESIAN_POINT('',(7.266452391435,-1.348378441813,1.269338405373
    ));
#571 = CARTESIAN_POINT('',(7.229179223642,-1.438363829013,1.269338405373
    ));
#572 = CARTESIAN_POINT('',(7.192061521518,-1.527973888884,1.269338405373
    ));
#573 = CARTESIAN_POINT('',(7.155099285063,-1.617208621428,1.269338405373
    ));
#574 = CARTESIAN_POINT('',(7.118292514278,-1.706068026644,1.269338405373
    ));
#575 = CARTESIAN_POINT('',(7.081641209163,-1.794552104533,1.269338405373
    ));
#576 = CARTESIAN_POINT('',(6.188583733291,-3.950583574763,1.269338405373
    ));
#577 = CARTESIAN_POINT('',(4.292055982718,-5.625078304016,1.269338398757
    ));
#578 = CARTESIAN_POINT('',(1.554180226796,-6.28790347868,1.269338492685)
  );
#579 = CARTESIAN_POINT('',(-1.379931640379,-5.425347598474,
    1.269338115926));
#580 = CARTESIAN_POINT('',(-3.567377513268,-3.27236752885,1.269338947878
    ));
#581 = CARTESIAN_POINT('',(-4.661203210779,1.935340776527E-12,
    1.269337744664));
#582 = CARTESIAN_POINT('',(-3.567377513269,3.272367528846,1.269338947878
    ));
#583 = CARTESIAN_POINT('',(-1.379931640378,5.425347598477,1.269338115927
    ));
#584 = CARTESIAN_POINT('',(1.554180226795,6.287903478677,1.269338492684)
  );
#585 = CARTESIAN_POINT('',(4.292055982718,5.625078304017,1.269338398757)
  );
#586 = CARTESIAN_POINT('',(6.188583733291,3.950583574763,1.269338405373)
  );
#587 = CARTESIAN_POINT('',(7.081641209163,1.794552104533,1.269338405373)
  );
#588 = CARTESIAN_POINT('',(7.118292514278,1.706068026644,1.269338405373)
  );
#589 = CARTESIAN_POINT('',(7.155099285063,1.617208621428,1.269338405373)
  );
#590 = CARTESIAN_POINT('',(7.192061521518,1.527973888884,1.269338405373)
  );
#591 = CARTESIAN_POINT('',(7.229179223642,1.438363829013,1.269338405373)
  );
#592 = CARTESIAN_POINT('',(7.266452391435,1.348378441814,1.269338405373)
  );
#593 = CARTESIAN_POINT('',(7.303881024898,1.258017727287,1.269338405373)
  );
#594 = CARTESIAN_POINT('',(7.34146512403,1.167281685433,1.269338405373)
  );
#595 = CARTESIAN_POINT('',(7.379204688831,1.076170316251,1.269338405373)
  );
#596 = CARTESIAN_POINT('',(7.417099719302,0.984683619741,1.269338405373)
  );
#597 = CARTESIAN_POINT('',(7.455150215442,0.892821595904,1.269338405373)
  );
#598 = CARTESIAN_POINT('',(7.493356177252,0.800584244739,1.269338405373)
  );
#599 = ORIENTED_EDGE('',*,*,#600,.F.);
#600 = EDGE_CURVE('',#459,#561,#601,.T.);
#601 = B_SPLINE_CURVE_WITH_KNOTS('',7,(#602,#603,#604,#605,#606,#607,
    #608,#609),.UNSPECIFIED.,.F.,.F.,(8,8),(0.,1.),
  .PIECEWISE_BEZIER_KNOTS.);
#602 = CARTESIAN_POINT('',(7.119397662556,1.913417161825,1.064979142851)
  );
#603 = CARTESIAN_POINT('',(7.119397662479,1.913417161793,1.096355884499)
  );
#604 = CARTESIAN_POINT('',(7.115860106587,1.911951858165,1.128452340475)
  );
#605 = CARTESIAN_POINT('',(7.108495682308,1.90890141375,1.1604602925));
#606 = CARTESIAN_POINT('',(7.097254566884,1.904245191285,1.191398408619)
  );
#607 = CARTESIAN_POINT('',(7.082502031892,1.898134491212,1.220261378058)
  );
#608 = CARTESIAN_POINT('',(7.06489214839,1.890840238634,1.246367503489)
  );
#609 = CARTESIAN_POINT('',(7.045145369717,1.882660855094,1.269338405373)
  );
#610 = ORIENTED_EDGE('',*,*,#456,.F.);
#611 = ( BOUNDED_SURFACE() B_SPLINE_SURFACE(2,12,(
    (#612,#613,#614,#615,#616,#617,#618,#619,#620,#621,#622,#623,#624
      ,#625,#626,#627,#628,#629,#630,#631,#632,#633,#634,#635,#636,#637
      ,#638,#639,#640,#641,#642,#643,#644,#645,#646)
    ,(#647,#648,#649,#650,#651,#652,#653,#654,#655,#656,#657,#658,#659
      ,#660,#661,#662,#663,#664,#665,#666,#667,#668,#669,#670,#671,#672
      ,#673,#674,#675,#676,#677,#678,#679,#680,#681)
    ,(#682,#683,#684,#685,#686,#687,#688,#689,#690,#691,#692,#693,#694
      ,#695,#696,#697,#698,#699,#700,#701,#702,#703,#704,#705,#706,#707
      ,#708,#709,#710,#711,#712,#713,#714,#715,#716
)),.UNSPECIFIED.,.F.,.F.,.F.) B_SPLINE_SURFACE_WITH_KNOTS((3,3),(13,11,
    11,13),(0.,27.488935718911),(-1.171231283167,-3.991931790191E-16,
    27.488935718911,28.660167002077),.UNSPECIFIED.) 
GEOMETRIC_REPRESENTATION_ITEM() RATIONAL_B_SPLINE_SURFACE((
    (1.,1.,1.,1.,1.,1.,1.,1.,1.,1.,1.,1.,1.,1.,1.,1.,1.,1.,1.,1.,1.,1.
      ,1.,1.,1.,1.,1.,1.,1.,1.,1.,1.,1.,1.,1.)
    ,(0.93061798229,0.93061798229,0.93061798229,0.93061798229
      ,0.93061798229,0.93061798229,0.93061798229,0.93061798229
      ,0.93061798229,0.93061798229,0.93061798229,0.93061798229
      ,0.93061798229,0.930618018687,0.93061750194,0.930619574694
      ,0.930614997669,0.930621617211,0.930614997669,0.930619574694
      ,0.930617501939,0.930618018687,0.93061798229,0.93061798229
      ,0.93061798229,0.93061798229,0.93061798229,0.93061798229
      ,0.93061798229,0.93061798229,0.93061798229,0.93061798229
      ,0.93061798229,0.93061798229,0.93061798229)
    ,(1.,1.,1.,1.,1.,1.,1.,1.,1.,1.,1.,1.,1.,1.,1.,1.,1.,1.,1.,1.,1.,1.
,1.,1.,1.,1.,1.,1.,1.,1.,1.,1.,1.,1.,1.
))) REPRESENTATION_ITEM('') SURFACE() );
#612 = CARTESIAN_POINT('',(7.567608470092,-0.831340551471,1.064979142851
    ));
#613 = CARTESIAN_POINT('',(7.529998726783,-0.922138503845,1.064979142851
    ));
#614 = CARTESIAN_POINT('',(7.492436045779,-1.012822837762,1.064979142851
    ));
#615 = CARTESIAN_POINT('',(7.454920427082,-1.103393553223,1.064979142851
    ));
#616 = CARTESIAN_POINT('',(7.41745187069,-1.193850650228,1.064979142851)
  );
#617 = CARTESIAN_POINT('',(7.380030376603,-1.284194128775,1.064979142851
    ));
#618 = CARTESIAN_POINT('',(7.342655944822,-1.374423988867,1.064979142851
    ));
#619 = CARTESIAN_POINT('',(7.305328575347,-1.464540230501,1.064979142851
    ));
#620 = CARTESIAN_POINT('',(7.268048268178,-1.554542853679,1.064979142851
    ));
#621 = CARTESIAN_POINT('',(7.230815023314,-1.644431858401,1.064979142851
    ));
#622 = CARTESIAN_POINT('',(7.193628840756,-1.734207244665,1.064979142851
    ));
#623 = CARTESIAN_POINT('',(7.156489720503,-1.823869012474,1.064979142851
    ));
#624 = CARTESIAN_POINT('',(6.248842707922,-4.015122740097,1.064979142851
    ));
#625 = CARTESIAN_POINT('',(4.32138663606,-5.716779021404,1.064979179919)
  );
#626 = CARTESIAN_POINT('',(1.539129938892,-6.390920517957,1.064978653652
    ));
#627 = CARTESIAN_POINT('',(-1.444295453127,-5.513989403062,1.06498076459
    ));
#628 = CARTESIAN_POINT('',(-3.665575663563,-3.325471120225,
    1.064976103248));
#629 = CARTESIAN_POINT('',(-4.778923381471,8.212985846967E-12,
    1.064982844735));
#630 = CARTESIAN_POINT('',(-3.665575663563,3.32547112021,1.064976103248)
  );
#631 = CARTESIAN_POINT('',(-1.444295453127,5.513989403074,1.064980764591
    ));
#632 = CARTESIAN_POINT('',(1.539129938893,6.39092051795,1.064978653652)
  );
#633 = CARTESIAN_POINT('',(4.321386636059,5.716779021407,1.064979179919)
  );
#634 = CARTESIAN_POINT('',(6.248842707922,4.015122740096,1.064979142851)
  );
#635 = CARTESIAN_POINT('',(7.156489720503,1.823869012474,1.064979142851)
  );
#636 = CARTESIAN_POINT('',(7.193628840756,1.734207244665,1.064979142851)
  );
#637 = CARTESIAN_POINT('',(7.230815023314,1.644431858401,1.064979142851)
  );
#638 = CARTESIAN_POINT('',(7.268048268178,1.554542853679,1.064979142851)
  );
#639 = CARTESIAN_POINT('',(7.305328575347,1.464540230501,1.064979142851)
  );
#640 = CARTESIAN_POINT('',(7.342655944822,1.374423988867,1.064979142851)
  );
#641 = CARTESIAN_POINT('',(7.380030376603,1.284194128775,1.064979142851)
  );
#642 = CARTESIAN_POINT('',(7.41745187069,1.193850650228,1.064979142851)
  );
#643 = CARTESIAN_POINT('',(7.454920427082,1.103393553223,1.064979142851)
  );
#644 = CARTESIAN_POINT('',(7.492436045779,1.012822837762,1.064979142851)
  );
#645 = CARTESIAN_POINT('',(7.529998726783,0.922138503845,1.064979142851)
  );
#646 = CARTESIAN_POINT('',(7.567608470092,0.831340551471,1.064979142851)
  );
#647 = CARTESIAN_POINT('',(7.567608470092,-0.831340551471,1.182962690499
    ));
#648 = CARTESIAN_POINT('',(7.529998726783,-0.922138503845,1.182962690499
    ));
#649 = CARTESIAN_POINT('',(7.492436045779,-1.012822837762,1.182962690499
    ));
#650 = CARTESIAN_POINT('',(7.454920427082,-1.103393553223,1.182962690499
    ));
#651 = CARTESIAN_POINT('',(7.41745187069,-1.193850650228,1.182962690499)
  );
#652 = CARTESIAN_POINT('',(7.380030376603,-1.284194128775,1.182962690499
    ));
#653 = CARTESIAN_POINT('',(7.342655944822,-1.374423988866,1.182962690499
    ));
#654 = CARTESIAN_POINT('',(7.305328575347,-1.464540230501,1.182962690499
    ));
#655 = CARTESIAN_POINT('',(7.268048268178,-1.554542853679,1.182962690499
    ));
#656 = CARTESIAN_POINT('',(7.230815023314,-1.644431858401,1.182962690499
    ));
#657 = CARTESIAN_POINT('',(7.193628840756,-1.734207244665,1.182962690499
    ));
#658 = CARTESIAN_POINT('',(7.156489720503,-1.823869012474,1.182962690499
    ));
#659 = CARTESIAN_POINT('',(6.248842707922,-4.015122740097,1.182962690499
    ));
#660 = CARTESIAN_POINT('',(4.321386368821,-5.71677872611,1.182962693118)
  );
#661 = CARTESIAN_POINT('',(1.539129840826,-6.390923320819,1.182962655937
    ));
#662 = CARTESIAN_POINT('',(-1.44428930792,-5.513981416387,1.182962805076
    ));
#663 = CARTESIAN_POINT('',(-3.665594494273,-3.32548028429,1.182962475748
    ));
#664 = CARTESIAN_POINT('',(-4.778896063013,1.22675203329E-11,
    1.182962952039));
#665 = CARTESIAN_POINT('',(-3.665594494275,3.325480284268,1.182962475749
    ));
#666 = CARTESIAN_POINT('',(-1.444289307918,5.513981416403,1.182962805076
    ));
#667 = CARTESIAN_POINT('',(1.539129840826,6.39092332081,1.182962655937)
  );
#668 = CARTESIAN_POINT('',(4.32138636882,5.716778726113,1.182962693118)
  );
#669 = CARTESIAN_POINT('',(6.248842707922,4.015122740096,1.182962690499)
  );
#670 = CARTESIAN_POINT('',(7.156489720503,1.823869012474,1.182962690499)
  );
#671 = CARTESIAN_POINT('',(7.193628840756,1.734207244666,1.182962690499)
  );
#672 = CARTESIAN_POINT('',(7.230815023314,1.644431858401,1.182962690499)
  );
#673 = CARTESIAN_POINT('',(7.268048268178,1.554542853679,1.182962690499)
  );
#674 = CARTESIAN_POINT('',(7.305328575347,1.464540230501,1.182962690499)
  );
#675 = CARTESIAN_POINT('',(7.342655944822,1.374423988867,1.182962690499)
  );
#676 = CARTESIAN_POINT('',(7.380030376603,1.284194128775,1.182962690499)
  );
#677 = CARTESIAN_POINT('',(7.41745187069,1.193850650228,1.182962690499)
  );
#678 = CARTESIAN_POINT('',(7.454920427082,1.103393553223,1.182962690499)
  );
#679 = CARTESIAN_POINT('',(7.492436045779,1.012822837762,1.182962690499)
  );
#680 = CARTESIAN_POINT('',(7.529998726783,0.922138503845,1.182962690499)
  );
#681 = CARTESIAN_POINT('',(7.567608470092,0.831340551471,1.182962690499)
  );
#682 = CARTESIAN_POINT('',(7.493356177252,-0.800584244739,1.269338405373
    ));
#683 = CARTESIAN_POINT('',(7.455150215442,-0.892821595904,1.269338405373
    ));
#684 = CARTESIAN_POINT('',(7.417099719302,-0.984683619741,1.269338405373
    ));
#685 = CARTESIAN_POINT('',(7.379204688831,-1.076170316251,1.269338405373
    ));
#686 = CARTESIAN_POINT('',(7.34146512403,-1.167281685433,1.269338405373)
  );
#687 = CARTESIAN_POINT('',(7.303881024898,-1.258017727287,1.269338405373
    ));
#688 = CARTESIAN_POINT('',(7.266452391435,-1.348378441813,1.269338405373
    ));
#689 = CARTESIAN_POINT('',(7.229179223642,-1.438363829013,1.269338405373
    ));
#690 = CARTESIAN_POINT('',(7.192061521518,-1.527973888884,1.269338405373
    ));
#691 = CARTESIAN_POINT('',(7.155099285063,-1.617208621428,1.269338405373
    ));
#692 = CARTESIAN_POINT('',(7.118292514278,-1.706068026644,1.269338405373
    ));
#693 = CARTESIAN_POINT('',(7.081641209163,-1.794552104533,1.269338405373
    ));
#694 = CARTESIAN_POINT('',(6.188583733291,-3.950583574763,1.269338405373
    ));
#695 = CARTESIAN_POINT('',(4.292055982718,-5.625078304016,1.269338398757
    ));
#696 = CARTESIAN_POINT('',(1.554180226796,-6.28790347868,1.269338492685)
  );
#697 = CARTESIAN_POINT('',(-1.379931640379,-5.425347598474,
    1.269338115926));
#698 = CARTESIAN_POINT('',(-3.567377513268,-3.27236752885,1.269338947878
    ));
#699 = CARTESIAN_POINT('',(-4.661203210779,1.935340776527E-12,
    1.269337744664));
#700 = CARTESIAN_POINT('',(-3.567377513269,3.272367528846,1.269338947878
    ));
#701 = CARTESIAN_POINT('',(-1.379931640378,5.425347598477,1.269338115927
    ));
#702 = CARTESIAN_POINT('',(1.554180226795,6.287903478677,1.269338492684)
  );
#703 = CARTESIAN_POINT('',(4.292055982718,5.625078304017,1.269338398757)
  );
#704 = CARTESIAN_POINT('',(6.188583733291,3.950583574763,1.269338405373)
  );
#705 = CARTESIAN_POINT('',(7.081641209163,1.794552104533,1.269338405373)
  );
#706 = CARTESIAN_POINT('',(7.118292514278,1.706068026644,1.269338405373)
  );
#707 = CARTESIAN_POINT('',(7.155099285063,1.617208621428,1.269338405373)
  );
#708 = CARTESIAN_POINT('',(7.192061521518,1.527973888884,1.269338405373)
  );
#709 = CARTESIAN_POINT('',(7.229179223642,1.438363829013,1.269338405373)
  );
#710 = CARTESIAN_POINT('',(7.266452391435,1.348378441814,1.269338405373)
  );
#711 = CARTESIAN_POINT('',(7.303881024898,1.258017727287,1.269338405373)
  );
#712 = CARTESIAN_POINT('',(7.34146512403,1.167281685433,1.269338405373)
  );
#713 = CARTESIAN_POINT('',(7.379204688831,1.076170316251,1.269338405373)
  );
#714 = CARTESIAN_POINT('',(7.417099719302,0.984683619741,1.269338405373)
  );
#715 = CARTESIAN_POINT('',(7.455150215442,0.892821595904,1.269338405373)
  );
#716 = CARTESIAN_POINT('',(7.493356177252,0.800584244739,1.269338405373)
  );
#717 = ADVANCED_FACE('',(#718),#740,.T.);
#718 = FACE_BOUND('',#719,.T.);
#719 = EDGE_LOOP('',(#720,#721,#738,#739));
#720 = ORIENTED_EDGE('',*,*,#600,.T.);
#721 = ORIENTED_EDGE('',*,*,#722,.T.);
#722 = EDGE_CURVE('',#561,#548,#723,.T.);
#723 = B_SPLINE_CURVE_WITH_KNOTS('',5,(#724,#725,#726,#727,#728,#729,
    #730,#731,#732,#733,#734,#735,#736,#737),.UNSPECIFIED.,.F.,.F.,(6,4,
    4,6),(-0.238826937805,-2.684273090947E-07,3.926991085414,
    4.165817386253),.UNSPECIFIED.);
#724 = CARTESIAN_POINT('',(6.953750361054,2.103307924813,1.269338405373)
  );
#725 = CARTESIAN_POINT('',(6.972323185698,2.05846915961,1.269338405373)
  );
#726 = CARTESIAN_POINT('',(6.990749098968,2.01398506984,1.269338405373)
  );
#727 = CARTESIAN_POINT('',(7.009028100864,1.9698556555,1.269338405373));
#728 = CARTESIAN_POINT('',(7.027160191387,1.926080916593,1.269338405373)
  );
#729 = CARTESIAN_POINT('',(7.340872992573,1.168711216348,1.269338405373)
  );
#730 = CARTESIAN_POINT('',(7.496452374102,0.396701817373,1.269338405373)
  );
#731 = CARTESIAN_POINT('',(7.496453425325,-0.39669932202,1.269338405373)
  );
#732 = CARTESIAN_POINT('',(7.340873556352,-1.168709855265,1.269338405373
    ));
#733 = CARTESIAN_POINT('',(7.027160184853,-1.926080932367,1.269338405373
    ));
#734 = CARTESIAN_POINT('',(7.009028091064,-1.969855679162,1.269338405373
    ));
#735 = CARTESIAN_POINT('',(6.990749089167,-2.013985093501,1.269338405373
    ));
#736 = CARTESIAN_POINT('',(6.972323179164,-2.058469175384,1.269338405373
    ));
#737 = CARTESIAN_POINT('',(6.953750361054,-2.103307924813,1.269338405373
    ));
#738 = ORIENTED_EDGE('',*,*,#547,.F.);
#739 = ORIENTED_EDGE('',*,*,#519,.F.);
#740 = ( BOUNDED_SURFACE() B_SPLINE_SURFACE(2,5,(
    (#741,#742,#743,#744,#745,#746,#747,#748,#749,#750,#751,#752,#753
      ,#754)
    ,(#755,#756,#757,#758,#759,#760,#761,#762,#763,#764,#765,#766,#767
      ,#768)
    ,(#769,#770,#771,#772,#773,#774,#775,#776,#777,#778,#779,#780,#781
,#782
    )),.UNSPECIFIED.,.F.,.F.,.F.) B_SPLINE_SURFACE_WITH_KNOTS((3,3),(6,4
    ,4,6),(0.,3.926991353841),(-0.238826937805,-2.684273090947E-07,
    3.926991085414,4.165817386253),.UNSPECIFIED.) 
GEOMETRIC_REPRESENTATION_ITEM() RATIONAL_B_SPLINE_SURFACE((
    (1.,1.,1.,1.,1.,1.,1.,1.,1.,1.,1.,1.,1.,1.)
    ,(0.93061798229,0.93061798229,0.93061798229,0.93061798229
      ,0.93061798229,0.93061798229,0.93061798229,0.93061798229
      ,0.93061798229,0.93061798229,0.93061798229,0.93061798229
      ,0.93061798229,0.93061798229)
,(1.,1.,1.,1.,1.,1.,1.,1.,1.,1.,1.,1.,1.,1.
))) REPRESENTATION_ITEM('') SURFACE() );
#741 = CARTESIAN_POINT('',(7.02800265205,2.134064235451,1.064979142851)
  );
#742 = CARTESIAN_POINT('',(7.046281659523,2.089934807758,1.064979142851)
  );
#743 = CARTESIAN_POINT('',(7.064560664227,2.04580538675,1.064979142851)
  );
#744 = CARTESIAN_POINT('',(7.082839666162,2.001675972426,1.064979142851)
  );
#745 = CARTESIAN_POINT('',(7.101118665327,1.957546564788,1.064979142851)
  );
#746 = CARTESIAN_POINT('',(7.41995647701,1.187803996574,1.064979142851)
  );
#747 = CARTESIAN_POINT('',(7.578077492132,0.403182514539,1.064979142851)
  );
#748 = CARTESIAN_POINT('',(7.578078582592,-0.403179910909,1.064979142851
    ));
#749 = CARTESIAN_POINT('',(7.41995703187,-1.187802657023,1.064979142851)
  );
#750 = CARTESIAN_POINT('',(7.101118659789,-1.957546578158,1.064979142851
    ));
#751 = CARTESIAN_POINT('',(7.082839657855,-2.001675992481,1.064979142851
    ));
#752 = CARTESIAN_POINT('',(7.06456065592,-2.045805406805,1.064979142851)
  );
#753 = CARTESIAN_POINT('',(7.046281653985,-2.089934821128,1.064979142851
    ));
#754 = CARTESIAN_POINT('',(7.02800265205,-2.134064235451,1.064979142851)
  );
#755 = CARTESIAN_POINT('',(7.02800265205,2.134064235451,1.182962690499)
  );
#756 = CARTESIAN_POINT('',(7.046281659523,2.089934807758,1.182962690499)
  );
#757 = CARTESIAN_POINT('',(7.064560664227,2.04580538675,1.182962690499)
  );
#758 = CARTESIAN_POINT('',(7.082839666162,2.001675972426,1.182962690499)
  );
#759 = CARTESIAN_POINT('',(7.101118665327,1.957546564788,1.182962690499)
  );
#760 = CARTESIAN_POINT('',(7.41995647701,1.187803996574,1.182962690499)
  );
#761 = CARTESIAN_POINT('',(7.578077492132,0.403182514539,1.182962690499)
  );
#762 = CARTESIAN_POINT('',(7.578078582592,-0.403179910909,1.182962690499
    ));
#763 = CARTESIAN_POINT('',(7.41995703187,-1.187802657022,1.182962690499)
  );
#764 = CARTESIAN_POINT('',(7.101118659789,-1.957546578158,1.182962690499
    ));
#765 = CARTESIAN_POINT('',(7.082839657855,-2.001675992481,1.182962690499
    ));
#766 = CARTESIAN_POINT('',(7.06456065592,-2.045805406805,1.182962690499)
  );
#767 = CARTESIAN_POINT('',(7.046281653985,-2.089934821128,1.182962690499
    ));
#768 = CARTESIAN_POINT('',(7.02800265205,-2.134064235451,1.182962690499)
  );
#769 = CARTESIAN_POINT('',(6.953750361054,2.103307924813,1.269338405373)
  );
#770 = CARTESIAN_POINT('',(6.972323185698,2.05846915961,1.269338405373)
  );
#771 = CARTESIAN_POINT('',(6.990749098968,2.01398506984,1.269338405373)
  );
#772 = CARTESIAN_POINT('',(7.009028100864,1.9698556555,1.269338405373));
#773 = CARTESIAN_POINT('',(7.027160191387,1.926080916593,1.269338405373)
  );
#774 = CARTESIAN_POINT('',(7.340872992573,1.168711216348,1.269338405373)
  );
#775 = CARTESIAN_POINT('',(7.496452374102,0.396701817373,1.269338405373)
  );
#776 = CARTESIAN_POINT('',(7.496453425325,-0.39669932202,1.269338405373)
  );
#777 = CARTESIAN_POINT('',(7.340873556352,-1.168709855265,1.269338405373
    ));
#778 = CARTESIAN_POINT('',(7.027160184853,-1.926080932367,1.269338405373
    ));
#779 = CARTESIAN_POINT('',(7.009028091064,-1.969855679162,1.269338405373
    ));
#780 = CARTESIAN_POINT('',(6.990749089167,-2.013985093501,1.269338405373
    ));
#781 = CARTESIAN_POINT('',(6.972323179164,-2.058469175384,1.269338405373
    ));
#782 = CARTESIAN_POINT('',(6.953750361054,-2.103307924813,1.269338405373
    ));
#783 = ADVANCED_FACE('',(#784),#843,.F.);
#784 = FACE_BOUND('',#785,.F.);
#785 = EDGE_LOOP('',(#786,#795,#796,#805));
#786 = ORIENTED_EDGE('',*,*,#787,.F.);
#787 = EDGE_CURVE('',#548,#788,#790,.T.);
#788 = VERTEX_POINT('',#789);
#789 = CARTESIAN_POINT('',(7.045145369717,-1.882660855094,1.930661594627
    ));
#790 = CIRCLE('',#791,0.485412195974);
#791 = AXIS2_PLACEMENT_3D('',#792,#793,#794);
#792 = CARTESIAN_POINT('',(7.373464533997,-2.018655105726,1.6));
#793 = DIRECTION('',(0.382683432365,0.923879532511,2.775557561563E-17));
#794 = DIRECTION('',(-0.523404384043,0.216801194476,-0.824041924199));
#795 = ORIENTED_EDGE('',*,*,#560,.T.);
#796 = ORIENTED_EDGE('',*,*,#797,.T.);
#797 = EDGE_CURVE('',#561,#798,#800,.T.);
#798 = VERTEX_POINT('',#799);
#799 = CARTESIAN_POINT('',(7.045145369717,1.882660855094,1.930661594627)
  );
#800 = CIRCLE('',#801,0.485412195974);
#801 = AXIS2_PLACEMENT_3D('',#802,#803,#804);
#802 = CARTESIAN_POINT('',(7.373464533997,2.018655105726,1.6));
#803 = DIRECTION('',(-0.382683432365,0.923879532511,-2.775557561563E-17)
  );
#804 = DIRECTION('',(-0.523404384043,-0.216801194476,-0.824041924199));
#805 = ORIENTED_EDGE('',*,*,#806,.F.);
#806 = EDGE_CURVE('',#788,#798,#807,.T.);
#807 = B_SPLINE_CURVE_WITH_KNOTS('',12,(#808,#809,#810,#811,#812,#813,
    #814,#815,#816,#817,#818,#819,#820,#821,#822,#823,#824,#825,#826,
    #827,#828,#829,#830,#831,#832,#833,#834,#835,#836,#837,#838,#839,
    #840,#841,#842),.UNSPECIFIED.,.F.,.F.,(13,11,11,13),(-1.171231283167
    ,-3.876993946042E-16,27.488935718911,28.660167002077),
  .UNSPECIFIED.);
#808 = CARTESIAN_POINT('',(7.493356177252,-0.800584244739,1.930661594627
    ));
#809 = CARTESIAN_POINT('',(7.455150215442,-0.892821595904,1.930661594627
    ));
#810 = CARTESIAN_POINT('',(7.417099719302,-0.984683619741,1.930661594627
    ));
#811 = CARTESIAN_POINT('',(7.379204688831,-1.076170316251,1.930661594627
    ));
#812 = CARTESIAN_POINT('',(7.34146512403,-1.167281685433,1.930661594627)
  );
#813 = CARTESIAN_POINT('',(7.303881024898,-1.258017727287,1.930661594627
    ));
#814 = CARTESIAN_POINT('',(7.266452391435,-1.348378441813,1.930661594627
    ));
#815 = CARTESIAN_POINT('',(7.229179223642,-1.438363829013,1.930661594627
    ));
#816 = CARTESIAN_POINT('',(7.192061521518,-1.527973888884,1.930661594627
    ));
#817 = CARTESIAN_POINT('',(7.155099285063,-1.617208621428,1.930661594627
    ));
#818 = CARTESIAN_POINT('',(7.118292514278,-1.706068026644,1.930661594627
    ));
#819 = CARTESIAN_POINT('',(7.081641209163,-1.794552104533,1.930661594627
    ));
#820 = CARTESIAN_POINT('',(6.188583733291,-3.950583574763,1.930661594627
    ));
#821 = CARTESIAN_POINT('',(4.292055982718,-5.625078304015,1.930661601243
    ));
#822 = CARTESIAN_POINT('',(1.554180226796,-6.287903478681,1.930661507315
    ));
#823 = CARTESIAN_POINT('',(-1.379931640378,-5.425347598472,
    1.930661884075));
#824 = CARTESIAN_POINT('',(-3.567377513269,-3.272367528853,
    1.930661052118));
#825 = CARTESIAN_POINT('',(-4.661203210778,5.173639294753E-12,
    1.93066225534));
#826 = CARTESIAN_POINT('',(-3.56737751327,3.272367528844,1.930661052117)
  );
#827 = CARTESIAN_POINT('',(-1.379931640377,5.425347598479,1.930661884076
    ));
#828 = CARTESIAN_POINT('',(1.554180226795,6.287903478676,1.930661507314)
  );
#829 = CARTESIAN_POINT('',(4.292055982718,5.625078304018,1.930661601243)
  );
#830 = CARTESIAN_POINT('',(6.188583733291,3.950583574763,1.930661594627)
  );
#831 = CARTESIAN_POINT('',(7.081641209163,1.794552104533,1.930661594627)
  );
#832 = CARTESIAN_POINT('',(7.118292514278,1.706068026644,1.930661594627)
  );
#833 = CARTESIAN_POINT('',(7.155099285063,1.617208621428,1.930661594627)
  );
#834 = CARTESIAN_POINT('',(7.192061521518,1.527973888884,1.930661594627)
  );
#835 = CARTESIAN_POINT('',(7.229179223642,1.438363829013,1.930661594627)
  );
#836 = CARTESIAN_POINT('',(7.266452391435,1.348378441814,1.930661594627)
  );
#837 = CARTESIAN_POINT('',(7.303881024898,1.258017727287,1.930661594627)
  );
#838 = CARTESIAN_POINT('',(7.34146512403,1.167281685433,1.930661594627)
  );
#839 = CARTESIAN_POINT('',(7.379204688831,1.076170316251,1.930661594627)
  );
#840 = CARTESIAN_POINT('',(7.417099719302,0.984683619741,1.930661594627)
  );
#841 = CARTESIAN_POINT('',(7.455150215442,0.892821595904,1.930661594627)
  );
#842 = CARTESIAN_POINT('',(7.493356177252,0.800584244739,1.930661594627)
  );
#843 = SURFACE_OF_REVOLUTION('',#844,#849);
#844 = CIRCLE('',#845,0.485412195974);
#845 = AXIS2_PLACEMENT_3D('',#846,#847,#848);
#846 = CARTESIAN_POINT('',(7.373464533997,-2.018655105726,1.6));
#847 = DIRECTION('',(0.382683432365,0.923879532511,0.));
#848 = DIRECTION('',(-0.523404384043,0.216801194476,-0.824041924199));
#849 = AXIS1_PLACEMENT('',#850,#851);
#850 = CARTESIAN_POINT('',(2.5,0.,0.));
#851 = DIRECTION('',(0.,0.,-1.));
#852 = ADVANCED_FACE('',(#853),#875,.F.);
#853 = FACE_BOUND('',#854,.F.);
#854 = EDGE_LOOP('',(#855,#856,#857,#858));
#855 = ORIENTED_EDGE('',*,*,#797,.F.);
#856 = ORIENTED_EDGE('',*,*,#722,.T.);
#857 = ORIENTED_EDGE('',*,*,#787,.T.);
#858 = ORIENTED_EDGE('',*,*,#859,.F.);
#859 = EDGE_CURVE('',#798,#788,#860,.T.);
#860 = B_SPLINE_CURVE_WITH_KNOTS('',5,(#861,#862,#863,#864,#865,#866,
    #867,#868,#869,#870,#871,#872,#873,#874),.UNSPECIFIED.,.F.,.F.,(6,4,
    4,6),(-0.238826937805,-2.684273090679E-07,3.926991085414,
    4.165817386253),.UNSPECIFIED.);
#861 = CARTESIAN_POINT('',(6.953750361054,2.103307924813,1.930661594627)
  );
#862 = CARTESIAN_POINT('',(6.972323185698,2.05846915961,1.930661594627)
  );
#863 = CARTESIAN_POINT('',(6.990749098968,2.01398506984,1.930661594627)
  );
#864 = CARTESIAN_POINT('',(7.009028100864,1.9698556555,1.930661594627));
#865 = CARTESIAN_POINT('',(7.027160191387,1.926080916593,1.930661594627)
  );
#866 = CARTESIAN_POINT('',(7.340872992573,1.168711216348,1.930661594627)
  );
#867 = CARTESIAN_POINT('',(7.496452374102,0.396701817373,1.930661594627)
  );
#868 = CARTESIAN_POINT('',(7.496453425325,-0.396699322019,1.930661594627
    ));
#869 = CARTESIAN_POINT('',(7.340873556352,-1.168709855265,1.930661594627
    ));
#870 = CARTESIAN_POINT('',(7.027160184853,-1.926080932367,1.930661594627
    ));
#871 = CARTESIAN_POINT('',(7.009028091064,-1.969855679162,1.930661594627
    ));
#872 = CARTESIAN_POINT('',(6.990749089167,-2.013985093501,1.930661594627
    ));
#873 = CARTESIAN_POINT('',(6.972323179164,-2.058469175384,1.930661594627
    ));
#874 = CARTESIAN_POINT('',(6.953750361054,-2.103307924813,1.930661594627
    ));
#875 = SURFACE_OF_REVOLUTION('',#876,#881);
#876 = CIRCLE('',#877,0.485412195974);
#877 = AXIS2_PLACEMENT_3D('',#878,#879,#880);
#878 = CARTESIAN_POINT('',(7.373464533997,2.018655105726,1.6));
#879 = DIRECTION('',(-0.382683432365,0.923879532511,0.));
#880 = DIRECTION('',(-0.523404384043,-0.216801194476,-0.824041924199));
#881 = AXIS1_PLACEMENT('',#882,#883);
#882 = CARTESIAN_POINT('',(2.5,0.,0.));
#883 = DIRECTION('',(0.,0.,-1.));
#884 = ADVANCED_FACE('',(#885),#952,.T.);
#885 = FACE_BOUND('',#886,.T.);
#886 = EDGE_LOOP('',(#887,#900,#940,#951));
#887 = ORIENTED_EDGE('',*,*,#888,.T.);
#888 = EDGE_CURVE('',#788,#889,#891,.T.);
#889 = VERTEX_POINT('',#890);
#890 = CARTESIAN_POINT('',(7.119397662556,-1.913417161825,2.135020857149
    ));
#891 = B_SPLINE_CURVE_WITH_KNOTS('',7,(#892,#893,#894,#895,#896,#897,
    #898,#899),.UNSPECIFIED.,.F.,.F.,(8,8),(0.,1.),
  .PIECEWISE_BEZIER_KNOTS.);
#892 = CARTESIAN_POINT('',(7.045145369717,-1.882660855094,1.930661594627
    ));
#893 = CARTESIAN_POINT('',(7.06489214839,-1.890840238634,1.953632496511)
  );
#894 = CARTESIAN_POINT('',(7.082502031892,-1.898134491212,1.979738621942
    ));
#895 = CARTESIAN_POINT('',(7.097254566883,-1.904245191285,2.008601591381
    ));
#896 = CARTESIAN_POINT('',(7.108495682308,-1.90890141375,2.039539707501)
  );
#897 = CARTESIAN_POINT('',(7.115860106587,-1.911951858165,2.071547659525
    ));
#898 = CARTESIAN_POINT('',(7.119397662479,-1.913417161793,2.103644115501
    ));
#899 = CARTESIAN_POINT('',(7.119397662556,-1.913417161825,2.135020857149
    ));
#900 = ORIENTED_EDGE('',*,*,#901,.T.);
#901 = EDGE_CURVE('',#889,#902,#904,.T.);
#902 = VERTEX_POINT('',#903);
#903 = CARTESIAN_POINT('',(7.119397662556,1.913417161825,2.135020857149)
  );
#904 = B_SPLINE_CURVE_WITH_KNOTS('',12,(#905,#906,#907,#908,#909,#910,
    #911,#912,#913,#914,#915,#916,#917,#918,#919,#920,#921,#922,#923,
    #924,#925,#926,#927,#928,#929,#930,#931,#932,#933,#934,#935,#936,
    #937,#938,#939),.UNSPECIFIED.,.F.,.F.,(13,11,11,13),(-1.171231283167
    ,-3.876993946042E-16,27.488935718911,28.660167002077),
  .UNSPECIFIED.);
#905 = CARTESIAN_POINT('',(7.567608470092,-0.831340551471,2.135020857149
    ));
#906 = CARTESIAN_POINT('',(7.529998726783,-0.922138503845,2.135020857149
    ));
#907 = CARTESIAN_POINT('',(7.492436045779,-1.012822837762,2.135020857149
    ));
#908 = CARTESIAN_POINT('',(7.454920427082,-1.103393553223,2.135020857149
    ));
#909 = CARTESIAN_POINT('',(7.41745187069,-1.193850650228,2.135020857149)
  );
#910 = CARTESIAN_POINT('',(7.380030376603,-1.284194128775,2.135020857149
    ));
#911 = CARTESIAN_POINT('',(7.342655944822,-1.374423988867,2.135020857149
    ));
#912 = CARTESIAN_POINT('',(7.305328575347,-1.464540230501,2.135020857149
    ));
#913 = CARTESIAN_POINT('',(7.268048268178,-1.554542853679,2.135020857149
    ));
#914 = CARTESIAN_POINT('',(7.230815023314,-1.644431858401,2.135020857149
    ));
#915 = CARTESIAN_POINT('',(7.193628840756,-1.734207244665,2.135020857149
    ));
#916 = CARTESIAN_POINT('',(7.156489720503,-1.823869012474,2.135020857149
    ));
#917 = CARTESIAN_POINT('',(6.248842707922,-4.015122740097,2.135020857149
    ));
#918 = CARTESIAN_POINT('',(4.32138663606,-5.716779021404,2.135020820081)
  );
#919 = CARTESIAN_POINT('',(1.539129938893,-6.390920517957,2.135021346347
    ));
#920 = CARTESIAN_POINT('',(-1.444295453128,-5.513989403063,
    2.135019235411));
#921 = CARTESIAN_POINT('',(-3.665575663562,-3.325471120225,
    2.135023896749));
#922 = CARTESIAN_POINT('',(-4.778923381472,7.727152251391E-12,
    2.13501715527));
#923 = CARTESIAN_POINT('',(-3.665575663562,3.325471120211,2.135023896748
    ));
#924 = CARTESIAN_POINT('',(-1.444295453127,5.513989403073,2.135019235413
    ));
#925 = CARTESIAN_POINT('',(1.539129938893,6.390920517951,2.135021346346)
  );
#926 = CARTESIAN_POINT('',(4.321386636059,5.716779021407,2.135020820082)
  );
#927 = CARTESIAN_POINT('',(6.248842707922,4.015122740096,2.135020857149)
  );
#928 = CARTESIAN_POINT('',(7.156489720503,1.823869012474,2.135020857149)
  );
#929 = CARTESIAN_POINT('',(7.193628840756,1.734207244665,2.135020857149)
  );
#930 = CARTESIAN_POINT('',(7.230815023314,1.644431858401,2.135020857149)
  );
#931 = CARTESIAN_POINT('',(7.268048268178,1.554542853679,2.135020857149)
  );
#932 = CARTESIAN_POINT('',(7.305328575347,1.464540230501,2.135020857149)
  );
#933 = CARTESIAN_POINT('',(7.342655944822,1.374423988867,2.135020857149)
  );
#934 = CARTESIAN_POINT('',(7.380030376603,1.284194128775,2.135020857149)
  );
#935 = CARTESIAN_POINT('',(7.41745187069,1.193850650228,2.135020857149)
  );
#936 = CARTESIAN_POINT('',(7.454920427082,1.103393553223,2.135020857149)
  );
#937 = CARTESIAN_POINT('',(7.492436045779,1.012822837762,2.135020857149)
  );
#938 = CARTESIAN_POINT('',(7.529998726783,0.922138503845,2.135020857149)
  );
#939 = CARTESIAN_POINT('',(7.567608470092,0.831340551471,2.135020857149)
  );
#940 = ORIENTED_EDGE('',*,*,#941,.F.);
#941 = EDGE_CURVE('',#798,#902,#942,.T.);
#942 = B_SPLINE_CURVE_WITH_KNOTS('',7,(#943,#944,#945,#946,#947,#948,
    #949,#950),.UNSPECIFIED.,.F.,.F.,(8,8),(0.,1.),
  .PIECEWISE_BEZIER_KNOTS.);
#943 = CARTESIAN_POINT('',(7.045145369717,1.882660855094,1.930661594627)
  );
#944 = CARTESIAN_POINT('',(7.06489214839,1.890840238634,1.953632496511)
  );
#945 = CARTESIAN_POINT('',(7.082502031892,1.898134491212,1.979738621942)
  );
#946 = CARTESIAN_POINT('',(7.097254566883,1.904245191285,2.008601591381)
  );
#947 = CARTESIAN_POINT('',(7.108495682308,1.90890141375,2.039539707501)
  );
#948 = CARTESIAN_POINT('',(7.115860106587,1.911951858165,2.071547659525)
  );
#949 = CARTESIAN_POINT('',(7.119397662479,1.913417161793,2.103644115501)
  );
#950 = CARTESIAN_POINT('',(7.119397662556,1.913417161825,2.135020857149)
  );
#951 = ORIENTED_EDGE('',*,*,#806,.F.);
#952 = ( BOUNDED_SURFACE() B_SPLINE_SURFACE(2,12,(
    (#953,#954,#955,#956,#957,#958,#959,#960,#961,#962,#963,#964,#965
      ,#966,#967,#968,#969,#970,#971,#972,#973,#974,#975,#976,#977,#978
      ,#979,#980,#981,#982,#983,#984,#985,#986,#987)
    ,(#988,#989,#990,#991,#992,#993,#994,#995,#996,#997,#998,#999,#1000
      ,#1001,#1002,#1003,#1004,#1005,#1006,#1007,#1008,#1009,#1010,#1011
      ,#1012,#1013,#1014,#1015,#1016,#1017,#1018,#1019,#1020,#1021,#1022
      )
    ,(#1023,#1024,#1025,#1026,#1027,#1028,#1029,#1030,#1031,#1032,#1033
      ,#1034,#1035,#1036,#1037,#1038,#1039,#1040,#1041,#1042,#1043,#1044
      ,#1045,#1046,#1047,#1048,#1049,#1050,#1051,#1052,#1053,#1054,#1055
      ,#1056,#1057
)),.UNSPECIFIED.,.F.,.F.,.F.) B_SPLINE_SURFACE_WITH_KNOTS((3,3),(13,11,
    11,13),(0.,27.488935718911),(-1.171231283167,-3.876993946042E-16,
    27.488935718911,28.660167002077),.UNSPECIFIED.) 
GEOMETRIC_REPRESENTATION_ITEM() RATIONAL_B_SPLINE_SURFACE((
    (1.,1.,1.,1.,1.,1.,1.,1.,1.,1.,1.,1.,1.,1.,1.,1.,1.,1.,1.,1.,1.,1.
      ,1.,1.,1.,1.,1.,1.,1.,1.,1.,1.,1.,1.,1.)
    ,(0.93061798229,0.93061798229,0.93061798229,0.93061798229
      ,0.93061798229,0.93061798229,0.93061798229,0.93061798229
      ,0.93061798229,0.93061798229,0.93061798229,0.93061798229
      ,0.93061798229,0.930618018687,0.93061750194,0.930619574694
      ,0.930614997668,0.930621617212,0.930614997668,0.930619574694
      ,0.930617501939,0.930618018687,0.93061798229,0.93061798229
      ,0.93061798229,0.93061798229,0.93061798229,0.93061798229
      ,0.93061798229,0.93061798229,0.93061798229,0.93061798229
      ,0.93061798229,0.93061798229,0.93061798229)
    ,(1.,1.,1.,1.,1.,1.,1.,1.,1.,1.,1.,1.,1.,1.,1.,1.,1.,1.,1.,1.,1.,1.
,1.,1.,1.,1.,1.,1.,1.,1.,1.,1.,1.,1.,1.
))) REPRESENTATION_ITEM('') SURFACE() );
#953 = CARTESIAN_POINT('',(7.493356177252,-0.800584244739,1.930661594627
    ));
#954 = CARTESIAN_POINT('',(7.455150215442,-0.892821595904,1.930661594627
    ));
#955 = CARTESIAN_POINT('',(7.417099719302,-0.984683619741,1.930661594627
    ));
#956 = CARTESIAN_POINT('',(7.379204688831,-1.076170316251,1.930661594627
    ));
#957 = CARTESIAN_POINT('',(7.34146512403,-1.167281685433,1.930661594627)
  );
#958 = CARTESIAN_POINT('',(7.303881024898,-1.258017727287,1.930661594627
    ));
#959 = CARTESIAN_POINT('',(7.266452391435,-1.348378441813,1.930661594627
    ));
#960 = CARTESIAN_POINT('',(7.229179223642,-1.438363829013,1.930661594627
    ));
#961 = CARTESIAN_POINT('',(7.192061521518,-1.527973888884,1.930661594627
    ));
#962 = CARTESIAN_POINT('',(7.155099285063,-1.617208621428,1.930661594627
    ));
#963 = CARTESIAN_POINT('',(7.118292514278,-1.706068026644,1.930661594627
    ));
#964 = CARTESIAN_POINT('',(7.081641209163,-1.794552104533,1.930661594627
    ));
#965 = CARTESIAN_POINT('',(6.188583733291,-3.950583574763,1.930661594627
    ));
#966 = CARTESIAN_POINT('',(4.292055982718,-5.625078304015,1.930661601243
    ));
#967 = CARTESIAN_POINT('',(1.554180226796,-6.287903478681,1.930661507315
    ));
#968 = CARTESIAN_POINT('',(-1.379931640378,-5.425347598472,
    1.930661884075));
#969 = CARTESIAN_POINT('',(-3.567377513269,-3.272367528853,
    1.930661052118));
#970 = CARTESIAN_POINT('',(-4.661203210778,5.173639294753E-12,
    1.93066225534));
#971 = CARTESIAN_POINT('',(-3.56737751327,3.272367528844,1.930661052117)
  );
#972 = CARTESIAN_POINT('',(-1.379931640377,5.425347598479,1.930661884076
    ));
#973 = CARTESIAN_POINT('',(1.554180226795,6.287903478676,1.930661507314)
  );
#974 = CARTESIAN_POINT('',(4.292055982718,5.625078304018,1.930661601243)
  );
#975 = CARTESIAN_POINT('',(6.188583733291,3.950583574763,1.930661594627)
  );
#976 = CARTESIAN_POINT('',(7.081641209163,1.794552104533,1.930661594627)
  );
#977 = CARTESIAN_POINT('',(7.118292514278,1.706068026644,1.930661594627)
  );
#978 = CARTESIAN_POINT('',(7.155099285063,1.617208621428,1.930661594627)
  );
#979 = CARTESIAN_POINT('',(7.192061521518,1.527973888884,1.930661594627)
  );
#980 = CARTESIAN_POINT('',(7.229179223642,1.438363829013,1.930661594627)
  );
#981 = CARTESIAN_POINT('',(7.266452391435,1.348378441814,1.930661594627)
  );
#982 = CARTESIAN_POINT('',(7.303881024898,1.258017727287,1.930661594627)
  );
#983 = CARTESIAN_POINT('',(7.34146512403,1.167281685433,1.930661594627)
  );
#984 = CARTESIAN_POINT('',(7.379204688831,1.076170316251,1.930661594627)
  );
#985 = CARTESIAN_POINT('',(7.417099719302,0.984683619741,1.930661594627)
  );
#986 = CARTESIAN_POINT('',(7.455150215442,0.892821595904,1.930661594627)
  );
#987 = CARTESIAN_POINT('',(7.493356177252,0.800584244739,1.930661594627)
  );
#988 = CARTESIAN_POINT('',(7.567608470092,-0.831340551471,2.017037309501
    ));
#989 = CARTESIAN_POINT('',(7.529998726783,-0.922138503845,2.017037309501
    ));
#990 = CARTESIAN_POINT('',(7.492436045779,-1.012822837762,2.017037309501
    ));
#991 = CARTESIAN_POINT('',(7.454920427082,-1.103393553223,2.017037309501
    ));
#992 = CARTESIAN_POINT('',(7.41745187069,-1.193850650228,2.017037309501)
  );
#993 = CARTESIAN_POINT('',(7.380030376603,-1.284194128775,2.017037309501
    ));
#994 = CARTESIAN_POINT('',(7.342655944822,-1.374423988866,2.017037309501
    ));
#995 = CARTESIAN_POINT('',(7.305328575347,-1.464540230501,2.017037309501
    ));
#996 = CARTESIAN_POINT('',(7.268048268178,-1.554542853679,2.017037309501
    ));
#997 = CARTESIAN_POINT('',(7.230815023314,-1.644431858401,2.017037309501
    ));
#998 = CARTESIAN_POINT('',(7.193628840756,-1.734207244665,2.017037309501
    ));
#999 = CARTESIAN_POINT('',(7.156489720503,-1.823869012474,2.017037309501
    ));
#1000 = CARTESIAN_POINT('',(6.248842707922,-4.015122740097,
    2.017037309501));
#1001 = CARTESIAN_POINT('',(4.32138636882,-5.71677872611,2.017037306882)
  );
#1002 = CARTESIAN_POINT('',(1.539129840829,-6.390923320818,
    2.017037344063));
#1003 = CARTESIAN_POINT('',(-1.444289307924,-5.513981416389,
    2.017037194924));
#1004 = CARTESIAN_POINT('',(-3.665594494268,-3.325480284288,
    2.017037524252));
#1005 = CARTESIAN_POINT('',(-4.778896063018,9.378275933614E-12,
    2.017037047961));
#1006 = CARTESIAN_POINT('',(-3.66559449427,3.325480284271,2.017037524251
    ));
#1007 = CARTESIAN_POINT('',(-1.444289307922,5.5139814164,2.017037194924)
  );
#1008 = CARTESIAN_POINT('',(1.539129840828,6.390923320812,2.017037344063
    ));
#1009 = CARTESIAN_POINT('',(4.321386368819,5.716778726113,2.017037306882
    ));
#1010 = CARTESIAN_POINT('',(6.248842707922,4.015122740096,2.017037309501
    ));
#1011 = CARTESIAN_POINT('',(7.156489720503,1.823869012474,2.017037309501
    ));
#1012 = CARTESIAN_POINT('',(7.193628840756,1.734207244665,2.017037309501
    ));
#1013 = CARTESIAN_POINT('',(7.230815023314,1.644431858401,2.017037309501
    ));
#1014 = CARTESIAN_POINT('',(7.268048268178,1.554542853679,2.017037309501
    ));
#1015 = CARTESIAN_POINT('',(7.305328575347,1.464540230501,2.017037309501
    ));
#1016 = CARTESIAN_POINT('',(7.342655944822,1.374423988867,2.017037309501
    ));
#1017 = CARTESIAN_POINT('',(7.380030376603,1.284194128775,2.017037309501
    ));
#1018 = CARTESIAN_POINT('',(7.417451870689,1.193850650228,2.017037309501
    ));
#1019 = CARTESIAN_POINT('',(7.454920427082,1.103393553223,2.017037309501
    ));
#1020 = CARTESIAN_POINT('',(7.492436045779,1.012822837762,2.017037309501
    ));
#1021 = CARTESIAN_POINT('',(7.529998726783,0.922138503845,2.017037309501
    ));
#1022 = CARTESIAN_POINT('',(7.567608470092,0.831340551471,2.017037309501
    ));
#1023 = CARTESIAN_POINT('',(7.567608470092,-0.831340551471,
    2.135020857149));
#1024 = CARTESIAN_POINT('',(7.529998726783,-0.922138503845,
    2.135020857149));
#1025 = CARTESIAN_POINT('',(7.492436045779,-1.012822837762,
    2.135020857149));
#1026 = CARTESIAN_POINT('',(7.454920427082,-1.103393553223,
    2.135020857149));
#1027 = CARTESIAN_POINT('',(7.41745187069,-1.193850650228,2.135020857149
    ));
#1028 = CARTESIAN_POINT('',(7.380030376603,-1.284194128775,
    2.135020857149));
#1029 = CARTESIAN_POINT('',(7.342655944822,-1.374423988867,
    2.135020857149));
#1030 = CARTESIAN_POINT('',(7.305328575347,-1.464540230501,
    2.135020857149));
#1031 = CARTESIAN_POINT('',(7.268048268178,-1.554542853679,
    2.135020857149));
#1032 = CARTESIAN_POINT('',(7.230815023314,-1.644431858401,
    2.135020857149));
#1033 = CARTESIAN_POINT('',(7.193628840756,-1.734207244665,
    2.135020857149));
#1034 = CARTESIAN_POINT('',(7.156489720503,-1.823869012474,
    2.135020857149));
#1035 = CARTESIAN_POINT('',(6.248842707922,-4.015122740097,
    2.135020857149));
#1036 = CARTESIAN_POINT('',(4.32138663606,-5.716779021404,2.135020820081
    ));
#1037 = CARTESIAN_POINT('',(1.539129938893,-6.390920517957,
    2.135021346347));
#1038 = CARTESIAN_POINT('',(-1.444295453128,-5.513989403063,
    2.135019235411));
#1039 = CARTESIAN_POINT('',(-3.665575663562,-3.325471120225,
    2.135023896749));
#1040 = CARTESIAN_POINT('',(-4.778923381472,7.727152251391E-12,
    2.13501715527));
#1041 = CARTESIAN_POINT('',(-3.665575663562,3.325471120211,
    2.135023896748));
#1042 = CARTESIAN_POINT('',(-1.444295453127,5.513989403073,
    2.135019235413));
#1043 = CARTESIAN_POINT('',(1.539129938893,6.390920517951,2.135021346346
    ));
#1044 = CARTESIAN_POINT('',(4.321386636059,5.716779021407,2.135020820082
    ));
#1045 = CARTESIAN_POINT('',(6.248842707922,4.015122740096,2.135020857149
    ));
#1046 = CARTESIAN_POINT('',(7.156489720503,1.823869012474,2.135020857149
    ));
#1047 = CARTESIAN_POINT('',(7.193628840756,1.734207244665,2.135020857149
    ));
#1048 = CARTESIAN_POINT('',(7.230815023314,1.644431858401,2.135020857149
    ));
#1049 = CARTESIAN_POINT('',(7.268048268178,1.554542853679,2.135020857149
    ));
#1050 = CARTESIAN_POINT('',(7.305328575347,1.464540230501,2.135020857149
    ));
#1051 = CARTESIAN_POINT('',(7.342655944822,1.374423988867,2.135020857149
    ));
#1052 = CARTESIAN_POINT('',(7.380030376603,1.284194128775,2.135020857149
    ));
#1053 = CARTESIAN_POINT('',(7.41745187069,1.193850650228,2.135020857149)
  );
#1054 = CARTESIAN_POINT('',(7.454920427082,1.103393553223,2.135020857149
    ));
#1055 = CARTESIAN_POINT('',(7.492436045779,1.012822837762,2.135020857149
    ));
#1056 = CARTESIAN_POINT('',(7.529998726783,0.922138503845,2.135020857149
    ));
#1057 = CARTESIAN_POINT('',(7.567608470092,0.831340551471,2.135020857149
    ));
#1058 = ADVANCED_FACE('',(#1059),#1179,.T.);
#1059 = FACE_BOUND('',#1060,.T.);
#1060 = EDGE_LOOP('',(#1061,#1062,#1063,#1082,#1117,#1124,#1161,#1178));
#1061 = ORIENTED_EDGE('',*,*,#859,.F.);
#1062 = ORIENTED_EDGE('',*,*,#941,.T.);
#1063 = ORIENTED_EDGE('',*,*,#1064,.T.);
#1064 = EDGE_CURVE('',#902,#1065,#1067,.T.);
#1065 = VERTEX_POINT('',#1066);
#1066 = CARTESIAN_POINT('',(7.495050178989,0.222381469403,2.135020857149
    ));
#1067 = B_SPLINE_CURVE_WITH_KNOTS('',5,(#1068,#1069,#1070,#1071,#1072,
    #1073,#1074,#1075,#1076,#1077,#1078,#1079,#1080,#1081),
  .UNSPECIFIED.,.F.,.F.,(6,4,4,6),(-0.238826937805,-2.684273090679E-07,
    3.926991085414,4.165817386253),.UNSPECIFIED.);
#1068 = CARTESIAN_POINT('',(7.02800265205,2.134064235451,2.135020857149)
  );
#1069 = CARTESIAN_POINT('',(7.046281659523,2.089934807758,2.135020857149
    ));
#1070 = CARTESIAN_POINT('',(7.064560664227,2.04580538675,2.135020857149)
  );
#1071 = CARTESIAN_POINT('',(7.082839666162,2.001675972426,2.135020857149
    ));
#1072 = CARTESIAN_POINT('',(7.101118665327,1.957546564788,2.135020857149
    ));
#1073 = CARTESIAN_POINT('',(7.41995647701,1.187803996574,2.135020857149)
  );
#1074 = CARTESIAN_POINT('',(7.578077492132,0.403182514539,2.135020857149
    ));
#1075 = CARTESIAN_POINT('',(7.578078582592,-0.403179910909,
    2.135020857149));
#1076 = CARTESIAN_POINT('',(7.41995703187,-1.187802657022,2.135020857149
    ));
#1077 = CARTESIAN_POINT('',(7.101118659789,-1.957546578158,
    2.135020857149));
#1078 = CARTESIAN_POINT('',(7.082839657855,-2.001675992481,
    2.135020857149));
#1079 = CARTESIAN_POINT('',(7.06456065592,-2.045805406805,2.135020857149
    ));
#1080 = CARTESIAN_POINT('',(7.046281653985,-2.089934821128,
    2.135020857149));
#1081 = CARTESIAN_POINT('',(7.02800265205,-2.134064235451,2.135020857149
    ));
#1082 = ORIENTED_EDGE('',*,*,#1083,.T.);
#1083 = EDGE_CURVE('',#1065,#1084,#1086,.T.);
#1084 = VERTEX_POINT('',#1085);
#1085 = CARTESIAN_POINT('',(7.467895582059,9.999999999994E-04,2.));
#1086 = B_SPLINE_CURVE_WITH_KNOTS('',8,(#1087,#1088,#1089,#1090,#1091,
    #1092,#1093,#1094,#1095,#1096,#1097,#1098,#1099,#1100,#1101,#1102,
    #1103,#1104,#1105,#1106,#1107,#1108,#1109,#1110,#1111,#1112,#1113,
    #1114,#1115,#1116),.UNSPECIFIED.,.F.,.F.,(9,7,7,7,9),(0.,
    0.529131575039,0.753368185122,0.88148168042,1.),.UNSPECIFIED.);
#1087 = CARTESIAN_POINT('',(7.495050178989,0.222381469403,2.135020857149
    ));
#1088 = CARTESIAN_POINT('',(7.495297587967,0.216823839602,2.124226283838
    ));
#1089 = CARTESIAN_POINT('',(7.495127061487,0.210514124329,2.113449241367
    ));
#1090 = CARTESIAN_POINT('',(7.494540221694,0.20339933068,2.102725021374)
  );
#1091 = CARTESIAN_POINT('',(7.493542674744,0.195414539019,2.092097216091
    ));
#1092 = CARTESIAN_POINT('',(7.492146179169,0.186494407645,2.081616684564
    ));
#1093 = CARTESIAN_POINT('',(7.490372858803,0.176534258651,2.07134311485)
  );
#1094 = CARTESIAN_POINT('',(7.488256010154,0.165424303505,2.061339919197
    ));
#1095 = CARTESIAN_POINT('',(7.484825876412,0.147561524538,2.047590627146
    ));
#1096 = CARTESIAN_POINT('',(7.483753109903,0.141990519679,2.043563201254
    ));
#1097 = CARTESIAN_POINT('',(7.482632408315,0.136142680923,2.039605725668
    ));
#1098 = CARTESIAN_POINT('',(7.481468548367,0.129993132167,2.035725335915
    ));
#1099 = CARTESIAN_POINT('',(7.480267781858,0.123509505923,2.031931857162
    ));
#1100 = CARTESIAN_POINT('',(7.479038051018,0.116652879837,2.028237562142
    ));
#1101 = CARTESIAN_POINT('',(7.47778953365,0.109370919177,2.024657685846)
  );
#1102 = CARTESIAN_POINT('',(7.475820128431,9.711194888404E-02,
    2.019245274651));
#1103 = CARTESIAN_POINT('',(7.475103025691,9.248837308058E-02,
    2.017323020382));
#1104 = CARTESIAN_POINT('',(7.474387275972,8.767942674162E-02,
    2.015449613615));
#1105 = CARTESIAN_POINT('',(7.473675970505,8.266433624296E-02,
    2.013629811158));
#1106 = CARTESIAN_POINT('',(7.472973323409,7.741689627608E-02,
    2.011870634064));
#1107 = CARTESIAN_POINT('',(7.47228471189,7.19059807906E-02,
    2.010181217311));
#1108 = CARTESIAN_POINT('',(7.471617122438,6.609036029156E-02,
    2.008573576796));
#1109 = CARTESIAN_POINT('',(7.470392108823,5.416911681147E-02,
    2.005671398498));
#1110 = CARTESIAN_POINT('',(7.469839507501,4.820829975767E-02,
    2.004384503029));
#1111 = CARTESIAN_POINT('',(7.469319074382,4.187423776359E-02,
    2.003190329682));
#1112 = CARTESIAN_POINT('',(7.468838259815,3.504254471786E-02,
    2.002101956326));
#1113 = CARTESIAN_POINT('',(7.468415911202,2.761055062791E-02,
    2.001158274111));
#1114 = CARTESIAN_POINT('',(7.468085158468,1.949457575669E-02,
    2.000425854983));
#1115 = CARTESIAN_POINT('',(7.467893642391,1.063192520575E-02,2.));
#1116 = CARTESIAN_POINT('',(7.467895582059,9.999999999994E-04,2.));
#1117 = ORIENTED_EDGE('',*,*,#1118,.T.);
#1118 = EDGE_CURVE('',#1084,#1119,#1121,.T.);
#1119 = VERTEX_POINT('',#1120);
#1120 = CARTESIAN_POINT('',(7.467895582265,-1.000000000001E-03,2.));
#1121 = B_SPLINE_CURVE_WITH_KNOTS('',1,(#1122,#1123),.UNSPECIFIED.,.F.,
  .F.,(2,2),(0.,1.),.PIECEWISE_BEZIER_KNOTS.);
#1122 = CARTESIAN_POINT('',(7.467895582059,9.999999999995E-04,2.));
#1123 = CARTESIAN_POINT('',(7.467895582265,-1.000000000001E-03,2.));
#1124 = ORIENTED_EDGE('',*,*,#1125,.T.);
#1125 = EDGE_CURVE('',#1119,#1126,#1128,.T.);
#1126 = VERTEX_POINT('',#1127);
#1127 = CARTESIAN_POINT('',(7.495050222963,-0.222381469403,
    2.135020857149));
#1128 = B_SPLINE_CURVE_WITH_KNOTS('',7,(#1129,#1130,#1131,#1132,#1133,
    #1134,#1135,#1136,#1137,#1138,#1139,#1140,#1141,#1142,#1143,#1144,
    #1145,#1146,#1147,#1148,#1149,#1150,#1151,#1152,#1153,#1154,#1155,
    #1156,#1157,#1158,#1159,#1160),.UNSPECIFIED.,.F.,.F.,(8,6,6,6,6,8),(
    0.,7.331526460372E-02,0.131741480551,0.267302660105,0.509834088262,
    1.),.UNSPECIFIED.);
#1129 = CARTESIAN_POINT('',(7.467895582265,-1.000000000001E-03,2.));
#1130 = CARTESIAN_POINT('',(7.467894229484,-7.724453764933E-03,2.));
#1131 = CARTESIAN_POINT('',(7.467989084073,-1.422556976783E-02,
    2.000211876868));
#1132 = CARTESIAN_POINT('',(7.468168684378,-2.034498346479E-02,
    2.000610220835));
#1133 = CARTESIAN_POINT('',(7.468407727402,-2.604664008835E-02,
    2.001142415509));
#1134 = CARTESIAN_POINT('',(7.468687752338,-3.135459311732E-02,
    2.001770363893));
#1135 = CARTESIAN_POINT('',(7.468998920647,-3.634533576613E-02,
    2.002473570784));
#1136 = CARTESIAN_POINT('',(7.46961521455,-4.495565718151E-02,
    2.003879884704));
#1137 = CARTESIAN_POINT('',(7.469906272285,-4.861354032028E-02,
    2.004548389031));
#1138 = CARTESIAN_POINT('',(7.470211690626,-5.21318237516E-02,
    2.005255186473));
#1139 = CARTESIAN_POINT('',(7.470528960778,-5.552573535596E-02,
    2.005995552016));
#1140 = CARTESIAN_POINT('',(7.470856115338,-5.880744178268E-02,
    2.006765853375));
#1141 = CARTESIAN_POINT('',(7.471191555113,-6.198752402645E-02,
    2.007563194492));
#1142 = CARTESIAN_POINT('',(7.47232863965,-7.223891902664E-02,
    2.010293116738));
#1143 = CARTESIAN_POINT('',(7.473160579192,-7.8900175191E-02,
    2.012333436301));
#1144 = CARTESIAN_POINT('',(7.474013886406,-8.517210369758E-02,
    2.014478399989));
#1145 = CARTESIAN_POINT('',(7.474878697611,-9.110776000598E-02,
    2.016711635847));
#1146 = CARTESIAN_POINT('',(7.47574728717,-9.675366031927E-02,
    2.019020189816));
#1147 = CARTESIAN_POINT('',(7.476614363068,-0.102143203314,
    2.021395840556));
#1148 = CARTESIAN_POINT('',(7.47901761551,-0.116543867807,2.028194734103
    ));
#1149 = CARTESIAN_POINT('',(7.480539632561,-0.125043345235,
    2.032748129865));
#1150 = CARTESIAN_POINT('',(7.48201798359,-0.132964492609,2.037458216049
    ));
#1151 = CARTESIAN_POINT('',(7.483436676151,-0.140377231321,
    2.042301179449));
#1152 = CARTESIAN_POINT('',(7.484783510161,-0.147343575708,2.04725740319
    ));
#1153 = CARTESIAN_POINT('',(7.486049874087,-0.153905855044,
    2.052313261167));
#1154 = CARTESIAN_POINT('',(7.48961231549,-0.172623525386,2.067860967228
    ));
#1155 = CARTESIAN_POINT('',(7.491636215098,-0.18363075283,2.078617730776
    ));
#1156 = CARTESIAN_POINT('',(7.493244863821,-0.193416897944,
    2.089641694368));
#1157 = CARTESIAN_POINT('',(7.494404584384,-0.202090226351,
    2.100857712196));
#1158 = CARTESIAN_POINT('',(7.495096197924,-0.209760782055,
    2.112196249276));
#1159 = CARTESIAN_POINT('',(7.495311989307,-0.216501300574,
    2.123599816925));
#1160 = CARTESIAN_POINT('',(7.495050222963,-0.222381469403,
    2.135020857149));
#1161 = ORIENTED_EDGE('',*,*,#1162,.T.);
#1162 = EDGE_CURVE('',#1126,#889,#1163,.T.);
#1163 = B_SPLINE_CURVE_WITH_KNOTS('',5,(#1164,#1165,#1166,#1167,#1168,
    #1169,#1170,#1171,#1172,#1173,#1174,#1175,#1176,#1177),
  .UNSPECIFIED.,.F.,.F.,(6,4,4,6),(-0.238826937805,-2.684273090679E-07,
    3.926991085414,4.165817386253),.UNSPECIFIED.);
#1164 = CARTESIAN_POINT('',(7.02800265205,2.134064235451,2.135020857149)
  );
#1165 = CARTESIAN_POINT('',(7.046281659523,2.089934807758,2.135020857149
    ));
#1166 = CARTESIAN_POINT('',(7.064560664227,2.04580538675,2.135020857149)
  );
#1167 = CARTESIAN_POINT('',(7.082839666162,2.001675972426,2.135020857149
    ));
#1168 = CARTESIAN_POINT('',(7.101118665327,1.957546564788,2.135020857149
    ));
#1169 = CARTESIAN_POINT('',(7.41995647701,1.187803996574,2.135020857149)
  );
#1170 = CARTESIAN_POINT('',(7.578077492132,0.403182514539,2.135020857149
    ));
#1171 = CARTESIAN_POINT('',(7.578078582592,-0.403179910909,
    2.135020857149));
#1172 = CARTESIAN_POINT('',(7.41995703187,-1.187802657022,2.135020857149
    ));
#1173 = CARTESIAN_POINT('',(7.101118659789,-1.957546578158,
    2.135020857149));
#1174 = CARTESIAN_POINT('',(7.082839657855,-2.001675992481,
    2.135020857149));
#1175 = CARTESIAN_POINT('',(7.06456065592,-2.045805406805,2.135020857149
    ));
#1176 = CARTESIAN_POINT('',(7.046281653985,-2.089934821128,
    2.135020857149));
#1177 = CARTESIAN_POINT('',(7.02800265205,-2.134064235451,2.135020857149
    ));
#1178 = ORIENTED_EDGE('',*,*,#888,.F.);
#1179 = ( BOUNDED_SURFACE() B_SPLINE_SURFACE(2,5,(
    (#1180,#1181,#1182,#1183,#1184,#1185,#1186,#1187,#1188,#1189,#1190
      ,#1191,#1192,#1193)
    ,(#1194,#1195,#1196,#1197,#1198,#1199,#1200,#1201,#1202,#1203,#1204
      ,#1205,#1206,#1207)
    ,(#1208,#1209,#1210,#1211,#1212,#1213,#1214,#1215,#1216,#1217,#1218
      ,#1219,#1220,#1221
)),.UNSPECIFIED.,.F.,.F.,.F.) B_SPLINE_SURFACE_WITH_KNOTS((3,3),(6,4,4,6
    ),(0.,3.926991353841),(-0.238826937805,-2.684273090679E-07,
    3.926991085414,4.165817386253),.UNSPECIFIED.) 
GEOMETRIC_REPRESENTATION_ITEM() RATIONAL_B_SPLINE_SURFACE((
    (1.,1.,1.,1.,1.,1.,1.,1.,1.,1.,1.,1.,1.,1.)
    ,(0.93061798229,0.93061798229,0.93061798229,0.93061798229
      ,0.93061798229,0.93061798229,0.93061798229,0.93061798229
      ,0.93061798229,0.93061798229,0.93061798229,0.93061798229
      ,0.93061798229,0.93061798229)
,(1.,1.,1.,1.,1.,1.,1.,1.,1.,1.,1.,1.,1.,1.
))) REPRESENTATION_ITEM('') SURFACE() );
#1180 = CARTESIAN_POINT('',(6.953750361054,2.103307924813,1.930661594627
    ));
#1181 = CARTESIAN_POINT('',(6.972323185698,2.05846915961,1.930661594627)
  );
#1182 = CARTESIAN_POINT('',(6.990749098968,2.01398506984,1.930661594627)
  );
#1183 = CARTESIAN_POINT('',(7.009028100864,1.9698556555,1.930661594627)
  );
#1184 = CARTESIAN_POINT('',(7.027160191387,1.926080916593,1.930661594627
    ));
#1185 = CARTESIAN_POINT('',(7.340872992573,1.168711216348,1.930661594627
    ));
#1186 = CARTESIAN_POINT('',(7.496452374102,0.396701817373,1.930661594627
    ));
#1187 = CARTESIAN_POINT('',(7.496453425325,-0.396699322019,
    1.930661594627));
#1188 = CARTESIAN_POINT('',(7.340873556352,-1.168709855265,
    1.930661594627));
#1189 = CARTESIAN_POINT('',(7.027160184853,-1.926080932367,
    1.930661594627));
#1190 = CARTESIAN_POINT('',(7.009028091064,-1.969855679162,
    1.930661594627));
#1191 = CARTESIAN_POINT('',(6.990749089167,-2.013985093501,
    1.930661594627));
#1192 = CARTESIAN_POINT('',(6.972323179164,-2.058469175384,
    1.930661594627));
#1193 = CARTESIAN_POINT('',(6.953750361054,-2.103307924813,
    1.930661594627));
#1194 = CARTESIAN_POINT('',(7.02800265205,2.134064235451,2.017037309501)
  );
#1195 = CARTESIAN_POINT('',(7.046281659523,2.089934807758,2.017037309501
    ));
#1196 = CARTESIAN_POINT('',(7.064560664227,2.04580538675,2.017037309501)
  );
#1197 = CARTESIAN_POINT('',(7.082839666162,2.001675972426,2.017037309501
    ));
#1198 = CARTESIAN_POINT('',(7.101118665327,1.957546564788,2.017037309501
    ));
#1199 = CARTESIAN_POINT('',(7.41995647701,1.187803996574,2.017037309501)
  );
#1200 = CARTESIAN_POINT('',(7.578077492132,0.403182514539,2.017037309501
    ));
#1201 = CARTESIAN_POINT('',(7.578078582592,-0.403179910909,
    2.017037309501));
#1202 = CARTESIAN_POINT('',(7.41995703187,-1.187802657022,2.017037309501
    ));
#1203 = CARTESIAN_POINT('',(7.101118659789,-1.957546578158,
    2.017037309501));
#1204 = CARTESIAN_POINT('',(7.082839657855,-2.001675992481,
    2.017037309501));
#1205 = CARTESIAN_POINT('',(7.06456065592,-2.045805406805,2.017037309501
    ));
#1206 = CARTESIAN_POINT('',(7.046281653985,-2.089934821128,
    2.017037309501));
#1207 = CARTESIAN_POINT('',(7.02800265205,-2.134064235451,2.017037309501
    ));
#1208 = CARTESIAN_POINT('',(7.02800265205,2.134064235451,2.135020857149)
  );
#1209 = CARTESIAN_POINT('',(7.046281659523,2.089934807758,2.135020857149
    ));
#1210 = CARTESIAN_POINT('',(7.064560664227,2.04580538675,2.135020857149)
  );
#1211 = CARTESIAN_POINT('',(7.082839666162,2.001675972426,2.135020857149
    ));
#1212 = CARTESIAN_POINT('',(7.101118665327,1.957546564788,2.135020857149
    ));
#1213 = CARTESIAN_POINT('',(7.41995647701,1.187803996574,2.135020857149)
  );
#1214 = CARTESIAN_POINT('',(7.578077492132,0.403182514539,2.135020857149
    ));
#1215 = CARTESIAN_POINT('',(7.578078582592,-0.403179910909,
    2.135020857149));
#1216 = CARTESIAN_POINT('',(7.41995703187,-1.187802657022,2.135020857149
    ));
#1217 = CARTESIAN_POINT('',(7.101118659789,-1.957546578158,
    2.135020857149));
#1218 = CARTESIAN_POINT('',(7.082839657855,-2.001675992481,
    2.135020857149));
#1219 = CARTESIAN_POINT('',(7.06456065592,-2.045805406805,2.135020857149
    ));
#1220 = CARTESIAN_POINT('',(7.046281653985,-2.089934821128,
    2.135020857149));
#1221 = CARTESIAN_POINT('',(7.02800265205,-2.134064235451,2.135020857149
    ));
#1222 = ADVANCED_FACE('',(#1223),#1249,.T.);
#1223 = FACE_BOUND('',#1224,.T.);
#1224 = EDGE_LOOP('',(#1225,#1236,#1242,#1243));
#1225 = ORIENTED_EDGE('',*,*,#1226,.T.);
#1226 = EDGE_CURVE('',#1227,#1229,#1231,.T.);
#1227 = VERTEX_POINT('',#1228);
#1228 = CARTESIAN_POINT('',(7.119397662556,-1.913417161825,9.8));
#1229 = VERTEX_POINT('',#1230);
#1230 = CARTESIAN_POINT('',(7.119397662556,1.913417161825,9.8));
#1231 = CIRCLE('',#1232,5.);
#1232 = AXIS2_PLACEMENT_3D('',#1233,#1234,#1235);
#1233 = CARTESIAN_POINT('',(2.5,0.,9.8));
#1234 = DIRECTION('',(0.,-0.,-1.));
#1235 = DIRECTION('',(0.923879532511,-0.382683432365,0.));
#1236 = ORIENTED_EDGE('',*,*,#1237,.F.);
#1237 = EDGE_CURVE('',#902,#1229,#1238,.T.);
#1238 = LINE('',#1239,#1240);
#1239 = CARTESIAN_POINT('',(7.119397662556,1.913417161825,2.));
#1240 = VECTOR('',#1241,1.);
#1241 = DIRECTION('',(0.,0.,1.));
#1242 = ORIENTED_EDGE('',*,*,#901,.F.);
#1243 = ORIENTED_EDGE('',*,*,#1244,.T.);
#1244 = EDGE_CURVE('',#889,#1227,#1245,.T.);
#1245 = LINE('',#1246,#1247);
#1246 = CARTESIAN_POINT('',(7.119397662556,-1.913417161825,2.));
#1247 = VECTOR('',#1248,1.);
#1248 = DIRECTION('',(0.,0.,1.));
#1249 = CYLINDRICAL_SURFACE('',#1250,5.);
#1250 = AXIS2_PLACEMENT_3D('',#1251,#1252,#1253);
#1251 = CARTESIAN_POINT('',(2.5,0.,2.));
#1252 = DIRECTION('',(0.,0.,1.));
#1253 = DIRECTION('',(0.923879532511,-0.382683432365,0.));
#1254 = ADVANCED_FACE('',(#1255,#1341),#1433,.T.);
#1255 = FACE_BOUND('',#1256,.T.);
#1256 = EDGE_LOOP('',(#1257,#1264,#1265,#1266,#1277,#1285,#1299,#1308,
    #1322,#1330,#1339,#1340));
#1257 = ORIENTED_EDGE('',*,*,#1258,.T.);
#1258 = EDGE_CURVE('',#1229,#1227,#1259,.T.);
#1259 = CIRCLE('',#1260,5.);
#1260 = AXIS2_PLACEMENT_3D('',#1261,#1262,#1263);
#1261 = CARTESIAN_POINT('',(2.5,0.,9.8));
#1262 = DIRECTION('',(0.,0.,-1.));
#1263 = DIRECTION('',(0.923879532511,0.382683432365,0.));
#1264 = ORIENTED_EDGE('',*,*,#1244,.F.);
#1265 = ORIENTED_EDGE('',*,*,#1162,.F.);
#1266 = ORIENTED_EDGE('',*,*,#1267,.T.);
#1267 = EDGE_CURVE('',#1126,#1268,#1270,.T.);
#1268 = VERTEX_POINT('',#1269);
#1269 = CARTESIAN_POINT('',(7.49374608886,-0.25,2.249));
#1270 = B_SPLINE_CURVE_WITH_KNOTS('',5,(#1271,#1272,#1273,#1274,#1275,
    #1276),.UNSPECIFIED.,.F.,.F.,(6,6),(0.,1.),
  .PIECEWISE_BEZIER_KNOTS.);
#1271 = CARTESIAN_POINT('',(7.495052213887,-0.222381160489,
    2.135020257149));
#1272 = CARTESIAN_POINT('',(7.494563923177,-0.23334898271,2.156322906933
    ));
#1273 = CARTESIAN_POINT('',(7.494163896259,-0.241656221279,
    2.178754170148));
#1274 = CARTESIAN_POINT('',(7.493885292331,-0.247218772451,
    2.201923810428));
#1275 = CARTESIAN_POINT('',(7.49374608886,-0.25,2.225463069594));
#1276 = CARTESIAN_POINT('',(7.49374608886,-0.25,2.249));
#1277 = ORIENTED_EDGE('',*,*,#1278,.T.);
#1278 = EDGE_CURVE('',#1268,#1279,#1281,.T.);
#1279 = VERTEX_POINT('',#1280);
#1280 = CARTESIAN_POINT('',(7.49374608886,-0.25,3.751));
#1281 = LINE('',#1282,#1283);
#1282 = CARTESIAN_POINT('',(7.49374608886,-0.25,2.));
#1283 = VECTOR('',#1284,1.);
#1284 = DIRECTION('',(0.,0.,1.));
#1285 = ORIENTED_EDGE('',*,*,#1286,.F.);
#1286 = EDGE_CURVE('',#1287,#1279,#1289,.T.);
#1287 = VERTEX_POINT('',#1288);
#1288 = CARTESIAN_POINT('',(7.4999999,-1.000000000001E-03,4.));
#1289 = B_SPLINE_CURVE_WITH_KNOTS('',8,(#1290,#1291,#1292,#1293,#1294,
    #1295,#1296,#1297,#1298),.UNSPECIFIED.,.F.,.F.,(9,9),(0.,1.),
  .PIECEWISE_BEZIER_KNOTS.);
#1290 = CARTESIAN_POINT('',(7.4999999,-1.000000000001E-03,4.));
#1291 = CARTESIAN_POINT('',(7.499989018823,-5.540588150831E-02,4.));
#1292 = CARTESIAN_POINT('',(7.499302058858,-0.107073318349,
    3.986413370238));
#1293 = CARTESIAN_POINT('',(7.498059230416,-0.152979870086,
    3.961639677108));
#1294 = CARTESIAN_POINT('',(7.496580099679,-0.191312597328,
    3.927958555586));
#1295 = CARTESIAN_POINT('',(7.495213244389,-0.220688926075,
    3.887697031689));
#1296 = CARTESIAN_POINT('',(7.494228849003,-0.240357958481,
    3.843186089555));
#1297 = CARTESIAN_POINT('',(7.49374608886,-0.25,3.796836183387));
#1298 = CARTESIAN_POINT('',(7.49374608886,-0.25,3.751));
#1299 = ORIENTED_EDGE('',*,*,#1300,.T.);
#1300 = EDGE_CURVE('',#1287,#1301,#1303,.T.);
#1301 = VERTEX_POINT('',#1302);
#1302 = CARTESIAN_POINT('',(7.4999999,9.999999999994E-04,4.));
#1303 = CIRCLE('',#1304,5.);
#1304 = AXIS2_PLACEMENT_3D('',#1305,#1306,#1307);
#1305 = CARTESIAN_POINT('',(2.5,0.,4.));
#1306 = DIRECTION('',(0.,-0.,1.));
#1307 = DIRECTION('',(0.923879532511,0.382683432365,0.));
#1308 = ORIENTED_EDGE('',*,*,#1309,.F.);
#1309 = EDGE_CURVE('',#1310,#1301,#1312,.T.);
#1310 = VERTEX_POINT('',#1311);
#1311 = CARTESIAN_POINT('',(7.49374608886,0.25,3.751));
#1312 = B_SPLINE_CURVE_WITH_KNOTS('',8,(#1313,#1314,#1315,#1316,#1317,
    #1318,#1319,#1320,#1321),.UNSPECIFIED.,.F.,.F.,(9,9),(0.,1.),
  .PIECEWISE_BEZIER_KNOTS.);
#1313 = CARTESIAN_POINT('',(7.49374608886,0.25,3.751));
#1314 = CARTESIAN_POINT('',(7.49374608886,0.25,3.796830413639));
#1315 = CARTESIAN_POINT('',(7.494228728765,0.24036039679,3.843180720046)
  );
#1316 = CARTESIAN_POINT('',(7.495213098755,0.220691663906,3.887697371081
    ));
#1317 = CARTESIAN_POINT('',(7.496580259654,0.191310832611,3.927965334112
    ));
#1318 = CARTESIAN_POINT('',(7.49805967795,0.152970763734,3.961648584304)
  );
#1319 = CARTESIAN_POINT('',(7.499302344202,0.107059270972,3.986419051254
    ));
#1320 = CARTESIAN_POINT('',(7.499989021087,5.539456201673E-02,4.));
#1321 = CARTESIAN_POINT('',(7.4999999,1.000000000001E-03,4.));
#1322 = ORIENTED_EDGE('',*,*,#1323,.F.);
#1323 = EDGE_CURVE('',#1324,#1310,#1326,.T.);
#1324 = VERTEX_POINT('',#1325);
#1325 = CARTESIAN_POINT('',(7.49374608886,0.25,2.249));
#1326 = LINE('',#1327,#1328);
#1327 = CARTESIAN_POINT('',(7.49374608886,0.25,2.));
#1328 = VECTOR('',#1329,1.);
#1329 = DIRECTION('',(0.,0.,1.));
#1330 = ORIENTED_EDGE('',*,*,#1331,.T.);
#1331 = EDGE_CURVE('',#1324,#1065,#1332,.T.);
#1332 = B_SPLINE_CURVE_WITH_KNOTS('',5,(#1333,#1334,#1335,#1336,#1337,
    #1338),.UNSPECIFIED.,.F.,.F.,(6,6),(0.,1.),
  .PIECEWISE_BEZIER_KNOTS.);
#1333 = CARTESIAN_POINT('',(7.49374608886,0.25,2.249));
#1334 = CARTESIAN_POINT('',(7.49374608886,0.25,2.225463007846));
#1335 = CARTESIAN_POINT('',(7.493885294059,0.24721876512,2.201923811304)
  );
#1336 = CARTESIAN_POINT('',(7.494163894093,0.241656226339,2.178754221584
    ));
#1337 = CARTESIAN_POINT('',(7.494563922381,0.233349000591,2.156322941664
    ));
#1338 = CARTESIAN_POINT('',(7.495052213887,0.222381160489,2.135020257149
    ));
#1339 = ORIENTED_EDGE('',*,*,#1064,.F.);
#1340 = ORIENTED_EDGE('',*,*,#1237,.T.);
#1341 = FACE_BOUND('',#1342,.T.);
#1342 = EDGE_LOOP('',(#1343,#1359,#1367,#1381,#1390,#1404,#1412,#1426));
#1343 = ORIENTED_EDGE('',*,*,#1344,.F.);
#1344 = EDGE_CURVE('',#1345,#1347,#1349,.T.);
#1345 = VERTEX_POINT('',#1346);
#1346 = CARTESIAN_POINT('',(7.49374608886,0.25,7.751));
#1347 = VERTEX_POINT('',#1348);
#1348 = CARTESIAN_POINT('',(7.4999999,9.999999999994E-04,8.));
#1349 = B_SPLINE_CURVE_WITH_KNOTS('',8,(#1350,#1351,#1352,#1353,#1354,
    #1355,#1356,#1357,#1358),.UNSPECIFIED.,.F.,.F.,(9,9),(0.,1.),
  .PIECEWISE_BEZIER_KNOTS.);
#1350 = CARTESIAN_POINT('',(7.49374608886,0.25,7.751));
#1351 = CARTESIAN_POINT('',(7.49374608886,0.25,7.796830413645));
#1352 = CARTESIAN_POINT('',(7.494228728765,0.240360396788,7.843180720032
    ));
#1353 = CARTESIAN_POINT('',(7.495213098755,0.220691663914,7.887697371087
    ));
#1354 = CARTESIAN_POINT('',(7.496580259655,0.191310832604,7.927965334119
    ));
#1355 = CARTESIAN_POINT('',(7.498059677949,0.152970763729,7.961648584295
    ));
#1356 = CARTESIAN_POINT('',(7.499302344203,0.107059270986,7.986419051257
    ));
#1357 = CARTESIAN_POINT('',(7.499989021087,5.539456200839E-02,8.));
#1358 = CARTESIAN_POINT('',(7.4999999,1.000000000001E-03,8.));
#1359 = ORIENTED_EDGE('',*,*,#1360,.F.);
#1360 = EDGE_CURVE('',#1361,#1345,#1363,.T.);
#1361 = VERTEX_POINT('',#1362);
#1362 = CARTESIAN_POINT('',(7.49374608886,0.25,6.249));
#1363 = LINE('',#1364,#1365);
#1364 = CARTESIAN_POINT('',(7.49374608886,0.25,2.));
#1365 = VECTOR('',#1366,1.);
#1366 = DIRECTION('',(0.,0.,1.));
#1367 = ORIENTED_EDGE('',*,*,#1368,.T.);
#1368 = EDGE_CURVE('',#1361,#1369,#1371,.T.);
#1369 = VERTEX_POINT('',#1370);
#1370 = CARTESIAN_POINT('',(7.4999999,9.999999999994E-04,6.));
#1371 = B_SPLINE_CURVE_WITH_KNOTS('',8,(#1372,#1373,#1374,#1375,#1376,
    #1377,#1378,#1379,#1380),.UNSPECIFIED.,.F.,.F.,(9,9),(0.,1.),
  .PIECEWISE_BEZIER_KNOTS.);
#1372 = CARTESIAN_POINT('',(7.49374608886,0.25,6.249));
#1373 = CARTESIAN_POINT('',(7.49374608886,0.25,6.203169586353));
#1374 = CARTESIAN_POINT('',(7.494228728765,0.240360396787,6.156819279971
    ));
#1375 = CARTESIAN_POINT('',(7.495213098755,0.220691663917,6.112302628913
    ));
#1376 = CARTESIAN_POINT('',(7.496580259655,0.1913108326,6.072034665876)
  );
#1377 = CARTESIAN_POINT('',(7.498059677949,0.15297076373,6.03835141571)
  );
#1378 = CARTESIAN_POINT('',(7.499302344203,0.10705927099,6.013580948741)
  );
#1379 = CARTESIAN_POINT('',(7.499989021087,5.539456200558E-02,6.));
#1380 = CARTESIAN_POINT('',(7.4999999,1.000000000001E-03,6.));
#1381 = ORIENTED_EDGE('',*,*,#1382,.F.);
#1382 = EDGE_CURVE('',#1383,#1369,#1385,.T.);
#1383 = VERTEX_POINT('',#1384);
#1384 = CARTESIAN_POINT('',(7.4999999,-1.000000000001E-03,6.));
#1385 = CIRCLE('',#1386,5.);
#1386 = AXIS2_PLACEMENT_3D('',#1387,#1388,#1389);
#1387 = CARTESIAN_POINT('',(2.5,0.,6.));
#1388 = DIRECTION('',(0.,-0.,1.));
#1389 = DIRECTION('',(0.923879532511,0.382683432365,0.));
#1390 = ORIENTED_EDGE('',*,*,#1391,.T.);
#1391 = EDGE_CURVE('',#1383,#1392,#1394,.T.);
#1392 = VERTEX_POINT('',#1393);
#1393 = CARTESIAN_POINT('',(7.49374608886,-0.25,6.249));
#1394 = B_SPLINE_CURVE_WITH_KNOTS('',8,(#1395,#1396,#1397,#1398,#1399,
    #1400,#1401,#1402,#1403),.UNSPECIFIED.,.F.,.F.,(9,9),(0.,1.),
  .PIECEWISE_BEZIER_KNOTS.);
#1395 = CARTESIAN_POINT('',(7.4999999,-1.000000000001E-03,6.));
#1396 = CARTESIAN_POINT('',(7.499989018823,-5.540588150702E-02,6.));
#1397 = CARTESIAN_POINT('',(7.499302058858,-0.10707331835,6.013586629761
    ));
#1398 = CARTESIAN_POINT('',(7.498059230416,-0.152979870089,
    6.038360322895));
#1399 = CARTESIAN_POINT('',(7.49658009968,-0.191312597324,6.072041444411
    ));
#1400 = CARTESIAN_POINT('',(7.495213244389,-0.220688926078,
    6.112302968311));
#1401 = CARTESIAN_POINT('',(7.494228849003,-0.24035795848,6.156813910446
    ));
#1402 = CARTESIAN_POINT('',(7.49374608886,-0.25,6.203163816612));
#1403 = CARTESIAN_POINT('',(7.49374608886,-0.25,6.249));
#1404 = ORIENTED_EDGE('',*,*,#1405,.T.);
#1405 = EDGE_CURVE('',#1392,#1406,#1408,.T.);
#1406 = VERTEX_POINT('',#1407);
#1407 = CARTESIAN_POINT('',(7.49374608886,-0.25,7.751));
#1408 = LINE('',#1409,#1410);
#1409 = CARTESIAN_POINT('',(7.49374608886,-0.25,2.));
#1410 = VECTOR('',#1411,1.);
#1411 = DIRECTION('',(0.,0.,1.));
#1412 = ORIENTED_EDGE('',*,*,#1413,.F.);
#1413 = EDGE_CURVE('',#1414,#1406,#1416,.T.);
#1414 = VERTEX_POINT('',#1415);
#1415 = CARTESIAN_POINT('',(7.4999999,-1.000000000001E-03,8.));
#1416 = B_SPLINE_CURVE_WITH_KNOTS('',8,(#1417,#1418,#1419,#1420,#1421,
    #1422,#1423,#1424,#1425),.UNSPECIFIED.,.F.,.F.,(9,9),(0.,1.),
  .PIECEWISE_BEZIER_KNOTS.);
#1417 = CARTESIAN_POINT('',(7.4999999,-1.000000000001E-03,8.));
#1418 = CARTESIAN_POINT('',(7.499989018823,-5.540588150768E-02,8.));
#1419 = CARTESIAN_POINT('',(7.499302058858,-0.107073318349,
    7.986413370239));
#1420 = CARTESIAN_POINT('',(7.498059230416,-0.152979870088,
    7.961639677106));
#1421 = CARTESIAN_POINT('',(7.496580099679,-0.191312597325,
    7.927958555588));
#1422 = CARTESIAN_POINT('',(7.495213244389,-0.220688926076,
    7.887697031689));
#1423 = CARTESIAN_POINT('',(7.494228849003,-0.240357958481,
    7.843186089555));
#1424 = CARTESIAN_POINT('',(7.49374608886,-0.25,7.796836183387));
#1425 = CARTESIAN_POINT('',(7.49374608886,-0.25,7.751));
#1426 = ORIENTED_EDGE('',*,*,#1427,.T.);
#1427 = EDGE_CURVE('',#1414,#1347,#1428,.T.);
#1428 = CIRCLE('',#1429,5.);
#1429 = AXIS2_PLACEMENT_3D('',#1430,#1431,#1432);
#1430 = CARTESIAN_POINT('',(2.5,0.,8.));
#1431 = DIRECTION('',(0.,-0.,1.));
#1432 = DIRECTION('',(0.923879532511,0.382683432365,0.));
#1433 = CYLINDRICAL_SURFACE('',#1434,5.);
#1434 = AXIS2_PLACEMENT_3D('',#1435,#1436,#1437);
#1435 = CARTESIAN_POINT('',(2.5,0.,2.));
#1436 = DIRECTION('',(0.,0.,1.));
#1437 = DIRECTION('',(0.923879532511,0.382683432365,-0.));
#1438 = ADVANCED_FACE('',(#1439),#1461,.T.);
#1439 = FACE_BOUND('',#1440,.T.);
#1440 = EDGE_LOOP('',(#1441,#1442,#1459,#1460));
#1441 = ORIENTED_EDGE('',*,*,#1083,.F.);
#1442 = ORIENTED_EDGE('',*,*,#1443,.T.);
#1443 = EDGE_CURVE('',#1065,#1126,#1444,.T.);
#1444 = B_SPLINE_CURVE_WITH_KNOTS('',5,(#1445,#1446,#1447,#1448,#1449,
    #1450,#1451,#1452,#1453,#1454,#1455,#1456,#1457,#1458),
  .UNSPECIFIED.,.F.,.F.,(6,4,4,6),(-0.238826937805,-2.684273090679E-07,
    3.926991085414,4.165817386253),.UNSPECIFIED.);
#1445 = CARTESIAN_POINT('',(7.02800265205,2.134064235451,2.135020857149)
  );
#1446 = CARTESIAN_POINT('',(7.046281659523,2.089934807758,2.135020857149
    ));
#1447 = CARTESIAN_POINT('',(7.064560664227,2.04580538675,2.135020857149)
  );
#1448 = CARTESIAN_POINT('',(7.082839666162,2.001675972426,2.135020857149
    ));
#1449 = CARTESIAN_POINT('',(7.101118665327,1.957546564788,2.135020857149
    ));
#1450 = CARTESIAN_POINT('',(7.41995647701,1.187803996574,2.135020857149)
  );
#1451 = CARTESIAN_POINT('',(7.578077492132,0.403182514539,2.135020857149
    ));
#1452 = CARTESIAN_POINT('',(7.578078582592,-0.403179910909,
    2.135020857149));
#1453 = CARTESIAN_POINT('',(7.41995703187,-1.187802657022,2.135020857149
    ));
#1454 = CARTESIAN_POINT('',(7.101118659789,-1.957546578158,
    2.135020857149));
#1455 = CARTESIAN_POINT('',(7.082839657855,-2.001675992481,
    2.135020857149));
#1456 = CARTESIAN_POINT('',(7.06456065592,-2.045805406805,2.135020857149
    ));
#1457 = CARTESIAN_POINT('',(7.046281653985,-2.089934821128,
    2.135020857149));
#1458 = CARTESIAN_POINT('',(7.02800265205,-2.134064235451,2.135020857149
    ));
#1459 = ORIENTED_EDGE('',*,*,#1125,.F.);
#1460 = ORIENTED_EDGE('',*,*,#1118,.F.);
#1461 = ( BOUNDED_SURFACE() B_SPLINE_SURFACE(2,5,(
    (#1462,#1463,#1464,#1465,#1466,#1467,#1468,#1469,#1470,#1471,#1472
      ,#1473,#1474,#1475)
    ,(#1476,#1477,#1478,#1479,#1480,#1481,#1482,#1483,#1484,#1485,#1486
      ,#1487,#1488,#1489)
    ,(#1490,#1491,#1492,#1493,#1494,#1495,#1496,#1497,#1498,#1499,#1500
      ,#1501,#1502,#1503
)),.UNSPECIFIED.,.F.,.F.,.F.) B_SPLINE_SURFACE_WITH_KNOTS((3,3),(6,4,4,6
    ),(0.,3.926991353841),(-0.238826937805,-2.684273090679E-07,
    3.926991085414,4.165817386253),.UNSPECIFIED.) 
GEOMETRIC_REPRESENTATION_ITEM() RATIONAL_B_SPLINE_SURFACE((
    (1.,1.,1.,1.,1.,1.,1.,1.,1.,1.,1.,1.,1.,1.)
    ,(0.93061798229,0.93061798229,0.93061798229,0.93061798229
      ,0.93061798229,0.93061798229,0.93061798229,0.93061798229
      ,0.93061798229,0.93061798229,0.93061798229,0.93061798229
      ,0.93061798229,0.93061798229)
,(1.,1.,1.,1.,1.,1.,1.,1.,1.,1.,1.,1.,1.,1.
))) REPRESENTATION_ITEM('') SURFACE() );
#1462 = CARTESIAN_POINT('',(6.953750361054,2.103307924813,1.930661594627
    ));
#1463 = CARTESIAN_POINT('',(6.972323185698,2.05846915961,1.930661594627)
  );
#1464 = CARTESIAN_POINT('',(6.990749098968,2.01398506984,1.930661594627)
  );
#1465 = CARTESIAN_POINT('',(7.009028100864,1.9698556555,1.930661594627)
  );
#1466 = CARTESIAN_POINT('',(7.027160191387,1.926080916593,1.930661594627
    ));
#1467 = CARTESIAN_POINT('',(7.340872992573,1.168711216348,1.930661594627
    ));
#1468 = CARTESIAN_POINT('',(7.496452374102,0.396701817373,1.930661594627
    ));
#1469 = CARTESIAN_POINT('',(7.496453425325,-0.396699322019,
    1.930661594627));
#1470 = CARTESIAN_POINT('',(7.340873556352,-1.168709855265,
    1.930661594627));
#1471 = CARTESIAN_POINT('',(7.027160184853,-1.926080932367,
    1.930661594627));
#1472 = CARTESIAN_POINT('',(7.009028091064,-1.969855679162,
    1.930661594627));
#1473 = CARTESIAN_POINT('',(6.990749089167,-2.013985093501,
    1.930661594627));
#1474 = CARTESIAN_POINT('',(6.972323179164,-2.058469175384,
    1.930661594627));
#1475 = CARTESIAN_POINT('',(6.953750361054,-2.103307924813,
    1.930661594627));
#1476 = CARTESIAN_POINT('',(7.02800265205,2.134064235451,2.017037309501)
  );
#1477 = CARTESIAN_POINT('',(7.046281659523,2.089934807758,2.017037309501
    ));
#1478 = CARTESIAN_POINT('',(7.064560664227,2.04580538675,2.017037309501)
  );
#1479 = CARTESIAN_POINT('',(7.082839666162,2.001675972426,2.017037309501
    ));
#1480 = CARTESIAN_POINT('',(7.101118665327,1.957546564788,2.017037309501
    ));
#1481 = CARTESIAN_POINT('',(7.41995647701,1.187803996574,2.017037309501)
  );
#1482 = CARTESIAN_POINT('',(7.578077492132,0.403182514539,2.017037309501
    ));
#1483 = CARTESIAN_POINT('',(7.578078582592,-0.403179910909,
    2.017037309501));
#1484 = CARTESIAN_POINT('',(7.41995703187,-1.187802657022,2.017037309501
    ));
#1485 = CARTESIAN_POINT('',(7.101118659789,-1.957546578158,
    2.017037309501));
#1486 = CARTESIAN_POINT('',(7.082839657855,-2.001675992481,
    2.017037309501));
#1487 = CARTESIAN_POINT('',(7.06456065592,-2.045805406805,2.017037309501
    ));
#1488 = CARTESIAN_POINT('',(7.046281653985,-2.089934821128,
    2.017037309501));
#1489 = CARTESIAN_POINT('',(7.02800265205,-2.134064235451,2.017037309501
    ));
#1490 = CARTESIAN_POINT('',(7.02800265205,2.134064235451,2.135020857149)
  );
#1491 = CARTESIAN_POINT('',(7.046281659523,2.089934807758,2.135020857149
    ));
#1492 = CARTESIAN_POINT('',(7.064560664227,2.04580538675,2.135020857149)
  );
#1493 = CARTESIAN_POINT('',(7.082839666162,2.001675972426,2.135020857149
    ));
#1494 = CARTESIAN_POINT('',(7.101118665327,1.957546564788,2.135020857149
    ));
#1495 = CARTESIAN_POINT('',(7.41995647701,1.187803996574,2.135020857149)
  );
#1496 = CARTESIAN_POINT('',(7.578077492132,0.403182514539,2.135020857149
    ));
#1497 = CARTESIAN_POINT('',(7.578078582592,-0.403179910909,
    2.135020857149));
#1498 = CARTESIAN_POINT('',(7.41995703187,-1.187802657022,2.135020857149
    ));
#1499 = CARTESIAN_POINT('',(7.101118659789,-1.957546578158,
    2.135020857149));
#1500 = CARTESIAN_POINT('',(7.082839657855,-2.001675992481,
    2.135020857149));
#1501 = CARTESIAN_POINT('',(7.06456065592,-2.045805406805,2.135020857149
    ));
#1502 = CARTESIAN_POINT('',(7.046281653985,-2.089934821128,
    2.135020857149));
#1503 = CARTESIAN_POINT('',(7.02800265205,-2.134064235451,2.135020857149
    ));
#1504 = ADVANCED_FACE('',(#1505),#1533,.T.);
#1505 = FACE_BOUND('',#1506,.T.);
#1506 = EDGE_LOOP('',(#1507,#1516,#1525,#1532));
#1507 = ORIENTED_EDGE('',*,*,#1508,.T.);
#1508 = EDGE_CURVE('',#1227,#1509,#1511,.T.);
#1509 = VERTEX_POINT('',#1510);
#1510 = CARTESIAN_POINT('',(6.934621756054,-1.836880475352,10.));
#1511 = CIRCLE('',#1512,0.2);
#1512 = AXIS2_PLACEMENT_3D('',#1513,#1514,#1515);
#1513 = CARTESIAN_POINT('',(6.934621756054,-1.836880475352,9.8));
#1514 = DIRECTION('',(-0.382683432365,-0.923879532511,
    -3.944304526105E-31));
#1515 = DIRECTION('',(0.923879532511,-0.382683432365,-8.881784197004E-15
    ));
#1516 = ORIENTED_EDGE('',*,*,#1517,.T.);
#1517 = EDGE_CURVE('',#1509,#1518,#1520,.T.);
#1518 = VERTEX_POINT('',#1519);
#1519 = CARTESIAN_POINT('',(6.934621756054,1.836880475352,10.));
#1520 = CIRCLE('',#1521,4.8);
#1521 = AXIS2_PLACEMENT_3D('',#1522,#1523,#1524);
#1522 = CARTESIAN_POINT('',(2.5,0.,10.));
#1523 = DIRECTION('',(0.,-0.,-1.));
#1524 = DIRECTION('',(0.923879532511,-0.382683432365,0.));
#1525 = ORIENTED_EDGE('',*,*,#1526,.F.);
#1526 = EDGE_CURVE('',#1229,#1518,#1527,.T.);
#1527 = CIRCLE('',#1528,0.2);
#1528 = AXIS2_PLACEMENT_3D('',#1529,#1530,#1531);
#1529 = CARTESIAN_POINT('',(6.934621756054,1.836880475352,9.8));
#1530 = DIRECTION('',(0.382683432365,-0.923879532511,7.88860905221E-31)
  );
#1531 = DIRECTION('',(0.923879532511,0.382683432365,-8.881784197004E-15)
  );
#1532 = ORIENTED_EDGE('',*,*,#1226,.F.);
#1533 = TOROIDAL_SURFACE('',#1534,4.8,0.2);
#1534 = AXIS2_PLACEMENT_3D('',#1535,#1536,#1537);
#1535 = CARTESIAN_POINT('',(2.5,0.,9.8));
#1536 = DIRECTION('',(0.,0.,1.));
#1537 = DIRECTION('',(0.923879532511,-0.382683432365,0.));
#1538 = ADVANCED_FACE('',(#1539),#1551,.T.);
#1539 = FACE_BOUND('',#1540,.T.);
#1540 = EDGE_LOOP('',(#1541,#1542,#1549,#1550));
#1541 = ORIENTED_EDGE('',*,*,#1526,.T.);
#1542 = ORIENTED_EDGE('',*,*,#1543,.T.);
#1543 = EDGE_CURVE('',#1518,#1509,#1544,.T.);
#1544 = CIRCLE('',#1545,4.8);
#1545 = AXIS2_PLACEMENT_3D('',#1546,#1547,#1548);
#1546 = CARTESIAN_POINT('',(2.5,0.,10.));
#1547 = DIRECTION('',(0.,0.,-1.));
#1548 = DIRECTION('',(0.923879532511,0.382683432365,0.));
#1549 = ORIENTED_EDGE('',*,*,#1508,.F.);
#1550 = ORIENTED_EDGE('',*,*,#1258,.F.);
#1551 = TOROIDAL_SURFACE('',#1552,4.8,0.2);
#1552 = AXIS2_PLACEMENT_3D('',#1553,#1554,#1555);
#1553 = CARTESIAN_POINT('',(2.5,0.,9.8));
#1554 = DIRECTION('',(0.,0.,1.));
#1555 = DIRECTION('',(0.923879532511,0.382683432365,-0.));
#1556 = ADVANCED_FACE('',(#1557),#1567,.T.);
#1557 = FACE_BOUND('',#1558,.T.);
#1558 = EDGE_LOOP('',(#1559,#1560,#1561,#1562,#1563,#1564,#1565,#1566));
#1559 = ORIENTED_EDGE('',*,*,#1323,.T.);
#1560 = ORIENTED_EDGE('',*,*,#1309,.T.);
#1561 = ORIENTED_EDGE('',*,*,#1300,.F.);
#1562 = ORIENTED_EDGE('',*,*,#1286,.T.);
#1563 = ORIENTED_EDGE('',*,*,#1278,.F.);
#1564 = ORIENTED_EDGE('',*,*,#1267,.F.);
#1565 = ORIENTED_EDGE('',*,*,#1443,.F.);
#1566 = ORIENTED_EDGE('',*,*,#1331,.F.);
#1567 = CYLINDRICAL_SURFACE('',#1568,5.);
#1568 = AXIS2_PLACEMENT_3D('',#1569,#1570,#1571);
#1569 = CARTESIAN_POINT('',(2.5,0.,2.));
#1570 = DIRECTION('',(0.,0.,1.));
#1571 = DIRECTION('',(0.923879532511,0.382683432365,-0.));
#1572 = ADVANCED_FACE('',(#1573),#1583,.T.);
#1573 = FACE_BOUND('',#1574,.T.);
#1574 = EDGE_LOOP('',(#1575,#1576,#1577,#1578,#1579,#1580,#1581,#1582));
#1575 = ORIENTED_EDGE('',*,*,#1344,.T.);
#1576 = ORIENTED_EDGE('',*,*,#1427,.F.);
#1577 = ORIENTED_EDGE('',*,*,#1413,.T.);
#1578 = ORIENTED_EDGE('',*,*,#1405,.F.);
#1579 = ORIENTED_EDGE('',*,*,#1391,.F.);
#1580 = ORIENTED_EDGE('',*,*,#1382,.T.);
#1581 = ORIENTED_EDGE('',*,*,#1368,.F.);
#1582 = ORIENTED_EDGE('',*,*,#1360,.T.);
#1583 = CYLINDRICAL_SURFACE('',#1584,5.);
#1584 = AXIS2_PLACEMENT_3D('',#1585,#1586,#1587);
#1585 = CARTESIAN_POINT('',(2.5,0.,2.));
#1586 = DIRECTION('',(0.,0.,1.));
#1587 = DIRECTION('',(0.923879532511,0.382683432365,-0.));
#1588 = ADVANCED_FACE('',(#1589),#1615,.F.);
#1589 = FACE_BOUND('',#1590,.F.);
#1590 = EDGE_LOOP('',(#1591,#1592,#1600,#1609));
#1591 = ORIENTED_EDGE('',*,*,#1517,.T.);
#1592 = ORIENTED_EDGE('',*,*,#1593,.T.);
#1593 = EDGE_CURVE('',#1518,#1594,#1596,.T.);
#1594 = VERTEX_POINT('',#1595);
#1595 = CARTESIAN_POINT('',(5.73357836379,1.339392013278,10.));
#1596 = LINE('',#1597,#1598);
#1597 = CARTESIAN_POINT('',(6.934621756054,1.836880475352,10.));
#1598 = VECTOR('',#1599,1.);
#1599 = DIRECTION('',(-0.923879532511,-0.382683432365,0.));
#1600 = ORIENTED_EDGE('',*,*,#1601,.F.);
#1601 = EDGE_CURVE('',#1602,#1594,#1604,.T.);
#1602 = VERTEX_POINT('',#1603);
#1603 = CARTESIAN_POINT('',(5.73357836379,-1.339392013278,10.));
#1604 = CIRCLE('',#1605,3.5);
#1605 = AXIS2_PLACEMENT_3D('',#1606,#1607,#1608);
#1606 = CARTESIAN_POINT('',(2.5,0.,10.));
#1607 = DIRECTION('',(0.,-0.,-1.));
#1608 = DIRECTION('',(0.923879532511,-0.382683432365,0.));
#1609 = ORIENTED_EDGE('',*,*,#1610,.F.);
#1610 = EDGE_CURVE('',#1509,#1602,#1611,.T.);
#1611 = LINE('',#1612,#1613);
#1612 = CARTESIAN_POINT('',(6.934621756054,-1.836880475352,10.));
#1613 = VECTOR('',#1614,1.);
#1614 = DIRECTION('',(-0.923879532511,0.382683432365,0.));
#1615 = PLANE('',#1616);
#1616 = AXIS2_PLACEMENT_3D('',#1617,#1618,#1619);
#1617 = CARTESIAN_POINT('',(2.5,0.,10.));
#1618 = DIRECTION('',(0.,0.,-1.));
#1619 = DIRECTION('',(0.923879532511,-0.382683432365,0.));
#1620 = ADVANCED_FACE('',(#1621),#1633,.F.);
#1621 = FACE_BOUND('',#1622,.F.);
#1622 = EDGE_LOOP('',(#1623,#1624,#1625,#1632));
#1623 = ORIENTED_EDGE('',*,*,#1543,.T.);
#1624 = ORIENTED_EDGE('',*,*,#1610,.T.);
#1625 = ORIENTED_EDGE('',*,*,#1626,.F.);
#1626 = EDGE_CURVE('',#1594,#1602,#1627,.T.);
#1627 = CIRCLE('',#1628,3.5);
#1628 = AXIS2_PLACEMENT_3D('',#1629,#1630,#1631);
#1629 = CARTESIAN_POINT('',(2.5,0.,10.));
#1630 = DIRECTION('',(0.,0.,-1.));
#1631 = DIRECTION('',(0.923879532511,0.382683432365,0.));
#1632 = ORIENTED_EDGE('',*,*,#1593,.F.);
#1633 = PLANE('',#1634);
#1634 = AXIS2_PLACEMENT_3D('',#1635,#1636,#1637);
#1635 = CARTESIAN_POINT('',(2.5,0.,10.));
#1636 = DIRECTION('',(0.,0.,-1.));
#1637 = DIRECTION('',(0.923879532511,0.382683432365,0.));
#1638 = ADVANCED_FACE('',(#1639),#1776,.F.);
#1639 = FACE_BOUND('',#1640,.F.);
#1640 = EDGE_LOOP('',(#1641,#1649,#1650,#1658,#1667,#1675,#1684,#1692,
    #1701,#1709,#1718,#1727,#1735,#1744,#1752,#1761,#1769));
#1641 = ORIENTED_EDGE('',*,*,#1642,.F.);
#1642 = EDGE_CURVE('',#1602,#1643,#1645,.T.);
#1643 = VERTEX_POINT('',#1644);
#1644 = CARTESIAN_POINT('',(5.73357836379,-1.339392013278,9.9));
#1645 = LINE('',#1646,#1647);
#1646 = CARTESIAN_POINT('',(5.73357836379,-1.339392013278,10.));
#1647 = VECTOR('',#1648,1.);
#1648 = DIRECTION('',(0.,0.,-1.));
#1649 = ORIENTED_EDGE('',*,*,#1601,.T.);
#1650 = ORIENTED_EDGE('',*,*,#1651,.T.);
#1651 = EDGE_CURVE('',#1594,#1652,#1654,.T.);
#1652 = VERTEX_POINT('',#1653);
#1653 = CARTESIAN_POINT('',(5.73357836379,1.339392013278,9.9));
#1654 = LINE('',#1655,#1656);
#1655 = CARTESIAN_POINT('',(5.73357836379,1.339392013278,10.));
#1656 = VECTOR('',#1657,1.);
#1657 = DIRECTION('',(0.,0.,-1.));
#1658 = ORIENTED_EDGE('',*,*,#1659,.T.);
#1659 = EDGE_CURVE('',#1652,#1660,#1662,.T.);
#1660 = VERTEX_POINT('',#1661);
#1661 = CARTESIAN_POINT('',(2.55,3.499642838919,9.9));
#1662 = CIRCLE('',#1663,3.5);
#1663 = AXIS2_PLACEMENT_3D('',#1664,#1665,#1666);
#1664 = CARTESIAN_POINT('',(2.5,0.,9.9));
#1665 = DIRECTION('',(0.,0.,1.));
#1666 = DIRECTION('',(-1.,1.224646799147E-16,0.));
#1667 = ORIENTED_EDGE('',*,*,#1668,.T.);
#1668 = EDGE_CURVE('',#1660,#1669,#1671,.T.);
#1669 = VERTEX_POINT('',#1670);
#1670 = CARTESIAN_POINT('',(2.55,3.499642838919,9.8));
#1671 = LINE('',#1672,#1673);
#1672 = CARTESIAN_POINT('',(2.55,3.499642838919,9.7));
#1673 = VECTOR('',#1674,1.);
#1674 = DIRECTION('',(0.,0.,-1.));
#1675 = ORIENTED_EDGE('',*,*,#1676,.F.);
#1676 = EDGE_CURVE('',#1677,#1669,#1679,.T.);
#1677 = VERTEX_POINT('',#1678);
#1678 = CARTESIAN_POINT('',(2.45,3.499642838919,9.8));
#1679 = CIRCLE('',#1680,3.5);
#1680 = AXIS2_PLACEMENT_3D('',#1681,#1682,#1683);
#1681 = CARTESIAN_POINT('',(2.5,0.,9.8));
#1682 = DIRECTION('',(0.,0.,-1.));
#1683 = DIRECTION('',(-1.,1.224646799147E-16,0.));
#1684 = ORIENTED_EDGE('',*,*,#1685,.F.);
#1685 = EDGE_CURVE('',#1686,#1677,#1688,.T.);
#1686 = VERTEX_POINT('',#1687);
#1687 = CARTESIAN_POINT('',(2.45,3.499642838919,9.9));
#1688 = LINE('',#1689,#1690);
#1689 = CARTESIAN_POINT('',(2.45,3.499642838919,9.7));
#1690 = VECTOR('',#1691,1.);
#1691 = DIRECTION('',(0.,0.,-1.));
#1692 = ORIENTED_EDGE('',*,*,#1693,.T.);
#1693 = EDGE_CURVE('',#1686,#1694,#1696,.T.);
#1694 = VERTEX_POINT('',#1695);
#1695 = CARTESIAN_POINT('',(-0.999642838919,5.000000000006E-02,9.9));
#1696 = CIRCLE('',#1697,3.5);
#1697 = AXIS2_PLACEMENT_3D('',#1698,#1699,#1700);
#1698 = CARTESIAN_POINT('',(2.5,0.,9.9));
#1699 = DIRECTION('',(0.,0.,1.));
#1700 = DIRECTION('',(-1.,1.224646799147E-16,0.));
#1701 = ORIENTED_EDGE('',*,*,#1702,.T.);
#1702 = EDGE_CURVE('',#1694,#1703,#1705,.T.);
#1703 = VERTEX_POINT('',#1704);
#1704 = CARTESIAN_POINT('',(-0.999642838919,5.E-02,9.8));
#1705 = LINE('',#1706,#1707);
#1706 = CARTESIAN_POINT('',(-0.999642838919,5.E-02,9.7));
#1707 = VECTOR('',#1708,1.);
#1708 = DIRECTION('',(0.,0.,-1.));
#1709 = ORIENTED_EDGE('',*,*,#1710,.F.);
#1710 = EDGE_CURVE('',#1711,#1703,#1713,.T.);
#1711 = VERTEX_POINT('',#1712);
#1712 = CARTESIAN_POINT('',(-1.,4.286263797016E-16,9.8));
#1713 = CIRCLE('',#1714,3.5);
#1714 = AXIS2_PLACEMENT_3D('',#1715,#1716,#1717);
#1715 = CARTESIAN_POINT('',(2.5,0.,9.8));
#1716 = DIRECTION('',(0.,0.,-1.));
#1717 = DIRECTION('',(-1.,1.224646799147E-16,0.));
#1718 = ORIENTED_EDGE('',*,*,#1719,.F.);
#1719 = EDGE_CURVE('',#1720,#1711,#1722,.T.);
#1720 = VERTEX_POINT('',#1721);
#1721 = CARTESIAN_POINT('',(-0.999642838919,-5.E-02,9.8));
#1722 = CIRCLE('',#1723,3.5);
#1723 = AXIS2_PLACEMENT_3D('',#1724,#1725,#1726);
#1724 = CARTESIAN_POINT('',(2.5,0.,9.8));
#1725 = DIRECTION('',(0.,0.,-1.));
#1726 = DIRECTION('',(-1.,1.224646799147E-16,0.));
#1727 = ORIENTED_EDGE('',*,*,#1728,.F.);
#1728 = EDGE_CURVE('',#1729,#1720,#1731,.T.);
#1729 = VERTEX_POINT('',#1730);
#1730 = CARTESIAN_POINT('',(-0.999642838919,-5.000000000007E-02,9.9));
#1731 = LINE('',#1732,#1733);
#1732 = CARTESIAN_POINT('',(-0.999642838919,-5.E-02,9.7));
#1733 = VECTOR('',#1734,1.);
#1734 = DIRECTION('',(0.,0.,-1.));
#1735 = ORIENTED_EDGE('',*,*,#1736,.T.);
#1736 = EDGE_CURVE('',#1729,#1737,#1739,.T.);
#1737 = VERTEX_POINT('',#1738);
#1738 = CARTESIAN_POINT('',(2.45,-3.499642838919,9.9));
#1739 = CIRCLE('',#1740,3.5);
#1740 = AXIS2_PLACEMENT_3D('',#1741,#1742,#1743);
#1741 = CARTESIAN_POINT('',(2.5,0.,9.9));
#1742 = DIRECTION('',(0.,0.,1.));
#1743 = DIRECTION('',(-1.,1.224646799147E-16,0.));
#1744 = ORIENTED_EDGE('',*,*,#1745,.T.);
#1745 = EDGE_CURVE('',#1737,#1746,#1748,.T.);
#1746 = VERTEX_POINT('',#1747);
#1747 = CARTESIAN_POINT('',(2.45,-3.499642838919,9.8));
#1748 = LINE('',#1749,#1750);
#1749 = CARTESIAN_POINT('',(2.45,-3.499642838919,9.7));
#1750 = VECTOR('',#1751,1.);
#1751 = DIRECTION('',(0.,0.,-1.));
#1752 = ORIENTED_EDGE('',*,*,#1753,.F.);
#1753 = EDGE_CURVE('',#1754,#1746,#1756,.T.);
#1754 = VERTEX_POINT('',#1755);
#1755 = CARTESIAN_POINT('',(2.55,-3.499642838919,9.8));
#1756 = CIRCLE('',#1757,3.5);
#1757 = AXIS2_PLACEMENT_3D('',#1758,#1759,#1760);
#1758 = CARTESIAN_POINT('',(2.5,0.,9.8));
#1759 = DIRECTION('',(0.,0.,-1.));
#1760 = DIRECTION('',(-1.,1.224646799147E-16,0.));
#1761 = ORIENTED_EDGE('',*,*,#1762,.F.);
#1762 = EDGE_CURVE('',#1763,#1754,#1765,.T.);
#1763 = VERTEX_POINT('',#1764);
#1764 = CARTESIAN_POINT('',(2.55,-3.499642838919,9.9));
#1765 = LINE('',#1766,#1767);
#1766 = CARTESIAN_POINT('',(2.55,-3.499642838919,9.7));
#1767 = VECTOR('',#1768,1.);
#1768 = DIRECTION('',(0.,0.,-1.));
#1769 = ORIENTED_EDGE('',*,*,#1770,.T.);
#1770 = EDGE_CURVE('',#1763,#1643,#1771,.T.);
#1771 = CIRCLE('',#1772,3.5);
#1772 = AXIS2_PLACEMENT_3D('',#1773,#1774,#1775);
#1773 = CARTESIAN_POINT('',(2.5,0.,9.9));
#1774 = DIRECTION('',(0.,0.,1.));
#1775 = DIRECTION('',(-1.,1.224646799147E-16,0.));
#1776 = CYLINDRICAL_SURFACE('',#1777,3.5);
#1777 = AXIS2_PLACEMENT_3D('',#1778,#1779,#1780);
#1778 = CARTESIAN_POINT('',(2.5,0.,10.));
#1779 = DIRECTION('',(0.,0.,-1.));
#1780 = DIRECTION('',(0.923879532511,-0.382683432365,0.));
#1781 = ADVANCED_FACE('',(#1782),#1828,.F.);
#1782 = FACE_BOUND('',#1783,.F.);
#1783 = EDGE_LOOP('',(#1784,#1785,#1786,#1787,#1796,#1804,#1813,#1821));
#1784 = ORIENTED_EDGE('',*,*,#1651,.F.);
#1785 = ORIENTED_EDGE('',*,*,#1626,.T.);
#1786 = ORIENTED_EDGE('',*,*,#1642,.T.);
#1787 = ORIENTED_EDGE('',*,*,#1788,.T.);
#1788 = EDGE_CURVE('',#1643,#1789,#1791,.T.);
#1789 = VERTEX_POINT('',#1790);
#1790 = CARTESIAN_POINT('',(5.999642838919,-5.000000000009E-02,9.9));
#1791 = CIRCLE('',#1792,3.5);
#1792 = AXIS2_PLACEMENT_3D('',#1793,#1794,#1795);
#1793 = CARTESIAN_POINT('',(2.5,0.,9.9));
#1794 = DIRECTION('',(0.,0.,1.));
#1795 = DIRECTION('',(-1.,1.224646799147E-16,0.));
#1796 = ORIENTED_EDGE('',*,*,#1797,.T.);
#1797 = EDGE_CURVE('',#1789,#1798,#1800,.T.);
#1798 = VERTEX_POINT('',#1799);
#1799 = CARTESIAN_POINT('',(5.999642838919,-5.E-02,9.8));
#1800 = LINE('',#1801,#1802);
#1801 = CARTESIAN_POINT('',(5.999642838919,-5.E-02,9.7));
#1802 = VECTOR('',#1803,1.);
#1803 = DIRECTION('',(0.,0.,-1.));
#1804 = ORIENTED_EDGE('',*,*,#1805,.F.);
#1805 = EDGE_CURVE('',#1806,#1798,#1808,.T.);
#1806 = VERTEX_POINT('',#1807);
#1807 = CARTESIAN_POINT('',(5.999642838919,5.E-02,9.8));
#1808 = CIRCLE('',#1809,3.5);
#1809 = AXIS2_PLACEMENT_3D('',#1810,#1811,#1812);
#1810 = CARTESIAN_POINT('',(2.5,0.,9.8));
#1811 = DIRECTION('',(0.,0.,-1.));
#1812 = DIRECTION('',(-1.,1.224646799147E-16,0.));
#1813 = ORIENTED_EDGE('',*,*,#1814,.F.);
#1814 = EDGE_CURVE('',#1815,#1806,#1817,.T.);
#1815 = VERTEX_POINT('',#1816);
#1816 = CARTESIAN_POINT('',(5.999642838919,5.000000000009E-02,9.9));
#1817 = LINE('',#1818,#1819);
#1818 = CARTESIAN_POINT('',(5.999642838919,5.E-02,9.7));
#1819 = VECTOR('',#1820,1.);
#1820 = DIRECTION('',(0.,0.,-1.));
#1821 = ORIENTED_EDGE('',*,*,#1822,.T.);
#1822 = EDGE_CURVE('',#1815,#1652,#1823,.T.);
#1823 = CIRCLE('',#1824,3.5);
#1824 = AXIS2_PLACEMENT_3D('',#1825,#1826,#1827);
#1825 = CARTESIAN_POINT('',(2.5,0.,9.9));
#1826 = DIRECTION('',(0.,0.,1.));
#1827 = DIRECTION('',(-1.,1.224646799147E-16,0.));
#1828 = CYLINDRICAL_SURFACE('',#1829,3.5);
#1829 = AXIS2_PLACEMENT_3D('',#1830,#1831,#1832);
#1830 = CARTESIAN_POINT('',(2.5,0.,10.));
#1831 = DIRECTION('',(0.,0.,-1.));
#1832 = DIRECTION('',(0.923879532511,0.382683432365,0.));
#1833 = ADVANCED_FACE('',(#1834),#1852,.T.);
#1834 = FACE_BOUND('',#1835,.T.);
#1835 = EDGE_LOOP('',(#1836,#1844,#1845,#1846));
#1836 = ORIENTED_EDGE('',*,*,#1837,.F.);
#1837 = EDGE_CURVE('',#1763,#1838,#1840,.T.);
#1838 = VERTEX_POINT('',#1839);
#1839 = CARTESIAN_POINT('',(2.55,-5.E-02,9.9));
#1840 = LINE('',#1841,#1842);
#1841 = CARTESIAN_POINT('',(2.55,-10.05,9.9));
#1842 = VECTOR('',#1843,1.);
#1843 = DIRECTION('',(1.224646799147E-16,1.,0.));
#1844 = ORIENTED_EDGE('',*,*,#1770,.T.);
#1845 = ORIENTED_EDGE('',*,*,#1788,.T.);
#1846 = ORIENTED_EDGE('',*,*,#1847,.F.);
#1847 = EDGE_CURVE('',#1838,#1789,#1848,.T.);
#1848 = LINE('',#1849,#1850);
#1849 = CARTESIAN_POINT('',(2.55,-5.E-02,9.9));
#1850 = VECTOR('',#1851,1.);
#1851 = DIRECTION('',(1.,-1.224646799147E-16,0.));
#1852 = PLANE('',#1853);
#1853 = AXIS2_PLACEMENT_3D('',#1854,#1855,#1856);
#1854 = CARTESIAN_POINT('',(2.5,-2.47821720825E-16,9.9));
#1855 = DIRECTION('',(-2.146560286316E-32,-5.341514587755E-32,1.));
#1856 = DIRECTION('',(-1.224646799147E-16,-1.,-5.341514587755E-32));
#1857 = ADVANCED_FACE('',(#1858),#1876,.F.);
#1858 = FACE_BOUND('',#1859,.F.);
#1859 = EDGE_LOOP('',(#1860,#1861,#1862,#1870));
#1860 = ORIENTED_EDGE('',*,*,#1837,.F.);
#1861 = ORIENTED_EDGE('',*,*,#1762,.T.);
#1862 = ORIENTED_EDGE('',*,*,#1863,.T.);
#1863 = EDGE_CURVE('',#1754,#1864,#1866,.T.);
#1864 = VERTEX_POINT('',#1865);
#1865 = CARTESIAN_POINT('',(2.55,-5.E-02,9.8));
#1866 = LINE('',#1867,#1868);
#1867 = CARTESIAN_POINT('',(2.55,-10.05,9.8));
#1868 = VECTOR('',#1869,1.);
#1869 = DIRECTION('',(1.224646799147E-16,1.,0.));
#1870 = ORIENTED_EDGE('',*,*,#1871,.F.);
#1871 = EDGE_CURVE('',#1838,#1864,#1872,.T.);
#1872 = LINE('',#1873,#1874);
#1873 = CARTESIAN_POINT('',(2.55,-5.E-02,9.9));
#1874 = VECTOR('',#1875,1.);
#1875 = DIRECTION('',(2.146560286316E-32,5.341514587755E-32,-1.));
#1876 = PLANE('',#1877);
#1877 = AXIS2_PLACEMENT_3D('',#1878,#1879,#1880);
#1878 = CARTESIAN_POINT('',(2.55,-10.05,9.9));
#1879 = DIRECTION('',(1.,-1.224646799147E-16,2.146560286316E-32));
#1880 = DIRECTION('',(1.224646799147E-16,1.,0.));
#1881 = ADVANCED_FACE('',(#1882),#1900,.T.);
#1882 = FACE_BOUND('',#1883,.T.);
#1883 = EDGE_LOOP('',(#1884,#1885,#1886,#1894));
#1884 = ORIENTED_EDGE('',*,*,#1822,.T.);
#1885 = ORIENTED_EDGE('',*,*,#1659,.T.);
#1886 = ORIENTED_EDGE('',*,*,#1887,.F.);
#1887 = EDGE_CURVE('',#1888,#1660,#1890,.T.);
#1888 = VERTEX_POINT('',#1889);
#1889 = CARTESIAN_POINT('',(2.55,5.E-02,9.9));
#1890 = LINE('',#1891,#1892);
#1891 = CARTESIAN_POINT('',(2.55,5.E-02,9.9));
#1892 = VECTOR('',#1893,1.);
#1893 = DIRECTION('',(1.224646799147E-16,1.,0.));
#1894 = ORIENTED_EDGE('',*,*,#1895,.F.);
#1895 = EDGE_CURVE('',#1815,#1888,#1896,.T.);
#1896 = LINE('',#1897,#1898);
#1897 = CARTESIAN_POINT('',(12.55,5.E-02,9.9));
#1898 = VECTOR('',#1899,1.);
#1899 = DIRECTION('',(-1.,1.224646799147E-16,0.));
#1900 = PLANE('',#1901);
#1901 = AXIS2_PLACEMENT_3D('',#1902,#1903,#1904);
#1902 = CARTESIAN_POINT('',(2.5,-2.47821720825E-16,9.9));
#1903 = DIRECTION('',(-2.146560286316E-32,-5.341514587755E-32,1.));
#1904 = DIRECTION('',(-1.224646799147E-16,-1.,-5.341514587755E-32));
#1905 = ADVANCED_FACE('',(#1906),#1962,.T.);
#1906 = FACE_BOUND('',#1907,.T.);
#1907 = EDGE_LOOP('',(#1908,#1916,#1922,#1923,#1924,#1930,#1931,#1939,
    #1945,#1946,#1954,#1960,#1961));
#1908 = ORIENTED_EDGE('',*,*,#1909,.T.);
#1909 = EDGE_CURVE('',#1720,#1910,#1912,.T.);
#1910 = VERTEX_POINT('',#1911);
#1911 = CARTESIAN_POINT('',(2.45,-5.E-02,9.8));
#1912 = LINE('',#1913,#1914);
#1913 = CARTESIAN_POINT('',(-7.55,-5.E-02,9.8));
#1914 = VECTOR('',#1915,1.);
#1915 = DIRECTION('',(1.,-1.005459867144E-17,0.));
#1916 = ORIENTED_EDGE('',*,*,#1917,.T.);
#1917 = EDGE_CURVE('',#1910,#1746,#1918,.T.);
#1918 = LINE('',#1919,#1920);
#1919 = CARTESIAN_POINT('',(2.45,-5.E-02,9.8));
#1920 = VECTOR('',#1921,1.);
#1921 = DIRECTION('',(-1.224646799147E-16,-1.,0.));
#1922 = ORIENTED_EDGE('',*,*,#1753,.F.);
#1923 = ORIENTED_EDGE('',*,*,#1863,.T.);
#1924 = ORIENTED_EDGE('',*,*,#1925,.T.);
#1925 = EDGE_CURVE('',#1864,#1798,#1926,.T.);
#1926 = LINE('',#1927,#1928);
#1927 = CARTESIAN_POINT('',(2.55,-5.E-02,9.8));
#1928 = VECTOR('',#1929,1.);
#1929 = DIRECTION('',(1.,-1.224646799147E-16,0.));
#1930 = ORIENTED_EDGE('',*,*,#1805,.F.);
#1931 = ORIENTED_EDGE('',*,*,#1932,.T.);
#1932 = EDGE_CURVE('',#1806,#1933,#1935,.T.);
#1933 = VERTEX_POINT('',#1934);
#1934 = CARTESIAN_POINT('',(2.55,5.E-02,9.8));
#1935 = LINE('',#1936,#1937);
#1936 = CARTESIAN_POINT('',(12.55,5.E-02,9.8));
#1937 = VECTOR('',#1938,1.);
#1938 = DIRECTION('',(-1.,1.224646799147E-16,0.));
#1939 = ORIENTED_EDGE('',*,*,#1940,.T.);
#1940 = EDGE_CURVE('',#1933,#1669,#1941,.T.);
#1941 = LINE('',#1942,#1943);
#1942 = CARTESIAN_POINT('',(2.55,5.E-02,9.8));
#1943 = VECTOR('',#1944,1.);
#1944 = DIRECTION('',(1.224646799147E-16,1.,0.));
#1945 = ORIENTED_EDGE('',*,*,#1676,.F.);
#1946 = ORIENTED_EDGE('',*,*,#1947,.T.);
#1947 = EDGE_CURVE('',#1677,#1948,#1950,.T.);
#1948 = VERTEX_POINT('',#1949);
#1949 = CARTESIAN_POINT('',(2.45,5.E-02,9.8));
#1950 = LINE('',#1951,#1952);
#1951 = CARTESIAN_POINT('',(2.45,10.05,9.8));
#1952 = VECTOR('',#1953,1.);
#1953 = DIRECTION('',(-1.224646799147E-16,-1.,0.));
#1954 = ORIENTED_EDGE('',*,*,#1955,.T.);
#1955 = EDGE_CURVE('',#1948,#1703,#1956,.T.);
#1956 = LINE('',#1957,#1958);
#1957 = CARTESIAN_POINT('',(2.45,5.E-02,9.8));
#1958 = VECTOR('',#1959,1.);
#1959 = DIRECTION('',(-1.,1.224646799147E-16,0.));
#1960 = ORIENTED_EDGE('',*,*,#1710,.F.);
#1961 = ORIENTED_EDGE('',*,*,#1719,.F.);
#1962 = PLANE('',#1963);
#1963 = AXIS2_PLACEMENT_3D('',#1964,#1965,#1966);
#1964 = CARTESIAN_POINT('',(2.5,-4.39808499183E-16,9.8));
#1965 = DIRECTION('',(2.138494777254E-32,-1.196107248295E-32,1.));
#1966 = DIRECTION('',(-1.,1.224646799147E-16,2.138494777254E-32));
#1967 = ADVANCED_FACE('',(#1968),#1979,.F.);
#1968 = FACE_BOUND('',#1969,.F.);
#1969 = EDGE_LOOP('',(#1970,#1971,#1977,#1978));
#1970 = ORIENTED_EDGE('',*,*,#1887,.F.);
#1971 = ORIENTED_EDGE('',*,*,#1972,.T.);
#1972 = EDGE_CURVE('',#1888,#1933,#1973,.T.);
#1973 = LINE('',#1974,#1975);
#1974 = CARTESIAN_POINT('',(2.55,5.E-02,9.9));
#1975 = VECTOR('',#1976,1.);
#1976 = DIRECTION('',(2.146560286316E-32,5.341514587755E-32,-1.));
#1977 = ORIENTED_EDGE('',*,*,#1940,.T.);
#1978 = ORIENTED_EDGE('',*,*,#1668,.F.);
#1979 = PLANE('',#1980);
#1980 = AXIS2_PLACEMENT_3D('',#1981,#1982,#1983);
#1981 = CARTESIAN_POINT('',(2.55,5.E-02,9.9));
#1982 = DIRECTION('',(1.,-1.224646799147E-16,2.146560286316E-32));
#1983 = DIRECTION('',(1.224646799147E-16,1.,0.));
#1984 = ADVANCED_FACE('',(#1985),#2003,.F.);
#1985 = FACE_BOUND('',#1986,.F.);
#1986 = EDGE_LOOP('',(#1987,#1995,#2001,#2002));
#1987 = ORIENTED_EDGE('',*,*,#1988,.F.);
#1988 = EDGE_CURVE('',#1989,#1737,#1991,.T.);
#1989 = VERTEX_POINT('',#1990);
#1990 = CARTESIAN_POINT('',(2.45,-5.E-02,9.9));
#1991 = LINE('',#1992,#1993);
#1992 = CARTESIAN_POINT('',(2.45,-5.E-02,9.9));
#1993 = VECTOR('',#1994,1.);
#1994 = DIRECTION('',(-1.224646799147E-16,-1.,0.));
#1995 = ORIENTED_EDGE('',*,*,#1996,.T.);
#1996 = EDGE_CURVE('',#1989,#1910,#1997,.T.);
#1997 = LINE('',#1998,#1999);
#1998 = CARTESIAN_POINT('',(2.45,-5.E-02,9.9));
#1999 = VECTOR('',#2000,1.);
#2000 = DIRECTION('',(2.146560286316E-32,5.341514587755E-32,-1.));
#2001 = ORIENTED_EDGE('',*,*,#1917,.T.);
#2002 = ORIENTED_EDGE('',*,*,#1745,.F.);
#2003 = PLANE('',#2004);
#2004 = AXIS2_PLACEMENT_3D('',#2005,#2006,#2007);
#2005 = CARTESIAN_POINT('',(2.45,-5.E-02,9.9));
#2006 = DIRECTION('',(-1.,1.224646799147E-16,-2.146560286316E-32));
#2007 = DIRECTION('',(-1.224646799147E-16,-1.,0.));
#2008 = ADVANCED_FACE('',(#2009),#2019,.T.);
#2009 = FACE_BOUND('',#2010,.T.);
#2010 = EDGE_LOOP('',(#2011,#2017,#2018));
#2011 = ORIENTED_EDGE('',*,*,#2012,.F.);
#2012 = EDGE_CURVE('',#1729,#1989,#2013,.T.);
#2013 = LINE('',#2014,#2015);
#2014 = CARTESIAN_POINT('',(-7.55,-5.E-02,9.9));
#2015 = VECTOR('',#2016,1.);
#2016 = DIRECTION('',(1.,-1.005459867144E-17,0.));
#2017 = ORIENTED_EDGE('',*,*,#1736,.T.);
#2018 = ORIENTED_EDGE('',*,*,#1988,.F.);
#2019 = PLANE('',#2020);
#2020 = AXIS2_PLACEMENT_3D('',#2021,#2022,#2023);
#2021 = CARTESIAN_POINT('',(2.5,-2.47821720825E-16,9.9));
#2022 = DIRECTION('',(-2.146560286316E-32,-5.341514587755E-32,1.));
#2023 = DIRECTION('',(-1.224646799147E-16,-1.,-5.341514587755E-32));
#2024 = ADVANCED_FACE('',(#2025),#2043,.F.);
#2025 = FACE_BOUND('',#2026,.F.);
#2026 = EDGE_LOOP('',(#2027,#2035,#2036,#2037));
#2027 = ORIENTED_EDGE('',*,*,#2028,.F.);
#2028 = EDGE_CURVE('',#1686,#2029,#2031,.T.);
#2029 = VERTEX_POINT('',#2030);
#2030 = CARTESIAN_POINT('',(2.45,5.E-02,9.9));
#2031 = LINE('',#2032,#2033);
#2032 = CARTESIAN_POINT('',(2.45,10.05,9.9));
#2033 = VECTOR('',#2034,1.);
#2034 = DIRECTION('',(-1.224646799147E-16,-1.,0.));
#2035 = ORIENTED_EDGE('',*,*,#1685,.T.);
#2036 = ORIENTED_EDGE('',*,*,#1947,.T.);
#2037 = ORIENTED_EDGE('',*,*,#2038,.F.);
#2038 = EDGE_CURVE('',#2029,#1948,#2039,.T.);
#2039 = LINE('',#2040,#2041);
#2040 = CARTESIAN_POINT('',(2.45,5.E-02,9.9));
#2041 = VECTOR('',#2042,1.);
#2042 = DIRECTION('',(2.146560286316E-32,5.341514587755E-32,-1.));
#2043 = PLANE('',#2044);
#2044 = AXIS2_PLACEMENT_3D('',#2045,#2046,#2047);
#2045 = CARTESIAN_POINT('',(2.45,10.05,9.9));
#2046 = DIRECTION('',(-1.,1.224646799147E-16,-2.146560286316E-32));
#2047 = DIRECTION('',(-1.224646799147E-16,-1.,0.));
#2048 = ADVANCED_FACE('',(#2049),#2055,.F.);
#2049 = FACE_BOUND('',#2050,.F.);
#2050 = EDGE_LOOP('',(#2051,#2052,#2053,#2054));
#2051 = ORIENTED_EDGE('',*,*,#2012,.F.);
#2052 = ORIENTED_EDGE('',*,*,#1728,.T.);
#2053 = ORIENTED_EDGE('',*,*,#1909,.T.);
#2054 = ORIENTED_EDGE('',*,*,#1996,.F.);
#2055 = PLANE('',#2056);
#2056 = AXIS2_PLACEMENT_3D('',#2057,#2058,#2059);
#2057 = CARTESIAN_POINT('',(-7.55,-5.E-02,9.9));
#2058 = DIRECTION('',(-1.005459867144E-17,-1.,-5.341514587755E-32));
#2059 = DIRECTION('',(1.,-1.005459867144E-17,0.));
#2060 = ADVANCED_FACE('',(#2061),#2071,.T.);
#2061 = FACE_BOUND('',#2062,.T.);
#2062 = EDGE_LOOP('',(#2063,#2064,#2070));
#2063 = ORIENTED_EDGE('',*,*,#1693,.T.);
#2064 = ORIENTED_EDGE('',*,*,#2065,.F.);
#2065 = EDGE_CURVE('',#2029,#1694,#2066,.T.);
#2066 = LINE('',#2067,#2068);
#2067 = CARTESIAN_POINT('',(2.45,5.E-02,9.9));
#2068 = VECTOR('',#2069,1.);
#2069 = DIRECTION('',(-1.,1.224646799147E-16,0.));
#2070 = ORIENTED_EDGE('',*,*,#2028,.F.);
#2071 = PLANE('',#2072);
#2072 = AXIS2_PLACEMENT_3D('',#2073,#2074,#2075);
#2073 = CARTESIAN_POINT('',(2.5,-2.47821720825E-16,9.9));
#2074 = DIRECTION('',(-2.146560286316E-32,-5.341514587755E-32,1.));
#2075 = DIRECTION('',(-1.224646799147E-16,-1.,-5.341514587755E-32));
#2076 = ADVANCED_FACE('',(#2077),#2083,.F.);
#2077 = FACE_BOUND('',#2078,.F.);
#2078 = EDGE_LOOP('',(#2079,#2080,#2081,#2082));
#2079 = ORIENTED_EDGE('',*,*,#2065,.F.);
#2080 = ORIENTED_EDGE('',*,*,#2038,.T.);
#2081 = ORIENTED_EDGE('',*,*,#1955,.T.);
#2082 = ORIENTED_EDGE('',*,*,#1702,.F.);
#2083 = PLANE('',#2084);
#2084 = AXIS2_PLACEMENT_3D('',#2085,#2086,#2087);
#2085 = CARTESIAN_POINT('',(2.45,5.E-02,9.9));
#2086 = DIRECTION('',(1.224646799147E-16,1.,5.341514587755E-32));
#2087 = DIRECTION('',(-1.,1.224646799147E-16,0.));
#2088 = ADVANCED_FACE('',(#2089),#2095,.F.);
#2089 = FACE_BOUND('',#2090,.F.);
#2090 = EDGE_LOOP('',(#2091,#2092,#2093,#2094));
#2091 = ORIENTED_EDGE('',*,*,#1895,.F.);
#2092 = ORIENTED_EDGE('',*,*,#1814,.T.);
#2093 = ORIENTED_EDGE('',*,*,#1932,.T.);
#2094 = ORIENTED_EDGE('',*,*,#1972,.F.);
#2095 = PLANE('',#2096);
#2096 = AXIS2_PLACEMENT_3D('',#2097,#2098,#2099);
#2097 = CARTESIAN_POINT('',(12.55,5.E-02,9.9));
#2098 = DIRECTION('',(1.224646799147E-16,1.,5.341514587755E-32));
#2099 = DIRECTION('',(-1.,1.224646799147E-16,0.));
#2100 = ADVANCED_FACE('',(#2101),#2107,.F.);
#2101 = FACE_BOUND('',#2102,.F.);
#2102 = EDGE_LOOP('',(#2103,#2104,#2105,#2106));
#2103 = ORIENTED_EDGE('',*,*,#1847,.F.);
#2104 = ORIENTED_EDGE('',*,*,#1871,.T.);
#2105 = ORIENTED_EDGE('',*,*,#1925,.T.);
#2106 = ORIENTED_EDGE('',*,*,#1797,.F.);
#2107 = PLANE('',#2108);
#2108 = AXIS2_PLACEMENT_3D('',#2109,#2110,#2111);
#2109 = CARTESIAN_POINT('',(2.55,-5.E-02,9.9));
#2110 = DIRECTION('',(-1.224646799147E-16,-1.,-5.341514587755E-32));
#2111 = DIRECTION('',(1.,-1.224646799147E-16,0.));
#2112 = ORIENTED_CLOSED_SHELL('',*,#2113,.F.);
#2113 = CLOSED_SHELL('',(#2114,#2147,#2179,#2196,#2223));
#2114 = ADVANCED_FACE('',(#2115),#2142,.T.);
#2115 = FACE_BOUND('',#2116,.T.);
#2116 = EDGE_LOOP('',(#2117,#2128,#2136));
#2117 = ORIENTED_EDGE('',*,*,#2118,.T.);
#2118 = EDGE_CURVE('',#2119,#2121,#2123,.T.);
#2119 = VERTEX_POINT('',#2120);
#2120 = CARTESIAN_POINT('',(5.73357836379,1.339392013278,9.6));
#2121 = VERTEX_POINT('',#2122);
#2122 = CARTESIAN_POINT('',(5.73357836379,-1.339392013278,9.6));
#2123 = CIRCLE('',#2124,3.5);
#2124 = AXIS2_PLACEMENT_3D('',#2125,#2126,#2127);
#2125 = CARTESIAN_POINT('',(2.5,0.,9.6));
#2126 = DIRECTION('',(0.,0.,-1.));
#2127 = DIRECTION('',(0.923879532511,0.382683432365,0.));
#2128 = ORIENTED_EDGE('',*,*,#2129,.T.);
#2129 = EDGE_CURVE('',#2121,#2130,#2132,.T.);
#2130 = VERTEX_POINT('',#2131);
#2131 = CARTESIAN_POINT('',(2.5,0.,9.6));
#2132 = LINE('',#2133,#2134);
#2133 = CARTESIAN_POINT('',(5.73357836379,-1.339392013278,9.6));
#2134 = VECTOR('',#2135,1.);
#2135 = DIRECTION('',(-0.923879532511,0.382683432365,0.));
#2136 = ORIENTED_EDGE('',*,*,#2137,.F.);
#2137 = EDGE_CURVE('',#2119,#2130,#2138,.T.);
#2138 = LINE('',#2139,#2140);
#2139 = CARTESIAN_POINT('',(5.73357836379,1.339392013278,9.6));
#2140 = VECTOR('',#2141,1.);
#2141 = DIRECTION('',(-0.923879532511,-0.382683432365,0.));
#2142 = PLANE('',#2143);
#2143 = AXIS2_PLACEMENT_3D('',#2144,#2145,#2146);
#2144 = CARTESIAN_POINT('',(2.5,0.,9.6));
#2145 = DIRECTION('',(0.,0.,-1.));
#2146 = DIRECTION('',(0.923879532511,0.382683432365,0.));
#2147 = ADVANCED_FACE('',(#2148),#2174,.T.);
#2148 = FACE_BOUND('',#2149,.T.);
#2149 = EDGE_LOOP('',(#2150,#2158,#2167,#2173));
#2150 = ORIENTED_EDGE('',*,*,#2151,.F.);
#2151 = EDGE_CURVE('',#2152,#2119,#2154,.T.);
#2152 = VERTEX_POINT('',#2153);
#2153 = CARTESIAN_POINT('',(5.73357836379,1.339392013278,9.7));
#2154 = LINE('',#2155,#2156);
#2155 = CARTESIAN_POINT('',(5.73357836379,1.339392013278,10.));
#2156 = VECTOR('',#2157,1.);
#2157 = DIRECTION('',(0.,0.,-1.));
#2158 = ORIENTED_EDGE('',*,*,#2159,.F.);
#2159 = EDGE_CURVE('',#2160,#2152,#2162,.T.);
#2160 = VERTEX_POINT('',#2161);
#2161 = CARTESIAN_POINT('',(5.73357836379,-1.339392013278,9.7));
#2162 = CIRCLE('',#2163,3.5);
#2163 = AXIS2_PLACEMENT_3D('',#2164,#2165,#2166);
#2164 = CARTESIAN_POINT('',(2.5,0.,9.7));
#2165 = DIRECTION('',(0.,0.,1.));
#2166 = DIRECTION('',(-1.,1.224646799147E-16,0.));
#2167 = ORIENTED_EDGE('',*,*,#2168,.T.);
#2168 = EDGE_CURVE('',#2160,#2121,#2169,.T.);
#2169 = LINE('',#2170,#2171);
#2170 = CARTESIAN_POINT('',(5.73357836379,-1.339392013278,10.));
#2171 = VECTOR('',#2172,1.);
#2172 = DIRECTION('',(0.,0.,-1.));
#2173 = ORIENTED_EDGE('',*,*,#2118,.F.);
#2174 = CYLINDRICAL_SURFACE('',#2175,3.5);
#2175 = AXIS2_PLACEMENT_3D('',#2176,#2177,#2178);
#2176 = CARTESIAN_POINT('',(2.5,0.,10.));
#2177 = DIRECTION('',(0.,0.,-1.));
#2178 = DIRECTION('',(0.923879532511,0.382683432365,0.));
#2179 = ADVANCED_FACE('',(#2180),#2191,.T.);
#2180 = FACE_BOUND('',#2181,.T.);
#2181 = EDGE_LOOP('',(#2182,#2189,#2190));
#2182 = ORIENTED_EDGE('',*,*,#2183,.T.);
#2183 = EDGE_CURVE('',#2121,#2119,#2184,.T.);
#2184 = CIRCLE('',#2185,3.5);
#2185 = AXIS2_PLACEMENT_3D('',#2186,#2187,#2188);
#2186 = CARTESIAN_POINT('',(2.5,0.,9.6));
#2187 = DIRECTION('',(0.,-0.,-1.));
#2188 = DIRECTION('',(0.923879532511,-0.382683432365,0.));
#2189 = ORIENTED_EDGE('',*,*,#2137,.T.);
#2190 = ORIENTED_EDGE('',*,*,#2129,.F.);
#2191 = PLANE('',#2192);
#2192 = AXIS2_PLACEMENT_3D('',#2193,#2194,#2195);
#2193 = CARTESIAN_POINT('',(2.5,0.,9.6));
#2194 = DIRECTION('',(0.,0.,-1.));
#2195 = DIRECTION('',(0.923879532511,-0.382683432365,0.));
#2196 = ADVANCED_FACE('',(#2197),#2218,.T.);
#2197 = FACE_BOUND('',#2198,.T.);
#2198 = EDGE_LOOP('',(#2199,#2200,#2209,#2216,#2217));
#2199 = ORIENTED_EDGE('',*,*,#2168,.F.);
#2200 = ORIENTED_EDGE('',*,*,#2201,.F.);
#2201 = EDGE_CURVE('',#2202,#2160,#2204,.T.);
#2202 = VERTEX_POINT('',#2203);
#2203 = CARTESIAN_POINT('',(-1.,4.286263797016E-16,9.7));
#2204 = CIRCLE('',#2205,3.5);
#2205 = AXIS2_PLACEMENT_3D('',#2206,#2207,#2208);
#2206 = CARTESIAN_POINT('',(2.5,0.,9.7));
#2207 = DIRECTION('',(0.,0.,1.));
#2208 = DIRECTION('',(-1.,1.224646799147E-16,0.));
#2209 = ORIENTED_EDGE('',*,*,#2210,.F.);
#2210 = EDGE_CURVE('',#2152,#2202,#2211,.T.);
#2211 = CIRCLE('',#2212,3.5);
#2212 = AXIS2_PLACEMENT_3D('',#2213,#2214,#2215);
#2213 = CARTESIAN_POINT('',(2.5,0.,9.7));
#2214 = DIRECTION('',(0.,0.,1.));
#2215 = DIRECTION('',(-1.,1.224646799147E-16,0.));
#2216 = ORIENTED_EDGE('',*,*,#2151,.T.);
#2217 = ORIENTED_EDGE('',*,*,#2183,.F.);
#2218 = CYLINDRICAL_SURFACE('',#2219,3.5);
#2219 = AXIS2_PLACEMENT_3D('',#2220,#2221,#2222);
#2220 = CARTESIAN_POINT('',(2.5,0.,10.));
#2221 = DIRECTION('',(0.,0.,-1.));
#2222 = DIRECTION('',(0.923879532511,-0.382683432365,0.));
#2223 = ADVANCED_FACE('',(#2224),#2229,.T.);
#2224 = FACE_BOUND('',#2225,.T.);
#2225 = EDGE_LOOP('',(#2226,#2227,#2228));
#2226 = ORIENTED_EDGE('',*,*,#2201,.T.);
#2227 = ORIENTED_EDGE('',*,*,#2159,.T.);
#2228 = ORIENTED_EDGE('',*,*,#2210,.T.);
#2229 = PLANE('',#2230);
#2230 = AXIS2_PLACEMENT_3D('',#2231,#2232,#2233);
#2231 = CARTESIAN_POINT('',(2.5,-2.47821720825E-16,9.7));
#2232 = DIRECTION('',(-2.146560286316E-32,-5.341514587755E-32,1.));
#2233 = DIRECTION('',(-1.224646799147E-16,-1.,-5.341514587755E-32));
#2234 = ( GEOMETRIC_REPRESENTATION_CONTEXT(3) 
GLOBAL_UNCERTAINTY_ASSIGNED_CONTEXT((#2238)) 
GLOBAL_UNIT_ASSIGNED_CONTEXT((#2235,#2236,#2237)) REPRESENTATION_CONTEXT
('Context #1','3D Context with UNIT and UNCERTAINTY') );
#2235 = ( LENGTH_UNIT() NAMED_UNIT(*) SI_UNIT(.MILLI.,.METRE.) );
#2236 = ( NAMED_UNIT(*) PLANE_ANGLE_UNIT() SI_UNIT($,.RADIAN.) );
#2237 = ( NAMED_UNIT(*) SI_UNIT($,.STERADIAN.) SOLID_ANGLE_UNIT() );
#2238 = UNCERTAINTY_MEASURE_WITH_UNIT(LENGTH_MEASURE(1.E-06),#2235,
  'distance_accuracy_value','confusion accuracy');
#2239 = CONTEXT_DEPENDENT_SHAPE_REPRESENTATION(#2240,#2242);
#2240 = ( REPRESENTATION_RELATIONSHIP('','',#163,#140) 
REPRESENTATION_RELATIONSHIP_WITH_TRANSFORMATION(#2241) 
SHAPE_REPRESENTATION_RELATIONSHIP() );
#2241 = ITEM_DEFINED_TRANSFORMATION('','',#11,#141);
#2242 = PRODUCT_DEFINITION_SHAPE('Placement','Placement of an item',
  #2243);
#2243 = NEXT_ASSEMBLY_USAGE_OCCURRENCE('1','=>[0:1:1:3]','',#135,#158,$
  );
#2244 = PRODUCT_RELATED_PRODUCT_CATEGORY('part',$,(#160));
#2245 = SHAPE_DEFINITION_REPRESENTATION(#2246,#2252);
#2246 = PRODUCT_DEFINITION_SHAPE('','',#2247);
#2247 = PRODUCT_DEFINITION('design','',#2248,#2251);
#2248 = PRODUCT_DEFINITION_FORMATION('','',#2249);
#2249 = PRODUCT('R_0805_2012Metric','R_0805_2012Metric','',(#2250));
#2250 = PRODUCT_CONTEXT('',#2,'mechanical');
#2251 = PRODUCT_DEFINITION_CONTEXT('part definition',#2,'design');
#2252 = SHAPE_REPRESENTATION('',(#11,#2253),#2257);
#2253 = AXIS2_PLACEMENT_3D('',#2254,#2255,#2256);
#2254 = CARTESIAN_POINT('',(0.,0.,0.));
#2255 = DIRECTION('',(0.,0.,1.));
#2256 = DIRECTION('',(1.,0.,-0.));
#2257 = ( GEOMETRIC_REPRESENTATION_CONTEXT(3) 
GLOBAL_UNCERTAINTY_ASSIGNED_CONTEXT((#2261)) 
GLOBAL_UNIT_ASSIGNED_CONTEXT((#2258,#2259,#2260)) REPRESENTATION_CONTEXT
('Context #1','3D Context with UNIT and UNCERTAINTY') );
#2258 = ( LENGTH_UNIT() NAMED_UNIT(*) SI_UNIT(.MILLI.,.METRE.) );
#2259 = ( NAMED_UNIT(*) PLANE_ANGLE_UNIT() SI_UNIT($,.RADIAN.) );
#2260 = ( NAMED_UNIT(*) SI_UNIT($,.STERADIAN.) SOLID_ANGLE_UNIT() );
#2261 = UNCERTAINTY_MEASURE_WITH_UNIT(LENGTH_MEASURE(1.E-07),#2258,
  'distance_accuracy_value','confusion accuracy');
#2262 = CONTEXT_DEPENDENT_SHAPE_REPRESENTATION(#2263,#2265);
#2263 = ( REPRESENTATION_RELATIONSHIP('','',#2252,#10) 
REPRESENTATION_RELATIONSHIP_WITH_TRANSFORMATION(#2264) 
SHAPE_REPRESENTATION_RELATIONSHIP() );
#2264 = ITEM_DEFINED_TRANSFORMATION('','',#11,#19);
#2265 = PRODUCT_DEFINITION_SHAPE('Placement','Placement of an item',
  #2266);
#2266 = NEXT_ASSEMBLY_USAGE_OCCURRENCE('4','C4','',#5,#2247,$);
#2267 = PRODUCT_RELATED_PRODUCT_CATEGORY('part',$,(#2249));
#2268 = SHAPE_DEFINITION_REPRESENTATION(#2269,#2275);
#2269 = PRODUCT_DEFINITION_SHAPE('','',#2270);
#2270 = PRODUCT_DEFINITION('design','',#2271,#2274);
#2271 = PRODUCT_DEFINITION_FORMATION('','',#2272);
#2272 = PRODUCT('R_0805_2012Metric','R_0805_2012Metric','',(#2273));
#2273 = PRODUCT_CONTEXT('',#2,'mechanical');
#2274 = PRODUCT_DEFINITION_CONTEXT('part definition',#2,'design');
#2275 = ADVANCED_BREP_SHAPE_REPRESENTATION('',(#11,#2276),#3066);
#2276 = MANIFOLD_SOLID_BREP('',#2277);
#2277 = CLOSED_SHELL('',(#2278,#2318,#2401,#2426,#2451,#2518,#2535,#2552
    ,#2601,#2618,#2635,#2684,#2701,#2770,#2801,#2825,#2894,#2918,#2935,
    #2952,#2969,#2986,#3003,#3020,#3037,#3054));
#2278 = ADVANCED_FACE('',(#2279),#2313,.F.);
#2279 = FACE_BOUND('',#2280,.F.);
#2280 = EDGE_LOOP('',(#2281,#2291,#2299,#2307));
#2281 = ORIENTED_EDGE('',*,*,#2282,.F.);
#2282 = EDGE_CURVE('',#2283,#2285,#2287,.T.);
#2283 = VERTEX_POINT('',#2284);
#2284 = CARTESIAN_POINT('',(-1.,-0.6,4.5E-02));
#2285 = VERTEX_POINT('',#2286);
#2286 = CARTESIAN_POINT('',(-1.,-0.6,0.405));
#2287 = LINE('',#2288,#2289);
#2288 = CARTESIAN_POINT('',(-1.,-0.6,0.));
#2289 = VECTOR('',#2290,1.);
#2290 = DIRECTION('',(0.,0.,1.));
#2291 = ORIENTED_EDGE('',*,*,#2292,.T.);
#2292 = EDGE_CURVE('',#2283,#2293,#2295,.T.);
#2293 = VERTEX_POINT('',#2294);
#2294 = CARTESIAN_POINT('',(-1.,0.6,4.5E-02));
#2295 = LINE('',#2296,#2297);
#2296 = CARTESIAN_POINT('',(-1.,-0.6,4.5E-02));
#2297 = VECTOR('',#2298,1.);
#2298 = DIRECTION('',(0.,1.,0.));
#2299 = ORIENTED_EDGE('',*,*,#2300,.T.);
#2300 = EDGE_CURVE('',#2293,#2301,#2303,.T.);
#2301 = VERTEX_POINT('',#2302);
#2302 = CARTESIAN_POINT('',(-1.,0.6,0.405));
#2303 = LINE('',#2304,#2305);
#2304 = CARTESIAN_POINT('',(-1.,0.6,0.));
#2305 = VECTOR('',#2306,1.);
#2306 = DIRECTION('',(0.,0.,1.));
#2307 = ORIENTED_EDGE('',*,*,#2308,.F.);
#2308 = EDGE_CURVE('',#2285,#2301,#2309,.T.);
#2309 = LINE('',#2310,#2311);
#2310 = CARTESIAN_POINT('',(-1.,-0.6,0.405));
#2311 = VECTOR('',#2312,1.);
#2312 = DIRECTION('',(0.,1.,0.));
#2313 = PLANE('',#2314);
#2314 = AXIS2_PLACEMENT_3D('',#2315,#2316,#2317);
#2315 = CARTESIAN_POINT('',(-1.,-0.6,0.));
#2316 = DIRECTION('',(1.,0.,0.));
#2317 = DIRECTION('',(0.,0.,1.));
#2318 = ADVANCED_FACE('',(#2319),#2396,.F.);
#2319 = FACE_BOUND('',#2320,.F.);
#2320 = EDGE_LOOP('',(#2321,#2331,#2338,#2339,#2348,#2356,#2365,#2373,
    #2381,#2389));
#2321 = ORIENTED_EDGE('',*,*,#2322,.F.);
#2322 = EDGE_CURVE('',#2323,#2325,#2327,.T.);
#2323 = VERTEX_POINT('',#2324);
#2324 = CARTESIAN_POINT('',(-0.955,-0.6,-2.775557561563E-17));
#2325 = VERTEX_POINT('',#2326);
#2326 = CARTESIAN_POINT('',(-0.745,-0.6,-2.775557561563E-17));
#2327 = LINE('',#2328,#2329);
#2328 = CARTESIAN_POINT('',(-1.,-0.6,0.));
#2329 = VECTOR('',#2330,1.);
#2330 = DIRECTION('',(1.,0.,0.));
#2331 = ORIENTED_EDGE('',*,*,#2332,.F.);
#2332 = EDGE_CURVE('',#2283,#2323,#2333,.T.);
#2333 = CIRCLE('',#2334,4.5E-02);
#2334 = AXIS2_PLACEMENT_3D('',#2335,#2336,#2337);
#2335 = CARTESIAN_POINT('',(-0.955,-0.6,4.5E-02));
#2336 = DIRECTION('',(0.,-1.,0.));
#2337 = DIRECTION('',(0.,0.,1.));
#2338 = ORIENTED_EDGE('',*,*,#2282,.T.);
#2339 = ORIENTED_EDGE('',*,*,#2340,.T.);
#2340 = EDGE_CURVE('',#2285,#2341,#2343,.T.);
#2341 = VERTEX_POINT('',#2342);
#2342 = CARTESIAN_POINT('',(-0.955,-0.6,0.45));
#2343 = CIRCLE('',#2344,4.5E-02);
#2344 = AXIS2_PLACEMENT_3D('',#2345,#2346,#2347);
#2345 = CARTESIAN_POINT('',(-0.955,-0.6,0.405));
#2346 = DIRECTION('',(0.,1.,0.));
#2347 = DIRECTION('',(0.,-0.,1.));
#2348 = ORIENTED_EDGE('',*,*,#2349,.T.);
#2349 = EDGE_CURVE('',#2341,#2350,#2352,.T.);
#2350 = VERTEX_POINT('',#2351);
#2351 = CARTESIAN_POINT('',(-0.745,-0.6,0.45));
#2352 = LINE('',#2353,#2354);
#2353 = CARTESIAN_POINT('',(-1.,-0.6,0.45));
#2354 = VECTOR('',#2355,1.);
#2355 = DIRECTION('',(1.,0.,0.));
#2356 = ORIENTED_EDGE('',*,*,#2357,.F.);
#2357 = EDGE_CURVE('',#2358,#2350,#2360,.T.);
#2358 = VERTEX_POINT('',#2359);
#2359 = CARTESIAN_POINT('',(-0.7,-0.6,0.405));
#2360 = CIRCLE('',#2361,4.5E-02);
#2361 = AXIS2_PLACEMENT_3D('',#2362,#2363,#2364);
#2362 = CARTESIAN_POINT('',(-0.745,-0.6,0.405));
#2363 = DIRECTION('',(0.,-1.,0.));
#2364 = DIRECTION('',(0.,0.,1.));
#2365 = ORIENTED_EDGE('',*,*,#2366,.F.);
#2366 = EDGE_CURVE('',#2367,#2358,#2369,.T.);
#2367 = VERTEX_POINT('',#2368);
#2368 = CARTESIAN_POINT('',(-0.955,-0.6,0.405));
#2369 = LINE('',#2370,#2371);
#2370 = CARTESIAN_POINT('',(-0.955,-0.6,0.405));
#2371 = VECTOR('',#2372,1.);
#2372 = DIRECTION('',(1.,0.,0.));
#2373 = ORIENTED_EDGE('',*,*,#2374,.F.);
#2374 = EDGE_CURVE('',#2375,#2367,#2377,.T.);
#2375 = VERTEX_POINT('',#2376);
#2376 = CARTESIAN_POINT('',(-0.955,-0.6,4.5E-02));
#2377 = LINE('',#2378,#2379);
#2378 = CARTESIAN_POINT('',(-0.955,-0.6,4.5E-02));
#2379 = VECTOR('',#2380,1.);
#2380 = DIRECTION('',(0.,0.,1.));
#2381 = ORIENTED_EDGE('',*,*,#2382,.T.);
#2382 = EDGE_CURVE('',#2375,#2383,#2385,.T.);
#2383 = VERTEX_POINT('',#2384);
#2384 = CARTESIAN_POINT('',(-0.7,-0.6,4.5E-02));
#2385 = LINE('',#2386,#2387);
#2386 = CARTESIAN_POINT('',(-0.955,-0.6,4.5E-02));
#2387 = VECTOR('',#2388,1.);
#2388 = DIRECTION('',(1.,0.,0.));
#2389 = ORIENTED_EDGE('',*,*,#2390,.T.);
#2390 = EDGE_CURVE('',#2383,#2325,#2391,.T.);
#2391 = CIRCLE('',#2392,4.5E-02);
#2392 = AXIS2_PLACEMENT_3D('',#2393,#2394,#2395);
#2393 = CARTESIAN_POINT('',(-0.745,-0.6,4.5E-02));
#2394 = DIRECTION('',(0.,1.,0.));
#2395 = DIRECTION('',(0.,-0.,1.));
#2396 = PLANE('',#2397);
#2397 = AXIS2_PLACEMENT_3D('',#2398,#2399,#2400);
#2398 = CARTESIAN_POINT('',(-1.,-0.6,0.));
#2399 = DIRECTION('',(0.,1.,0.));
#2400 = DIRECTION('',(0.,-0.,1.));
#2401 = ADVANCED_FACE('',(#2402),#2421,.T.);
#2402 = FACE_BOUND('',#2403,.T.);
#2403 = EDGE_LOOP('',(#2404,#2405,#2414,#2420));
#2404 = ORIENTED_EDGE('',*,*,#2292,.T.);
#2405 = ORIENTED_EDGE('',*,*,#2406,.T.);
#2406 = EDGE_CURVE('',#2293,#2407,#2409,.T.);
#2407 = VERTEX_POINT('',#2408);
#2408 = CARTESIAN_POINT('',(-0.955,0.6,-2.775557561563E-17));
#2409 = CIRCLE('',#2410,4.5E-02);
#2410 = AXIS2_PLACEMENT_3D('',#2411,#2412,#2413);
#2411 = CARTESIAN_POINT('',(-0.955,0.6,4.5E-02));
#2412 = DIRECTION('',(0.,-1.,0.));
#2413 = DIRECTION('',(0.,0.,1.));
#2414 = ORIENTED_EDGE('',*,*,#2415,.F.);
#2415 = EDGE_CURVE('',#2323,#2407,#2416,.T.);
#2416 = LINE('',#2417,#2418);
#2417 = CARTESIAN_POINT('',(-0.955,-0.6,-2.775557561563E-17));
#2418 = VECTOR('',#2419,1.);
#2419 = DIRECTION('',(0.,1.,0.));
#2420 = ORIENTED_EDGE('',*,*,#2332,.F.);
#2421 = CYLINDRICAL_SURFACE('',#2422,4.5E-02);
#2422 = AXIS2_PLACEMENT_3D('',#2423,#2424,#2425);
#2423 = CARTESIAN_POINT('',(-0.955,-0.6,4.5E-02));
#2424 = DIRECTION('',(0.,1.,0.));
#2425 = DIRECTION('',(-1.,0.,0.));
#2426 = ADVANCED_FACE('',(#2427),#2446,.T.);
#2427 = FACE_BOUND('',#2428,.T.);
#2428 = EDGE_LOOP('',(#2429,#2430,#2438,#2445));
#2429 = ORIENTED_EDGE('',*,*,#2340,.T.);
#2430 = ORIENTED_EDGE('',*,*,#2431,.T.);
#2431 = EDGE_CURVE('',#2341,#2432,#2434,.T.);
#2432 = VERTEX_POINT('',#2433);
#2433 = CARTESIAN_POINT('',(-0.955,0.6,0.45));
#2434 = LINE('',#2435,#2436);
#2435 = CARTESIAN_POINT('',(-0.955,-0.6,0.45));
#2436 = VECTOR('',#2437,1.);
#2437 = DIRECTION('',(0.,1.,0.));
#2438 = ORIENTED_EDGE('',*,*,#2439,.F.);
#2439 = EDGE_CURVE('',#2301,#2432,#2440,.T.);
#2440 = CIRCLE('',#2441,4.5E-02);
#2441 = AXIS2_PLACEMENT_3D('',#2442,#2443,#2444);
#2442 = CARTESIAN_POINT('',(-0.955,0.6,0.405));
#2443 = DIRECTION('',(0.,1.,0.));
#2444 = DIRECTION('',(0.,-0.,1.));
#2445 = ORIENTED_EDGE('',*,*,#2308,.F.);
#2446 = CYLINDRICAL_SURFACE('',#2447,4.5E-02);
#2447 = AXIS2_PLACEMENT_3D('',#2448,#2449,#2450);
#2448 = CARTESIAN_POINT('',(-0.955,-0.6,0.405));
#2449 = DIRECTION('',(0.,1.,0.));
#2450 = DIRECTION('',(-1.,0.,0.));
#2451 = ADVANCED_FACE('',(#2452),#2513,.T.);
#2452 = FACE_BOUND('',#2453,.T.);
#2453 = EDGE_LOOP('',(#2454,#2462,#2463,#2464,#2465,#2473,#2482,#2490,
    #2498,#2506));
#2454 = ORIENTED_EDGE('',*,*,#2455,.F.);
#2455 = EDGE_CURVE('',#2407,#2456,#2458,.T.);
#2456 = VERTEX_POINT('',#2457);
#2457 = CARTESIAN_POINT('',(-0.745,0.6,-2.775557561563E-17));
#2458 = LINE('',#2459,#2460);
#2459 = CARTESIAN_POINT('',(-1.,0.6,0.));
#2460 = VECTOR('',#2461,1.);
#2461 = DIRECTION('',(1.,0.,0.));
#2462 = ORIENTED_EDGE('',*,*,#2406,.F.);
#2463 = ORIENTED_EDGE('',*,*,#2300,.T.);
#2464 = ORIENTED_EDGE('',*,*,#2439,.T.);
#2465 = ORIENTED_EDGE('',*,*,#2466,.T.);
#2466 = EDGE_CURVE('',#2432,#2467,#2469,.T.);
#2467 = VERTEX_POINT('',#2468);
#2468 = CARTESIAN_POINT('',(-0.745,0.6,0.45));
#2469 = LINE('',#2470,#2471);
#2470 = CARTESIAN_POINT('',(-1.,0.6,0.45));
#2471 = VECTOR('',#2472,1.);
#2472 = DIRECTION('',(1.,0.,0.));
#2473 = ORIENTED_EDGE('',*,*,#2474,.F.);
#2474 = EDGE_CURVE('',#2475,#2467,#2477,.T.);
#2475 = VERTEX_POINT('',#2476);
#2476 = CARTESIAN_POINT('',(-0.7,0.6,0.405));
#2477 = CIRCLE('',#2478,4.5E-02);
#2478 = AXIS2_PLACEMENT_3D('',#2479,#2480,#2481);
#2479 = CARTESIAN_POINT('',(-0.745,0.6,0.405));
#2480 = DIRECTION('',(0.,-1.,0.));
#2481 = DIRECTION('',(0.,0.,1.));
#2482 = ORIENTED_EDGE('',*,*,#2483,.F.);
#2483 = EDGE_CURVE('',#2484,#2475,#2486,.T.);
#2484 = VERTEX_POINT('',#2485);
#2485 = CARTESIAN_POINT('',(-0.955,0.6,0.405));
#2486 = LINE('',#2487,#2488);
#2487 = CARTESIAN_POINT('',(-0.955,0.6,0.405));
#2488 = VECTOR('',#2489,1.);
#2489 = DIRECTION('',(1.,0.,0.));
#2490 = ORIENTED_EDGE('',*,*,#2491,.F.);
#2491 = EDGE_CURVE('',#2492,#2484,#2494,.T.);
#2492 = VERTEX_POINT('',#2493);
#2493 = CARTESIAN_POINT('',(-0.955,0.6,4.5E-02));
#2494 = LINE('',#2495,#2496);
#2495 = CARTESIAN_POINT('',(-0.955,0.6,4.5E-02));
#2496 = VECTOR('',#2497,1.);
#2497 = DIRECTION('',(0.,0.,1.));
#2498 = ORIENTED_EDGE('',*,*,#2499,.T.);
#2499 = EDGE_CURVE('',#2492,#2500,#2502,.T.);
#2500 = VERTEX_POINT('',#2501);
#2501 = CARTESIAN_POINT('',(-0.7,0.6,4.5E-02));
#2502 = LINE('',#2503,#2504);
#2503 = CARTESIAN_POINT('',(-0.955,0.6,4.5E-02));
#2504 = VECTOR('',#2505,1.);
#2505 = DIRECTION('',(1.,0.,0.));
#2506 = ORIENTED_EDGE('',*,*,#2507,.T.);
#2507 = EDGE_CURVE('',#2500,#2456,#2508,.T.);
#2508 = CIRCLE('',#2509,4.5E-02);
#2509 = AXIS2_PLACEMENT_3D('',#2510,#2511,#2512);
#2510 = CARTESIAN_POINT('',(-0.745,0.6,4.5E-02));
#2511 = DIRECTION('',(0.,1.,0.));
#2512 = DIRECTION('',(0.,-0.,1.));
#2513 = PLANE('',#2514);
#2514 = AXIS2_PLACEMENT_3D('',#2515,#2516,#2517);
#2515 = CARTESIAN_POINT('',(-1.,0.6,0.));
#2516 = DIRECTION('',(0.,1.,0.));
#2517 = DIRECTION('',(0.,-0.,1.));
#2518 = ADVANCED_FACE('',(#2519),#2530,.F.);
#2519 = FACE_BOUND('',#2520,.F.);
#2520 = EDGE_LOOP('',(#2521,#2522,#2523,#2524));
#2521 = ORIENTED_EDGE('',*,*,#2455,.F.);
#2522 = ORIENTED_EDGE('',*,*,#2415,.F.);
#2523 = ORIENTED_EDGE('',*,*,#2322,.T.);
#2524 = ORIENTED_EDGE('',*,*,#2525,.T.);
#2525 = EDGE_CURVE('',#2325,#2456,#2526,.T.);
#2526 = LINE('',#2527,#2528);
#2527 = CARTESIAN_POINT('',(-0.745,-0.6,-2.775557561563E-17));
#2528 = VECTOR('',#2529,1.);
#2529 = DIRECTION('',(0.,1.,0.));
#2530 = PLANE('',#2531);
#2531 = AXIS2_PLACEMENT_3D('',#2532,#2533,#2534);
#2532 = CARTESIAN_POINT('',(-1.,-0.6,0.));
#2533 = DIRECTION('',(0.,0.,1.));
#2534 = DIRECTION('',(1.,0.,-0.));
#2535 = ADVANCED_FACE('',(#2536),#2547,.T.);
#2536 = FACE_BOUND('',#2537,.T.);
#2537 = EDGE_LOOP('',(#2538,#2539,#2540,#2541));
#2538 = ORIENTED_EDGE('',*,*,#2390,.T.);
#2539 = ORIENTED_EDGE('',*,*,#2525,.T.);
#2540 = ORIENTED_EDGE('',*,*,#2507,.F.);
#2541 = ORIENTED_EDGE('',*,*,#2542,.F.);
#2542 = EDGE_CURVE('',#2383,#2500,#2543,.T.);
#2543 = LINE('',#2544,#2545);
#2544 = CARTESIAN_POINT('',(-0.7,-0.6,4.5E-02));
#2545 = VECTOR('',#2546,1.);
#2546 = DIRECTION('',(0.,1.,0.));
#2547 = CYLINDRICAL_SURFACE('',#2548,4.5E-02);
#2548 = AXIS2_PLACEMENT_3D('',#2549,#2550,#2551);
#2549 = CARTESIAN_POINT('',(-0.745,-0.6,4.5E-02));
#2550 = DIRECTION('',(0.,1.,0.));
#2551 = DIRECTION('',(1.,0.,0.));
#2552 = ADVANCED_FACE('',(#2553),#2596,.F.);
#2553 = FACE_BOUND('',#2554,.F.);
#2554 = EDGE_LOOP('',(#2555,#2556,#2557,#2558,#2566,#2574,#2582,#2590));
#2555 = ORIENTED_EDGE('',*,*,#2382,.F.);
#2556 = ORIENTED_EDGE('',*,*,#2374,.T.);
#2557 = ORIENTED_EDGE('',*,*,#2366,.T.);
#2558 = ORIENTED_EDGE('',*,*,#2559,.T.);
#2559 = EDGE_CURVE('',#2358,#2560,#2562,.T.);
#2560 = VERTEX_POINT('',#2561);
#2561 = CARTESIAN_POINT('',(0.7,-0.6,0.405));
#2562 = LINE('',#2563,#2564);
#2563 = CARTESIAN_POINT('',(-0.7,-0.6,0.405));
#2564 = VECTOR('',#2565,1.);
#2565 = DIRECTION('',(1.,0.,0.));
#2566 = ORIENTED_EDGE('',*,*,#2567,.T.);
#2567 = EDGE_CURVE('',#2560,#2568,#2570,.T.);
#2568 = VERTEX_POINT('',#2569);
#2569 = CARTESIAN_POINT('',(0.955,-0.6,0.405));
#2570 = LINE('',#2571,#2572);
#2571 = CARTESIAN_POINT('',(-0.955,-0.6,0.405));
#2572 = VECTOR('',#2573,1.);
#2573 = DIRECTION('',(1.,0.,0.));
#2574 = ORIENTED_EDGE('',*,*,#2575,.F.);
#2575 = EDGE_CURVE('',#2576,#2568,#2578,.T.);
#2576 = VERTEX_POINT('',#2577);
#2577 = CARTESIAN_POINT('',(0.955,-0.6,4.5E-02));
#2578 = LINE('',#2579,#2580);
#2579 = CARTESIAN_POINT('',(0.955,-0.6,4.5E-02));
#2580 = VECTOR('',#2581,1.);
#2581 = DIRECTION('',(0.,0.,1.));
#2582 = ORIENTED_EDGE('',*,*,#2583,.F.);
#2583 = EDGE_CURVE('',#2584,#2576,#2586,.T.);
#2584 = VERTEX_POINT('',#2585);
#2585 = CARTESIAN_POINT('',(0.7,-0.6,4.5E-02));
#2586 = LINE('',#2587,#2588);
#2587 = CARTESIAN_POINT('',(-0.955,-0.6,4.5E-02));
#2588 = VECTOR('',#2589,1.);
#2589 = DIRECTION('',(1.,0.,0.));
#2590 = ORIENTED_EDGE('',*,*,#2591,.F.);
#2591 = EDGE_CURVE('',#2383,#2584,#2592,.T.);
#2592 = LINE('',#2593,#2594);
#2593 = CARTESIAN_POINT('',(-0.955,-0.6,4.5E-02));
#2594 = VECTOR('',#2595,1.);
#2595 = DIRECTION('',(1.,0.,0.));
#2596 = PLANE('',#2597);
#2597 = AXIS2_PLACEMENT_3D('',#2598,#2599,#2600);
#2598 = CARTESIAN_POINT('',(-0.955,-0.6,4.5E-02));
#2599 = DIRECTION('',(0.,1.,0.));
#2600 = DIRECTION('',(0.,-0.,1.));
#2601 = ADVANCED_FACE('',(#2602),#2613,.T.);
#2602 = FACE_BOUND('',#2603,.T.);
#2603 = EDGE_LOOP('',(#2604,#2605,#2606,#2607));
#2604 = ORIENTED_EDGE('',*,*,#2466,.F.);
#2605 = ORIENTED_EDGE('',*,*,#2431,.F.);
#2606 = ORIENTED_EDGE('',*,*,#2349,.T.);
#2607 = ORIENTED_EDGE('',*,*,#2608,.T.);
#2608 = EDGE_CURVE('',#2350,#2467,#2609,.T.);
#2609 = LINE('',#2610,#2611);
#2610 = CARTESIAN_POINT('',(-0.745,-0.6,0.45));
#2611 = VECTOR('',#2612,1.);
#2612 = DIRECTION('',(0.,1.,0.));
#2613 = PLANE('',#2614);
#2614 = AXIS2_PLACEMENT_3D('',#2615,#2616,#2617);
#2615 = CARTESIAN_POINT('',(-1.,-0.6,0.45));
#2616 = DIRECTION('',(0.,0.,1.));
#2617 = DIRECTION('',(1.,0.,-0.));
#2618 = ADVANCED_FACE('',(#2619),#2630,.T.);
#2619 = FACE_BOUND('',#2620,.T.);
#2620 = EDGE_LOOP('',(#2621,#2627,#2628,#2629));
#2621 = ORIENTED_EDGE('',*,*,#2622,.T.);
#2622 = EDGE_CURVE('',#2358,#2475,#2623,.T.);
#2623 = LINE('',#2624,#2625);
#2624 = CARTESIAN_POINT('',(-0.7,-0.6,0.405));
#2625 = VECTOR('',#2626,1.);
#2626 = DIRECTION('',(0.,1.,0.));
#2627 = ORIENTED_EDGE('',*,*,#2474,.T.);
#2628 = ORIENTED_EDGE('',*,*,#2608,.F.);
#2629 = ORIENTED_EDGE('',*,*,#2357,.F.);
#2630 = CYLINDRICAL_SURFACE('',#2631,4.5E-02);
#2631 = AXIS2_PLACEMENT_3D('',#2632,#2633,#2634);
#2632 = CARTESIAN_POINT('',(-0.745,-0.6,0.405));
#2633 = DIRECTION('',(0.,1.,0.));
#2634 = DIRECTION('',(1.,0.,0.));
#2635 = ADVANCED_FACE('',(#2636),#2679,.T.);
#2636 = FACE_BOUND('',#2637,.T.);
#2637 = EDGE_LOOP('',(#2638,#2639,#2640,#2641,#2649,#2657,#2665,#2673));
#2638 = ORIENTED_EDGE('',*,*,#2499,.F.);
#2639 = ORIENTED_EDGE('',*,*,#2491,.T.);
#2640 = ORIENTED_EDGE('',*,*,#2483,.T.);
#2641 = ORIENTED_EDGE('',*,*,#2642,.T.);
#2642 = EDGE_CURVE('',#2475,#2643,#2645,.T.);
#2643 = VERTEX_POINT('',#2644);
#2644 = CARTESIAN_POINT('',(0.7,0.6,0.405));
#2645 = LINE('',#2646,#2647);
#2646 = CARTESIAN_POINT('',(-0.7,0.6,0.405));
#2647 = VECTOR('',#2648,1.);
#2648 = DIRECTION('',(1.,0.,0.));
#2649 = ORIENTED_EDGE('',*,*,#2650,.T.);
#2650 = EDGE_CURVE('',#2643,#2651,#2653,.T.);
#2651 = VERTEX_POINT('',#2652);
#2652 = CARTESIAN_POINT('',(0.955,0.6,0.405));
#2653 = LINE('',#2654,#2655);
#2654 = CARTESIAN_POINT('',(-0.955,0.6,0.405));
#2655 = VECTOR('',#2656,1.);
#2656 = DIRECTION('',(1.,0.,0.));
#2657 = ORIENTED_EDGE('',*,*,#2658,.F.);
#2658 = EDGE_CURVE('',#2659,#2651,#2661,.T.);
#2659 = VERTEX_POINT('',#2660);
#2660 = CARTESIAN_POINT('',(0.955,0.6,4.5E-02));
#2661 = LINE('',#2662,#2663);
#2662 = CARTESIAN_POINT('',(0.955,0.6,4.5E-02));
#2663 = VECTOR('',#2664,1.);
#2664 = DIRECTION('',(0.,0.,1.));
#2665 = ORIENTED_EDGE('',*,*,#2666,.F.);
#2666 = EDGE_CURVE('',#2667,#2659,#2669,.T.);
#2667 = VERTEX_POINT('',#2668);
#2668 = CARTESIAN_POINT('',(0.7,0.6,4.5E-02));
#2669 = LINE('',#2670,#2671);
#2670 = CARTESIAN_POINT('',(-0.955,0.6,4.5E-02));
#2671 = VECTOR('',#2672,1.);
#2672 = DIRECTION('',(1.,0.,0.));
#2673 = ORIENTED_EDGE('',*,*,#2674,.F.);
#2674 = EDGE_CURVE('',#2500,#2667,#2675,.T.);
#2675 = LINE('',#2676,#2677);
#2676 = CARTESIAN_POINT('',(-0.955,0.6,4.5E-02));
#2677 = VECTOR('',#2678,1.);
#2678 = DIRECTION('',(1.,0.,0.));
#2679 = PLANE('',#2680);
#2680 = AXIS2_PLACEMENT_3D('',#2681,#2682,#2683);
#2681 = CARTESIAN_POINT('',(-0.955,0.6,4.5E-02));
#2682 = DIRECTION('',(0.,1.,0.));
#2683 = DIRECTION('',(0.,-0.,1.));
#2684 = ADVANCED_FACE('',(#2685),#2696,.F.);
#2685 = FACE_BOUND('',#2686,.F.);
#2686 = EDGE_LOOP('',(#2687,#2688,#2689,#2695));
#2687 = ORIENTED_EDGE('',*,*,#2542,.F.);
#2688 = ORIENTED_EDGE('',*,*,#2591,.T.);
#2689 = ORIENTED_EDGE('',*,*,#2690,.T.);
#2690 = EDGE_CURVE('',#2584,#2667,#2691,.T.);
#2691 = LINE('',#2692,#2693);
#2692 = CARTESIAN_POINT('',(0.7,-0.6,4.5E-02));
#2693 = VECTOR('',#2694,1.);
#2694 = DIRECTION('',(0.,1.,0.));
#2695 = ORIENTED_EDGE('',*,*,#2674,.F.);
#2696 = PLANE('',#2697);
#2697 = AXIS2_PLACEMENT_3D('',#2698,#2699,#2700);
#2698 = CARTESIAN_POINT('',(-0.955,-0.6,4.5E-02));
#2699 = DIRECTION('',(0.,0.,1.));
#2700 = DIRECTION('',(1.,0.,-0.));
#2701 = ADVANCED_FACE('',(#2702),#2765,.F.);
#2702 = FACE_BOUND('',#2703,.F.);
#2703 = EDGE_LOOP('',(#2704,#2714,#2721,#2722,#2723,#2724,#2733,#2741,
    #2750,#2758));
#2704 = ORIENTED_EDGE('',*,*,#2705,.F.);
#2705 = EDGE_CURVE('',#2706,#2708,#2710,.T.);
#2706 = VERTEX_POINT('',#2707);
#2707 = CARTESIAN_POINT('',(0.745,-0.6,-2.775557561563E-17));
#2708 = VERTEX_POINT('',#2709);
#2709 = CARTESIAN_POINT('',(0.955,-0.6,-2.775557561563E-17));
#2710 = LINE('',#2711,#2712);
#2711 = CARTESIAN_POINT('',(0.7,-0.6,0.));
#2712 = VECTOR('',#2713,1.);
#2713 = DIRECTION('',(1.,0.,0.));
#2714 = ORIENTED_EDGE('',*,*,#2715,.F.);
#2715 = EDGE_CURVE('',#2584,#2706,#2716,.T.);
#2716 = CIRCLE('',#2717,4.5E-02);
#2717 = AXIS2_PLACEMENT_3D('',#2718,#2719,#2720);
#2718 = CARTESIAN_POINT('',(0.745,-0.6,4.5E-02));
#2719 = DIRECTION('',(0.,-1.,0.));
#2720 = DIRECTION('',(0.,0.,1.));
#2721 = ORIENTED_EDGE('',*,*,#2583,.T.);
#2722 = ORIENTED_EDGE('',*,*,#2575,.T.);
#2723 = ORIENTED_EDGE('',*,*,#2567,.F.);
#2724 = ORIENTED_EDGE('',*,*,#2725,.T.);
#2725 = EDGE_CURVE('',#2560,#2726,#2728,.T.);
#2726 = VERTEX_POINT('',#2727);
#2727 = CARTESIAN_POINT('',(0.745,-0.6,0.45));
#2728 = CIRCLE('',#2729,4.5E-02);
#2729 = AXIS2_PLACEMENT_3D('',#2730,#2731,#2732);
#2730 = CARTESIAN_POINT('',(0.745,-0.6,0.405));
#2731 = DIRECTION('',(0.,1.,0.));
#2732 = DIRECTION('',(0.,-0.,1.));
#2733 = ORIENTED_EDGE('',*,*,#2734,.T.);
#2734 = EDGE_CURVE('',#2726,#2735,#2737,.T.);
#2735 = VERTEX_POINT('',#2736);
#2736 = CARTESIAN_POINT('',(0.955,-0.6,0.45));
#2737 = LINE('',#2738,#2739);
#2738 = CARTESIAN_POINT('',(0.7,-0.6,0.45));
#2739 = VECTOR('',#2740,1.);
#2740 = DIRECTION('',(1.,0.,0.));
#2741 = ORIENTED_EDGE('',*,*,#2742,.F.);
#2742 = EDGE_CURVE('',#2743,#2735,#2745,.T.);
#2743 = VERTEX_POINT('',#2744);
#2744 = CARTESIAN_POINT('',(1.,-0.6,0.405));
#2745 = CIRCLE('',#2746,4.5E-02);
#2746 = AXIS2_PLACEMENT_3D('',#2747,#2748,#2749);
#2747 = CARTESIAN_POINT('',(0.955,-0.6,0.405));
#2748 = DIRECTION('',(0.,-1.,0.));
#2749 = DIRECTION('',(0.,0.,1.));
#2750 = ORIENTED_EDGE('',*,*,#2751,.F.);
#2751 = EDGE_CURVE('',#2752,#2743,#2754,.T.);
#2752 = VERTEX_POINT('',#2753);
#2753 = CARTESIAN_POINT('',(1.,-0.6,4.5E-02));
#2754 = LINE('',#2755,#2756);
#2755 = CARTESIAN_POINT('',(1.,-0.6,0.));
#2756 = VECTOR('',#2757,1.);
#2757 = DIRECTION('',(0.,0.,1.));
#2758 = ORIENTED_EDGE('',*,*,#2759,.T.);
#2759 = EDGE_CURVE('',#2752,#2708,#2760,.T.);
#2760 = CIRCLE('',#2761,4.5E-02);
#2761 = AXIS2_PLACEMENT_3D('',#2762,#2763,#2764);
#2762 = CARTESIAN_POINT('',(0.955,-0.6,4.5E-02));
#2763 = DIRECTION('',(0.,1.,0.));
#2764 = DIRECTION('',(0.,-0.,1.));
#2765 = PLANE('',#2766);
#2766 = AXIS2_PLACEMENT_3D('',#2767,#2768,#2769);
#2767 = CARTESIAN_POINT('',(0.7,-0.6,0.));
#2768 = DIRECTION('',(0.,1.,0.));
#2769 = DIRECTION('',(0.,-0.,1.));
#2770 = ADVANCED_FACE('',(#2771),#2796,.F.);
#2771 = FACE_BOUND('',#2772,.F.);
#2772 = EDGE_LOOP('',(#2773,#2774,#2782,#2790));
#2773 = ORIENTED_EDGE('',*,*,#2559,.F.);
#2774 = ORIENTED_EDGE('',*,*,#2775,.T.);
#2775 = EDGE_CURVE('',#2358,#2776,#2778,.T.);
#2776 = VERTEX_POINT('',#2777);
#2777 = CARTESIAN_POINT('',(-0.7,-0.6,0.45));
#2778 = LINE('',#2779,#2780);
#2779 = CARTESIAN_POINT('',(-0.7,-0.6,0.405));
#2780 = VECTOR('',#2781,1.);
#2781 = DIRECTION('',(0.,0.,1.));
#2782 = ORIENTED_EDGE('',*,*,#2783,.T.);
#2783 = EDGE_CURVE('',#2776,#2784,#2786,.T.);
#2784 = VERTEX_POINT('',#2785);
#2785 = CARTESIAN_POINT('',(0.7,-0.6,0.45));
#2786 = LINE('',#2787,#2788);
#2787 = CARTESIAN_POINT('',(-0.7,-0.6,0.45));
#2788 = VECTOR('',#2789,1.);
#2789 = DIRECTION('',(1.,0.,0.));
#2790 = ORIENTED_EDGE('',*,*,#2791,.F.);
#2791 = EDGE_CURVE('',#2560,#2784,#2792,.T.);
#2792 = LINE('',#2793,#2794);
#2793 = CARTESIAN_POINT('',(0.7,-0.6,0.405));
#2794 = VECTOR('',#2795,1.);
#2795 = DIRECTION('',(0.,0.,1.));
#2796 = PLANE('',#2797);
#2797 = AXIS2_PLACEMENT_3D('',#2798,#2799,#2800);
#2798 = CARTESIAN_POINT('',(-0.7,-0.6,0.405));
#2799 = DIRECTION('',(0.,1.,0.));
#2800 = DIRECTION('',(0.,-0.,1.));
#2801 = ADVANCED_FACE('',(#2802),#2820,.F.);
#2802 = FACE_BOUND('',#2803,.F.);
#2803 = EDGE_LOOP('',(#2804,#2805,#2806,#2814));
#2804 = ORIENTED_EDGE('',*,*,#2775,.F.);
#2805 = ORIENTED_EDGE('',*,*,#2622,.T.);
#2806 = ORIENTED_EDGE('',*,*,#2807,.T.);
#2807 = EDGE_CURVE('',#2475,#2808,#2810,.T.);
#2808 = VERTEX_POINT('',#2809);
#2809 = CARTESIAN_POINT('',(-0.7,0.6,0.45));
#2810 = LINE('',#2811,#2812);
#2811 = CARTESIAN_POINT('',(-0.7,0.6,0.405));
#2812 = VECTOR('',#2813,1.);
#2813 = DIRECTION('',(0.,0.,1.));
#2814 = ORIENTED_EDGE('',*,*,#2815,.F.);
#2815 = EDGE_CURVE('',#2776,#2808,#2816,.T.);
#2816 = LINE('',#2817,#2818);
#2817 = CARTESIAN_POINT('',(-0.7,-0.6,0.45));
#2818 = VECTOR('',#2819,1.);
#2819 = DIRECTION('',(0.,1.,0.));
#2820 = PLANE('',#2821);
#2821 = AXIS2_PLACEMENT_3D('',#2822,#2823,#2824);
#2822 = CARTESIAN_POINT('',(-0.7,-0.6,0.405));
#2823 = DIRECTION('',(1.,0.,0.));
#2824 = DIRECTION('',(0.,0.,1.));
#2825 = ADVANCED_FACE('',(#2826),#2889,.T.);
#2826 = FACE_BOUND('',#2827,.T.);
#2827 = EDGE_LOOP('',(#2828,#2838,#2845,#2846,#2847,#2848,#2857,#2865,
    #2874,#2882));
#2828 = ORIENTED_EDGE('',*,*,#2829,.F.);
#2829 = EDGE_CURVE('',#2830,#2832,#2834,.T.);
#2830 = VERTEX_POINT('',#2831);
#2831 = CARTESIAN_POINT('',(0.745,0.6,-2.775557561563E-17));
#2832 = VERTEX_POINT('',#2833);
#2833 = CARTESIAN_POINT('',(0.955,0.6,-2.775557561563E-17));
#2834 = LINE('',#2835,#2836);
#2835 = CARTESIAN_POINT('',(0.7,0.6,0.));
#2836 = VECTOR('',#2837,1.);
#2837 = DIRECTION('',(1.,0.,0.));
#2838 = ORIENTED_EDGE('',*,*,#2839,.F.);
#2839 = EDGE_CURVE('',#2667,#2830,#2840,.T.);
#2840 = CIRCLE('',#2841,4.5E-02);
#2841 = AXIS2_PLACEMENT_3D('',#2842,#2843,#2844);
#2842 = CARTESIAN_POINT('',(0.745,0.6,4.5E-02));
#2843 = DIRECTION('',(0.,-1.,0.));
#2844 = DIRECTION('',(0.,0.,1.));
#2845 = ORIENTED_EDGE('',*,*,#2666,.T.);
#2846 = ORIENTED_EDGE('',*,*,#2658,.T.);
#2847 = ORIENTED_EDGE('',*,*,#2650,.F.);
#2848 = ORIENTED_EDGE('',*,*,#2849,.T.);
#2849 = EDGE_CURVE('',#2643,#2850,#2852,.T.);
#2850 = VERTEX_POINT('',#2851);
#2851 = CARTESIAN_POINT('',(0.745,0.6,0.45));
#2852 = CIRCLE('',#2853,4.5E-02);
#2853 = AXIS2_PLACEMENT_3D('',#2854,#2855,#2856);
#2854 = CARTESIAN_POINT('',(0.745,0.6,0.405));
#2855 = DIRECTION('',(0.,1.,0.));
#2856 = DIRECTION('',(0.,-0.,1.));
#2857 = ORIENTED_EDGE('',*,*,#2858,.T.);
#2858 = EDGE_CURVE('',#2850,#2859,#2861,.T.);
#2859 = VERTEX_POINT('',#2860);
#2860 = CARTESIAN_POINT('',(0.955,0.6,0.45));
#2861 = LINE('',#2862,#2863);
#2862 = CARTESIAN_POINT('',(0.7,0.6,0.45));
#2863 = VECTOR('',#2864,1.);
#2864 = DIRECTION('',(1.,0.,0.));
#2865 = ORIENTED_EDGE('',*,*,#2866,.F.);
#2866 = EDGE_CURVE('',#2867,#2859,#2869,.T.);
#2867 = VERTEX_POINT('',#2868);
#2868 = CARTESIAN_POINT('',(1.,0.6,0.405));
#2869 = CIRCLE('',#2870,4.5E-02);
#2870 = AXIS2_PLACEMENT_3D('',#2871,#2872,#2873);
#2871 = CARTESIAN_POINT('',(0.955,0.6,0.405));
#2872 = DIRECTION('',(0.,-1.,0.));
#2873 = DIRECTION('',(0.,0.,1.));
#2874 = ORIENTED_EDGE('',*,*,#2875,.F.);
#2875 = EDGE_CURVE('',#2876,#2867,#2878,.T.);
#2876 = VERTEX_POINT('',#2877);
#2877 = CARTESIAN_POINT('',(1.,0.6,4.5E-02));
#2878 = LINE('',#2879,#2880);
#2879 = CARTESIAN_POINT('',(1.,0.6,0.));
#2880 = VECTOR('',#2881,1.);
#2881 = DIRECTION('',(0.,0.,1.));
#2882 = ORIENTED_EDGE('',*,*,#2883,.T.);
#2883 = EDGE_CURVE('',#2876,#2832,#2884,.T.);
#2884 = CIRCLE('',#2885,4.5E-02);
#2885 = AXIS2_PLACEMENT_3D('',#2886,#2887,#2888);
#2886 = CARTESIAN_POINT('',(0.955,0.6,4.5E-02));
#2887 = DIRECTION('',(0.,1.,0.));
#2888 = DIRECTION('',(0.,-0.,1.));
#2889 = PLANE('',#2890);
#2890 = AXIS2_PLACEMENT_3D('',#2891,#2892,#2893);
#2891 = CARTESIAN_POINT('',(0.7,0.6,0.));
#2892 = DIRECTION('',(0.,1.,0.));
#2893 = DIRECTION('',(0.,-0.,1.));
#2894 = ADVANCED_FACE('',(#2895),#2913,.T.);
#2895 = FACE_BOUND('',#2896,.T.);
#2896 = EDGE_LOOP('',(#2897,#2898,#2899,#2907));
#2897 = ORIENTED_EDGE('',*,*,#2642,.F.);
#2898 = ORIENTED_EDGE('',*,*,#2807,.T.);
#2899 = ORIENTED_EDGE('',*,*,#2900,.T.);
#2900 = EDGE_CURVE('',#2808,#2901,#2903,.T.);
#2901 = VERTEX_POINT('',#2902);
#2902 = CARTESIAN_POINT('',(0.7,0.6,0.45));
#2903 = LINE('',#2904,#2905);
#2904 = CARTESIAN_POINT('',(-0.7,0.6,0.45));
#2905 = VECTOR('',#2906,1.);
#2906 = DIRECTION('',(1.,0.,0.));
#2907 = ORIENTED_EDGE('',*,*,#2908,.F.);
#2908 = EDGE_CURVE('',#2643,#2901,#2909,.T.);
#2909 = LINE('',#2910,#2911);
#2910 = CARTESIAN_POINT('',(0.7,0.6,0.405));
#2911 = VECTOR('',#2912,1.);
#2912 = DIRECTION('',(0.,0.,1.));
#2913 = PLANE('',#2914);
#2914 = AXIS2_PLACEMENT_3D('',#2915,#2916,#2917);
#2915 = CARTESIAN_POINT('',(-0.7,0.6,0.405));
#2916 = DIRECTION('',(0.,1.,0.));
#2917 = DIRECTION('',(0.,-0.,1.));
#2918 = ADVANCED_FACE('',(#2919),#2930,.T.);
#2919 = FACE_BOUND('',#2920,.T.);
#2920 = EDGE_LOOP('',(#2921,#2922,#2923,#2929));
#2921 = ORIENTED_EDGE('',*,*,#2690,.T.);
#2922 = ORIENTED_EDGE('',*,*,#2839,.T.);
#2923 = ORIENTED_EDGE('',*,*,#2924,.F.);
#2924 = EDGE_CURVE('',#2706,#2830,#2925,.T.);
#2925 = LINE('',#2926,#2927);
#2926 = CARTESIAN_POINT('',(0.745,-0.6,-2.775557561563E-17));
#2927 = VECTOR('',#2928,1.);
#2928 = DIRECTION('',(0.,1.,0.));
#2929 = ORIENTED_EDGE('',*,*,#2715,.F.);
#2930 = CYLINDRICAL_SURFACE('',#2931,4.5E-02);
#2931 = AXIS2_PLACEMENT_3D('',#2932,#2933,#2934);
#2932 = CARTESIAN_POINT('',(0.745,-0.6,4.5E-02));
#2933 = DIRECTION('',(0.,1.,0.));
#2934 = DIRECTION('',(-1.,0.,0.));
#2935 = ADVANCED_FACE('',(#2936),#2947,.F.);
#2936 = FACE_BOUND('',#2937,.F.);
#2937 = EDGE_LOOP('',(#2938,#2939,#2940,#2941));
#2938 = ORIENTED_EDGE('',*,*,#2829,.F.);
#2939 = ORIENTED_EDGE('',*,*,#2924,.F.);
#2940 = ORIENTED_EDGE('',*,*,#2705,.T.);
#2941 = ORIENTED_EDGE('',*,*,#2942,.T.);
#2942 = EDGE_CURVE('',#2708,#2832,#2943,.T.);
#2943 = LINE('',#2944,#2945);
#2944 = CARTESIAN_POINT('',(0.955,-0.6,-2.775557561563E-17));
#2945 = VECTOR('',#2946,1.);
#2946 = DIRECTION('',(0.,1.,0.));
#2947 = PLANE('',#2948);
#2948 = AXIS2_PLACEMENT_3D('',#2949,#2950,#2951);
#2949 = CARTESIAN_POINT('',(0.7,-0.6,0.));
#2950 = DIRECTION('',(0.,0.,1.));
#2951 = DIRECTION('',(1.,0.,-0.));
#2952 = ADVANCED_FACE('',(#2953),#2964,.T.);
#2953 = FACE_BOUND('',#2954,.T.);
#2954 = EDGE_LOOP('',(#2955,#2956,#2957,#2958));
#2955 = ORIENTED_EDGE('',*,*,#2759,.T.);
#2956 = ORIENTED_EDGE('',*,*,#2942,.T.);
#2957 = ORIENTED_EDGE('',*,*,#2883,.F.);
#2958 = ORIENTED_EDGE('',*,*,#2959,.F.);
#2959 = EDGE_CURVE('',#2752,#2876,#2960,.T.);
#2960 = LINE('',#2961,#2962);
#2961 = CARTESIAN_POINT('',(1.,-0.6,4.5E-02));
#2962 = VECTOR('',#2963,1.);
#2963 = DIRECTION('',(0.,1.,0.));
#2964 = CYLINDRICAL_SURFACE('',#2965,4.5E-02);
#2965 = AXIS2_PLACEMENT_3D('',#2966,#2967,#2968);
#2966 = CARTESIAN_POINT('',(0.955,-0.6,4.5E-02));
#2967 = DIRECTION('',(0.,1.,0.));
#2968 = DIRECTION('',(1.,0.,0.));
#2969 = ADVANCED_FACE('',(#2970),#2981,.T.);
#2970 = FACE_BOUND('',#2971,.T.);
#2971 = EDGE_LOOP('',(#2972,#2973,#2974,#2975));
#2972 = ORIENTED_EDGE('',*,*,#2751,.F.);
#2973 = ORIENTED_EDGE('',*,*,#2959,.T.);
#2974 = ORIENTED_EDGE('',*,*,#2875,.T.);
#2975 = ORIENTED_EDGE('',*,*,#2976,.F.);
#2976 = EDGE_CURVE('',#2743,#2867,#2977,.T.);
#2977 = LINE('',#2978,#2979);
#2978 = CARTESIAN_POINT('',(1.,-0.6,0.405));
#2979 = VECTOR('',#2980,1.);
#2980 = DIRECTION('',(0.,1.,0.));
#2981 = PLANE('',#2982);
#2982 = AXIS2_PLACEMENT_3D('',#2983,#2984,#2985);
#2983 = CARTESIAN_POINT('',(1.,-0.6,0.));
#2984 = DIRECTION('',(1.,0.,0.));
#2985 = DIRECTION('',(0.,0.,1.));
#2986 = ADVANCED_FACE('',(#2987),#2998,.T.);
#2987 = FACE_BOUND('',#2988,.T.);
#2988 = EDGE_LOOP('',(#2989,#2990,#2991,#2997));
#2989 = ORIENTED_EDGE('',*,*,#2976,.T.);
#2990 = ORIENTED_EDGE('',*,*,#2866,.T.);
#2991 = ORIENTED_EDGE('',*,*,#2992,.F.);
#2992 = EDGE_CURVE('',#2735,#2859,#2993,.T.);
#2993 = LINE('',#2994,#2995);
#2994 = CARTESIAN_POINT('',(0.955,-0.6,0.45));
#2995 = VECTOR('',#2996,1.);
#2996 = DIRECTION('',(0.,1.,0.));
#2997 = ORIENTED_EDGE('',*,*,#2742,.F.);
#2998 = CYLINDRICAL_SURFACE('',#2999,4.5E-02);
#2999 = AXIS2_PLACEMENT_3D('',#3000,#3001,#3002);
#3000 = CARTESIAN_POINT('',(0.955,-0.6,0.405));
#3001 = DIRECTION('',(0.,1.,0.));
#3002 = DIRECTION('',(1.,0.,0.));
#3003 = ADVANCED_FACE('',(#3004),#3015,.T.);
#3004 = FACE_BOUND('',#3005,.T.);
#3005 = EDGE_LOOP('',(#3006,#3007,#3013,#3014));
#3006 = ORIENTED_EDGE('',*,*,#2858,.F.);
#3007 = ORIENTED_EDGE('',*,*,#3008,.F.);
#3008 = EDGE_CURVE('',#2726,#2850,#3009,.T.);
#3009 = LINE('',#3010,#3011);
#3010 = CARTESIAN_POINT('',(0.745,-0.6,0.45));
#3011 = VECTOR('',#3012,1.);
#3012 = DIRECTION('',(0.,1.,0.));
#3013 = ORIENTED_EDGE('',*,*,#2734,.T.);
#3014 = ORIENTED_EDGE('',*,*,#2992,.T.);
#3015 = PLANE('',#3016);
#3016 = AXIS2_PLACEMENT_3D('',#3017,#3018,#3019);
#3017 = CARTESIAN_POINT('',(0.7,-0.6,0.45));
#3018 = DIRECTION('',(0.,0.,1.));
#3019 = DIRECTION('',(1.,0.,-0.));
#3020 = ADVANCED_FACE('',(#3021),#3032,.T.);
#3021 = FACE_BOUND('',#3022,.T.);
#3022 = EDGE_LOOP('',(#3023,#3024,#3025,#3026));
#3023 = ORIENTED_EDGE('',*,*,#2725,.T.);
#3024 = ORIENTED_EDGE('',*,*,#3008,.T.);
#3025 = ORIENTED_EDGE('',*,*,#2849,.F.);
#3026 = ORIENTED_EDGE('',*,*,#3027,.F.);
#3027 = EDGE_CURVE('',#2560,#2643,#3028,.T.);
#3028 = LINE('',#3029,#3030);
#3029 = CARTESIAN_POINT('',(0.7,-0.6,0.405));
#3030 = VECTOR('',#3031,1.);
#3031 = DIRECTION('',(0.,1.,0.));
#3032 = CYLINDRICAL_SURFACE('',#3033,4.5E-02);
#3033 = AXIS2_PLACEMENT_3D('',#3034,#3035,#3036);
#3034 = CARTESIAN_POINT('',(0.745,-0.6,0.405));
#3035 = DIRECTION('',(0.,1.,0.));
#3036 = DIRECTION('',(-1.,0.,0.));
#3037 = ADVANCED_FACE('',(#3038),#3049,.T.);
#3038 = FACE_BOUND('',#3039,.T.);
#3039 = EDGE_LOOP('',(#3040,#3041,#3042,#3043));
#3040 = ORIENTED_EDGE('',*,*,#2791,.F.);
#3041 = ORIENTED_EDGE('',*,*,#3027,.T.);
#3042 = ORIENTED_EDGE('',*,*,#2908,.T.);
#3043 = ORIENTED_EDGE('',*,*,#3044,.F.);
#3044 = EDGE_CURVE('',#2784,#2901,#3045,.T.);
#3045 = LINE('',#3046,#3047);
#3046 = CARTESIAN_POINT('',(0.7,-0.6,0.45));
#3047 = VECTOR('',#3048,1.);
#3048 = DIRECTION('',(0.,1.,0.));
#3049 = PLANE('',#3050);
#3050 = AXIS2_PLACEMENT_3D('',#3051,#3052,#3053);
#3051 = CARTESIAN_POINT('',(0.7,-0.6,0.405));
#3052 = DIRECTION('',(1.,0.,0.));
#3053 = DIRECTION('',(0.,0.,1.));
#3054 = ADVANCED_FACE('',(#3055),#3061,.T.);
#3055 = FACE_BOUND('',#3056,.T.);
#3056 = EDGE_LOOP('',(#3057,#3058,#3059,#3060));
#3057 = ORIENTED_EDGE('',*,*,#2815,.F.);
#3058 = ORIENTED_EDGE('',*,*,#2783,.T.);
#3059 = ORIENTED_EDGE('',*,*,#3044,.T.);
#3060 = ORIENTED_EDGE('',*,*,#2900,.F.);
#3061 = PLANE('',#3062);
#3062 = AXIS2_PLACEMENT_3D('',#3063,#3064,#3065);
#3063 = CARTESIAN_POINT('',(-0.7,-0.6,0.45));
#3064 = DIRECTION('',(0.,0.,1.));
#3065 = DIRECTION('',(1.,0.,-0.));
#3066 = ( GEOMETRIC_REPRESENTATION_CONTEXT(3) 
GLOBAL_UNCERTAINTY_ASSIGNED_CONTEXT((#3070)) 
GLOBAL_UNIT_ASSIGNED_CONTEXT((#3067,#3068,#3069)) REPRESENTATION_CONTEXT
('Context #1','3D Context with UNIT and UNCERTAINTY') );
#3067 = ( LENGTH_UNIT() NAMED_UNIT(*) SI_UNIT(.MILLI.,.METRE.) );
#3068 = ( NAMED_UNIT(*) PLANE_ANGLE_UNIT() SI_UNIT($,.RADIAN.) );
#3069 = ( NAMED_UNIT(*) SI_UNIT($,.STERADIAN.) SOLID_ANGLE_UNIT() );
#3070 = UNCERTAINTY_MEASURE_WITH_UNIT(LENGTH_MEASURE(1.E-07),#3067,
  'distance_accuracy_value','confusion accuracy');
#3071 = CONTEXT_DEPENDENT_SHAPE_REPRESENTATION(#3072,#3074);
#3072 = ( REPRESENTATION_RELATIONSHIP('','',#2275,#2252) 
REPRESENTATION_RELATIONSHIP_WITH_TRANSFORMATION(#3073) 
SHAPE_REPRESENTATION_RELATIONSHIP() );
#3073 = ITEM_DEFINED_TRANSFORMATION('','',#11,#2253);
#3074 = PRODUCT_DEFINITION_SHAPE('Placement','Placement of an item',
  #3075);
#3075 = NEXT_ASSEMBLY_USAGE_OCCURRENCE('3','=>[0:1:1:5]','',#2247,#2270,
  $);
#3076 = PRODUCT_RELATED_PRODUCT_CATEGORY('part',$,(#2272));
#3077 = CONTEXT_DEPENDENT_SHAPE_REPRESENTATION(#3078,#3080);
#3078 = ( REPRESENTATION_RELATIONSHIP('','',#2252,#10) 
REPRESENTATION_RELATIONSHIP_WITH_TRANSFORMATION(#3079) 
SHAPE_REPRESENTATION_RELATIONSHIP() );
#3079 = ITEM_DEFINED_TRANSFORMATION('','',#11,#23);
#3080 = PRODUCT_DEFINITION_SHAPE('Placement','Placement of an item',
  #3081);
#3081 = NEXT_ASSEMBLY_USAGE_OCCURRENCE('5','C5','',#5,#2247,$);
#3082 = CONTEXT_DEPENDENT_SHAPE_REPRESENTATION(#3083,#3085);
#3083 = ( REPRESENTATION_RELATIONSHIP('','',#2252,#10) 
REPRESENTATION_RELATIONSHIP_WITH_TRANSFORMATION(#3084) 
SHAPE_REPRESENTATION_RELATIONSHIP() );
#3084 = ITEM_DEFINED_TRANSFORMATION('','',#11,#27);
#3085 = PRODUCT_DEFINITION_SHAPE('Placement','Placement of an item',
  #3086);
#3086 = NEXT_ASSEMBLY_USAGE_OCCURRENCE('6','C7','',#5,#2247,$);
#3087 = CONTEXT_DEPENDENT_SHAPE_REPRESENTATION(#3088,#3090);
#3088 = ( REPRESENTATION_RELATIONSHIP('','',#2252,#10) 
REPRESENTATION_RELATIONSHIP_WITH_TRANSFORMATION(#3089) 
SHAPE_REPRESENTATION_RELATIONSHIP() );
#3089 = ITEM_DEFINED_TRANSFORMATION('','',#11,#31);
#3090 = PRODUCT_DEFINITION_SHAPE('Placement','Placement of an item',
  #3091);
#3091 = NEXT_ASSEMBLY_USAGE_OCCURRENCE('7','C8','',#5,#2247,$);
#3092 = CONTEXT_DEPENDENT_SHAPE_REPRESENTATION(#3093,#3095);
#3093 = ( REPRESENTATION_RELATIONSHIP('','',#2252,#10) 
REPRESENTATION_RELATIONSHIP_WITH_TRANSFORMATION(#3094) 
SHAPE_REPRESENTATION_RELATIONSHIP() );
#3094 = ITEM_DEFINED_TRANSFORMATION('','',#11,#35);
#3095 = PRODUCT_DEFINITION_SHAPE('Placement','Placement of an item',
  #3096);
#3096 = NEXT_ASSEMBLY_USAGE_OCCURRENCE('8','C9','',#5,#2247,$);
#3097 = CONTEXT_DEPENDENT_SHAPE_REPRESENTATION(#3098,#3100);
#3098 = ( REPRESENTATION_RELATIONSHIP('','',#2252,#10) 
REPRESENTATION_RELATIONSHIP_WITH_TRANSFORMATION(#3099) 
SHAPE_REPRESENTATION_RELATIONSHIP() );
#3099 = ITEM_DEFINED_TRANSFORMATION('','',#11,#39);
#3100 = PRODUCT_DEFINITION_SHAPE('Placement','Placement of an item',
  #3101);
#3101 = NEXT_ASSEMBLY_USAGE_OCCURRENCE('9','C10','',#5,#2247,$);
#3102 = CONTEXT_DEPENDENT_SHAPE_REPRESENTATION(#3103,#3105);
#3103 = ( REPRESENTATION_RELATIONSHIP('','',#2252,#10) 
REPRESENTATION_RELATIONSHIP_WITH_TRANSFORMATION(#3104) 
SHAPE_REPRESENTATION_RELATIONSHIP() );
#3104 = ITEM_DEFINED_TRANSFORMATION('','',#11,#43);
#3105 = PRODUCT_DEFINITION_SHAPE('Placement','Placement of an item',
  #3106);
#3106 = NEXT_ASSEMBLY_USAGE_OCCURRENCE('10','C11','',#5,#2247,$);
#3107 = CONTEXT_DEPENDENT_SHAPE_REPRESENTATION(#3108,#3110);
#3108 = ( REPRESENTATION_RELATIONSHIP('','',#2252,#10) 
REPRESENTATION_RELATIONSHIP_WITH_TRANSFORMATION(#3109) 
SHAPE_REPRESENTATION_RELATIONSHIP() );
#3109 = ITEM_DEFINED_TRANSFORMATION('','',#11,#47);
#3110 = PRODUCT_DEFINITION_SHAPE('Placement','Placement of an item',
  #3111);
#3111 = NEXT_ASSEMBLY_USAGE_OCCURRENCE('11','C12','',#5,#2247,$);
#3112 = CONTEXT_DEPENDENT_SHAPE_REPRESENTATION(#3113,#3115);
#3113 = ( REPRESENTATION_RELATIONSHIP('','',#2252,#10) 
REPRESENTATION_RELATIONSHIP_WITH_TRANSFORMATION(#3114) 
SHAPE_REPRESENTATION_RELATIONSHIP() );
#3114 = ITEM_DEFINED_TRANSFORMATION('','',#11,#51);
#3115 = PRODUCT_DEFINITION_SHAPE('Placement','Placement of an item',
  #3116);
#3116 = NEXT_ASSEMBLY_USAGE_OCCURRENCE('12','R4','',#5,#2247,$);
#3117 = CONTEXT_DEPENDENT_SHAPE_REPRESENTATION(#3118,#3120);
#3118 = ( REPRESENTATION_RELATIONSHIP('','',#2252,#10) 
REPRESENTATION_RELATIONSHIP_WITH_TRANSFORMATION(#3119) 
SHAPE_REPRESENTATION_RELATIONSHIP() );
#3119 = ITEM_DEFINED_TRANSFORMATION('','',#11,#55);
#3120 = PRODUCT_DEFINITION_SHAPE('Placement','Placement of an item',
  #3121);
#3121 = NEXT_ASSEMBLY_USAGE_OCCURRENCE('13','R6','',#5,#2247,$);
#3122 = CONTEXT_DEPENDENT_SHAPE_REPRESENTATION(#3123,#3125);
#3123 = ( REPRESENTATION_RELATIONSHIP('','',#2252,#10) 
REPRESENTATION_RELATIONSHIP_WITH_TRANSFORMATION(#3124) 
SHAPE_REPRESENTATION_RELATIONSHIP() );
#3124 = ITEM_DEFINED_TRANSFORMATION('','',#11,#59);
#3125 = PRODUCT_DEFINITION_SHAPE('Placement','Placement of an item',
  #3126);
#3126 = NEXT_ASSEMBLY_USAGE_OCCURRENCE('14','R8','',#5,#2247,$);
#3127 = SHAPE_DEFINITION_REPRESENTATION(#3128,#3134);
#3128 = PRODUCT_DEFINITION_SHAPE('','',#3129);
#3129 = PRODUCT_DEFINITION('design','',#3130,#3133);
#3130 = PRODUCT_DEFINITION_FORMATION('','',#3131);
#3131 = PRODUCT('Potentiometer_Bourns_3296W_Vertical',
  'Potentiometer_Bourns_3296W_Vertical','',(#3132));
#3132 = PRODUCT_CONTEXT('',#2,'mechanical');
#3133 = PRODUCT_DEFINITION_CONTEXT('part definition',#2,'design');
#3134 = SHAPE_REPRESENTATION('',(#11,#3135),#3139);
#3135 = AXIS2_PLACEMENT_3D('',#3136,#3137,#3138);
#3136 = CARTESIAN_POINT('',(0.,0.,0.));
#3137 = DIRECTION('',(0.,0.,1.));
#3138 = DIRECTION('',(1.,0.,-0.));
#3139 = ( GEOMETRIC_REPRESENTATION_CONTEXT(3) 
GLOBAL_UNCERTAINTY_ASSIGNED_CONTEXT((#3143)) 
GLOBAL_UNIT_ASSIGNED_CONTEXT((#3140,#3141,#3142)) REPRESENTATION_CONTEXT
('Context #1','3D Context with UNIT and UNCERTAINTY') );
#3140 = ( LENGTH_UNIT() NAMED_UNIT(*) SI_UNIT(.MILLI.,.METRE.) );
#3141 = ( NAMED_UNIT(*) PLANE_ANGLE_UNIT() SI_UNIT($,.RADIAN.) );
#3142 = ( NAMED_UNIT(*) SI_UNIT($,.STERADIAN.) SOLID_ANGLE_UNIT() );
#3143 = UNCERTAINTY_MEASURE_WITH_UNIT(LENGTH_MEASURE(1.E-07),#3140,
  'distance_accuracy_value','confusion accuracy');
#3144 = CONTEXT_DEPENDENT_SHAPE_REPRESENTATION(#3145,#3147);
#3145 = ( REPRESENTATION_RELATIONSHIP('','',#3134,#10) 
REPRESENTATION_RELATIONSHIP_WITH_TRANSFORMATION(#3146) 
SHAPE_REPRESENTATION_RELATIONSHIP() );
#3146 = ITEM_DEFINED_TRANSFORMATION('','',#11,#63);
#3147 = PRODUCT_DEFINITION_SHAPE('Placement','Placement of an item',
  #3148);
#3148 = NEXT_ASSEMBLY_USAGE_OCCURRENCE('16','RV1','',#5,#3129,$);
#3149 = PRODUCT_RELATED_PRODUCT_CATEGORY('part',$,(#3131));
#3150 = SHAPE_DEFINITION_REPRESENTATION(#3151,#3157);
#3151 = PRODUCT_DEFINITION_SHAPE('','',#3152);
#3152 = PRODUCT_DEFINITION('design','',#3153,#3156);
#3153 = PRODUCT_DEFINITION_FORMATION('','',#3154);
#3154 = PRODUCT('Potentiometer_Bourns_3296W_Vertical',
  'Potentiometer_Bourns_3296W_Vertical','',(#3155));
#3155 = PRODUCT_CONTEXT('',#2,'mechanical');
#3156 = PRODUCT_DEFINITION_CONTEXT('part definition',#2,'design');
#3157 = ADVANCED_BREP_SHAPE_REPRESENTATION('',(#11,#3158),#4086);
#3158 = MANIFOLD_SOLID_BREP('',#3159);
#3159 = CLOSED_SHELL('',(#3160,#3264,#3338,#3362,#3386,#3433,#3457,#3497
    ,#3554,#3594,#3618,#3665,#3689,#3706,#3732,#3744,#3756,#3849,#3866,
    #3878,#3903,#3928,#3953,#3970,#3982,#3997,#4014,#4032,#4049,#4059,
    #4068,#4077));
#3160 = ADVANCED_FACE('',(#3161),#3259,.F.);
#3161 = FACE_BOUND('',#3162,.F.);
#3162 = EDGE_LOOP('',(#3163,#3173,#3181,#3189,#3197,#3205,#3213,#3221,
    #3229,#3237,#3245,#3253));
#3163 = ORIENTED_EDGE('',*,*,#3164,.F.);
#3164 = EDGE_CURVE('',#3165,#3167,#3169,.T.);
#3165 = VERTEX_POINT('',#3166);
#3166 = CARTESIAN_POINT('',(-6.605,2.03,10.03));
#3167 = VERTEX_POINT('',#3168);
#3168 = CARTESIAN_POINT('',(1.525,2.03,10.03));
#3169 = LINE('',#3170,#3171);
#3170 = CARTESIAN_POINT('',(-7.305,2.03,10.03));
#3171 = VECTOR('',#3172,1.);
#3172 = DIRECTION('',(1.,0.,0.));
#3173 = ORIENTED_EDGE('',*,*,#3174,.F.);
#3174 = EDGE_CURVE('',#3175,#3165,#3177,.T.);
#3175 = VERTEX_POINT('',#3176);
#3176 = CARTESIAN_POINT('',(-6.605,2.03,9.03));
#3177 = LINE('',#3178,#3179);
#3178 = CARTESIAN_POINT('',(-6.605,2.03,10.03));
#3179 = VECTOR('',#3180,1.);
#3180 = DIRECTION('',(0.,0.,1.));
#3181 = ORIENTED_EDGE('',*,*,#3182,.F.);
#3182 = EDGE_CURVE('',#3183,#3175,#3185,.T.);
#3183 = VERTEX_POINT('',#3184);
#3184 = CARTESIAN_POINT('',(-7.305,2.03,9.03));
#3185 = LINE('',#3186,#3187);
#3186 = CARTESIAN_POINT('',(-7.305,2.03,9.03));
#3187 = VECTOR('',#3188,1.);
#3188 = DIRECTION('',(1.,0.,0.));
#3189 = ORIENTED_EDGE('',*,*,#3190,.T.);
#3190 = EDGE_CURVE('',#3183,#3191,#3193,.T.);
#3191 = VERTEX_POINT('',#3192);
#3192 = CARTESIAN_POINT('',(-7.305,2.03,1.));
#3193 = LINE('',#3194,#3195);
#3194 = CARTESIAN_POINT('',(-7.305,2.03,10.03));
#3195 = VECTOR('',#3196,1.);
#3196 = DIRECTION('',(0.,0.,-1.));
#3197 = ORIENTED_EDGE('',*,*,#3198,.T.);
#3198 = EDGE_CURVE('',#3191,#3199,#3201,.T.);
#3199 = VERTEX_POINT('',#3200);
#3200 = CARTESIAN_POINT('',(-6.605,2.03,1.));
#3201 = LINE('',#3202,#3203);
#3202 = CARTESIAN_POINT('',(-7.305,2.03,1.));
#3203 = VECTOR('',#3204,1.);
#3204 = DIRECTION('',(1.,0.,0.));
#3205 = ORIENTED_EDGE('',*,*,#3206,.F.);
#3206 = EDGE_CURVE('',#3207,#3199,#3209,.T.);
#3207 = VERTEX_POINT('',#3208);
#3208 = CARTESIAN_POINT('',(-6.605,2.03,0.38));
#3209 = LINE('',#3210,#3211);
#3210 = CARTESIAN_POINT('',(-6.605,2.03,5.515));
#3211 = VECTOR('',#3212,1.);
#3212 = DIRECTION('',(0.,0.,1.));
#3213 = ORIENTED_EDGE('',*,*,#3214,.T.);
#3214 = EDGE_CURVE('',#3207,#3215,#3217,.T.);
#3215 = VERTEX_POINT('',#3216);
#3216 = CARTESIAN_POINT('',(1.525,2.03,0.38));
#3217 = LINE('',#3218,#3219);
#3218 = CARTESIAN_POINT('',(-7.305,2.03,0.38));
#3219 = VECTOR('',#3220,1.);
#3220 = DIRECTION('',(1.,0.,0.));
#3221 = ORIENTED_EDGE('',*,*,#3222,.T.);
#3222 = EDGE_CURVE('',#3215,#3223,#3225,.T.);
#3223 = VERTEX_POINT('',#3224);
#3224 = CARTESIAN_POINT('',(1.525,2.03,1.));
#3225 = LINE('',#3226,#3227);
#3226 = CARTESIAN_POINT('',(1.525,2.03,5.515));
#3227 = VECTOR('',#3228,1.);
#3228 = DIRECTION('',(0.,0.,1.));
#3229 = ORIENTED_EDGE('',*,*,#3230,.T.);
#3230 = EDGE_CURVE('',#3223,#3231,#3233,.T.);
#3231 = VERTEX_POINT('',#3232);
#3232 = CARTESIAN_POINT('',(2.225,2.03,1.));
#3233 = LINE('',#3234,#3235);
#3234 = CARTESIAN_POINT('',(-2.89,2.03,1.));
#3235 = VECTOR('',#3236,1.);
#3236 = DIRECTION('',(1.,0.,0.));
#3237 = ORIENTED_EDGE('',*,*,#3238,.F.);
#3238 = EDGE_CURVE('',#3239,#3231,#3241,.T.);
#3239 = VERTEX_POINT('',#3240);
#3240 = CARTESIAN_POINT('',(2.225,2.03,9.03));
#3241 = LINE('',#3242,#3243);
#3242 = CARTESIAN_POINT('',(2.225,2.03,10.03));
#3243 = VECTOR('',#3244,1.);
#3244 = DIRECTION('',(0.,0.,-1.));
#3245 = ORIENTED_EDGE('',*,*,#3246,.F.);
#3246 = EDGE_CURVE('',#3247,#3239,#3249,.T.);
#3247 = VERTEX_POINT('',#3248);
#3248 = CARTESIAN_POINT('',(1.525,2.03,9.03));
#3249 = LINE('',#3250,#3251);
#3250 = CARTESIAN_POINT('',(-2.89,2.03,9.03));
#3251 = VECTOR('',#3252,1.);
#3252 = DIRECTION('',(1.,0.,0.));
#3253 = ORIENTED_EDGE('',*,*,#3254,.T.);
#3254 = EDGE_CURVE('',#3247,#3167,#3255,.T.);
#3255 = LINE('',#3256,#3257);
#3256 = CARTESIAN_POINT('',(1.525,2.03,10.03));
#3257 = VECTOR('',#3258,1.);
#3258 = DIRECTION('',(0.,0.,1.));
#3259 = PLANE('',#3260);
#3260 = AXIS2_PLACEMENT_3D('',#3261,#3262,#3263);
#3261 = CARTESIAN_POINT('',(-7.305,2.03,10.03));
#3262 = DIRECTION('',(0.,-1.,0.));
#3263 = DIRECTION('',(0.,0.,-1.));
#3264 = ADVANCED_FACE('',(#3265,#3322),#3333,.T.);
#3265 = FACE_BOUND('',#3266,.T.);
#3266 = EDGE_LOOP('',(#3267,#3277,#3285,#3293,#3299,#3300,#3308,#3316));
#3267 = ORIENTED_EDGE('',*,*,#3268,.T.);
#3268 = EDGE_CURVE('',#3269,#3271,#3273,.T.);
#3269 = VERTEX_POINT('',#3270);
#3270 = CARTESIAN_POINT('',(-7.305,-2.42,10.03));
#3271 = VERTEX_POINT('',#3272);
#3272 = CARTESIAN_POINT('',(2.225,-2.42,10.03));
#3273 = LINE('',#3274,#3275);
#3274 = CARTESIAN_POINT('',(-7.305,-2.42,10.03));
#3275 = VECTOR('',#3276,1.);
#3276 = DIRECTION('',(1.,0.,0.));
#3277 = ORIENTED_EDGE('',*,*,#3278,.F.);
#3278 = EDGE_CURVE('',#3279,#3271,#3281,.T.);
#3279 = VERTEX_POINT('',#3280);
#3280 = CARTESIAN_POINT('',(2.225,2.41,10.03));
#3281 = LINE('',#3282,#3283);
#3282 = CARTESIAN_POINT('',(2.225,2.03,10.03));
#3283 = VECTOR('',#3284,1.);
#3284 = DIRECTION('',(0.,-1.,0.));
#3285 = ORIENTED_EDGE('',*,*,#3286,.F.);
#3286 = EDGE_CURVE('',#3287,#3279,#3289,.T.);
#3287 = VERTEX_POINT('',#3288);
#3288 = CARTESIAN_POINT('',(1.525,2.41,10.03));
#3289 = LINE('',#3290,#3291);
#3290 = CARTESIAN_POINT('',(1.525,2.41,10.03));
#3291 = VECTOR('',#3292,1.);
#3292 = DIRECTION('',(1.,0.,0.));
#3293 = ORIENTED_EDGE('',*,*,#3294,.T.);
#3294 = EDGE_CURVE('',#3287,#3167,#3295,.T.);
#3295 = LINE('',#3296,#3297);
#3296 = CARTESIAN_POINT('',(1.525,2.41,10.03));
#3297 = VECTOR('',#3298,1.);
#3298 = DIRECTION('',(0.,-1.,0.));
#3299 = ORIENTED_EDGE('',*,*,#3164,.F.);
#3300 = ORIENTED_EDGE('',*,*,#3301,.F.);
#3301 = EDGE_CURVE('',#3302,#3165,#3304,.T.);
#3302 = VERTEX_POINT('',#3303);
#3303 = CARTESIAN_POINT('',(-6.605,2.41,10.03));
#3304 = LINE('',#3305,#3306);
#3305 = CARTESIAN_POINT('',(-6.605,2.41,10.03));
#3306 = VECTOR('',#3307,1.);
#3307 = DIRECTION('',(0.,-1.,0.));
#3308 = ORIENTED_EDGE('',*,*,#3309,.F.);
#3309 = EDGE_CURVE('',#3310,#3302,#3312,.T.);
#3310 = VERTEX_POINT('',#3311);
#3311 = CARTESIAN_POINT('',(-7.305,2.41,10.03));
#3312 = LINE('',#3313,#3314);
#3313 = CARTESIAN_POINT('',(-7.305,2.41,10.03));
#3314 = VECTOR('',#3315,1.);
#3315 = DIRECTION('',(1.,0.,0.));
#3316 = ORIENTED_EDGE('',*,*,#3317,.T.);
#3317 = EDGE_CURVE('',#3310,#3269,#3318,.T.);
#3318 = LINE('',#3319,#3320);
#3319 = CARTESIAN_POINT('',(-7.305,2.41,10.03));
#3320 = VECTOR('',#3321,1.);
#3321 = DIRECTION('',(0.,-1.,0.));
#3322 = FACE_BOUND('',#3323,.T.);
#3323 = EDGE_LOOP('',(#3324));
#3324 = ORIENTED_EDGE('',*,*,#3325,.F.);
#3325 = EDGE_CURVE('',#3326,#3326,#3328,.T.);
#3326 = VERTEX_POINT('',#3327);
#3327 = CARTESIAN_POINT('',(2.05,-1.14,10.03));
#3328 = CIRCLE('',#3329,1.095);
#3329 = AXIS2_PLACEMENT_3D('',#3330,#3331,#3332);
#3330 = CARTESIAN_POINT('',(0.955,-1.14,10.03));
#3331 = DIRECTION('',(0.,0.,1.));
#3332 = DIRECTION('',(1.,0.,-0.));
#3333 = PLANE('',#3334);
#3334 = AXIS2_PLACEMENT_3D('',#3335,#3336,#3337);
#3335 = CARTESIAN_POINT('',(-2.54,-5.24355495251E-02,10.03));
#3336 = DIRECTION('',(-0.,0.,1.));
#3337 = DIRECTION('',(0.,1.,0.));
#3338 = ADVANCED_FACE('',(#3339),#3357,.F.);
#3339 = FACE_BOUND('',#3340,.F.);
#3340 = EDGE_LOOP('',(#3341,#3349,#3355,#3356));
#3341 = ORIENTED_EDGE('',*,*,#3342,.F.);
#3342 = EDGE_CURVE('',#3343,#3247,#3345,.T.);
#3343 = VERTEX_POINT('',#3344);
#3344 = CARTESIAN_POINT('',(1.525,2.41,9.03));
#3345 = LINE('',#3346,#3347);
#3346 = CARTESIAN_POINT('',(1.525,2.41,9.03));
#3347 = VECTOR('',#3348,1.);
#3348 = DIRECTION('',(0.,-1.,0.));
#3349 = ORIENTED_EDGE('',*,*,#3350,.F.);
#3350 = EDGE_CURVE('',#3287,#3343,#3351,.T.);
#3351 = LINE('',#3352,#3353);
#3352 = CARTESIAN_POINT('',(1.525,2.41,10.03));
#3353 = VECTOR('',#3354,1.);
#3354 = DIRECTION('',(0.,0.,-1.));
#3355 = ORIENTED_EDGE('',*,*,#3294,.T.);
#3356 = ORIENTED_EDGE('',*,*,#3254,.F.);
#3357 = PLANE('',#3358);
#3358 = AXIS2_PLACEMENT_3D('',#3359,#3360,#3361);
#3359 = CARTESIAN_POINT('',(1.525,2.41,10.03));
#3360 = DIRECTION('',(1.,0.,0.));
#3361 = DIRECTION('',(0.,-1.,0.));
#3362 = ADVANCED_FACE('',(#3363),#3381,.T.);
#3363 = FACE_BOUND('',#3364,.T.);
#3364 = EDGE_LOOP('',(#3365,#3366,#3374,#3380));
#3365 = ORIENTED_EDGE('',*,*,#3342,.F.);
#3366 = ORIENTED_EDGE('',*,*,#3367,.T.);
#3367 = EDGE_CURVE('',#3343,#3368,#3370,.T.);
#3368 = VERTEX_POINT('',#3369);
#3369 = CARTESIAN_POINT('',(2.225,2.41,9.03));
#3370 = LINE('',#3371,#3372);
#3371 = CARTESIAN_POINT('',(1.525,2.41,9.03));
#3372 = VECTOR('',#3373,1.);
#3373 = DIRECTION('',(1.,0.,0.));
#3374 = ORIENTED_EDGE('',*,*,#3375,.T.);
#3375 = EDGE_CURVE('',#3368,#3239,#3376,.T.);
#3376 = LINE('',#3377,#3378);
#3377 = CARTESIAN_POINT('',(2.225,2.41,9.03));
#3378 = VECTOR('',#3379,1.);
#3379 = DIRECTION('',(0.,-1.,0.));
#3380 = ORIENTED_EDGE('',*,*,#3246,.F.);
#3381 = PLANE('',#3382);
#3382 = AXIS2_PLACEMENT_3D('',#3383,#3384,#3385);
#3383 = CARTESIAN_POINT('',(1.525,2.41,9.03));
#3384 = DIRECTION('',(0.,0.,-1.));
#3385 = DIRECTION('',(0.,-1.,0.));
#3386 = ADVANCED_FACE('',(#3387),#3428,.T.);
#3387 = FACE_BOUND('',#3388,.T.);
#3388 = EDGE_LOOP('',(#3389,#3390,#3391,#3397,#3398,#3406,#3414,#3422));
#3389 = ORIENTED_EDGE('',*,*,#3238,.F.);
#3390 = ORIENTED_EDGE('',*,*,#3375,.F.);
#3391 = ORIENTED_EDGE('',*,*,#3392,.F.);
#3392 = EDGE_CURVE('',#3279,#3368,#3393,.T.);
#3393 = LINE('',#3394,#3395);
#3394 = CARTESIAN_POINT('',(2.225,2.41,10.03));
#3395 = VECTOR('',#3396,1.);
#3396 = DIRECTION('',(0.,0.,-1.));
#3397 = ORIENTED_EDGE('',*,*,#3278,.T.);
#3398 = ORIENTED_EDGE('',*,*,#3399,.T.);
#3399 = EDGE_CURVE('',#3271,#3400,#3402,.T.);
#3400 = VERTEX_POINT('',#3401);
#3401 = CARTESIAN_POINT('',(2.225,-2.42,0.));
#3402 = LINE('',#3403,#3404);
#3403 = CARTESIAN_POINT('',(2.225,-2.42,1.));
#3404 = VECTOR('',#3405,1.);
#3405 = DIRECTION('',(0.,0.,-1.));
#3406 = ORIENTED_EDGE('',*,*,#3407,.F.);
#3407 = EDGE_CURVE('',#3408,#3400,#3410,.T.);
#3408 = VERTEX_POINT('',#3409);
#3409 = CARTESIAN_POINT('',(2.225,2.41,0.));
#3410 = LINE('',#3411,#3412);
#3411 = CARTESIAN_POINT('',(2.225,2.41,0.));
#3412 = VECTOR('',#3413,1.);
#3413 = DIRECTION('',(0.,-1.,0.));
#3414 = ORIENTED_EDGE('',*,*,#3415,.F.);
#3415 = EDGE_CURVE('',#3416,#3408,#3418,.T.);
#3416 = VERTEX_POINT('',#3417);
#3417 = CARTESIAN_POINT('',(2.225,2.41,1.));
#3418 = LINE('',#3419,#3420);
#3419 = CARTESIAN_POINT('',(2.225,2.41,1.));
#3420 = VECTOR('',#3421,1.);
#3421 = DIRECTION('',(0.,0.,-1.));
#3422 = ORIENTED_EDGE('',*,*,#3423,.T.);
#3423 = EDGE_CURVE('',#3416,#3231,#3424,.T.);
#3424 = LINE('',#3425,#3426);
#3425 = CARTESIAN_POINT('',(2.225,2.41,1.));
#3426 = VECTOR('',#3427,1.);
#3427 = DIRECTION('',(0.,-1.,0.));
#3428 = PLANE('',#3429);
#3429 = AXIS2_PLACEMENT_3D('',#3430,#3431,#3432);
#3430 = CARTESIAN_POINT('',(2.225,-4.963254593176E-02,5.015));
#3431 = DIRECTION('',(1.,0.,0.));
#3432 = DIRECTION('',(0.,-1.,0.));
#3433 = ADVANCED_FACE('',(#3434),#3452,.F.);
#3434 = FACE_BOUND('',#3435,.F.);
#3435 = EDGE_LOOP('',(#3436,#3444,#3450,#3451));
#3436 = ORIENTED_EDGE('',*,*,#3437,.F.);
#3437 = EDGE_CURVE('',#3438,#3223,#3440,.T.);
#3438 = VERTEX_POINT('',#3439);
#3439 = CARTESIAN_POINT('',(1.525,2.41,1.));
#3440 = LINE('',#3441,#3442);
#3441 = CARTESIAN_POINT('',(1.525,2.41,1.));
#3442 = VECTOR('',#3443,1.);
#3443 = DIRECTION('',(0.,-1.,0.));
#3444 = ORIENTED_EDGE('',*,*,#3445,.T.);
#3445 = EDGE_CURVE('',#3438,#3416,#3446,.T.);
#3446 = LINE('',#3447,#3448);
#3447 = CARTESIAN_POINT('',(1.525,2.41,1.));
#3448 = VECTOR('',#3449,1.);
#3449 = DIRECTION('',(1.,0.,0.));
#3450 = ORIENTED_EDGE('',*,*,#3423,.T.);
#3451 = ORIENTED_EDGE('',*,*,#3230,.F.);
#3452 = PLANE('',#3453);
#3453 = AXIS2_PLACEMENT_3D('',#3454,#3455,#3456);
#3454 = CARTESIAN_POINT('',(1.525,2.41,1.));
#3455 = DIRECTION('',(0.,0.,-1.));
#3456 = DIRECTION('',(0.,-1.,0.));
#3457 = ADVANCED_FACE('',(#3458),#3492,.F.);
#3458 = FACE_BOUND('',#3459,.F.);
#3459 = EDGE_LOOP('',(#3460,#3470,#3476,#3477,#3478,#3486));
#3460 = ORIENTED_EDGE('',*,*,#3461,.F.);
#3461 = EDGE_CURVE('',#3462,#3464,#3466,.T.);
#3462 = VERTEX_POINT('',#3463);
#3463 = CARTESIAN_POINT('',(1.525,2.41,0.));
#3464 = VERTEX_POINT('',#3465);
#3465 = CARTESIAN_POINT('',(1.525,-2.42,0.));
#3466 = LINE('',#3467,#3468);
#3467 = CARTESIAN_POINT('',(1.525,2.41,0.));
#3468 = VECTOR('',#3469,1.);
#3469 = DIRECTION('',(0.,-1.,0.));
#3470 = ORIENTED_EDGE('',*,*,#3471,.F.);
#3471 = EDGE_CURVE('',#3438,#3462,#3472,.T.);
#3472 = LINE('',#3473,#3474);
#3473 = CARTESIAN_POINT('',(1.525,2.41,1.));
#3474 = VECTOR('',#3475,1.);
#3475 = DIRECTION('',(0.,0.,-1.));
#3476 = ORIENTED_EDGE('',*,*,#3437,.T.);
#3477 = ORIENTED_EDGE('',*,*,#3222,.F.);
#3478 = ORIENTED_EDGE('',*,*,#3479,.T.);
#3479 = EDGE_CURVE('',#3215,#3480,#3482,.T.);
#3480 = VERTEX_POINT('',#3481);
#3481 = CARTESIAN_POINT('',(1.525,-2.42,0.38));
#3482 = LINE('',#3483,#3484);
#3483 = CARTESIAN_POINT('',(1.525,2.22,0.38));
#3484 = VECTOR('',#3485,1.);
#3485 = DIRECTION('',(0.,-1.,0.));
#3486 = ORIENTED_EDGE('',*,*,#3487,.T.);
#3487 = EDGE_CURVE('',#3480,#3464,#3488,.T.);
#3488 = LINE('',#3489,#3490);
#3489 = CARTESIAN_POINT('',(1.525,-2.42,1.));
#3490 = VECTOR('',#3491,1.);
#3491 = DIRECTION('',(0.,0.,-1.));
#3492 = PLANE('',#3493);
#3493 = AXIS2_PLACEMENT_3D('',#3494,#3495,#3496);
#3494 = CARTESIAN_POINT('',(1.525,2.41,1.));
#3495 = DIRECTION('',(1.,0.,0.));
#3496 = DIRECTION('',(0.,-1.,0.));
#3497 = ADVANCED_FACE('',(#3498,#3516,#3527,#3538),#3549,.T.);
#3498 = FACE_BOUND('',#3499,.T.);
#3499 = EDGE_LOOP('',(#3500,#3508,#3514,#3515));
#3500 = ORIENTED_EDGE('',*,*,#3501,.F.);
#3501 = EDGE_CURVE('',#3502,#3480,#3504,.T.);
#3502 = VERTEX_POINT('',#3503);
#3503 = CARTESIAN_POINT('',(-6.605,-2.42,0.38));
#3504 = LINE('',#3505,#3506);
#3505 = CARTESIAN_POINT('',(-7.305,-2.42,0.38));
#3506 = VECTOR('',#3507,1.);
#3507 = DIRECTION('',(1.,0.,0.));
#3508 = ORIENTED_EDGE('',*,*,#3509,.F.);
#3509 = EDGE_CURVE('',#3207,#3502,#3510,.T.);
#3510 = LINE('',#3511,#3512);
#3511 = CARTESIAN_POINT('',(-6.605,2.22,0.38));
#3512 = VECTOR('',#3513,1.);
#3513 = DIRECTION('',(0.,-1.,0.));
#3514 = ORIENTED_EDGE('',*,*,#3214,.T.);
#3515 = ORIENTED_EDGE('',*,*,#3479,.T.);
#3516 = FACE_BOUND('',#3517,.T.);
#3517 = EDGE_LOOP('',(#3518));
#3518 = ORIENTED_EDGE('',*,*,#3519,.T.);
#3519 = EDGE_CURVE('',#3520,#3520,#3522,.T.);
#3520 = VERTEX_POINT('',#3521);
#3521 = CARTESIAN_POINT('',(-2.285,0.,0.38));
#3522 = CIRCLE('',#3523,0.255);
#3523 = AXIS2_PLACEMENT_3D('',#3524,#3525,#3526);
#3524 = CARTESIAN_POINT('',(-2.54,0.,0.38));
#3525 = DIRECTION('',(0.,0.,1.));
#3526 = DIRECTION('',(1.,0.,-0.));
#3527 = FACE_BOUND('',#3528,.T.);
#3528 = EDGE_LOOP('',(#3529));
#3529 = ORIENTED_EDGE('',*,*,#3530,.T.);
#3530 = EDGE_CURVE('',#3531,#3531,#3533,.T.);
#3531 = VERTEX_POINT('',#3532);
#3532 = CARTESIAN_POINT('',(0.255,0.,0.38));
#3533 = CIRCLE('',#3534,0.255);
#3534 = AXIS2_PLACEMENT_3D('',#3535,#3536,#3537);
#3535 = CARTESIAN_POINT('',(0.,0.,0.38));
#3536 = DIRECTION('',(0.,0.,1.));
#3537 = DIRECTION('',(1.,0.,-0.));
#3538 = FACE_BOUND('',#3539,.T.);
#3539 = EDGE_LOOP('',(#3540));
#3540 = ORIENTED_EDGE('',*,*,#3541,.T.);
#3541 = EDGE_CURVE('',#3542,#3542,#3544,.T.);
#3542 = VERTEX_POINT('',#3543);
#3543 = CARTESIAN_POINT('',(-4.825,0.,0.38));
#3544 = CIRCLE('',#3545,0.255);
#3545 = AXIS2_PLACEMENT_3D('',#3546,#3547,#3548);
#3546 = CARTESIAN_POINT('',(-5.08,0.,0.38));
#3547 = DIRECTION('',(0.,0.,1.));
#3548 = DIRECTION('',(1.,0.,-0.));
#3549 = PLANE('',#3550);
#3550 = AXIS2_PLACEMENT_3D('',#3551,#3552,#3553);
#3551 = CARTESIAN_POINT('',(-7.305,2.03,0.38));
#3552 = DIRECTION('',(0.,0.,-1.));
#3553 = DIRECTION('',(0.,-1.,0.));
#3554 = ADVANCED_FACE('',(#3555),#3589,.T.);
#3555 = FACE_BOUND('',#3556,.T.);
#3556 = EDGE_LOOP('',(#3557,#3567,#3575,#3581,#3582,#3583));
#3557 = ORIENTED_EDGE('',*,*,#3558,.F.);
#3558 = EDGE_CURVE('',#3559,#3561,#3563,.T.);
#3559 = VERTEX_POINT('',#3560);
#3560 = CARTESIAN_POINT('',(-6.605,2.41,0.));
#3561 = VERTEX_POINT('',#3562);
#3562 = CARTESIAN_POINT('',(-6.605,-2.42,0.));
#3563 = LINE('',#3564,#3565);
#3564 = CARTESIAN_POINT('',(-6.605,2.41,0.));
#3565 = VECTOR('',#3566,1.);
#3566 = DIRECTION('',(0.,-1.,0.));
#3567 = ORIENTED_EDGE('',*,*,#3568,.F.);
#3568 = EDGE_CURVE('',#3569,#3559,#3571,.T.);
#3569 = VERTEX_POINT('',#3570);
#3570 = CARTESIAN_POINT('',(-6.605,2.41,1.));
#3571 = LINE('',#3572,#3573);
#3572 = CARTESIAN_POINT('',(-6.605,2.41,1.));
#3573 = VECTOR('',#3574,1.);
#3574 = DIRECTION('',(0.,0.,-1.));
#3575 = ORIENTED_EDGE('',*,*,#3576,.T.);
#3576 = EDGE_CURVE('',#3569,#3199,#3577,.T.);
#3577 = LINE('',#3578,#3579);
#3578 = CARTESIAN_POINT('',(-6.605,2.41,1.));
#3579 = VECTOR('',#3580,1.);
#3580 = DIRECTION('',(0.,-1.,0.));
#3581 = ORIENTED_EDGE('',*,*,#3206,.F.);
#3582 = ORIENTED_EDGE('',*,*,#3509,.T.);
#3583 = ORIENTED_EDGE('',*,*,#3584,.T.);
#3584 = EDGE_CURVE('',#3502,#3561,#3585,.T.);
#3585 = LINE('',#3586,#3587);
#3586 = CARTESIAN_POINT('',(-6.605,-2.42,1.));
#3587 = VECTOR('',#3588,1.);
#3588 = DIRECTION('',(0.,0.,-1.));
#3589 = PLANE('',#3590);
#3590 = AXIS2_PLACEMENT_3D('',#3591,#3592,#3593);
#3591 = CARTESIAN_POINT('',(-6.605,2.41,1.));
#3592 = DIRECTION('',(1.,0.,0.));
#3593 = DIRECTION('',(0.,-1.,0.));
#3594 = ADVANCED_FACE('',(#3595),#3613,.F.);
#3595 = FACE_BOUND('',#3596,.F.);
#3596 = EDGE_LOOP('',(#3597,#3605,#3611,#3612));
#3597 = ORIENTED_EDGE('',*,*,#3598,.F.);
#3598 = EDGE_CURVE('',#3599,#3191,#3601,.T.);
#3599 = VERTEX_POINT('',#3600);
#3600 = CARTESIAN_POINT('',(-7.305,2.41,1.));
#3601 = LINE('',#3602,#3603);
#3602 = CARTESIAN_POINT('',(-7.305,2.41,1.));
#3603 = VECTOR('',#3604,1.);
#3604 = DIRECTION('',(0.,-1.,0.));
#3605 = ORIENTED_EDGE('',*,*,#3606,.T.);
#3606 = EDGE_CURVE('',#3599,#3569,#3607,.T.);
#3607 = LINE('',#3608,#3609);
#3608 = CARTESIAN_POINT('',(-7.305,2.41,1.));
#3609 = VECTOR('',#3610,1.);
#3610 = DIRECTION('',(1.,0.,0.));
#3611 = ORIENTED_EDGE('',*,*,#3576,.T.);
#3612 = ORIENTED_EDGE('',*,*,#3198,.F.);
#3613 = PLANE('',#3614);
#3614 = AXIS2_PLACEMENT_3D('',#3615,#3616,#3617);
#3615 = CARTESIAN_POINT('',(-7.305,2.41,1.));
#3616 = DIRECTION('',(0.,0.,-1.));
#3617 = DIRECTION('',(0.,-1.,0.));
#3618 = ADVANCED_FACE('',(#3619),#3660,.T.);
#3619 = FACE_BOUND('',#3620,.T.);
#3620 = EDGE_LOOP('',(#3621,#3622,#3630,#3636,#3637,#3638,#3646,#3654));
#3621 = ORIENTED_EDGE('',*,*,#3317,.F.);
#3622 = ORIENTED_EDGE('',*,*,#3623,.T.);
#3623 = EDGE_CURVE('',#3310,#3624,#3626,.T.);
#3624 = VERTEX_POINT('',#3625);
#3625 = CARTESIAN_POINT('',(-7.305,2.41,9.03));
#3626 = LINE('',#3627,#3628);
#3627 = CARTESIAN_POINT('',(-7.305,2.41,10.03));
#3628 = VECTOR('',#3629,1.);
#3629 = DIRECTION('',(0.,0.,-1.));
#3630 = ORIENTED_EDGE('',*,*,#3631,.T.);
#3631 = EDGE_CURVE('',#3624,#3183,#3632,.T.);
#3632 = LINE('',#3633,#3634);
#3633 = CARTESIAN_POINT('',(-7.305,2.41,9.03));
#3634 = VECTOR('',#3635,1.);
#3635 = DIRECTION('',(0.,-1.,0.));
#3636 = ORIENTED_EDGE('',*,*,#3190,.T.);
#3637 = ORIENTED_EDGE('',*,*,#3598,.F.);
#3638 = ORIENTED_EDGE('',*,*,#3639,.T.);
#3639 = EDGE_CURVE('',#3599,#3640,#3642,.T.);
#3640 = VERTEX_POINT('',#3641);
#3641 = CARTESIAN_POINT('',(-7.305,2.41,0.));
#3642 = LINE('',#3643,#3644);
#3643 = CARTESIAN_POINT('',(-7.305,2.41,1.));
#3644 = VECTOR('',#3645,1.);
#3645 = DIRECTION('',(0.,0.,-1.));
#3646 = ORIENTED_EDGE('',*,*,#3647,.T.);
#3647 = EDGE_CURVE('',#3640,#3648,#3650,.T.);
#3648 = VERTEX_POINT('',#3649);
#3649 = CARTESIAN_POINT('',(-7.305,-2.42,0.));
#3650 = LINE('',#3651,#3652);
#3651 = CARTESIAN_POINT('',(-7.305,2.41,0.));
#3652 = VECTOR('',#3653,1.);
#3653 = DIRECTION('',(0.,-1.,0.));
#3654 = ORIENTED_EDGE('',*,*,#3655,.F.);
#3655 = EDGE_CURVE('',#3269,#3648,#3656,.T.);
#3656 = LINE('',#3657,#3658);
#3657 = CARTESIAN_POINT('',(-7.305,-2.42,1.));
#3658 = VECTOR('',#3659,1.);
#3659 = DIRECTION('',(0.,0.,-1.));
#3660 = PLANE('',#3661);
#3661 = AXIS2_PLACEMENT_3D('',#3662,#3663,#3664);
#3662 = CARTESIAN_POINT('',(-7.305,-4.963254593176E-02,5.015));
#3663 = DIRECTION('',(-1.,0.,0.));
#3664 = DIRECTION('',(0.,1.,0.));
#3665 = ADVANCED_FACE('',(#3666),#3684,.T.);
#3666 = FACE_BOUND('',#3667,.T.);
#3667 = EDGE_LOOP('',(#3668,#3669,#3677,#3683));
#3668 = ORIENTED_EDGE('',*,*,#3631,.F.);
#3669 = ORIENTED_EDGE('',*,*,#3670,.T.);
#3670 = EDGE_CURVE('',#3624,#3671,#3673,.T.);
#3671 = VERTEX_POINT('',#3672);
#3672 = CARTESIAN_POINT('',(-6.605,2.41,9.03));
#3673 = LINE('',#3674,#3675);
#3674 = CARTESIAN_POINT('',(-7.305,2.41,9.03));
#3675 = VECTOR('',#3676,1.);
#3676 = DIRECTION('',(1.,0.,0.));
#3677 = ORIENTED_EDGE('',*,*,#3678,.T.);
#3678 = EDGE_CURVE('',#3671,#3175,#3679,.T.);
#3679 = LINE('',#3680,#3681);
#3680 = CARTESIAN_POINT('',(-6.605,2.41,9.03));
#3681 = VECTOR('',#3682,1.);
#3682 = DIRECTION('',(0.,-1.,0.));
#3683 = ORIENTED_EDGE('',*,*,#3182,.F.);
#3684 = PLANE('',#3685);
#3685 = AXIS2_PLACEMENT_3D('',#3686,#3687,#3688);
#3686 = CARTESIAN_POINT('',(-7.305,2.41,9.03));
#3687 = DIRECTION('',(0.,0.,-1.));
#3688 = DIRECTION('',(0.,-1.,0.));
#3689 = ADVANCED_FACE('',(#3690),#3701,.T.);
#3690 = FACE_BOUND('',#3691,.T.);
#3691 = EDGE_LOOP('',(#3692,#3693,#3699,#3700));
#3692 = ORIENTED_EDGE('',*,*,#3678,.F.);
#3693 = ORIENTED_EDGE('',*,*,#3694,.F.);
#3694 = EDGE_CURVE('',#3302,#3671,#3695,.T.);
#3695 = LINE('',#3696,#3697);
#3696 = CARTESIAN_POINT('',(-6.605,2.41,10.03));
#3697 = VECTOR('',#3698,1.);
#3698 = DIRECTION('',(0.,0.,-1.));
#3699 = ORIENTED_EDGE('',*,*,#3301,.T.);
#3700 = ORIENTED_EDGE('',*,*,#3174,.F.);
#3701 = PLANE('',#3702);
#3702 = AXIS2_PLACEMENT_3D('',#3703,#3704,#3705);
#3703 = CARTESIAN_POINT('',(-6.605,2.41,10.03));
#3704 = DIRECTION('',(1.,0.,0.));
#3705 = DIRECTION('',(0.,-1.,0.));
#3706 = ADVANCED_FACE('',(#3707),#3727,.T.);
#3707 = FACE_BOUND('',#3708,.T.);
#3708 = EDGE_LOOP('',(#3709,#3710,#3711,#3717,#3718,#3719,#3720,#3726));
#3709 = ORIENTED_EDGE('',*,*,#3268,.F.);
#3710 = ORIENTED_EDGE('',*,*,#3655,.T.);
#3711 = ORIENTED_EDGE('',*,*,#3712,.T.);
#3712 = EDGE_CURVE('',#3648,#3561,#3713,.T.);
#3713 = LINE('',#3714,#3715);
#3714 = CARTESIAN_POINT('',(-7.305,-2.42,0.));
#3715 = VECTOR('',#3716,1.);
#3716 = DIRECTION('',(1.,0.,0.));
#3717 = ORIENTED_EDGE('',*,*,#3584,.F.);
#3718 = ORIENTED_EDGE('',*,*,#3501,.T.);
#3719 = ORIENTED_EDGE('',*,*,#3487,.T.);
#3720 = ORIENTED_EDGE('',*,*,#3721,.T.);
#3721 = EDGE_CURVE('',#3464,#3400,#3722,.T.);
#3722 = LINE('',#3723,#3724);
#3723 = CARTESIAN_POINT('',(1.525,-2.42,0.));
#3724 = VECTOR('',#3725,1.);
#3725 = DIRECTION('',(1.,0.,0.));
#3726 = ORIENTED_EDGE('',*,*,#3399,.F.);
#3727 = PLANE('',#3728);
#3728 = AXIS2_PLACEMENT_3D('',#3729,#3730,#3731);
#3729 = CARTESIAN_POINT('',(-2.54,-2.42,5.000516549649));
#3730 = DIRECTION('',(0.,-1.,0.));
#3731 = DIRECTION('',(1.,0.,0.));
#3732 = ADVANCED_FACE('',(#3733),#3739,.F.);
#3733 = FACE_BOUND('',#3734,.F.);
#3734 = EDGE_LOOP('',(#3735,#3736,#3737,#3738));
#3735 = ORIENTED_EDGE('',*,*,#3309,.F.);
#3736 = ORIENTED_EDGE('',*,*,#3623,.T.);
#3737 = ORIENTED_EDGE('',*,*,#3670,.T.);
#3738 = ORIENTED_EDGE('',*,*,#3694,.F.);
#3739 = PLANE('',#3740);
#3740 = AXIS2_PLACEMENT_3D('',#3741,#3742,#3743);
#3741 = CARTESIAN_POINT('',(-7.305,2.41,10.03));
#3742 = DIRECTION('',(0.,-1.,0.));
#3743 = DIRECTION('',(0.,0.,-1.));
#3744 = ADVANCED_FACE('',(#3745),#3751,.F.);
#3745 = FACE_BOUND('',#3746,.F.);
#3746 = EDGE_LOOP('',(#3747,#3748,#3749,#3750));
#3747 = ORIENTED_EDGE('',*,*,#3286,.F.);
#3748 = ORIENTED_EDGE('',*,*,#3350,.T.);
#3749 = ORIENTED_EDGE('',*,*,#3367,.T.);
#3750 = ORIENTED_EDGE('',*,*,#3392,.F.);
#3751 = PLANE('',#3752);
#3752 = AXIS2_PLACEMENT_3D('',#3753,#3754,#3755);
#3753 = CARTESIAN_POINT('',(1.525,2.41,10.03));
#3754 = DIRECTION('',(0.,-1.,0.));
#3755 = DIRECTION('',(0.,0.,-1.));
#3756 = ADVANCED_FACE('',(#3757),#3844,.T.);
#3757 = FACE_BOUND('',#3758,.T.);
#3758 = EDGE_LOOP('',(#3759,#3770,#3778,#3787,#3793,#3794,#3795,#3804,
    #3812,#3821,#3829,#3838));
#3759 = ORIENTED_EDGE('',*,*,#3760,.F.);
#3760 = EDGE_CURVE('',#3761,#3763,#3765,.T.);
#3761 = VERTEX_POINT('',#3762);
#3762 = CARTESIAN_POINT('',(2.016190369349,-0.87,11.05));
#3763 = VERTEX_POINT('',#3764);
#3764 = CARTESIAN_POINT('',(-0.106190369349,-0.87,11.05));
#3765 = CIRCLE('',#3766,1.095);
#3766 = AXIS2_PLACEMENT_3D('',#3767,#3768,#3769);
#3767 = CARTESIAN_POINT('',(0.955,-1.14,11.05));
#3768 = DIRECTION('',(0.,0.,1.));
#3769 = DIRECTION('',(1.,0.,-0.));
#3770 = ORIENTED_EDGE('',*,*,#3771,.F.);
#3771 = EDGE_CURVE('',#3772,#3761,#3774,.T.);
#3772 = VERTEX_POINT('',#3773);
#3773 = CARTESIAN_POINT('',(2.016190369349,-0.87,10.29));
#3774 = LINE('',#3775,#3776);
#3775 = CARTESIAN_POINT('',(2.016190369349,-0.87,10.03));
#3776 = VECTOR('',#3777,1.);
#3777 = DIRECTION('',(0.,0.,1.));
#3778 = ORIENTED_EDGE('',*,*,#3779,.F.);
#3779 = EDGE_CURVE('',#3780,#3772,#3782,.T.);
#3780 = VERTEX_POINT('',#3781);
#3781 = CARTESIAN_POINT('',(2.05,-1.14,10.29));
#3782 = CIRCLE('',#3783,1.095);
#3783 = AXIS2_PLACEMENT_3D('',#3784,#3785,#3786);
#3784 = CARTESIAN_POINT('',(0.955,-1.14,10.29));
#3785 = DIRECTION('',(0.,0.,1.));
#3786 = DIRECTION('',(1.,0.,-0.));
#3787 = ORIENTED_EDGE('',*,*,#3788,.F.);
#3788 = EDGE_CURVE('',#3326,#3780,#3789,.T.);
#3789 = LINE('',#3790,#3791);
#3790 = CARTESIAN_POINT('',(2.05,-1.14,10.03));
#3791 = VECTOR('',#3792,1.);
#3792 = DIRECTION('',(0.,0.,1.));
#3793 = ORIENTED_EDGE('',*,*,#3325,.T.);
#3794 = ORIENTED_EDGE('',*,*,#3788,.T.);
#3795 = ORIENTED_EDGE('',*,*,#3796,.F.);
#3796 = EDGE_CURVE('',#3797,#3780,#3799,.T.);
#3797 = VERTEX_POINT('',#3798);
#3798 = CARTESIAN_POINT('',(2.010900089971,-1.43,10.29));
#3799 = CIRCLE('',#3800,1.095);
#3800 = AXIS2_PLACEMENT_3D('',#3801,#3802,#3803);
#3801 = CARTESIAN_POINT('',(0.955,-1.14,10.29));
#3802 = DIRECTION('',(0.,0.,1.));
#3803 = DIRECTION('',(1.,0.,-0.));
#3804 = ORIENTED_EDGE('',*,*,#3805,.T.);
#3805 = EDGE_CURVE('',#3797,#3806,#3808,.T.);
#3806 = VERTEX_POINT('',#3807);
#3807 = CARTESIAN_POINT('',(2.010900089971,-1.43,11.05));
#3808 = LINE('',#3809,#3810);
#3809 = CARTESIAN_POINT('',(2.010900089971,-1.43,10.03));
#3810 = VECTOR('',#3811,1.);
#3811 = DIRECTION('',(0.,0.,1.));
#3812 = ORIENTED_EDGE('',*,*,#3813,.F.);
#3813 = EDGE_CURVE('',#3814,#3806,#3816,.T.);
#3814 = VERTEX_POINT('',#3815);
#3815 = CARTESIAN_POINT('',(-0.100900089971,-1.43,11.05));
#3816 = CIRCLE('',#3817,1.095);
#3817 = AXIS2_PLACEMENT_3D('',#3818,#3819,#3820);
#3818 = CARTESIAN_POINT('',(0.955,-1.14,11.05));
#3819 = DIRECTION('',(0.,0.,1.));
#3820 = DIRECTION('',(1.,0.,-0.));
#3821 = ORIENTED_EDGE('',*,*,#3822,.F.);
#3822 = EDGE_CURVE('',#3823,#3814,#3825,.T.);
#3823 = VERTEX_POINT('',#3824);
#3824 = CARTESIAN_POINT('',(-0.100900089971,-1.43,10.29));
#3825 = LINE('',#3826,#3827);
#3826 = CARTESIAN_POINT('',(-0.100900089971,-1.43,10.03));
#3827 = VECTOR('',#3828,1.);
#3828 = DIRECTION('',(0.,0.,1.));
#3829 = ORIENTED_EDGE('',*,*,#3830,.F.);
#3830 = EDGE_CURVE('',#3831,#3823,#3833,.T.);
#3831 = VERTEX_POINT('',#3832);
#3832 = CARTESIAN_POINT('',(-0.106190369349,-0.87,10.29));
#3833 = CIRCLE('',#3834,1.095);
#3834 = AXIS2_PLACEMENT_3D('',#3835,#3836,#3837);
#3835 = CARTESIAN_POINT('',(0.955,-1.14,10.29));
#3836 = DIRECTION('',(0.,0.,1.));
#3837 = DIRECTION('',(1.,0.,-0.));
#3838 = ORIENTED_EDGE('',*,*,#3839,.T.);
#3839 = EDGE_CURVE('',#3831,#3763,#3840,.T.);
#3840 = LINE('',#3841,#3842);
#3841 = CARTESIAN_POINT('',(-0.106190369349,-0.87,10.03));
#3842 = VECTOR('',#3843,1.);
#3843 = DIRECTION('',(0.,0.,1.));
#3844 = CYLINDRICAL_SURFACE('',#3845,1.095);
#3845 = AXIS2_PLACEMENT_3D('',#3846,#3847,#3848);
#3846 = CARTESIAN_POINT('',(0.955,-1.14,10.03));
#3847 = DIRECTION('',(0.,0.,1.));
#3848 = DIRECTION('',(1.,0.,-0.));
#3849 = ADVANCED_FACE('',(#3850),#3861,.T.);
#3850 = FACE_BOUND('',#3851,.T.);
#3851 = EDGE_LOOP('',(#3852,#3853,#3859,#3860));
#3852 = ORIENTED_EDGE('',*,*,#3461,.F.);
#3853 = ORIENTED_EDGE('',*,*,#3854,.T.);
#3854 = EDGE_CURVE('',#3462,#3408,#3855,.T.);
#3855 = LINE('',#3856,#3857);
#3856 = CARTESIAN_POINT('',(1.525,2.41,0.));
#3857 = VECTOR('',#3858,1.);
#3858 = DIRECTION('',(1.,0.,0.));
#3859 = ORIENTED_EDGE('',*,*,#3407,.T.);
#3860 = ORIENTED_EDGE('',*,*,#3721,.F.);
#3861 = PLANE('',#3862);
#3862 = AXIS2_PLACEMENT_3D('',#3863,#3864,#3865);
#3863 = CARTESIAN_POINT('',(1.525,2.41,0.));
#3864 = DIRECTION('',(0.,0.,-1.));
#3865 = DIRECTION('',(0.,-1.,0.));
#3866 = ADVANCED_FACE('',(#3867),#3873,.F.);
#3867 = FACE_BOUND('',#3868,.F.);
#3868 = EDGE_LOOP('',(#3869,#3870,#3871,#3872));
#3869 = ORIENTED_EDGE('',*,*,#3445,.F.);
#3870 = ORIENTED_EDGE('',*,*,#3471,.T.);
#3871 = ORIENTED_EDGE('',*,*,#3854,.T.);
#3872 = ORIENTED_EDGE('',*,*,#3415,.F.);
#3873 = PLANE('',#3874);
#3874 = AXIS2_PLACEMENT_3D('',#3875,#3876,#3877);
#3875 = CARTESIAN_POINT('',(1.525,2.41,1.));
#3876 = DIRECTION('',(0.,-1.,0.));
#3877 = DIRECTION('',(0.,0.,-1.));
#3878 = ADVANCED_FACE('',(#3879),#3898,.T.);
#3879 = FACE_BOUND('',#3880,.T.);
#3880 = EDGE_LOOP('',(#3881,#3882,#3890,#3897));
#3881 = ORIENTED_EDGE('',*,*,#3519,.F.);
#3882 = ORIENTED_EDGE('',*,*,#3883,.F.);
#3883 = EDGE_CURVE('',#3884,#3520,#3886,.T.);
#3884 = VERTEX_POINT('',#3885);
#3885 = CARTESIAN_POINT('',(-2.285,0.,-6.02));
#3886 = LINE('',#3887,#3888);
#3887 = CARTESIAN_POINT('',(-2.285,-6.E-17,-6.02));
#3888 = VECTOR('',#3889,1.);
#3889 = DIRECTION('',(0.,0.,1.));
#3890 = ORIENTED_EDGE('',*,*,#3891,.T.);
#3891 = EDGE_CURVE('',#3884,#3884,#3892,.T.);
#3892 = CIRCLE('',#3893,0.255);
#3893 = AXIS2_PLACEMENT_3D('',#3894,#3895,#3896);
#3894 = CARTESIAN_POINT('',(-2.54,0.,-6.02));
#3895 = DIRECTION('',(0.,0.,1.));
#3896 = DIRECTION('',(1.,0.,-0.));
#3897 = ORIENTED_EDGE('',*,*,#3883,.T.);
#3898 = CYLINDRICAL_SURFACE('',#3899,0.255);
#3899 = AXIS2_PLACEMENT_3D('',#3900,#3901,#3902);
#3900 = CARTESIAN_POINT('',(-2.54,0.,-6.02));
#3901 = DIRECTION('',(0.,0.,1.));
#3902 = DIRECTION('',(1.,0.,-0.));
#3903 = ADVANCED_FACE('',(#3904),#3923,.T.);
#3904 = FACE_BOUND('',#3905,.T.);
#3905 = EDGE_LOOP('',(#3906,#3907,#3915,#3922));
#3906 = ORIENTED_EDGE('',*,*,#3530,.F.);
#3907 = ORIENTED_EDGE('',*,*,#3908,.F.);
#3908 = EDGE_CURVE('',#3909,#3531,#3911,.T.);
#3909 = VERTEX_POINT('',#3910);
#3910 = CARTESIAN_POINT('',(0.255,0.,-6.02));
#3911 = LINE('',#3912,#3913);
#3912 = CARTESIAN_POINT('',(0.255,-6.E-17,-6.02));
#3913 = VECTOR('',#3914,1.);
#3914 = DIRECTION('',(0.,0.,1.));
#3915 = ORIENTED_EDGE('',*,*,#3916,.T.);
#3916 = EDGE_CURVE('',#3909,#3909,#3917,.T.);
#3917 = CIRCLE('',#3918,0.255);
#3918 = AXIS2_PLACEMENT_3D('',#3919,#3920,#3921);
#3919 = CARTESIAN_POINT('',(0.,0.,-6.02));
#3920 = DIRECTION('',(0.,0.,1.));
#3921 = DIRECTION('',(1.,0.,-0.));
#3922 = ORIENTED_EDGE('',*,*,#3908,.T.);
#3923 = CYLINDRICAL_SURFACE('',#3924,0.255);
#3924 = AXIS2_PLACEMENT_3D('',#3925,#3926,#3927);
#3925 = CARTESIAN_POINT('',(0.,0.,-6.02));
#3926 = DIRECTION('',(0.,0.,1.));
#3927 = DIRECTION('',(1.,0.,-0.));
#3928 = ADVANCED_FACE('',(#3929),#3948,.T.);
#3929 = FACE_BOUND('',#3930,.T.);
#3930 = EDGE_LOOP('',(#3931,#3932,#3940,#3947));
#3931 = ORIENTED_EDGE('',*,*,#3541,.F.);
#3932 = ORIENTED_EDGE('',*,*,#3933,.F.);
#3933 = EDGE_CURVE('',#3934,#3542,#3936,.T.);
#3934 = VERTEX_POINT('',#3935);
#3935 = CARTESIAN_POINT('',(-4.825,0.,-6.02));
#3936 = LINE('',#3937,#3938);
#3937 = CARTESIAN_POINT('',(-4.825,-6.E-17,-6.02));
#3938 = VECTOR('',#3939,1.);
#3939 = DIRECTION('',(0.,0.,1.));
#3940 = ORIENTED_EDGE('',*,*,#3941,.T.);
#3941 = EDGE_CURVE('',#3934,#3934,#3942,.T.);
#3942 = CIRCLE('',#3943,0.255);
#3943 = AXIS2_PLACEMENT_3D('',#3944,#3945,#3946);
#3944 = CARTESIAN_POINT('',(-5.08,0.,-6.02));
#3945 = DIRECTION('',(0.,0.,1.));
#3946 = DIRECTION('',(1.,0.,-0.));
#3947 = ORIENTED_EDGE('',*,*,#3933,.T.);
#3948 = CYLINDRICAL_SURFACE('',#3949,0.255);
#3949 = AXIS2_PLACEMENT_3D('',#3950,#3951,#3952);
#3950 = CARTESIAN_POINT('',(-5.08,0.,-6.02));
#3951 = DIRECTION('',(0.,0.,1.));
#3952 = DIRECTION('',(1.,0.,-0.));
#3953 = ADVANCED_FACE('',(#3954),#3965,.T.);
#3954 = FACE_BOUND('',#3955,.T.);
#3955 = EDGE_LOOP('',(#3956,#3957,#3963,#3964));
#3956 = ORIENTED_EDGE('',*,*,#3647,.F.);
#3957 = ORIENTED_EDGE('',*,*,#3958,.T.);
#3958 = EDGE_CURVE('',#3640,#3559,#3959,.T.);
#3959 = LINE('',#3960,#3961);
#3960 = CARTESIAN_POINT('',(-7.305,2.41,0.));
#3961 = VECTOR('',#3962,1.);
#3962 = DIRECTION('',(1.,0.,0.));
#3963 = ORIENTED_EDGE('',*,*,#3558,.T.);
#3964 = ORIENTED_EDGE('',*,*,#3712,.F.);
#3965 = PLANE('',#3966);
#3966 = AXIS2_PLACEMENT_3D('',#3967,#3968,#3969);
#3967 = CARTESIAN_POINT('',(-7.305,2.41,0.));
#3968 = DIRECTION('',(0.,0.,-1.));
#3969 = DIRECTION('',(0.,-1.,0.));
#3970 = ADVANCED_FACE('',(#3971),#3977,.F.);
#3971 = FACE_BOUND('',#3972,.F.);
#3972 = EDGE_LOOP('',(#3973,#3974,#3975,#3976));
#3973 = ORIENTED_EDGE('',*,*,#3606,.F.);
#3974 = ORIENTED_EDGE('',*,*,#3639,.T.);
#3975 = ORIENTED_EDGE('',*,*,#3958,.T.);
#3976 = ORIENTED_EDGE('',*,*,#3568,.F.);
#3977 = PLANE('',#3978);
#3978 = AXIS2_PLACEMENT_3D('',#3979,#3980,#3981);
#3979 = CARTESIAN_POINT('',(-7.305,2.41,1.));
#3980 = DIRECTION('',(0.,-1.,0.));
#3981 = DIRECTION('',(0.,0.,-1.));
#3982 = ADVANCED_FACE('',(#3983),#3992,.T.);
#3983 = FACE_BOUND('',#3984,.T.);
#3984 = EDGE_LOOP('',(#3985,#3991));
#3985 = ORIENTED_EDGE('',*,*,#3986,.T.);
#3986 = EDGE_CURVE('',#3763,#3761,#3987,.T.);
#3987 = LINE('',#3988,#3989);
#3988 = CARTESIAN_POINT('',(-3.64,-0.87,11.05));
#3989 = VECTOR('',#3990,1.);
#3990 = DIRECTION('',(1.,0.,0.));
#3991 = ORIENTED_EDGE('',*,*,#3760,.T.);
#3992 = PLANE('',#3993);
#3993 = AXIS2_PLACEMENT_3D('',#3994,#3995,#3996);
#3994 = CARTESIAN_POINT('',(0.955,-1.14,11.05));
#3995 = DIRECTION('',(0.,0.,1.));
#3996 = DIRECTION('',(1.,0.,-0.));
#3997 = ADVANCED_FACE('',(#3998),#4009,.F.);
#3998 = FACE_BOUND('',#3999,.F.);
#3999 = EDGE_LOOP('',(#4000,#4006,#4007,#4008));
#4000 = ORIENTED_EDGE('',*,*,#4001,.F.);
#4001 = EDGE_CURVE('',#3831,#3772,#4002,.T.);
#4002 = LINE('',#4003,#4004);
#4003 = CARTESIAN_POINT('',(-3.64,-0.87,10.29));
#4004 = VECTOR('',#4005,1.);
#4005 = DIRECTION('',(1.,0.,0.));
#4006 = ORIENTED_EDGE('',*,*,#3839,.T.);
#4007 = ORIENTED_EDGE('',*,*,#3986,.T.);
#4008 = ORIENTED_EDGE('',*,*,#3771,.F.);
#4009 = PLANE('',#4010);
#4010 = AXIS2_PLACEMENT_3D('',#4011,#4012,#4013);
#4011 = CARTESIAN_POINT('',(-3.64,-0.87,10.29));
#4012 = DIRECTION('',(0.,1.,0.));
#4013 = DIRECTION('',(0.,-0.,1.));
#4014 = ADVANCED_FACE('',(#4015),#4027,.T.);
#4015 = FACE_BOUND('',#4016,.T.);
#4016 = EDGE_LOOP('',(#4017,#4018,#4019,#4025,#4026));
#4017 = ORIENTED_EDGE('',*,*,#4001,.F.);
#4018 = ORIENTED_EDGE('',*,*,#3830,.T.);
#4019 = ORIENTED_EDGE('',*,*,#4020,.T.);
#4020 = EDGE_CURVE('',#3823,#3797,#4021,.T.);
#4021 = LINE('',#4022,#4023);
#4022 = CARTESIAN_POINT('',(-3.64,-1.43,10.29));
#4023 = VECTOR('',#4024,1.);
#4024 = DIRECTION('',(1.,0.,0.));
#4025 = ORIENTED_EDGE('',*,*,#3796,.T.);
#4026 = ORIENTED_EDGE('',*,*,#3779,.T.);
#4027 = PLANE('',#4028);
#4028 = AXIS2_PLACEMENT_3D('',#4029,#4030,#4031);
#4029 = CARTESIAN_POINT('',(-3.64,-1.43,10.29));
#4030 = DIRECTION('',(0.,0.,1.));
#4031 = DIRECTION('',(1.,0.,-0.));
#4032 = ADVANCED_FACE('',(#4033),#4044,.T.);
#4033 = FACE_BOUND('',#4034,.T.);
#4034 = EDGE_LOOP('',(#4035,#4036,#4037,#4043));
#4035 = ORIENTED_EDGE('',*,*,#4020,.F.);
#4036 = ORIENTED_EDGE('',*,*,#3822,.T.);
#4037 = ORIENTED_EDGE('',*,*,#4038,.T.);
#4038 = EDGE_CURVE('',#3814,#3806,#4039,.T.);
#4039 = LINE('',#4040,#4041);
#4040 = CARTESIAN_POINT('',(-3.64,-1.43,11.05));
#4041 = VECTOR('',#4042,1.);
#4042 = DIRECTION('',(1.,0.,0.));
#4043 = ORIENTED_EDGE('',*,*,#3805,.F.);
#4044 = PLANE('',#4045);
#4045 = AXIS2_PLACEMENT_3D('',#4046,#4047,#4048);
#4046 = CARTESIAN_POINT('',(-3.64,-1.43,10.29));
#4047 = DIRECTION('',(0.,1.,0.));
#4048 = DIRECTION('',(0.,-0.,1.));
#4049 = ADVANCED_FACE('',(#4050),#4054,.T.);
#4050 = FACE_BOUND('',#4051,.T.);
#4051 = EDGE_LOOP('',(#4052,#4053));
#4052 = ORIENTED_EDGE('',*,*,#3813,.T.);
#4053 = ORIENTED_EDGE('',*,*,#4038,.F.);
#4054 = PLANE('',#4055);
#4055 = AXIS2_PLACEMENT_3D('',#4056,#4057,#4058);
#4056 = CARTESIAN_POINT('',(0.955,-1.14,11.05));
#4057 = DIRECTION('',(0.,0.,1.));
#4058 = DIRECTION('',(1.,0.,-0.));
#4059 = ADVANCED_FACE('',(#4060),#4063,.F.);
#4060 = FACE_BOUND('',#4061,.T.);
#4061 = EDGE_LOOP('',(#4062));
#4062 = ORIENTED_EDGE('',*,*,#3891,.F.);
#4063 = PLANE('',#4064);
#4064 = AXIS2_PLACEMENT_3D('',#4065,#4066,#4067);
#4065 = CARTESIAN_POINT('',(-2.54,0.,-6.02));
#4066 = DIRECTION('',(0.,0.,1.));
#4067 = DIRECTION('',(1.,0.,-0.));
#4068 = ADVANCED_FACE('',(#4069),#4072,.F.);
#4069 = FACE_BOUND('',#4070,.T.);
#4070 = EDGE_LOOP('',(#4071));
#4071 = ORIENTED_EDGE('',*,*,#3916,.F.);
#4072 = PLANE('',#4073);
#4073 = AXIS2_PLACEMENT_3D('',#4074,#4075,#4076);
#4074 = CARTESIAN_POINT('',(0.,0.,-6.02));
#4075 = DIRECTION('',(0.,0.,1.));
#4076 = DIRECTION('',(1.,0.,-0.));
#4077 = ADVANCED_FACE('',(#4078),#4081,.F.);
#4078 = FACE_BOUND('',#4079,.T.);
#4079 = EDGE_LOOP('',(#4080));
#4080 = ORIENTED_EDGE('',*,*,#3941,.F.);
#4081 = PLANE('',#4082);
#4082 = AXIS2_PLACEMENT_3D('',#4083,#4084,#4085);
#4083 = CARTESIAN_POINT('',(-5.08,0.,-6.02));
#4084 = DIRECTION('',(0.,0.,1.));
#4085 = DIRECTION('',(1.,0.,-0.));
#4086 = ( GEOMETRIC_REPRESENTATION_CONTEXT(3) 
GLOBAL_UNCERTAINTY_ASSIGNED_CONTEXT((#4090)) 
GLOBAL_UNIT_ASSIGNED_CONTEXT((#4087,#4088,#4089)) REPRESENTATION_CONTEXT
('Context #1','3D Context with UNIT and UNCERTAINTY') );
#4087 = ( LENGTH_UNIT() NAMED_UNIT(*) SI_UNIT(.MILLI.,.METRE.) );
#4088 = ( NAMED_UNIT(*) PLANE_ANGLE_UNIT() SI_UNIT($,.RADIAN.) );
#4089 = ( NAMED_UNIT(*) SI_UNIT($,.STERADIAN.) SOLID_ANGLE_UNIT() );
#4090 = UNCERTAINTY_MEASURE_WITH_UNIT(LENGTH_MEASURE(1.E-07),#4087,
  'distance_accuracy_value','confusion accuracy');
#4091 = CONTEXT_DEPENDENT_SHAPE_REPRESENTATION(#4092,#4094);
#4092 = ( REPRESENTATION_RELATIONSHIP('','',#3157,#3134) 
REPRESENTATION_RELATIONSHIP_WITH_TRANSFORMATION(#4093) 
SHAPE_REPRESENTATION_RELATIONSHIP() );
#4093 = ITEM_DEFINED_TRANSFORMATION('','',#11,#3135);
#4094 = PRODUCT_DEFINITION_SHAPE('Placement','Placement of an item',
  #4095);
#4095 = NEXT_ASSEMBLY_USAGE_OCCURRENCE('15','=>[0:1:1:7]','',#3129,#3152
  ,$);
#4096 = PRODUCT_RELATED_PRODUCT_CATEGORY('part',$,(#3154));
#4097 = CONTEXT_DEPENDENT_SHAPE_REPRESENTATION(#4098,#4100);
#4098 = ( REPRESENTATION_RELATIONSHIP('','',#3134,#10) 
REPRESENTATION_RELATIONSHIP_WITH_TRANSFORMATION(#4099) 
SHAPE_REPRESENTATION_RELATIONSHIP() );
#4099 = ITEM_DEFINED_TRANSFORMATION('','',#11,#67);
#4100 = PRODUCT_DEFINITION_SHAPE('Placement','Placement of an item',
  #4101);
#4101 = NEXT_ASSEMBLY_USAGE_OCCURRENCE('17','RV2','',#5,#3129,$);
#4102 = CONTEXT_DEPENDENT_SHAPE_REPRESENTATION(#4103,#4105);
#4103 = ( REPRESENTATION_RELATIONSHIP('','',#3134,#10) 
REPRESENTATION_RELATIONSHIP_WITH_TRANSFORMATION(#4104) 
SHAPE_REPRESENTATION_RELATIONSHIP() );
#4104 = ITEM_DEFINED_TRANSFORMATION('','',#11,#71);
#4105 = PRODUCT_DEFINITION_SHAPE('Placement','Placement of an item',
  #4106);
#4106 = NEXT_ASSEMBLY_USAGE_OCCURRENCE('18','RV3','',#5,#3129,$);
#4107 = CONTEXT_DEPENDENT_SHAPE_REPRESENTATION(#4108,#4110);
#4108 = ( REPRESENTATION_RELATIONSHIP('','',#3134,#10) 
REPRESENTATION_RELATIONSHIP_WITH_TRANSFORMATION(#4109) 
SHAPE_REPRESENTATION_RELATIONSHIP() );
#4109 = ITEM_DEFINED_TRANSFORMATION('','',#11,#75);
#4110 = PRODUCT_DEFINITION_SHAPE('Placement','Placement of an item',
  #4111);
#4111 = NEXT_ASSEMBLY_USAGE_OCCURRENCE('19','RV4','',#5,#3129,$);
#4112 = SHAPE_DEFINITION_REPRESENTATION(#4113,#4119);
#4113 = PRODUCT_DEFINITION_SHAPE('','',#4114);
#4114 = PRODUCT_DEFINITION('design','',#4115,#4118);
#4115 = PRODUCT_DEFINITION_FORMATION('','',#4116);
#4116 = PRODUCT('BatteryHolder_Keystone_2466_1xAAA',
  'BatteryHolder_Keystone_2466_1xAAA','',(#4117));
#4117 = PRODUCT_CONTEXT('',#2,'mechanical');
#4118 = PRODUCT_DEFINITION_CONTEXT('part definition',#2,'design');
#4119 = SHAPE_REPRESENTATION('',(#11,#4120),#4124);
#4120 = AXIS2_PLACEMENT_3D('',#4121,#4122,#4123);
#4121 = CARTESIAN_POINT('',(0.,0.,0.));
#4122 = DIRECTION('',(0.,0.,1.));
#4123 = DIRECTION('',(1.,0.,-0.));
#4124 = ( GEOMETRIC_REPRESENTATION_CONTEXT(3) 
GLOBAL_UNCERTAINTY_ASSIGNED_CONTEXT((#4128)) 
GLOBAL_UNIT_ASSIGNED_CONTEXT((#4125,#4126,#4127)) REPRESENTATION_CONTEXT
('Context #1','3D Context with UNIT and UNCERTAINTY') );
#4125 = ( LENGTH_UNIT() NAMED_UNIT(*) SI_UNIT(.MILLI.,.METRE.) );
#4126 = ( NAMED_UNIT(*) PLANE_ANGLE_UNIT() SI_UNIT($,.RADIAN.) );
#4127 = ( NAMED_UNIT(*) SI_UNIT($,.STERADIAN.) SOLID_ANGLE_UNIT() );
#4128 = UNCERTAINTY_MEASURE_WITH_UNIT(LENGTH_MEASURE(1.E-07),#4125,
  'distance_accuracy_value','confusion accuracy');
#4129 = CONTEXT_DEPENDENT_SHAPE_REPRESENTATION(#4130,#4132);
#4130 = ( REPRESENTATION_RELATIONSHIP('','',#4119,#10) 
REPRESENTATION_RELATIONSHIP_WITH_TRANSFORMATION(#4131) 
SHAPE_REPRESENTATION_RELATIONSHIP() );
#4131 = ITEM_DEFINED_TRANSFORMATION('','',#11,#79);
#4132 = PRODUCT_DEFINITION_SHAPE('Placement','Placement of an item',
  #4133);
#4133 = NEXT_ASSEMBLY_USAGE_OCCURRENCE('21','U1','',#5,#4114,$);
#4134 = PRODUCT_RELATED_PRODUCT_CATEGORY('part',$,(#4116));
#4135 = SHAPE_DEFINITION_REPRESENTATION(#4136,#4142);
#4136 = PRODUCT_DEFINITION_SHAPE('','',#4137);
#4137 = PRODUCT_DEFINITION('design','',#4138,#4141);
#4138 = PRODUCT_DEFINITION_FORMATION('','',#4139);
#4139 = PRODUCT('Keystone_2466_1xAAA','Keystone_2466_1xAAA','',(#4140));
#4140 = PRODUCT_CONTEXT('',#2,'mechanical');
#4141 = PRODUCT_DEFINITION_CONTEXT('part definition',#2,'design');
#4142 = SHAPE_REPRESENTATION('',(#11,#4143,#5497,#5550,#5642,#5734,#5826
    ),#5918);
#4143 = MANIFOLD_SOLID_BREP('',#4144);
#4144 = CLOSED_SHELL('',(#4145,#4233,#4282,#4362,#4396,#4438,#4515,#4549
    ,#4582,#4615,#4680,#4704,#4731,#4756,#4768,#4793,#4864,#4898,#4915,
    #4931,#4948,#4959,#4975,#4992,#5003,#5052,#5095,#5153,#5186,#5219,
    #5252,#5285,#5309,#5333,#5350,#5370,#5382,#5398,#5415,#5426,#5442,
    #5459,#5470,#5479,#5488));
#4145 = ADVANCED_FACE('',(#4146),#4228,.F.);
#4146 = FACE_BOUND('',#4147,.F.);
#4147 = EDGE_LOOP('',(#4148,#4158,#4166,#4174,#4182,#4190,#4198,#4206,
    #4214,#4222));
#4148 = ORIENTED_EDGE('',*,*,#4149,.T.);
#4149 = EDGE_CURVE('',#4150,#4152,#4154,.T.);
#4150 = VERTEX_POINT('',#4151);
#4151 = CARTESIAN_POINT('',(-2.645,-6.5,0.1));
#4152 = VERTEX_POINT('',#4153);
#4153 = CARTESIAN_POINT('',(-2.645,-6.5,5.85));
#4154 = LINE('',#4155,#4156);
#4155 = CARTESIAN_POINT('',(-2.645,-6.5,0.1));
#4156 = VECTOR('',#4157,1.);
#4157 = DIRECTION('',(0.,0.,1.));
#4158 = ORIENTED_EDGE('',*,*,#4159,.T.);
#4159 = EDGE_CURVE('',#4152,#4160,#4162,.T.);
#4160 = VERTEX_POINT('',#4161);
#4161 = CARTESIAN_POINT('',(-0.645,-6.5,5.85));
#4162 = LINE('',#4163,#4164);
#4163 = CARTESIAN_POINT('',(-2.645,-6.5,5.85));
#4164 = VECTOR('',#4165,1.);
#4165 = DIRECTION('',(1.,0.,0.));
#4166 = ORIENTED_EDGE('',*,*,#4167,.T.);
#4167 = EDGE_CURVE('',#4160,#4168,#4170,.T.);
#4168 = VERTEX_POINT('',#4169);
#4169 = CARTESIAN_POINT('',(4.354,-6.5,5.85));
#4170 = LINE('',#4171,#4172);
#4171 = CARTESIAN_POINT('',(-2.645,-6.5,5.85));
#4172 = VECTOR('',#4173,1.);
#4173 = DIRECTION('',(1.,0.,0.));
#4174 = ORIENTED_EDGE('',*,*,#4175,.T.);
#4175 = EDGE_CURVE('',#4168,#4176,#4178,.T.);
#4176 = VERTEX_POINT('',#4177);
#4177 = CARTESIAN_POINT('',(9.8525,-6.5,5.85));
#4178 = LINE('',#4179,#4180);
#4179 = CARTESIAN_POINT('',(-2.645,-6.5,5.85));
#4180 = VECTOR('',#4181,1.);
#4181 = DIRECTION('',(1.,0.,0.));
#4182 = ORIENTED_EDGE('',*,*,#4183,.T.);
#4183 = EDGE_CURVE('',#4176,#4184,#4186,.T.);
#4184 = VERTEX_POINT('',#4185);
#4185 = CARTESIAN_POINT('',(34.8475,-6.5,5.85));
#4186 = LINE('',#4187,#4188);
#4187 = CARTESIAN_POINT('',(-2.645,-6.5,5.85));
#4188 = VECTOR('',#4189,1.);
#4189 = DIRECTION('',(1.,0.,0.));
#4190 = ORIENTED_EDGE('',*,*,#4191,.T.);
#4191 = EDGE_CURVE('',#4184,#4192,#4194,.T.);
#4192 = VERTEX_POINT('',#4193);
#4193 = CARTESIAN_POINT('',(40.346,-6.5,5.85));
#4194 = LINE('',#4195,#4196);
#4195 = CARTESIAN_POINT('',(-2.645,-6.5,5.85));
#4196 = VECTOR('',#4197,1.);
#4197 = DIRECTION('',(1.,0.,0.));
#4198 = ORIENTED_EDGE('',*,*,#4199,.T.);
#4199 = EDGE_CURVE('',#4192,#4200,#4202,.T.);
#4200 = VERTEX_POINT('',#4201);
#4201 = CARTESIAN_POINT('',(45.345,-6.5,5.85));
#4202 = LINE('',#4203,#4204);
#4203 = CARTESIAN_POINT('',(-2.645,-6.5,5.85));
#4204 = VECTOR('',#4205,1.);
#4205 = DIRECTION('',(1.,0.,0.));
#4206 = ORIENTED_EDGE('',*,*,#4207,.T.);
#4207 = EDGE_CURVE('',#4200,#4208,#4210,.T.);
#4208 = VERTEX_POINT('',#4209);
#4209 = CARTESIAN_POINT('',(47.345,-6.5,5.85));
#4210 = LINE('',#4211,#4212);
#4211 = CARTESIAN_POINT('',(-2.645,-6.5,5.85));
#4212 = VECTOR('',#4213,1.);
#4213 = DIRECTION('',(1.,0.,0.));
#4214 = ORIENTED_EDGE('',*,*,#4215,.F.);
#4215 = EDGE_CURVE('',#4216,#4208,#4218,.T.);
#4216 = VERTEX_POINT('',#4217);
#4217 = CARTESIAN_POINT('',(47.345,-6.5,0.1));
#4218 = LINE('',#4219,#4220);
#4219 = CARTESIAN_POINT('',(47.345,-6.5,0.1));
#4220 = VECTOR('',#4221,1.);
#4221 = DIRECTION('',(0.,0.,1.));
#4222 = ORIENTED_EDGE('',*,*,#4223,.F.);
#4223 = EDGE_CURVE('',#4150,#4216,#4224,.T.);
#4224 = LINE('',#4225,#4226);
#4225 = CARTESIAN_POINT('',(-2.645,-6.5,0.1));
#4226 = VECTOR('',#4227,1.);
#4227 = DIRECTION('',(1.,0.,0.));
#4228 = PLANE('',#4229);
#4229 = AXIS2_PLACEMENT_3D('',#4230,#4231,#4232);
#4230 = CARTESIAN_POINT('',(-2.645,-6.5,0.1));
#4231 = DIRECTION('',(0.,1.,0.));
#4232 = DIRECTION('',(1.,0.,0.));
#4233 = ADVANCED_FACE('',(#4234),#4277,.T.);
#4234 = FACE_BOUND('',#4235,.T.);
#4235 = EDGE_LOOP('',(#4236,#4246,#4252,#4253,#4262,#4270));
#4236 = ORIENTED_EDGE('',*,*,#4237,.F.);
#4237 = EDGE_CURVE('',#4238,#4240,#4242,.T.);
#4238 = VERTEX_POINT('',#4239);
#4239 = CARTESIAN_POINT('',(-2.645,6.5,0.1));
#4240 = VERTEX_POINT('',#4241);
#4241 = CARTESIAN_POINT('',(-2.645,6.5,5.85));
#4242 = LINE('',#4243,#4244);
#4243 = CARTESIAN_POINT('',(-2.645,6.5,0.1));
#4244 = VECTOR('',#4245,1.);
#4245 = DIRECTION('',(0.,0.,1.));
#4246 = ORIENTED_EDGE('',*,*,#4247,.T.);
#4247 = EDGE_CURVE('',#4238,#4150,#4248,.T.);
#4248 = LINE('',#4249,#4250);
#4249 = CARTESIAN_POINT('',(-2.645,6.5,0.1));
#4250 = VECTOR('',#4251,1.);
#4251 = DIRECTION('',(0.,-1.,0.));
#4252 = ORIENTED_EDGE('',*,*,#4149,.T.);
#4253 = ORIENTED_EDGE('',*,*,#4254,.F.);
#4254 = EDGE_CURVE('',#4255,#4152,#4257,.T.);
#4255 = VERTEX_POINT('',#4256);
#4256 = CARTESIAN_POINT('',(-2.645,-1.25,11.1));
#4257 = CIRCLE('',#4258,5.25);
#4258 = AXIS2_PLACEMENT_3D('',#4259,#4260,#4261);
#4259 = CARTESIAN_POINT('',(-2.645,-1.25,5.85));
#4260 = DIRECTION('',(1.,0.,0.));
#4261 = DIRECTION('',(-0.,1.,0.));
#4262 = ORIENTED_EDGE('',*,*,#4263,.T.);
#4263 = EDGE_CURVE('',#4255,#4264,#4266,.T.);
#4264 = VERTEX_POINT('',#4265);
#4265 = CARTESIAN_POINT('',(-2.645,1.25,11.1));
#4266 = LINE('',#4267,#4268);
#4267 = CARTESIAN_POINT('',(-2.645,-1.25,11.1));
#4268 = VECTOR('',#4269,1.);
#4269 = DIRECTION('',(0.,1.,0.));
#4270 = ORIENTED_EDGE('',*,*,#4271,.F.);
#4271 = EDGE_CURVE('',#4240,#4264,#4272,.T.);
#4272 = CIRCLE('',#4273,5.25);
#4273 = AXIS2_PLACEMENT_3D('',#4274,#4275,#4276);
#4274 = CARTESIAN_POINT('',(-2.645,1.25,5.85));
#4275 = DIRECTION('',(1.,0.,0.));
#4276 = DIRECTION('',(-0.,1.,0.));
#4277 = PLANE('',#4278);
#4278 = AXIS2_PLACEMENT_3D('',#4279,#4280,#4281);
#4279 = CARTESIAN_POINT('',(-2.645,2.768789419809E-16,4.893060505396));
#4280 = DIRECTION('',(-1.,-0.,-0.));
#4281 = DIRECTION('',(0.,0.,-1.));
#4282 = ADVANCED_FACE('',(#4283,#4301,#4312,#4346),#4357,.F.);
#4283 = FACE_BOUND('',#4284,.F.);
#4284 = EDGE_LOOP('',(#4285,#4286,#4294,#4300));
#4285 = ORIENTED_EDGE('',*,*,#4223,.T.);
#4286 = ORIENTED_EDGE('',*,*,#4287,.T.);
#4287 = EDGE_CURVE('',#4216,#4288,#4290,.T.);
#4288 = VERTEX_POINT('',#4289);
#4289 = CARTESIAN_POINT('',(47.345,6.5,0.1));
#4290 = LINE('',#4291,#4292);
#4291 = CARTESIAN_POINT('',(47.345,-6.5,0.1));
#4292 = VECTOR('',#4293,1.);
#4293 = DIRECTION('',(0.,1.,0.));
#4294 = ORIENTED_EDGE('',*,*,#4295,.T.);
#4295 = EDGE_CURVE('',#4288,#4238,#4296,.T.);
#4296 = LINE('',#4297,#4298);
#4297 = CARTESIAN_POINT('',(47.345,6.5,0.1));
#4298 = VECTOR('',#4299,1.);
#4299 = DIRECTION('',(-1.,0.,0.));
#4300 = ORIENTED_EDGE('',*,*,#4247,.T.);
#4301 = FACE_BOUND('',#4302,.F.);
#4302 = EDGE_LOOP('',(#4303));
#4303 = ORIENTED_EDGE('',*,*,#4304,.F.);
#4304 = EDGE_CURVE('',#4305,#4305,#4307,.T.);
#4305 = VERTEX_POINT('',#4306);
#4306 = CARTESIAN_POINT('',(0.4,0.,0.1));
#4307 = CIRCLE('',#4308,0.4);
#4308 = AXIS2_PLACEMENT_3D('',#4309,#4310,#4311);
#4309 = CARTESIAN_POINT('',(0.,0.,0.1));
#4310 = DIRECTION('',(0.,0.,1.));
#4311 = DIRECTION('',(1.,0.,-0.));
#4312 = FACE_BOUND('',#4313,.F.);
#4313 = EDGE_LOOP('',(#4314,#4324,#4332,#4340));
#4314 = ORIENTED_EDGE('',*,*,#4315,.F.);
#4315 = EDGE_CURVE('',#4316,#4318,#4320,.T.);
#4316 = VERTEX_POINT('',#4317);
#4317 = CARTESIAN_POINT('',(-0.695,2.625,0.1));
#4318 = VERTEX_POINT('',#4319);
#4319 = CARTESIAN_POINT('',(-0.695,-2.625,0.1));
#4320 = LINE('',#4321,#4322);
#4321 = CARTESIAN_POINT('',(-0.695,2.625,0.1));
#4322 = VECTOR('',#4323,1.);
#4323 = DIRECTION('',(0.,-1.,0.));
#4324 = ORIENTED_EDGE('',*,*,#4325,.F.);
#4325 = EDGE_CURVE('',#4326,#4316,#4328,.T.);
#4326 = VERTEX_POINT('',#4327);
#4327 = CARTESIAN_POINT('',(-0.595,2.625,0.1));
#4328 = LINE('',#4329,#4330);
#4329 = CARTESIAN_POINT('',(-0.595,2.625,0.1));
#4330 = VECTOR('',#4331,1.);
#4331 = DIRECTION('',(-1.,0.,0.));
#4332 = ORIENTED_EDGE('',*,*,#4333,.F.);
#4333 = EDGE_CURVE('',#4334,#4326,#4336,.T.);
#4334 = VERTEX_POINT('',#4335);
#4335 = CARTESIAN_POINT('',(-0.595,-2.625,0.1));
#4336 = LINE('',#4337,#4338);
#4337 = CARTESIAN_POINT('',(-0.595,-2.625,0.1));
#4338 = VECTOR('',#4339,1.);
#4339 = DIRECTION('',(0.,1.,0.));
#4340 = ORIENTED_EDGE('',*,*,#4341,.F.);
#4341 = EDGE_CURVE('',#4318,#4334,#4342,.T.);
#4342 = LINE('',#4343,#4344);
#4343 = CARTESIAN_POINT('',(-0.695,-2.625,0.1));
#4344 = VECTOR('',#4345,1.);
#4345 = DIRECTION('',(1.,0.,0.));
#4346 = FACE_BOUND('',#4347,.F.);
#4347 = EDGE_LOOP('',(#4348));
#4348 = ORIENTED_EDGE('',*,*,#4349,.F.);
#4349 = EDGE_CURVE('',#4350,#4350,#4352,.T.);
#4350 = VERTEX_POINT('',#4351);
#4351 = CARTESIAN_POINT('',(45.1,0.,0.1));
#4352 = CIRCLE('',#4353,0.4);
#4353 = AXIS2_PLACEMENT_3D('',#4354,#4355,#4356);
#4354 = CARTESIAN_POINT('',(44.7,0.,0.1));
#4355 = DIRECTION('',(0.,0.,1.));
#4356 = DIRECTION('',(1.,0.,-0.));
#4357 = PLANE('',#4358);
#4358 = AXIS2_PLACEMENT_3D('',#4359,#4360,#4361);
#4359 = CARTESIAN_POINT('',(22.35,0.,0.1));
#4360 = DIRECTION('',(7.828809225302E-36,0.,1.));
#4361 = DIRECTION('',(1.,0.,-7.828809225302E-36));
#4362 = ADVANCED_FACE('',(#4363),#4391,.T.);
#4363 = FACE_BOUND('',#4364,.T.);
#4364 = EDGE_LOOP('',(#4365,#4374,#4383,#4389,#4390));
#4365 = ORIENTED_EDGE('',*,*,#4366,.F.);
#4366 = EDGE_CURVE('',#4367,#4160,#4369,.T.);
#4367 = VERTEX_POINT('',#4368);
#4368 = CARTESIAN_POINT('',(-0.645,-5.25,9.250367627184));
#4369 = CIRCLE('',#4370,5.25);
#4370 = AXIS2_PLACEMENT_3D('',#4371,#4372,#4373);
#4371 = CARTESIAN_POINT('',(-0.645,-1.25,5.85));
#4372 = DIRECTION('',(1.,0.,0.));
#4373 = DIRECTION('',(-0.,1.,0.));
#4374 = ORIENTED_EDGE('',*,*,#4375,.F.);
#4375 = EDGE_CURVE('',#4376,#4367,#4378,.T.);
#4376 = VERTEX_POINT('',#4377);
#4377 = CARTESIAN_POINT('',(-0.645,-1.25,11.1));
#4378 = CIRCLE('',#4379,5.25);
#4379 = AXIS2_PLACEMENT_3D('',#4380,#4381,#4382);
#4380 = CARTESIAN_POINT('',(-0.645,-1.25,5.85));
#4381 = DIRECTION('',(1.,0.,0.));
#4382 = DIRECTION('',(-0.,1.,0.));
#4383 = ORIENTED_EDGE('',*,*,#4384,.T.);
#4384 = EDGE_CURVE('',#4376,#4255,#4385,.T.);
#4385 = LINE('',#4386,#4387);
#4386 = CARTESIAN_POINT('',(-0.645,-1.25,11.1));
#4387 = VECTOR('',#4388,1.);
#4388 = DIRECTION('',(-1.,0.,0.));
#4389 = ORIENTED_EDGE('',*,*,#4254,.T.);
#4390 = ORIENTED_EDGE('',*,*,#4159,.T.);
#4391 = CYLINDRICAL_SURFACE('',#4392,5.25);
#4392 = AXIS2_PLACEMENT_3D('',#4393,#4394,#4395);
#4393 = CARTESIAN_POINT('',(-2.645,-1.25,5.85));
#4394 = DIRECTION('',(-1.,-0.,-0.));
#4395 = DIRECTION('',(0.,1.,0.));
#4396 = ADVANCED_FACE('',(#4397),#4433,.T.);
#4397 = FACE_BOUND('',#4398,.T.);
#4398 = EDGE_LOOP('',(#4399,#4400,#4401,#4409,#4418,#4426));
#4399 = ORIENTED_EDGE('',*,*,#4215,.F.);
#4400 = ORIENTED_EDGE('',*,*,#4287,.T.);
#4401 = ORIENTED_EDGE('',*,*,#4402,.T.);
#4402 = EDGE_CURVE('',#4288,#4403,#4405,.T.);
#4403 = VERTEX_POINT('',#4404);
#4404 = CARTESIAN_POINT('',(47.345,6.5,5.85));
#4405 = LINE('',#4406,#4407);
#4406 = CARTESIAN_POINT('',(47.345,6.5,0.1));
#4407 = VECTOR('',#4408,1.);
#4408 = DIRECTION('',(0.,0.,1.));
#4409 = ORIENTED_EDGE('',*,*,#4410,.T.);
#4410 = EDGE_CURVE('',#4403,#4411,#4413,.T.);
#4411 = VERTEX_POINT('',#4412);
#4412 = CARTESIAN_POINT('',(47.345,1.25,11.1));
#4413 = CIRCLE('',#4414,5.25);
#4414 = AXIS2_PLACEMENT_3D('',#4415,#4416,#4417);
#4415 = CARTESIAN_POINT('',(47.345,1.25,5.85));
#4416 = DIRECTION('',(1.,0.,0.));
#4417 = DIRECTION('',(-0.,1.,0.));
#4418 = ORIENTED_EDGE('',*,*,#4419,.T.);
#4419 = EDGE_CURVE('',#4411,#4420,#4422,.T.);
#4420 = VERTEX_POINT('',#4421);
#4421 = CARTESIAN_POINT('',(47.345,-1.25,11.1));
#4422 = LINE('',#4423,#4424);
#4423 = CARTESIAN_POINT('',(47.345,1.25,11.1));
#4424 = VECTOR('',#4425,1.);
#4425 = DIRECTION('',(0.,-1.,0.));
#4426 = ORIENTED_EDGE('',*,*,#4427,.T.);
#4427 = EDGE_CURVE('',#4420,#4208,#4428,.T.);
#4428 = CIRCLE('',#4429,5.25);
#4429 = AXIS2_PLACEMENT_3D('',#4430,#4431,#4432);
#4430 = CARTESIAN_POINT('',(47.345,-1.25,5.85));
#4431 = DIRECTION('',(1.,0.,0.));
#4432 = DIRECTION('',(-0.,1.,0.));
#4433 = PLANE('',#4434);
#4434 = AXIS2_PLACEMENT_3D('',#4435,#4436,#4437);
#4435 = CARTESIAN_POINT('',(47.345,2.871337176098E-16,4.893060505396));
#4436 = DIRECTION('',(1.,0.,0.));
#4437 = DIRECTION('',(0.,0.,1.));
#4438 = ADVANCED_FACE('',(#4439),#4510,.T.);
#4439 = FACE_BOUND('',#4440,.T.);
#4440 = EDGE_LOOP('',(#4441,#4449,#4450,#4458,#4466,#4472,#4473,#4481,
    #4489,#4495,#4496,#4504));
#4441 = ORIENTED_EDGE('',*,*,#4442,.F.);
#4442 = EDGE_CURVE('',#4160,#4443,#4445,.T.);
#4443 = VERTEX_POINT('',#4444);
#4444 = CARTESIAN_POINT('',(-0.645,-5.241421562897,5.85));
#4445 = LINE('',#4446,#4447);
#4446 = CARTESIAN_POINT('',(-0.645,0.625,5.85));
#4447 = VECTOR('',#4448,1.);
#4448 = DIRECTION('',(0.,1.,0.));
#4449 = ORIENTED_EDGE('',*,*,#4167,.T.);
#4450 = ORIENTED_EDGE('',*,*,#4451,.T.);
#4451 = EDGE_CURVE('',#4168,#4452,#4454,.T.);
#4452 = VERTEX_POINT('',#4453);
#4453 = CARTESIAN_POINT('',(4.354,-5.25,5.85));
#4454 = LINE('',#4455,#4456);
#4455 = CARTESIAN_POINT('',(4.354,-13.,5.85));
#4456 = VECTOR('',#4457,1.);
#4457 = DIRECTION('',(0.,1.,0.));
#4458 = ORIENTED_EDGE('',*,*,#4459,.T.);
#4459 = EDGE_CURVE('',#4452,#4460,#4462,.T.);
#4460 = VERTEX_POINT('',#4461);
#4461 = CARTESIAN_POINT('',(9.8525,-5.25,5.85));
#4462 = LINE('',#4463,#4464);
#4463 = CARTESIAN_POINT('',(-0.645,-5.25,5.85));
#4464 = VECTOR('',#4465,1.);
#4465 = DIRECTION('',(1.,0.,0.));
#4466 = ORIENTED_EDGE('',*,*,#4467,.T.);
#4467 = EDGE_CURVE('',#4460,#4176,#4468,.T.);
#4468 = LINE('',#4469,#4470);
#4469 = CARTESIAN_POINT('',(9.8525,26.,5.85));
#4470 = VECTOR('',#4471,1.);
#4471 = DIRECTION('',(0.,-1.,0.));
#4472 = ORIENTED_EDGE('',*,*,#4183,.T.);
#4473 = ORIENTED_EDGE('',*,*,#4474,.T.);
#4474 = EDGE_CURVE('',#4184,#4475,#4477,.T.);
#4475 = VERTEX_POINT('',#4476);
#4476 = CARTESIAN_POINT('',(34.8475,-5.25,5.85));
#4477 = LINE('',#4478,#4479);
#4478 = CARTESIAN_POINT('',(34.8475,-26.,5.85));
#4479 = VECTOR('',#4480,1.);
#4480 = DIRECTION('',(0.,1.,0.));
#4481 = ORIENTED_EDGE('',*,*,#4482,.T.);
#4482 = EDGE_CURVE('',#4475,#4483,#4485,.T.);
#4483 = VERTEX_POINT('',#4484);
#4484 = CARTESIAN_POINT('',(40.346,-5.25,5.85));
#4485 = LINE('',#4486,#4487);
#4486 = CARTESIAN_POINT('',(-0.645,-5.25,5.85));
#4487 = VECTOR('',#4488,1.);
#4488 = DIRECTION('',(1.,0.,0.));
#4489 = ORIENTED_EDGE('',*,*,#4490,.T.);
#4490 = EDGE_CURVE('',#4483,#4192,#4491,.T.);
#4491 = LINE('',#4492,#4493);
#4492 = CARTESIAN_POINT('',(40.346,39.,5.85));
#4493 = VECTOR('',#4494,1.);
#4494 = DIRECTION('',(0.,-1.,0.));
#4495 = ORIENTED_EDGE('',*,*,#4199,.T.);
#4496 = ORIENTED_EDGE('',*,*,#4497,.T.);
#4497 = EDGE_CURVE('',#4200,#4498,#4500,.T.);
#4498 = VERTEX_POINT('',#4499);
#4499 = CARTESIAN_POINT('',(45.345,-5.241421562897,5.85));
#4500 = LINE('',#4501,#4502);
#4501 = CARTESIAN_POINT('',(45.345,-0.625,5.85));
#4502 = VECTOR('',#4503,1.);
#4503 = DIRECTION('',(-1.368455531567E-47,1.,1.071337728995E-82));
#4504 = ORIENTED_EDGE('',*,*,#4505,.T.);
#4505 = EDGE_CURVE('',#4498,#4443,#4506,.T.);
#4506 = LINE('',#4507,#4508);
#4507 = CARTESIAN_POINT('',(-0.645,-5.241421562897,5.85));
#4508 = VECTOR('',#4509,1.);
#4509 = DIRECTION('',(-1.,-0.,-0.));
#4510 = PLANE('',#4511);
#4511 = AXIS2_PLACEMENT_3D('',#4512,#4513,#4514);
#4512 = CARTESIAN_POINT('',(22.35,-5.732769112174,5.85));
#4513 = DIRECTION('',(-2.889984380537E-33,1.074325496898E-15,1.));
#4514 = DIRECTION('',(0.,1.,-1.074325496898E-15));
#4515 = ADVANCED_FACE('',(#4516),#4544,.T.);
#4516 = FACE_BOUND('',#4517,.T.);
#4517 = EDGE_LOOP('',(#4518,#4527,#4528,#4529,#4537));
#4518 = ORIENTED_EDGE('',*,*,#4519,.T.);
#4519 = EDGE_CURVE('',#4520,#4200,#4522,.T.);
#4520 = VERTEX_POINT('',#4521);
#4521 = CARTESIAN_POINT('',(45.345,-5.25,9.250367627184));
#4522 = CIRCLE('',#4523,5.25);
#4523 = AXIS2_PLACEMENT_3D('',#4524,#4525,#4526);
#4524 = CARTESIAN_POINT('',(45.345,-1.25,5.85));
#4525 = DIRECTION('',(1.,0.,0.));
#4526 = DIRECTION('',(-0.,1.,0.));
#4527 = ORIENTED_EDGE('',*,*,#4207,.T.);
#4528 = ORIENTED_EDGE('',*,*,#4427,.F.);
#4529 = ORIENTED_EDGE('',*,*,#4530,.T.);
#4530 = EDGE_CURVE('',#4420,#4531,#4533,.T.);
#4531 = VERTEX_POINT('',#4532);
#4532 = CARTESIAN_POINT('',(45.345,-1.25,11.1));
#4533 = LINE('',#4534,#4535);
#4534 = CARTESIAN_POINT('',(47.345,-1.25,11.1));
#4535 = VECTOR('',#4536,1.);
#4536 = DIRECTION('',(-1.,0.,0.));
#4537 = ORIENTED_EDGE('',*,*,#4538,.T.);
#4538 = EDGE_CURVE('',#4531,#4520,#4539,.T.);
#4539 = CIRCLE('',#4540,5.25);
#4540 = AXIS2_PLACEMENT_3D('',#4541,#4542,#4543);
#4541 = CARTESIAN_POINT('',(45.345,-1.25,5.85));
#4542 = DIRECTION('',(1.,0.,0.));
#4543 = DIRECTION('',(-0.,1.,0.));
#4544 = CYLINDRICAL_SURFACE('',#4545,5.25);
#4545 = AXIS2_PLACEMENT_3D('',#4546,#4547,#4548);
#4546 = CARTESIAN_POINT('',(45.345,-1.25,5.85));
#4547 = DIRECTION('',(-1.,-0.,-0.));
#4548 = DIRECTION('',(0.,1.,0.));
#4549 = ADVANCED_FACE('',(#4550),#4577,.T.);
#4550 = FACE_BOUND('',#4551,.T.);
#4551 = EDGE_LOOP('',(#4552,#4561,#4569,#4576));
#4552 = ORIENTED_EDGE('',*,*,#4553,.T.);
#4553 = EDGE_CURVE('',#4176,#4554,#4556,.T.);
#4554 = VERTEX_POINT('',#4555);
#4555 = CARTESIAN_POINT('',(9.8525,-5.25,9.250367627184));
#4556 = CIRCLE('',#4557,5.25);
#4557 = AXIS2_PLACEMENT_3D('',#4558,#4559,#4560);
#4558 = CARTESIAN_POINT('',(9.8525,-1.25,5.85));
#4559 = DIRECTION('',(-1.,0.,0.));
#4560 = DIRECTION('',(0.,1.,0.));
#4561 = ORIENTED_EDGE('',*,*,#4562,.T.);
#4562 = EDGE_CURVE('',#4554,#4563,#4565,.T.);
#4563 = VERTEX_POINT('',#4564);
#4564 = CARTESIAN_POINT('',(4.354,-5.25,9.250367627184));
#4565 = LINE('',#4566,#4567);
#4566 = CARTESIAN_POINT('',(0.1,-5.25,9.250367627184));
#4567 = VECTOR('',#4568,1.);
#4568 = DIRECTION('',(-1.,-0.,-0.));
#4569 = ORIENTED_EDGE('',*,*,#4570,.F.);
#4570 = EDGE_CURVE('',#4168,#4563,#4571,.T.);
#4571 = CIRCLE('',#4572,5.25);
#4572 = AXIS2_PLACEMENT_3D('',#4573,#4574,#4575);
#4573 = CARTESIAN_POINT('',(4.354,-1.25,5.85));
#4574 = DIRECTION('',(-1.,0.,0.));
#4575 = DIRECTION('',(0.,1.,0.));
#4576 = ORIENTED_EDGE('',*,*,#4175,.T.);
#4577 = CYLINDRICAL_SURFACE('',#4578,5.25);
#4578 = AXIS2_PLACEMENT_3D('',#4579,#4580,#4581);
#4579 = CARTESIAN_POINT('',(0.1,-1.25,5.85));
#4580 = DIRECTION('',(-1.,-0.,-0.));
#4581 = DIRECTION('',(0.,1.,0.));
#4582 = ADVANCED_FACE('',(#4583),#4610,.T.);
#4583 = FACE_BOUND('',#4584,.T.);
#4584 = EDGE_LOOP('',(#4585,#4594,#4602,#4609));
#4585 = ORIENTED_EDGE('',*,*,#4586,.T.);
#4586 = EDGE_CURVE('',#4192,#4587,#4589,.T.);
#4587 = VERTEX_POINT('',#4588);
#4588 = CARTESIAN_POINT('',(40.346,-5.25,9.250367627184));
#4589 = CIRCLE('',#4590,5.25);
#4590 = AXIS2_PLACEMENT_3D('',#4591,#4592,#4593);
#4591 = CARTESIAN_POINT('',(40.346,-1.25,5.85));
#4592 = DIRECTION('',(-1.,0.,0.));
#4593 = DIRECTION('',(0.,1.,0.));
#4594 = ORIENTED_EDGE('',*,*,#4595,.T.);
#4595 = EDGE_CURVE('',#4587,#4596,#4598,.T.);
#4596 = VERTEX_POINT('',#4597);
#4597 = CARTESIAN_POINT('',(34.8475,-5.25,9.250367627184));
#4598 = LINE('',#4599,#4600);
#4599 = CARTESIAN_POINT('',(0.1,-5.25,9.250367627184));
#4600 = VECTOR('',#4601,1.);
#4601 = DIRECTION('',(-1.,-0.,-0.));
#4602 = ORIENTED_EDGE('',*,*,#4603,.F.);
#4603 = EDGE_CURVE('',#4184,#4596,#4604,.T.);
#4604 = CIRCLE('',#4605,5.25);
#4605 = AXIS2_PLACEMENT_3D('',#4606,#4607,#4608);
#4606 = CARTESIAN_POINT('',(34.8475,-1.25,5.85));
#4607 = DIRECTION('',(-1.,0.,0.));
#4608 = DIRECTION('',(0.,1.,0.));
#4609 = ORIENTED_EDGE('',*,*,#4191,.T.);
#4610 = CYLINDRICAL_SURFACE('',#4611,5.25);
#4611 = AXIS2_PLACEMENT_3D('',#4612,#4613,#4614);
#4612 = CARTESIAN_POINT('',(0.1,-1.25,5.85));
#4613 = DIRECTION('',(-1.,-0.,-0.));
#4614 = DIRECTION('',(0.,1.,0.));
#4615 = ADVANCED_FACE('',(#4616),#4675,.F.);
#4616 = FACE_BOUND('',#4617,.F.);
#4617 = EDGE_LOOP('',(#4618,#4619,#4627,#4635,#4643,#4651,#4659,#4667,
    #4673,#4674));
#4618 = ORIENTED_EDGE('',*,*,#4402,.T.);
#4619 = ORIENTED_EDGE('',*,*,#4620,.F.);
#4620 = EDGE_CURVE('',#4621,#4403,#4623,.T.);
#4621 = VERTEX_POINT('',#4622);
#4622 = CARTESIAN_POINT('',(45.345,6.5,5.85));
#4623 = LINE('',#4624,#4625);
#4624 = CARTESIAN_POINT('',(45.345,6.5,5.85));
#4625 = VECTOR('',#4626,1.);
#4626 = DIRECTION('',(1.,0.,0.));
#4627 = ORIENTED_EDGE('',*,*,#4628,.F.);
#4628 = EDGE_CURVE('',#4629,#4621,#4631,.T.);
#4629 = VERTEX_POINT('',#4630);
#4630 = CARTESIAN_POINT('',(40.346,6.5,5.85));
#4631 = LINE('',#4632,#4633);
#4632 = CARTESIAN_POINT('',(0.1,6.5,5.85));
#4633 = VECTOR('',#4634,1.);
#4634 = DIRECTION('',(1.,0.,0.));
#4635 = ORIENTED_EDGE('',*,*,#4636,.F.);
#4636 = EDGE_CURVE('',#4637,#4629,#4639,.T.);
#4637 = VERTEX_POINT('',#4638);
#4638 = CARTESIAN_POINT('',(34.8475,6.5,5.85));
#4639 = LINE('',#4640,#4641);
#4640 = CARTESIAN_POINT('',(0.1,6.5,5.85));
#4641 = VECTOR('',#4642,1.);
#4642 = DIRECTION('',(1.,0.,0.));
#4643 = ORIENTED_EDGE('',*,*,#4644,.F.);
#4644 = EDGE_CURVE('',#4645,#4637,#4647,.T.);
#4645 = VERTEX_POINT('',#4646);
#4646 = CARTESIAN_POINT('',(9.8525,6.5,5.85));
#4647 = LINE('',#4648,#4649);
#4648 = CARTESIAN_POINT('',(0.1,6.5,5.85));
#4649 = VECTOR('',#4650,1.);
#4650 = DIRECTION('',(1.,0.,0.));
#4651 = ORIENTED_EDGE('',*,*,#4652,.F.);
#4652 = EDGE_CURVE('',#4653,#4645,#4655,.T.);
#4653 = VERTEX_POINT('',#4654);
#4654 = CARTESIAN_POINT('',(4.354,6.5,5.85));
#4655 = LINE('',#4656,#4657);
#4656 = CARTESIAN_POINT('',(0.1,6.5,5.85));
#4657 = VECTOR('',#4658,1.);
#4658 = DIRECTION('',(1.,0.,0.));
#4659 = ORIENTED_EDGE('',*,*,#4660,.T.);
#4660 = EDGE_CURVE('',#4653,#4661,#4663,.T.);
#4661 = VERTEX_POINT('',#4662);
#4662 = CARTESIAN_POINT('',(-0.645,6.5,5.85));
#4663 = LINE('',#4664,#4665);
#4664 = CARTESIAN_POINT('',(47.345,6.5,5.85));
#4665 = VECTOR('',#4666,1.);
#4666 = DIRECTION('',(-1.,0.,0.));
#4667 = ORIENTED_EDGE('',*,*,#4668,.F.);
#4668 = EDGE_CURVE('',#4240,#4661,#4669,.T.);
#4669 = LINE('',#4670,#4671);
#4670 = CARTESIAN_POINT('',(-2.645,6.5,5.85));
#4671 = VECTOR('',#4672,1.);
#4672 = DIRECTION('',(1.,0.,0.));
#4673 = ORIENTED_EDGE('',*,*,#4237,.F.);
#4674 = ORIENTED_EDGE('',*,*,#4295,.F.);
#4675 = PLANE('',#4676);
#4676 = AXIS2_PLACEMENT_3D('',#4677,#4678,#4679);
#4677 = CARTESIAN_POINT('',(47.345,6.5,0.1));
#4678 = DIRECTION('',(0.,-1.,0.));
#4679 = DIRECTION('',(-1.,0.,0.));
#4680 = ADVANCED_FACE('',(#4681),#4699,.F.);
#4681 = FACE_BOUND('',#4682,.F.);
#4682 = EDGE_LOOP('',(#4683,#4691,#4697,#4698));
#4683 = ORIENTED_EDGE('',*,*,#4684,.T.);
#4684 = EDGE_CURVE('',#4264,#4685,#4687,.T.);
#4685 = VERTEX_POINT('',#4686);
#4686 = CARTESIAN_POINT('',(-0.645,1.25,11.1));
#4687 = LINE('',#4688,#4689);
#4688 = CARTESIAN_POINT('',(-2.645,1.25,11.1));
#4689 = VECTOR('',#4690,1.);
#4690 = DIRECTION('',(1.,0.,0.));
#4691 = ORIENTED_EDGE('',*,*,#4692,.T.);
#4692 = EDGE_CURVE('',#4685,#4376,#4693,.T.);
#4693 = LINE('',#4694,#4695);
#4694 = CARTESIAN_POINT('',(-0.645,1.25,11.1));
#4695 = VECTOR('',#4696,1.);
#4696 = DIRECTION('',(0.,-1.,0.));
#4697 = ORIENTED_EDGE('',*,*,#4384,.T.);
#4698 = ORIENTED_EDGE('',*,*,#4263,.T.);
#4699 = PLANE('',#4700);
#4700 = AXIS2_PLACEMENT_3D('',#4701,#4702,#4703);
#4701 = CARTESIAN_POINT('',(-1.645,0.,11.1));
#4702 = DIRECTION('',(-0.,-0.,-1.));
#4703 = DIRECTION('',(-1.,0.,0.));
#4704 = ADVANCED_FACE('',(#4705),#4726,.T.);
#4705 = FACE_BOUND('',#4706,.T.);
#4706 = EDGE_LOOP('',(#4707,#4708,#4717,#4724,#4725));
#4707 = ORIENTED_EDGE('',*,*,#4684,.T.);
#4708 = ORIENTED_EDGE('',*,*,#4709,.F.);
#4709 = EDGE_CURVE('',#4710,#4685,#4712,.T.);
#4710 = VERTEX_POINT('',#4711);
#4711 = CARTESIAN_POINT('',(-0.645,5.25,9.250367627184));
#4712 = CIRCLE('',#4713,5.25);
#4713 = AXIS2_PLACEMENT_3D('',#4714,#4715,#4716);
#4714 = CARTESIAN_POINT('',(-0.645,1.25,5.85));
#4715 = DIRECTION('',(1.,0.,0.));
#4716 = DIRECTION('',(-0.,1.,0.));
#4717 = ORIENTED_EDGE('',*,*,#4718,.F.);
#4718 = EDGE_CURVE('',#4661,#4710,#4719,.T.);
#4719 = CIRCLE('',#4720,5.25);
#4720 = AXIS2_PLACEMENT_3D('',#4721,#4722,#4723);
#4721 = CARTESIAN_POINT('',(-0.645,1.25,5.85));
#4722 = DIRECTION('',(1.,0.,0.));
#4723 = DIRECTION('',(-0.,1.,0.));
#4724 = ORIENTED_EDGE('',*,*,#4668,.F.);
#4725 = ORIENTED_EDGE('',*,*,#4271,.T.);
#4726 = CYLINDRICAL_SURFACE('',#4727,5.25);
#4727 = AXIS2_PLACEMENT_3D('',#4728,#4729,#4730);
#4728 = CARTESIAN_POINT('',(-2.645,1.25,5.85));
#4729 = DIRECTION('',(-1.,-0.,-0.));
#4730 = DIRECTION('',(0.,1.,0.));
#4731 = ADVANCED_FACE('',(#4732),#4751,.T.);
#4732 = FACE_BOUND('',#4733,.T.);
#4733 = EDGE_LOOP('',(#4734,#4743,#4749,#4750));
#4734 = ORIENTED_EDGE('',*,*,#4735,.T.);
#4735 = EDGE_CURVE('',#4736,#4736,#4738,.T.);
#4736 = VERTEX_POINT('',#4737);
#4737 = CARTESIAN_POINT('',(0.4,2.527066062506E-34,-4.536363636364));
#4738 = CIRCLE('',#4739,0.4);
#4739 = AXIS2_PLACEMENT_3D('',#4740,#4741,#4742);
#4740 = CARTESIAN_POINT('',(-7.120104642886E-33,-5.910269215789E-33,
    -4.536363636364));
#4741 = DIRECTION('',(1.604941620323E-33,6.949431671893E-34,1.));
#4742 = DIRECTION('',(1.,1.54074395551E-32,-1.604941620323E-33));
#4743 = ORIENTED_EDGE('',*,*,#4744,.F.);
#4744 = EDGE_CURVE('',#4305,#4736,#4745,.T.);
#4745 = LINE('',#4746,#4747);
#4746 = CARTESIAN_POINT('',(0.4,0.,0.1));
#4747 = VECTOR('',#4748,1.);
#4748 = DIRECTION('',(-0.,-0.,-1.));
#4749 = ORIENTED_EDGE('',*,*,#4304,.F.);
#4750 = ORIENTED_EDGE('',*,*,#4744,.T.);
#4751 = CYLINDRICAL_SURFACE('',#4752,0.4);
#4752 = AXIS2_PLACEMENT_3D('',#4753,#4754,#4755);
#4753 = CARTESIAN_POINT('',(0.,0.,0.1));
#4754 = DIRECTION('',(0.,0.,1.));
#4755 = DIRECTION('',(1.,0.,-0.));
#4756 = ADVANCED_FACE('',(#4757),#4763,.F.);
#4757 = FACE_BOUND('',#4758,.F.);
#4758 = EDGE_LOOP('',(#4759,#4760,#4761,#4762));
#4759 = ORIENTED_EDGE('',*,*,#4341,.T.);
#4760 = ORIENTED_EDGE('',*,*,#4333,.T.);
#4761 = ORIENTED_EDGE('',*,*,#4325,.T.);
#4762 = ORIENTED_EDGE('',*,*,#4315,.T.);
#4763 = PLANE('',#4764);
#4764 = AXIS2_PLACEMENT_3D('',#4765,#4766,#4767);
#4765 = CARTESIAN_POINT('',(-0.645,0.,0.1));
#4766 = DIRECTION('',(0.,0.,1.));
#4767 = DIRECTION('',(1.,0.,-0.));
#4768 = ADVANCED_FACE('',(#4769),#4788,.T.);
#4769 = FACE_BOUND('',#4770,.T.);
#4770 = EDGE_LOOP('',(#4771,#4780,#4786,#4787));
#4771 = ORIENTED_EDGE('',*,*,#4772,.T.);
#4772 = EDGE_CURVE('',#4773,#4773,#4775,.T.);
#4773 = VERTEX_POINT('',#4774);
#4774 = CARTESIAN_POINT('',(45.1,7.74127681783E-34,-4.536363636364));
#4775 = CIRCLE('',#4776,0.4);
#4776 = AXIS2_PLACEMENT_3D('',#4777,#4778,#4779);
#4777 = CARTESIAN_POINT('',(44.7,-1.15518239623E-32,-4.536363636364));
#4778 = DIRECTION('',(-3.916057553587E-31,2.128851124903E-33,1.));
#4779 = DIRECTION('',(1.,3.08148791102E-32,3.916057553587E-31));
#4780 = ORIENTED_EDGE('',*,*,#4781,.F.);
#4781 = EDGE_CURVE('',#4350,#4773,#4782,.T.);
#4782 = LINE('',#4783,#4784);
#4783 = CARTESIAN_POINT('',(45.1,0.,0.1));
#4784 = VECTOR('',#4785,1.);
#4785 = DIRECTION('',(-0.,-0.,-1.));
#4786 = ORIENTED_EDGE('',*,*,#4349,.F.);
#4787 = ORIENTED_EDGE('',*,*,#4781,.T.);
#4788 = CYLINDRICAL_SURFACE('',#4789,0.4);
#4789 = AXIS2_PLACEMENT_3D('',#4790,#4791,#4792);
#4790 = CARTESIAN_POINT('',(44.7,0.,0.1));
#4791 = DIRECTION('',(0.,0.,1.));
#4792 = DIRECTION('',(1.,0.,-0.));
#4793 = ADVANCED_FACE('',(#4794),#4859,.T.);
#4794 = FACE_BOUND('',#4795,.T.);
#4795 = EDGE_LOOP('',(#4796,#4797,#4798,#4799,#4800,#4809,#4817,#4825,
    #4833,#4842,#4851,#4857,#4858));
#4796 = ORIENTED_EDGE('',*,*,#4692,.T.);
#4797 = ORIENTED_EDGE('',*,*,#4375,.T.);
#4798 = ORIENTED_EDGE('',*,*,#4366,.T.);
#4799 = ORIENTED_EDGE('',*,*,#4442,.T.);
#4800 = ORIENTED_EDGE('',*,*,#4801,.T.);
#4801 = EDGE_CURVE('',#4443,#4802,#4804,.T.);
#4802 = VERTEX_POINT('',#4803);
#4803 = CARTESIAN_POINT('',(-0.645,-2.625,1.003366630132));
#4804 = CIRCLE('',#4805,5.25);
#4805 = AXIS2_PLACEMENT_3D('',#4806,#4807,#4808);
#4806 = CARTESIAN_POINT('',(-0.645,0.,5.55));
#4807 = DIRECTION('',(1.,0.,0.));
#4808 = DIRECTION('',(-0.,1.,0.));
#4809 = ORIENTED_EDGE('',*,*,#4810,.T.);
#4810 = EDGE_CURVE('',#4802,#4811,#4813,.T.);
#4811 = VERTEX_POINT('',#4812);
#4812 = CARTESIAN_POINT('',(-0.645,-2.625,9.625));
#4813 = LINE('',#4814,#4815);
#4814 = CARTESIAN_POINT('',(-0.645,-2.625,3.179371966294));
#4815 = VECTOR('',#4816,1.);
#4816 = DIRECTION('',(-8.432329805263E-32,0.,1.));
#4817 = ORIENTED_EDGE('',*,*,#4818,.F.);
#4818 = EDGE_CURVE('',#4819,#4811,#4821,.T.);
#4819 = VERTEX_POINT('',#4820);
#4820 = CARTESIAN_POINT('',(-0.645,2.625,9.625));
#4821 = LINE('',#4822,#4823);
#4822 = CARTESIAN_POINT('',(-0.645,2.89246167903E-03,9.625));
#4823 = VECTOR('',#4824,1.);
#4824 = DIRECTION('',(2.658834465185E-32,-1.,0.));
#4825 = ORIENTED_EDGE('',*,*,#4826,.T.);
#4826 = EDGE_CURVE('',#4819,#4827,#4829,.T.);
#4827 = VERTEX_POINT('',#4828);
#4828 = CARTESIAN_POINT('',(-0.645,2.625,1.003366630132));
#4829 = LINE('',#4830,#4831);
#4830 = CARTESIAN_POINT('',(-0.645,2.625,3.179371966294));
#4831 = VECTOR('',#4832,1.);
#4832 = DIRECTION('',(8.432329805263E-32,0.,-1.));
#4833 = ORIENTED_EDGE('',*,*,#4834,.T.);
#4834 = EDGE_CURVE('',#4827,#4835,#4837,.T.);
#4835 = VERTEX_POINT('',#4836);
#4836 = CARTESIAN_POINT('',(-0.645,5.25,5.55));
#4837 = CIRCLE('',#4838,5.25);
#4838 = AXIS2_PLACEMENT_3D('',#4839,#4840,#4841);
#4839 = CARTESIAN_POINT('',(-0.645,0.,5.55));
#4840 = DIRECTION('',(1.,0.,0.));
#4841 = DIRECTION('',(-0.,1.,0.));
#4842 = ORIENTED_EDGE('',*,*,#4843,.T.);
#4843 = EDGE_CURVE('',#4835,#4844,#4846,.T.);
#4844 = VERTEX_POINT('',#4845);
#4845 = CARTESIAN_POINT('',(-0.645,5.241421562897,5.85));
#4846 = CIRCLE('',#4847,5.25);
#4847 = AXIS2_PLACEMENT_3D('',#4848,#4849,#4850);
#4848 = CARTESIAN_POINT('',(-0.645,0.,5.55));
#4849 = DIRECTION('',(1.,0.,0.));
#4850 = DIRECTION('',(-0.,1.,0.));
#4851 = ORIENTED_EDGE('',*,*,#4852,.T.);
#4852 = EDGE_CURVE('',#4844,#4661,#4853,.T.);
#4853 = LINE('',#4854,#4855);
#4854 = CARTESIAN_POINT('',(-0.645,0.625,5.85));
#4855 = VECTOR('',#4856,1.);
#4856 = DIRECTION('',(0.,1.,0.));
#4857 = ORIENTED_EDGE('',*,*,#4718,.T.);
#4858 = ORIENTED_EDGE('',*,*,#4709,.T.);
#4859 = PLANE('',#4860);
#4860 = AXIS2_PLACEMENT_3D('',#4861,#4862,#4863);
#4861 = CARTESIAN_POINT('',(-0.645,5.78492335806E-03,6.258743932587));
#4862 = DIRECTION('',(1.,2.658834465185E-32,8.432329805263E-32));
#4863 = DIRECTION('',(-8.432329805263E-32,0.,1.));
#4864 = ADVANCED_FACE('',(#4865),#4893,.T.);
#4865 = FACE_BOUND('',#4866,.T.);
#4866 = EDGE_LOOP('',(#4867,#4878,#4884,#4885,#4886));
#4867 = ORIENTED_EDGE('',*,*,#4868,.T.);
#4868 = EDGE_CURVE('',#4869,#4871,#4873,.T.);
#4869 = VERTEX_POINT('',#4870);
#4870 = CARTESIAN_POINT('',(45.345,5.25,9.250367627184));
#4871 = VERTEX_POINT('',#4872);
#4872 = CARTESIAN_POINT('',(45.345,1.25,11.1));
#4873 = CIRCLE('',#4874,5.25);
#4874 = AXIS2_PLACEMENT_3D('',#4875,#4876,#4877);
#4875 = CARTESIAN_POINT('',(45.345,1.25,5.85));
#4876 = DIRECTION('',(1.,0.,0.));
#4877 = DIRECTION('',(-0.,1.,0.));
#4878 = ORIENTED_EDGE('',*,*,#4879,.T.);
#4879 = EDGE_CURVE('',#4871,#4411,#4880,.T.);
#4880 = LINE('',#4881,#4882);
#4881 = CARTESIAN_POINT('',(45.345,1.25,11.1));
#4882 = VECTOR('',#4883,1.);
#4883 = DIRECTION('',(1.,0.,0.));
#4884 = ORIENTED_EDGE('',*,*,#4410,.F.);
#4885 = ORIENTED_EDGE('',*,*,#4620,.F.);
#4886 = ORIENTED_EDGE('',*,*,#4887,.T.);
#4887 = EDGE_CURVE('',#4621,#4869,#4888,.T.);
#4888 = CIRCLE('',#4889,5.25);
#4889 = AXIS2_PLACEMENT_3D('',#4890,#4891,#4892);
#4890 = CARTESIAN_POINT('',(45.345,1.25,5.85));
#4891 = DIRECTION('',(1.,0.,0.));
#4892 = DIRECTION('',(-0.,1.,0.));
#4893 = CYLINDRICAL_SURFACE('',#4894,5.25);
#4894 = AXIS2_PLACEMENT_3D('',#4895,#4896,#4897);
#4895 = CARTESIAN_POINT('',(45.345,1.25,5.85));
#4896 = DIRECTION('',(-1.,-0.,-0.));
#4897 = DIRECTION('',(0.,1.,0.));
#4898 = ADVANCED_FACE('',(#4899),#4910,.F.);
#4899 = FACE_BOUND('',#4900,.F.);
#4900 = EDGE_LOOP('',(#4901,#4902,#4903,#4904));
#4901 = ORIENTED_EDGE('',*,*,#4879,.T.);
#4902 = ORIENTED_EDGE('',*,*,#4419,.T.);
#4903 = ORIENTED_EDGE('',*,*,#4530,.T.);
#4904 = ORIENTED_EDGE('',*,*,#4905,.T.);
#4905 = EDGE_CURVE('',#4531,#4871,#4906,.T.);
#4906 = LINE('',#4907,#4908);
#4907 = CARTESIAN_POINT('',(45.345,-1.25,11.1));
#4908 = VECTOR('',#4909,1.);
#4909 = DIRECTION('',(0.,1.,0.));
#4910 = PLANE('',#4911);
#4911 = AXIS2_PLACEMENT_3D('',#4912,#4913,#4914);
#4912 = CARTESIAN_POINT('',(46.345,0.,11.1));
#4913 = DIRECTION('',(-0.,-0.,-1.));
#4914 = DIRECTION('',(-1.,0.,0.));
#4915 = ADVANCED_FACE('',(#4916),#4926,.T.);
#4916 = FACE_BOUND('',#4917,.T.);
#4917 = EDGE_LOOP('',(#4918,#4919,#4920));
#4918 = ORIENTED_EDGE('',*,*,#4451,.F.);
#4919 = ORIENTED_EDGE('',*,*,#4570,.T.);
#4920 = ORIENTED_EDGE('',*,*,#4921,.F.);
#4921 = EDGE_CURVE('',#4452,#4563,#4922,.T.);
#4922 = LINE('',#4923,#4924);
#4923 = CARTESIAN_POINT('',(4.354,-5.25,5.85));
#4924 = VECTOR('',#4925,1.);
#4925 = DIRECTION('',(0.,0.,1.));
#4926 = PLANE('',#4927);
#4927 = AXIS2_PLACEMENT_3D('',#4928,#4929,#4930);
#4928 = CARTESIAN_POINT('',(4.354,-13.,5.85));
#4929 = DIRECTION('',(-1.,0.,0.));
#4930 = DIRECTION('',(0.,1.,0.));
#4931 = ADVANCED_FACE('',(#4932),#4943,.T.);
#4932 = FACE_BOUND('',#4933,.T.);
#4933 = EDGE_LOOP('',(#4934,#4935,#4936,#4937));
#4934 = ORIENTED_EDGE('',*,*,#4459,.F.);
#4935 = ORIENTED_EDGE('',*,*,#4921,.T.);
#4936 = ORIENTED_EDGE('',*,*,#4562,.F.);
#4937 = ORIENTED_EDGE('',*,*,#4938,.T.);
#4938 = EDGE_CURVE('',#4554,#4460,#4939,.T.);
#4939 = LINE('',#4940,#4941);
#4940 = CARTESIAN_POINT('',(9.8525,-5.25,5.85));
#4941 = VECTOR('',#4942,1.);
#4942 = DIRECTION('',(0.,0.,-1.));
#4943 = PLANE('',#4944);
#4944 = AXIS2_PLACEMENT_3D('',#4945,#4946,#4947);
#4945 = CARTESIAN_POINT('',(-0.645,-5.25,5.85));
#4946 = DIRECTION('',(0.,1.,0.));
#4947 = DIRECTION('',(1.,0.,0.));
#4948 = ADVANCED_FACE('',(#4949),#4954,.T.);
#4949 = FACE_BOUND('',#4950,.T.);
#4950 = EDGE_LOOP('',(#4951,#4952,#4953));
#4951 = ORIENTED_EDGE('',*,*,#4553,.F.);
#4952 = ORIENTED_EDGE('',*,*,#4467,.F.);
#4953 = ORIENTED_EDGE('',*,*,#4938,.F.);
#4954 = PLANE('',#4955);
#4955 = AXIS2_PLACEMENT_3D('',#4956,#4957,#4958);
#4956 = CARTESIAN_POINT('',(9.8525,26.,5.85));
#4957 = DIRECTION('',(1.,0.,0.));
#4958 = DIRECTION('',(0.,-1.,0.));
#4959 = ADVANCED_FACE('',(#4960),#4970,.T.);
#4960 = FACE_BOUND('',#4961,.T.);
#4961 = EDGE_LOOP('',(#4962,#4963,#4964));
#4962 = ORIENTED_EDGE('',*,*,#4474,.F.);
#4963 = ORIENTED_EDGE('',*,*,#4603,.T.);
#4964 = ORIENTED_EDGE('',*,*,#4965,.F.);
#4965 = EDGE_CURVE('',#4475,#4596,#4966,.T.);
#4966 = LINE('',#4967,#4968);
#4967 = CARTESIAN_POINT('',(34.8475,-5.25,5.85));
#4968 = VECTOR('',#4969,1.);
#4969 = DIRECTION('',(0.,0.,1.));
#4970 = PLANE('',#4971);
#4971 = AXIS2_PLACEMENT_3D('',#4972,#4973,#4974);
#4972 = CARTESIAN_POINT('',(34.8475,-26.,5.85));
#4973 = DIRECTION('',(-1.,0.,0.));
#4974 = DIRECTION('',(0.,1.,0.));
#4975 = ADVANCED_FACE('',(#4976),#4987,.T.);
#4976 = FACE_BOUND('',#4977,.T.);
#4977 = EDGE_LOOP('',(#4978,#4979,#4980,#4981));
#4978 = ORIENTED_EDGE('',*,*,#4482,.F.);
#4979 = ORIENTED_EDGE('',*,*,#4965,.T.);
#4980 = ORIENTED_EDGE('',*,*,#4595,.F.);
#4981 = ORIENTED_EDGE('',*,*,#4982,.T.);
#4982 = EDGE_CURVE('',#4587,#4483,#4983,.T.);
#4983 = LINE('',#4984,#4985);
#4984 = CARTESIAN_POINT('',(40.346,-5.25,5.85));
#4985 = VECTOR('',#4986,1.);
#4986 = DIRECTION('',(0.,0.,-1.));
#4987 = PLANE('',#4988);
#4988 = AXIS2_PLACEMENT_3D('',#4989,#4990,#4991);
#4989 = CARTESIAN_POINT('',(-0.645,-5.25,5.85));
#4990 = DIRECTION('',(0.,1.,0.));
#4991 = DIRECTION('',(1.,0.,0.));
#4992 = ADVANCED_FACE('',(#4993),#4998,.T.);
#4993 = FACE_BOUND('',#4994,.T.);
#4994 = EDGE_LOOP('',(#4995,#4996,#4997));
#4995 = ORIENTED_EDGE('',*,*,#4586,.F.);
#4996 = ORIENTED_EDGE('',*,*,#4490,.F.);
#4997 = ORIENTED_EDGE('',*,*,#4982,.F.);
#4998 = PLANE('',#4999);
#4999 = AXIS2_PLACEMENT_3D('',#5000,#5001,#5002);
#5000 = CARTESIAN_POINT('',(40.346,39.,5.85));
#5001 = DIRECTION('',(1.,0.,0.));
#5002 = DIRECTION('',(0.,-1.,0.));
#5003 = ADVANCED_FACE('',(#5004,#5036),#5047,.T.);
#5004 = FACE_BOUND('',#5005,.T.);
#5005 = EDGE_LOOP('',(#5006,#5007,#5008,#5009,#5010,#5011,#5012,#5020,
    #5029));
#5006 = ORIENTED_EDGE('',*,*,#4497,.F.);
#5007 = ORIENTED_EDGE('',*,*,#4519,.F.);
#5008 = ORIENTED_EDGE('',*,*,#4538,.F.);
#5009 = ORIENTED_EDGE('',*,*,#4905,.T.);
#5010 = ORIENTED_EDGE('',*,*,#4868,.F.);
#5011 = ORIENTED_EDGE('',*,*,#4887,.F.);
#5012 = ORIENTED_EDGE('',*,*,#5013,.F.);
#5013 = EDGE_CURVE('',#5014,#4621,#5016,.T.);
#5014 = VERTEX_POINT('',#5015);
#5015 = CARTESIAN_POINT('',(45.345,5.241421562897,5.85));
#5016 = LINE('',#5017,#5018);
#5017 = CARTESIAN_POINT('',(45.345,-0.625,5.85));
#5018 = VECTOR('',#5019,1.);
#5019 = DIRECTION('',(-1.368455531567E-47,1.,1.071337728995E-82));
#5020 = ORIENTED_EDGE('',*,*,#5021,.F.);
#5021 = EDGE_CURVE('',#5022,#5014,#5024,.T.);
#5022 = VERTEX_POINT('',#5023);
#5023 = CARTESIAN_POINT('',(45.345,5.25,5.55));
#5024 = CIRCLE('',#5025,5.25);
#5025 = AXIS2_PLACEMENT_3D('',#5026,#5027,#5028);
#5026 = CARTESIAN_POINT('',(45.345,0.,5.55));
#5027 = DIRECTION('',(1.,0.,0.));
#5028 = DIRECTION('',(-0.,1.,0.));
#5029 = ORIENTED_EDGE('',*,*,#5030,.F.);
#5030 = EDGE_CURVE('',#4498,#5022,#5031,.T.);
#5031 = CIRCLE('',#5032,5.25);
#5032 = AXIS2_PLACEMENT_3D('',#5033,#5034,#5035);
#5033 = CARTESIAN_POINT('',(45.345,0.,5.55));
#5034 = DIRECTION('',(1.,0.,0.));
#5035 = DIRECTION('',(-0.,1.,0.));
#5036 = FACE_BOUND('',#5037,.T.);
#5037 = EDGE_LOOP('',(#5038));
#5038 = ORIENTED_EDGE('',*,*,#5039,.F.);
#5039 = EDGE_CURVE('',#5040,#5040,#5042,.T.);
#5040 = VERTEX_POINT('',#5041);
#5041 = CARTESIAN_POINT('',(45.345,0.,9.55));
#5042 = CIRCLE('',#5043,4.2);
#5043 = AXIS2_PLACEMENT_3D('',#5044,#5045,#5046);
#5044 = CARTESIAN_POINT('',(45.345,0.,5.35));
#5045 = DIRECTION('',(-1.,0.,0.));
#5046 = DIRECTION('',(0.,0.,1.));
#5047 = PLANE('',#5048);
#5048 = AXIS2_PLACEMENT_3D('',#5049,#5050,#5051);
#5049 = CARTESIAN_POINT('',(45.345,5.784923358059E-03,6.258743932587));
#5050 = DIRECTION('',(-1.,7.308341261882E-20,6.810808476438E-18));
#5051 = DIRECTION('',(-6.810808476438E-18,0.,-1.));
#5052 = ADVANCED_FACE('',(#5053),#5090,.F.);
#5053 = FACE_BOUND('',#5054,.F.);
#5054 = EDGE_LOOP('',(#5055,#5056,#5057,#5065,#5074,#5080,#5081,#5082,
    #5088,#5089));
#5055 = ORIENTED_EDGE('',*,*,#4505,.T.);
#5056 = ORIENTED_EDGE('',*,*,#4801,.T.);
#5057 = ORIENTED_EDGE('',*,*,#5058,.F.);
#5058 = EDGE_CURVE('',#5059,#4802,#5061,.T.);
#5059 = VERTEX_POINT('',#5060);
#5060 = CARTESIAN_POINT('',(-0.595,-2.625,1.003366630132));
#5061 = LINE('',#5062,#5063);
#5062 = CARTESIAN_POINT('',(-0.645,-2.625,1.003366630132));
#5063 = VECTOR('',#5064,1.);
#5064 = DIRECTION('',(-1.,-0.,-0.));
#5065 = ORIENTED_EDGE('',*,*,#5066,.F.);
#5066 = EDGE_CURVE('',#5067,#5059,#5069,.T.);
#5067 = VERTEX_POINT('',#5068);
#5068 = CARTESIAN_POINT('',(-0.595,2.625,1.003366630132));
#5069 = CIRCLE('',#5070,5.25);
#5070 = AXIS2_PLACEMENT_3D('',#5071,#5072,#5073);
#5071 = CARTESIAN_POINT('',(-0.595,0.,5.55));
#5072 = DIRECTION('',(-1.,0.,0.));
#5073 = DIRECTION('',(0.,1.,0.));
#5074 = ORIENTED_EDGE('',*,*,#5075,.T.);
#5075 = EDGE_CURVE('',#5067,#4827,#5076,.T.);
#5076 = LINE('',#5077,#5078);
#5077 = CARTESIAN_POINT('',(-0.645,2.625,1.003366630132));
#5078 = VECTOR('',#5079,1.);
#5079 = DIRECTION('',(-1.,-0.,-0.));
#5080 = ORIENTED_EDGE('',*,*,#4834,.T.);
#5081 = ORIENTED_EDGE('',*,*,#4843,.T.);
#5082 = ORIENTED_EDGE('',*,*,#5083,.F.);
#5083 = EDGE_CURVE('',#5014,#4844,#5084,.T.);
#5084 = LINE('',#5085,#5086);
#5085 = CARTESIAN_POINT('',(-0.645,5.241421562897,5.85));
#5086 = VECTOR('',#5087,1.);
#5087 = DIRECTION('',(-1.,-0.,-0.));
#5088 = ORIENTED_EDGE('',*,*,#5021,.F.);
#5089 = ORIENTED_EDGE('',*,*,#5030,.F.);
#5090 = CYLINDRICAL_SURFACE('',#5091,5.25);
#5091 = AXIS2_PLACEMENT_3D('',#5092,#5093,#5094);
#5092 = CARTESIAN_POINT('',(-0.645,0.,5.55));
#5093 = DIRECTION('',(-1.,-0.,-0.));
#5094 = DIRECTION('',(0.,1.,0.));
#5095 = ADVANCED_FACE('',(#5096),#5148,.T.);
#5096 = FACE_BOUND('',#5097,.T.);
#5097 = EDGE_LOOP('',(#5098,#5099,#5107,#5115,#5121,#5122,#5130,#5138,
    #5144,#5145,#5146,#5147));
#5098 = ORIENTED_EDGE('',*,*,#4628,.F.);
#5099 = ORIENTED_EDGE('',*,*,#5100,.T.);
#5100 = EDGE_CURVE('',#4629,#5101,#5103,.T.);
#5101 = VERTEX_POINT('',#5102);
#5102 = CARTESIAN_POINT('',(40.346,5.25,5.85));
#5103 = LINE('',#5104,#5105);
#5104 = CARTESIAN_POINT('',(40.346,39.,5.85));
#5105 = VECTOR('',#5106,1.);
#5106 = DIRECTION('',(0.,-1.,0.));
#5107 = ORIENTED_EDGE('',*,*,#5108,.T.);
#5108 = EDGE_CURVE('',#5101,#5109,#5111,.T.);
#5109 = VERTEX_POINT('',#5110);
#5110 = CARTESIAN_POINT('',(34.8475,5.25,5.85));
#5111 = LINE('',#5112,#5113);
#5112 = CARTESIAN_POINT('',(45.345,5.25,5.85));
#5113 = VECTOR('',#5114,1.);
#5114 = DIRECTION('',(-1.,0.,0.));
#5115 = ORIENTED_EDGE('',*,*,#5116,.T.);
#5116 = EDGE_CURVE('',#5109,#4637,#5117,.T.);
#5117 = LINE('',#5118,#5119);
#5118 = CARTESIAN_POINT('',(34.8475,-26.,5.85));
#5119 = VECTOR('',#5120,1.);
#5120 = DIRECTION('',(0.,1.,0.));
#5121 = ORIENTED_EDGE('',*,*,#4644,.F.);
#5122 = ORIENTED_EDGE('',*,*,#5123,.T.);
#5123 = EDGE_CURVE('',#4645,#5124,#5126,.T.);
#5124 = VERTEX_POINT('',#5125);
#5125 = CARTESIAN_POINT('',(9.8525,5.25,5.85));
#5126 = LINE('',#5127,#5128);
#5127 = CARTESIAN_POINT('',(9.8525,26.,5.85));
#5128 = VECTOR('',#5129,1.);
#5129 = DIRECTION('',(0.,-1.,0.));
#5130 = ORIENTED_EDGE('',*,*,#5131,.T.);
#5131 = EDGE_CURVE('',#5124,#5132,#5134,.T.);
#5132 = VERTEX_POINT('',#5133);
#5133 = CARTESIAN_POINT('',(4.354,5.25,5.85));
#5134 = LINE('',#5135,#5136);
#5135 = CARTESIAN_POINT('',(45.345,5.25,5.85));
#5136 = VECTOR('',#5137,1.);
#5137 = DIRECTION('',(-1.,0.,0.));
#5138 = ORIENTED_EDGE('',*,*,#5139,.T.);
#5139 = EDGE_CURVE('',#5132,#4653,#5140,.T.);
#5140 = LINE('',#5141,#5142);
#5141 = CARTESIAN_POINT('',(4.354,-13.,5.85));
#5142 = VECTOR('',#5143,1.);
#5143 = DIRECTION('',(0.,1.,0.));
#5144 = ORIENTED_EDGE('',*,*,#4660,.T.);
#5145 = ORIENTED_EDGE('',*,*,#4852,.F.);
#5146 = ORIENTED_EDGE('',*,*,#5083,.F.);
#5147 = ORIENTED_EDGE('',*,*,#5013,.T.);
#5148 = PLANE('',#5149);
#5149 = AXIS2_PLACEMENT_3D('',#5150,#5151,#5152);
#5150 = CARTESIAN_POINT('',(22.35,5.732769112174,5.85));
#5151 = DIRECTION('',(3.221047985829E-33,-1.074325496898E-15,1.));
#5152 = DIRECTION('',(0.,1.,1.074325496898E-15));
#5153 = ADVANCED_FACE('',(#5154),#5181,.T.);
#5154 = FACE_BOUND('',#5155,.T.);
#5155 = EDGE_LOOP('',(#5156,#5157,#5166,#5174));
#5156 = ORIENTED_EDGE('',*,*,#4636,.F.);
#5157 = ORIENTED_EDGE('',*,*,#5158,.F.);
#5158 = EDGE_CURVE('',#5159,#4637,#5161,.T.);
#5159 = VERTEX_POINT('',#5160);
#5160 = CARTESIAN_POINT('',(34.8475,5.25,9.250367627184));
#5161 = CIRCLE('',#5162,5.25);
#5162 = AXIS2_PLACEMENT_3D('',#5163,#5164,#5165);
#5163 = CARTESIAN_POINT('',(34.8475,1.25,5.85));
#5164 = DIRECTION('',(-1.,0.,0.));
#5165 = DIRECTION('',(0.,1.,0.));
#5166 = ORIENTED_EDGE('',*,*,#5167,.F.);
#5167 = EDGE_CURVE('',#5168,#5159,#5170,.T.);
#5168 = VERTEX_POINT('',#5169);
#5169 = CARTESIAN_POINT('',(40.346,5.25,9.250367627184));
#5170 = LINE('',#5171,#5172);
#5171 = CARTESIAN_POINT('',(0.1,5.25,9.250367627184));
#5172 = VECTOR('',#5173,1.);
#5173 = DIRECTION('',(-1.,-0.,-0.));
#5174 = ORIENTED_EDGE('',*,*,#5175,.T.);
#5175 = EDGE_CURVE('',#5168,#4629,#5176,.T.);
#5176 = CIRCLE('',#5177,5.25);
#5177 = AXIS2_PLACEMENT_3D('',#5178,#5179,#5180);
#5178 = CARTESIAN_POINT('',(40.346,1.25,5.85));
#5179 = DIRECTION('',(-1.,0.,0.));
#5180 = DIRECTION('',(0.,1.,0.));
#5181 = CYLINDRICAL_SURFACE('',#5182,5.25);
#5182 = AXIS2_PLACEMENT_3D('',#5183,#5184,#5185);
#5183 = CARTESIAN_POINT('',(0.1,1.25,5.85));
#5184 = DIRECTION('',(-1.,-0.,-0.));
#5185 = DIRECTION('',(0.,1.,0.));
#5186 = ADVANCED_FACE('',(#5187),#5214,.T.);
#5187 = FACE_BOUND('',#5188,.T.);
#5188 = EDGE_LOOP('',(#5189,#5199,#5206,#5207));
#5189 = ORIENTED_EDGE('',*,*,#5190,.F.);
#5190 = EDGE_CURVE('',#5191,#5193,#5195,.T.);
#5191 = VERTEX_POINT('',#5192);
#5192 = CARTESIAN_POINT('',(9.8525,5.25,9.250367627184));
#5193 = VERTEX_POINT('',#5194);
#5194 = CARTESIAN_POINT('',(4.354,5.25,9.250367627184));
#5195 = LINE('',#5196,#5197);
#5196 = CARTESIAN_POINT('',(0.1,5.25,9.250367627184));
#5197 = VECTOR('',#5198,1.);
#5198 = DIRECTION('',(-1.,-0.,-0.));
#5199 = ORIENTED_EDGE('',*,*,#5200,.T.);
#5200 = EDGE_CURVE('',#5191,#4645,#5201,.T.);
#5201 = CIRCLE('',#5202,5.25);
#5202 = AXIS2_PLACEMENT_3D('',#5203,#5204,#5205);
#5203 = CARTESIAN_POINT('',(9.8525,1.25,5.85));
#5204 = DIRECTION('',(-1.,0.,0.));
#5205 = DIRECTION('',(0.,1.,0.));
#5206 = ORIENTED_EDGE('',*,*,#4652,.F.);
#5207 = ORIENTED_EDGE('',*,*,#5208,.F.);
#5208 = EDGE_CURVE('',#5193,#4653,#5209,.T.);
#5209 = CIRCLE('',#5210,5.25);
#5210 = AXIS2_PLACEMENT_3D('',#5211,#5212,#5213);
#5211 = CARTESIAN_POINT('',(4.354,1.25,5.85));
#5212 = DIRECTION('',(-1.,0.,0.));
#5213 = DIRECTION('',(0.,1.,0.));
#5214 = CYLINDRICAL_SURFACE('',#5215,5.25);
#5215 = AXIS2_PLACEMENT_3D('',#5216,#5217,#5218);
#5216 = CARTESIAN_POINT('',(0.1,1.25,5.85));
#5217 = DIRECTION('',(-1.,-0.,-0.));
#5218 = DIRECTION('',(0.,1.,0.));
#5219 = ADVANCED_FACE('',(#5220),#5240,.T.);
#5220 = FACE_BOUND('',#5221,.T.);
#5221 = EDGE_LOOP('',(#5222,#5231,#5238,#5239));
#5222 = ORIENTED_EDGE('',*,*,#5223,.T.);
#5223 = EDGE_CURVE('',#5224,#5224,#5226,.T.);
#5224 = VERTEX_POINT('',#5225);
#5225 = CARTESIAN_POINT('',(3.636363636364E-02,-5.602705292763E-33,-4.9)
  );
#5226 = CIRCLE('',#5227,3.636363636364E-02);
#5227 = AXIS2_PLACEMENT_3D('',#5228,#5229,#5230);
#5228 = CARTESIAN_POINT('',(-7.703719777549E-33,-6.162975822039E-33,-4.9
    ));
#5229 = DIRECTION('',(1.604941620323E-33,6.949431671893E-34,1.));
#5230 = DIRECTION('',(1.,1.54074395551E-32,-1.604941620323E-33));
#5231 = ORIENTED_EDGE('',*,*,#5232,.F.);
#5232 = EDGE_CURVE('',#4736,#5224,#5233,.T.);
#5233 = CIRCLE('',#5234,0.363636363636);
#5234 = AXIS2_PLACEMENT_3D('',#5235,#5236,#5237);
#5235 = CARTESIAN_POINT('',(3.636363636364E-02,-5.372972014353E-33,
    -4.536363636364));
#5236 = DIRECTION('',(-1.477567303947E-32,1.,-6.949431671893E-34));
#5237 = DIRECTION('',(1.,1.477567303947E-32,-1.604941620323E-33));
#5238 = ORIENTED_EDGE('',*,*,#4735,.F.);
#5239 = ORIENTED_EDGE('',*,*,#5232,.T.);
#5240 = SURFACE_OF_REVOLUTION('',#5241,#5249);
#5241 = B_SPLINE_CURVE_WITH_KNOTS('',6,(#5242,#5243,#5244,#5245,#5246,
    #5247,#5248),.UNSPECIFIED.,.F.,.F.,(7,7),(0.,1.570796326795),
  .PIECEWISE_BEZIER_KNOTS.);
#5242 = CARTESIAN_POINT('',(0.4,2.527066062506E-34,-4.536363636364));
#5243 = CARTESIAN_POINT('',(0.4,1.865481714414E-34,-4.631563413745));
#5244 = CARTESIAN_POINT('',(0.370099023265,-3.403021260326E-34,
    -4.726755091165));
#5245 = CARTESIAN_POINT('',(0.310250963506,-1.320432375243E-33,
    -4.810250963506));
#5246 = CARTESIAN_POINT('',(0.226755091166,-2.648480981622E-33,
    -4.870099023265));
#5247 = CARTESIAN_POINT('',(0.131563413745,-4.135920477099E-33,-4.9));
#5248 = CARTESIAN_POINT('',(3.636363636364E-02,-5.602705292763E-33,-4.9)
  );
#5249 = AXIS1_PLACEMENT('',#5250,#5251);
#5250 = CARTESIAN_POINT('',(-7.120104642886E-33,-5.910269215789E-33,
    -4.536363636364));
#5251 = DIRECTION('',(-1.604941620323E-33,-6.949431671893E-34,-1.));
#5252 = ADVANCED_FACE('',(#5253),#5273,.T.);
#5253 = FACE_BOUND('',#5254,.T.);
#5254 = EDGE_LOOP('',(#5255,#5264,#5271,#5272));
#5255 = ORIENTED_EDGE('',*,*,#5256,.T.);
#5256 = EDGE_CURVE('',#5257,#5257,#5259,.T.);
#5257 = VERTEX_POINT('',#5258);
#5258 = CARTESIAN_POINT('',(44.736363636364,-1.120541058553E-32,-4.9));
#5259 = CIRCLE('',#5260,3.636363636364E-02);
#5260 = AXIS2_PLACEMENT_3D('',#5261,#5262,#5263);
#5261 = CARTESIAN_POINT('',(44.7,-1.232595164408E-32,-4.9));
#5262 = DIRECTION('',(-3.916057553587E-31,2.128851124903E-33,1.));
#5263 = DIRECTION('',(1.,3.08148791102E-32,3.916057553587E-31));
#5264 = ORIENTED_EDGE('',*,*,#5265,.F.);
#5265 = EDGE_CURVE('',#4773,#5257,#5266,.T.);
#5266 = CIRCLE('',#5267,0.363636363636);
#5267 = AXIS2_PLACEMENT_3D('',#5268,#5269,#5270);
#5268 = CARTESIAN_POINT('',(44.736363636364,-1.050165814754E-32,
    -4.536363636364));
#5269 = DIRECTION('',(-2.887955990574E-32,1.,-2.128851124903E-33));
#5270 = DIRECTION('',(1.,2.887955990574E-32,3.916057553587E-31));
#5271 = ORIENTED_EDGE('',*,*,#4772,.F.);
#5272 = ORIENTED_EDGE('',*,*,#5265,.T.);
#5273 = SURFACE_OF_REVOLUTION('',#5274,#5282);
#5274 = B_SPLINE_CURVE_WITH_KNOTS('',6,(#5275,#5276,#5277,#5278,#5279,
    #5280,#5281),.UNSPECIFIED.,.F.,.F.,(7,7),(0.,1.570796326795),
  .PIECEWISE_BEZIER_KNOTS.);
#5275 = CARTESIAN_POINT('',(45.1,7.74127681783E-34,-4.536363636364));
#5276 = CARTESIAN_POINT('',(45.1,5.714615286138E-34,-4.631563413745));
#5277 = CARTESIAN_POINT('',(45.070099023265,-5.525823642987E-34,
    -4.726755091165));
#5278 = CARTESIAN_POINT('',(45.010250963506,-2.574543372534E-33,
    -4.810250963506));
#5279 = CARTESIAN_POINT('',(44.926755091165,-5.274866194234E-33,
    -4.870099023265));
#5280 = CARTESIAN_POINT('',(44.831563413745,-8.271840954197E-33,-4.9));
#5281 = CARTESIAN_POINT('',(44.736363636364,-1.120541058553E-32,-4.9));
#5282 = AXIS1_PLACEMENT('',#5283,#5284);
#5283 = CARTESIAN_POINT('',(44.7,-1.15518239623E-32,-4.536363636364));
#5284 = DIRECTION('',(3.916057553587E-31,-2.128851124903E-33,-1.));
#5285 = ADVANCED_FACE('',(#5286),#5304,.F.);
#5286 = FACE_BOUND('',#5287,.F.);
#5287 = EDGE_LOOP('',(#5288,#5289,#5297,#5303));
#5288 = ORIENTED_EDGE('',*,*,#5075,.F.);
#5289 = ORIENTED_EDGE('',*,*,#5290,.T.);
#5290 = EDGE_CURVE('',#5067,#5291,#5293,.T.);
#5291 = VERTEX_POINT('',#5292);
#5292 = CARTESIAN_POINT('',(-0.595,2.625,9.625));
#5293 = LINE('',#5294,#5295);
#5294 = CARTESIAN_POINT('',(-0.595,2.625,0.1));
#5295 = VECTOR('',#5296,1.);
#5296 = DIRECTION('',(0.,0.,1.));
#5297 = ORIENTED_EDGE('',*,*,#5298,.T.);
#5298 = EDGE_CURVE('',#5291,#4819,#5299,.T.);
#5299 = LINE('',#5300,#5301);
#5300 = CARTESIAN_POINT('',(-0.595,2.625,9.625));
#5301 = VECTOR('',#5302,1.);
#5302 = DIRECTION('',(-1.,0.,0.));
#5303 = ORIENTED_EDGE('',*,*,#4826,.T.);
#5304 = PLANE('',#5305);
#5305 = AXIS2_PLACEMENT_3D('',#5306,#5307,#5308);
#5306 = CARTESIAN_POINT('',(-0.595,2.625,0.1));
#5307 = DIRECTION('',(0.,-1.,0.));
#5308 = DIRECTION('',(-1.,0.,0.));
#5309 = ADVANCED_FACE('',(#5310),#5328,.T.);
#5310 = FACE_BOUND('',#5311,.T.);
#5311 = EDGE_LOOP('',(#5312,#5313,#5321,#5327));
#5312 = ORIENTED_EDGE('',*,*,#4818,.T.);
#5313 = ORIENTED_EDGE('',*,*,#5314,.T.);
#5314 = EDGE_CURVE('',#4811,#5315,#5317,.T.);
#5315 = VERTEX_POINT('',#5316);
#5316 = CARTESIAN_POINT('',(-0.595,-2.625,9.625));
#5317 = LINE('',#5318,#5319);
#5318 = CARTESIAN_POINT('',(-0.695,-2.625,9.625));
#5319 = VECTOR('',#5320,1.);
#5320 = DIRECTION('',(1.,0.,0.));
#5321 = ORIENTED_EDGE('',*,*,#5322,.T.);
#5322 = EDGE_CURVE('',#5315,#5291,#5323,.T.);
#5323 = LINE('',#5324,#5325);
#5324 = CARTESIAN_POINT('',(-0.595,-2.625,9.625));
#5325 = VECTOR('',#5326,1.);
#5326 = DIRECTION('',(0.,1.,0.));
#5327 = ORIENTED_EDGE('',*,*,#5298,.T.);
#5328 = PLANE('',#5329);
#5329 = AXIS2_PLACEMENT_3D('',#5330,#5331,#5332);
#5330 = CARTESIAN_POINT('',(-0.645,0.,9.625));
#5331 = DIRECTION('',(0.,0.,1.));
#5332 = DIRECTION('',(1.,0.,-0.));
#5333 = ADVANCED_FACE('',(#5334),#5345,.F.);
#5334 = FACE_BOUND('',#5335,.F.);
#5335 = EDGE_LOOP('',(#5336,#5337,#5338,#5344));
#5336 = ORIENTED_EDGE('',*,*,#4810,.T.);
#5337 = ORIENTED_EDGE('',*,*,#5314,.T.);
#5338 = ORIENTED_EDGE('',*,*,#5339,.F.);
#5339 = EDGE_CURVE('',#5059,#5315,#5340,.T.);
#5340 = LINE('',#5341,#5342);
#5341 = CARTESIAN_POINT('',(-0.595,-2.625,0.1));
#5342 = VECTOR('',#5343,1.);
#5343 = DIRECTION('',(0.,0.,1.));
#5344 = ORIENTED_EDGE('',*,*,#5058,.T.);
#5345 = PLANE('',#5346);
#5346 = AXIS2_PLACEMENT_3D('',#5347,#5348,#5349);
#5347 = CARTESIAN_POINT('',(-0.695,-2.625,0.1));
#5348 = DIRECTION('',(0.,1.,0.));
#5349 = DIRECTION('',(1.,0.,0.));
#5350 = ADVANCED_FACE('',(#5351,#5354),#5365,.T.);
#5351 = FACE_BOUND('',#5352,.T.);
#5352 = EDGE_LOOP('',(#5353));
#5353 = ORIENTED_EDGE('',*,*,#5039,.T.);
#5354 = FACE_BOUND('',#5355,.T.);
#5355 = EDGE_LOOP('',(#5356));
#5356 = ORIENTED_EDGE('',*,*,#5357,.F.);
#5357 = EDGE_CURVE('',#5358,#5358,#5360,.T.);
#5358 = VERTEX_POINT('',#5359);
#5359 = CARTESIAN_POINT('',(45.345,0.,8.85));
#5360 = CIRCLE('',#5361,3.5);
#5361 = AXIS2_PLACEMENT_3D('',#5362,#5363,#5364);
#5362 = CARTESIAN_POINT('',(45.345,0.,5.35));
#5363 = DIRECTION('',(-1.,0.,0.));
#5364 = DIRECTION('',(0.,0.,1.));
#5365 = PLANE('',#5366);
#5366 = AXIS2_PLACEMENT_3D('',#5367,#5368,#5369);
#5367 = CARTESIAN_POINT('',(45.345,3.169209240263E-16,5.35));
#5368 = DIRECTION('',(-1.,-0.,-0.));
#5369 = DIRECTION('',(0.,0.,-1.));
#5370 = ADVANCED_FACE('',(#5371),#5377,.F.);
#5371 = FACE_BOUND('',#5372,.F.);
#5372 = EDGE_LOOP('',(#5373,#5374,#5375,#5376));
#5373 = ORIENTED_EDGE('',*,*,#5066,.T.);
#5374 = ORIENTED_EDGE('',*,*,#5339,.T.);
#5375 = ORIENTED_EDGE('',*,*,#5322,.T.);
#5376 = ORIENTED_EDGE('',*,*,#5290,.F.);
#5377 = PLANE('',#5378);
#5378 = AXIS2_PLACEMENT_3D('',#5379,#5380,#5381);
#5379 = CARTESIAN_POINT('',(-0.595,-2.625,0.1));
#5380 = DIRECTION('',(-1.,0.,0.));
#5381 = DIRECTION('',(0.,1.,0.));
#5382 = ADVANCED_FACE('',(#5383),#5393,.T.);
#5383 = FACE_BOUND('',#5384,.T.);
#5384 = EDGE_LOOP('',(#5385,#5386,#5387));
#5385 = ORIENTED_EDGE('',*,*,#5100,.F.);
#5386 = ORIENTED_EDGE('',*,*,#5175,.F.);
#5387 = ORIENTED_EDGE('',*,*,#5388,.F.);
#5388 = EDGE_CURVE('',#5101,#5168,#5389,.T.);
#5389 = LINE('',#5390,#5391);
#5390 = CARTESIAN_POINT('',(40.346,5.25,5.85));
#5391 = VECTOR('',#5392,1.);
#5392 = DIRECTION('',(0.,0.,1.));
#5393 = PLANE('',#5394);
#5394 = AXIS2_PLACEMENT_3D('',#5395,#5396,#5397);
#5395 = CARTESIAN_POINT('',(40.346,39.,5.85));
#5396 = DIRECTION('',(1.,0.,0.));
#5397 = DIRECTION('',(0.,-1.,0.));
#5398 = ADVANCED_FACE('',(#5399),#5410,.T.);
#5399 = FACE_BOUND('',#5400,.T.);
#5400 = EDGE_LOOP('',(#5401,#5402,#5403,#5404));
#5401 = ORIENTED_EDGE('',*,*,#5108,.F.);
#5402 = ORIENTED_EDGE('',*,*,#5388,.T.);
#5403 = ORIENTED_EDGE('',*,*,#5167,.T.);
#5404 = ORIENTED_EDGE('',*,*,#5405,.T.);
#5405 = EDGE_CURVE('',#5159,#5109,#5406,.T.);
#5406 = LINE('',#5407,#5408);
#5407 = CARTESIAN_POINT('',(34.8475,5.25,5.85));
#5408 = VECTOR('',#5409,1.);
#5409 = DIRECTION('',(-0.,-0.,-1.));
#5410 = PLANE('',#5411);
#5411 = AXIS2_PLACEMENT_3D('',#5412,#5413,#5414);
#5412 = CARTESIAN_POINT('',(45.345,5.25,5.85));
#5413 = DIRECTION('',(0.,-1.,0.));
#5414 = DIRECTION('',(-1.,0.,0.));
#5415 = ADVANCED_FACE('',(#5416),#5421,.T.);
#5416 = FACE_BOUND('',#5417,.T.);
#5417 = EDGE_LOOP('',(#5418,#5419,#5420));
#5418 = ORIENTED_EDGE('',*,*,#5158,.T.);
#5419 = ORIENTED_EDGE('',*,*,#5116,.F.);
#5420 = ORIENTED_EDGE('',*,*,#5405,.F.);
#5421 = PLANE('',#5422);
#5422 = AXIS2_PLACEMENT_3D('',#5423,#5424,#5425);
#5423 = CARTESIAN_POINT('',(34.8475,-26.,5.85));
#5424 = DIRECTION('',(-1.,0.,0.));
#5425 = DIRECTION('',(0.,1.,0.));
#5426 = ADVANCED_FACE('',(#5427),#5437,.T.);
#5427 = FACE_BOUND('',#5428,.T.);
#5428 = EDGE_LOOP('',(#5429,#5430,#5431));
#5429 = ORIENTED_EDGE('',*,*,#5123,.F.);
#5430 = ORIENTED_EDGE('',*,*,#5200,.F.);
#5431 = ORIENTED_EDGE('',*,*,#5432,.F.);
#5432 = EDGE_CURVE('',#5124,#5191,#5433,.T.);
#5433 = LINE('',#5434,#5435);
#5434 = CARTESIAN_POINT('',(9.8525,5.25,5.85));
#5435 = VECTOR('',#5436,1.);
#5436 = DIRECTION('',(0.,0.,1.));
#5437 = PLANE('',#5438);
#5438 = AXIS2_PLACEMENT_3D('',#5439,#5440,#5441);
#5439 = CARTESIAN_POINT('',(9.8525,26.,5.85));
#5440 = DIRECTION('',(1.,0.,0.));
#5441 = DIRECTION('',(0.,-1.,0.));
#5442 = ADVANCED_FACE('',(#5443),#5454,.T.);
#5443 = FACE_BOUND('',#5444,.T.);
#5444 = EDGE_LOOP('',(#5445,#5446,#5447,#5448));
#5445 = ORIENTED_EDGE('',*,*,#5131,.F.);
#5446 = ORIENTED_EDGE('',*,*,#5432,.T.);
#5447 = ORIENTED_EDGE('',*,*,#5190,.T.);
#5448 = ORIENTED_EDGE('',*,*,#5449,.T.);
#5449 = EDGE_CURVE('',#5193,#5132,#5450,.T.);
#5450 = LINE('',#5451,#5452);
#5451 = CARTESIAN_POINT('',(4.354,5.25,5.85));
#5452 = VECTOR('',#5453,1.);
#5453 = DIRECTION('',(-0.,-0.,-1.));
#5454 = PLANE('',#5455);
#5455 = AXIS2_PLACEMENT_3D('',#5456,#5457,#5458);
#5456 = CARTESIAN_POINT('',(45.345,5.25,5.85));
#5457 = DIRECTION('',(0.,-1.,0.));
#5458 = DIRECTION('',(-1.,0.,0.));
#5459 = ADVANCED_FACE('',(#5460),#5465,.T.);
#5460 = FACE_BOUND('',#5461,.T.);
#5461 = EDGE_LOOP('',(#5462,#5463,#5464));
#5462 = ORIENTED_EDGE('',*,*,#5208,.T.);
#5463 = ORIENTED_EDGE('',*,*,#5139,.F.);
#5464 = ORIENTED_EDGE('',*,*,#5449,.F.);
#5465 = PLANE('',#5466);
#5466 = AXIS2_PLACEMENT_3D('',#5467,#5468,#5469);
#5467 = CARTESIAN_POINT('',(4.354,-13.,5.85));
#5468 = DIRECTION('',(-1.,0.,0.));
#5469 = DIRECTION('',(0.,1.,0.));
#5470 = ADVANCED_FACE('',(#5471),#5474,.F.);
#5471 = FACE_BOUND('',#5472,.F.);
#5472 = EDGE_LOOP('',(#5473));
#5473 = ORIENTED_EDGE('',*,*,#5223,.T.);
#5474 = PLANE('',#5475);
#5475 = AXIS2_PLACEMENT_3D('',#5476,#5477,#5478);
#5476 = CARTESIAN_POINT('',(-1.335390754433E-17,3.708700618869E-17,-4.9)
  );
#5477 = DIRECTION('',(1.604941620323E-33,6.949431671893E-34,1.));
#5478 = DIRECTION('',(1.,0.,-1.604941620323E-33));
#5479 = ADVANCED_FACE('',(#5480),#5483,.F.);
#5480 = FACE_BOUND('',#5481,.F.);
#5481 = EDGE_LOOP('',(#5482));
#5482 = ORIENTED_EDGE('',*,*,#5256,.T.);
#5483 = PLANE('',#5484);
#5484 = AXIS2_PLACEMENT_3D('',#5485,#5486,#5487);
#5485 = CARTESIAN_POINT('',(44.7,5.044091373302E-17,-4.9));
#5486 = DIRECTION('',(-3.916057553587E-31,2.128851124903E-33,1.));
#5487 = DIRECTION('',(1.,0.,3.916057553587E-31));
#5488 = ADVANCED_FACE('',(#5489),#5492,.T.);
#5489 = FACE_BOUND('',#5490,.T.);
#5490 = EDGE_LOOP('',(#5491));
#5491 = ORIENTED_EDGE('',*,*,#5357,.T.);
#5492 = PLANE('',#5493);
#5493 = AXIS2_PLACEMENT_3D('',#5494,#5495,#5496);
#5494 = CARTESIAN_POINT('',(45.345,5.784923358059E-03,6.258743932587));
#5495 = DIRECTION('',(-1.,7.308341261882E-20,6.810808476438E-18));
#5496 = DIRECTION('',(-6.810808476438E-18,0.,-1.));
#5497 = MANIFOLD_SOLID_BREP('',#5498);
#5498 = CLOSED_SHELL('',(#5499,#5532,#5541));
#5499 = ADVANCED_FACE('',(#5500),#5527,.T.);
#5500 = FACE_BOUND('',#5501,.T.);
#5501 = EDGE_LOOP('',(#5502,#5512,#5519,#5520));
#5502 = ORIENTED_EDGE('',*,*,#5503,.T.);
#5503 = EDGE_CURVE('',#5504,#5506,#5508,.T.);
#5504 = VERTEX_POINT('',#5505);
#5505 = CARTESIAN_POINT('',(22.23,0.,1.E-02));
#5506 = VERTEX_POINT('',#5507);
#5507 = CARTESIAN_POINT('',(22.22,0.,1.E-02));
#5508 = LINE('',#5509,#5510);
#5509 = CARTESIAN_POINT('',(22.23,0.,1.E-02));
#5510 = VECTOR('',#5511,1.);
#5511 = DIRECTION('',(-1.,0.,0.));
#5512 = ORIENTED_EDGE('',*,*,#5513,.F.);
#5513 = EDGE_CURVE('',#5506,#5506,#5514,.T.);
#5514 = CIRCLE('',#5515,1.E-02);
#5515 = AXIS2_PLACEMENT_3D('',#5516,#5517,#5518);
#5516 = CARTESIAN_POINT('',(22.22,0.,0.));
#5517 = DIRECTION('',(-1.,0.,0.));
#5518 = DIRECTION('',(0.,0.,1.));
#5519 = ORIENTED_EDGE('',*,*,#5503,.F.);
#5520 = ORIENTED_EDGE('',*,*,#5521,.T.);
#5521 = EDGE_CURVE('',#5504,#5504,#5522,.T.);
#5522 = CIRCLE('',#5523,1.E-02);
#5523 = AXIS2_PLACEMENT_3D('',#5524,#5525,#5526);
#5524 = CARTESIAN_POINT('',(22.23,0.,0.));
#5525 = DIRECTION('',(-1.,0.,0.));
#5526 = DIRECTION('',(0.,0.,1.));
#5527 = CYLINDRICAL_SURFACE('',#5528,1.E-02);
#5528 = AXIS2_PLACEMENT_3D('',#5529,#5530,#5531);
#5529 = CARTESIAN_POINT('',(22.23,0.,0.));
#5530 = DIRECTION('',(1.,0.,0.));
#5531 = DIRECTION('',(0.,0.,1.));
#5532 = ADVANCED_FACE('',(#5533),#5536,.F.);
#5533 = FACE_BOUND('',#5534,.F.);
#5534 = EDGE_LOOP('',(#5535));
#5535 = ORIENTED_EDGE('',*,*,#5521,.T.);
#5536 = PLANE('',#5537);
#5537 = AXIS2_PLACEMENT_3D('',#5538,#5539,#5540);
#5538 = CARTESIAN_POINT('',(22.23,6.35058427185E-19,-7.824555201756E-19)
  );
#5539 = DIRECTION('',(-1.,1.781421891824E-32,-4.105366594702E-48));
#5540 = DIRECTION('',(-1.781421891824E-32,-1.,0.));
#5541 = ADVANCED_FACE('',(#5542),#5545,.T.);
#5542 = FACE_BOUND('',#5543,.T.);
#5543 = EDGE_LOOP('',(#5544));
#5544 = ORIENTED_EDGE('',*,*,#5513,.T.);
#5545 = PLANE('',#5546);
#5546 = AXIS2_PLACEMENT_3D('',#5547,#5548,#5549);
#5547 = CARTESIAN_POINT('',(22.22,6.35058427185E-19,-7.824555201756E-19)
  );
#5548 = DIRECTION('',(-1.,1.781421891824E-32,-4.105366594702E-48));
#5549 = DIRECTION('',(-1.781421891824E-32,-1.,0.));
#5550 = MANIFOLD_SOLID_BREP('',#5551);
#5551 = CLOSED_SHELL('',(#5552,#5585,#5605,#5625));
#5552 = ADVANCED_FACE('',(#5553),#5580,.T.);
#5553 = FACE_BOUND('',#5554,.T.);
#5554 = EDGE_LOOP('',(#5555,#5565,#5572,#5573));
#5555 = ORIENTED_EDGE('',*,*,#5556,.T.);
#5556 = EDGE_CURVE('',#5557,#5559,#5561,.T.);
#5557 = VERTEX_POINT('',#5558);
#5558 = CARTESIAN_POINT('',(43.345,0.,6.75));
#5559 = VERTEX_POINT('',#5560);
#5560 = CARTESIAN_POINT('',(43.595,0.,6.75));
#5561 = LINE('',#5562,#5563);
#5562 = CARTESIAN_POINT('',(43.345,0.,6.75));
#5563 = VECTOR('',#5564,1.);
#5564 = DIRECTION('',(1.,0.,0.));
#5565 = ORIENTED_EDGE('',*,*,#5566,.T.);
#5566 = EDGE_CURVE('',#5559,#5559,#5567,.T.);
#5567 = CIRCLE('',#5568,1.4);
#5568 = AXIS2_PLACEMENT_3D('',#5569,#5570,#5571);
#5569 = CARTESIAN_POINT('',(43.595,0.,5.35));
#5570 = DIRECTION('',(-1.,0.,0.));
#5571 = DIRECTION('',(0.,0.,1.));
#5572 = ORIENTED_EDGE('',*,*,#5556,.F.);
#5573 = ORIENTED_EDGE('',*,*,#5574,.F.);
#5574 = EDGE_CURVE('',#5557,#5557,#5575,.T.);
#5575 = CIRCLE('',#5576,1.4);
#5576 = AXIS2_PLACEMENT_3D('',#5577,#5578,#5579);
#5577 = CARTESIAN_POINT('',(43.345,0.,5.35));
#5578 = DIRECTION('',(-1.,0.,0.));
#5579 = DIRECTION('',(0.,0.,1.));
#5580 = CYLINDRICAL_SURFACE('',#5581,1.4);
#5581 = AXIS2_PLACEMENT_3D('',#5582,#5583,#5584);
#5582 = CARTESIAN_POINT('',(43.345,0.,5.35));
#5583 = DIRECTION('',(-1.,0.,0.));
#5584 = DIRECTION('',(0.,0.,1.));
#5585 = ADVANCED_FACE('',(#5586,#5589),#5600,.T.);
#5586 = FACE_BOUND('',#5587,.T.);
#5587 = EDGE_LOOP('',(#5588));
#5588 = ORIENTED_EDGE('',*,*,#5574,.T.);
#5589 = FACE_BOUND('',#5590,.T.);
#5590 = EDGE_LOOP('',(#5591));
#5591 = ORIENTED_EDGE('',*,*,#5592,.F.);
#5592 = EDGE_CURVE('',#5593,#5593,#5595,.T.);
#5593 = VERTEX_POINT('',#5594);
#5594 = CARTESIAN_POINT('',(43.345,0.,6.05));
#5595 = CIRCLE('',#5596,0.7);
#5596 = AXIS2_PLACEMENT_3D('',#5597,#5598,#5599);
#5597 = CARTESIAN_POINT('',(43.345,0.,5.35));
#5598 = DIRECTION('',(-1.,0.,0.));
#5599 = DIRECTION('',(0.,0.,1.));
#5600 = PLANE('',#5601);
#5601 = AXIS2_PLACEMENT_3D('',#5602,#5603,#5604);
#5602 = CARTESIAN_POINT('',(43.345,6.494268501652E-17,5.35));
#5603 = DIRECTION('',(-1.,-0.,-0.));
#5604 = DIRECTION('',(0.,0.,-1.));
#5605 = ADVANCED_FACE('',(#5606,#5609),#5620,.F.);
#5606 = FACE_BOUND('',#5607,.F.);
#5607 = EDGE_LOOP('',(#5608));
#5608 = ORIENTED_EDGE('',*,*,#5566,.T.);
#5609 = FACE_BOUND('',#5610,.F.);
#5610 = EDGE_LOOP('',(#5611));
#5611 = ORIENTED_EDGE('',*,*,#5612,.F.);
#5612 = EDGE_CURVE('',#5613,#5613,#5615,.T.);
#5613 = VERTEX_POINT('',#5614);
#5614 = CARTESIAN_POINT('',(43.595,0.,6.05));
#5615 = CIRCLE('',#5616,0.7);
#5616 = AXIS2_PLACEMENT_3D('',#5617,#5618,#5619);
#5617 = CARTESIAN_POINT('',(43.595,0.,5.35));
#5618 = DIRECTION('',(-1.,0.,0.));
#5619 = DIRECTION('',(0.,0.,1.));
#5620 = PLANE('',#5621);
#5621 = AXIS2_PLACEMENT_3D('',#5622,#5623,#5624);
#5622 = CARTESIAN_POINT('',(43.595,6.494268501652E-17,5.35));
#5623 = DIRECTION('',(-1.,-0.,-0.));
#5624 = DIRECTION('',(0.,0.,-1.));
#5625 = ADVANCED_FACE('',(#5626),#5637,.F.);
#5626 = FACE_BOUND('',#5627,.F.);
#5627 = EDGE_LOOP('',(#5628,#5629,#5635,#5636));
#5628 = ORIENTED_EDGE('',*,*,#5592,.F.);
#5629 = ORIENTED_EDGE('',*,*,#5630,.T.);
#5630 = EDGE_CURVE('',#5593,#5613,#5631,.T.);
#5631 = LINE('',#5632,#5633);
#5632 = CARTESIAN_POINT('',(43.145,0.,6.05));
#5633 = VECTOR('',#5634,1.);
#5634 = DIRECTION('',(1.,0.,0.));
#5635 = ORIENTED_EDGE('',*,*,#5612,.T.);
#5636 = ORIENTED_EDGE('',*,*,#5630,.F.);
#5637 = CYLINDRICAL_SURFACE('',#5638,0.7);
#5638 = AXIS2_PLACEMENT_3D('',#5639,#5640,#5641);
#5639 = CARTESIAN_POINT('',(43.145,0.,5.35));
#5640 = DIRECTION('',(-1.,0.,0.));
#5641 = DIRECTION('',(0.,0.,1.));
#5642 = MANIFOLD_SOLID_BREP('',#5643);
#5643 = CLOSED_SHELL('',(#5644,#5677,#5697,#5717));
#5644 = ADVANCED_FACE('',(#5645),#5672,.T.);
#5645 = FACE_BOUND('',#5646,.T.);
#5646 = EDGE_LOOP('',(#5647,#5657,#5664,#5665));
#5647 = ORIENTED_EDGE('',*,*,#5648,.T.);
#5648 = EDGE_CURVE('',#5649,#5651,#5653,.T.);
#5649 = VERTEX_POINT('',#5650);
#5650 = CARTESIAN_POINT('',(43.845,0.,7.45));
#5651 = VERTEX_POINT('',#5652);
#5652 = CARTESIAN_POINT('',(44.095,0.,7.45));
#5653 = LINE('',#5654,#5655);
#5654 = CARTESIAN_POINT('',(43.845,0.,7.45));
#5655 = VECTOR('',#5656,1.);
#5656 = DIRECTION('',(1.,0.,0.));
#5657 = ORIENTED_EDGE('',*,*,#5658,.T.);
#5658 = EDGE_CURVE('',#5651,#5651,#5659,.T.);
#5659 = CIRCLE('',#5660,2.1);
#5660 = AXIS2_PLACEMENT_3D('',#5661,#5662,#5663);
#5661 = CARTESIAN_POINT('',(44.095,0.,5.35));
#5662 = DIRECTION('',(-1.,0.,0.));
#5663 = DIRECTION('',(0.,0.,1.));
#5664 = ORIENTED_EDGE('',*,*,#5648,.F.);
#5665 = ORIENTED_EDGE('',*,*,#5666,.F.);
#5666 = EDGE_CURVE('',#5649,#5649,#5667,.T.);
#5667 = CIRCLE('',#5668,2.1);
#5668 = AXIS2_PLACEMENT_3D('',#5669,#5670,#5671);
#5669 = CARTESIAN_POINT('',(43.845,0.,5.35));
#5670 = DIRECTION('',(-1.,0.,0.));
#5671 = DIRECTION('',(0.,0.,1.));
#5672 = CYLINDRICAL_SURFACE('',#5673,2.1);
#5673 = AXIS2_PLACEMENT_3D('',#5674,#5675,#5676);
#5674 = CARTESIAN_POINT('',(43.845,0.,5.35));
#5675 = DIRECTION('',(-1.,0.,0.));
#5676 = DIRECTION('',(0.,0.,1.));
#5677 = ADVANCED_FACE('',(#5678,#5681),#5692,.T.);
#5678 = FACE_BOUND('',#5679,.T.);
#5679 = EDGE_LOOP('',(#5680));
#5680 = ORIENTED_EDGE('',*,*,#5666,.T.);
#5681 = FACE_BOUND('',#5682,.T.);
#5682 = EDGE_LOOP('',(#5683));
#5683 = ORIENTED_EDGE('',*,*,#5684,.F.);
#5684 = EDGE_CURVE('',#5685,#5685,#5687,.T.);
#5685 = VERTEX_POINT('',#5686);
#5686 = CARTESIAN_POINT('',(43.845,0.,6.75));
#5687 = CIRCLE('',#5688,1.4);
#5688 = AXIS2_PLACEMENT_3D('',#5689,#5690,#5691);
#5689 = CARTESIAN_POINT('',(43.845,0.,5.35));
#5690 = DIRECTION('',(-1.,0.,0.));
#5691 = DIRECTION('',(0.,0.,1.));
#5692 = PLANE('',#5693);
#5693 = AXIS2_PLACEMENT_3D('',#5694,#5695,#5696);
#5694 = CARTESIAN_POINT('',(43.845,7.706521602866E-17,5.35));
#5695 = DIRECTION('',(-1.,-0.,-0.));
#5696 = DIRECTION('',(0.,0.,-1.));
#5697 = ADVANCED_FACE('',(#5698,#5701),#5712,.F.);
#5698 = FACE_BOUND('',#5699,.F.);
#5699 = EDGE_LOOP('',(#5700));
#5700 = ORIENTED_EDGE('',*,*,#5658,.T.);
#5701 = FACE_BOUND('',#5702,.F.);
#5702 = EDGE_LOOP('',(#5703));
#5703 = ORIENTED_EDGE('',*,*,#5704,.F.);
#5704 = EDGE_CURVE('',#5705,#5705,#5707,.T.);
#5705 = VERTEX_POINT('',#5706);
#5706 = CARTESIAN_POINT('',(44.095,0.,6.75));
#5707 = CIRCLE('',#5708,1.4);
#5708 = AXIS2_PLACEMENT_3D('',#5709,#5710,#5711);
#5709 = CARTESIAN_POINT('',(44.095,0.,5.35));
#5710 = DIRECTION('',(-1.,0.,0.));
#5711 = DIRECTION('',(0.,0.,1.));
#5712 = PLANE('',#5713);
#5713 = AXIS2_PLACEMENT_3D('',#5714,#5715,#5716);
#5714 = CARTESIAN_POINT('',(44.095,7.706521602866E-17,5.35));
#5715 = DIRECTION('',(-1.,-0.,-0.));
#5716 = DIRECTION('',(0.,0.,-1.));
#5717 = ADVANCED_FACE('',(#5718),#5729,.F.);
#5718 = FACE_BOUND('',#5719,.F.);
#5719 = EDGE_LOOP('',(#5720,#5721,#5727,#5728));
#5720 = ORIENTED_EDGE('',*,*,#5684,.F.);
#5721 = ORIENTED_EDGE('',*,*,#5722,.T.);
#5722 = EDGE_CURVE('',#5685,#5705,#5723,.T.);
#5723 = LINE('',#5724,#5725);
#5724 = CARTESIAN_POINT('',(43.645,0.,6.75));
#5725 = VECTOR('',#5726,1.);
#5726 = DIRECTION('',(1.,0.,0.));
#5727 = ORIENTED_EDGE('',*,*,#5704,.T.);
#5728 = ORIENTED_EDGE('',*,*,#5722,.F.);
#5729 = CYLINDRICAL_SURFACE('',#5730,1.4);
#5730 = AXIS2_PLACEMENT_3D('',#5731,#5732,#5733);
#5731 = CARTESIAN_POINT('',(43.645,0.,5.35));
#5732 = DIRECTION('',(-1.,0.,0.));
#5733 = DIRECTION('',(0.,0.,1.));
#5734 = MANIFOLD_SOLID_BREP('',#5735);
#5735 = CLOSED_SHELL('',(#5736,#5769,#5789,#5809));
#5736 = ADVANCED_FACE('',(#5737),#5764,.T.);
#5737 = FACE_BOUND('',#5738,.T.);
#5738 = EDGE_LOOP('',(#5739,#5749,#5756,#5757));
#5739 = ORIENTED_EDGE('',*,*,#5740,.T.);
#5740 = EDGE_CURVE('',#5741,#5743,#5745,.T.);
#5741 = VERTEX_POINT('',#5742);
#5742 = CARTESIAN_POINT('',(44.345,0.,8.15));
#5743 = VERTEX_POINT('',#5744);
#5744 = CARTESIAN_POINT('',(44.595,0.,8.15));
#5745 = LINE('',#5746,#5747);
#5746 = CARTESIAN_POINT('',(44.345,0.,8.15));
#5747 = VECTOR('',#5748,1.);
#5748 = DIRECTION('',(1.,0.,0.));
#5749 = ORIENTED_EDGE('',*,*,#5750,.T.);
#5750 = EDGE_CURVE('',#5743,#5743,#5751,.T.);
#5751 = CIRCLE('',#5752,2.8);
#5752 = AXIS2_PLACEMENT_3D('',#5753,#5754,#5755);
#5753 = CARTESIAN_POINT('',(44.595,0.,5.35));
#5754 = DIRECTION('',(-1.,0.,0.));
#5755 = DIRECTION('',(0.,0.,1.));
#5756 = ORIENTED_EDGE('',*,*,#5740,.F.);
#5757 = ORIENTED_EDGE('',*,*,#5758,.F.);
#5758 = EDGE_CURVE('',#5741,#5741,#5759,.T.);
#5759 = CIRCLE('',#5760,2.8);
#5760 = AXIS2_PLACEMENT_3D('',#5761,#5762,#5763);
#5761 = CARTESIAN_POINT('',(44.345,0.,5.35));
#5762 = DIRECTION('',(-1.,0.,0.));
#5763 = DIRECTION('',(0.,0.,1.));
#5764 = CYLINDRICAL_SURFACE('',#5765,2.8);
#5765 = AXIS2_PLACEMENT_3D('',#5766,#5767,#5768);
#5766 = CARTESIAN_POINT('',(44.345,0.,5.35));
#5767 = DIRECTION('',(-1.,0.,0.));
#5768 = DIRECTION('',(0.,0.,1.));
#5769 = ADVANCED_FACE('',(#5770,#5773),#5784,.T.);
#5770 = FACE_BOUND('',#5771,.T.);
#5771 = EDGE_LOOP('',(#5772));
#5772 = ORIENTED_EDGE('',*,*,#5758,.T.);
#5773 = FACE_BOUND('',#5774,.T.);
#5774 = EDGE_LOOP('',(#5775));
#5775 = ORIENTED_EDGE('',*,*,#5776,.F.);
#5776 = EDGE_CURVE('',#5777,#5777,#5779,.T.);
#5777 = VERTEX_POINT('',#5778);
#5778 = CARTESIAN_POINT('',(44.345,0.,7.45));
#5779 = CIRCLE('',#5780,2.1);
#5780 = AXIS2_PLACEMENT_3D('',#5781,#5782,#5783);
#5781 = CARTESIAN_POINT('',(44.345,0.,5.35));
#5782 = DIRECTION('',(-1.,0.,0.));
#5783 = DIRECTION('',(0.,0.,1.));
#5784 = PLANE('',#5785);
#5785 = AXIS2_PLACEMENT_3D('',#5786,#5787,#5788);
#5786 = CARTESIAN_POINT('',(44.345,7.792501056315E-18,5.35));
#5787 = DIRECTION('',(-1.,-0.,-0.));
#5788 = DIRECTION('',(0.,0.,-1.));
#5789 = ADVANCED_FACE('',(#5790,#5793),#5804,.F.);
#5790 = FACE_BOUND('',#5791,.F.);
#5791 = EDGE_LOOP('',(#5792));
#5792 = ORIENTED_EDGE('',*,*,#5750,.T.);
#5793 = FACE_BOUND('',#5794,.F.);
#5794 = EDGE_LOOP('',(#5795));
#5795 = ORIENTED_EDGE('',*,*,#5796,.F.);
#5796 = EDGE_CURVE('',#5797,#5797,#5799,.T.);
#5797 = VERTEX_POINT('',#5798);
#5798 = CARTESIAN_POINT('',(44.595,0.,7.45));
#5799 = CIRCLE('',#5800,2.1);
#5800 = AXIS2_PLACEMENT_3D('',#5801,#5802,#5803);
#5801 = CARTESIAN_POINT('',(44.595,0.,5.35));
#5802 = DIRECTION('',(-1.,0.,0.));
#5803 = DIRECTION('',(0.,0.,1.));
#5804 = PLANE('',#5805);
#5805 = AXIS2_PLACEMENT_3D('',#5806,#5807,#5808);
#5806 = CARTESIAN_POINT('',(44.595,7.792501056315E-18,5.35));
#5807 = DIRECTION('',(-1.,-0.,-0.));
#5808 = DIRECTION('',(0.,0.,-1.));
#5809 = ADVANCED_FACE('',(#5810),#5821,.F.);
#5810 = FACE_BOUND('',#5811,.F.);
#5811 = EDGE_LOOP('',(#5812,#5813,#5819,#5820));
#5812 = ORIENTED_EDGE('',*,*,#5776,.F.);
#5813 = ORIENTED_EDGE('',*,*,#5814,.T.);
#5814 = EDGE_CURVE('',#5777,#5797,#5815,.T.);
#5815 = LINE('',#5816,#5817);
#5816 = CARTESIAN_POINT('',(44.145,0.,7.45));
#5817 = VECTOR('',#5818,1.);
#5818 = DIRECTION('',(1.,0.,0.));
#5819 = ORIENTED_EDGE('',*,*,#5796,.T.);
#5820 = ORIENTED_EDGE('',*,*,#5814,.F.);
#5821 = CYLINDRICAL_SURFACE('',#5822,2.1);
#5822 = AXIS2_PLACEMENT_3D('',#5823,#5824,#5825);
#5823 = CARTESIAN_POINT('',(44.145,0.,5.35));
#5824 = DIRECTION('',(-1.,0.,0.));
#5825 = DIRECTION('',(0.,0.,1.));
#5826 = MANIFOLD_SOLID_BREP('',#5827);
#5827 = CLOSED_SHELL('',(#5828,#5861,#5881,#5901));
#5828 = ADVANCED_FACE('',(#5829),#5856,.T.);
#5829 = FACE_BOUND('',#5830,.T.);
#5830 = EDGE_LOOP('',(#5831,#5841,#5848,#5849));
#5831 = ORIENTED_EDGE('',*,*,#5832,.T.);
#5832 = EDGE_CURVE('',#5833,#5835,#5837,.T.);
#5833 = VERTEX_POINT('',#5834);
#5834 = CARTESIAN_POINT('',(44.845,0.,8.85));
#5835 = VERTEX_POINT('',#5836);
#5836 = CARTESIAN_POINT('',(45.095,0.,8.85));
#5837 = LINE('',#5838,#5839);
#5838 = CARTESIAN_POINT('',(44.845,0.,8.85));
#5839 = VECTOR('',#5840,1.);
#5840 = DIRECTION('',(1.,0.,0.));
#5841 = ORIENTED_EDGE('',*,*,#5842,.T.);
#5842 = EDGE_CURVE('',#5835,#5835,#5843,.T.);
#5843 = CIRCLE('',#5844,3.5);
#5844 = AXIS2_PLACEMENT_3D('',#5845,#5846,#5847);
#5845 = CARTESIAN_POINT('',(45.095,0.,5.35));
#5846 = DIRECTION('',(-1.,0.,0.));
#5847 = DIRECTION('',(0.,0.,1.));
#5848 = ORIENTED_EDGE('',*,*,#5832,.F.);
#5849 = ORIENTED_EDGE('',*,*,#5850,.F.);
#5850 = EDGE_CURVE('',#5833,#5833,#5851,.T.);
#5851 = CIRCLE('',#5852,3.5);
#5852 = AXIS2_PLACEMENT_3D('',#5853,#5854,#5855);
#5853 = CARTESIAN_POINT('',(44.845,0.,5.35));
#5854 = DIRECTION('',(-1.,0.,0.));
#5855 = DIRECTION('',(0.,0.,1.));
#5856 = CYLINDRICAL_SURFACE('',#5857,3.5);
#5857 = AXIS2_PLACEMENT_3D('',#5858,#5859,#5860);
#5858 = CARTESIAN_POINT('',(44.845,0.,5.35));
#5859 = DIRECTION('',(-1.,0.,0.));
#5860 = DIRECTION('',(0.,0.,1.));
#5861 = ADVANCED_FACE('',(#5862,#5865),#5876,.T.);
#5862 = FACE_BOUND('',#5863,.T.);
#5863 = EDGE_LOOP('',(#5864));
#5864 = ORIENTED_EDGE('',*,*,#5850,.T.);
#5865 = FACE_BOUND('',#5866,.T.);
#5866 = EDGE_LOOP('',(#5867));
#5867 = ORIENTED_EDGE('',*,*,#5868,.F.);
#5868 = EDGE_CURVE('',#5869,#5869,#5871,.T.);
#5869 = VERTEX_POINT('',#5870);
#5870 = CARTESIAN_POINT('',(44.845,0.,8.15));
#5871 = CIRCLE('',#5872,2.8);
#5872 = AXIS2_PLACEMENT_3D('',#5873,#5874,#5875);
#5873 = CARTESIAN_POINT('',(44.845,0.,5.35));
#5874 = DIRECTION('',(-1.,0.,0.));
#5875 = DIRECTION('',(0.,0.,1.));
#5876 = PLANE('',#5877);
#5877 = AXIS2_PLACEMENT_3D('',#5878,#5879,#5880);
#5878 = CARTESIAN_POINT('',(44.845,2.47821720825E-16,5.35));
#5879 = DIRECTION('',(-1.,-1.068302917551E-31,4.293120572631E-31));
#5880 = DIRECTION('',(-4.293120572631E-31,0.,-1.));
#5881 = ADVANCED_FACE('',(#5882,#5885),#5896,.F.);
#5882 = FACE_BOUND('',#5883,.F.);
#5883 = EDGE_LOOP('',(#5884));
#5884 = ORIENTED_EDGE('',*,*,#5842,.T.);
#5885 = FACE_BOUND('',#5886,.F.);
#5886 = EDGE_LOOP('',(#5887));
#5887 = ORIENTED_EDGE('',*,*,#5888,.F.);
#5888 = EDGE_CURVE('',#5889,#5889,#5891,.T.);
#5889 = VERTEX_POINT('',#5890);
#5890 = CARTESIAN_POINT('',(45.095,0.,8.15));
#5891 = CIRCLE('',#5892,2.8);
#5892 = AXIS2_PLACEMENT_3D('',#5893,#5894,#5895);
#5893 = CARTESIAN_POINT('',(45.095,0.,5.35));
#5894 = DIRECTION('',(-1.,0.,0.));
#5895 = DIRECTION('',(0.,0.,1.));
#5896 = PLANE('',#5897);
#5897 = AXIS2_PLACEMENT_3D('',#5898,#5899,#5900);
#5898 = CARTESIAN_POINT('',(45.095,2.47821720825E-16,5.35));
#5899 = DIRECTION('',(-1.,-1.068302917551E-31,4.293120572631E-31));
#5900 = DIRECTION('',(-4.293120572631E-31,0.,-1.));
#5901 = ADVANCED_FACE('',(#5902),#5913,.F.);
#5902 = FACE_BOUND('',#5903,.F.);
#5903 = EDGE_LOOP('',(#5904,#5905,#5911,#5912));
#5904 = ORIENTED_EDGE('',*,*,#5868,.F.);
#5905 = ORIENTED_EDGE('',*,*,#5906,.T.);
#5906 = EDGE_CURVE('',#5869,#5889,#5907,.T.);
#5907 = LINE('',#5908,#5909);
#5908 = CARTESIAN_POINT('',(44.645,0.,8.15));
#5909 = VECTOR('',#5910,1.);
#5910 = DIRECTION('',(1.,0.,0.));
#5911 = ORIENTED_EDGE('',*,*,#5888,.T.);
#5912 = ORIENTED_EDGE('',*,*,#5906,.F.);
#5913 = CYLINDRICAL_SURFACE('',#5914,2.8);
#5914 = AXIS2_PLACEMENT_3D('',#5915,#5916,#5917);
#5915 = CARTESIAN_POINT('',(44.645,0.,5.35));
#5916 = DIRECTION('',(-1.,0.,0.));
#5917 = DIRECTION('',(0.,0.,1.));
#5918 = ( GEOMETRIC_REPRESENTATION_CONTEXT(3) 
GLOBAL_UNCERTAINTY_ASSIGNED_CONTEXT((#5922)) 
GLOBAL_UNIT_ASSIGNED_CONTEXT((#5919,#5920,#5921)) REPRESENTATION_CONTEXT
('Context #1','3D Context with UNIT and UNCERTAINTY') );
#5919 = ( LENGTH_UNIT() NAMED_UNIT(*) SI_UNIT(.MILLI.,.METRE.) );
#5920 = ( NAMED_UNIT(*) PLANE_ANGLE_UNIT() SI_UNIT($,.RADIAN.) );
#5921 = ( NAMED_UNIT(*) SI_UNIT($,.STERADIAN.) SOLID_ANGLE_UNIT() );
#5922 = UNCERTAINTY_MEASURE_WITH_UNIT(LENGTH_MEASURE(1.E-07),#5919,
  'distance_accuracy_value','confusion accuracy');
#5923 = CONTEXT_DEPENDENT_SHAPE_REPRESENTATION(#5924,#5926);
#5924 = ( REPRESENTATION_RELATIONSHIP('','',#4142,#4119) 
REPRESENTATION_RELATIONSHIP_WITH_TRANSFORMATION(#5925) 
SHAPE_REPRESENTATION_RELATIONSHIP() );
#5925 = ITEM_DEFINED_TRANSFORMATION('','',#11,#4120);
#5926 = PRODUCT_DEFINITION_SHAPE('Placement','Placement of an item',
  #5927);
#5927 = NEXT_ASSEMBLY_USAGE_OCCURRENCE('20','=>[0:1:1:9]','',#4114,#4137
  ,$);
#5928 = PRODUCT_RELATED_PRODUCT_CATEGORY('part',$,(#4139));
#5929 = CONTEXT_DEPENDENT_SHAPE_REPRESENTATION(#5930,#5932);
#5930 = ( REPRESENTATION_RELATIONSHIP('','',#2252,#10) 
REPRESENTATION_RELATIONSHIP_WITH_TRANSFORMATION(#5931) 
SHAPE_REPRESENTATION_RELATIONSHIP() );
#5931 = ITEM_DEFINED_TRANSFORMATION('','',#11,#83);
#5932 = PRODUCT_DEFINITION_SHAPE('Placement','Placement of an item',
  #5933);
#5933 = NEXT_ASSEMBLY_USAGE_OCCURRENCE('22','R2','',#5,#2247,$);
#5934 = CONTEXT_DEPENDENT_SHAPE_REPRESENTATION(#5935,#5937);
#5935 = ( REPRESENTATION_RELATIONSHIP('','',#2252,#10) 
REPRESENTATION_RELATIONSHIP_WITH_TRANSFORMATION(#5936) 
SHAPE_REPRESENTATION_RELATIONSHIP() );
#5936 = ITEM_DEFINED_TRANSFORMATION('','',#11,#87);
#5937 = PRODUCT_DEFINITION_SHAPE('Placement','Placement of an item',
  #5938);
#5938 = NEXT_ASSEMBLY_USAGE_OCCURRENCE('23','C1','',#5,#2247,$);
#5939 = CONTEXT_DEPENDENT_SHAPE_REPRESENTATION(#5940,#5942);
#5940 = ( REPRESENTATION_RELATIONSHIP('','',#2252,#10) 
REPRESENTATION_RELATIONSHIP_WITH_TRANSFORMATION(#5941) 
SHAPE_REPRESENTATION_RELATIONSHIP() );
#5941 = ITEM_DEFINED_TRANSFORMATION('','',#11,#91);
#5942 = PRODUCT_DEFINITION_SHAPE('Placement','Placement of an item',
  #5943);
#5943 = NEXT_ASSEMBLY_USAGE_OCCURRENCE('24','C6','',#5,#2247,$);
#5944 = CONTEXT_DEPENDENT_SHAPE_REPRESENTATION(#5945,#5947);
#5945 = ( REPRESENTATION_RELATIONSHIP('','',#4119,#10) 
REPRESENTATION_RELATIONSHIP_WITH_TRANSFORMATION(#5946) 
SHAPE_REPRESENTATION_RELATIONSHIP() );
#5946 = ITEM_DEFINED_TRANSFORMATION('','',#11,#95);
#5947 = PRODUCT_DEFINITION_SHAPE('Placement','Placement of an item',
  #5948);
#5948 = NEXT_ASSEMBLY_USAGE_OCCURRENCE('25','BT2','',#5,#4114,$);
#5949 = CONTEXT_DEPENDENT_SHAPE_REPRESENTATION(#5950,#5952);
#5950 = ( REPRESENTATION_RELATIONSHIP('','',#2252,#10) 
REPRESENTATION_RELATIONSHIP_WITH_TRANSFORMATION(#5951) 
SHAPE_REPRESENTATION_RELATIONSHIP() );
#5951 = ITEM_DEFINED_TRANSFORMATION('','',#11,#99);
#5952 = PRODUCT_DEFINITION_SHAPE('Placement','Placement of an item',
  #5953);
#5953 = NEXT_ASSEMBLY_USAGE_OCCURRENCE('26','R3','',#5,#2247,$);
#5954 = CONTEXT_DEPENDENT_SHAPE_REPRESENTATION(#5955,#5957);
#5955 = ( REPRESENTATION_RELATIONSHIP('','',#2252,#10) 
REPRESENTATION_RELATIONSHIP_WITH_TRANSFORMATION(#5956) 
SHAPE_REPRESENTATION_RELATIONSHIP() );
#5956 = ITEM_DEFINED_TRANSFORMATION('','',#11,#103);
#5957 = PRODUCT_DEFINITION_SHAPE('Placement','Placement of an item',
  #5958);
#5958 = NEXT_ASSEMBLY_USAGE_OCCURRENCE('27','R5','',#5,#2247,$);
#5959 = CONTEXT_DEPENDENT_SHAPE_REPRESENTATION(#5960,#5962);
#5960 = ( REPRESENTATION_RELATIONSHIP('','',#2252,#10) 
REPRESENTATION_RELATIONSHIP_WITH_TRANSFORMATION(#5961) 
SHAPE_REPRESENTATION_RELATIONSHIP() );
#5961 = ITEM_DEFINED_TRANSFORMATION('','',#11,#107);
#5962 = PRODUCT_DEFINITION_SHAPE('Placement','Placement of an item',
  #5963);
#5963 = NEXT_ASSEMBLY_USAGE_OCCURRENCE('28','R7','',#5,#2247,$);
#5964 = CONTEXT_DEPENDENT_SHAPE_REPRESENTATION(#5965,#5967);
#5965 = ( REPRESENTATION_RELATIONSHIP('','',#4119,#10) 
REPRESENTATION_RELATIONSHIP_WITH_TRANSFORMATION(#5966) 
SHAPE_REPRESENTATION_RELATIONSHIP() );
#5966 = ITEM_DEFINED_TRANSFORMATION('','',#11,#111);
#5967 = PRODUCT_DEFINITION_SHAPE('Placement','Placement of an item',
  #5968);
#5968 = NEXT_ASSEMBLY_USAGE_OCCURRENCE('29','BT3','',#5,#4114,$);
#5969 = CONTEXT_DEPENDENT_SHAPE_REPRESENTATION(#5970,#5972);
#5970 = ( REPRESENTATION_RELATIONSHIP('','',#4119,#10) 
REPRESENTATION_RELATIONSHIP_WITH_TRANSFORMATION(#5971) 
SHAPE_REPRESENTATION_RELATIONSHIP() );
#5971 = ITEM_DEFINED_TRANSFORMATION('','',#11,#115);
#5972 = PRODUCT_DEFINITION_SHAPE('Placement','Placement of an item',
  #5973);
#5973 = NEXT_ASSEMBLY_USAGE_OCCURRENCE('30','BT1','',#5,#4114,$);
#5974 = CONTEXT_DEPENDENT_SHAPE_REPRESENTATION(#5975,#5977);
#5975 = ( REPRESENTATION_RELATIONSHIP('','',#2252,#10) 
REPRESENTATION_RELATIONSHIP_WITH_TRANSFORMATION(#5976) 
SHAPE_REPRESENTATION_RELATIONSHIP() );
#5976 = ITEM_DEFINED_TRANSFORMATION('','',#11,#119);
#5977 = PRODUCT_DEFINITION_SHAPE('Placement','Placement of an item',
  #5978);
#5978 = NEXT_ASSEMBLY_USAGE_OCCURRENCE('31','R1','',#5,#2247,$);
#5979 = SHAPE_DEFINITION_REPRESENTATION(#5980,#5986);
#5980 = PRODUCT_DEFINITION_SHAPE('','',#5981);
#5981 = PRODUCT_DEFINITION('design','',#5982,#5985);
#5982 = PRODUCT_DEFINITION_FORMATION('','',#5983);
#5983 = PRODUCT('kibot_p8_c7spf_PCB','kibot_p8_c7spf_PCB','',(#5984));
#5984 = PRODUCT_CONTEXT('',#2,'mechanical');
#5985 = PRODUCT_DEFINITION_CONTEXT('part definition',#2,'design');
#5986 = ADVANCED_BREP_SHAPE_REPRESENTATION('',(#11,#5987),#7385);
#5987 = MANIFOLD_SOLID_BREP('',#5988);
#5988 = CLOSED_SHELL('',(#5989,#6029,#6060,#6091,#6460,#6829,#6841,#6858
    ,#6875,#6892,#6909,#6926,#6943,#6960,#6977,#6994,#7011,#7028,#7045,
    #7062,#7079,#7096,#7113,#7130,#7147,#7164,#7181,#7198,#7215,#7232,
    #7249,#7266,#7283,#7300,#7317,#7334,#7351,#7368));
#5989 = ADVANCED_FACE('',(#5990),#6024,.T.);
#5990 = FACE_BOUND('',#5991,.T.);
#5991 = EDGE_LOOP('',(#5992,#6002,#6010,#6018));
#5992 = ORIENTED_EDGE('',*,*,#5993,.T.);
#5993 = EDGE_CURVE('',#5994,#5996,#5998,.T.);
#5994 = VERTEX_POINT('',#5995);
#5995 = CARTESIAN_POINT('',(60.706,0.254,0.));
#5996 = VERTEX_POINT('',#5997);
#5997 = CARTESIAN_POINT('',(60.706,0.254,1.6));
#5998 = LINE('',#5999,#6000);
#5999 = CARTESIAN_POINT('',(60.706,0.254,0.));
#6000 = VECTOR('',#6001,1.);
#6001 = DIRECTION('',(0.,0.,1.));
#6002 = ORIENTED_EDGE('',*,*,#6003,.T.);
#6003 = EDGE_CURVE('',#5996,#6004,#6006,.T.);
#6004 = VERTEX_POINT('',#6005);
#6005 = CARTESIAN_POINT('',(0.254,0.254,1.6));
#6006 = LINE('',#6007,#6008);
#6007 = CARTESIAN_POINT('',(60.706,0.254,1.6));
#6008 = VECTOR('',#6009,1.);
#6009 = DIRECTION('',(-1.,0.,0.));
#6010 = ORIENTED_EDGE('',*,*,#6011,.F.);
#6011 = EDGE_CURVE('',#6012,#6004,#6014,.T.);
#6012 = VERTEX_POINT('',#6013);
#6013 = CARTESIAN_POINT('',(0.254,0.254,0.));
#6014 = LINE('',#6015,#6016);
#6015 = CARTESIAN_POINT('',(0.254,0.254,0.));
#6016 = VECTOR('',#6017,1.);
#6017 = DIRECTION('',(0.,0.,1.));
#6018 = ORIENTED_EDGE('',*,*,#6019,.F.);
#6019 = EDGE_CURVE('',#5994,#6012,#6020,.T.);
#6020 = LINE('',#6021,#6022);
#6021 = CARTESIAN_POINT('',(60.706,0.254,0.));
#6022 = VECTOR('',#6023,1.);
#6023 = DIRECTION('',(-1.,0.,0.));
#6024 = PLANE('',#6025);
#6025 = AXIS2_PLACEMENT_3D('',#6026,#6027,#6028);
#6026 = CARTESIAN_POINT('',(60.706,0.254,0.));
#6027 = DIRECTION('',(0.,-1.,0.));
#6028 = DIRECTION('',(-1.,0.,0.));
#6029 = ADVANCED_FACE('',(#6030),#6055,.T.);
#6030 = FACE_BOUND('',#6031,.T.);
#6031 = EDGE_LOOP('',(#6032,#6042,#6048,#6049));
#6032 = ORIENTED_EDGE('',*,*,#6033,.T.);
#6033 = EDGE_CURVE('',#6034,#6036,#6038,.T.);
#6034 = VERTEX_POINT('',#6035);
#6035 = CARTESIAN_POINT('',(60.706,40.386,0.));
#6036 = VERTEX_POINT('',#6037);
#6037 = CARTESIAN_POINT('',(60.706,40.386,1.6));
#6038 = LINE('',#6039,#6040);
#6039 = CARTESIAN_POINT('',(60.706,40.386,0.));
#6040 = VECTOR('',#6041,1.);
#6041 = DIRECTION('',(0.,0.,1.));
#6042 = ORIENTED_EDGE('',*,*,#6043,.T.);
#6043 = EDGE_CURVE('',#6036,#5996,#6044,.T.);
#6044 = LINE('',#6045,#6046);
#6045 = CARTESIAN_POINT('',(60.706,40.386,1.6));
#6046 = VECTOR('',#6047,1.);
#6047 = DIRECTION('',(0.,-1.,0.));
#6048 = ORIENTED_EDGE('',*,*,#5993,.F.);
#6049 = ORIENTED_EDGE('',*,*,#6050,.F.);
#6050 = EDGE_CURVE('',#6034,#5994,#6051,.T.);
#6051 = LINE('',#6052,#6053);
#6052 = CARTESIAN_POINT('',(60.706,40.386,0.));
#6053 = VECTOR('',#6054,1.);
#6054 = DIRECTION('',(0.,-1.,0.));
#6055 = PLANE('',#6056);
#6056 = AXIS2_PLACEMENT_3D('',#6057,#6058,#6059);
#6057 = CARTESIAN_POINT('',(60.706,40.386,0.));
#6058 = DIRECTION('',(1.,0.,-0.));
#6059 = DIRECTION('',(0.,-1.,0.));
#6060 = ADVANCED_FACE('',(#6061),#6086,.T.);
#6061 = FACE_BOUND('',#6062,.T.);
#6062 = EDGE_LOOP('',(#6063,#6064,#6072,#6080));
#6063 = ORIENTED_EDGE('',*,*,#6011,.T.);
#6064 = ORIENTED_EDGE('',*,*,#6065,.T.);
#6065 = EDGE_CURVE('',#6004,#6066,#6068,.T.);
#6066 = VERTEX_POINT('',#6067);
#6067 = CARTESIAN_POINT('',(0.254,40.386,1.6));
#6068 = LINE('',#6069,#6070);
#6069 = CARTESIAN_POINT('',(0.254,0.254,1.6));
#6070 = VECTOR('',#6071,1.);
#6071 = DIRECTION('',(0.,1.,0.));
#6072 = ORIENTED_EDGE('',*,*,#6073,.F.);
#6073 = EDGE_CURVE('',#6074,#6066,#6076,.T.);
#6074 = VERTEX_POINT('',#6075);
#6075 = CARTESIAN_POINT('',(0.254,40.386,0.));
#6076 = LINE('',#6077,#6078);
#6077 = CARTESIAN_POINT('',(0.254,40.386,0.));
#6078 = VECTOR('',#6079,1.);
#6079 = DIRECTION('',(0.,0.,1.));
#6080 = ORIENTED_EDGE('',*,*,#6081,.F.);
#6081 = EDGE_CURVE('',#6012,#6074,#6082,.T.);
#6082 = LINE('',#6083,#6084);
#6083 = CARTESIAN_POINT('',(0.254,0.254,0.));
#6084 = VECTOR('',#6085,1.);
#6085 = DIRECTION('',(0.,1.,0.));
#6086 = PLANE('',#6087);
#6087 = AXIS2_PLACEMENT_3D('',#6088,#6089,#6090);
#6088 = CARTESIAN_POINT('',(0.254,0.254,0.));
#6089 = DIRECTION('',(-1.,0.,0.));
#6090 = DIRECTION('',(0.,1.,0.));
#6091 = ADVANCED_FACE('',(#6092,#6103,#6114,#6125,#6136,#6147,#6158,
    #6169,#6180,#6191,#6202,#6213,#6224,#6235,#6246,#6257,#6268,#6279,
    #6290,#6301,#6312,#6323,#6334,#6345,#6356,#6367,#6378,#6389,#6400,
    #6411,#6422,#6433,#6444),#6455,.F.);
#6092 = FACE_BOUND('',#6093,.F.);
#6093 = EDGE_LOOP('',(#6094,#6095,#6096,#6102));
#6094 = ORIENTED_EDGE('',*,*,#6019,.F.);
#6095 = ORIENTED_EDGE('',*,*,#6050,.F.);
#6096 = ORIENTED_EDGE('',*,*,#6097,.F.);
#6097 = EDGE_CURVE('',#6074,#6034,#6098,.T.);
#6098 = LINE('',#6099,#6100);
#6099 = CARTESIAN_POINT('',(0.254,40.386,0.));
#6100 = VECTOR('',#6101,1.);
#6101 = DIRECTION('',(1.,0.,0.));
#6102 = ORIENTED_EDGE('',*,*,#6081,.F.);
#6103 = FACE_BOUND('',#6104,.F.);
#6104 = EDGE_LOOP('',(#6105));
#6105 = ORIENTED_EDGE('',*,*,#6106,.T.);
#6106 = EDGE_CURVE('',#6107,#6107,#6109,.T.);
#6107 = VERTEX_POINT('',#6108);
#6108 = CARTESIAN_POINT('',(5.08,3.58,0.));
#6109 = CIRCLE('',#6110,1.5);
#6110 = AXIS2_PLACEMENT_3D('',#6111,#6112,#6113);
#6111 = CARTESIAN_POINT('',(5.08,5.08,0.));
#6112 = DIRECTION('',(-0.,0.,-1.));
#6113 = DIRECTION('',(-0.,-1.,0.));
#6114 = FACE_BOUND('',#6115,.F.);
#6115 = EDGE_LOOP('',(#6116));
#6116 = ORIENTED_EDGE('',*,*,#6117,.T.);
#6117 = EDGE_CURVE('',#6118,#6118,#6120,.T.);
#6118 = VERTEX_POINT('',#6119);
#6119 = CARTESIAN_POINT('',(15.875,3.87,0.));
#6120 = CIRCLE('',#6121,0.6);
#6121 = AXIS2_PLACEMENT_3D('',#6122,#6123,#6124);
#6122 = CARTESIAN_POINT('',(15.875,4.47,0.));
#6123 = DIRECTION('',(-0.,0.,-1.));
#6124 = DIRECTION('',(-0.,-1.,0.));
#6125 = FACE_BOUND('',#6126,.F.);
#6126 = EDGE_LOOP('',(#6127));
#6127 = ORIENTED_EDGE('',*,*,#6128,.T.);
#6128 = EDGE_CURVE('',#6129,#6129,#6131,.T.);
#6129 = VERTEX_POINT('',#6130);
#6130 = CARTESIAN_POINT('',(29.845,3.87,0.));
#6131 = CIRCLE('',#6132,0.6);
#6132 = AXIS2_PLACEMENT_3D('',#6133,#6134,#6135);
#6133 = CARTESIAN_POINT('',(29.845,4.47,0.));
#6134 = DIRECTION('',(-0.,0.,-1.));
#6135 = DIRECTION('',(-0.,-1.,0.));
#6136 = FACE_BOUND('',#6137,.F.);
#6137 = EDGE_LOOP('',(#6138));
#6138 = ORIENTED_EDGE('',*,*,#6139,.T.);
#6139 = EDGE_CURVE('',#6140,#6140,#6142,.T.);
#6140 = VERTEX_POINT('',#6141);
#6141 = CARTESIAN_POINT('',(3.81,17.9705,0.));
#6142 = CIRCLE('',#6143,0.4445);
#6143 = AXIS2_PLACEMENT_3D('',#6144,#6145,#6146);
#6144 = CARTESIAN_POINT('',(3.81,18.415,0.));
#6145 = DIRECTION('',(-0.,0.,-1.));
#6146 = DIRECTION('',(-0.,-1.,0.));
#6147 = FACE_BOUND('',#6148,.F.);
#6148 = EDGE_LOOP('',(#6149));
#6149 = ORIENTED_EDGE('',*,*,#6150,.T.);
#6150 = EDGE_CURVE('',#6151,#6151,#6153,.T.);
#6151 = VERTEX_POINT('',#6152);
#6152 = CARTESIAN_POINT('',(6.35,17.9705,0.));
#6153 = CIRCLE('',#6154,0.4445);
#6154 = AXIS2_PLACEMENT_3D('',#6155,#6156,#6157);
#6155 = CARTESIAN_POINT('',(6.35,18.415,0.));
#6156 = DIRECTION('',(-0.,0.,-1.));
#6157 = DIRECTION('',(-0.,-1.,0.));
#6158 = FACE_BOUND('',#6159,.F.);
#6159 = EDGE_LOOP('',(#6160));
#6160 = ORIENTED_EDGE('',*,*,#6161,.T.);
#6161 = EDGE_CURVE('',#6162,#6162,#6164,.T.);
#6162 = VERTEX_POINT('',#6163);
#6163 = CARTESIAN_POINT('',(43.815,3.87,0.));
#6164 = CIRCLE('',#6165,0.6);
#6165 = AXIS2_PLACEMENT_3D('',#6166,#6167,#6168);
#6166 = CARTESIAN_POINT('',(43.815,4.47,0.));
#6167 = DIRECTION('',(-0.,0.,-1.));
#6168 = DIRECTION('',(-0.,-1.,0.));
#6169 = FACE_BOUND('',#6170,.F.);
#6170 = EDGE_LOOP('',(#6171));
#6171 = ORIENTED_EDGE('',*,*,#6172,.T.);
#6172 = EDGE_CURVE('',#6173,#6173,#6175,.T.);
#6173 = VERTEX_POINT('',#6174);
#6174 = CARTESIAN_POINT('',(55.88,3.58,0.));
#6175 = CIRCLE('',#6176,1.5);
#6176 = AXIS2_PLACEMENT_3D('',#6177,#6178,#6179);
#6177 = CARTESIAN_POINT('',(55.88,5.08,0.));
#6178 = DIRECTION('',(-0.,0.,-1.));
#6179 = DIRECTION('',(-0.,-1.,0.));
#6180 = FACE_BOUND('',#6181,.F.);
#6181 = EDGE_LOOP('',(#6182));
#6182 = ORIENTED_EDGE('',*,*,#6183,.T.);
#6183 = EDGE_CURVE('',#6184,#6184,#6186,.T.);
#6184 = VERTEX_POINT('',#6185);
#6185 = CARTESIAN_POINT('',(52.705,11.03,0.));
#6186 = CIRCLE('',#6187,0.4);
#6187 = AXIS2_PLACEMENT_3D('',#6188,#6189,#6190);
#6188 = CARTESIAN_POINT('',(52.705,11.43,0.));
#6189 = DIRECTION('',(-0.,0.,-1.));
#6190 = DIRECTION('',(-0.,-1.,0.));
#6191 = FACE_BOUND('',#6192,.F.);
#6192 = EDGE_LOOP('',(#6193));
#6193 = ORIENTED_EDGE('',*,*,#6194,.T.);
#6194 = EDGE_CURVE('',#6195,#6195,#6197,.T.);
#6195 = VERTEX_POINT('',#6196);
#6196 = CARTESIAN_POINT('',(55.245,11.03,0.));
#6197 = CIRCLE('',#6198,0.4);
#6198 = AXIS2_PLACEMENT_3D('',#6199,#6200,#6201);
#6199 = CARTESIAN_POINT('',(55.245,11.43,0.));
#6200 = DIRECTION('',(-0.,0.,-1.));
#6201 = DIRECTION('',(-1.7763568394E-14,-1.,0.));
#6202 = FACE_BOUND('',#6203,.F.);
#6203 = EDGE_LOOP('',(#6204));
#6204 = ORIENTED_EDGE('',*,*,#6205,.T.);
#6205 = EDGE_CURVE('',#6206,#6206,#6208,.T.);
#6206 = VERTEX_POINT('',#6207);
#6207 = CARTESIAN_POINT('',(57.785,11.03,0.));
#6208 = CIRCLE('',#6209,0.4);
#6209 = AXIS2_PLACEMENT_3D('',#6210,#6211,#6212);
#6210 = CARTESIAN_POINT('',(57.785,11.43,0.));
#6211 = DIRECTION('',(-0.,0.,-1.));
#6212 = DIRECTION('',(-0.,-1.,0.));
#6213 = FACE_BOUND('',#6214,.F.);
#6214 = EDGE_LOOP('',(#6215));
#6215 = ORIENTED_EDGE('',*,*,#6216,.T.);
#6216 = EDGE_CURVE('',#6217,#6217,#6219,.T.);
#6217 = VERTEX_POINT('',#6218);
#6218 = CARTESIAN_POINT('',(52.705,16.745,0.));
#6219 = CIRCLE('',#6220,0.4);
#6220 = AXIS2_PLACEMENT_3D('',#6221,#6222,#6223);
#6221 = CARTESIAN_POINT('',(52.705,17.145,0.));
#6222 = DIRECTION('',(-0.,0.,-1.));
#6223 = DIRECTION('',(-0.,-1.,0.));
#6224 = FACE_BOUND('',#6225,.F.);
#6225 = EDGE_LOOP('',(#6226));
#6226 = ORIENTED_EDGE('',*,*,#6227,.T.);
#6227 = EDGE_CURVE('',#6228,#6228,#6230,.T.);
#6228 = VERTEX_POINT('',#6229);
#6229 = CARTESIAN_POINT('',(55.245,16.745,0.));
#6230 = CIRCLE('',#6231,0.4);
#6231 = AXIS2_PLACEMENT_3D('',#6232,#6233,#6234);
#6232 = CARTESIAN_POINT('',(55.245,17.145,0.));
#6233 = DIRECTION('',(-0.,0.,-1.));
#6234 = DIRECTION('',(-1.7763568394E-14,-1.,0.));
#6235 = FACE_BOUND('',#6236,.F.);
#6236 = EDGE_LOOP('',(#6237));
#6237 = ORIENTED_EDGE('',*,*,#6238,.T.);
#6238 = EDGE_CURVE('',#6239,#6239,#6241,.T.);
#6239 = VERTEX_POINT('',#6240);
#6240 = CARTESIAN_POINT('',(57.785,16.745,0.));
#6241 = CIRCLE('',#6242,0.4);
#6242 = AXIS2_PLACEMENT_3D('',#6243,#6244,#6245);
#6243 = CARTESIAN_POINT('',(57.785,17.145,0.));
#6244 = DIRECTION('',(-0.,0.,-1.));
#6245 = DIRECTION('',(-0.,-1.,0.));
#6246 = FACE_BOUND('',#6247,.F.);
#6247 = EDGE_LOOP('',(#6248));
#6248 = ORIENTED_EDGE('',*,*,#6249,.T.);
#6249 = EDGE_CURVE('',#6250,#6250,#6252,.T.);
#6250 = VERTEX_POINT('',#6251);
#6251 = CARTESIAN_POINT('',(3.81,20.5105,0.));
#6252 = CIRCLE('',#6253,0.4445);
#6253 = AXIS2_PLACEMENT_3D('',#6254,#6255,#6256);
#6254 = CARTESIAN_POINT('',(3.81,20.955,0.));
#6255 = DIRECTION('',(-0.,0.,-1.));
#6256 = DIRECTION('',(-0.,-1.,0.));
#6257 = FACE_BOUND('',#6258,.F.);
#6258 = EDGE_LOOP('',(#6259));
#6259 = ORIENTED_EDGE('',*,*,#6260,.T.);
#6260 = EDGE_CURVE('',#6261,#6261,#6263,.T.);
#6261 = VERTEX_POINT('',#6262);
#6262 = CARTESIAN_POINT('',(6.35,20.5105,0.));
#6263 = CIRCLE('',#6264,0.4445);
#6264 = AXIS2_PLACEMENT_3D('',#6265,#6266,#6267);
#6265 = CARTESIAN_POINT('',(6.35,20.955,0.));
#6266 = DIRECTION('',(-0.,0.,-1.));
#6267 = DIRECTION('',(-0.,-1.,0.));
#6268 = FACE_BOUND('',#6269,.F.);
#6269 = EDGE_LOOP('',(#6270));
#6270 = ORIENTED_EDGE('',*,*,#6271,.T.);
#6271 = EDGE_CURVE('',#6272,#6272,#6274,.T.);
#6272 = VERTEX_POINT('',#6273);
#6273 = CARTESIAN_POINT('',(3.81,23.0505,0.));
#6274 = CIRCLE('',#6275,0.4445);
#6275 = AXIS2_PLACEMENT_3D('',#6276,#6277,#6278);
#6276 = CARTESIAN_POINT('',(3.81,23.495,0.));
#6277 = DIRECTION('',(-0.,0.,-1.));
#6278 = DIRECTION('',(-0.,-1.,0.));
#6279 = FACE_BOUND('',#6280,.F.);
#6280 = EDGE_LOOP('',(#6281));
#6281 = ORIENTED_EDGE('',*,*,#6282,.T.);
#6282 = EDGE_CURVE('',#6283,#6283,#6285,.T.);
#6283 = VERTEX_POINT('',#6284);
#6284 = CARTESIAN_POINT('',(6.35,23.0505,0.));
#6285 = CIRCLE('',#6286,0.4445);
#6286 = AXIS2_PLACEMENT_3D('',#6287,#6288,#6289);
#6287 = CARTESIAN_POINT('',(6.35,23.495,0.));
#6288 = DIRECTION('',(-0.,0.,-1.));
#6289 = DIRECTION('',(-0.,-1.,0.));
#6290 = FACE_BOUND('',#6291,.F.);
#6291 = EDGE_LOOP('',(#6292));
#6292 = ORIENTED_EDGE('',*,*,#6293,.T.);
#6293 = EDGE_CURVE('',#6294,#6294,#6296,.T.);
#6294 = VERTEX_POINT('',#6295);
#6295 = CARTESIAN_POINT('',(3.81,25.5905,0.));
#6296 = CIRCLE('',#6297,0.4445);
#6297 = AXIS2_PLACEMENT_3D('',#6298,#6299,#6300);
#6298 = CARTESIAN_POINT('',(3.81,26.035,0.));
#6299 = DIRECTION('',(-0.,0.,-1.));
#6300 = DIRECTION('',(-0.,-1.,0.));
#6301 = FACE_BOUND('',#6302,.F.);
#6302 = EDGE_LOOP('',(#6303));
#6303 = ORIENTED_EDGE('',*,*,#6304,.T.);
#6304 = EDGE_CURVE('',#6305,#6305,#6307,.T.);
#6305 = VERTEX_POINT('',#6306);
#6306 = CARTESIAN_POINT('',(6.35,25.5905,0.));
#6307 = CIRCLE('',#6308,0.4445);
#6308 = AXIS2_PLACEMENT_3D('',#6309,#6310,#6311);
#6309 = CARTESIAN_POINT('',(6.35,26.035,0.));
#6310 = DIRECTION('',(-0.,0.,-1.));
#6311 = DIRECTION('',(-0.,-1.,0.));
#6312 = FACE_BOUND('',#6313,.F.);
#6313 = EDGE_LOOP('',(#6314));
#6314 = ORIENTED_EDGE('',*,*,#6315,.T.);
#6315 = EDGE_CURVE('',#6316,#6316,#6318,.T.);
#6316 = VERTEX_POINT('',#6317);
#6317 = CARTESIAN_POINT('',(5.08,34.06,0.));
#6318 = CIRCLE('',#6319,1.5);
#6319 = AXIS2_PLACEMENT_3D('',#6320,#6321,#6322);
#6320 = CARTESIAN_POINT('',(5.08,35.56,0.));
#6321 = DIRECTION('',(-0.,0.,-1.));
#6322 = DIRECTION('',(-0.,-1.,0.));
#6323 = FACE_BOUND('',#6324,.F.);
#6324 = EDGE_LOOP('',(#6325));
#6325 = ORIENTED_EDGE('',*,*,#6326,.T.);
#6326 = EDGE_CURVE('',#6327,#6327,#6329,.T.);
#6327 = VERTEX_POINT('',#6328);
#6328 = CARTESIAN_POINT('',(15.875,35.57,0.));
#6329 = CIRCLE('',#6330,0.6);
#6330 = AXIS2_PLACEMENT_3D('',#6331,#6332,#6333);
#6331 = CARTESIAN_POINT('',(15.875,36.17,0.));
#6332 = DIRECTION('',(-0.,0.,-1.));
#6333 = DIRECTION('',(-0.,-1.,0.));
#6334 = FACE_BOUND('',#6335,.F.);
#6335 = EDGE_LOOP('',(#6336));
#6336 = ORIENTED_EDGE('',*,*,#6337,.T.);
#6337 = EDGE_CURVE('',#6338,#6338,#6340,.T.);
#6338 = VERTEX_POINT('',#6339);
#6339 = CARTESIAN_POINT('',(29.845,35.57,0.));
#6340 = CIRCLE('',#6341,0.6);
#6341 = AXIS2_PLACEMENT_3D('',#6342,#6343,#6344);
#6342 = CARTESIAN_POINT('',(29.845,36.17,0.));
#6343 = DIRECTION('',(-0.,0.,-1.));
#6344 = DIRECTION('',(-0.,-1.,0.));
#6345 = FACE_BOUND('',#6346,.F.);
#6346 = EDGE_LOOP('',(#6347));
#6347 = ORIENTED_EDGE('',*,*,#6348,.T.);
#6348 = EDGE_CURVE('',#6349,#6349,#6351,.T.);
#6349 = VERTEX_POINT('',#6350);
#6350 = CARTESIAN_POINT('',(36.83,27.52,0.));
#6351 = CIRCLE('',#6352,0.5);
#6352 = AXIS2_PLACEMENT_3D('',#6353,#6354,#6355);
#6353 = CARTESIAN_POINT('',(36.83,28.02,0.));
#6354 = DIRECTION('',(-0.,0.,-1.));
#6355 = DIRECTION('',(-0.,-1.,0.));
#6356 = FACE_BOUND('',#6357,.F.);
#6357 = EDGE_LOOP('',(#6358));
#6358 = ORIENTED_EDGE('',*,*,#6359,.T.);
#6359 = EDGE_CURVE('',#6360,#6360,#6362,.T.);
#6360 = VERTEX_POINT('',#6361);
#6361 = CARTESIAN_POINT('',(52.705,22.46,0.));
#6362 = CIRCLE('',#6363,0.4);
#6363 = AXIS2_PLACEMENT_3D('',#6364,#6365,#6366);
#6364 = CARTESIAN_POINT('',(52.705,22.86,0.));
#6365 = DIRECTION('',(-0.,0.,-1.));
#6366 = DIRECTION('',(-0.,-1.,0.));
#6367 = FACE_BOUND('',#6368,.F.);
#6368 = EDGE_LOOP('',(#6369));
#6369 = ORIENTED_EDGE('',*,*,#6370,.T.);
#6370 = EDGE_CURVE('',#6371,#6371,#6373,.T.);
#6371 = VERTEX_POINT('',#6372);
#6372 = CARTESIAN_POINT('',(55.245,22.46,0.));
#6373 = CIRCLE('',#6374,0.4);
#6374 = AXIS2_PLACEMENT_3D('',#6375,#6376,#6377);
#6375 = CARTESIAN_POINT('',(55.245,22.86,0.));
#6376 = DIRECTION('',(-0.,0.,-1.));
#6377 = DIRECTION('',(-1.7763568394E-14,-1.,0.));
#6378 = FACE_BOUND('',#6379,.F.);
#6379 = EDGE_LOOP('',(#6380));
#6380 = ORIENTED_EDGE('',*,*,#6381,.T.);
#6381 = EDGE_CURVE('',#6382,#6382,#6384,.T.);
#6382 = VERTEX_POINT('',#6383);
#6383 = CARTESIAN_POINT('',(57.785,22.46,0.));
#6384 = CIRCLE('',#6385,0.4);
#6385 = AXIS2_PLACEMENT_3D('',#6386,#6387,#6388);
#6386 = CARTESIAN_POINT('',(57.785,22.86,0.));
#6387 = DIRECTION('',(-0.,0.,-1.));
#6388 = DIRECTION('',(-0.,-1.,0.));
#6389 = FACE_BOUND('',#6390,.F.);
#6390 = EDGE_LOOP('',(#6391));
#6391 = ORIENTED_EDGE('',*,*,#6392,.T.);
#6392 = EDGE_CURVE('',#6393,#6393,#6395,.T.);
#6393 = VERTEX_POINT('',#6394);
#6394 = CARTESIAN_POINT('',(52.705,28.175,0.));
#6395 = CIRCLE('',#6396,0.4);
#6396 = AXIS2_PLACEMENT_3D('',#6397,#6398,#6399);
#6397 = CARTESIAN_POINT('',(52.705,28.575,0.));
#6398 = DIRECTION('',(-0.,0.,-1.));
#6399 = DIRECTION('',(-0.,-1.,0.));
#6400 = FACE_BOUND('',#6401,.F.);
#6401 = EDGE_LOOP('',(#6402));
#6402 = ORIENTED_EDGE('',*,*,#6403,.T.);
#6403 = EDGE_CURVE('',#6404,#6404,#6406,.T.);
#6404 = VERTEX_POINT('',#6405);
#6405 = CARTESIAN_POINT('',(55.245,28.175,0.));
#6406 = CIRCLE('',#6407,0.4);
#6407 = AXIS2_PLACEMENT_3D('',#6408,#6409,#6410);
#6408 = CARTESIAN_POINT('',(55.245,28.575,0.));
#6409 = DIRECTION('',(-0.,0.,-1.));
#6410 = DIRECTION('',(-1.7763568394E-14,-1.,0.));
#6411 = FACE_BOUND('',#6412,.F.);
#6412 = EDGE_LOOP('',(#6413));
#6413 = ORIENTED_EDGE('',*,*,#6414,.T.);
#6414 = EDGE_CURVE('',#6415,#6415,#6417,.T.);
#6415 = VERTEX_POINT('',#6416);
#6416 = CARTESIAN_POINT('',(57.785,28.175,0.));
#6417 = CIRCLE('',#6418,0.4);
#6418 = AXIS2_PLACEMENT_3D('',#6419,#6420,#6421);
#6419 = CARTESIAN_POINT('',(57.785,28.575,0.));
#6420 = DIRECTION('',(-0.,0.,-1.));
#6421 = DIRECTION('',(-0.,-1.,0.));
#6422 = FACE_BOUND('',#6423,.F.);
#6423 = EDGE_LOOP('',(#6424));
#6424 = ORIENTED_EDGE('',*,*,#6425,.T.);
#6425 = EDGE_CURVE('',#6426,#6426,#6428,.T.);
#6426 = VERTEX_POINT('',#6427);
#6427 = CARTESIAN_POINT('',(36.83,32.52,0.));
#6428 = CIRCLE('',#6429,0.5);
#6429 = AXIS2_PLACEMENT_3D('',#6430,#6431,#6432);
#6430 = CARTESIAN_POINT('',(36.83,33.02,0.));
#6431 = DIRECTION('',(-0.,0.,-1.));
#6432 = DIRECTION('',(-0.,-1.,0.));
#6433 = FACE_BOUND('',#6434,.F.);
#6434 = EDGE_LOOP('',(#6435));
#6435 = ORIENTED_EDGE('',*,*,#6436,.T.);
#6436 = EDGE_CURVE('',#6437,#6437,#6439,.T.);
#6437 = VERTEX_POINT('',#6438);
#6438 = CARTESIAN_POINT('',(43.815,35.57,0.));
#6439 = CIRCLE('',#6440,0.6);
#6440 = AXIS2_PLACEMENT_3D('',#6441,#6442,#6443);
#6441 = CARTESIAN_POINT('',(43.815,36.17,0.));
#6442 = DIRECTION('',(-0.,0.,-1.));
#6443 = DIRECTION('',(-0.,-1.,0.));
#6444 = FACE_BOUND('',#6445,.F.);
#6445 = EDGE_LOOP('',(#6446));
#6446 = ORIENTED_EDGE('',*,*,#6447,.T.);
#6447 = EDGE_CURVE('',#6448,#6448,#6450,.T.);
#6448 = VERTEX_POINT('',#6449);
#6449 = CARTESIAN_POINT('',(55.88,34.06,0.));
#6450 = CIRCLE('',#6451,1.5);
#6451 = AXIS2_PLACEMENT_3D('',#6452,#6453,#6454);
#6452 = CARTESIAN_POINT('',(55.88,35.56,0.));
#6453 = DIRECTION('',(-0.,0.,-1.));
#6454 = DIRECTION('',(-0.,-1.,0.));
#6455 = PLANE('',#6456);
#6456 = AXIS2_PLACEMENT_3D('',#6457,#6458,#6459);
#6457 = CARTESIAN_POINT('',(0.,0.,0.));
#6458 = DIRECTION('',(0.,0.,1.));
#6459 = DIRECTION('',(1.,0.,-0.));
#6460 = ADVANCED_FACE('',(#6461,#6472,#6483,#6494,#6505,#6516,#6527,
    #6538,#6549,#6560,#6571,#6582,#6593,#6604,#6615,#6626,#6637,#6648,
    #6659,#6670,#6681,#6692,#6703,#6714,#6725,#6736,#6747,#6758,#6769,
    #6780,#6791,#6802,#6813),#6824,.T.);
#6461 = FACE_BOUND('',#6462,.T.);
#6462 = EDGE_LOOP('',(#6463,#6464,#6465,#6471));
#6463 = ORIENTED_EDGE('',*,*,#6003,.F.);
#6464 = ORIENTED_EDGE('',*,*,#6043,.F.);
#6465 = ORIENTED_EDGE('',*,*,#6466,.F.);
#6466 = EDGE_CURVE('',#6066,#6036,#6467,.T.);
#6467 = LINE('',#6468,#6469);
#6468 = CARTESIAN_POINT('',(0.254,40.386,1.6));
#6469 = VECTOR('',#6470,1.);
#6470 = DIRECTION('',(1.,0.,0.));
#6471 = ORIENTED_EDGE('',*,*,#6065,.F.);
#6472 = FACE_BOUND('',#6473,.T.);
#6473 = EDGE_LOOP('',(#6474));
#6474 = ORIENTED_EDGE('',*,*,#6475,.T.);
#6475 = EDGE_CURVE('',#6476,#6476,#6478,.T.);
#6476 = VERTEX_POINT('',#6477);
#6477 = CARTESIAN_POINT('',(5.08,3.58,1.6));
#6478 = CIRCLE('',#6479,1.5);
#6479 = AXIS2_PLACEMENT_3D('',#6480,#6481,#6482);
#6480 = CARTESIAN_POINT('',(5.08,5.08,1.6));
#6481 = DIRECTION('',(-0.,0.,-1.));
#6482 = DIRECTION('',(-0.,-1.,0.));
#6483 = FACE_BOUND('',#6484,.T.);
#6484 = EDGE_LOOP('',(#6485));
#6485 = ORIENTED_EDGE('',*,*,#6486,.T.);
#6486 = EDGE_CURVE('',#6487,#6487,#6489,.T.);
#6487 = VERTEX_POINT('',#6488);
#6488 = CARTESIAN_POINT('',(15.875,3.87,1.6));
#6489 = CIRCLE('',#6490,0.6);
#6490 = AXIS2_PLACEMENT_3D('',#6491,#6492,#6493);
#6491 = CARTESIAN_POINT('',(15.875,4.47,1.6));
#6492 = DIRECTION('',(-0.,0.,-1.));
#6493 = DIRECTION('',(-0.,-1.,0.));
#6494 = FACE_BOUND('',#6495,.T.);
#6495 = EDGE_LOOP('',(#6496));
#6496 = ORIENTED_EDGE('',*,*,#6497,.T.);
#6497 = EDGE_CURVE('',#6498,#6498,#6500,.T.);
#6498 = VERTEX_POINT('',#6499);
#6499 = CARTESIAN_POINT('',(29.845,3.87,1.6));
#6500 = CIRCLE('',#6501,0.6);
#6501 = AXIS2_PLACEMENT_3D('',#6502,#6503,#6504);
#6502 = CARTESIAN_POINT('',(29.845,4.47,1.6));
#6503 = DIRECTION('',(-0.,0.,-1.));
#6504 = DIRECTION('',(-0.,-1.,0.));
#6505 = FACE_BOUND('',#6506,.T.);
#6506 = EDGE_LOOP('',(#6507));
#6507 = ORIENTED_EDGE('',*,*,#6508,.T.);
#6508 = EDGE_CURVE('',#6509,#6509,#6511,.T.);
#6509 = VERTEX_POINT('',#6510);
#6510 = CARTESIAN_POINT('',(3.81,17.9705,1.6));
#6511 = CIRCLE('',#6512,0.4445);
#6512 = AXIS2_PLACEMENT_3D('',#6513,#6514,#6515);
#6513 = CARTESIAN_POINT('',(3.81,18.415,1.6));
#6514 = DIRECTION('',(-0.,0.,-1.));
#6515 = DIRECTION('',(-0.,-1.,0.));
#6516 = FACE_BOUND('',#6517,.T.);
#6517 = EDGE_LOOP('',(#6518));
#6518 = ORIENTED_EDGE('',*,*,#6519,.T.);
#6519 = EDGE_CURVE('',#6520,#6520,#6522,.T.);
#6520 = VERTEX_POINT('',#6521);
#6521 = CARTESIAN_POINT('',(6.35,17.9705,1.6));
#6522 = CIRCLE('',#6523,0.4445);
#6523 = AXIS2_PLACEMENT_3D('',#6524,#6525,#6526);
#6524 = CARTESIAN_POINT('',(6.35,18.415,1.6));
#6525 = DIRECTION('',(-0.,0.,-1.));
#6526 = DIRECTION('',(-0.,-1.,0.));
#6527 = FACE_BOUND('',#6528,.T.);
#6528 = EDGE_LOOP('',(#6529));
#6529 = ORIENTED_EDGE('',*,*,#6530,.T.);
#6530 = EDGE_CURVE('',#6531,#6531,#6533,.T.);
#6531 = VERTEX_POINT('',#6532);
#6532 = CARTESIAN_POINT('',(43.815,3.87,1.6));
#6533 = CIRCLE('',#6534,0.6);
#6534 = AXIS2_PLACEMENT_3D('',#6535,#6536,#6537);
#6535 = CARTESIAN_POINT('',(43.815,4.47,1.6));
#6536 = DIRECTION('',(-0.,0.,-1.));
#6537 = DIRECTION('',(-0.,-1.,0.));
#6538 = FACE_BOUND('',#6539,.T.);
#6539 = EDGE_LOOP('',(#6540));
#6540 = ORIENTED_EDGE('',*,*,#6541,.T.);
#6541 = EDGE_CURVE('',#6542,#6542,#6544,.T.);
#6542 = VERTEX_POINT('',#6543);
#6543 = CARTESIAN_POINT('',(55.88,3.58,1.6));
#6544 = CIRCLE('',#6545,1.5);
#6545 = AXIS2_PLACEMENT_3D('',#6546,#6547,#6548);
#6546 = CARTESIAN_POINT('',(55.88,5.08,1.6));
#6547 = DIRECTION('',(-0.,0.,-1.));
#6548 = DIRECTION('',(-0.,-1.,0.));
#6549 = FACE_BOUND('',#6550,.T.);
#6550 = EDGE_LOOP('',(#6551));
#6551 = ORIENTED_EDGE('',*,*,#6552,.T.);
#6552 = EDGE_CURVE('',#6553,#6553,#6555,.T.);
#6553 = VERTEX_POINT('',#6554);
#6554 = CARTESIAN_POINT('',(52.705,11.03,1.6));
#6555 = CIRCLE('',#6556,0.4);
#6556 = AXIS2_PLACEMENT_3D('',#6557,#6558,#6559);
#6557 = CARTESIAN_POINT('',(52.705,11.43,1.6));
#6558 = DIRECTION('',(-0.,0.,-1.));
#6559 = DIRECTION('',(-0.,-1.,0.));
#6560 = FACE_BOUND('',#6561,.T.);
#6561 = EDGE_LOOP('',(#6562));
#6562 = ORIENTED_EDGE('',*,*,#6563,.T.);
#6563 = EDGE_CURVE('',#6564,#6564,#6566,.T.);
#6564 = VERTEX_POINT('',#6565);
#6565 = CARTESIAN_POINT('',(55.245,11.03,1.6));
#6566 = CIRCLE('',#6567,0.4);
#6567 = AXIS2_PLACEMENT_3D('',#6568,#6569,#6570);
#6568 = CARTESIAN_POINT('',(55.245,11.43,1.6));
#6569 = DIRECTION('',(-0.,0.,-1.));
#6570 = DIRECTION('',(-1.7763568394E-14,-1.,0.));
#6571 = FACE_BOUND('',#6572,.T.);
#6572 = EDGE_LOOP('',(#6573));
#6573 = ORIENTED_EDGE('',*,*,#6574,.T.);
#6574 = EDGE_CURVE('',#6575,#6575,#6577,.T.);
#6575 = VERTEX_POINT('',#6576);
#6576 = CARTESIAN_POINT('',(57.785,11.03,1.6));
#6577 = CIRCLE('',#6578,0.4);
#6578 = AXIS2_PLACEMENT_3D('',#6579,#6580,#6581);
#6579 = CARTESIAN_POINT('',(57.785,11.43,1.6));
#6580 = DIRECTION('',(-0.,0.,-1.));
#6581 = DIRECTION('',(-0.,-1.,0.));
#6582 = FACE_BOUND('',#6583,.T.);
#6583 = EDGE_LOOP('',(#6584));
#6584 = ORIENTED_EDGE('',*,*,#6585,.T.);
#6585 = EDGE_CURVE('',#6586,#6586,#6588,.T.);
#6586 = VERTEX_POINT('',#6587);
#6587 = CARTESIAN_POINT('',(52.705,16.745,1.6));
#6588 = CIRCLE('',#6589,0.4);
#6589 = AXIS2_PLACEMENT_3D('',#6590,#6591,#6592);
#6590 = CARTESIAN_POINT('',(52.705,17.145,1.6));
#6591 = DIRECTION('',(-0.,0.,-1.));
#6592 = DIRECTION('',(-0.,-1.,0.));
#6593 = FACE_BOUND('',#6594,.T.);
#6594 = EDGE_LOOP('',(#6595));
#6595 = ORIENTED_EDGE('',*,*,#6596,.T.);
#6596 = EDGE_CURVE('',#6597,#6597,#6599,.T.);
#6597 = VERTEX_POINT('',#6598);
#6598 = CARTESIAN_POINT('',(55.245,16.745,1.6));
#6599 = CIRCLE('',#6600,0.4);
#6600 = AXIS2_PLACEMENT_3D('',#6601,#6602,#6603);
#6601 = CARTESIAN_POINT('',(55.245,17.145,1.6));
#6602 = DIRECTION('',(-0.,0.,-1.));
#6603 = DIRECTION('',(-1.7763568394E-14,-1.,0.));
#6604 = FACE_BOUND('',#6605,.T.);
#6605 = EDGE_LOOP('',(#6606));
#6606 = ORIENTED_EDGE('',*,*,#6607,.T.);
#6607 = EDGE_CURVE('',#6608,#6608,#6610,.T.);
#6608 = VERTEX_POINT('',#6609);
#6609 = CARTESIAN_POINT('',(57.785,16.745,1.6));
#6610 = CIRCLE('',#6611,0.4);
#6611 = AXIS2_PLACEMENT_3D('',#6612,#6613,#6614);
#6612 = CARTESIAN_POINT('',(57.785,17.145,1.6));
#6613 = DIRECTION('',(-0.,0.,-1.));
#6614 = DIRECTION('',(-0.,-1.,0.));
#6615 = FACE_BOUND('',#6616,.T.);
#6616 = EDGE_LOOP('',(#6617));
#6617 = ORIENTED_EDGE('',*,*,#6618,.T.);
#6618 = EDGE_CURVE('',#6619,#6619,#6621,.T.);
#6619 = VERTEX_POINT('',#6620);
#6620 = CARTESIAN_POINT('',(3.81,20.5105,1.6));
#6621 = CIRCLE('',#6622,0.4445);
#6622 = AXIS2_PLACEMENT_3D('',#6623,#6624,#6625);
#6623 = CARTESIAN_POINT('',(3.81,20.955,1.6));
#6624 = DIRECTION('',(-0.,0.,-1.));
#6625 = DIRECTION('',(-0.,-1.,0.));
#6626 = FACE_BOUND('',#6627,.T.);
#6627 = EDGE_LOOP('',(#6628));
#6628 = ORIENTED_EDGE('',*,*,#6629,.T.);
#6629 = EDGE_CURVE('',#6630,#6630,#6632,.T.);
#6630 = VERTEX_POINT('',#6631);
#6631 = CARTESIAN_POINT('',(6.35,20.5105,1.6));
#6632 = CIRCLE('',#6633,0.4445);
#6633 = AXIS2_PLACEMENT_3D('',#6634,#6635,#6636);
#6634 = CARTESIAN_POINT('',(6.35,20.955,1.6));
#6635 = DIRECTION('',(-0.,0.,-1.));
#6636 = DIRECTION('',(-0.,-1.,0.));
#6637 = FACE_BOUND('',#6638,.T.);
#6638 = EDGE_LOOP('',(#6639));
#6639 = ORIENTED_EDGE('',*,*,#6640,.T.);
#6640 = EDGE_CURVE('',#6641,#6641,#6643,.T.);
#6641 = VERTEX_POINT('',#6642);
#6642 = CARTESIAN_POINT('',(3.81,23.0505,1.6));
#6643 = CIRCLE('',#6644,0.4445);
#6644 = AXIS2_PLACEMENT_3D('',#6645,#6646,#6647);
#6645 = CARTESIAN_POINT('',(3.81,23.495,1.6));
#6646 = DIRECTION('',(-0.,0.,-1.));
#6647 = DIRECTION('',(-0.,-1.,0.));
#6648 = FACE_BOUND('',#6649,.T.);
#6649 = EDGE_LOOP('',(#6650));
#6650 = ORIENTED_EDGE('',*,*,#6651,.T.);
#6651 = EDGE_CURVE('',#6652,#6652,#6654,.T.);
#6652 = VERTEX_POINT('',#6653);
#6653 = CARTESIAN_POINT('',(6.35,23.0505,1.6));
#6654 = CIRCLE('',#6655,0.4445);
#6655 = AXIS2_PLACEMENT_3D('',#6656,#6657,#6658);
#6656 = CARTESIAN_POINT('',(6.35,23.495,1.6));
#6657 = DIRECTION('',(-0.,0.,-1.));
#6658 = DIRECTION('',(-0.,-1.,0.));
#6659 = FACE_BOUND('',#6660,.T.);
#6660 = EDGE_LOOP('',(#6661));
#6661 = ORIENTED_EDGE('',*,*,#6662,.T.);
#6662 = EDGE_CURVE('',#6663,#6663,#6665,.T.);
#6663 = VERTEX_POINT('',#6664);
#6664 = CARTESIAN_POINT('',(3.81,25.5905,1.6));
#6665 = CIRCLE('',#6666,0.4445);
#6666 = AXIS2_PLACEMENT_3D('',#6667,#6668,#6669);
#6667 = CARTESIAN_POINT('',(3.81,26.035,1.6));
#6668 = DIRECTION('',(-0.,0.,-1.));
#6669 = DIRECTION('',(-0.,-1.,0.));
#6670 = FACE_BOUND('',#6671,.T.);
#6671 = EDGE_LOOP('',(#6672));
#6672 = ORIENTED_EDGE('',*,*,#6673,.T.);
#6673 = EDGE_CURVE('',#6674,#6674,#6676,.T.);
#6674 = VERTEX_POINT('',#6675);
#6675 = CARTESIAN_POINT('',(6.35,25.5905,1.6));
#6676 = CIRCLE('',#6677,0.4445);
#6677 = AXIS2_PLACEMENT_3D('',#6678,#6679,#6680);
#6678 = CARTESIAN_POINT('',(6.35,26.035,1.6));
#6679 = DIRECTION('',(-0.,0.,-1.));
#6680 = DIRECTION('',(-0.,-1.,0.));
#6681 = FACE_BOUND('',#6682,.T.);
#6682 = EDGE_LOOP('',(#6683));
#6683 = ORIENTED_EDGE('',*,*,#6684,.T.);
#6684 = EDGE_CURVE('',#6685,#6685,#6687,.T.);
#6685 = VERTEX_POINT('',#6686);
#6686 = CARTESIAN_POINT('',(5.08,34.06,1.6));
#6687 = CIRCLE('',#6688,1.5);
#6688 = AXIS2_PLACEMENT_3D('',#6689,#6690,#6691);
#6689 = CARTESIAN_POINT('',(5.08,35.56,1.6));
#6690 = DIRECTION('',(-0.,0.,-1.));
#6691 = DIRECTION('',(-0.,-1.,0.));
#6692 = FACE_BOUND('',#6693,.T.);
#6693 = EDGE_LOOP('',(#6694));
#6694 = ORIENTED_EDGE('',*,*,#6695,.T.);
#6695 = EDGE_CURVE('',#6696,#6696,#6698,.T.);
#6696 = VERTEX_POINT('',#6697);
#6697 = CARTESIAN_POINT('',(15.875,35.57,1.6));
#6698 = CIRCLE('',#6699,0.6);
#6699 = AXIS2_PLACEMENT_3D('',#6700,#6701,#6702);
#6700 = CARTESIAN_POINT('',(15.875,36.17,1.6));
#6701 = DIRECTION('',(-0.,0.,-1.));
#6702 = DIRECTION('',(-0.,-1.,0.));
#6703 = FACE_BOUND('',#6704,.T.);
#6704 = EDGE_LOOP('',(#6705));
#6705 = ORIENTED_EDGE('',*,*,#6706,.T.);
#6706 = EDGE_CURVE('',#6707,#6707,#6709,.T.);
#6707 = VERTEX_POINT('',#6708);
#6708 = CARTESIAN_POINT('',(29.845,35.57,1.6));
#6709 = CIRCLE('',#6710,0.6);
#6710 = AXIS2_PLACEMENT_3D('',#6711,#6712,#6713);
#6711 = CARTESIAN_POINT('',(29.845,36.17,1.6));
#6712 = DIRECTION('',(-0.,0.,-1.));
#6713 = DIRECTION('',(-0.,-1.,0.));
#6714 = FACE_BOUND('',#6715,.T.);
#6715 = EDGE_LOOP('',(#6716));
#6716 = ORIENTED_EDGE('',*,*,#6717,.T.);
#6717 = EDGE_CURVE('',#6718,#6718,#6720,.T.);
#6718 = VERTEX_POINT('',#6719);
#6719 = CARTESIAN_POINT('',(36.83,27.52,1.6));
#6720 = CIRCLE('',#6721,0.5);
#6721 = AXIS2_PLACEMENT_3D('',#6722,#6723,#6724);
#6722 = CARTESIAN_POINT('',(36.83,28.02,1.6));
#6723 = DIRECTION('',(-0.,0.,-1.));
#6724 = DIRECTION('',(-0.,-1.,0.));
#6725 = FACE_BOUND('',#6726,.T.);
#6726 = EDGE_LOOP('',(#6727));
#6727 = ORIENTED_EDGE('',*,*,#6728,.T.);
#6728 = EDGE_CURVE('',#6729,#6729,#6731,.T.);
#6729 = VERTEX_POINT('',#6730);
#6730 = CARTESIAN_POINT('',(52.705,22.46,1.6));
#6731 = CIRCLE('',#6732,0.4);
#6732 = AXIS2_PLACEMENT_3D('',#6733,#6734,#6735);
#6733 = CARTESIAN_POINT('',(52.705,22.86,1.6));
#6734 = DIRECTION('',(-0.,0.,-1.));
#6735 = DIRECTION('',(-0.,-1.,0.));
#6736 = FACE_BOUND('',#6737,.T.);
#6737 = EDGE_LOOP('',(#6738));
#6738 = ORIENTED_EDGE('',*,*,#6739,.T.);
#6739 = EDGE_CURVE('',#6740,#6740,#6742,.T.);
#6740 = VERTEX_POINT('',#6741);
#6741 = CARTESIAN_POINT('',(55.245,22.46,1.6));
#6742 = CIRCLE('',#6743,0.4);
#6743 = AXIS2_PLACEMENT_3D('',#6744,#6745,#6746);
#6744 = CARTESIAN_POINT('',(55.245,22.86,1.6));
#6745 = DIRECTION('',(-0.,0.,-1.));
#6746 = DIRECTION('',(-1.7763568394E-14,-1.,0.));
#6747 = FACE_BOUND('',#6748,.T.);
#6748 = EDGE_LOOP('',(#6749));
#6749 = ORIENTED_EDGE('',*,*,#6750,.T.);
#6750 = EDGE_CURVE('',#6751,#6751,#6753,.T.);
#6751 = VERTEX_POINT('',#6752);
#6752 = CARTESIAN_POINT('',(57.785,22.46,1.6));
#6753 = CIRCLE('',#6754,0.4);
#6754 = AXIS2_PLACEMENT_3D('',#6755,#6756,#6757);
#6755 = CARTESIAN_POINT('',(57.785,22.86,1.6));
#6756 = DIRECTION('',(-0.,0.,-1.));
#6757 = DIRECTION('',(-0.,-1.,0.));
#6758 = FACE_BOUND('',#6759,.T.);
#6759 = EDGE_LOOP('',(#6760));
#6760 = ORIENTED_EDGE('',*,*,#6761,.T.);
#6761 = EDGE_CURVE('',#6762,#6762,#6764,.T.);
#6762 = VERTEX_POINT('',#6763);
#6763 = CARTESIAN_POINT('',(52.705,28.175,1.6));
#6764 = CIRCLE('',#6765,0.4);
#6765 = AXIS2_PLACEMENT_3D('',#6766,#6767,#6768);
#6766 = CARTESIAN_POINT('',(52.705,28.575,1.6));
#6767 = DIRECTION('',(-0.,0.,-1.));
#6768 = DIRECTION('',(-0.,-1.,0.));
#6769 = FACE_BOUND('',#6770,.T.);
#6770 = EDGE_LOOP('',(#6771));
#6771 = ORIENTED_EDGE('',*,*,#6772,.T.);
#6772 = EDGE_CURVE('',#6773,#6773,#6775,.T.);
#6773 = VERTEX_POINT('',#6774);
#6774 = CARTESIAN_POINT('',(55.245,28.175,1.6));
#6775 = CIRCLE('',#6776,0.4);
#6776 = AXIS2_PLACEMENT_3D('',#6777,#6778,#6779);
#6777 = CARTESIAN_POINT('',(55.245,28.575,1.6));
#6778 = DIRECTION('',(-0.,0.,-1.));
#6779 = DIRECTION('',(-1.7763568394E-14,-1.,0.));
#6780 = FACE_BOUND('',#6781,.T.);
#6781 = EDGE_LOOP('',(#6782));
#6782 = ORIENTED_EDGE('',*,*,#6783,.T.);
#6783 = EDGE_CURVE('',#6784,#6784,#6786,.T.);
#6784 = VERTEX_POINT('',#6785);
#6785 = CARTESIAN_POINT('',(57.785,28.175,1.6));
#6786 = CIRCLE('',#6787,0.4);
#6787 = AXIS2_PLACEMENT_3D('',#6788,#6789,#6790);
#6788 = CARTESIAN_POINT('',(57.785,28.575,1.6));
#6789 = DIRECTION('',(-0.,0.,-1.));
#6790 = DIRECTION('',(-0.,-1.,0.));
#6791 = FACE_BOUND('',#6792,.T.);
#6792 = EDGE_LOOP('',(#6793));
#6793 = ORIENTED_EDGE('',*,*,#6794,.T.);
#6794 = EDGE_CURVE('',#6795,#6795,#6797,.T.);
#6795 = VERTEX_POINT('',#6796);
#6796 = CARTESIAN_POINT('',(36.83,32.52,1.6));
#6797 = CIRCLE('',#6798,0.5);
#6798 = AXIS2_PLACEMENT_3D('',#6799,#6800,#6801);
#6799 = CARTESIAN_POINT('',(36.83,33.02,1.6));
#6800 = DIRECTION('',(-0.,0.,-1.));
#6801 = DIRECTION('',(-0.,-1.,0.));
#6802 = FACE_BOUND('',#6803,.T.);
#6803 = EDGE_LOOP('',(#6804));
#6804 = ORIENTED_EDGE('',*,*,#6805,.T.);
#6805 = EDGE_CURVE('',#6806,#6806,#6808,.T.);
#6806 = VERTEX_POINT('',#6807);
#6807 = CARTESIAN_POINT('',(43.815,35.57,1.6));
#6808 = CIRCLE('',#6809,0.6);
#6809 = AXIS2_PLACEMENT_3D('',#6810,#6811,#6812);
#6810 = CARTESIAN_POINT('',(43.815,36.17,1.6));
#6811 = DIRECTION('',(-0.,0.,-1.));
#6812 = DIRECTION('',(-0.,-1.,0.));
#6813 = FACE_BOUND('',#6814,.T.);
#6814 = EDGE_LOOP('',(#6815));
#6815 = ORIENTED_EDGE('',*,*,#6816,.T.);
#6816 = EDGE_CURVE('',#6817,#6817,#6819,.T.);
#6817 = VERTEX_POINT('',#6818);
#6818 = CARTESIAN_POINT('',(55.88,34.06,1.6));
#6819 = CIRCLE('',#6820,1.5);
#6820 = AXIS2_PLACEMENT_3D('',#6821,#6822,#6823);
#6821 = CARTESIAN_POINT('',(55.88,35.56,1.6));
#6822 = DIRECTION('',(-0.,0.,-1.));
#6823 = DIRECTION('',(-0.,-1.,0.));
#6824 = PLANE('',#6825);
#6825 = AXIS2_PLACEMENT_3D('',#6826,#6827,#6828);
#6826 = CARTESIAN_POINT('',(0.,0.,1.6));
#6827 = DIRECTION('',(0.,0.,1.));
#6828 = DIRECTION('',(1.,0.,-0.));
#6829 = ADVANCED_FACE('',(#6830),#6836,.T.);
#6830 = FACE_BOUND('',#6831,.T.);
#6831 = EDGE_LOOP('',(#6832,#6833,#6834,#6835));
#6832 = ORIENTED_EDGE('',*,*,#6073,.T.);
#6833 = ORIENTED_EDGE('',*,*,#6466,.T.);
#6834 = ORIENTED_EDGE('',*,*,#6033,.F.);
#6835 = ORIENTED_EDGE('',*,*,#6097,.F.);
#6836 = PLANE('',#6837);
#6837 = AXIS2_PLACEMENT_3D('',#6838,#6839,#6840);
#6838 = CARTESIAN_POINT('',(0.254,40.386,0.));
#6839 = DIRECTION('',(0.,1.,0.));
#6840 = DIRECTION('',(1.,0.,0.));
#6841 = ADVANCED_FACE('',(#6842),#6853,.F.);
#6842 = FACE_BOUND('',#6843,.T.);
#6843 = EDGE_LOOP('',(#6844,#6845,#6851,#6852));
#6844 = ORIENTED_EDGE('',*,*,#6106,.T.);
#6845 = ORIENTED_EDGE('',*,*,#6846,.T.);
#6846 = EDGE_CURVE('',#6107,#6476,#6847,.T.);
#6847 = LINE('',#6848,#6849);
#6848 = CARTESIAN_POINT('',(5.08,3.58,-4.5E-02));
#6849 = VECTOR('',#6850,1.);
#6850 = DIRECTION('',(0.,0.,1.));
#6851 = ORIENTED_EDGE('',*,*,#6475,.F.);
#6852 = ORIENTED_EDGE('',*,*,#6846,.F.);
#6853 = CYLINDRICAL_SURFACE('',#6854,1.5);
#6854 = AXIS2_PLACEMENT_3D('',#6855,#6856,#6857);
#6855 = CARTESIAN_POINT('',(5.08,5.08,-4.5E-02));
#6856 = DIRECTION('',(-0.,-0.,-1.));
#6857 = DIRECTION('',(-0.,-1.,0.));
#6858 = ADVANCED_FACE('',(#6859),#6870,.F.);
#6859 = FACE_BOUND('',#6860,.T.);
#6860 = EDGE_LOOP('',(#6861,#6862,#6868,#6869));
#6861 = ORIENTED_EDGE('',*,*,#6117,.T.);
#6862 = ORIENTED_EDGE('',*,*,#6863,.T.);
#6863 = EDGE_CURVE('',#6118,#6487,#6864,.T.);
#6864 = LINE('',#6865,#6866);
#6865 = CARTESIAN_POINT('',(15.875,3.87,-4.5E-02));
#6866 = VECTOR('',#6867,1.);
#6867 = DIRECTION('',(0.,0.,1.));
#6868 = ORIENTED_EDGE('',*,*,#6486,.F.);
#6869 = ORIENTED_EDGE('',*,*,#6863,.F.);
#6870 = CYLINDRICAL_SURFACE('',#6871,0.6);
#6871 = AXIS2_PLACEMENT_3D('',#6872,#6873,#6874);
#6872 = CARTESIAN_POINT('',(15.875,4.47,-4.5E-02));
#6873 = DIRECTION('',(-0.,-0.,-1.));
#6874 = DIRECTION('',(-0.,-1.,0.));
#6875 = ADVANCED_FACE('',(#6876),#6887,.F.);
#6876 = FACE_BOUND('',#6877,.T.);
#6877 = EDGE_LOOP('',(#6878,#6879,#6885,#6886));
#6878 = ORIENTED_EDGE('',*,*,#6128,.T.);
#6879 = ORIENTED_EDGE('',*,*,#6880,.T.);
#6880 = EDGE_CURVE('',#6129,#6498,#6881,.T.);
#6881 = LINE('',#6882,#6883);
#6882 = CARTESIAN_POINT('',(29.845,3.87,-4.5E-02));
#6883 = VECTOR('',#6884,1.);
#6884 = DIRECTION('',(0.,0.,1.));
#6885 = ORIENTED_EDGE('',*,*,#6497,.F.);
#6886 = ORIENTED_EDGE('',*,*,#6880,.F.);
#6887 = CYLINDRICAL_SURFACE('',#6888,0.6);
#6888 = AXIS2_PLACEMENT_3D('',#6889,#6890,#6891);
#6889 = CARTESIAN_POINT('',(29.845,4.47,-4.5E-02));
#6890 = DIRECTION('',(-0.,-0.,-1.));
#6891 = DIRECTION('',(-0.,-1.,0.));
#6892 = ADVANCED_FACE('',(#6893),#6904,.F.);
#6893 = FACE_BOUND('',#6894,.T.);
#6894 = EDGE_LOOP('',(#6895,#6896,#6902,#6903));
#6895 = ORIENTED_EDGE('',*,*,#6139,.T.);
#6896 = ORIENTED_EDGE('',*,*,#6897,.T.);
#6897 = EDGE_CURVE('',#6140,#6509,#6898,.T.);
#6898 = LINE('',#6899,#6900);
#6899 = CARTESIAN_POINT('',(3.81,17.9705,-4.5E-02));
#6900 = VECTOR('',#6901,1.);
#6901 = DIRECTION('',(0.,0.,1.));
#6902 = ORIENTED_EDGE('',*,*,#6508,.F.);
#6903 = ORIENTED_EDGE('',*,*,#6897,.F.);
#6904 = CYLINDRICAL_SURFACE('',#6905,0.4445);
#6905 = AXIS2_PLACEMENT_3D('',#6906,#6907,#6908);
#6906 = CARTESIAN_POINT('',(3.81,18.415,-4.5E-02));
#6907 = DIRECTION('',(-0.,-0.,-1.));
#6908 = DIRECTION('',(-0.,-1.,0.));
#6909 = ADVANCED_FACE('',(#6910),#6921,.F.);
#6910 = FACE_BOUND('',#6911,.T.);
#6911 = EDGE_LOOP('',(#6912,#6913,#6919,#6920));
#6912 = ORIENTED_EDGE('',*,*,#6150,.T.);
#6913 = ORIENTED_EDGE('',*,*,#6914,.T.);
#6914 = EDGE_CURVE('',#6151,#6520,#6915,.T.);
#6915 = LINE('',#6916,#6917);
#6916 = CARTESIAN_POINT('',(6.35,17.9705,-4.5E-02));
#6917 = VECTOR('',#6918,1.);
#6918 = DIRECTION('',(0.,0.,1.));
#6919 = ORIENTED_EDGE('',*,*,#6519,.F.);
#6920 = ORIENTED_EDGE('',*,*,#6914,.F.);
#6921 = CYLINDRICAL_SURFACE('',#6922,0.4445);
#6922 = AXIS2_PLACEMENT_3D('',#6923,#6924,#6925);
#6923 = CARTESIAN_POINT('',(6.35,18.415,-4.5E-02));
#6924 = DIRECTION('',(-0.,-0.,-1.));
#6925 = DIRECTION('',(-0.,-1.,0.));
#6926 = ADVANCED_FACE('',(#6927),#6938,.F.);
#6927 = FACE_BOUND('',#6928,.T.);
#6928 = EDGE_LOOP('',(#6929,#6930,#6936,#6937));
#6929 = ORIENTED_EDGE('',*,*,#6161,.T.);
#6930 = ORIENTED_EDGE('',*,*,#6931,.T.);
#6931 = EDGE_CURVE('',#6162,#6531,#6932,.T.);
#6932 = LINE('',#6933,#6934);
#6933 = CARTESIAN_POINT('',(43.815,3.87,-4.5E-02));
#6934 = VECTOR('',#6935,1.);
#6935 = DIRECTION('',(0.,0.,1.));
#6936 = ORIENTED_EDGE('',*,*,#6530,.F.);
#6937 = ORIENTED_EDGE('',*,*,#6931,.F.);
#6938 = CYLINDRICAL_SURFACE('',#6939,0.6);
#6939 = AXIS2_PLACEMENT_3D('',#6940,#6941,#6942);
#6940 = CARTESIAN_POINT('',(43.815,4.47,-4.5E-02));
#6941 = DIRECTION('',(-0.,-0.,-1.));
#6942 = DIRECTION('',(-0.,-1.,0.));
#6943 = ADVANCED_FACE('',(#6944),#6955,.F.);
#6944 = FACE_BOUND('',#6945,.T.);
#6945 = EDGE_LOOP('',(#6946,#6947,#6953,#6954));
#6946 = ORIENTED_EDGE('',*,*,#6172,.T.);
#6947 = ORIENTED_EDGE('',*,*,#6948,.T.);
#6948 = EDGE_CURVE('',#6173,#6542,#6949,.T.);
#6949 = LINE('',#6950,#6951);
#6950 = CARTESIAN_POINT('',(55.88,3.58,-4.5E-02));
#6951 = VECTOR('',#6952,1.);
#6952 = DIRECTION('',(0.,0.,1.));
#6953 = ORIENTED_EDGE('',*,*,#6541,.F.);
#6954 = ORIENTED_EDGE('',*,*,#6948,.F.);
#6955 = CYLINDRICAL_SURFACE('',#6956,1.5);
#6956 = AXIS2_PLACEMENT_3D('',#6957,#6958,#6959);
#6957 = CARTESIAN_POINT('',(55.88,5.08,-4.5E-02));
#6958 = DIRECTION('',(-0.,-0.,-1.));
#6959 = DIRECTION('',(-0.,-1.,0.));
#6960 = ADVANCED_FACE('',(#6961),#6972,.F.);
#6961 = FACE_BOUND('',#6962,.T.);
#6962 = EDGE_LOOP('',(#6963,#6964,#6970,#6971));
#6963 = ORIENTED_EDGE('',*,*,#6183,.T.);
#6964 = ORIENTED_EDGE('',*,*,#6965,.T.);
#6965 = EDGE_CURVE('',#6184,#6553,#6966,.T.);
#6966 = LINE('',#6967,#6968);
#6967 = CARTESIAN_POINT('',(52.705,11.03,-4.5E-02));
#6968 = VECTOR('',#6969,1.);
#6969 = DIRECTION('',(0.,0.,1.));
#6970 = ORIENTED_EDGE('',*,*,#6552,.F.);
#6971 = ORIENTED_EDGE('',*,*,#6965,.F.);
#6972 = CYLINDRICAL_SURFACE('',#6973,0.4);
#6973 = AXIS2_PLACEMENT_3D('',#6974,#6975,#6976);
#6974 = CARTESIAN_POINT('',(52.705,11.43,-4.5E-02));
#6975 = DIRECTION('',(-0.,-0.,-1.));
#6976 = DIRECTION('',(-0.,-1.,0.));
#6977 = ADVANCED_FACE('',(#6978),#6989,.F.);
#6978 = FACE_BOUND('',#6979,.T.);
#6979 = EDGE_LOOP('',(#6980,#6981,#6987,#6988));
#6980 = ORIENTED_EDGE('',*,*,#6194,.T.);
#6981 = ORIENTED_EDGE('',*,*,#6982,.T.);
#6982 = EDGE_CURVE('',#6195,#6564,#6983,.T.);
#6983 = LINE('',#6984,#6985);
#6984 = CARTESIAN_POINT('',(55.245,11.03,-4.5E-02));
#6985 = VECTOR('',#6986,1.);
#6986 = DIRECTION('',(0.,0.,1.));
#6987 = ORIENTED_EDGE('',*,*,#6563,.F.);
#6988 = ORIENTED_EDGE('',*,*,#6982,.F.);
#6989 = CYLINDRICAL_SURFACE('',#6990,0.4);
#6990 = AXIS2_PLACEMENT_3D('',#6991,#6992,#6993);
#6991 = CARTESIAN_POINT('',(55.245,11.43,-4.5E-02));
#6992 = DIRECTION('',(-0.,-0.,-1.));
#6993 = DIRECTION('',(-1.7763568394E-14,-1.,0.));
#6994 = ADVANCED_FACE('',(#6995),#7006,.F.);
#6995 = FACE_BOUND('',#6996,.T.);
#6996 = EDGE_LOOP('',(#6997,#6998,#7004,#7005));
#6997 = ORIENTED_EDGE('',*,*,#6205,.T.);
#6998 = ORIENTED_EDGE('',*,*,#6999,.T.);
#6999 = EDGE_CURVE('',#6206,#6575,#7000,.T.);
#7000 = LINE('',#7001,#7002);
#7001 = CARTESIAN_POINT('',(57.785,11.03,-4.5E-02));
#7002 = VECTOR('',#7003,1.);
#7003 = DIRECTION('',(0.,0.,1.));
#7004 = ORIENTED_EDGE('',*,*,#6574,.F.);
#7005 = ORIENTED_EDGE('',*,*,#6999,.F.);
#7006 = CYLINDRICAL_SURFACE('',#7007,0.4);
#7007 = AXIS2_PLACEMENT_3D('',#7008,#7009,#7010);
#7008 = CARTESIAN_POINT('',(57.785,11.43,-4.5E-02));
#7009 = DIRECTION('',(-0.,-0.,-1.));
#7010 = DIRECTION('',(-0.,-1.,0.));
#7011 = ADVANCED_FACE('',(#7012),#7023,.F.);
#7012 = FACE_BOUND('',#7013,.T.);
#7013 = EDGE_LOOP('',(#7014,#7015,#7021,#7022));
#7014 = ORIENTED_EDGE('',*,*,#6216,.T.);
#7015 = ORIENTED_EDGE('',*,*,#7016,.T.);
#7016 = EDGE_CURVE('',#6217,#6586,#7017,.T.);
#7017 = LINE('',#7018,#7019);
#7018 = CARTESIAN_POINT('',(52.705,16.745,-4.5E-02));
#7019 = VECTOR('',#7020,1.);
#7020 = DIRECTION('',(0.,0.,1.));
#7021 = ORIENTED_EDGE('',*,*,#6585,.F.);
#7022 = ORIENTED_EDGE('',*,*,#7016,.F.);
#7023 = CYLINDRICAL_SURFACE('',#7024,0.4);
#7024 = AXIS2_PLACEMENT_3D('',#7025,#7026,#7027);
#7025 = CARTESIAN_POINT('',(52.705,17.145,-4.5E-02));
#7026 = DIRECTION('',(-0.,-0.,-1.));
#7027 = DIRECTION('',(-0.,-1.,0.));
#7028 = ADVANCED_FACE('',(#7029),#7040,.F.);
#7029 = FACE_BOUND('',#7030,.T.);
#7030 = EDGE_LOOP('',(#7031,#7032,#7038,#7039));
#7031 = ORIENTED_EDGE('',*,*,#6227,.T.);
#7032 = ORIENTED_EDGE('',*,*,#7033,.T.);
#7033 = EDGE_CURVE('',#6228,#6597,#7034,.T.);
#7034 = LINE('',#7035,#7036);
#7035 = CARTESIAN_POINT('',(55.245,16.745,-4.5E-02));
#7036 = VECTOR('',#7037,1.);
#7037 = DIRECTION('',(0.,0.,1.));
#7038 = ORIENTED_EDGE('',*,*,#6596,.F.);
#7039 = ORIENTED_EDGE('',*,*,#7033,.F.);
#7040 = CYLINDRICAL_SURFACE('',#7041,0.4);
#7041 = AXIS2_PLACEMENT_3D('',#7042,#7043,#7044);
#7042 = CARTESIAN_POINT('',(55.245,17.145,-4.5E-02));
#7043 = DIRECTION('',(-0.,-0.,-1.));
#7044 = DIRECTION('',(-1.7763568394E-14,-1.,0.));
#7045 = ADVANCED_FACE('',(#7046),#7057,.F.);
#7046 = FACE_BOUND('',#7047,.T.);
#7047 = EDGE_LOOP('',(#7048,#7049,#7055,#7056));
#7048 = ORIENTED_EDGE('',*,*,#6238,.T.);
#7049 = ORIENTED_EDGE('',*,*,#7050,.T.);
#7050 = EDGE_CURVE('',#6239,#6608,#7051,.T.);
#7051 = LINE('',#7052,#7053);
#7052 = CARTESIAN_POINT('',(57.785,16.745,-4.5E-02));
#7053 = VECTOR('',#7054,1.);
#7054 = DIRECTION('',(0.,0.,1.));
#7055 = ORIENTED_EDGE('',*,*,#6607,.F.);
#7056 = ORIENTED_EDGE('',*,*,#7050,.F.);
#7057 = CYLINDRICAL_SURFACE('',#7058,0.4);
#7058 = AXIS2_PLACEMENT_3D('',#7059,#7060,#7061);
#7059 = CARTESIAN_POINT('',(57.785,17.145,-4.5E-02));
#7060 = DIRECTION('',(-0.,-0.,-1.));
#7061 = DIRECTION('',(-0.,-1.,0.));
#7062 = ADVANCED_FACE('',(#7063),#7074,.F.);
#7063 = FACE_BOUND('',#7064,.T.);
#7064 = EDGE_LOOP('',(#7065,#7066,#7072,#7073));
#7065 = ORIENTED_EDGE('',*,*,#6249,.T.);
#7066 = ORIENTED_EDGE('',*,*,#7067,.T.);
#7067 = EDGE_CURVE('',#6250,#6619,#7068,.T.);
#7068 = LINE('',#7069,#7070);
#7069 = CARTESIAN_POINT('',(3.81,20.5105,-4.5E-02));
#7070 = VECTOR('',#7071,1.);
#7071 = DIRECTION('',(0.,0.,1.));
#7072 = ORIENTED_EDGE('',*,*,#6618,.F.);
#7073 = ORIENTED_EDGE('',*,*,#7067,.F.);
#7074 = CYLINDRICAL_SURFACE('',#7075,0.4445);
#7075 = AXIS2_PLACEMENT_3D('',#7076,#7077,#7078);
#7076 = CARTESIAN_POINT('',(3.81,20.955,-4.5E-02));
#7077 = DIRECTION('',(-0.,-0.,-1.));
#7078 = DIRECTION('',(-0.,-1.,0.));
#7079 = ADVANCED_FACE('',(#7080),#7091,.F.);
#7080 = FACE_BOUND('',#7081,.T.);
#7081 = EDGE_LOOP('',(#7082,#7083,#7089,#7090));
#7082 = ORIENTED_EDGE('',*,*,#6260,.T.);
#7083 = ORIENTED_EDGE('',*,*,#7084,.T.);
#7084 = EDGE_CURVE('',#6261,#6630,#7085,.T.);
#7085 = LINE('',#7086,#7087);
#7086 = CARTESIAN_POINT('',(6.35,20.5105,-4.5E-02));
#7087 = VECTOR('',#7088,1.);
#7088 = DIRECTION('',(0.,0.,1.));
#7089 = ORIENTED_EDGE('',*,*,#6629,.F.);
#7090 = ORIENTED_EDGE('',*,*,#7084,.F.);
#7091 = CYLINDRICAL_SURFACE('',#7092,0.4445);
#7092 = AXIS2_PLACEMENT_3D('',#7093,#7094,#7095);
#7093 = CARTESIAN_POINT('',(6.35,20.955,-4.5E-02));
#7094 = DIRECTION('',(-0.,-0.,-1.));
#7095 = DIRECTION('',(-0.,-1.,0.));
#7096 = ADVANCED_FACE('',(#7097),#7108,.F.);
#7097 = FACE_BOUND('',#7098,.T.);
#7098 = EDGE_LOOP('',(#7099,#7100,#7106,#7107));
#7099 = ORIENTED_EDGE('',*,*,#6271,.T.);
#7100 = ORIENTED_EDGE('',*,*,#7101,.T.);
#7101 = EDGE_CURVE('',#6272,#6641,#7102,.T.);
#7102 = LINE('',#7103,#7104);
#7103 = CARTESIAN_POINT('',(3.81,23.0505,-4.5E-02));
#7104 = VECTOR('',#7105,1.);
#7105 = DIRECTION('',(0.,0.,1.));
#7106 = ORIENTED_EDGE('',*,*,#6640,.F.);
#7107 = ORIENTED_EDGE('',*,*,#7101,.F.);
#7108 = CYLINDRICAL_SURFACE('',#7109,0.4445);
#7109 = AXIS2_PLACEMENT_3D('',#7110,#7111,#7112);
#7110 = CARTESIAN_POINT('',(3.81,23.495,-4.5E-02));
#7111 = DIRECTION('',(-0.,-0.,-1.));
#7112 = DIRECTION('',(-0.,-1.,0.));
#7113 = ADVANCED_FACE('',(#7114),#7125,.F.);
#7114 = FACE_BOUND('',#7115,.T.);
#7115 = EDGE_LOOP('',(#7116,#7117,#7123,#7124));
#7116 = ORIENTED_EDGE('',*,*,#6282,.T.);
#7117 = ORIENTED_EDGE('',*,*,#7118,.T.);
#7118 = EDGE_CURVE('',#6283,#6652,#7119,.T.);
#7119 = LINE('',#7120,#7121);
#7120 = CARTESIAN_POINT('',(6.35,23.0505,-4.5E-02));
#7121 = VECTOR('',#7122,1.);
#7122 = DIRECTION('',(0.,0.,1.));
#7123 = ORIENTED_EDGE('',*,*,#6651,.F.);
#7124 = ORIENTED_EDGE('',*,*,#7118,.F.);
#7125 = CYLINDRICAL_SURFACE('',#7126,0.4445);
#7126 = AXIS2_PLACEMENT_3D('',#7127,#7128,#7129);
#7127 = CARTESIAN_POINT('',(6.35,23.495,-4.5E-02));
#7128 = DIRECTION('',(-0.,-0.,-1.));
#7129 = DIRECTION('',(-0.,-1.,0.));
#7130 = ADVANCED_FACE('',(#7131),#7142,.F.);
#7131 = FACE_BOUND('',#7132,.T.);
#7132 = EDGE_LOOP('',(#7133,#7134,#7140,#7141));
#7133 = ORIENTED_EDGE('',*,*,#6293,.T.);
#7134 = ORIENTED_EDGE('',*,*,#7135,.T.);
#7135 = EDGE_CURVE('',#6294,#6663,#7136,.T.);
#7136 = LINE('',#7137,#7138);
#7137 = CARTESIAN_POINT('',(3.81,25.5905,-4.5E-02));
#7138 = VECTOR('',#7139,1.);
#7139 = DIRECTION('',(0.,0.,1.));
#7140 = ORIENTED_EDGE('',*,*,#6662,.F.);
#7141 = ORIENTED_EDGE('',*,*,#7135,.F.);
#7142 = CYLINDRICAL_SURFACE('',#7143,0.4445);
#7143 = AXIS2_PLACEMENT_3D('',#7144,#7145,#7146);
#7144 = CARTESIAN_POINT('',(3.81,26.035,-4.5E-02));
#7145 = DIRECTION('',(-0.,-0.,-1.));
#7146 = DIRECTION('',(-0.,-1.,0.));
#7147 = ADVANCED_FACE('',(#7148),#7159,.F.);
#7148 = FACE_BOUND('',#7149,.T.);
#7149 = EDGE_LOOP('',(#7150,#7151,#7157,#7158));
#7150 = ORIENTED_EDGE('',*,*,#6304,.T.);
#7151 = ORIENTED_EDGE('',*,*,#7152,.T.);
#7152 = EDGE_CURVE('',#6305,#6674,#7153,.T.);
#7153 = LINE('',#7154,#7155);
#7154 = CARTESIAN_POINT('',(6.35,25.5905,-4.5E-02));
#7155 = VECTOR('',#7156,1.);
#7156 = DIRECTION('',(0.,0.,1.));
#7157 = ORIENTED_EDGE('',*,*,#6673,.F.);
#7158 = ORIENTED_EDGE('',*,*,#7152,.F.);
#7159 = CYLINDRICAL_SURFACE('',#7160,0.4445);
#7160 = AXIS2_PLACEMENT_3D('',#7161,#7162,#7163);
#7161 = CARTESIAN_POINT('',(6.35,26.035,-4.5E-02));
#7162 = DIRECTION('',(-0.,-0.,-1.));
#7163 = DIRECTION('',(-0.,-1.,0.));
#7164 = ADVANCED_FACE('',(#7165),#7176,.F.);
#7165 = FACE_BOUND('',#7166,.T.);
#7166 = EDGE_LOOP('',(#7167,#7168,#7174,#7175));
#7167 = ORIENTED_EDGE('',*,*,#6315,.T.);
#7168 = ORIENTED_EDGE('',*,*,#7169,.T.);
#7169 = EDGE_CURVE('',#6316,#6685,#7170,.T.);
#7170 = LINE('',#7171,#7172);
#7171 = CARTESIAN_POINT('',(5.08,34.06,-4.5E-02));
#7172 = VECTOR('',#7173,1.);
#7173 = DIRECTION('',(0.,0.,1.));
#7174 = ORIENTED_EDGE('',*,*,#6684,.F.);
#7175 = ORIENTED_EDGE('',*,*,#7169,.F.);
#7176 = CYLINDRICAL_SURFACE('',#7177,1.5);
#7177 = AXIS2_PLACEMENT_3D('',#7178,#7179,#7180);
#7178 = CARTESIAN_POINT('',(5.08,35.56,-4.5E-02));
#7179 = DIRECTION('',(-0.,-0.,-1.));
#7180 = DIRECTION('',(-0.,-1.,0.));
#7181 = ADVANCED_FACE('',(#7182),#7193,.F.);
#7182 = FACE_BOUND('',#7183,.T.);
#7183 = EDGE_LOOP('',(#7184,#7185,#7191,#7192));
#7184 = ORIENTED_EDGE('',*,*,#6326,.T.);
#7185 = ORIENTED_EDGE('',*,*,#7186,.T.);
#7186 = EDGE_CURVE('',#6327,#6696,#7187,.T.);
#7187 = LINE('',#7188,#7189);
#7188 = CARTESIAN_POINT('',(15.875,35.57,-4.5E-02));
#7189 = VECTOR('',#7190,1.);
#7190 = DIRECTION('',(0.,0.,1.));
#7191 = ORIENTED_EDGE('',*,*,#6695,.F.);
#7192 = ORIENTED_EDGE('',*,*,#7186,.F.);
#7193 = CYLINDRICAL_SURFACE('',#7194,0.6);
#7194 = AXIS2_PLACEMENT_3D('',#7195,#7196,#7197);
#7195 = CARTESIAN_POINT('',(15.875,36.17,-4.5E-02));
#7196 = DIRECTION('',(-0.,-0.,-1.));
#7197 = DIRECTION('',(-0.,-1.,0.));
#7198 = ADVANCED_FACE('',(#7199),#7210,.F.);
#7199 = FACE_BOUND('',#7200,.T.);
#7200 = EDGE_LOOP('',(#7201,#7202,#7208,#7209));
#7201 = ORIENTED_EDGE('',*,*,#6337,.T.);
#7202 = ORIENTED_EDGE('',*,*,#7203,.T.);
#7203 = EDGE_CURVE('',#6338,#6707,#7204,.T.);
#7204 = LINE('',#7205,#7206);
#7205 = CARTESIAN_POINT('',(29.845,35.57,-4.5E-02));
#7206 = VECTOR('',#7207,1.);
#7207 = DIRECTION('',(0.,0.,1.));
#7208 = ORIENTED_EDGE('',*,*,#6706,.F.);
#7209 = ORIENTED_EDGE('',*,*,#7203,.F.);
#7210 = CYLINDRICAL_SURFACE('',#7211,0.6);
#7211 = AXIS2_PLACEMENT_3D('',#7212,#7213,#7214);
#7212 = CARTESIAN_POINT('',(29.845,36.17,-4.5E-02));
#7213 = DIRECTION('',(-0.,-0.,-1.));
#7214 = DIRECTION('',(-0.,-1.,0.));
#7215 = ADVANCED_FACE('',(#7216),#7227,.F.);
#7216 = FACE_BOUND('',#7217,.T.);
#7217 = EDGE_LOOP('',(#7218,#7219,#7225,#7226));
#7218 = ORIENTED_EDGE('',*,*,#6348,.T.);
#7219 = ORIENTED_EDGE('',*,*,#7220,.T.);
#7220 = EDGE_CURVE('',#6349,#6718,#7221,.T.);
#7221 = LINE('',#7222,#7223);
#7222 = CARTESIAN_POINT('',(36.83,27.52,-4.5E-02));
#7223 = VECTOR('',#7224,1.);
#7224 = DIRECTION('',(0.,0.,1.));
#7225 = ORIENTED_EDGE('',*,*,#6717,.F.);
#7226 = ORIENTED_EDGE('',*,*,#7220,.F.);
#7227 = CYLINDRICAL_SURFACE('',#7228,0.5);
#7228 = AXIS2_PLACEMENT_3D('',#7229,#7230,#7231);
#7229 = CARTESIAN_POINT('',(36.83,28.02,-4.5E-02));
#7230 = DIRECTION('',(-0.,-0.,-1.));
#7231 = DIRECTION('',(-0.,-1.,0.));
#7232 = ADVANCED_FACE('',(#7233),#7244,.F.);
#7233 = FACE_BOUND('',#7234,.T.);
#7234 = EDGE_LOOP('',(#7235,#7236,#7242,#7243));
#7235 = ORIENTED_EDGE('',*,*,#6359,.T.);
#7236 = ORIENTED_EDGE('',*,*,#7237,.T.);
#7237 = EDGE_CURVE('',#6360,#6729,#7238,.T.);
#7238 = LINE('',#7239,#7240);
#7239 = CARTESIAN_POINT('',(52.705,22.46,-4.5E-02));
#7240 = VECTOR('',#7241,1.);
#7241 = DIRECTION('',(0.,0.,1.));
#7242 = ORIENTED_EDGE('',*,*,#6728,.F.);
#7243 = ORIENTED_EDGE('',*,*,#7237,.F.);
#7244 = CYLINDRICAL_SURFACE('',#7245,0.4);
#7245 = AXIS2_PLACEMENT_3D('',#7246,#7247,#7248);
#7246 = CARTESIAN_POINT('',(52.705,22.86,-4.5E-02));
#7247 = DIRECTION('',(-0.,-0.,-1.));
#7248 = DIRECTION('',(-0.,-1.,0.));
#7249 = ADVANCED_FACE('',(#7250),#7261,.F.);
#7250 = FACE_BOUND('',#7251,.T.);
#7251 = EDGE_LOOP('',(#7252,#7253,#7259,#7260));
#7252 = ORIENTED_EDGE('',*,*,#6370,.T.);
#7253 = ORIENTED_EDGE('',*,*,#7254,.T.);
#7254 = EDGE_CURVE('',#6371,#6740,#7255,.T.);
#7255 = LINE('',#7256,#7257);
#7256 = CARTESIAN_POINT('',(55.245,22.46,-4.5E-02));
#7257 = VECTOR('',#7258,1.);
#7258 = DIRECTION('',(0.,0.,1.));
#7259 = ORIENTED_EDGE('',*,*,#6739,.F.);
#7260 = ORIENTED_EDGE('',*,*,#7254,.F.);
#7261 = CYLINDRICAL_SURFACE('',#7262,0.4);
#7262 = AXIS2_PLACEMENT_3D('',#7263,#7264,#7265);
#7263 = CARTESIAN_POINT('',(55.245,22.86,-4.5E-02));
#7264 = DIRECTION('',(-0.,-0.,-1.));
#7265 = DIRECTION('',(-1.7763568394E-14,-1.,0.));
#7266 = ADVANCED_FACE('',(#7267),#7278,.F.);
#7267 = FACE_BOUND('',#7268,.T.);
#7268 = EDGE_LOOP('',(#7269,#7270,#7276,#7277));
#7269 = ORIENTED_EDGE('',*,*,#6381,.T.);
#7270 = ORIENTED_EDGE('',*,*,#7271,.T.);
#7271 = EDGE_CURVE('',#6382,#6751,#7272,.T.);
#7272 = LINE('',#7273,#7274);
#7273 = CARTESIAN_POINT('',(57.785,22.46,-4.5E-02));
#7274 = VECTOR('',#7275,1.);
#7275 = DIRECTION('',(0.,0.,1.));
#7276 = ORIENTED_EDGE('',*,*,#6750,.F.);
#7277 = ORIENTED_EDGE('',*,*,#7271,.F.);
#7278 = CYLINDRICAL_SURFACE('',#7279,0.4);
#7279 = AXIS2_PLACEMENT_3D('',#7280,#7281,#7282);
#7280 = CARTESIAN_POINT('',(57.785,22.86,-4.5E-02));
#7281 = DIRECTION('',(-0.,-0.,-1.));
#7282 = DIRECTION('',(-0.,-1.,0.));
#7283 = ADVANCED_FACE('',(#7284),#7295,.F.);
#7284 = FACE_BOUND('',#7285,.T.);
#7285 = EDGE_LOOP('',(#7286,#7287,#7293,#7294));
#7286 = ORIENTED_EDGE('',*,*,#6392,.T.);
#7287 = ORIENTED_EDGE('',*,*,#7288,.T.);
#7288 = EDGE_CURVE('',#6393,#6762,#7289,.T.);
#7289 = LINE('',#7290,#7291);
#7290 = CARTESIAN_POINT('',(52.705,28.175,-4.5E-02));
#7291 = VECTOR('',#7292,1.);
#7292 = DIRECTION('',(0.,0.,1.));
#7293 = ORIENTED_EDGE('',*,*,#6761,.F.);
#7294 = ORIENTED_EDGE('',*,*,#7288,.F.);
#7295 = CYLINDRICAL_SURFACE('',#7296,0.4);
#7296 = AXIS2_PLACEMENT_3D('',#7297,#7298,#7299);
#7297 = CARTESIAN_POINT('',(52.705,28.575,-4.5E-02));
#7298 = DIRECTION('',(-0.,-0.,-1.));
#7299 = DIRECTION('',(-0.,-1.,0.));
#7300 = ADVANCED_FACE('',(#7301),#7312,.F.);
#7301 = FACE_BOUND('',#7302,.T.);
#7302 = EDGE_LOOP('',(#7303,#7304,#7310,#7311));
#7303 = ORIENTED_EDGE('',*,*,#6403,.T.);
#7304 = ORIENTED_EDGE('',*,*,#7305,.T.);
#7305 = EDGE_CURVE('',#6404,#6773,#7306,.T.);
#7306 = LINE('',#7307,#7308);
#7307 = CARTESIAN_POINT('',(55.245,28.175,-4.5E-02));
#7308 = VECTOR('',#7309,1.);
#7309 = DIRECTION('',(0.,0.,1.));
#7310 = ORIENTED_EDGE('',*,*,#6772,.F.);
#7311 = ORIENTED_EDGE('',*,*,#7305,.F.);
#7312 = CYLINDRICAL_SURFACE('',#7313,0.4);
#7313 = AXIS2_PLACEMENT_3D('',#7314,#7315,#7316);
#7314 = CARTESIAN_POINT('',(55.245,28.575,-4.5E-02));
#7315 = DIRECTION('',(-0.,-0.,-1.));
#7316 = DIRECTION('',(-1.7763568394E-14,-1.,0.));
#7317 = ADVANCED_FACE('',(#7318),#7329,.F.);
#7318 = FACE_BOUND('',#7319,.T.);
#7319 = EDGE_LOOP('',(#7320,#7321,#7327,#7328));
#7320 = ORIENTED_EDGE('',*,*,#6414,.T.);
#7321 = ORIENTED_EDGE('',*,*,#7322,.T.);
#7322 = EDGE_CURVE('',#6415,#6784,#7323,.T.);
#7323 = LINE('',#7324,#7325);
#7324 = CARTESIAN_POINT('',(57.785,28.175,-4.5E-02));
#7325 = VECTOR('',#7326,1.);
#7326 = DIRECTION('',(0.,0.,1.));
#7327 = ORIENTED_EDGE('',*,*,#6783,.F.);
#7328 = ORIENTED_EDGE('',*,*,#7322,.F.);
#7329 = CYLINDRICAL_SURFACE('',#7330,0.4);
#7330 = AXIS2_PLACEMENT_3D('',#7331,#7332,#7333);
#7331 = CARTESIAN_POINT('',(57.785,28.575,-4.5E-02));
#7332 = DIRECTION('',(-0.,-0.,-1.));
#7333 = DIRECTION('',(-0.,-1.,0.));
#7334 = ADVANCED_FACE('',(#7335),#7346,.F.);
#7335 = FACE_BOUND('',#7336,.T.);
#7336 = EDGE_LOOP('',(#7337,#7338,#7344,#7345));
#7337 = ORIENTED_EDGE('',*,*,#6425,.T.);
#7338 = ORIENTED_EDGE('',*,*,#7339,.T.);
#7339 = EDGE_CURVE('',#6426,#6795,#7340,.T.);
#7340 = LINE('',#7341,#7342);
#7341 = CARTESIAN_POINT('',(36.83,32.52,-4.5E-02));
#7342 = VECTOR('',#7343,1.);
#7343 = DIRECTION('',(0.,0.,1.));
#7344 = ORIENTED_EDGE('',*,*,#6794,.F.);
#7345 = ORIENTED_EDGE('',*,*,#7339,.F.);
#7346 = CYLINDRICAL_SURFACE('',#7347,0.5);
#7347 = AXIS2_PLACEMENT_3D('',#7348,#7349,#7350);
#7348 = CARTESIAN_POINT('',(36.83,33.02,-4.5E-02));
#7349 = DIRECTION('',(-0.,-0.,-1.));
#7350 = DIRECTION('',(-0.,-1.,0.));
#7351 = ADVANCED_FACE('',(#7352),#7363,.F.);
#7352 = FACE_BOUND('',#7353,.T.);
#7353 = EDGE_LOOP('',(#7354,#7355,#7361,#7362));
#7354 = ORIENTED_EDGE('',*,*,#6436,.T.);
#7355 = ORIENTED_EDGE('',*,*,#7356,.T.);
#7356 = EDGE_CURVE('',#6437,#6806,#7357,.T.);
#7357 = LINE('',#7358,#7359);
#7358 = CARTESIAN_POINT('',(43.815,35.57,-4.5E-02));
#7359 = VECTOR('',#7360,1.);
#7360 = DIRECTION('',(0.,0.,1.));
#7361 = ORIENTED_EDGE('',*,*,#6805,.F.);
#7362 = ORIENTED_EDGE('',*,*,#7356,.F.);
#7363 = CYLINDRICAL_SURFACE('',#7364,0.6);
#7364 = AXIS2_PLACEMENT_3D('',#7365,#7366,#7367);
#7365 = CARTESIAN_POINT('',(43.815,36.17,-4.5E-02));
#7366 = DIRECTION('',(-0.,-0.,-1.));
#7367 = DIRECTION('',(-0.,-1.,0.));
#7368 = ADVANCED_FACE('',(#7369),#7380,.F.);
#7369 = FACE_BOUND('',#7370,.T.);
#7370 = EDGE_LOOP('',(#7371,#7372,#7378,#7379));
#7371 = ORIENTED_EDGE('',*,*,#6447,.T.);
#7372 = ORIENTED_EDGE('',*,*,#7373,.T.);
#7373 = EDGE_CURVE('',#6448,#6817,#7374,.T.);
#7374 = LINE('',#7375,#7376);
#7375 = CARTESIAN_POINT('',(55.88,34.06,-4.5E-02));
#7376 = VECTOR('',#7377,1.);
#7377 = DIRECTION('',(0.,0.,1.));
#7378 = ORIENTED_EDGE('',*,*,#6816,.F.);
#7379 = ORIENTED_EDGE('',*,*,#7373,.F.);
#7380 = CYLINDRICAL_SURFACE('',#7381,1.5);
#7381 = AXIS2_PLACEMENT_3D('',#7382,#7383,#7384);
#7382 = CARTESIAN_POINT('',(55.88,35.56,-4.5E-02));
#7383 = DIRECTION('',(-0.,-0.,-1.));
#7384 = DIRECTION('',(-0.,-1.,0.));
#7385 = ( GEOMETRIC_REPRESENTATION_CONTEXT(3) 
GLOBAL_UNCERTAINTY_ASSIGNED_CONTEXT((#7389)) 
GLOBAL_UNIT_ASSIGNED_CONTEXT((#7386,#7387,#7388)) REPRESENTATION_CONTEXT
('Context #1','3D Context with UNIT and UNCERTAINTY') );
#7386 = ( LENGTH_UNIT() NAMED_UNIT(*) SI_UNIT(.MILLI.,.METRE.) );
#7387 = ( NAMED_UNIT(*) PLANE_ANGLE_UNIT() SI_UNIT($,.RADIAN.) );
#7388 = ( NAMED_UNIT(*) SI_UNIT($,.STERADIAN.) SOLID_ANGLE_UNIT() );
#7389 = UNCERTAINTY_MEASURE_WITH_UNIT(LENGTH_MEASURE(1.E-07),#7386,
  'distance_accuracy_value','confusion accuracy');
#7390 = CONTEXT_DEPENDENT_SHAPE_REPRESENTATION(#7391,#7393);
#7391 = ( REPRESENTATION_RELATIONSHIP('','',#5986,#10) 
REPRESENTATION_RELATIONSHIP_WITH_TRANSFORMATION(#7392) 
SHAPE_REPRESENTATION_RELATIONSHIP() );
#7392 = ITEM_DEFINED_TRANSFORMATION('','',#11,#123);
#7393 = PRODUCT_DEFINITION_SHAPE('Placement','Placement of an item',
  #7394);
#7394 = NEXT_ASSEMBLY_USAGE_OCCURRENCE('32','=>[0:1:1:10]','',#5,#5981,$
  );
#7395 = PRODUCT_RELATED_PRODUCT_CATEGORY('part',$,(#5983));
#7396 = MECHANICAL_DESIGN_GEOMETRIC_PRESENTATION_REPRESENTATION('',(
    #7397),#7385);
#7397 = STYLED_ITEM('color',(#7398),#5987);
#7398 = PRESENTATION_STYLE_ASSIGNMENT((#7399));
#7399 = SURFACE_STYLE_USAGE(.BOTH.,#7400);
#7400 = SURFACE_SIDE_STYLE('',(#7401));
#7401 = SURFACE_STYLE_FILL_AREA(#7402);
#7402 = FILL_AREA_STYLE('',(#7403));
#7403 = FILL_AREA_STYLE_COLOUR('',#7404);
#7404 = COLOUR_RGB('',0.313304153717,0.484529207832,0.410020903123);
#7405 = MECHANICAL_DESIGN_GEOMETRIC_PRESENTATION_REPRESENTATION('',(
    #7406,#7414,#7421,#7428,#7435,#7442,#7449,#7456,#7464,#7471,#7478,
    #7485,#7492,#7499,#7507,#7514,#7521,#7528,#7535,#7542,#7549,#7556,
    #7563,#7570,#7577,#7584),#3066);
#7406 = STYLED_ITEM('color',(#7407),#2278);
#7407 = PRESENTATION_STYLE_ASSIGNMENT((#7408));
#7408 = SURFACE_STYLE_USAGE(.BOTH.,#7409);
#7409 = SURFACE_SIDE_STYLE('',(#7410));
#7410 = SURFACE_STYLE_FILL_AREA(#7411);
#7411 = FILL_AREA_STYLE('',(#7412));
#7412 = FILL_AREA_STYLE_COLOUR('',#7413);
#7413 = COLOUR_RGB('',0.823999987314,0.819999987296,0.781000009244);
#7414 = STYLED_ITEM('color',(#7415),#2318);
#7415 = PRESENTATION_STYLE_ASSIGNMENT((#7416));
#7416 = SURFACE_STYLE_USAGE(.BOTH.,#7417);
#7417 = SURFACE_SIDE_STYLE('',(#7418));
#7418 = SURFACE_STYLE_FILL_AREA(#7419);
#7419 = FILL_AREA_STYLE('',(#7420));
#7420 = FILL_AREA_STYLE_COLOUR('',#7413);
#7421 = STYLED_ITEM('color',(#7422),#2401);
#7422 = PRESENTATION_STYLE_ASSIGNMENT((#7423));
#7423 = SURFACE_STYLE_USAGE(.BOTH.,#7424);
#7424 = SURFACE_SIDE_STYLE('',(#7425));
#7425 = SURFACE_STYLE_FILL_AREA(#7426);
#7426 = FILL_AREA_STYLE('',(#7427));
#7427 = FILL_AREA_STYLE_COLOUR('',#7413);
#7428 = STYLED_ITEM('color',(#7429),#2426);
#7429 = PRESENTATION_STYLE_ASSIGNMENT((#7430));
#7430 = SURFACE_STYLE_USAGE(.BOTH.,#7431);
#7431 = SURFACE_SIDE_STYLE('',(#7432));
#7432 = SURFACE_STYLE_FILL_AREA(#7433);
#7433 = FILL_AREA_STYLE('',(#7434));
#7434 = FILL_AREA_STYLE_COLOUR('',#7413);
#7435 = STYLED_ITEM('color',(#7436),#2451);
#7436 = PRESENTATION_STYLE_ASSIGNMENT((#7437));
#7437 = SURFACE_STYLE_USAGE(.BOTH.,#7438);
#7438 = SURFACE_SIDE_STYLE('',(#7439));
#7439 = SURFACE_STYLE_FILL_AREA(#7440);
#7440 = FILL_AREA_STYLE('',(#7441));
#7441 = FILL_AREA_STYLE_COLOUR('',#7413);
#7442 = STYLED_ITEM('color',(#7443),#2518);
#7443 = PRESENTATION_STYLE_ASSIGNMENT((#7444));
#7444 = SURFACE_STYLE_USAGE(.BOTH.,#7445);
#7445 = SURFACE_SIDE_STYLE('',(#7446));
#7446 = SURFACE_STYLE_FILL_AREA(#7447);
#7447 = FILL_AREA_STYLE('',(#7448));
#7448 = FILL_AREA_STYLE_COLOUR('',#7413);
#7449 = STYLED_ITEM('color',(#7450),#2535);
#7450 = PRESENTATION_STYLE_ASSIGNMENT((#7451));
#7451 = SURFACE_STYLE_USAGE(.BOTH.,#7452);
#7452 = SURFACE_SIDE_STYLE('',(#7453));
#7453 = SURFACE_STYLE_FILL_AREA(#7454);
#7454 = FILL_AREA_STYLE('',(#7455));
#7455 = FILL_AREA_STYLE_COLOUR('',#7413);
#7456 = STYLED_ITEM('color',(#7457),#2552);
#7457 = PRESENTATION_STYLE_ASSIGNMENT((#7458));
#7458 = SURFACE_STYLE_USAGE(.BOTH.,#7459);
#7459 = SURFACE_SIDE_STYLE('',(#7460));
#7460 = SURFACE_STYLE_FILL_AREA(#7461);
#7461 = FILL_AREA_STYLE('',(#7462));
#7462 = FILL_AREA_STYLE_COLOUR('',#7463);
#7463 = COLOUR_RGB('',0.894999966383,0.890999961016,0.813000030345);
#7464 = STYLED_ITEM('color',(#7465),#2601);
#7465 = PRESENTATION_STYLE_ASSIGNMENT((#7466));
#7466 = SURFACE_STYLE_USAGE(.BOTH.,#7467);
#7467 = SURFACE_SIDE_STYLE('',(#7468));
#7468 = SURFACE_STYLE_FILL_AREA(#7469);
#7469 = FILL_AREA_STYLE('',(#7470));
#7470 = FILL_AREA_STYLE_COLOUR('',#7413);
#7471 = STYLED_ITEM('color',(#7472),#2618);
#7472 = PRESENTATION_STYLE_ASSIGNMENT((#7473));
#7473 = SURFACE_STYLE_USAGE(.BOTH.,#7474);
#7474 = SURFACE_SIDE_STYLE('',(#7475));
#7475 = SURFACE_STYLE_FILL_AREA(#7476);
#7476 = FILL_AREA_STYLE('',(#7477));
#7477 = FILL_AREA_STYLE_COLOUR('',#7413);
#7478 = STYLED_ITEM('color',(#7479),#2635);
#7479 = PRESENTATION_STYLE_ASSIGNMENT((#7480));
#7480 = SURFACE_STYLE_USAGE(.BOTH.,#7481);
#7481 = SURFACE_SIDE_STYLE('',(#7482));
#7482 = SURFACE_STYLE_FILL_AREA(#7483);
#7483 = FILL_AREA_STYLE('',(#7484));
#7484 = FILL_AREA_STYLE_COLOUR('',#7463);
#7485 = STYLED_ITEM('color',(#7486),#2684);
#7486 = PRESENTATION_STYLE_ASSIGNMENT((#7487));
#7487 = SURFACE_STYLE_USAGE(.BOTH.,#7488);
#7488 = SURFACE_SIDE_STYLE('',(#7489));
#7489 = SURFACE_STYLE_FILL_AREA(#7490);
#7490 = FILL_AREA_STYLE('',(#7491));
#7491 = FILL_AREA_STYLE_COLOUR('',#7463);
#7492 = STYLED_ITEM('color',(#7493),#2701);
#7493 = PRESENTATION_STYLE_ASSIGNMENT((#7494));
#7494 = SURFACE_STYLE_USAGE(.BOTH.,#7495);
#7495 = SURFACE_SIDE_STYLE('',(#7496));
#7496 = SURFACE_STYLE_FILL_AREA(#7497);
#7497 = FILL_AREA_STYLE('',(#7498));
#7498 = FILL_AREA_STYLE_COLOUR('',#7413);
#7499 = STYLED_ITEM('color',(#7500),#2770);
#7500 = PRESENTATION_STYLE_ASSIGNMENT((#7501));
#7501 = SURFACE_STYLE_USAGE(.BOTH.,#7502);
#7502 = SURFACE_SIDE_STYLE('',(#7503));
#7503 = SURFACE_STYLE_FILL_AREA(#7504);
#7504 = FILL_AREA_STYLE('',(#7505));
#7505 = FILL_AREA_STYLE_COLOUR('',#7506);
#7506 = COLOUR_RGB('',8.200000279077E-02,8.600000121357E-02,
  9.399999706163E-02);
#7507 = STYLED_ITEM('color',(#7508),#2801);
#7508 = PRESENTATION_STYLE_ASSIGNMENT((#7509));
#7509 = SURFACE_STYLE_USAGE(.BOTH.,#7510);
#7510 = SURFACE_SIDE_STYLE('',(#7511));
#7511 = SURFACE_STYLE_FILL_AREA(#7512);
#7512 = FILL_AREA_STYLE('',(#7513));
#7513 = FILL_AREA_STYLE_COLOUR('',#7506);
#7514 = STYLED_ITEM('color',(#7515),#2825);
#7515 = PRESENTATION_STYLE_ASSIGNMENT((#7516));
#7516 = SURFACE_STYLE_USAGE(.BOTH.,#7517);
#7517 = SURFACE_SIDE_STYLE('',(#7518));
#7518 = SURFACE_STYLE_FILL_AREA(#7519);
#7519 = FILL_AREA_STYLE('',(#7520));
#7520 = FILL_AREA_STYLE_COLOUR('',#7413);
#7521 = STYLED_ITEM('color',(#7522),#2894);
#7522 = PRESENTATION_STYLE_ASSIGNMENT((#7523));
#7523 = SURFACE_STYLE_USAGE(.BOTH.,#7524);
#7524 = SURFACE_SIDE_STYLE('',(#7525));
#7525 = SURFACE_STYLE_FILL_AREA(#7526);
#7526 = FILL_AREA_STYLE('',(#7527));
#7527 = FILL_AREA_STYLE_COLOUR('',#7506);
#7528 = STYLED_ITEM('color',(#7529),#2918);
#7529 = PRESENTATION_STYLE_ASSIGNMENT((#7530));
#7530 = SURFACE_STYLE_USAGE(.BOTH.,#7531);
#7531 = SURFACE_SIDE_STYLE('',(#7532));
#7532 = SURFACE_STYLE_FILL_AREA(#7533);
#7533 = FILL_AREA_STYLE('',(#7534));
#7534 = FILL_AREA_STYLE_COLOUR('',#7413);
#7535 = STYLED_ITEM('color',(#7536),#2935);
#7536 = PRESENTATION_STYLE_ASSIGNMENT((#7537));
#7537 = SURFACE_STYLE_USAGE(.BOTH.,#7538);
#7538 = SURFACE_SIDE_STYLE('',(#7539));
#7539 = SURFACE_STYLE_FILL_AREA(#7540);
#7540 = FILL_AREA_STYLE('',(#7541));
#7541 = FILL_AREA_STYLE_COLOUR('',#7413);
#7542 = STYLED_ITEM('color',(#7543),#2952);
#7543 = PRESENTATION_STYLE_ASSIGNMENT((#7544));
#7544 = SURFACE_STYLE_USAGE(.BOTH.,#7545);
#7545 = SURFACE_SIDE_STYLE('',(#7546));
#7546 = SURFACE_STYLE_FILL_AREA(#7547);
#7547 = FILL_AREA_STYLE('',(#7548));
#7548 = FILL_AREA_STYLE_COLOUR('',#7413);
#7549 = STYLED_ITEM('color',(#7550),#2969);
#7550 = PRESENTATION_STYLE_ASSIGNMENT((#7551));
#7551 = SURFACE_STYLE_USAGE(.BOTH.,#7552);
#7552 = SURFACE_SIDE_STYLE('',(#7553));
#7553 = SURFACE_STYLE_FILL_AREA(#7554);
#7554 = FILL_AREA_STYLE('',(#7555));
#7555 = FILL_AREA_STYLE_COLOUR('',#7413);
#7556 = STYLED_ITEM('color',(#7557),#2986);
#7557 = PRESENTATION_STYLE_ASSIGNMENT((#7558));
#7558 = SURFACE_STYLE_USAGE(.BOTH.,#7559);
#7559 = SURFACE_SIDE_STYLE('',(#7560));
#7560 = SURFACE_STYLE_FILL_AREA(#7561);
#7561 = FILL_AREA_STYLE('',(#7562));
#7562 = FILL_AREA_STYLE_COLOUR('',#7413);
#7563 = STYLED_ITEM('color',(#7564),#3003);
#7564 = PRESENTATION_STYLE_ASSIGNMENT((#7565));
#7565 = SURFACE_STYLE_USAGE(.BOTH.,#7566);
#7566 = SURFACE_SIDE_STYLE('',(#7567));
#7567 = SURFACE_STYLE_FILL_AREA(#7568);
#7568 = FILL_AREA_STYLE('',(#7569));
#7569 = FILL_AREA_STYLE_COLOUR('',#7413);
#7570 = STYLED_ITEM('color',(#7571),#3020);
#7571 = PRESENTATION_STYLE_ASSIGNMENT((#7572));
#7572 = SURFACE_STYLE_USAGE(.BOTH.,#7573);
#7573 = SURFACE_SIDE_STYLE('',(#7574));
#7574 = SURFACE_STYLE_FILL_AREA(#7575);
#7575 = FILL_AREA_STYLE('',(#7576));
#7576 = FILL_AREA_STYLE_COLOUR('',#7413);
#7577 = STYLED_ITEM('color',(#7578),#3037);
#7578 = PRESENTATION_STYLE_ASSIGNMENT((#7579));
#7579 = SURFACE_STYLE_USAGE(.BOTH.,#7580);
#7580 = SURFACE_SIDE_STYLE('',(#7581));
#7581 = SURFACE_STYLE_FILL_AREA(#7582);
#7582 = FILL_AREA_STYLE('',(#7583));
#7583 = FILL_AREA_STYLE_COLOUR('',#7506);
#7584 = STYLED_ITEM('color',(#7585),#3054);
#7585 = PRESENTATION_STYLE_ASSIGNMENT((#7586));
#7586 = SURFACE_STYLE_USAGE(.BOTH.,#7587);
#7587 = SURFACE_SIDE_STYLE('',(#7588));
#7588 = SURFACE_STYLE_FILL_AREA(#7589);
#7589 = FILL_AREA_STYLE('',(#7590));
#7590 = FILL_AREA_STYLE_COLOUR('',#7506);
#7591 = MECHANICAL_DESIGN_GEOMETRIC_PRESENTATION_REPRESENTATION('',(
    #7592,#7599,#7606,#7614,#7621,#7629,#7636,#7643,#7650,#7657,#7664,
    #7671,#7678,#7685,#7692,#7699,#7706,#7713,#7720,#7727,#7734,#7741,
    #7749,#7756,#7763,#7770,#7777,#7784,#7791,#7798,#7805,#7812,#7819,
    #7826,#7833,#7840,#7847,#7854,#7861,#7868,#7875,#7882,#7889,#7896,
    #7903,#7910,#7917,#7924),#2234);
#7592 = STYLED_ITEM('color',(#7593),#166);
#7593 = PRESENTATION_STYLE_ASSIGNMENT((#7594));
#7594 = SURFACE_STYLE_USAGE(.BOTH.,#7595);
#7595 = SURFACE_SIDE_STYLE('',(#7596));
#7596 = SURFACE_STYLE_FILL_AREA(#7597);
#7597 = FILL_AREA_STYLE('',(#7598));
#7598 = FILL_AREA_STYLE_COLOUR('',#7413);
#7599 = STYLED_ITEM('color',(#7600),#183);
#7600 = PRESENTATION_STYLE_ASSIGNMENT((#7601));
#7601 = SURFACE_STYLE_USAGE(.BOTH.,#7602);
#7602 = SURFACE_SIDE_STYLE('',(#7603));
#7603 = SURFACE_STYLE_FILL_AREA(#7604);
#7604 = FILL_AREA_STYLE('',(#7605));
#7605 = FILL_AREA_STYLE_COLOUR('',#7413);
#7606 = STYLED_ITEM('color',(#7607),#208);
#7607 = PRESENTATION_STYLE_ASSIGNMENT((#7608));
#7608 = SURFACE_STYLE_USAGE(.BOTH.,#7609);
#7609 = SURFACE_SIDE_STYLE('',(#7610));
#7610 = SURFACE_STYLE_FILL_AREA(#7611);
#7611 = FILL_AREA_STYLE('',(#7612));
#7612 = FILL_AREA_STYLE_COLOUR('',#7613);
#7613 = COLOUR_RGB('',0.136999991899,0.40200001271,0.726999997272);
#7614 = STYLED_ITEM('color',(#7615),#257);
#7615 = PRESENTATION_STYLE_ASSIGNMENT((#7616));
#7616 = SURFACE_STYLE_USAGE(.BOTH.,#7617);
#7617 = SURFACE_SIDE_STYLE('',(#7618));
#7618 = SURFACE_STYLE_FILL_AREA(#7619);
#7619 = FILL_AREA_STYLE('',(#7620));
#7620 = FILL_AREA_STYLE_COLOUR('',#7613);
#7621 = STYLED_ITEM('color',(#7622),#290);
#7622 = PRESENTATION_STYLE_ASSIGNMENT((#7623));
#7623 = SURFACE_STYLE_USAGE(.BOTH.,#7624);
#7624 = SURFACE_SIDE_STYLE('',(#7625));
#7625 = SURFACE_STYLE_FILL_AREA(#7626);
#7626 = FILL_AREA_STYLE('',(#7627));
#7627 = FILL_AREA_STYLE_COLOUR('',#7628);
#7628 = COLOUR_RGB('',0.690999977303,0.663999984767,0.597999987832);
#7629 = STYLED_ITEM('color',(#7630),#308);
#7630 = PRESENTATION_STYLE_ASSIGNMENT((#7631));
#7631 = SURFACE_STYLE_USAGE(.BOTH.,#7632);
#7632 = SURFACE_SIDE_STYLE('',(#7633));
#7633 = SURFACE_STYLE_FILL_AREA(#7634);
#7634 = FILL_AREA_STYLE('',(#7635));
#7635 = FILL_AREA_STYLE_COLOUR('',#7413);
#7636 = STYLED_ITEM('color',(#7637),#333);
#7637 = PRESENTATION_STYLE_ASSIGNMENT((#7638));
#7638 = SURFACE_STYLE_USAGE(.BOTH.,#7639);
#7639 = SURFACE_SIDE_STYLE('',(#7640));
#7640 = SURFACE_STYLE_FILL_AREA(#7641);
#7641 = FILL_AREA_STYLE('',(#7642));
#7642 = FILL_AREA_STYLE_COLOUR('',#7613);
#7643 = STYLED_ITEM('color',(#7644),#365);
#7644 = PRESENTATION_STYLE_ASSIGNMENT((#7645));
#7645 = SURFACE_STYLE_USAGE(.BOTH.,#7646);
#7646 = SURFACE_SIDE_STYLE('',(#7647));
#7647 = SURFACE_STYLE_FILL_AREA(#7648);
#7648 = FILL_AREA_STYLE('',(#7649));
#7649 = FILL_AREA_STYLE_COLOUR('',#7628);
#7650 = STYLED_ITEM('color',(#7651),#383);
#7651 = PRESENTATION_STYLE_ASSIGNMENT((#7652));
#7652 = SURFACE_STYLE_USAGE(.BOTH.,#7653);
#7653 = SURFACE_SIDE_STYLE('',(#7654));
#7654 = SURFACE_STYLE_FILL_AREA(#7655);
#7655 = FILL_AREA_STYLE('',(#7656));
#7656 = FILL_AREA_STYLE_COLOUR('',#7413);
#7657 = STYLED_ITEM('color',(#7658),#392);
#7658 = PRESENTATION_STYLE_ASSIGNMENT((#7659));
#7659 = SURFACE_STYLE_USAGE(.BOTH.,#7660);
#7660 = SURFACE_SIDE_STYLE('',(#7661));
#7661 = SURFACE_STYLE_FILL_AREA(#7662);
#7662 = FILL_AREA_STYLE('',(#7663));
#7663 = FILL_AREA_STYLE_COLOUR('',#7613);
#7664 = STYLED_ITEM('color',(#7665),#430);
#7665 = PRESENTATION_STYLE_ASSIGNMENT((#7666));
#7666 = SURFACE_STYLE_USAGE(.BOTH.,#7667);
#7667 = SURFACE_SIDE_STYLE('',(#7668));
#7668 = SURFACE_STYLE_FILL_AREA(#7669);
#7669 = FILL_AREA_STYLE('',(#7670));
#7670 = FILL_AREA_STYLE_COLOUR('',#7628);
#7671 = STYLED_ITEM('color',(#7672),#452);
#7672 = PRESENTATION_STYLE_ASSIGNMENT((#7673));
#7673 = SURFACE_STYLE_USAGE(.BOTH.,#7674);
#7674 = SURFACE_SIDE_STYLE('',(#7675));
#7675 = SURFACE_STYLE_FILL_AREA(#7676);
#7676 = FILL_AREA_STYLE('',(#7677));
#7677 = FILL_AREA_STYLE_COLOUR('',#7613);
#7678 = STYLED_ITEM('color',(#7679),#515);
#7679 = PRESENTATION_STYLE_ASSIGNMENT((#7680));
#7680 = SURFACE_STYLE_USAGE(.BOTH.,#7681);
#7681 = SURFACE_SIDE_STYLE('',(#7682));
#7682 = SURFACE_STYLE_FILL_AREA(#7683);
#7683 = FILL_AREA_STYLE('',(#7684));
#7684 = FILL_AREA_STYLE_COLOUR('',#7628);
#7685 = STYLED_ITEM('color',(#7686),#543);
#7686 = PRESENTATION_STYLE_ASSIGNMENT((#7687));
#7687 = SURFACE_STYLE_USAGE(.BOTH.,#7688);
#7688 = SURFACE_SIDE_STYLE('',(#7689));
#7689 = SURFACE_STYLE_FILL_AREA(#7690);
#7690 = FILL_AREA_STYLE('',(#7691));
#7691 = FILL_AREA_STYLE_COLOUR('',#7613);
#7692 = STYLED_ITEM('color',(#7693),#717);
#7693 = PRESENTATION_STYLE_ASSIGNMENT((#7694));
#7694 = SURFACE_STYLE_USAGE(.BOTH.,#7695);
#7695 = SURFACE_SIDE_STYLE('',(#7696));
#7696 = SURFACE_STYLE_FILL_AREA(#7697);
#7697 = FILL_AREA_STYLE('',(#7698));
#7698 = FILL_AREA_STYLE_COLOUR('',#7628);
#7699 = STYLED_ITEM('color',(#7700),#783);
#7700 = PRESENTATION_STYLE_ASSIGNMENT((#7701));
#7701 = SURFACE_STYLE_USAGE(.BOTH.,#7702);
#7702 = SURFACE_SIDE_STYLE('',(#7703));
#7703 = SURFACE_STYLE_FILL_AREA(#7704);
#7704 = FILL_AREA_STYLE('',(#7705));
#7705 = FILL_AREA_STYLE_COLOUR('',#7613);
#7706 = STYLED_ITEM('color',(#7707),#852);
#7707 = PRESENTATION_STYLE_ASSIGNMENT((#7708));
#7708 = SURFACE_STYLE_USAGE(.BOTH.,#7709);
#7709 = SURFACE_SIDE_STYLE('',(#7710));
#7710 = SURFACE_STYLE_FILL_AREA(#7711);
#7711 = FILL_AREA_STYLE('',(#7712));
#7712 = FILL_AREA_STYLE_COLOUR('',#7628);
#7713 = STYLED_ITEM('color',(#7714),#884);
#7714 = PRESENTATION_STYLE_ASSIGNMENT((#7715));
#7715 = SURFACE_STYLE_USAGE(.BOTH.,#7716);
#7716 = SURFACE_SIDE_STYLE('',(#7717));
#7717 = SURFACE_STYLE_FILL_AREA(#7718);
#7718 = FILL_AREA_STYLE('',(#7719));
#7719 = FILL_AREA_STYLE_COLOUR('',#7613);
#7720 = STYLED_ITEM('color',(#7721),#1058);
#7721 = PRESENTATION_STYLE_ASSIGNMENT((#7722));
#7722 = SURFACE_STYLE_USAGE(.BOTH.,#7723);
#7723 = SURFACE_SIDE_STYLE('',(#7724));
#7724 = SURFACE_STYLE_FILL_AREA(#7725);
#7725 = FILL_AREA_STYLE('',(#7726));
#7726 = FILL_AREA_STYLE_COLOUR('',#7628);
#7727 = STYLED_ITEM('color',(#7728),#1222);
#7728 = PRESENTATION_STYLE_ASSIGNMENT((#7729));
#7729 = SURFACE_STYLE_USAGE(.BOTH.,#7730);
#7730 = SURFACE_SIDE_STYLE('',(#7731));
#7731 = SURFACE_STYLE_FILL_AREA(#7732);
#7732 = FILL_AREA_STYLE('',(#7733));
#7733 = FILL_AREA_STYLE_COLOUR('',#7613);
#7734 = STYLED_ITEM('color',(#7735),#1254);
#7735 = PRESENTATION_STYLE_ASSIGNMENT((#7736));
#7736 = SURFACE_STYLE_USAGE(.BOTH.,#7737);
#7737 = SURFACE_SIDE_STYLE('',(#7738));
#7738 = SURFACE_STYLE_FILL_AREA(#7739);
#7739 = FILL_AREA_STYLE('',(#7740));
#7740 = FILL_AREA_STYLE_COLOUR('',#7628);
#7741 = STYLED_ITEM('color',(#7742),#1438);
#7742 = PRESENTATION_STYLE_ASSIGNMENT((#7743));
#7743 = SURFACE_STYLE_USAGE(.BOTH.,#7744);
#7744 = SURFACE_SIDE_STYLE('',(#7745));
#7745 = SURFACE_STYLE_FILL_AREA(#7746);
#7746 = FILL_AREA_STYLE('',(#7747));
#7747 = FILL_AREA_STYLE_COLOUR('',#7748);
#7748 = COLOUR_RGB('',0.147999998088,0.144999993226,0.144999993226);
#7749 = STYLED_ITEM('color',(#7750),#1504);
#7750 = PRESENTATION_STYLE_ASSIGNMENT((#7751));
#7751 = SURFACE_STYLE_USAGE(.BOTH.,#7752);
#7752 = SURFACE_SIDE_STYLE('',(#7753));
#7753 = SURFACE_STYLE_FILL_AREA(#7754);
#7754 = FILL_AREA_STYLE('',(#7755));
#7755 = FILL_AREA_STYLE_COLOUR('',#7613);
#7756 = STYLED_ITEM('color',(#7757),#1538);
#7757 = PRESENTATION_STYLE_ASSIGNMENT((#7758));
#7758 = SURFACE_STYLE_USAGE(.BOTH.,#7759);
#7759 = SURFACE_SIDE_STYLE('',(#7760));
#7760 = SURFACE_STYLE_FILL_AREA(#7761);
#7761 = FILL_AREA_STYLE('',(#7762));
#7762 = FILL_AREA_STYLE_COLOUR('',#7628);
#7763 = STYLED_ITEM('color',(#7764),#1556);
#7764 = PRESENTATION_STYLE_ASSIGNMENT((#7765));
#7765 = SURFACE_STYLE_USAGE(.BOTH.,#7766);
#7766 = SURFACE_SIDE_STYLE('',(#7767));
#7767 = SURFACE_STYLE_FILL_AREA(#7768);
#7768 = FILL_AREA_STYLE('',(#7769));
#7769 = FILL_AREA_STYLE_COLOUR('',#7748);
#7770 = STYLED_ITEM('color',(#7771),#1572);
#7771 = PRESENTATION_STYLE_ASSIGNMENT((#7772));
#7772 = SURFACE_STYLE_USAGE(.BOTH.,#7773);
#7773 = SURFACE_SIDE_STYLE('',(#7774));
#7774 = SURFACE_STYLE_FILL_AREA(#7775);
#7775 = FILL_AREA_STYLE('',(#7776));
#7776 = FILL_AREA_STYLE_COLOUR('',#7748);
#7777 = STYLED_ITEM('color',(#7778),#1588);
#7778 = PRESENTATION_STYLE_ASSIGNMENT((#7779));
#7779 = SURFACE_STYLE_USAGE(.BOTH.,#7780);
#7780 = SURFACE_SIDE_STYLE('',(#7781));
#7781 = SURFACE_STYLE_FILL_AREA(#7782);
#7782 = FILL_AREA_STYLE('',(#7783));
#7783 = FILL_AREA_STYLE_COLOUR('',#7613);
#7784 = STYLED_ITEM('color',(#7785),#1620);
#7785 = PRESENTATION_STYLE_ASSIGNMENT((#7786));
#7786 = SURFACE_STYLE_USAGE(.BOTH.,#7787);
#7787 = SURFACE_SIDE_STYLE('',(#7788));
#7788 = SURFACE_STYLE_FILL_AREA(#7789);
#7789 = FILL_AREA_STYLE('',(#7790));
#7790 = FILL_AREA_STYLE_COLOUR('',#7628);
#7791 = STYLED_ITEM('color',(#7792),#1638);
#7792 = PRESENTATION_STYLE_ASSIGNMENT((#7793));
#7793 = SURFACE_STYLE_USAGE(.BOTH.,#7794);
#7794 = SURFACE_SIDE_STYLE('',(#7795));
#7795 = SURFACE_STYLE_FILL_AREA(#7796);
#7796 = FILL_AREA_STYLE('',(#7797));
#7797 = FILL_AREA_STYLE_COLOUR('',#7613);
#7798 = STYLED_ITEM('color',(#7799),#1781);
#7799 = PRESENTATION_STYLE_ASSIGNMENT((#7800));
#7800 = SURFACE_STYLE_USAGE(.BOTH.,#7801);
#7801 = SURFACE_SIDE_STYLE('',(#7802));
#7802 = SURFACE_STYLE_FILL_AREA(#7803);
#7803 = FILL_AREA_STYLE('',(#7804));
#7804 = FILL_AREA_STYLE_COLOUR('',#7628);
#7805 = STYLED_ITEM('color',(#7806),#1833);
#7806 = PRESENTATION_STYLE_ASSIGNMENT((#7807));
#7807 = SURFACE_STYLE_USAGE(.BOTH.,#7808);
#7808 = SURFACE_SIDE_STYLE('',(#7809));
#7809 = SURFACE_STYLE_FILL_AREA(#7810);
#7810 = FILL_AREA_STYLE('',(#7811));
#7811 = FILL_AREA_STYLE_COLOUR('',#7413);
#7812 = STYLED_ITEM('color',(#7813),#1857);
#7813 = PRESENTATION_STYLE_ASSIGNMENT((#7814));
#7814 = SURFACE_STYLE_USAGE(.BOTH.,#7815);
#7815 = SURFACE_SIDE_STYLE('',(#7816));
#7816 = SURFACE_STYLE_FILL_AREA(#7817);
#7817 = FILL_AREA_STYLE('',(#7818));
#7818 = FILL_AREA_STYLE_COLOUR('',#7413);
#7819 = STYLED_ITEM('color',(#7820),#1881);
#7820 = PRESENTATION_STYLE_ASSIGNMENT((#7821));
#7821 = SURFACE_STYLE_USAGE(.BOTH.,#7822);
#7822 = SURFACE_SIDE_STYLE('',(#7823));
#7823 = SURFACE_STYLE_FILL_AREA(#7824);
#7824 = FILL_AREA_STYLE('',(#7825));
#7825 = FILL_AREA_STYLE_COLOUR('',#7413);
#7826 = STYLED_ITEM('color',(#7827),#1905);
#7827 = PRESENTATION_STYLE_ASSIGNMENT((#7828));
#7828 = SURFACE_STYLE_USAGE(.BOTH.,#7829);
#7829 = SURFACE_SIDE_STYLE('',(#7830));
#7830 = SURFACE_STYLE_FILL_AREA(#7831);
#7831 = FILL_AREA_STYLE('',(#7832));
#7832 = FILL_AREA_STYLE_COLOUR('',#7413);
#7833 = STYLED_ITEM('color',(#7834),#1967);
#7834 = PRESENTATION_STYLE_ASSIGNMENT((#7835));
#7835 = SURFACE_STYLE_USAGE(.BOTH.,#7836);
#7836 = SURFACE_SIDE_STYLE('',(#7837));
#7837 = SURFACE_STYLE_FILL_AREA(#7838);
#7838 = FILL_AREA_STYLE('',(#7839));
#7839 = FILL_AREA_STYLE_COLOUR('',#7413);
#7840 = STYLED_ITEM('color',(#7841),#1984);
#7841 = PRESENTATION_STYLE_ASSIGNMENT((#7842));
#7842 = SURFACE_STYLE_USAGE(.BOTH.,#7843);
#7843 = SURFACE_SIDE_STYLE('',(#7844));
#7844 = SURFACE_STYLE_FILL_AREA(#7845);
#7845 = FILL_AREA_STYLE('',(#7846));
#7846 = FILL_AREA_STYLE_COLOUR('',#7413);
#7847 = STYLED_ITEM('color',(#7848),#2008);
#7848 = PRESENTATION_STYLE_ASSIGNMENT((#7849));
#7849 = SURFACE_STYLE_USAGE(.BOTH.,#7850);
#7850 = SURFACE_SIDE_STYLE('',(#7851));
#7851 = SURFACE_STYLE_FILL_AREA(#7852);
#7852 = FILL_AREA_STYLE('',(#7853));
#7853 = FILL_AREA_STYLE_COLOUR('',#7413);
#7854 = STYLED_ITEM('color',(#7855),#2024);
#7855 = PRESENTATION_STYLE_ASSIGNMENT((#7856));
#7856 = SURFACE_STYLE_USAGE(.BOTH.,#7857);
#7857 = SURFACE_SIDE_STYLE('',(#7858));
#7858 = SURFACE_STYLE_FILL_AREA(#7859);
#7859 = FILL_AREA_STYLE('',(#7860));
#7860 = FILL_AREA_STYLE_COLOUR('',#7413);
#7861 = STYLED_ITEM('color',(#7862),#2048);
#7862 = PRESENTATION_STYLE_ASSIGNMENT((#7863));
#7863 = SURFACE_STYLE_USAGE(.BOTH.,#7864);
#7864 = SURFACE_SIDE_STYLE('',(#7865));
#7865 = SURFACE_STYLE_FILL_AREA(#7866);
#7866 = FILL_AREA_STYLE('',(#7867));
#7867 = FILL_AREA_STYLE_COLOUR('',#7413);
#7868 = STYLED_ITEM('color',(#7869),#2060);
#7869 = PRESENTATION_STYLE_ASSIGNMENT((#7870));
#7870 = SURFACE_STYLE_USAGE(.BOTH.,#7871);
#7871 = SURFACE_SIDE_STYLE('',(#7872));
#7872 = SURFACE_STYLE_FILL_AREA(#7873);
#7873 = FILL_AREA_STYLE('',(#7874));
#7874 = FILL_AREA_STYLE_COLOUR('',#7413);
#7875 = STYLED_ITEM('color',(#7876),#2076);
#7876 = PRESENTATION_STYLE_ASSIGNMENT((#7877));
#7877 = SURFACE_STYLE_USAGE(.BOTH.,#7878);
#7878 = SURFACE_SIDE_STYLE('',(#7879));
#7879 = SURFACE_STYLE_FILL_AREA(#7880);
#7880 = FILL_AREA_STYLE('',(#7881));
#7881 = FILL_AREA_STYLE_COLOUR('',#7413);
#7882 = STYLED_ITEM('color',(#7883),#2088);
#7883 = PRESENTATION_STYLE_ASSIGNMENT((#7884));
#7884 = SURFACE_STYLE_USAGE(.BOTH.,#7885);
#7885 = SURFACE_SIDE_STYLE('',(#7886));
#7886 = SURFACE_STYLE_FILL_AREA(#7887);
#7887 = FILL_AREA_STYLE('',(#7888));
#7888 = FILL_AREA_STYLE_COLOUR('',#7413);
#7889 = STYLED_ITEM('color',(#7890),#2100);
#7890 = PRESENTATION_STYLE_ASSIGNMENT((#7891));
#7891 = SURFACE_STYLE_USAGE(.BOTH.,#7892);
#7892 = SURFACE_SIDE_STYLE('',(#7893));
#7893 = SURFACE_STYLE_FILL_AREA(#7894);
#7894 = FILL_AREA_STYLE('',(#7895));
#7895 = FILL_AREA_STYLE_COLOUR('',#7413);
#7896 = STYLED_ITEM('color',(#7897),#2114);
#7897 = PRESENTATION_STYLE_ASSIGNMENT((#7898));
#7898 = SURFACE_STYLE_USAGE(.BOTH.,#7899);
#7899 = SURFACE_SIDE_STYLE('',(#7900));
#7900 = SURFACE_STYLE_FILL_AREA(#7901);
#7901 = FILL_AREA_STYLE('',(#7902));
#7902 = FILL_AREA_STYLE_COLOUR('',#7628);
#7903 = STYLED_ITEM('color',(#7904),#2147);
#7904 = PRESENTATION_STYLE_ASSIGNMENT((#7905));
#7905 = SURFACE_STYLE_USAGE(.BOTH.,#7906);
#7906 = SURFACE_SIDE_STYLE('',(#7907));
#7907 = SURFACE_STYLE_FILL_AREA(#7908);
#7908 = FILL_AREA_STYLE('',(#7909));
#7909 = FILL_AREA_STYLE_COLOUR('',#7628);
#7910 = STYLED_ITEM('color',(#7911),#2179);
#7911 = PRESENTATION_STYLE_ASSIGNMENT((#7912));
#7912 = SURFACE_STYLE_USAGE(.BOTH.,#7913);
#7913 = SURFACE_SIDE_STYLE('',(#7914));
#7914 = SURFACE_STYLE_FILL_AREA(#7915);
#7915 = FILL_AREA_STYLE('',(#7916));
#7916 = FILL_AREA_STYLE_COLOUR('',#7613);
#7917 = STYLED_ITEM('color',(#7918),#2196);
#7918 = PRESENTATION_STYLE_ASSIGNMENT((#7919));
#7919 = SURFACE_STYLE_USAGE(.BOTH.,#7920);
#7920 = SURFACE_SIDE_STYLE('',(#7921));
#7921 = SURFACE_STYLE_FILL_AREA(#7922);
#7922 = FILL_AREA_STYLE('',(#7923));
#7923 = FILL_AREA_STYLE_COLOUR('',#7613);
#7924 = STYLED_ITEM('color',(#7925),#2223);
#7925 = PRESENTATION_STYLE_ASSIGNMENT((#7926));
#7926 = SURFACE_STYLE_USAGE(.BOTH.,#7927);
#7927 = SURFACE_SIDE_STYLE('',(#7928));
#7928 = SURFACE_STYLE_FILL_AREA(#7929);
#7929 = FILL_AREA_STYLE('',(#7930));
#7930 = FILL_AREA_STYLE_COLOUR('',#7413);
#7931 = MECHANICAL_DESIGN_GEOMETRIC_PRESENTATION_REPRESENTATION('',(
    #7932,#7939,#7946,#7953,#7960,#7967,#7974,#7981,#7988,#7995,#8002,
    #8009,#8016,#8023,#8030,#8037,#8044,#8052,#8059,#8066,#8073,#8080,
    #8087,#8094,#8101,#8108,#8115,#8122,#8129,#8136,#8143,#8150),#4086);
#7932 = STYLED_ITEM('color',(#7933),#3160);
#7933 = PRESENTATION_STYLE_ASSIGNMENT((#7934));
#7934 = SURFACE_STYLE_USAGE(.BOTH.,#7935);
#7935 = SURFACE_SIDE_STYLE('',(#7936));
#7936 = SURFACE_STYLE_FILL_AREA(#7937);
#7937 = FILL_AREA_STYLE('',(#7938));
#7938 = FILL_AREA_STYLE_COLOUR('',#7613);
#7939 = STYLED_ITEM('color',(#7940),#3264);
#7940 = PRESENTATION_STYLE_ASSIGNMENT((#7941));
#7941 = SURFACE_STYLE_USAGE(.BOTH.,#7942);
#7942 = SURFACE_SIDE_STYLE('',(#7943));
#7943 = SURFACE_STYLE_FILL_AREA(#7944);
#7944 = FILL_AREA_STYLE('',(#7945));
#7945 = FILL_AREA_STYLE_COLOUR('',#7613);
#7946 = STYLED_ITEM('color',(#7947),#3338);
#7947 = PRESENTATION_STYLE_ASSIGNMENT((#7948));
#7948 = SURFACE_STYLE_USAGE(.BOTH.,#7949);
#7949 = SURFACE_SIDE_STYLE('',(#7950));
#7950 = SURFACE_STYLE_FILL_AREA(#7951);
#7951 = FILL_AREA_STYLE('',(#7952));
#7952 = FILL_AREA_STYLE_COLOUR('',#7613);
#7953 = STYLED_ITEM('color',(#7954),#3362);
#7954 = PRESENTATION_STYLE_ASSIGNMENT((#7955));
#7955 = SURFACE_STYLE_USAGE(.BOTH.,#7956);
#7956 = SURFACE_SIDE_STYLE('',(#7957));
#7957 = SURFACE_STYLE_FILL_AREA(#7958);
#7958 = FILL_AREA_STYLE('',(#7959));
#7959 = FILL_AREA_STYLE_COLOUR('',#7613);
#7960 = STYLED_ITEM('color',(#7961),#3386);
#7961 = PRESENTATION_STYLE_ASSIGNMENT((#7962));
#7962 = SURFACE_STYLE_USAGE(.BOTH.,#7963);
#7963 = SURFACE_SIDE_STYLE('',(#7964));
#7964 = SURFACE_STYLE_FILL_AREA(#7965);
#7965 = FILL_AREA_STYLE('',(#7966));
#7966 = FILL_AREA_STYLE_COLOUR('',#7613);
#7967 = STYLED_ITEM('color',(#7968),#3433);
#7968 = PRESENTATION_STYLE_ASSIGNMENT((#7969));
#7969 = SURFACE_STYLE_USAGE(.BOTH.,#7970);
#7970 = SURFACE_SIDE_STYLE('',(#7971));
#7971 = SURFACE_STYLE_FILL_AREA(#7972);
#7972 = FILL_AREA_STYLE('',(#7973));
#7973 = FILL_AREA_STYLE_COLOUR('',#7613);
#7974 = STYLED_ITEM('color',(#7975),#3457);
#7975 = PRESENTATION_STYLE_ASSIGNMENT((#7976));
#7976 = SURFACE_STYLE_USAGE(.BOTH.,#7977);
#7977 = SURFACE_SIDE_STYLE('',(#7978));
#7978 = SURFACE_STYLE_FILL_AREA(#7979);
#7979 = FILL_AREA_STYLE('',(#7980));
#7980 = FILL_AREA_STYLE_COLOUR('',#7613);
#7981 = STYLED_ITEM('color',(#7982),#3497);
#7982 = PRESENTATION_STYLE_ASSIGNMENT((#7983));
#7983 = SURFACE_STYLE_USAGE(.BOTH.,#7984);
#7984 = SURFACE_SIDE_STYLE('',(#7985));
#7985 = SURFACE_STYLE_FILL_AREA(#7986);
#7986 = FILL_AREA_STYLE('',(#7987));
#7987 = FILL_AREA_STYLE_COLOUR('',#7613);
#7988 = STYLED_ITEM('color',(#7989),#3554);
#7989 = PRESENTATION_STYLE_ASSIGNMENT((#7990));
#7990 = SURFACE_STYLE_USAGE(.BOTH.,#7991);
#7991 = SURFACE_SIDE_STYLE('',(#7992));
#7992 = SURFACE_STYLE_FILL_AREA(#7993);
#7993 = FILL_AREA_STYLE('',(#7994));
#7994 = FILL_AREA_STYLE_COLOUR('',#7613);
#7995 = STYLED_ITEM('color',(#7996),#3594);
#7996 = PRESENTATION_STYLE_ASSIGNMENT((#7997));
#7997 = SURFACE_STYLE_USAGE(.BOTH.,#7998);
#7998 = SURFACE_SIDE_STYLE('',(#7999));
#7999 = SURFACE_STYLE_FILL_AREA(#8000);
#8000 = FILL_AREA_STYLE('',(#8001));
#8001 = FILL_AREA_STYLE_COLOUR('',#7613);
#8002 = STYLED_ITEM('color',(#8003),#3618);
#8003 = PRESENTATION_STYLE_ASSIGNMENT((#8004));
#8004 = SURFACE_STYLE_USAGE(.BOTH.,#8005);
#8005 = SURFACE_SIDE_STYLE('',(#8006));
#8006 = SURFACE_STYLE_FILL_AREA(#8007);
#8007 = FILL_AREA_STYLE('',(#8008));
#8008 = FILL_AREA_STYLE_COLOUR('',#7613);
#8009 = STYLED_ITEM('color',(#8010),#3665);
#8010 = PRESENTATION_STYLE_ASSIGNMENT((#8011));
#8011 = SURFACE_STYLE_USAGE(.BOTH.,#8012);
#8012 = SURFACE_SIDE_STYLE('',(#8013));
#8013 = SURFACE_STYLE_FILL_AREA(#8014);
#8014 = FILL_AREA_STYLE('',(#8015));
#8015 = FILL_AREA_STYLE_COLOUR('',#7613);
#8016 = STYLED_ITEM('color',(#8017),#3689);
#8017 = PRESENTATION_STYLE_ASSIGNMENT((#8018));
#8018 = SURFACE_STYLE_USAGE(.BOTH.,#8019);
#8019 = SURFACE_SIDE_STYLE('',(#8020));
#8020 = SURFACE_STYLE_FILL_AREA(#8021);
#8021 = FILL_AREA_STYLE('',(#8022));
#8022 = FILL_AREA_STYLE_COLOUR('',#7613);
#8023 = STYLED_ITEM('color',(#8024),#3706);
#8024 = PRESENTATION_STYLE_ASSIGNMENT((#8025));
#8025 = SURFACE_STYLE_USAGE(.BOTH.,#8026);
#8026 = SURFACE_SIDE_STYLE('',(#8027));
#8027 = SURFACE_STYLE_FILL_AREA(#8028);
#8028 = FILL_AREA_STYLE('',(#8029));
#8029 = FILL_AREA_STYLE_COLOUR('',#7613);
#8030 = STYLED_ITEM('color',(#8031),#3732);
#8031 = PRESENTATION_STYLE_ASSIGNMENT((#8032));
#8032 = SURFACE_STYLE_USAGE(.BOTH.,#8033);
#8033 = SURFACE_SIDE_STYLE('',(#8034));
#8034 = SURFACE_STYLE_FILL_AREA(#8035);
#8035 = FILL_AREA_STYLE('',(#8036));
#8036 = FILL_AREA_STYLE_COLOUR('',#7613);
#8037 = STYLED_ITEM('color',(#8038),#3744);
#8038 = PRESENTATION_STYLE_ASSIGNMENT((#8039));
#8039 = SURFACE_STYLE_USAGE(.BOTH.,#8040);
#8040 = SURFACE_SIDE_STYLE('',(#8041));
#8041 = SURFACE_STYLE_FILL_AREA(#8042);
#8042 = FILL_AREA_STYLE('',(#8043));
#8043 = FILL_AREA_STYLE_COLOUR('',#7613);
#8044 = STYLED_ITEM('color',(#8045),#3756);
#8045 = PRESENTATION_STYLE_ASSIGNMENT((#8046));
#8046 = SURFACE_STYLE_USAGE(.BOTH.,#8047);
#8047 = SURFACE_SIDE_STYLE('',(#8048));
#8048 = SURFACE_STYLE_FILL_AREA(#8049);
#8049 = FILL_AREA_STYLE('',(#8050));
#8050 = FILL_AREA_STYLE_COLOUR('',#8051);
#8051 = COLOUR_RGB('',0.713999977018,0.428400015816,0.18143999559);
#8052 = STYLED_ITEM('color',(#8053),#3849);
#8053 = PRESENTATION_STYLE_ASSIGNMENT((#8054));
#8054 = SURFACE_STYLE_USAGE(.BOTH.,#8055);
#8055 = SURFACE_SIDE_STYLE('',(#8056));
#8056 = SURFACE_STYLE_FILL_AREA(#8057);
#8057 = FILL_AREA_STYLE('',(#8058));
#8058 = FILL_AREA_STYLE_COLOUR('',#7613);
#8059 = STYLED_ITEM('color',(#8060),#3866);
#8060 = PRESENTATION_STYLE_ASSIGNMENT((#8061));
#8061 = SURFACE_STYLE_USAGE(.BOTH.,#8062);
#8062 = SURFACE_SIDE_STYLE('',(#8063));
#8063 = SURFACE_STYLE_FILL_AREA(#8064);
#8064 = FILL_AREA_STYLE('',(#8065));
#8065 = FILL_AREA_STYLE_COLOUR('',#7613);
#8066 = STYLED_ITEM('color',(#8067),#3878);
#8067 = PRESENTATION_STYLE_ASSIGNMENT((#8068));
#8068 = SURFACE_STYLE_USAGE(.BOTH.,#8069);
#8069 = SURFACE_SIDE_STYLE('',(#8070));
#8070 = SURFACE_STYLE_FILL_AREA(#8071);
#8071 = FILL_AREA_STYLE('',(#8072));
#8072 = FILL_AREA_STYLE_COLOUR('',#7413);
#8073 = STYLED_ITEM('color',(#8074),#3903);
#8074 = PRESENTATION_STYLE_ASSIGNMENT((#8075));
#8075 = SURFACE_STYLE_USAGE(.BOTH.,#8076);
#8076 = SURFACE_SIDE_STYLE('',(#8077));
#8077 = SURFACE_STYLE_FILL_AREA(#8078);
#8078 = FILL_AREA_STYLE('',(#8079));
#8079 = FILL_AREA_STYLE_COLOUR('',#7413);
#8080 = STYLED_ITEM('color',(#8081),#3928);
#8081 = PRESENTATION_STYLE_ASSIGNMENT((#8082));
#8082 = SURFACE_STYLE_USAGE(.BOTH.,#8083);
#8083 = SURFACE_SIDE_STYLE('',(#8084));
#8084 = SURFACE_STYLE_FILL_AREA(#8085);
#8085 = FILL_AREA_STYLE('',(#8086));
#8086 = FILL_AREA_STYLE_COLOUR('',#7413);
#8087 = STYLED_ITEM('color',(#8088),#3953);
#8088 = PRESENTATION_STYLE_ASSIGNMENT((#8089));
#8089 = SURFACE_STYLE_USAGE(.BOTH.,#8090);
#8090 = SURFACE_SIDE_STYLE('',(#8091));
#8091 = SURFACE_STYLE_FILL_AREA(#8092);
#8092 = FILL_AREA_STYLE('',(#8093));
#8093 = FILL_AREA_STYLE_COLOUR('',#7613);
#8094 = STYLED_ITEM('color',(#8095),#3970);
#8095 = PRESENTATION_STYLE_ASSIGNMENT((#8096));
#8096 = SURFACE_STYLE_USAGE(.BOTH.,#8097);
#8097 = SURFACE_SIDE_STYLE('',(#8098));
#8098 = SURFACE_STYLE_FILL_AREA(#8099);
#8099 = FILL_AREA_STYLE('',(#8100));
#8100 = FILL_AREA_STYLE_COLOUR('',#7613);
#8101 = STYLED_ITEM('color',(#8102),#3982);
#8102 = PRESENTATION_STYLE_ASSIGNMENT((#8103));
#8103 = SURFACE_STYLE_USAGE(.BOTH.,#8104);
#8104 = SURFACE_SIDE_STYLE('',(#8105));
#8105 = SURFACE_STYLE_FILL_AREA(#8106);
#8106 = FILL_AREA_STYLE('',(#8107));
#8107 = FILL_AREA_STYLE_COLOUR('',#8051);
#8108 = STYLED_ITEM('color',(#8109),#3997);
#8109 = PRESENTATION_STYLE_ASSIGNMENT((#8110));
#8110 = SURFACE_STYLE_USAGE(.BOTH.,#8111);
#8111 = SURFACE_SIDE_STYLE('',(#8112));
#8112 = SURFACE_STYLE_FILL_AREA(#8113);
#8113 = FILL_AREA_STYLE('',(#8114));
#8114 = FILL_AREA_STYLE_COLOUR('',#8051);
#8115 = STYLED_ITEM('color',(#8116),#4014);
#8116 = PRESENTATION_STYLE_ASSIGNMENT((#8117));
#8117 = SURFACE_STYLE_USAGE(.BOTH.,#8118);
#8118 = SURFACE_SIDE_STYLE('',(#8119));
#8119 = SURFACE_STYLE_FILL_AREA(#8120);
#8120 = FILL_AREA_STYLE('',(#8121));
#8121 = FILL_AREA_STYLE_COLOUR('',#8051);
#8122 = STYLED_ITEM('color',(#8123),#4032);
#8123 = PRESENTATION_STYLE_ASSIGNMENT((#8124));
#8124 = SURFACE_STYLE_USAGE(.BOTH.,#8125);
#8125 = SURFACE_SIDE_STYLE('',(#8126));
#8126 = SURFACE_STYLE_FILL_AREA(#8127);
#8127 = FILL_AREA_STYLE('',(#8128));
#8128 = FILL_AREA_STYLE_COLOUR('',#8051);
#8129 = STYLED_ITEM('color',(#8130),#4049);
#8130 = PRESENTATION_STYLE_ASSIGNMENT((#8131));
#8131 = SURFACE_STYLE_USAGE(.BOTH.,#8132);
#8132 = SURFACE_SIDE_STYLE('',(#8133));
#8133 = SURFACE_STYLE_FILL_AREA(#8134);
#8134 = FILL_AREA_STYLE('',(#8135));
#8135 = FILL_AREA_STYLE_COLOUR('',#8051);
#8136 = STYLED_ITEM('color',(#8137),#4059);
#8137 = PRESENTATION_STYLE_ASSIGNMENT((#8138));
#8138 = SURFACE_STYLE_USAGE(.BOTH.,#8139);
#8139 = SURFACE_SIDE_STYLE('',(#8140));
#8140 = SURFACE_STYLE_FILL_AREA(#8141);
#8141 = FILL_AREA_STYLE('',(#8142));
#8142 = FILL_AREA_STYLE_COLOUR('',#7413);
#8143 = STYLED_ITEM('color',(#8144),#4068);
#8144 = PRESENTATION_STYLE_ASSIGNMENT((#8145));
#8145 = SURFACE_STYLE_USAGE(.BOTH.,#8146);
#8146 = SURFACE_SIDE_STYLE('',(#8147));
#8147 = SURFACE_STYLE_FILL_AREA(#8148);
#8148 = FILL_AREA_STYLE('',(#8149));
#8149 = FILL_AREA_STYLE_COLOUR('',#7413);
#8150 = STYLED_ITEM('color',(#8151),#4077);
#8151 = PRESENTATION_STYLE_ASSIGNMENT((#8152));
#8152 = SURFACE_STYLE_USAGE(.BOTH.,#8153);
#8153 = SURFACE_SIDE_STYLE('',(#8154));
#8154 = SURFACE_STYLE_FILL_AREA(#8155);
#8155 = FILL_AREA_STYLE('',(#8156));
#8156 = FILL_AREA_STYLE_COLOUR('',#7413);
#8157 = MECHANICAL_DESIGN_GEOMETRIC_PRESENTATION_REPRESENTATION('',(
    #8158,#8165,#8172,#8179,#8186,#8193,#8200,#8207,#8214,#8221,#8228,
    #8235,#8242,#8249,#8256,#8263,#8270,#8277,#8284,#8291,#8298,#8305,
    #8312,#8319,#8326,#8333,#8340,#8347,#8354,#8361,#8368,#8375,#8382,
    #8389,#8396,#8403,#8410,#8417,#8424,#8431,#8438,#8445,#8452,#8459,
    #8466,#8473,#8480,#8487,#8494,#8501,#8508,#8515,#8522,#8529,#8536,
    #8543,#8550,#8557,#8564,#8571,#8578,#8585,#8592,#8599),#5918);
#8158 = STYLED_ITEM('color',(#8159),#4145);
#8159 = PRESENTATION_STYLE_ASSIGNMENT((#8160));
#8160 = SURFACE_STYLE_USAGE(.BOTH.,#8161);
#8161 = SURFACE_SIDE_STYLE('',(#8162));
#8162 = SURFACE_STYLE_FILL_AREA(#8163);
#8163 = FILL_AREA_STYLE('',(#8164));
#8164 = FILL_AREA_STYLE_COLOUR('',#7748);
#8165 = STYLED_ITEM('color',(#8166),#4233);
#8166 = PRESENTATION_STYLE_ASSIGNMENT((#8167));
#8167 = SURFACE_STYLE_USAGE(.BOTH.,#8168);
#8168 = SURFACE_SIDE_STYLE('',(#8169));
#8169 = SURFACE_STYLE_FILL_AREA(#8170);
#8170 = FILL_AREA_STYLE('',(#8171));
#8171 = FILL_AREA_STYLE_COLOUR('',#7748);
#8172 = STYLED_ITEM('color',(#8173),#4282);
#8173 = PRESENTATION_STYLE_ASSIGNMENT((#8174));
#8174 = SURFACE_STYLE_USAGE(.BOTH.,#8175);
#8175 = SURFACE_SIDE_STYLE('',(#8176));
#8176 = SURFACE_STYLE_FILL_AREA(#8177);
#8177 = FILL_AREA_STYLE('',(#8178));
#8178 = FILL_AREA_STYLE_COLOUR('',#7748);
#8179 = STYLED_ITEM('color',(#8180),#4362);
#8180 = PRESENTATION_STYLE_ASSIGNMENT((#8181));
#8181 = SURFACE_STYLE_USAGE(.BOTH.,#8182);
#8182 = SURFACE_SIDE_STYLE('',(#8183));
#8183 = SURFACE_STYLE_FILL_AREA(#8184);
#8184 = FILL_AREA_STYLE('',(#8185));
#8185 = FILL_AREA_STYLE_COLOUR('',#7748);
#8186 = STYLED_ITEM('color',(#8187),#4396);
#8187 = PRESENTATION_STYLE_ASSIGNMENT((#8188));
#8188 = SURFACE_STYLE_USAGE(.BOTH.,#8189);
#8189 = SURFACE_SIDE_STYLE('',(#8190));
#8190 = SURFACE_STYLE_FILL_AREA(#8191);
#8191 = FILL_AREA_STYLE('',(#8192));
#8192 = FILL_AREA_STYLE_COLOUR('',#7748);
#8193 = STYLED_ITEM('color',(#8194),#4438);
#8194 = PRESENTATION_STYLE_ASSIGNMENT((#8195));
#8195 = SURFACE_STYLE_USAGE(.BOTH.,#8196);
#8196 = SURFACE_SIDE_STYLE('',(#8197));
#8197 = SURFACE_STYLE_FILL_AREA(#8198);
#8198 = FILL_AREA_STYLE('',(#8199));
#8199 = FILL_AREA_STYLE_COLOUR('',#7748);
#8200 = STYLED_ITEM('color',(#8201),#4515);
#8201 = PRESENTATION_STYLE_ASSIGNMENT((#8202));
#8202 = SURFACE_STYLE_USAGE(.BOTH.,#8203);
#8203 = SURFACE_SIDE_STYLE('',(#8204));
#8204 = SURFACE_STYLE_FILL_AREA(#8205);
#8205 = FILL_AREA_STYLE('',(#8206));
#8206 = FILL_AREA_STYLE_COLOUR('',#7748);
#8207 = STYLED_ITEM('color',(#8208),#4549);
#8208 = PRESENTATION_STYLE_ASSIGNMENT((#8209));
#8209 = SURFACE_STYLE_USAGE(.BOTH.,#8210);
#8210 = SURFACE_SIDE_STYLE('',(#8211));
#8211 = SURFACE_STYLE_FILL_AREA(#8212);
#8212 = FILL_AREA_STYLE('',(#8213));
#8213 = FILL_AREA_STYLE_COLOUR('',#7748);
#8214 = STYLED_ITEM('color',(#8215),#4582);
#8215 = PRESENTATION_STYLE_ASSIGNMENT((#8216));
#8216 = SURFACE_STYLE_USAGE(.BOTH.,#8217);
#8217 = SURFACE_SIDE_STYLE('',(#8218));
#8218 = SURFACE_STYLE_FILL_AREA(#8219);
#8219 = FILL_AREA_STYLE('',(#8220));
#8220 = FILL_AREA_STYLE_COLOUR('',#7748);
#8221 = STYLED_ITEM('color',(#8222),#4615);
#8222 = PRESENTATION_STYLE_ASSIGNMENT((#8223));
#8223 = SURFACE_STYLE_USAGE(.BOTH.,#8224);
#8224 = SURFACE_SIDE_STYLE('',(#8225));
#8225 = SURFACE_STYLE_FILL_AREA(#8226);
#8226 = FILL_AREA_STYLE('',(#8227));
#8227 = FILL_AREA_STYLE_COLOUR('',#7748);
#8228 = STYLED_ITEM('color',(#8229),#4680);
#8229 = PRESENTATION_STYLE_ASSIGNMENT((#8230));
#8230 = SURFACE_STYLE_USAGE(.BOTH.,#8231);
#8231 = SURFACE_SIDE_STYLE('',(#8232));
#8232 = SURFACE_STYLE_FILL_AREA(#8233);
#8233 = FILL_AREA_STYLE('',(#8234));
#8234 = FILL_AREA_STYLE_COLOUR('',#7748);
#8235 = STYLED_ITEM('color',(#8236),#4704);
#8236 = PRESENTATION_STYLE_ASSIGNMENT((#8237));
#8237 = SURFACE_STYLE_USAGE(.BOTH.,#8238);
#8238 = SURFACE_SIDE_STYLE('',(#8239));
#8239 = SURFACE_STYLE_FILL_AREA(#8240);
#8240 = FILL_AREA_STYLE('',(#8241));
#8241 = FILL_AREA_STYLE_COLOUR('',#7748);
#8242 = STYLED_ITEM('color',(#8243),#4731);
#8243 = PRESENTATION_STYLE_ASSIGNMENT((#8244));
#8244 = SURFACE_STYLE_USAGE(.BOTH.,#8245);
#8245 = SURFACE_SIDE_STYLE('',(#8246));
#8246 = SURFACE_STYLE_FILL_AREA(#8247);
#8247 = FILL_AREA_STYLE('',(#8248));
#8248 = FILL_AREA_STYLE_COLOUR('',#7413);
#8249 = STYLED_ITEM('color',(#8250),#4756);
#8250 = PRESENTATION_STYLE_ASSIGNMENT((#8251));
#8251 = SURFACE_STYLE_USAGE(.BOTH.,#8252);
#8252 = SURFACE_SIDE_STYLE('',(#8253));
#8253 = SURFACE_STYLE_FILL_AREA(#8254);
#8254 = FILL_AREA_STYLE('',(#8255));
#8255 = FILL_AREA_STYLE_COLOUR('',#7413);
#8256 = STYLED_ITEM('color',(#8257),#4768);
#8257 = PRESENTATION_STYLE_ASSIGNMENT((#8258));
#8258 = SURFACE_STYLE_USAGE(.BOTH.,#8259);
#8259 = SURFACE_SIDE_STYLE('',(#8260));
#8260 = SURFACE_STYLE_FILL_AREA(#8261);
#8261 = FILL_AREA_STYLE('',(#8262));
#8262 = FILL_AREA_STYLE_COLOUR('',#7413);
#8263 = STYLED_ITEM('color',(#8264),#4793);
#8264 = PRESENTATION_STYLE_ASSIGNMENT((#8265));
#8265 = SURFACE_STYLE_USAGE(.BOTH.,#8266);
#8266 = SURFACE_SIDE_STYLE('',(#8267));
#8267 = SURFACE_STYLE_FILL_AREA(#8268);
#8268 = FILL_AREA_STYLE('',(#8269));
#8269 = FILL_AREA_STYLE_COLOUR('',#7748);
#8270 = STYLED_ITEM('color',(#8271),#4864);
#8271 = PRESENTATION_STYLE_ASSIGNMENT((#8272));
#8272 = SURFACE_STYLE_USAGE(.BOTH.,#8273);
#8273 = SURFACE_SIDE_STYLE('',(#8274));
#8274 = SURFACE_STYLE_FILL_AREA(#8275);
#8275 = FILL_AREA_STYLE('',(#8276));
#8276 = FILL_AREA_STYLE_COLOUR('',#7748);
#8277 = STYLED_ITEM('color',(#8278),#4898);
#8278 = PRESENTATION_STYLE_ASSIGNMENT((#8279));
#8279 = SURFACE_STYLE_USAGE(.BOTH.,#8280);
#8280 = SURFACE_SIDE_STYLE('',(#8281));
#8281 = SURFACE_STYLE_FILL_AREA(#8282);
#8282 = FILL_AREA_STYLE('',(#8283));
#8283 = FILL_AREA_STYLE_COLOUR('',#7748);
#8284 = STYLED_ITEM('color',(#8285),#4915);
#8285 = PRESENTATION_STYLE_ASSIGNMENT((#8286));
#8286 = SURFACE_STYLE_USAGE(.BOTH.,#8287);
#8287 = SURFACE_SIDE_STYLE('',(#8288));
#8288 = SURFACE_STYLE_FILL_AREA(#8289);
#8289 = FILL_AREA_STYLE('',(#8290));
#8290 = FILL_AREA_STYLE_COLOUR('',#7748);
#8291 = STYLED_ITEM('color',(#8292),#4931);
#8292 = PRESENTATION_STYLE_ASSIGNMENT((#8293));
#8293 = SURFACE_STYLE_USAGE(.BOTH.,#8294);
#8294 = SURFACE_SIDE_STYLE('',(#8295));
#8295 = SURFACE_STYLE_FILL_AREA(#8296);
#8296 = FILL_AREA_STYLE('',(#8297));
#8297 = FILL_AREA_STYLE_COLOUR('',#7748);
#8298 = STYLED_ITEM('color',(#8299),#4948);
#8299 = PRESENTATION_STYLE_ASSIGNMENT((#8300));
#8300 = SURFACE_STYLE_USAGE(.BOTH.,#8301);
#8301 = SURFACE_SIDE_STYLE('',(#8302));
#8302 = SURFACE_STYLE_FILL_AREA(#8303);
#8303 = FILL_AREA_STYLE('',(#8304));
#8304 = FILL_AREA_STYLE_COLOUR('',#7748);
#8305 = STYLED_ITEM('color',(#8306),#4959);
#8306 = PRESENTATION_STYLE_ASSIGNMENT((#8307));
#8307 = SURFACE_STYLE_USAGE(.BOTH.,#8308);
#8308 = SURFACE_SIDE_STYLE('',(#8309));
#8309 = SURFACE_STYLE_FILL_AREA(#8310);
#8310 = FILL_AREA_STYLE('',(#8311));
#8311 = FILL_AREA_STYLE_COLOUR('',#7748);
#8312 = STYLED_ITEM('color',(#8313),#4975);
#8313 = PRESENTATION_STYLE_ASSIGNMENT((#8314));
#8314 = SURFACE_STYLE_USAGE(.BOTH.,#8315);
#8315 = SURFACE_SIDE_STYLE('',(#8316));
#8316 = SURFACE_STYLE_FILL_AREA(#8317);
#8317 = FILL_AREA_STYLE('',(#8318));
#8318 = FILL_AREA_STYLE_COLOUR('',#7748);
#8319 = STYLED_ITEM('color',(#8320),#4992);
#8320 = PRESENTATION_STYLE_ASSIGNMENT((#8321));
#8321 = SURFACE_STYLE_USAGE(.BOTH.,#8322);
#8322 = SURFACE_SIDE_STYLE('',(#8323));
#8323 = SURFACE_STYLE_FILL_AREA(#8324);
#8324 = FILL_AREA_STYLE('',(#8325));
#8325 = FILL_AREA_STYLE_COLOUR('',#7748);
#8326 = STYLED_ITEM('color',(#8327),#5003);
#8327 = PRESENTATION_STYLE_ASSIGNMENT((#8328));
#8328 = SURFACE_STYLE_USAGE(.BOTH.,#8329);
#8329 = SURFACE_SIDE_STYLE('',(#8330));
#8330 = SURFACE_STYLE_FILL_AREA(#8331);
#8331 = FILL_AREA_STYLE('',(#8332));
#8332 = FILL_AREA_STYLE_COLOUR('',#7748);
#8333 = STYLED_ITEM('color',(#8334),#5052);
#8334 = PRESENTATION_STYLE_ASSIGNMENT((#8335));
#8335 = SURFACE_STYLE_USAGE(.BOTH.,#8336);
#8336 = SURFACE_SIDE_STYLE('',(#8337));
#8337 = SURFACE_STYLE_FILL_AREA(#8338);
#8338 = FILL_AREA_STYLE('',(#8339));
#8339 = FILL_AREA_STYLE_COLOUR('',#7748);
#8340 = STYLED_ITEM('color',(#8341),#5095);
#8341 = PRESENTATION_STYLE_ASSIGNMENT((#8342));
#8342 = SURFACE_STYLE_USAGE(.BOTH.,#8343);
#8343 = SURFACE_SIDE_STYLE('',(#8344));
#8344 = SURFACE_STYLE_FILL_AREA(#8345);
#8345 = FILL_AREA_STYLE('',(#8346));
#8346 = FILL_AREA_STYLE_COLOUR('',#7748);
#8347 = STYLED_ITEM('color',(#8348),#5153);
#8348 = PRESENTATION_STYLE_ASSIGNMENT((#8349));
#8349 = SURFACE_STYLE_USAGE(.BOTH.,#8350);
#8350 = SURFACE_SIDE_STYLE('',(#8351));
#8351 = SURFACE_STYLE_FILL_AREA(#8352);
#8352 = FILL_AREA_STYLE('',(#8353));
#8353 = FILL_AREA_STYLE_COLOUR('',#7748);
#8354 = STYLED_ITEM('color',(#8355),#5186);
#8355 = PRESENTATION_STYLE_ASSIGNMENT((#8356));
#8356 = SURFACE_STYLE_USAGE(.BOTH.,#8357);
#8357 = SURFACE_SIDE_STYLE('',(#8358));
#8358 = SURFACE_STYLE_FILL_AREA(#8359);
#8359 = FILL_AREA_STYLE('',(#8360));
#8360 = FILL_AREA_STYLE_COLOUR('',#7748);
#8361 = STYLED_ITEM('color',(#8362),#5219);
#8362 = PRESENTATION_STYLE_ASSIGNMENT((#8363));
#8363 = SURFACE_STYLE_USAGE(.BOTH.,#8364);
#8364 = SURFACE_SIDE_STYLE('',(#8365));
#8365 = SURFACE_STYLE_FILL_AREA(#8366);
#8366 = FILL_AREA_STYLE('',(#8367));
#8367 = FILL_AREA_STYLE_COLOUR('',#7413);
#8368 = STYLED_ITEM('color',(#8369),#5252);
#8369 = PRESENTATION_STYLE_ASSIGNMENT((#8370));
#8370 = SURFACE_STYLE_USAGE(.BOTH.,#8371);
#8371 = SURFACE_SIDE_STYLE('',(#8372));
#8372 = SURFACE_STYLE_FILL_AREA(#8373);
#8373 = FILL_AREA_STYLE('',(#8374));
#8374 = FILL_AREA_STYLE_COLOUR('',#7413);
#8375 = STYLED_ITEM('color',(#8376),#5285);
#8376 = PRESENTATION_STYLE_ASSIGNMENT((#8377));
#8377 = SURFACE_STYLE_USAGE(.BOTH.,#8378);
#8378 = SURFACE_SIDE_STYLE('',(#8379));
#8379 = SURFACE_STYLE_FILL_AREA(#8380);
#8380 = FILL_AREA_STYLE('',(#8381));
#8381 = FILL_AREA_STYLE_COLOUR('',#7413);
#8382 = STYLED_ITEM('color',(#8383),#5309);
#8383 = PRESENTATION_STYLE_ASSIGNMENT((#8384));
#8384 = SURFACE_STYLE_USAGE(.BOTH.,#8385);
#8385 = SURFACE_SIDE_STYLE('',(#8386));
#8386 = SURFACE_STYLE_FILL_AREA(#8387);
#8387 = FILL_AREA_STYLE('',(#8388));
#8388 = FILL_AREA_STYLE_COLOUR('',#7413);
#8389 = STYLED_ITEM('color',(#8390),#5333);
#8390 = PRESENTATION_STYLE_ASSIGNMENT((#8391));
#8391 = SURFACE_STYLE_USAGE(.BOTH.,#8392);
#8392 = SURFACE_SIDE_STYLE('',(#8393));
#8393 = SURFACE_STYLE_FILL_AREA(#8394);
#8394 = FILL_AREA_STYLE('',(#8395));
#8395 = FILL_AREA_STYLE_COLOUR('',#7413);
#8396 = STYLED_ITEM('color',(#8397),#5350);
#8397 = PRESENTATION_STYLE_ASSIGNMENT((#8398));
#8398 = SURFACE_STYLE_USAGE(.BOTH.,#8399);
#8399 = SURFACE_SIDE_STYLE('',(#8400));
#8400 = SURFACE_STYLE_FILL_AREA(#8401);
#8401 = FILL_AREA_STYLE('',(#8402));
#8402 = FILL_AREA_STYLE_COLOUR('',#7413);
#8403 = STYLED_ITEM('color',(#8404),#5370);
#8404 = PRESENTATION_STYLE_ASSIGNMENT((#8405));
#8405 = SURFACE_STYLE_USAGE(.BOTH.,#8406);
#8406 = SURFACE_SIDE_STYLE('',(#8407));
#8407 = SURFACE_STYLE_FILL_AREA(#8408);
#8408 = FILL_AREA_STYLE('',(#8409));
#8409 = FILL_AREA_STYLE_COLOUR('',#7413);
#8410 = STYLED_ITEM('color',(#8411),#5382);
#8411 = PRESENTATION_STYLE_ASSIGNMENT((#8412));
#8412 = SURFACE_STYLE_USAGE(.BOTH.,#8413);
#8413 = SURFACE_SIDE_STYLE('',(#8414));
#8414 = SURFACE_STYLE_FILL_AREA(#8415);
#8415 = FILL_AREA_STYLE('',(#8416));
#8416 = FILL_AREA_STYLE_COLOUR('',#7748);
#8417 = STYLED_ITEM('color',(#8418),#5398);
#8418 = PRESENTATION_STYLE_ASSIGNMENT((#8419));
#8419 = SURFACE_STYLE_USAGE(.BOTH.,#8420);
#8420 = SURFACE_SIDE_STYLE('',(#8421));
#8421 = SURFACE_STYLE_FILL_AREA(#8422);
#8422 = FILL_AREA_STYLE('',(#8423));
#8423 = FILL_AREA_STYLE_COLOUR('',#7748);
#8424 = STYLED_ITEM('color',(#8425),#5415);
#8425 = PRESENTATION_STYLE_ASSIGNMENT((#8426));
#8426 = SURFACE_STYLE_USAGE(.BOTH.,#8427);
#8427 = SURFACE_SIDE_STYLE('',(#8428));
#8428 = SURFACE_STYLE_FILL_AREA(#8429);
#8429 = FILL_AREA_STYLE('',(#8430));
#8430 = FILL_AREA_STYLE_COLOUR('',#7748);
#8431 = STYLED_ITEM('color',(#8432),#5426);
#8432 = PRESENTATION_STYLE_ASSIGNMENT((#8433));
#8433 = SURFACE_STYLE_USAGE(.BOTH.,#8434);
#8434 = SURFACE_SIDE_STYLE('',(#8435));
#8435 = SURFACE_STYLE_FILL_AREA(#8436);
#8436 = FILL_AREA_STYLE('',(#8437));
#8437 = FILL_AREA_STYLE_COLOUR('',#7748);
#8438 = STYLED_ITEM('color',(#8439),#5442);
#8439 = PRESENTATION_STYLE_ASSIGNMENT((#8440));
#8440 = SURFACE_STYLE_USAGE(.BOTH.,#8441);
#8441 = SURFACE_SIDE_STYLE('',(#8442));
#8442 = SURFACE_STYLE_FILL_AREA(#8443);
#8443 = FILL_AREA_STYLE('',(#8444));
#8444 = FILL_AREA_STYLE_COLOUR('',#7748);
#8445 = STYLED_ITEM('color',(#8446),#5459);
#8446 = PRESENTATION_STYLE_ASSIGNMENT((#8447));
#8447 = SURFACE_STYLE_USAGE(.BOTH.,#8448);
#8448 = SURFACE_SIDE_STYLE('',(#8449));
#8449 = SURFACE_STYLE_FILL_AREA(#8450);
#8450 = FILL_AREA_STYLE('',(#8451));
#8451 = FILL_AREA_STYLE_COLOUR('',#7748);
#8452 = STYLED_ITEM('color',(#8453),#5470);
#8453 = PRESENTATION_STYLE_ASSIGNMENT((#8454));
#8454 = SURFACE_STYLE_USAGE(.BOTH.,#8455);
#8455 = SURFACE_SIDE_STYLE('',(#8456));
#8456 = SURFACE_STYLE_FILL_AREA(#8457);
#8457 = FILL_AREA_STYLE('',(#8458));
#8458 = FILL_AREA_STYLE_COLOUR('',#7413);
#8459 = STYLED_ITEM('color',(#8460),#5479);
#8460 = PRESENTATION_STYLE_ASSIGNMENT((#8461));
#8461 = SURFACE_STYLE_USAGE(.BOTH.,#8462);
#8462 = SURFACE_SIDE_STYLE('',(#8463));
#8463 = SURFACE_STYLE_FILL_AREA(#8464);
#8464 = FILL_AREA_STYLE('',(#8465));
#8465 = FILL_AREA_STYLE_COLOUR('',#7413);
#8466 = STYLED_ITEM('color',(#8467),#5488);
#8467 = PRESENTATION_STYLE_ASSIGNMENT((#8468));
#8468 = SURFACE_STYLE_USAGE(.BOTH.,#8469);
#8469 = SURFACE_SIDE_STYLE('',(#8470));
#8470 = SURFACE_STYLE_FILL_AREA(#8471);
#8471 = FILL_AREA_STYLE('',(#8472));
#8472 = FILL_AREA_STYLE_COLOUR('',#7748);
#8473 = STYLED_ITEM('color',(#8474),#5499);
#8474 = PRESENTATION_STYLE_ASSIGNMENT((#8475));
#8475 = SURFACE_STYLE_USAGE(.BOTH.,#8476);
#8476 = SURFACE_SIDE_STYLE('',(#8477));
#8477 = SURFACE_STYLE_FILL_AREA(#8478);
#8478 = FILL_AREA_STYLE('',(#8479));
#8479 = FILL_AREA_STYLE_COLOUR('',#7413);
#8480 = STYLED_ITEM('color',(#8481),#5532);
#8481 = PRESENTATION_STYLE_ASSIGNMENT((#8482));
#8482 = SURFACE_STYLE_USAGE(.BOTH.,#8483);
#8483 = SURFACE_SIDE_STYLE('',(#8484));
#8484 = SURFACE_STYLE_FILL_AREA(#8485);
#8485 = FILL_AREA_STYLE('',(#8486));
#8486 = FILL_AREA_STYLE_COLOUR('',#7413);
#8487 = STYLED_ITEM('color',(#8488),#5541);
#8488 = PRESENTATION_STYLE_ASSIGNMENT((#8489));
#8489 = SURFACE_STYLE_USAGE(.BOTH.,#8490);
#8490 = SURFACE_SIDE_STYLE('',(#8491));
#8491 = SURFACE_STYLE_FILL_AREA(#8492);
#8492 = FILL_AREA_STYLE('',(#8493));
#8493 = FILL_AREA_STYLE_COLOUR('',#7413);
#8494 = STYLED_ITEM('color',(#8495),#5552);
#8495 = PRESENTATION_STYLE_ASSIGNMENT((#8496));
#8496 = SURFACE_STYLE_USAGE(.BOTH.,#8497);
#8497 = SURFACE_SIDE_STYLE('',(#8498));
#8498 = SURFACE_STYLE_FILL_AREA(#8499);
#8499 = FILL_AREA_STYLE('',(#8500));
#8500 = FILL_AREA_STYLE_COLOUR('',#7413);
#8501 = STYLED_ITEM('color',(#8502),#5585);
#8502 = PRESENTATION_STYLE_ASSIGNMENT((#8503));
#8503 = SURFACE_STYLE_USAGE(.BOTH.,#8504);
#8504 = SURFACE_SIDE_STYLE('',(#8505));
#8505 = SURFACE_STYLE_FILL_AREA(#8506);
#8506 = FILL_AREA_STYLE('',(#8507));
#8507 = FILL_AREA_STYLE_COLOUR('',#7413);
#8508 = STYLED_ITEM('color',(#8509),#5605);
#8509 = PRESENTATION_STYLE_ASSIGNMENT((#8510));
#8510 = SURFACE_STYLE_USAGE(.BOTH.,#8511);
#8511 = SURFACE_SIDE_STYLE('',(#8512));
#8512 = SURFACE_STYLE_FILL_AREA(#8513);
#8513 = FILL_AREA_STYLE('',(#8514));
#8514 = FILL_AREA_STYLE_COLOUR('',#7413);
#8515 = STYLED_ITEM('color',(#8516),#5625);
#8516 = PRESENTATION_STYLE_ASSIGNMENT((#8517));
#8517 = SURFACE_STYLE_USAGE(.BOTH.,#8518);
#8518 = SURFACE_SIDE_STYLE('',(#8519));
#8519 = SURFACE_STYLE_FILL_AREA(#8520);
#8520 = FILL_AREA_STYLE('',(#8521));
#8521 = FILL_AREA_STYLE_COLOUR('',#7413);
#8522 = STYLED_ITEM('color',(#8523),#5644);
#8523 = PRESENTATION_STYLE_ASSIGNMENT((#8524));
#8524 = SURFACE_STYLE_USAGE(.BOTH.,#8525);
#8525 = SURFACE_SIDE_STYLE('',(#8526));
#8526 = SURFACE_STYLE_FILL_AREA(#8527);
#8527 = FILL_AREA_STYLE('',(#8528));
#8528 = FILL_AREA_STYLE_COLOUR('',#7413);
#8529 = STYLED_ITEM('color',(#8530),#5677);
#8530 = PRESENTATION_STYLE_ASSIGNMENT((#8531));
#8531 = SURFACE_STYLE_USAGE(.BOTH.,#8532);
#8532 = SURFACE_SIDE_STYLE('',(#8533));
#8533 = SURFACE_STYLE_FILL_AREA(#8534);
#8534 = FILL_AREA_STYLE('',(#8535));
#8535 = FILL_AREA_STYLE_COLOUR('',#7413);
#8536 = STYLED_ITEM('color',(#8537),#5697);
#8537 = PRESENTATION_STYLE_ASSIGNMENT((#8538));
#8538 = SURFACE_STYLE_USAGE(.BOTH.,#8539);
#8539 = SURFACE_SIDE_STYLE('',(#8540));
#8540 = SURFACE_STYLE_FILL_AREA(#8541);
#8541 = FILL_AREA_STYLE('',(#8542));
#8542 = FILL_AREA_STYLE_COLOUR('',#7413);
#8543 = STYLED_ITEM('color',(#8544),#5717);
#8544 = PRESENTATION_STYLE_ASSIGNMENT((#8545));
#8545 = SURFACE_STYLE_USAGE(.BOTH.,#8546);
#8546 = SURFACE_SIDE_STYLE('',(#8547));
#8547 = SURFACE_STYLE_FILL_AREA(#8548);
#8548 = FILL_AREA_STYLE('',(#8549));
#8549 = FILL_AREA_STYLE_COLOUR('',#7413);
#8550 = STYLED_ITEM('color',(#8551),#5736);
#8551 = PRESENTATION_STYLE_ASSIGNMENT((#8552));
#8552 = SURFACE_STYLE_USAGE(.BOTH.,#8553);
#8553 = SURFACE_SIDE_STYLE('',(#8554));
#8554 = SURFACE_STYLE_FILL_AREA(#8555);
#8555 = FILL_AREA_STYLE('',(#8556));
#8556 = FILL_AREA_STYLE_COLOUR('',#7413);
#8557 = STYLED_ITEM('color',(#8558),#5769);
#8558 = PRESENTATION_STYLE_ASSIGNMENT((#8559));
#8559 = SURFACE_STYLE_USAGE(.BOTH.,#8560);
#8560 = SURFACE_SIDE_STYLE('',(#8561));
#8561 = SURFACE_STYLE_FILL_AREA(#8562);
#8562 = FILL_AREA_STYLE('',(#8563));
#8563 = FILL_AREA_STYLE_COLOUR('',#7413);
#8564 = STYLED_ITEM('color',(#8565),#5789);
#8565 = PRESENTATION_STYLE_ASSIGNMENT((#8566));
#8566 = SURFACE_STYLE_USAGE(.BOTH.,#8567);
#8567 = SURFACE_SIDE_STYLE('',(#8568));
#8568 = SURFACE_STYLE_FILL_AREA(#8569);
#8569 = FILL_AREA_STYLE('',(#8570));
#8570 = FILL_AREA_STYLE_COLOUR('',#7413);
#8571 = STYLED_ITEM('color',(#8572),#5809);
#8572 = PRESENTATION_STYLE_ASSIGNMENT((#8573));
#8573 = SURFACE_STYLE_USAGE(.BOTH.,#8574);
#8574 = SURFACE_SIDE_STYLE('',(#8575));
#8575 = SURFACE_STYLE_FILL_AREA(#8576);
#8576 = FILL_AREA_STYLE('',(#8577));
#8577 = FILL_AREA_STYLE_COLOUR('',#7413);
#8578 = STYLED_ITEM('color',(#8579),#5828);
#8579 = PRESENTATION_STYLE_ASSIGNMENT((#8580));
#8580 = SURFACE_STYLE_USAGE(.BOTH.,#8581);
#8581 = SURFACE_SIDE_STYLE('',(#8582));
#8582 = SURFACE_STYLE_FILL_AREA(#8583);
#8583 = FILL_AREA_STYLE('',(#8584));
#8584 = FILL_AREA_STYLE_COLOUR('',#7413);
#8585 = STYLED_ITEM('color',(#8586),#5861);
#8586 = PRESENTATION_STYLE_ASSIGNMENT((#8587));
#8587 = SURFACE_STYLE_USAGE(.BOTH.,#8588);
#8588 = SURFACE_SIDE_STYLE('',(#8589));
#8589 = SURFACE_STYLE_FILL_AREA(#8590);
#8590 = FILL_AREA_STYLE('',(#8591));
#8591 = FILL_AREA_STYLE_COLOUR('',#7413);
#8592 = STYLED_ITEM('color',(#8593),#5881);
#8593 = PRESENTATION_STYLE_ASSIGNMENT((#8594));
#8594 = SURFACE_STYLE_USAGE(.BOTH.,#8595);
#8595 = SURFACE_SIDE_STYLE('',(#8596));
#8596 = SURFACE_STYLE_FILL_AREA(#8597);
#8597 = FILL_AREA_STYLE('',(#8598));
#8598 = FILL_AREA_STYLE_COLOUR('',#7413);
#8599 = STYLED_ITEM('color',(#8600),#5901);
#8600 = PRESENTATION_STYLE_ASSIGNMENT((#8601));
#8601 = SURFACE_STYLE_USAGE(.BOTH.,#8602);
#8602 = SURFACE_SIDE_STYLE('',(#8603));
#8603 = SURFACE_STYLE_FILL_AREA(#8604);
#8604 = FILL_AREA_STYLE('',(#8605));
#8605 = FILL_AREA_STYLE_COLOUR('',#7413);
ENDSEC;
END-ISO-10303-21;
